Date,Open,High,Low,Close,Adj Close,Volume,Daily_Return,Return_5D,Return_20D,SMA_20,SMA_50,EMA_20,RSI_14,MACD,MACD_Signal,MACD_Histogram,Volatility_20,Volume_Change,Price_vs_SMA20,Price_vs_SMA50,Target_Next_Day_Close
2024-11-06,1583.0,1610.75,1566.5,1598.800048828125,1565.838623046875,6631728,0.012924495754259357,-0.0211528008536066,-0.04725578208182957,1663.3824951171875,1651.2169946289061,1644.4586711202967,18.84321106474377,-19.570166563861903,-7.182668936779651,-12.387497627082253,0.009291714630912632,0.02447755217681058,0.9611740255301217,0.9682555678803674,1575.800048828125
2024-11-07,1595.949951171875,1608.550048828125,1569.6500244140625,1575.800048828125,1543.312744140625,5160994,-0.014385788902657515,-0.022820245141353945,-0.060961759279027916,1658.2674987792968,1651.60599609375,1637.9197547115184,13.431187946439138,-22.373434475959357,-10.220822044615593,-12.152612431343764,0.009648054538460616,-0.22177236460843996,0.9502689101656525,0.95410167591731,1569.9000244140625
2024-11-08,1571.0,1579.5,1558.8499755859375,1569.9000244140625,1537.534423828125,3096384,-0.0037441453428371796,-0.028797629474432762,-0.06963375506694158,1652.3924987792968,1651.68599609375,1631.4416851593796,14.168855705992812,-24.78541630364225,-13.133740896420925,-11.651675407221326,0.009431507564775801,-0.40004115486280356,0.950076949377236,0.9504833413414463,1560.550048828125
2024-11-11,1561.0,1581.5999755859375,1551.800048828125,1560.550048828125,1528.377197265625,3664301,-0.0059557777186654,-0.019292977955616686,-0.07964728043307745,1645.6400024414063,1651.11599609375,1624.6901007468791,13.457273346800363,-27.138557767473003,-15.93470427063134,-11.203853496841663,0.009231287171829196,0.18341297461813522,0.9482937012426501,0.9451486464428374,1555.6500244140625
2024-11-12,1568.800048828125,1595.0,1550.0999755859375,1555.6500244140625,1523.5782470703125,4479934,-0.003139934164714586,-0.01441332973144449,-0.09410393104436598,1637.5600036621095,1650.8019970703126,1618.114855381849,13.5740255729241,-29.063800944331206,-18.560523605371316,-10.50327733895989,0.008343983966602353,0.22258897399531308,0.9499804715156269,0.9423601541401593,1550.449951171875
2024-11-13,1559.9000244140625,1572.5,1546.3499755859375,1550.449951171875,1518.4853515625,5816699,-0.003342701224940403,-0.030241491230682205,-0.10582773734385076,1628.3850036621093,1650.5989965820313,1611.670578790423,13.739376770538243,-30.655791601425108,-20.979577204582075,-9.676214396843033,0.007618955779012142,0.2983894405587224,0.952139664566448,0.939325635349628,1550.5
2024-11-14,1550.0,1568.0,1536.550048828125,1550.5,1518.5343017578125,5139154,3.228019587941944e-05,-0.016055367460446446,-0.08855775343268257,1620.8525024414062,1650.37099609375,1605.8448093818113,14.80806481847911,-31.549731479224647,-23.09360805951059,-8.456123419714057,0.007024225663476747,-0.11648273359168149,0.9565953704390512,0.9394857299782087,1537.0
2024-11-18,1568.949951171875,1568.949951171875,1529.449951171875,1537.0,1505.3126220703125,4816078,-0.008706868752015429,-0.02095676406294844,-0.10003804668341632,1612.3100036621095,1650.1669970703124,1599.2881608692578,13.889704861389717,-32.96749370280827,-25.068385188170126,-7.899108514638144,0.006779874153220233,-0.06286560005790831,0.9532906181248925,0.9314208820857357,1525.5
2024-11-19,1537.0,1558.0,1519.300048828125,1525.5,1494.0496826171875,6238241,-0.007482108002602517,-0.022460060703881513,-0.09869725798878792,1603.957501220703,1649.8919970703125,1592.2607169769474,15.168562870373123,-34.6199570551571,-26.97869956156752,-7.641257493589581,0.006745137518198037,0.2952948436466354,0.9510850498464003,0.9246059758510293,1525.1500244140625
2024-11-21,1538.0,1542.050048828125,1511.0,1525.1500244140625,1493.7069091796875,7356679,-0.00022941696882172735,-0.01960595218804939,-0.09874426094604083,1595.6025024414062,1649.5419970703124,1585.8692224471488,15.497475294004076,-35.54801093003289,-28.692561835260598,-6.85544909477229,0.006743119851184167,0.1792873984830019,0.955845846368663,0.9245899935393112,1569.300048828125
2024-11-22,1533.0,1575.0,1520.199951171875,1569.300048828125,1536.94677734375,7640321,0.02894798787484798,0.012157824018764751,-0.06910665359215307,1589.7775024414063,1649.3709985351563,1584.2912059120035,37.985596792844326,-32.34807385959698,-29.423664240127877,-2.9244096194691025,0.010187732772579032,0.038555712434918066,0.9871192958877363,0.9514536451907156,1578.75
2024-11-25,1581.949951171875,1609.25,1562.550048828125,1578.75,1546.201904296875,12155641,0.006021761854230423,0.01821992905514347,-0.05940001434196207,1584.7925048828124,1649.3899975585937,1583.7634720156223,39.85469826039996,-28.718519379195868,-29.282635267941476,0.5641158887456079,0.010405126286948285,0.5909856405247895,0.9961871949392774,0.9571720468396473,1577.25
2024-11-26,1590.0,1604.8499755859375,1566.0,1577.25,1544.73291015625,4030593,-0.0009501187648456311,0.02618737800910864,-0.05327130852340933,1580.3550048828124,1647.9999975585938,1583.143141347468,45.68168057810537,-25.667232884531813,-28.559554791259544,2.89232190672773,0.010361216696997817,-0.6684178975012507,0.9980352484895996,0.9570691761751181,1577.6500244140625
2024-11-27,1569.1500244140625,1583.75,1554.1500244140625,1577.6500244140625,1545.1246337890625,4982785,0.00025362143861951125,0.03418552895054905,-0.05152250123530744,1576.0700073242188,1646.8639990234376,1582.6199873538103,49.74941554765591,-22.952208949590386,-27.438085622925716,4.48587667333533,0.010379638161671645,0.2362411684831487,1.0010025043827375,0.9579722583950965,1560.4000244140625
2024-11-28,1571.0,1588.5,1556.949951171875,1560.4000244140625,1528.230224609375,6714728,-0.010933983921057933,0.02311248036962299,-0.046851110082280156,1572.235009765625,1645.3630004882812,1580.5038004071678,36.894200540108606,-21.939558186322074,-26.33838013560499,4.398821949282915,0.010108464199555727,0.3475853363129253,0.9924725087038186,0.9483621692909073,1627.1500244140625
2024-11-29,1551.1500244140625,1648.9000244140625,1551.1500244140625,1627.1500244140625,1593.6041259765625,10775801,0.042777492281227625,0.03686355304018307,-0.0037958497961533277,1571.9250122070312,1644.6710009765625,1584.946297931634,63.49538571306662,-15.57136105628183,-24.18497631974036,8.61361526345853,0.014283231076186105,0.6048008199289681,1.035132090766527,0.9893468197882151,1643.5999755859375
2024-12-02,1627.1500244140625,1646.199951171875,1617.199951171875,1643.5999755859375,1609.71484375,3790108,0.010109670850909191,0.041076785802652394,0.01922361433047648,1573.4750122070313,1644.445,1590.532362470139,68.35157700458493,-9.092334595316743,-21.166447974855636,12.074113379538893,0.014133420317496996,-0.6482759843096583,1.044566938041517,0.9994861339758627,1620.550048828125
2024-12-03,1652.9000244140625,1652.9000244140625,1613.1500244140625,1620.550048828125,1587.1402587890625,9131055,-0.014024049099657154,0.02745287609961955,0.002536482897770753,1573.6800170898437,1643.5590014648437,1593.3911897423284,63.98601398601398,-5.7512985100522656,-18.083418081894962,12.332119571842696,0.014522497935085171,1.4091806882547937,1.0297837115736888,0.9860005313978922,1584.0999755859375
2024-12-04,1629.75,1630.5,1582.4000244140625,1584.0999755859375,1551.4415283203125,8772014,-0.022492408221853943,0.0040883282553558775,-0.004493338202081643,1573.3225158691407,1641.0060009765625,1592.5063122036245,55.78133418533648,-5.975833932540354,-15.661901252024041,9.686067319483687,0.014992550655487396,-0.03932086708490967,1.0068501274265709,0.9653224757516059,1615.3499755859375
2024-12-05,1600.0,1622.050048828125,1585.3499755859375,1615.3499755859375,1582.04736328125,10324005,0.01972729024785269,0.035215297559681114,0.023409750760484016,1575.1700134277344,1638.3040014648439,1594.681899192416,61.925768143548595,-3.590773834118636,-13.24767576844296,9.656901934324324,0.01549655177549071,0.17692527622504928,1.0255083335866504,0.9859891535036338,1597.8499755859375
2024-12-06,1618.0,1624.6500244140625,1594.800048828125,1597.8499755859375,1564.908203125,4296866,-0.010833565644901344,-0.018006974396030828,-0.00059424143931186,1575.122509765625,1635.1280004882813,1594.983620753704,58.17647859837698,-3.077227901348124,-11.213586195023995,8.13635829367587,0.015466744153746347,-0.5837985355489463,1.0144290146826067,0.9772017695916089,1602.550048828125
2024-12-09,1595.9000244140625,1605.9000244140625,1589.050048828125,1602.550048828125,1569.51123046875,4264409,0.00294149845980618,-0.02497561898732592,0.01697550397964087,1576.460009765625,1631.9710009765624,1595.7042329512678,61.67409596226625,-2.2648743574777654,-9.423843827514748,7.158969470036983,0.01509446636842347,-0.007553644912361657,1.0165497626967264,0.981972135454103,1578.6500244140625
2024-12-10,1610.550048828125,1611.8499755859375,1570.050048828125,1578.6500244140625,1546.10400390625,14645786,-0.014913746020936758,-0.02585543374261212,0.005573603327553078,1576.897509765625,1628.122001953125,1594.0800226143913,59.06532832809699,-3.5091591483594584,-8.240906891683691,4.731747743324233,0.015478974877889707,2.4344233866873464,1.0011113687716444,0.9696140845220966,1586.0
2024-12-11,1588.0,1588.0,1571.199951171875,1586.0,1553.3023681640625,3853182,0.0046558613196523435,0.001199434659014953,0.016308321025004124,1578.1700073242187,1625.1500024414063,1593.310496651116,60.13659347600016,-3.8577128933532094,-7.364268092017595,3.506555198664386,0.015431794908200246,-0.7369084868507569,1.0049614380196321,0.9759099145416776,1610.550048828125
2024-12-12,1578.5,1617.9000244140625,1578.5,1610.550048828125,1577.3463134765625,13120939,0.015479223725173297,-0.002971446949798895,0.03529072963229041,1580.9150085449219,1623.1700024414063,1594.952358763212,57.351629445851785,-2.12842531817455,-6.317099537248987,4.1886742190744375,0.01573260995111298,2.4052217102644,1.018745498728916,0.9922251189990576,1681.75
2024-12-13,1618.0,1685.0,1606.800048828125,1681.75,1647.078369140625,12900707,0.04420846854382554,0.052508073784146125,0.08468512558492103,1587.4800109863281,1622.8310034179688,1603.2188007857633,65.04527977028104,4.930453363475635,-4.067588957104063,8.9980423205797,0.018291248921279996,-0.01678477432141101,1.0593834179714177,1.0363063045122611,1662.550048828125
2024-12-16,1681.75,1687.0,1660.1500244140625,1662.550048828125,1628.2742919921875,4375126,-0.011416650020440011,0.03744032833412936,0.07226704213358603,1593.0825134277343,1622.6130053710938,1608.8693958374167,61.84722900390625,8.873106329821667,-1.4794498997189174,10.352556229540584,0.01860596415682159,-0.6608615326276304,1.0436057359332391,1.0246127963505984,1615.300048828125
2024-12-17,1650.5,1658.6500244140625,1608.5,1615.300048828125,1581.9984130859375,6182486,-0.028420197054100704,0.023216054126794505,0.05094342799487639,1596.9975158691407,1622.101005859375,1609.481838979389,54.62701569046916,8.09173066151925,0.4347862125287163,7.656944448990534,0.019780514894125682,0.4130989598928123,1.0114605894981767,0.9958073159398315,1601.9000244140625
2024-12-18,1621.4000244140625,1623.0,1596.0999755859375,1601.9000244140625,1568.874755859375,3905144,-0.0082956874939637,0.010025236074440391,0.050081956351401224,1600.8175170898437,1620.8980053710939,1608.759761401739,55.14888337468983,6.318380476268885,1.6115050652767502,4.706875410992135,0.019803318032184995,-0.3683537657828906,1.0006762215634588,0.988279348303176,1600.300048828125
2024-12-19,1586.4000244140625,1609.75,1585.449951171875,1600.300048828125,1567.3076171875,5865855,-0.000998798652570576,-0.006364285299583328,0.04927385713607668,1604.575018310547,1619.7550073242187,1607.9540744899662,46.0263463776531,4.729365834515875,2.2350772191245754,2.4942886153912993,0.01980991248120566,0.5020841741047193,0.9973357621590525,0.9879889499287718,1578.0999755859375
2024-12-20,1610.0,1622.300048828125,1573.4000244140625,1578.0999755859375,1545.5653076171875,9738879,-0.013872444269713236,-0.061632242850639174,0.005607548896964465,1605.0150146484375,1617.7550073242187,1605.1108269752967,40.46857081141919,1.6595694225461557,2.1199756598088917,-0.460406237262736,0.01911323060347739,0.6602658947416873,0.9832306621328427,0.9754876161354796,1586.9000244140625
2024-12-23,1586.0,1607.449951171875,1578.3499755859375,1586.9000244140625,1554.183837890625,4363599,0.005576356988952869,-0.04550240425386631,0.005162327419833801,1605.4225158691406,1615.9310083007813,1603.3764648266078,44.89145256347485,-0.06245600136935536,1.6834893275732423,-1.7459453289425977,0.0191066566239661,-0.5519403208521227,0.9884625441140954,0.9820345152499759,1583.9000244140625
2024-12-24,1590.0,1598.800048828125,1575.0,1583.9000244140625,1551.2457275390625,3610076,-0.001890478261923123,-0.019439128004015593,0.004216214559557674,1605.7550170898437,1613.8610083007814,1601.5215657396989,49.966213066426185,-1.6502257095498862,1.0167463201486167,-2.6669720296985027,0.019111385161455885,-0.17268383277198474,0.9863895846855957,0.9814352142268655,1599.5
2024-12-26,1583.9000244140625,1606.8499755859375,1581.0999755859375,1599.5,1566.524169921875,3400479,0.009849091069815685,-0.0014982360805820827,0.013849697491718826,1606.8475158691406,1611.9390087890624,1601.3290356692512,47.17217329490389,-1.6309563377697032,0.48720578856495267,-2.118162126334656,0.019228082418098896,-0.05805888851093444,0.995427372045837,0.9922832013362547,1599.8499755859375
2024-12-27,1599.5,1628.449951171875,1596.300048828125,1599.8499755859375,1566.866943359375,2559578,0.0002188031171850291,-0.0002812430347153283,0.02528194729213018,1608.8200134277345,1609.5910083007811,1601.1881728041737,50.380083477318415,-1.5693545742453807,0.07589371600288602,-1.6452482902482668,0.01902867782720578,-0.2472889848753661,0.9944244615513668,0.9939481317523468,1586.9000244140625
2024-12-30,1605.0,1613.050048828125,1581.0999755859375,1586.9000244140625,1554.183837890625,4438130,-0.0080944784632897,0.005576356988952869,-0.024736502102499114,1606.8075134277344,1606.650009765625,1599.8273967670202,47.11626574126849,-2.536251239619787,-0.44653527512164864,-2.0897159644981387,0.016432211137735617,0.7339303588325887,0.9876105327817368,0.9877073505545594,1587.75
2024-12-31,1583.0,1597.199951171875,1563.3499755859375,1587.75,1555.016357421875,2249626,0.00053562012279329,0.00053562012279329,-0.033980272825221425,1604.0150146484375,1604.3820092773437,1598.6771685034946,51.83245635726938,-3.1970838937886583,-0.9966449988550506,-2.200438894933608,0.016225878578580613,-0.49311399170371306,0.9898598114731473,0.9896333858263374,1595.699951171875
2025-01-01,1593.0,1606.550048828125,1584.050048828125,1595.699951171875,1562.802490234375,1405565,0.005007054745315598,0.0074499189190793125,-0.015334359882448578,1602.772509765625,1602.1390087890625,1598.3936239957213,51.94856468012562,-3.044212131705308,-1.4061584254251023,-1.6380537062802056,0.01601579047422065,-0.3752005888978879,0.99558729729225,0.995980961962811,1609.699951171875
2025-01-02,1599.9000244140625,1619.5999755859375,1588.4000244140625,1609.699951171875,1576.5137939453125,3728040,0.008773579262015163,0.0063769622831353345,0.016160580759095433,1604.052508544922,1600.4820068359375,1599.470417060117,49.82167019536383,-1.7729398151818714,-1.4795147033764562,-0.2934251118054152,0.015280761121250966,1.652342652243048,1.0035207342632917,1.0057594801419611,1598.8499755859375
2025-01-03,1615.0,1617.0,1593.300048828125,1598.8499755859375,1565.8875732421875,3669685,-0.006740371445025262,-0.0006250586087822585,-0.010214504750906905,1603.2275085449219,1598.6140063476562,1599.4113273959094,26.71346031854887,-1.6222494166108845,-1.508061646023342,-0.11418777058754248,0.014700590516602028,-0.015652997285436898,0.99726954974534,1.000147608639324,1588.449951171875
2025-01-06,1596.1500244140625,1609.8499755859375,1567.0999755859375,1588.449951171875,1555.701904296875,4584188,-0.00650469060441472,0.000976700947739051,-0.005882920523008095,1602.7575073242188,1596.6670043945312,1598.3673868031444,28.102801702058898,-2.3153315428794485,-1.6695156253945633,-0.6458159174848852,0.014570357079303788,0.24920476825667603,0.9910731622925105,0.9948536211996363,1590.8499755859375
2025-01-07,1594.0,1603.0,1584.050048828125,1590.8499755859375,1558.0523681640625,2830856,0.0015109222750719908,0.0019524330568021497,-0.0073009097286810265,1602.1725036621094,1594.9150048828126,1597.6514428776961,40.16884678626648,-2.6405041211091884,-1.8637133245374884,-0.7767907965717,0.0145576544159666,-0.38247384269580564,0.9929330156083119,0.9974512564717054,1599.199951171875
2025-01-08,1598.75,1613.449951171875,1577.8499755859375,1599.199951171875,1566.230224609375,3674564,0.005248751116749384,0.0021933948155037353,0.013017405023282302,1603.2,1593.57900390625,1597.798919858094,48.86836760274429,-2.199082828010887,-1.9307872252321683,-0.2682956027787189,0.014183266211300383,0.2980398861687066,0.9975049595632952,1.0035272473167924,1607.050048828125
2025-01-09,1600.0,1620.199951171875,1592.4000244140625,1607.050048828125,1573.9185791015625,4684859,0.004908765567743778,-0.0016462088737847491,0.013272414141314526,1604.2525024414062,1592.4530053710937,1598.6799797600015,52.688170997544006,-1.2019605451359894,-1.7850218892129326,0.5830613440769432,0.014187052008884569,0.27494282314854224,1.001743831711318,1.0091663888402345,1615.9000244140625
2025-01-10,1608.0,1625.0,1591.800048828125,1615.9000244140625,1582.5860595703125,4145892,0.00550696948884144,0.01066394539104687,0.0033218313146059497,1604.520001220703,1592.0290063476561,1600.3199840127693,66.84494887623458,0.29893913115279247,-1.3682296851397877,1.6671688162925802,0.013812590545965708,-0.11504444424047766,1.0070924782394122,1.014994084888673,1597.199951171875
2025-01-13,1580.0,1614.699951171875,1578.0999755859375,1597.199951171875,1564.271484375,3705039,-0.011572543449257178,0.005508514759023253,-0.050275040183216935,1600.292498779297,1591.306005859375,1600.0228380279223,54.21782506850835,-0.02029276721327733,-1.0986423015544855,1.0783495343412082,0.009396057029258682,-0.10633489729110168,0.9980675110270273,1.0037038415558024,1600.0999755859375
2025-01-14,1604.699951171875,1633.4000244140625,1578.5,1600.0999755859375,1567.1116943359375,7284572,0.001815692776558686,0.0058145017707236235,-0.03756282301769287,1597.1699951171875,1591.056005859375,1600.030184462019,56.63932425076845,-0.0388309933898654,-0.8866800399215615,0.8478490465316961,0.009201495326466946,0.9661255927400494,1.001834482539559,1.0056842560496024,1607.449951171875
2025-01-15,1608.050048828125,1613.8499755859375,1593.0,1607.449951171875,1574.3101806640625,2960985,0.004593447720818933,0.005158829572221135,-0.004859838679473261,1596.777490234375,1590.876005859375,1600.7368289105766,53.4944840315934,0.533410112539741,-0.602662009429301,1.136072121969042,0.006848652156220039,-0.5935265654591649,1.0066837496161933,1.0104181251407753,1630.199951171875
2025-01-16,1619.050048828125,1635.0,1600.550048828125,1630.199951171875,1596.5911865234375,5299325,0.014152851218425022,0.014405215544239569,0.01766647501498353,1598.1924865722656,1591.6550048828126,1603.5428405545097,61.14578411445468,2.790483228438461,0.07596703814425138,2.71451619029421,0.007281544191788333,0.7897169354116957,1.0200272901221414,1.0242168976133748,1627.5
2025-01-17,1630.0999755859375,1639.0,1623.0,1627.5,1593.9468994140625,2678801,-0.0016562085957211314,0.007178646828812196,0.01699678206708377,1599.5524841308593,1592.6370043945312,1605.8244747874135,66.12389504088239,4.311664257344319,0.9231064819842648,3.388557775360054,0.00729204891996394,-0.4945014695267793,1.0174720843150866,1.021890107732818,1641.1500244140625
2025-01-20,1638.0,1645.0,1618.0999755859375,1641.1500244140625,1607.3155517578125,3933044,0.0083871117751535,0.027516951280859292,0.039953139727231024,1602.7049865722656,1593.48400390625,1609.1888128470944,69.25017888087898,6.5432278172118,2.047130749029772,4.496097068182028,0.006588557193441899,0.46821059123092756,1.023987594824934,1.0299130837780388,1626.1500244140625
2025-01-21,1654.0,1656.699951171875,1620.300048828125,1626.1500244140625,1592.624755859375,7958844,-0.009139932228533154,0.016280263249542237,0.02473375726016047,1604.6674865722657,1594.4910034179688,1610.8041663296626,60.44598550233043,7.020455930301978,3.0417957852842132,3.9786601450177645,0.006976282782217051,1.0235837687043419,1.0133875323215313,1.0198552521953583,1631.75
2025-01-22,1627.5,1641.0,1622.550048828125,1631.75,1598.1092529296875,3262136,0.003443701689181733,0.015117141787468702,0.030210224665940588,1607.0599853515625,1595.7280029296876,1612.7990076315996,58.0269505462276,7.761069103478121,3.9856504489229954,3.775418654555126,0.006952004586853775,-0.5901243949498194,1.0153634679934092,1.0225740207630483,1636.0
2025-01-23,1624.5,1645.4000244140625,1617.199951171875,1636.0,1602.271728515625,2457080,0.0026045656503752568,0.003557875721905024,0.022819631134729512,1608.8849853515626,1597.237001953125,1615.0086259523996,64.20649702876936,8.591907696667704,4.906901898471937,3.6850057981957667,0.006678096323760633,-0.24678799412409536,1.016853295851047,1.0242687829041495,1644.800048828125
2025-01-24,1634.050048828125,1661.9000244140625,1634.050048828125,1644.800048828125,1610.8902587890625,3620058,0.005379002951176659,0.010629830309139887,0.0280964302454203,1611.1324890136718,1599.0200024414062,1617.8459043215164,71.81573122066393,9.846934333499348,5.89490838547742,3.9520259480219284,0.006739625927613981,0.47331710811206795,1.0208968288108102,1.0286300648627418,1602.5999755859375
2025-01-27,1638.949951171875,1647.199951171875,1593.699951171875,1602.5999755859375,1569.5601806640625,6622807,-0.02565665855387944,-0.02348965557971372,0.009893472134561154,1611.9174865722657,1600.0630029296874,1616.3939111086042,53.477356145776135,7.351613926130312,6.186249493607998,1.1653644325223143,0.008854987894247348,0.8294753840960558,0.9942196104552834,1.0015855454764,1618.3499755859375
2025-01-28,1607.6500244140625,1630.300048828125,1597.0,1618.3499755859375,1584.9854736328125,5216471,0.009827780007447995,-0.004796635434012653,0.01927254012655477,1613.4474853515626,1601.4200024414063,1616.5802029635884,55.42954367841314,6.569221995272983,6.2628439939409954,0.30637800133198745,0.009095803173692678,-0.21234742307906607,1.0030385186247985,1.0105718506817207,1600.449951171875
2025-01-29,1620.0,1626.9000244140625,1593.1500244140625,1600.449951171875,1567.4544677734375,5009227,-0.01106066344369161,-0.019181889890071968,0.0029767501067550217,1613.6849853515625,1602.6890014648438,1615.0439885072346,48.22958892985547,4.453451760057533,5.900965547164303,-1.4475137871067707,0.009426325199513126,-0.039728774491413876,0.9917982541203331,0.9986029414996157,1640.75
2025-01-30,1606.699951171875,1644.949951171875,1595.199951171875,1640.75,1606.9237060546875,4283637,0.02518044928466323,0.00290342298288504,0.019289339485610624,1615.2374877929688,1604.9940014648437,1617.4921800779744,55.70345433140446,5.95986414029403,5.9127452657902495,0.04711887450378072,0.010822991528028184,-0.14485069253200145,1.0157948985210163,1.0222779639690383,1626.300048828125
2025-01-31,1639.0999755859375,1639.0999755859375,1574.25,1626.300048828125,1592.7716064453125,8340866,-0.008806918282416532,-0.011247567759485877,0.01716863599546148,1616.6099914550782,1607.017001953125,1618.3310247208458,56.81181749810836,5.919480422890501,5.914092297210301,0.005388125680200417,0.010910405087235816,0.947145848259318,1.005994060054228,1.01199927994014,1623.25
2025-02-01,1627.0,1644.0,1609.199951171875,1623.25,1589.7845458984375,2741589,-0.00187545270648104,0.012885326799354502,0.021908180866794913,1618.3499938964844,1608.0960009765624,1618.7994985569558,55.41520729668809,5.57707355347452,5.8466885484631455,-0.2696149949886255,0.010793343147384523,-0.6713064326893634,1.0030277789860016,1.0094235661392323,1652.3499755859375
2025-02-03,1619.9000244140625,1661.0,1608.0999755859375,1652.3499755859375,1618.2845458984375,4146970,0.017926983265632135,0.021009052746881807,0.038658579340486554,1621.4249938964845,1609.5680004882813,1621.9947820835255,59.53290894699767,7.566615243226352,6.190673887415787,1.3759413558105642,0.011428573318423355,0.5126154941532082,1.0190727180140084,1.0265797872998703,1661.449951171875
2025-02-04,1662.1500244140625,1668.300048828125,1629.050048828125,1661.449951171875,1627.1968994140625,6385876,0.005507293079791253,0.038114281521477666,0.03892571404494105,1624.5374938964844,1611.2519995117189,1625.752417234797,57.04304400361837,9.765067722187041,6.905552654370038,2.8595150678170027,0.01143263412326194,0.5398896061461742,1.0227218253897332,1.0311546248975134,1660.449951171875
2025-02-05,1670.0,1675.199951171875,1649.0999755859375,1660.449951171875,1626.217529296875,3920893,-0.0006018839142850618,0.012006674491467306,0.033228524763550205,1627.2074890136719,1612.907998046875,1629.0569442764236,57.4835178849662,11.296447097758119,7.783731543047654,3.5127155547104643,0.01142456660207503,-0.38600545954854115,1.020429147716345,1.0294759237244593,1619.75
2025-02-06,1665.9000244140625,1667.300048828125,1613.25,1619.75,1586.3565673828125,5229162,-0.024511398939275897,-0.004027577096148316,0.0023825580343892483,1627.3999877929687,1614.0949975585938,1628.17056863105,45.671517379953116,9.120791562368822,8.051143546911888,1.0696480154569343,0.012788254677001903,0.3336660806607066,0.9952992578036434,1.0035035127733867,1676.75
2025-02-07,1635.050048828125,1707.550048828125,1635.0,1676.75,1642.1815185546875,14873255,0.035190615835777095,0.032958570768520046,0.049805942436799366,1631.377490234375,1615.0869970703125,1632.7971811423786,58.74826465613705,11.859286039629524,8.812772045455416,3.0465139941741075,0.01466100097527021,1.8442903470957681,1.027812391697955,1.0381793693104713,1693.050048828125
2025-02-10,1698.8499755859375,1700.0,1678.050048828125,1693.050048828125,1658.1455078125,6782878,0.009721215940435401,0.024631630007895255,0.058090166027376045,1636.0249938964844,1616.0759985351563,1638.5355494934022,60.220076506584626,15.169970382295105,10.084211712823354,5.085758669471751,0.014746905428956205,-0.543954702585278,1.0348558580366338,1.0476302168726839,1696.75
2025-02-11,1706.0,1706.6500244140625,1686.199951171875,1696.75,1661.7691650390625,8965266,0.0021853761348851197,0.021246531563124504,0.05555385955439718,1640.4899963378907,1617.5999975585937,1644.0797828749828,60.14698182423186,17.8860870361882,11.644586777496324,6.241500258691877,0.014742441528151207,0.32174955822587403,1.0342946337909404,1.048930515925362,1711.550048828125
2025-02-12,1704.0,1713.699951171875,1684.5,1711.550048828125,1676.26416015625,7148192,0.008722586608590044,0.030774849684680694,0.04990191393256471,1644.5575012207032,1620.1489990234375,1650.5055224895677,60.930076740166015,20.990899283661975,13.513849278729454,7.47705000493252,0.014571556470861245,-0.202679318159662,1.040735910758788,1.0564152123414454,1714.5999755859375
2025-02-13,1710.0,1728.4000244140625,1703.9000244140625,1714.5999755859375,1679.2510986328125,5356002,0.001781967614619795,0.05855840443644844,0.053517650129608185,1648.9125,1622.1339990234376,1656.6097561177933,71.0368182839534,23.427530964970856,15.496585615977736,7.93094534899312,0.014539712309748308,-0.25071934273729635,1.0398368473681519,1.057002674636107,1717.050048828125
2025-02-14,1714.0,1724.0999755859375,1705.25,1717.050048828125,1681.6507568359375,5125863,0.0014289474379294287,0.024034619846801775,0.0462480719525693,1652.707501220703,1624.5180004882814,1662.365974471158,69.51365435232027,25.265039908792005,17.45027647454059,7.8147634342514145,0.014479851949635759,-0.042968430556971415,1.0389316001530204,1.0569596940828179,1675.550048828125
2025-02-17,1711.75,1716.9000244140625,1666.25,1675.550048828125,1641.0062255859375,4906462,-0.024169359552637104,-0.010336374882782051,0.03037851592559071,1655.1775024414062,1625.9780004882812,1663.621600600393,63.58048782210669,23.106221674933522,18.58146551461918,4.524756160314343,0.015464716949214833,-0.04280274365506842,1.0123083756012083,1.0304875270913612,1668.9000244140625
2025-02-18,1692.0,1695.949951171875,1655.800048828125,1668.9000244140625,1634.493408203125,7529598,-0.003968860505667138,-0.016413717746242784,0.022766982941052616,1657.0350036621094,1627.7830004882812,1664.1243076302665,55.79576430801431,20.62103482420821,18.989379376536988,1.6316554476712213,0.015507246707825275,0.5346288221533153,1.0071603923427876,1.02525952409716,1645.199951171875
2025-02-19,1670.0,1673.449951171875,1638.449951171875,1645.199951171875,1611.281982421875,7776555,-0.014201014378023236,-0.03876608674206106,0.0056234420365983695,1657.4950012207032,1628.9669995117188,1662.3219879675626,53.74849167443023,16.548349428118627,18.501173386853317,-1.9528239587346903,0.01588025952509872,0.03279816532037971,0.9925821495450826,1.009965181409459,1643.5
2025-02-20,1639.8499755859375,1649.800048828125,1627.25,1643.5,1609.616943359375,5524503,-0.0010332793717043876,-0.041467383995290374,-0.0007903993127014175,1657.429998779297,1629.6259985351562,1660.5294176849375,54.03788634097707,13.033305227407482,17.407599754964153,-4.374294527556671,0.015839122392788944,-0.28959507133942985,0.991595422558083,1.0085136107777581,1639.25
2025-02-21,1643.5,1658.699951171875,1629.199951171875,1639.25,1605.45458984375,5447583,-0.0025859446303619915,-0.0453102976708355,0.022869103314857142,1659.2625,1628.7759985351563,1658.5028064768483,47.100492658219906,9.791794184372748,15.884438640845872,-6.092644456473124,0.014662564682879346,-0.013923424423880282,0.9879389186460852,1.0064305966408293,1601.300048828125
2025-02-24,1627.0,1637.550048828125,1598.0,1601.300048828125,1568.2869873046875,4673190,-0.023150801385923403,-0.044313806115150234,-0.010535376781922179,1658.4100036621094,1627.5509985351562,1653.0549247960175,38.194327312316,4.113214849943688,13.530193882665436,-9.416979032721748,0.015476876295184136,-0.14215350183742037,0.9655634283995671,0.9838708896184157,1641.4000244140625
2025-02-25,1597.0,1649.1500244140625,1597.0,1641.4000244140625,1607.560302734375,6286808,0.025042137240477658,-0.01647791934669962,0.025586600325866682,1660.4575073242188,1628.072998046875,1651.9449342834503,46.75856247395854,2.8161696648680845,11.387389039105967,-8.571219374237883,0.01625581368175682,0.34529261596468364,0.9885227518162347,1.0081857670897898,1650.4000244140625
2025-02-27,1643.4000244140625,1656.0,1638.6500244140625,1650.4000244140625,1616.3748779296875,7568745,0.005483124080744917,0.003160754556601697,0.005881471530740479,1660.940008544922,1629.042998046875,1651.7978000101753,55.845893869849725,2.48582178864217,9.607075589013208,-7.121253800371038,0.0153075710364028,0.20390904255386832,0.9936542054037864,1.0131101673760565,1570.199951171875
2025-02-28,1641.949951171875,1648.449951171875,1559.5,1570.199951171875,1537.8282470703125,13640211,-0.04859432383410245,-0.04459996886408579,-0.034495539551065324,1658.1350036621093,1628.44099609375,1644.0265763112893,31.329943514425977,-4.199052866337752,6.845849897943016,-11.044902764280767,0.018763033296849512,0.8021760542864107,0.9469674952304707,0.9642350904567119,1595.800048828125
2025-03-03,1579.0,1602.75,1572.75,1595.800048828125,1562.9005126953125,6993525,0.016303718285778812,-0.0265059943095165,-0.016910488940012347,1656.7625061035155,1628.7949975585936,1639.4335736938451,33.49737796496275,-7.346464787360674,4.007386960882279,-11.353851748242953,0.01918384529314767,-0.4872861570836404,0.9632038647357091,0.9797427246645988,1575.3499755859375
2025-03-04,1589.0,1590.5,1568.0,1575.3499755859375,1542.8720703125,5219668,-0.012814934588581406,-0.016205628208890932,-0.046600297235877775,1652.9125061035156,1628.5639965820312,1633.3303738740442,30.507398889294393,-11.360010285688531,0.9339075115681172,-12.293917797256649,0.018843397611144976,-0.25364276241237427,0.9530752352401158,0.9673245748353904,1618.25
2025-03-05,1578.0,1626.0999755859375,1577.0999755859375,1618.25,1584.8875732421875,6295425,0.027232059592412927,-0.01410382848161984,-0.02600135570825024,1650.752508544922,1629.25099609375,1631.894147790802,36.259207402884954,-10.95284301304946,-1.4434425933553983,-9.509400419694062,0.019907972273867643,0.20609682454899425,0.9803104896847489,0.9932478199368141,1626.9000244140625
2025-03-06,1618.0,1631.75,1590.449951171875,1626.9000244140625,1593.3592529296875,5174009,0.005345295482195311,-0.014238972159699936,-0.020205322499563638,1649.0750122070312,1629.7989965820314,1631.4185169930172,37.29355776420893,-9.81898815372847,-3.1185517054300123,-6.700436448298457,0.019960574676586566,-0.17813189736991542,0.9865530751307117,0.998221270123464,1630.699951171875
2025-03-07,1629.0,1642.4000244140625,1615.5999755859375,1630.699951171875,1597.0809326171875,3035558,0.0023356854759291057,0.03853012474930173,0.006760272370350373,1649.622509765625,1630.41599609375,1631.3500821529083,37.537877186306424,-8.515614968124737,-4.197964357968957,-4.31765061015578,0.019171280280951556,-0.41330639355285237,0.9885291583488162,1.0001741611213366,1630.949951171875
2025-03-10,1640.0,1654.9000244140625,1626.5999755859375,1630.949951171875,1597.32568359375,3778450,0.00015330839975824517,0.022026507875822166,-0.027314774908677508,1647.3325073242188,1631.2969946289063,1631.311974440429,42.693304535637154,-7.3774665752087,-4.833864801416906,-2.543601773791794,0.017349978273268233,0.24472996398026337,0.9900551005461828,0.9997872591820043,1662.949951171875
2025-03-11,1630.0,1676.4000244140625,1624.050048828125,1662.949951171875,1628.6658935546875,6078564,0.0196204671866278,0.05560667594091617,-0.0177786224790486,1645.8275024414063,1632.8009936523438,1634.325115081519,49.09997426018339,-3.8489746254856527,-4.636886766230656,0.7879121407450036,0.017814109605094205,0.6087453850123727,1.0104035500105992,1.018464563432248,1642.8499755859375
2025-03-12,1690.0,1716.6500244140625,1634.0,1642.8499755859375,1608.9803466796875,9907628,-0.012086939580937539,0.015201591587169716,-0.03176662703053634,1643.132501220703,1633.743994140625,1635.1370065581302,49.640621645587345,-2.64404052785153,-4.238317518554831,1.5942769907033014,0.017975711853467802,0.6299290424514736,0.9998280566938116,1.005573689316056,1632.5
2025-03-13,1650.800048828125,1656.9000244140625,1629.5999755859375,1632.5,1598.84375,8317331,-0.006300012624248397,0.0034421141446319137,-0.04618623269722644,1639.179998779297,1634.1999951171874,1634.8858630764034,48.36114469619924,-2.4955114037647945,-3.889756295596824,1.3942448918320296,0.017841289637058555,-0.16051238500274734,0.9959247924057933,0.9989597386352547,1639.1500244140625
2025-03-17,1612.199951171875,1648.4000244140625,1612.199951171875,1639.1500244140625,1605.356689453125,6405522,0.004073521846286399,0.005181868826398706,-0.04400440466942801,1635.4075012207031,1635.00599609375,1635.2919736799902,49.98521071748065,-1.8202172774610972,-3.4758484919696793,1.655631214508582,0.017875593645396586,-0.22985847262781778,1.0022884346504255,1.0025345646011166,1639.1500244140625
2025-03-18,1639.1500244140625,1639.1500244140625,1639.1500244140625,1639.1500244140625,1605.356689453125,0,0.0,0.005027789624258983,-0.04536852287283577,1631.5125,1636.0199975585938,1635.6594070832352,56.30727445890193,-1.2703974659414143,-3.034758286764027,1.7643608208226125,0.01786362176474692,-1.0,1.0046812539983987,1.00191319596346,1637.1500244140625
2025-03-20,1660.0,1709.6500244140625,1646.0999755859375,1705.25,1670.0938720703125,12074465,0.04159666161951803,0.03798278926339993,0.021780798762166542,1631.4099975585937,1639.0669995117187,1642.4155258158328,58.542274784100485,4.682846629127198,-1.1632269623251315,5.846073591452329,0.01954347098786964,0.9216255555852633,1.0452614625090615,1.0403784595187369,1725.800048828125
2025-03-21,1709.6500244140625,1731.4000244140625,1692.0,1725.800048828125,1690.2203369140625,14715349,0.012051047546180804,0.05715163787327726,0.048991064945533624,1635.4400024414062,1641.4419995117187,1650.3569089598604,79.76281760912305,10.709181553626877,1.21125474086527,9.497926812761607,0.019330840953263567,0.21871644002446478,1.0552512145060828,1.051392647039311,1718.800048828125
2025-03-24,1740.0,1740.0,1714.8499755859375,1718.800048828125,1683.3646240234375,4120999,-0.00405608981454908,0.04859227235318775,0.045816883984256096,1639.2050048828125,1643.5,1656.8753032330285,75.32948419772973,14.750222516654503,3.9190482960231168,10.831174220631386,0.019372289910938856,-0.7199523436379253,1.0485571015877924,1.045816883984256,1730.5
2025-03-25,1725.0,1740.5,1706.0999755859375,1730.5,1694.8233642578125,4857399,0.006807046101640513,0.05573008829291992,0.05566570077779476,1643.7675048828125,1646.1660009765626,1663.8871791155973,83.14464280405583,18.681515985539363,6.871541833926367,11.809974151612996,0.019358359874405897,0.17869453499018073,1.0527644541332934,1.0512305557115185,1738.550048828125
2025-03-26,1739.1500244140625,1765.0,1726.1500244140625,1738.550048828125,1702.70751953125,7142394,0.004651862946041696,0.061936916532957076,0.08571160670384237,1650.6300048828125,1648.9350024414061,1670.9979286120285,80.19580279021427,22.190863584367435,9.935406184014582,12.255457400352853,0.018362503781557474,0.4704153395675339,1.053264537591848,1.0543472279101573,1724.699951171875
2025-03-27,1739.949951171875,1746.4000244140625,1713.25,1724.699951171875,1689.142822265625,6222339,-0.007966464736281598,0.011405923572423315,0.050749314925560896,1654.7950012207032,1651.2800024414062,1676.1124069510615,73.92365828677562,23.582614014467936,12.664847750105253,10.917766264362683,0.01787523730099256,-0.12881605243283978,1.04224387304748,1.0444624464790453,1733.4000244140625
2025-03-28,1733.300048828125,1745.75,1660.0,1733.4000244140625,1697.6636962890625,4133264,0.005044398149530949,0.004403740509277609,0.050290837840642366,1658.945001220703,1653.34400390625,1681.5683705189663,74.53415895489701,25.098291971735534,15.15153659443131,9.946755377304225,0.017871821533179066,-0.33573789534771414,1.0448809473120406,1.0484206676400492,1724.1500244140625
2025-04-01,1715.0,1765.0,1708.449951171875,1724.1500244140625,1688.6043701171875,6773056,-0.005336333142793581,0.003112622430738954,0.09804488474687001,1666.6425048828125,1655.2770043945313,1685.6237661280231,71.34677056335154,25.26187678758083,17.173604633061213,8.088272154519618,0.013409423142174042,0.638670068014044,1.0345050119403343,1.0416081537027837,1754.5999755859375
2025-04-02,1720.0,1760.4000244140625,1716.949951171875,1754.5999755859375,1718.426513671875,6431226,0.017660847803672608,0.013926596698027982,0.09951116800280024,1674.582501220703,1657.5460034179687,1692.1929289335387,71.1418622371829,27.531212827522722,19.245126271953517,8.286086555569206,0.013474128280766256,-0.05046909401014843,1.047783536676697,1.05855280756482,1746.0
2025-04-03,1748.0,1754.949951171875,1735.449951171875,1746.0,1710.00390625,2341989,-0.00490138818283381,0.00428515197298851,0.10832515127350706,1683.1150024414062,1659.9430029296875,1697.3174118922493,75.12788381648963,28.309398705778676,21.05798075871855,7.251417947060126,0.013037525074577656,-0.6358409734007171,1.0373622702354726,1.051843344571728,1743.449951171875
2025-04-04,1754.5,1770.800048828125,1740.0,1743.449951171875,1707.50634765625,7817334,-0.0014605090653636577,0.010871456213157549,0.07736749647574537,1689.375,1662.177001953125,1701.7109870617373,78.09568027934259,28.393051567629527,22.524994920500745,5.868056647128782,0.012029293269111275,2.337903807404732,1.0320088501202367,1.0488954841290976,1686.6500244140625
2025-04-07,1730.0,1774.75,1669.4000244140625,1686.6500244140625,1651.87744140625,14870388,-0.03257904060832595,-0.02697011615411904,0.03672628871065342,1692.3625,1663.1900024414062,1700.2766096667206,59.592080223236735,23.603975731503624,22.74079108270132,0.863184648802303,0.01450690294311475,0.9022326537410323,0.9966245555630443,1.014105437104732,1720.4000244140625
2025-04-08,1720.699951171875,1742.300048828125,1706.800048828125,1720.4000244140625,1684.9315185546875,7206935,0.02001007886133621,-0.002174984744308661,0.05500709874782661,1696.8475036621094,1664.702001953125,1702.1931253569437,64.43930545552365,22.275167304549996,22.647666327071057,-0.3724990225210618,0.01506226541779733,-0.5153499021007387,1.0138801634802905,1.0334582540272008,1715.550048828125
2025-04-09,1719.6500244140625,1726.8499755859375,1711.5999755859375,1715.550048828125,1680.181640625,5600666,-0.0028190976035293858,-0.022255743360974356,0.05187167000156134,1701.0775085449218,1666.9610034179686,1703.4652133065802,63.79310418883181,20.593337381368656,22.236800537930577,-1.6434631565619213,0.01510423750873666,-0.22287824158258673,1.008507866461407,1.0291482796001397,1756.5999755859375
2025-04-11,1760.0,1767.0,1732.3499755859375,1756.5999755859375,1720.38525390625,8340002,0.023928142921772144,0.0060710054902277655,0.056315600086501494,1705.760009765625,1669.7260034179687,1708.525666856995,59.98443918155221,22.3156204891136,22.252564528167184,0.0630559609464143,0.015387190723527325,0.4891089738256129,1.0298048761427454,1.0520288789838188,1798.800048828125
2025-04-15,1808.199951171875,1820.0,1781.0999755859375,1798.800048828125,1761.71533203125,10313411,0.024023724142493652,0.031747454304063005,0.09492654567351266,1713.5575134277344,1673.6930053710937,1717.1232270447217,63.091819801832806,26.777066139981116,23.157464850529973,3.6196012894511433,0.01565787200857827,0.23661972742932202,1.0497459435895296,1.0747490985835197,1822.5999755859373
2025-04-16,1802.4000244140625,1826.5,1794.0999755859375,1822.5999755859373,1785.0245361328125,6180958,0.013231001841098156,0.08060353315982272,0.11644715196688349,1723.0625122070312,1677.3300048828125,1727.1686316676946,67.5574992102182,31.865918671740246,24.899155614772027,6.966763056968219,0.01554697671446469,-0.4006873186766241,1.0577677609916838,1.0866078650475666,1889.0999755859373
2025-04-17,1834.0,1897.699951171875,1825.699951171875,1889.0999755859373,1850.153564453125,10894325,0.03648633868691964,0.09805856125195711,0.15248753771713042,1735.560009765625,1682.5860034179686,1742.590664421813,72.6312734782407,40.79461032856875,28.078246557531372,12.71636377103738,0.01699716894672102,0.7625625348044753,1.088467102811989,1.122736057323941,1883.4000244140625
2025-04-21,1898.4000244140625,1904.300048828125,1868.5999755859373,1883.4000244140625,1844.5711669921875,3501123,-0.0030172840217770336,0.09784032573144352,0.14901015548427954,1747.772509765625,1687.78900390625,1756.00107965917,70.80879271190456,46.87043121603597,31.836683489232293,15.033747726803675,0.01707817412993353,-0.6786287356031695,1.0776002104911382,1.1158977929439562,1852.199951171875
2025-04-22,1888.0,1888.0,1836.800048828125,1852.199951171875,1814.0142822265625,6155127,-0.016565823955478676,0.05442330463089573,0.13135627373843084,1758.5250061035156,1691.7860034179687,1765.1628769460942,67.44663848870634,48.607659046258505,35.19087860063753,13.416780445620972,0.01780138283025826,0.7580436334284741,1.0532690435127343,1.0948192900460323,1881.5999755859373
2025-04-23,1867.0,1885.9000244140625,1836.0999755859373,1881.5999755859373,1842.8082275390625,6855027,0.015873029472579958,0.04603064515800659,0.10341590710214765,1767.3425048828126,1696.18900390625,1776.252124435603,69.19192014998751,51.76010263805347,38.504723408120725,13.255379229932743,0.01595326825767197,0.11371008266766869,1.0646493084319844,1.1093103252365708,1845.5999755859373
2025-04-24,1874.5,1877.800048828125,1839.5,1845.5999755859373,1807.5504150390625,5180688,-0.01913265330947378,0.012619335184949731,0.0694170375294405,1773.332501220703,1699.8920043945313,1782.856681688016,64.70873129028233,50.76831225968135,40.95744117843285,9.8108710812485,0.016737914260558782,-0.24424980383009431,1.040752354290855,1.0857160165555955,1817.199951171875
2025-04-25,1846.699951171875,1861.699951171875,1806.0,1817.199951171875,1779.73583984375,4570083,-0.01538796315005686,-0.0380604654826493,0.057249185215487275,1778.2524963378905,1703.8410034179688,1786.1274692579073,57.61927784164912,47.147183237786976,42.19538959030368,4.951793647483299,0.017192568521609237,-0.1178617589015204,1.021902094845469,1.0665314119841605,1821.800048828125
2025-04-28,1836.0,1838.9000244140625,1813.4000244140625,1821.800048828125,1784.2412109375,3301891,0.002531420746122892,-0.03270679345196548,0.052759346332346135,1782.8174987792968,1706.7420043945312,1789.524857788404,59.31662238567615,44.13978586001758,42.58426884424646,1.5555170157711231,0.017168354839665428,-0.2774986800020919,1.021865698578525,1.0674138470473813,1823.800048828125
2025-04-29,1823.699951171875,1847.800048828125,1817.5999755859373,1823.800048828125,1786.199951171875,4684155,0.0010978153180347672,-0.015333065053684702,0.04903511409261019,1787.0799987792968,1709.3570043945313,1792.789161696949,59.88924278846156,41.44008950011266,42.3554329754197,-0.91534347530704,0.017165631049723566,0.4186279922626155,1.0205475133032156,1.0669509319231594,1864.5
2025-04-30,1837.0,1876.9000244140625,1827.0,1864.5,1826.060791015625,9139821,0.022316016055612398,-0.00908799734683896,0.08105760583638655,1794.070001220703,1712.7120043945313,1799.6187653448587,72.79251114401923,42.09941079879695,42.30422854009515,-0.20481774129819996,0.017522337634784172,0.951220871213698,1.0392571074324723,1.0886243543666456,1848.199951171875
2025-05-02,1852.0,1883.5999755859373,1832.0999755859373,1848.199951171875,1810.0968017578125,3866806,-0.008742316346540657,0.0014087427505042882,0.06622817880518839,1799.8099975585938,1715.4450024414064,1804.2455449474317,67.14514376748808,40.83591890921139,42.0105666139184,-1.174647704707013,0.017750861526712184,-0.5769276006608882,1.0268861455814342,1.077388052978401,1866.0
2025-05-05,1868.0,1873.5,1849.199951171875,1866.0,1827.5299072265625,3548839,0.00963101899057972,0.026854529022331874,0.08227240876799224,1806.9024963378906,1718.4730029296875,1810.126921619105,69.50601504282989,40.800583928911465,41.768570076917015,-0.9679861480055507,0.01768026411446529,-0.08222988171633128,1.0327065261030322,1.0858477245896825,1901.0
2025-05-06,1888.300048828125,1912.0,1882.5999755859373,1901.0,1861.808349609375,8597920,0.0187566988210075,0.04347345979204498,0.08343783566118712,1814.2224975585937,1722.152001953125,1818.7815005125235,69.020013281088,43.099958700142,42.03484780156201,1.065110898579988,0.017726110882447996,1.422741634658546,1.047831786100207,1.1038514590140942,1896.800048828125
2025-05-07,1901.0,1917.0,1885.5,1896.800048828125,1857.6949462890625,5554616,-0.002209337807403955,0.04002631760367903,0.08636887103558122,1821.7625,1726.577001953125,1826.2118384473429,64.3442581943605,44.075256690100105,42.44292957926963,1.6323271108304738,0.017663761835190712,-0.3539581666263468,1.0411895342165212,1.098589895893691,1874.9000244140625
2025-05-08,1897.0,1905.800048828125,1862.4000244140625,1874.9000244140625,1836.246337890625,5500724,-0.011545773856128205,0.0055779160171962605,0.07539652810442443,1828.3350036621093,1730.697001953125,1830.8488085394115,57.69797155695083,42.59008642481331,42.472360948378366,0.11772547643494136,0.017977986000848514,-0.009702200836205432,1.0254685386751796,1.083320779026139,1848.4000244140625
2025-05-09,1855.0,1871.0999755859373,1836.5,1848.4000244140625,1810.292724609375,3686209,-0.014134086967267367,0.00010825302860806296,0.09590015572803345,1836.4225036621094,1734.7610034179688,1832.5203529084258,43.20988911444707,38.827174263408324,41.74332361138436,-2.916149347976038,0.0164194172241617,-0.3298683955057552,1.0065222032119885,1.0655070184147515,1870.800048828125
2025-05-12,1868.9000244140625,1883.4000244140625,1854.0,1870.800048828125,1832.23095703125,3936019,0.012118602098137865,0.00257237343415051,0.0874215428271028,1843.9425048828125,1739.3070043945313,1836.1660382341115,48.00885510567136,37.22344532367538,40.83934795384256,-3.6159026301671844,0.01612473176802413,0.06776881072125862,1.0145652827429235,1.0756008249845275,1820.5999755859373
2025-05-13,1870.0,1883.699951171875,1816.5999755859373,1820.5999755859373,1783.0657958984375,8817763,-0.026833478689308965,-0.042293542563946684,0.06123396215083954,1849.195001220703,1742.93400390625,1834.6835560771424,45.289214328582844,31.538199481787842,38.97911825943162,-7.44091877764378,0.017518359244666843,1.2402745007074407,0.9845365006849525,1.0445604776231474,1834.199951171875
2025-05-14,1830.0,1870.699951171875,1820.199951171875,1834.199951171875,1796.385498046875,7401614,0.007470051504071096,-0.033003002975946494,0.04417623628854539,1853.075,1747.592001953125,1834.637498467117,42.584481879484336,27.809435698198058,36.745181747184915,-8.935746048986857,0.016863862475783475,-0.1606018442546029,0.989814201352819,1.049558449067034,1867.199951171875
2025-05-15,1849.9000244140625,1869.9000244140625,1825.0,1867.199951171875,1828.705078125,8788351,0.017991495408619995,-0.00410692471167573,0.03802529491163331,1856.4949951171875,1752.1080004882813,1837.7386844389987,53.411238249391126,27.203601557799402,34.836865709307816,-7.633264151508413,0.01650497665967681,0.18735602802307705,1.0057662186447272,1.0656877034129857,1814.0
2025-05-16,1834.0,1834.0,1810.0999755859373,1814.0,1776.601806640625,100662047,-0.02849183406334499,-0.018610703289168806,-0.004718520630492495,1856.0649963378905,1755.38,1835.4778573495703,49.5313488871011,22.17506187787535,32.30450494302133,-10.129443065145978,0.017610068101175602,10.454031251141426,0.977336463744057,1.033394478688375,1818.300048828125
2025-05-19,1822.0,1828.699951171875,1809.0,1818.300048828125,1780.813232421875,5799804,0.002370478957069988,-0.028062860075766083,-0.03747812591858857,1852.525,1760.342001953125,1833.841875585623,49.486954119326114,18.325639392681296,29.508731832953323,-11.183092440272027,0.015393517090324113,-0.9423834089127952,0.9815252419417416,1.0329243106229895,1808.9000244140625
2025-05-20,1809.800048828125,1824.9000244140625,1799.5,1808.9000244140625,1771.6070556640625,12512596,-0.00516967725987838,-0.006426426084131576,-0.03955612139443265,1848.8,1764.6040014648438,1831.4664611883316,47.862264104019985,14.351011402388394,26.477187746840336,-12.126176344451942,0.015410025758316494,1.1574170437483748,0.9784184467838937,1.0251025289030555,1822.5
2025-05-21,1813.0,1826.5,1805.300048828125,1822.5,1784.9266357421875,6849562,0.007518367738616583,-0.006378776296662725,-0.01603495948322642,1847.3150024414062,1769.547001953125,1830.6125125037283,43.466088852258544,12.158340671522865,23.613418331776842,-11.455077660253977,0.015142588016804535,-0.45258665747699356,0.9865669891661082,1.0299246066865861,1831.4000244140625
2025-05-22,1819.9000244140625,1836.699951171875,1816.300048828125,1831.4000244140625,1793.6431884765625,6496923,0.004883415316357942,-0.01917305467759045,-0.02667939616455528,1844.8050048828125,1773.8100024414061,1830.6875136380459,47.3248534670871,11.011853121436161,21.093105289708706,-10.081252168272545,0.014702600444703982,-0.05148343791909615,0.9927336599622888,1.0324668492642344,1831.699951171875
2025-05-23,1825.0,1841.800048828125,1821.5,1831.699951171875,1793.9368896484375,3460945,0.00016376911314530673,0.009757415199490138,-0.007531439422374997,1844.1100036621094,1777.9060009765626,1830.7839362603152,44.21584336793846,10.01204246747352,18.876892725261673,-8.864850257788152,0.014087472537761948,-0.46729474860637876,0.9932704380619432,1.0302569146882707,1847.4000244140625
2025-05-26,1834.0,1850.0,1830.9000244140625,1847.4000244140625,1809.3133544921875,3254715,0.008571312802701625,0.016003945885989523,0.016619014997613313,1845.6200073242187,1782.2400024414062,1832.3664208463863,40.33189729010144,10.36704517707949,17.17492321562524,-6.8078780385457485,0.013750081545199374,-0.05958777154794426,1.0009644548080212,1.0365607448398626,1843.800048828125
2025-05-27,1844.0,1857.5999755859373,1833.699951171875,1843.800048828125,1805.78759765625,5847725,-0.0019486713967535874,0.019293506519448167,0.012075968498382439,1846.7200073242188,1786.4970043945314,1833.4553377970283,40.41938154594098,10.239860698524353,15.787910712205063,-5.54805001368071,0.013758847176936028,0.7966934124800482,0.9984188407097377,1.0320756454069815,1856.0999755859373
2025-05-28,1848.0,1867.0,1845.0999755859373,1856.0999755859373,1817.8338623046875,3713699,0.006670965631891512,0.01843620059585027,0.017710234616215903,1848.3350036621093,1790.3600048828125,1835.6119699674007,46.47939160522,11.004711908843092,14.83127095153267,-3.8265590426895777,0.01382380963920525,-0.36493268749812957,1.0042010630694345,1.03671885571831,1863.5999755859373
2025-05-29,1858.0,1867.0,1850.5,1863.5999755859373,1825.1793212890625,5786774,0.004040730617235422,0.01758215067304958,-0.00048271623173112843,1848.2900024414062,1794.7750048828125,1838.2774943120232,53.06450628465217,12.0768350860576,14.280383778437656,-2.203548692380057,0.012912479682617292,0.5582237548061919,1.0082833176202373,1.0383474087369624,1856.199951171875
2025-05-30,1854.0,1867.0,1843.0,1856.199951171875,1817.9317626953125,16712960,-0.003970822339024571,0.013375553121746542,0.004328535987097926,1848.6900024414062,1799.24900390625,1839.9843949653425,46.86693183342275,12.188874544166083,13.862081931583344,-1.6732073874172606,0.012784820388838396,1.8881307616298821,1.0040623082942792,1.0316526212558583,1854.0999755859373
2025-06-02,1844.0,1859.0,1831.5,1854.0999755859373,1815.8751220703125,3199499,-0.0011313304822639925,0.003626692152935096,-0.006377290682777481,1848.0950012207031,1803.5480029296875,1841.3287359768276,59.05895556875949,11.970230773217054,13.483711699910087,-1.513480926693033,0.01259624990270356,-0.8085617987477981,1.0032492779652928,1.028029180578578,1841.300048828125
2025-06-03,1867.0,1869.5,1832.0,1841.300048828125,1803.339111328125,5596977,-0.006903579594604747,-0.001355895397436857,-0.03140449824927671,1845.1100036621094,1807.5910034179688,1841.3260038674273,51.92832789398375,10.641439008765246,12.91525716168112,-2.273818152915874,0.011843381266256814,0.7493291918515992,0.9979351069440724,1.018648602115421,1875.4000244140625
2025-06-04,1855.0,1884.5999755859373,1850.0,1875.4000244140625,1836.736083984375,5892170,0.018519510498921754,0.010398173095192531,-0.011282172007156865,1844.0400024414062,1812.3560034179689,1844.5711486813927,52.21384471086381,12.199318852488659,12.77206949984263,-0.5727506473539705,0.012659424241249408,0.052741506709782726,1.0170061505884564,1.0347856717318216,1878.800048828125
2025-06-05,1884.0,1889.0,1868.5999755859373,1878.800048828125,1840.06591796875,8999675,0.001812959565853145,0.008156296115752415,0.0020801239336916133,1844.2350036621094,1815.8270043945313,1847.8310439334625,73.92913425580338,13.552083425729961,12.928072285020097,0.6240111407098645,0.01239508438145194,0.5273956793507315,1.018742212948664,1.0346800902735729,1870.199951171875
2025-06-06,1872.0999755859373,1881.9000244140625,1867.300048828125,1870.199951171875,1831.643310546875,4644174,-0.004577441682319661,0.007542290899836157,0.011793944205731766,1845.325,1818.7150024414063,1849.9614160514066,68.57549050961975,13.771454336166926,13.096748695249463,0.6747056409174625,0.011991987315768388,-0.4839620319622653,1.013479983835842,1.0283084203194872,1865.0999755859373
2025-06-09,1874.0,1875.0,1848.699951171875,1865.0999755859373,1826.6484375,3649505,-0.0027269680884881575,0.005932797661854172,-0.003046863958421575,1845.0399963378907,1821.6410009765625,1851.4031836261238,70.75332042308116,13.379550822261763,13.153309120651924,0.22624170160983859,0.011701008918156872,-0.21417565319473386,1.0108723817846021,1.0238570467979569,1857.0999755859373
2025-06-10,1866.5999755859373,1875.5999755859373,1850.300048828125,1857.0999755859373,1818.813232421875,7925901,-0.0042893143020318325,0.008580853928651155,0.02004833598234712,1846.8649963378907,1824.1730004882813,1851.9457352413442,63.32819534270454,12.281853757837325,12.979018048089006,-0.6971642902516813,0.009942555064395816,1.1717742543166811,1.0055418123513853,1.0180503576628106,1860.199951171875
2025-06-11,1857.9000244140625,1866.5,1847.800048828125,1860.199951171875,1821.849365234375,8907265,0.0016692561664375383,-0.008104976561966515,0.014175117594670272,1848.1649963378907,1826.6059985351562,1852.731851044252,61.612885124831784,11.529162044612804,12.689046847393767,-1.1598848027809634,0.009829074875600993,0.12381734265921307,1.0065118400455757,1.0183914608096434,1844.199951171875
2025-06-12,1871.9000244140625,1883.0,1831.5999755859373,1844.199951171875,1806.17919921875,7346031,-0.008601225900430998,-0.018416061718665278,-0.012317909490927814,1847.0149963378906,1828.9959985351563,1851.9192891516448,54.473874147823096,9.531706576478427,12.0575787932107,-2.5258722167322727,0.009149138987693026,-0.17527647375485067,0.9984758947969578,1.0083127314925213,1840.4000244140625
2025-06-13,1815.0,1844.5999755859373,1815.0,1840.4000244140625,1802.4576416015625,4613000,-0.0020604743837011608,-0.0159340859458047,0.014553486446561514,1848.3349975585938,1831.1359985351562,1850.822216319494,47.26134166749448,7.5549970914025835,11.157062452849079,-3.6020653614464955,0.0064014490732956925,-0.37204185498264297,0.9957069615870433,1.0050591686725165,1861.300048828125
2025-06-16,1842.0999755859373,1870.0,1838.800048828125,1861.300048828125,1822.9267578125,5722187,0.011356240022174724,-0.00203738502361972,0.023648462214865607,1850.4849975585937,1833.8789990234375,1851.8201051298397,56.030330002406075,7.587434660725421,10.443136894424349,-2.8557022336989277,0.006823196788492391,0.2404480815087795,1.005844441475505,1.014952485861548,1854.800048828125
2025-06-17,1879.0,1879.0,1847.5999755859373,1854.800048828125,1816.560791015625,6561555,-0.003492182791319687,-0.0012384506962725972,0.02537455016560708,1852.7799987792969,1835.8830004882811,1852.1039092915812,49.53340723571509,7.007863700386224,9.756082255616725,-2.748218555230501,0.006750814307214593,0.1466865728086133,1.00109028057846,1.0103040598637345,1865.9000244140625
2025-06-18,1847.5999755859373,1871.0,1843.0999755859373,1865.9000244140625,1827.4320068359373,5069427,0.005984459399249298,0.003064226100315981,0.02381345646862143,1854.95,1838.2810009765626,1853.4178250175319,50.80477620712168,7.359390331472696,9.27674387078792,-1.917353539315224,0.006684541469787529,-0.22740463198129102,1.0059031372349996,1.0150243751759538,1877.0
2025-06-19,1872.0,1879.0,1864.0999755859373,1877.0,1838.3031005859373,4712312,0.005948858695911774,0.017785516590694384,0.024898970720788727,1857.229998779297,1840.952001953125,1855.6637464444336,57.09415743921873,8.436403376000271,9.108675771830391,-0.6722723958301202,0.0067196071397493005,-0.07044484514719318,1.0106448857888886,1.019581172137367,1936.699951171875
2025-06-20,1880.0,1949.0,1874.0,1936.699951171875,1896.772216796875,16228526,0.031806047507658475,0.05232554090433239,0.05732379909319962,1862.479998779297,1845.9530004882813,1863.3814802279994,70.22528029268209,13.946464933132802,10.076233604090874,3.8702313290419283,0.009570309513400549,2.4438564339542883,1.039850066814797,1.0491599464664538,1936.300048828125
2025-06-23,1930.0,1949.0,1927.0999755859373,1936.300048828125,1896.3804931640625,2946463,-0.00020648647381238394,0.04029441682291912,0.04812169710902703,1866.925,1850.2710009765624,1870.3261058089636,74.76540582373991,18.072629613628123,11.675512805998324,6.3971168076298,0.009494318260270893,-0.8184392716873978,1.037160062042195,1.046495377058905,1933.5999755859373
2025-06-24,1950.9000244140625,1963.0,1929.0999755859373,1933.5999755859373,1893.7362060546875,6837210,-0.0013944498136132522,0.04248432428476523,0.048703722952435635,1871.4149963378907,1854.6319995117187,1876.352188644866,68.14214046313673,20.88403336833062,13.517216918464783,7.366816449865837,0.009481773558605676,1.320480521900326,1.0332288559030116,1.04257878441384,1965.5999755859373
2025-06-25,1942.0,1970.0,1938.0,1965.5999755859373,1925.076416015625,4152765,0.016549441665307807,0.05343263297463263,0.058994667011637025,1876.8899963378906,1858.8119995117188,1884.8519778773489,72.96295841791591,25.401411998159347,15.894055934403696,9.507356063755651,0.009959955818351749,-0.39262286809970737,1.047264346563269,1.057449583982818,2014.300048828125
2025-06-26,1970.0,2018.4000244140625,1966.300048828125,2014.300048828125,1972.7725830078125,9413241,0.024776187345886713,0.0731486674630395,0.08086503284848234,1884.425,1863.1219995117187,1897.1803655869467,81.44919026463313,32.53610010639704,19.222464768802368,13.313635337594675,0.011097394341532162,1.266740593315538,1.0689202535670697,1.0811423242042264,2027.0999755859373
2025-06-27,2010.0,2039.0,2008.5999755859373,2027.0999755859373,1985.3084716796875,6405854,0.006354528346091737,0.046677351522295574,0.09206983563714033,1892.9700012207031,1867.2119995117187,1909.5536617773269,84.20610929425973,38.77625047266065,23.133221909574026,15.643028563086624,0.010948520277987778,-0.3194847555693092,1.0708568938117027,1.085629256943523,2009.5999755859373
2025-06-30,2018.0,2023.9000244140625,2000.199951171875,2009.5999755859373,1968.1693115234373,5597484,-0.008633022648496413,0.03785566539760943,0.08386818512893757,1900.7450012207032,1869.6219995117187,1919.0818821400517,80.95820562941341,41.82735118158325,26.87204776397587,14.955303417607382,0.011274162088427839,-0.1261923859020202,1.0572696360086833,1.0748696667619315,2019.4000244140625
2025-07-01,2009.0,2030.800048828125,2006.9000244140625,2019.4000244140625,1977.767333984375,3769165,0.0048766167133673655,0.044373215717550485,0.09672512402271827,1909.65,1872.3419995117188,1928.6359909280527,81.46248024800062,44.52292000612715,30.40222221240613,14.120697793721021,0.01097303015514384,-0.32663228693462987,1.0574712771523904,1.0785422881827649,2033.300048828125
2025-07-02,2037.0,2045.800048828125,2018.300048828125,2033.300048828125,1991.3807373046875,6513288,0.006883244649903197,0.03444244713220779,0.08419538357604295,1917.5450012207032,1875.9640014648437,1938.6039964423453,87.68437051784294,47.23628305546822,33.76903438101855,13.46724867444967,0.01049906496139864,0.7280453363012762,1.0603662743423141,1.0838694384542698,2019.300048828125
2025-07-03,2041.800048828125,2044.9000244140625,2012.9000244140625,2019.300048828125,1977.66943359375,5558647,-0.006885358611026793,0.0024822518387510595,0.07478177365794458,1924.570001220703,1878.7180029296876,1946.2893347648005,84.2589125128393,47.707022959591086,36.55663209673306,11.150390862858025,0.010775393511909785,-0.14656821562319988,1.049221409222495,1.0748287106842074,2017.199951171875
2025-07-04,2027.0,2036.5,2005.0999755859373,2017.199951171875,1975.6126708984373,2178315,-0.0010400126803684628,-0.004883836284986676,0.07860122117310997,1931.9200012207032,1882.1500024414063,1953.0427268035694,82.17083593209199,47.36463733970595,38.718233145327645,8.646404194378306,0.01066137446464361,-0.6081213647853516,1.0441425886668634,1.0717530210425792,2033.9000244140625
2025-07-07,2018.0,2036.0,2010.5999755859373,2033.9000244140625,1991.9683837890625,4165432,0.008278838809452571,0.012091983043063026,0.0905045579527688,1940.3600036621094,1886.48400390625,1960.7434218140927,85.46532455458855,47.88881812589989,40.5523501414421,7.336467984457791,0.010588156411723528,0.9122266522518552,1.0482075597185119,1.0781432655684147,2030.0
2025-07-08,2026.0,2035.0,2014.800048828125,2030.0,1988.148681640625,3624619,-0.001917510382638432,0.0052490717330822,0.09310216288140905,1949.0050048828125,1890.6480029296874,1967.3392864032267,83.44880987748681,47.442646502270236,41.93040941360773,5.512237088662509,0.010498685954071585,-0.1298335922900674,1.0415570996042964,1.0737059446572694,2019.699951171875
2025-07-09,2035.0,2040.699951171875,1998.5,2019.699951171875,1978.06103515625,2937734,-0.0050739156788792705,-0.006688682107733324,0.08574347069492139,1956.9800048828124,1894.5660009765625,1972.326016381193,79.1819649656056,45.73076858291188,42.69048124746856,3.040287335443317,0.010701130191751349,-0.18950543491605598,1.0320493546855725,1.0660488735313585,1964.5
2025-07-10,2028.5999755859373,2028.5999755859373,1962.300048828125,1964.5,1923.9991455078125,5695845,-0.027330768186555,-0.027138140693814927,0.06523156491338256,1962.9950073242187,1896.5660009765625,1971.580681487746,55.791670947600345,39.464990420610775,42.045383082097004,-2.580392661486229,0.012539683645802883,0.9388566153368549,1.0007666818663146,1.0358194752982273,1921.9000244140625
2025-07-11,1942.0,1959.0999755859373,1914.199951171875,1921.9000244140625,1882.27734375,13103980,-0.02168489467342194,-0.04724366897909593,0.04428385074921293,1967.0700073242188,1898.0400024414062,1966.8491903378713,47.44861654522372,30.70787283450977,39.77788103257956,-9.070008198069786,0.013691123533533264,1.3006208911934927,0.9770369215422077,1.0125708741343522,1920.9000244140625
2025-07-14,1915.0,1927.5,1900.199951171875,1920.9000244140625,1881.2979736328125,5269381,-0.0005203184282724926,-0.055558286367862975,0.032020616785274125,1970.0500061035157,1899.1380029296874,1962.4730792975085,47.736196057371735,23.417163924208126,36.50573761090527,-13.088573686697146,0.013532366547035107,-0.5978793465801993,0.9750514040064064,1.0114588942198008,1934.199951171875
2025-07-15,1924.800048828125,1943.0,1923.199951171875,1934.199951171875,1894.32373046875,4163140,0.006923799567272848,-0.04719214227986457,0.04280779612547203,1974.020001220703,1899.802001953125,1959.7804004284005,44.00305501973039,18.49917059996028,32.90442420871627,-14.405253608755991,0.0135239150848608,-0.2099375619261541,0.979827939927557,1.018106070623879,1936.5999755859373
2025-07-16,1944.0,1944.0,1928.800048828125,1936.5999755859373,1896.67431640625,4211258,0.001240835732938761,-0.0411447133707763,0.03789053553074284,1977.554998779297,1900.5980004882813,1957.5727409195945,31.97215099097805,14.626680107156062,29.248875388404233,-14.622195281248171,0.013495335499875995,0.01155810277819147,0.9792900712148889,1.0189424460556133,1929.9000244140625
2025-07-17,1943.699951171875,1944.9000244140625,1927.5999755859373,1929.9000244140625,1890.112548828125,6256455,-0.0034596464196730015,-0.017612611649751808,0.028183284184370105,1980.2,1901.6980004882812,1954.9372441095438,26.790858840414487,10.891522731765008,25.577404857076388,-14.68588212531138,0.01351248827951657,0.485649893689724,0.9745985377305638,1.0148299172205788,1901.0
2025-07-18,1915.0999755859373,1916.0,1891.800048828125,1901.0,1877.372802734375,4643961,-0.014974881625195557,-0.010874667853981834,-0.01843339292195123,1978.4150024414062,1902.75,1949.8003637181587,25.407633258605898,5.535582410530196,21.56904036776715,-16.033457957236955,0.01194409066838053,-0.25773285350889596,0.9608701903564851,0.9990802785442123,1909.199951171875
2025-07-21,1894.800048828125,1919.9000244140625,1892.5999755859373,1909.199951171875,1885.4708251953125,5109654,0.00431349351492627,-0.006090932944704641,-0.013995815200568362,1977.0599975585938,1903.517998046875,1945.93365776137,24.863130378512466,1.9303764698770465,17.641307588189132,-15.710931118312086,0.01199977686960716,0.10027926591114777,0.9656762837392305,1.002984974731434,1906.800048828125
2025-07-22,1909.199951171875,1911.300048828125,1883.0,1906.800048828125,1883.100830078125,4513541,-0.0012570199063104415,-0.014166013357176044,-0.013860119516029168,1975.7200012207031,1905.2419995117189,1942.2066473867753,19.547417010387377,-1.1076588725275087,13.891514296045804,-14.999173168573313,0.011999358970616604,-0.11666406375069627,0.9651165386036504,1.0008177697724516,1943.800048828125
2025-07-23,1920.0,1949.0,1907.300048828125,1943.800048828125,1919.640869140625,5194282,0.01940423696902016,0.00371789390321009,-0.011090723966515004,1974.6300048828125,1907.4340014648437,1942.358399904999,33.63675423066053,-0.5236961479438378,11.008472207247875,-11.532168355191713,0.012229240271202342,0.15082193780891773,0.9843869707345416,1.0190654289141083,1936.0999755859373
2025-07-24,1943.800048828125,1970.4000244140625,1933.699951171875,1936.0999755859373,1912.0364990234373,4150685,-0.0039613504726629944,0.003212576347708662,-0.03882245511917792,1970.7200012207031,1908.812001953125,1941.7623594936597,32.8396105113781,-0.6744583044367118,8.671886104910957,-9.346344409347669,0.010697081948713062,-0.2009126574182919,0.982432803435637,1.0142957890064033,1937.9000244140625
2025-07-25,1936.0999755859373,1952.699951171875,1925.0,1937.9000244140625,1913.814208984375,3896884,0.0009297292757728393,0.019410849244640982,-0.04400372564066124,1966.2600036621093,1911.2900024414062,1941.3945180575074,28.3197736350063,-0.6412970298790697,6.809249477952952,-7.450546507832022,0.010543821248939544,-0.06114677456853512,0.9855766891483186,1.0139225454738243,1890.300048828125
2025-07-28,1930.0,1930.0,1885.0,1890.300048828125,1866.805908203125,3575044,-0.02456265802480173,-0.009899383420866492,-0.05936501204575706,1960.2950073242187,1912.7300024414062,1936.5283781308995,23.65144693230826,-4.405156795643961,4.566368223233569,-8.97152501887753,0.011604143446731238,-0.0825890634671188,0.9642936607834165,0.9882733299605007,1918.300048828125
2025-07-29,1880.0,1923.5999755859373,1880.0,1918.300048828125,1894.4578857421875,3748040,0.014812463247492635,0.006031046625506242,-0.05006436286206939,1955.240008544922,1914.9180029296874,1934.7923467687306,32.07214066929801,-5.070230323856549,2.6390485138155455,-7.709278837672095,0.01215815120054875,0.04838989394256399,0.9811071993436308,1.0017661570329712,1932.5999755859373
2025-07-30,1934.0,1939.199951171875,1922.0999755859373,1932.5999755859373,1908.580078125,5044683,0.00745447864975457,-0.0057619471966471325,-0.04952543688779498,1950.205004882812,1917.1200024414063,1934.5835495132264,43.4063552314922,-4.392784026832032,1.23268200568603,-5.625466032518062,0.012181987270313275,0.34595228439397663,0.9909727288911697,1.0080745978993582,1914.300048828125
2025-07-31,1913.0,1926.5,1895.5999755859373,1914.300048828125,1890.507568359375,4674966,-0.009469071193723866,-0.011259711292137542,-0.051998215946627346,1944.955004882812,1918.7780029296875,1932.6517875432166,48.253679925186965,-5.271784258825392,-0.06821124721625438,-5.203573011609137,0.012244862349788527,-0.07328845043385279,0.9842387325271136,0.9976662469057257,1884.4000244140625
2025-08-01,1914.0,1919.699951171875,1878.0,1884.4000244140625,1860.9791259765625,5192594,-0.015619298778353108,-0.027607203326278973,-0.06583379435472603,1938.3150085449215,1919.8320043945312,1928.056381530916,42.59634155158701,-8.285569473516489,-1.7116828924763015,-6.573886581040187,0.012576903468435438,0.11072337210580785,0.9721846119473982,0.9815442289224452,1914.5999755859373
2025-08-04,1892.0,1919.9000244140625,1878.5,1914.5999755859373,1890.8037109375,3074380,0.01602629525610677,0.012855063286316248,-0.05865580775657542,1932.3500061035152,1921.1760034179688,1926.7748190599657,46.279424461631876,-8.143261847686063,-2.997998683518254,-5.145263164167808,0.013062991822703263,-0.4079298323727987,0.9908142777128819,0.9965770820474896,1931.800048828125
2025-08-05,1920.0,1937.5999755859373,1912.0999755859373,1931.800048828125,1907.7900390625,5167672,0.008983638076629497,0.007037480923929085,-0.048374360183189635,1927.4400085449215,1922.9360034179688,1927.253412371219,49.13732392048667,-6.566880949465485,-3.7117751367077005,-2.8551058127577846,0.013332387540590674,0.6808826495098199,1.0022620887103486,1.0046096413996102,1929.699951171875
2025-08-06,1930.0,1964.800048828125,1921.5999755859373,1929.699951171875,1905.716064453125,5461349,-0.0010871195792359067,-0.0015005818331250698,-0.044561074504052,1922.9400085449215,1924.4080029296874,1927.4864160665195,49.96343690423235,-5.424517597803288,-4.054323628926818,-1.3701939688764693,0.013319964968349921,0.056829651727122066,1.0035154204483314,1.0027499097042474,1922.5999755859373
2025-08-07,1928.0999755859373,1933.300048828125,1909.0999755859373,1922.5999755859373,1898.704345703125,4268534,-0.003679315834374197,0.004335750167740571,-0.02132859476409399,1920.8450073242184,1925.5880029296875,1927.0210407826546,54.28911474758145,-5.03406553030436,-4.250272009202327,-0.7837935211020337,0.011950089529410355,-0.21841032316374576,1.0009136438676869,0.99844825199409,1858.5999755859373
2025-08-08,1886.300048828125,1893.800048828125,1856.0,1858.5999755859373,1835.499755859375,93801105,-0.03328825591007056,-0.013691386379676707,-0.03293618191582248,1917.6800048828122,1925.6360034179688,1920.5047488591576,41.775035825417184,-9.776200628072502,-5.355457732976362,-4.42074289509614,0.013220809621299076,20.975016481068206,0.9691919250623436,0.9651875911579115,1857.4000244140625
2025-08-11,1863.0,1866.0,1845.699951171875,1857.4000244140625,1834.314697265625,5266532,-0.0006456209984058159,-0.02987566692847654,-0.033057420580422714,1914.505004882812,1925.7020043945313,1914.494775102482,41.93863895596426,-13.475861545982752,-6.97953849557764,-6.496323050405112,0.01322030596735104,-0.9438542648298226,0.9701724569415555,0.9645313865672878,1850.300048828125
2025-08-12,1857.4000244140625,1865.0,1847.0999755859373,1850.300048828125,1827.302978515625,4645011,-0.0038225344527909044,-0.04218863129724004,-0.04337705742000331,1910.3100097656247,1925.8820043945314,1908.3809916477812,33.09222423146474,-16.787265029309083,-8.941083802323929,-7.846181226985154,0.013073385335492549,-0.11801333401183167,0.9685862710079909,0.9607546280644705,1867.4000244140625
2025-08-13,1853.0,1872.5,1851.800048828125,1867.4000244140625,1844.1904296875,6697206,0.00924173114342608,-0.03228477397223273,-0.03573270269764284,1906.8500122070309,1925.7220043945313,1904.4780423874272,37.985313984250006,-17.826260987688784,-10.7181192393969,-7.108141748291883,0.013302467094610897,0.44180627344047196,0.9793114363791475,0.9697142267433321,1873.800048828125
2025-08-14,1873.0,1883.0,1866.800048828125,1873.800048828125,1850.5108642578125,3958631,0.0034272380477613495,-0.02538225703604302,-0.029068850653530598,1904.045013427734,1925.6220043945314,1901.5563287151126,38.96729732852894,-17.926597628742684,-12.159814917266058,-5.766782711476626,0.013344489819228297,-0.4089130601627007,0.9841154151365566,0.9730881993204576,1892.300048828125
2025-08-18,1892.5,1912.5999755859373,1870.300048828125,1892.300048828125,1868.781005859375,7146376,0.009872985120034539,0.01813196690243335,-0.004576512978366698,1903.6100158691402,1926.0640063476562,1900.6747782496852,50.382555613461925,-16.325133770551247,-12.992878687923096,-3.3322550826281514,0.013168548491049549,0.805264496741424,0.9940586743362708,0.9824699711908552,1909.699951171875
2025-08-19,1901.0999755859373,1931.800048828125,1900.0,1909.699951171875,1885.964599609375,5706265,0.009195107485478138,0.028157599908674058,0.00026188980347141566,1903.6350158691403,1926.956005859375,1901.5343185279892,48.28546563922451,-13.496357811264033,-13.093574512591285,-0.4027832986727482,0.013300145080678862,-0.201516265027197,1.0031859759103905,0.9910449150706977,1928.4000244140625
2025-08-20,1937.0,1952.0,1926.0,1928.4000244140625,1904.4322509765625,6962619,0.00979215254768806,0.04220935714475149,0.011327866075529158,1904.715014648437,1928.3820068359375,1904.0929571838058,49.17712539665688,-9.634531968442388,-12.401766003761507,2.7672340353191185,0.01346931097692224,0.220170987502333,1.0124349362416283,1.0000093433656096,1929.9000244140625
2025-08-21,1930.0,1940.9000244140625,1927.699951171875,1929.9000244140625,1905.9136962890625,3376913,0.0007778469098784768,0.033468993886090814,-0.007150953835217022,1904.020013427734,1929.7760083007813,1906.550773110497,53.271806625078796,-6.37943158482517,-11.19729911997424,4.81786753514907,0.012727883281030338,-0.5149938550421903,1.013592299872803,1.0000642645119162,1933.300048828125
2025-08-22,1934.0,1947.699951171875,1917.4000244140625,1933.300048828125,1909.2713623046875,3271920,0.001761761941577733,0.0317536548455164,-0.001446168479478871,1903.8800170898437,1931.5580102539063,1909.0983231788425,61.53846596980791,-3.4852121676522074,-9.654881729509833,6.169669561857626,0.012705101196739788,-0.03109141396298931,1.015452671110678,1.000901882607186,1930.699951171875
2025-08-25,1940.0,1940.0999755859373,1913.199951171875,1930.699951171875,1906.70361328125,2451388,-0.0013449012520462267,0.020292713286949704,-0.00371539973759194,1903.5200134277343,1933.3640087890626,1911.1556210829408,54.36786778532341,-1.3853590223011452,-8.000977188068097,6.615618165766952,0.012706569161280401,-0.25077997017041986,1.0142787769776043,0.9986220610267509,1904.699951171875
2025-08-26,1922.0999755859373,1925.800048828125,1896.199951171875,1904.699951171875,1881.0267333984373,5984656,-0.013466618665535668,-0.002618212351595761,0.007617786579795727,1904.240008544922,1934.2320068359375,1910.5407953771248,42.98288867142557,-1.7984614409315327,-6.760474038640784,4.9620125977092515,0.011791972954826662,1.4413336444495934,1.000241536058947,0.9847318958844179,1881.0999755859373
2025-08-28,1893.0,1899.800048828125,1878.199951171875,1881.0999755859373,1857.7200927734373,5494113,-0.012390390187923206,-0.024528131212037896,-0.01939220783782647,1902.3800048828125,1934.7580053710938,1907.736907777964,38.67661204218646,-3.984241030007979,-6.205227436914224,2.2209864069062446,0.011615207452390655,-0.08196678305319471,0.988813996550502,0.9722662836198656,1888.800048828125
2025-08-29,1872.5,1900.0999755859373,1872.5,1888.800048828125,1865.324462890625,4339042,0.004093388624806682,-0.021296427310226074,-0.022663731403873566,1900.190008544922,1935.216005859375,1905.9333974017889,42.146859838710746,-5.037091092956416,-5.971600168122663,0.9345090751662468,0.011511608637666848,-0.2102379401370158,0.9940058837981582,0.9760151027633538,1900.5999755859373
2025-09-01,1889.0,1904.800048828125,1884.199951171875,1900.5999755859373,1876.977783203125,3421488,0.006247313878000593,-0.016914122182952962,-0.007156701087990047,1899.5050048828125,1935.6880053710938,1905.425452466946,62.88343558282209,-4.8632661747799375,-5.7499333694541175,0.88666719467418,0.01144518450499207,-0.21146465049197494,1.0005764505491221,0.9818730964454007,1887.199951171875
2025-09-02,1904.5,1917.5,1878.0,1887.199951171875,1863.7442626953125,4423049,-0.007050418071236297,-0.022530688921184705,0.0014858452141461864,1899.645001220703,1934.6980053710938,1903.689690438844,58.504541752279586,-5.740604540580762,-5.748067603679447,0.007463063098684941,0.010992830318247306,0.29272673176115194,0.9934487496133062,0.9754493703578775,1883.9000244140625
2025-09-03,1891.0,1892.0999755859373,1870.0,1883.9000244140625,1860.4853515625,3803044,-0.001748583532849013,-0.010920316738085356,-0.016034655574713175,1898.1100036621094,1933.6500048828125,1901.8049603412458,59.80162508751101,-6.625799929901859,-5.923614068923929,-0.7021858609779299,0.010339302433833545,-0.1401759284149916,0.9925136165866936,0.9742714657031405,1880.4000244140625
2025-09-04,1899.0,1903.5,1876.5999755859373,1880.4000244140625,1857.0289306640625,5205333,-0.00185784805703193,-0.0003720967417782939,-0.026607321210724177,1895.5400024414062,1932.586005859375,1899.7663950148474,54.11913687497002,-7.523023668772794,-6.243495988893702,-1.2795276798790916,0.010082782258843436,0.3687280504774597,0.9920128417190649,0.9729968129298822,1895.300048828125
2025-09-05,1887.0,1910.699951171875,1875.699951171875,1895.300048828125,1871.74365234375,2620140,0.007923858870776845,0.003441338326962029,-0.01782655501590258,1893.8200073242188,1931.1800073242186,1899.3410287113502,56.46421938884117,-6.951638340911359,-6.385124459297234,-0.5665138816141244,0.010291889175913697,-0.4966431542420052,1.000781511177505,0.9814207073602591,1887.699951171875
2025-09-08,1898.0,1899.0,1884.0999755859373,1887.699951171875,1864.238037109375,2547552,-0.004009970696169818,-0.006787343249378575,-0.018152514749422033,1892.0750061035155,1928.6480053710939,1898.2323546599716,48.51991849418478,-7.031026420254648,-6.514304851488717,-0.5167215687659308,0.010296940985766811,-0.027703863152350627,0.9976876947702774,0.9787685186279805,1893.699951171875
2025-09-09,1892.0,1904.0,1883.0,1893.699951171875,1870.1634521484373,4517793,0.003178471237590186,0.0034442561298095864,0.01888516950769481,1893.8300048828125,1925.9800048828124,1897.8006971849147,44.44445386343407,-6.534466922073307,-6.518337265605635,-0.016129656467671616,0.0069322808862234755,0.7733859799525191,0.9999313276742885,0.9832396735017498,1891.4000244140625
2025-09-10,1904.0,1905.0,1883.0,1891.4000244140625,1867.8922119140625,3566139,-0.0012145148741168343,0.003981102979353945,0.018305157506781855,1895.5300048828126,1923.616005859375,1897.1911093019764,35.50157849421218,-6.254427661476711,-6.465555344779851,0.2111276833031397,0.00694037287642376,-0.21064577327912104,0.9978212001613737,0.9832523843910729,1913.0
2025-09-11,1884.0,1916.0,1882.0999755859373,1913.0,1889.2236328125,4718266,0.011420099030943431,0.017336723655965613,0.03388636951697954,1898.6650024414062,1921.4880053710938,1898.6967179398835,44.278938377250796,-4.240673177954704,-6.020578911414822,1.7799057334601178,0.0072221741016623795,0.32307405852660254,1.0075500404442916,0.9955825873763627,1902.5999755859373
2025-09-12,1925.0,1925.0,1901.5999755859373,1902.5999755859373,1878.952880859375,3192824,-0.005436499955077223,0.003851594243521328,0.0188497112089947,1900.425,1918.87400390625,1899.068456763317,40.0775505147545,-3.4442501235769214,-5.505313153847242,2.0610630302703203,0.007160173138928088,-0.3233056381306183,1.0011444679931791,0.9915189698296065,1904.5
2025-09-15,1904.0,1913.0,1898.4000244140625,1904.5,1880.829345703125,3553258,0.0009986462937263685,0.008899745331717446,0.016383792492200344,1901.9599975585938,1916.5780029296875,1899.585746595382,41.49352234679385,-2.629452334283542,-4.930140989934502,2.3006886556509603,0.007136657280601977,0.11288877808485531,1.0013354657535734,0.9936981417342654,1939.5
2025-09-16,1903.300048828125,1942.0,1902.5,1939.5,1915.394287109375,5427586,0.018377526909950204,0.024185483449890022,0.02494316437877031,1904.3199951171875,1915.02400390625,1903.3871040624886,60.67486160371929,0.8309100628468968,-3.7779307793782224,4.608840842225119,0.007914373189939008,0.5274956110701785,1.0184737885297726,1.0127810387983776,1941.300048828125
2025-09-17,1938.0999755859373,1950.0999755859373,1932.5999755859373,1941.300048828125,1917.1719970703125,4234637,0.0009280994215647986,0.026382586322277968,0.016547153199045095,1905.9,1913.1720043945313,1906.997860706835,71.31729533133174,3.676144781214589,-2.28711566725966,5.963260448474249,0.007690986506095116,-0.21979366149149915,1.018573927712957,1.014702308192355,1941.0999755859373
2025-09-18,1944.5,1949.800048828125,1920.5,1941.0999755859373,1916.974365234375,5080814,-0.00010306147280447764,0.01468895744168175,0.006585745183099956,1906.5349975585937,1911.39400390625,1910.2456811715115,69.55867543283796,5.847463634903761,-0.6601998068269759,6.507663441730736,0.007398094713047468,0.19982279472833198,1.0181297369686921,1.015541521852103,1962.4000244140625
2025-09-19,1930.199951171875,1976.800048828125,1927.800048828125,1962.4000244140625,1938.009765625,11287603,0.010973184841597705,0.0314306998819911,0.0168402505771601,1908.1599975585937,1910.2480053710938,1915.212761480326,71.57819990861785,9.181150807019094,1.308070315942238,7.8730804910768555,0.007770694639683901,1.2216131115998343,1.0284253033942996,1.027301177070376,1956.199951171875
2025-09-22,1954.0,1966.0,1944.0,1956.199951171875,1931.88671875,4469137,-0.0031594339406099126,0.02714620696869252,0.01184498099900777,1909.3049926757812,1910.0820043945312,1919.1163033557116,75.36760152013152,11.193792739561559,3.285214800666102,7.908577938895457,0.007818537755132724,-0.6040667801658155,1.024561271601963,1.0241444852478794,1938.699951171875
2025-09-23,1950.0,1955.0,1930.0999755859373,1938.699951171875,1914.604248046875,4348633,-0.008945915773853508,-0.00041250261826497603,0.004143574974011077,1909.7049926757813,1910.4180029296874,1920.9814126715369,68.24228061321092,11.247072968880502,4.8775864343089825,6.36948653457152,0.008098689293159107,-0.02696359498489309,1.01518295161153,1.01480406287986,1931.0999755859373
2025-09-24,1926.0,1937.300048828125,1918.800048828125,1931.0999755859373,1907.0986328125,5237977,-0.00392014018535658,-0.005254248691924257,0.013860463637760612,1911.0249938964844,1910.622001953125,1921.9450853300511,66.4289873325589,10.554379107857358,6.012944969018658,4.541434138838699,0.007508261894123604,0.20451116477292985,1.010504824245402,1.010717961800858,1935.5999755859373
2025-09-25,1930.0,1950.0,1928.800048828125,1935.5999755859373,1911.542724609375,7133365,0.0023302781093115232,-0.002833444989529643,0.02897241013626828,1913.7499938964843,1910.6500024414063,1923.2455510687068,64.00272812642336,10.250366776766668,6.860429330568261,3.3899374461984078,0.006848446970816131,0.36185496805350614,1.0114173647337108,1.0130583692003508,1916.5999755859373
2025-09-26,1931.0999755859373,1944.699951171875,1911.9000244140625,1916.5999755859373,1892.7789306640625,3239306,-0.009816077825816505,-0.023338793445949024,0.014718300528984152,1915.139990234375,1910.2500024414062,1922.6126391179669,59.304569417686594,8.379697665208369,7.164282997496282,1.2154146677120865,0.007259914045195134,-0.5458936981354522,1.0007623387110116,1.0033241581659027,1902.199951171875
2025-09-29,1928.0,1928.0,1897.5,1902.199951171875,1878.557861328125,5072608,-0.00751331764452301,-0.02760454010217661,0.0008418265844944983,1915.219989013672,1909.6960009765626,1920.6685735992914,52.596209486425366,5.66985869104019,6.865398136205064,-1.195539445164874,0.007363398683850379,0.5659551768187383,0.9932018055803071,0.9960747418432806,1878.4000244140625
2025-09-30,1896.0,1907.5999755859373,1875.199951171875,1878.4000244140625,1855.0537109375,5945625,-0.012511790226442887,-0.031103279659837724,-0.004662954104226236,1914.7799926757812,1909.2440014648437,1916.6429974864125,46.49028447889479,1.5835820475094806,5.809034918465947,-4.225452870956467,0.007733243387645057,0.17210417205508488,0.9810004447503757,0.983844926564066,1867.5999755859373
2025-10-01,1868.0,1877.0,1855.9000244140625,1867.5999755859373,1844.387939453125,5675393,-0.005749600025422796,-0.03288281332028531,-0.00865228972710208,1913.964990234375,1908.412001953125,1911.972233495891,36.983957997797994,-2.4975056229986876,4.147726810173021,-6.645232433171708,0.00782645563636149,-0.04545056238831069,0.9757754113136834,0.9786146668929878,1896.699951171875
2025-10-03,1851.199951171875,1900.300048828125,1848.0999755859373,1896.699951171875,1873.126220703125,5828332,0.015581482098064425,-0.02009714037234711,0.008668329369380556,1914.7799865722657,1908.21,1910.5177304174133,48.4722895648651,-3.3451118067353036,2.649159086791356,-5.994270893526659,0.008590322097918615,0.026947737363738566,0.990557643422649,0.993968143533403,1903.0999755859373
2025-10-06,1892.5999755859373,1907.0,1887.5,1903.0999755859373,1879.4466552734373,2809218,0.003374294605801076,-0.007043723349663966,0.00411540471527716,1915.1699829101562,1907.3959985351562,1909.8112775763204,49.64574320413204,-3.4605265352449806,1.4272219623840887,-4.887748497629069,0.008441401059240449,-0.5180065239934857,0.9936976835310053,0.9977477026519306,1929.0
2025-10-07,1900.0,1946.0,1900.0,1929.0,1905.0247802734373,5713060,0.013609387182136112,0.014088975668206993,0.021878502885210205,1917.2349853515625,1907.2539990234375,1911.6387749500043,47.21485771865453,-1.4454161665994434,0.8526943365873823,-2.298110503186826,0.008882496380245292,1.0336833951654874,1.0061364489686069,1.0114017330610905,1943.5
2025-10-08,1929.0,1962.5999755859373,1927.5999755859373,1943.5,1919.3446044921875,4957406,0.007516848107827823,0.03465714157784072,0.02629775049490135,1919.7249877929687,1907.3659985351562,1914.6731773357183,50.54670701697334,1.3065411440668413,0.9434636980832742,0.36307744598356706,0.00898776038549652,-0.13226782144770055,1.01238459277147,1.0189444508775949,1942.0
2025-10-09,1945.0,1948.800048828125,1931.300048828125,1942.0,1917.86328125,3945737,-0.000771803447388697,0.03983723783821569,0.02675265672665561,1922.2549865722656,1908.3999975585937,1917.2757318751737,50.22222811642312,3.328085576707508,1.4203880738081212,1.907697502899387,0.008981688812955569,-0.2040722506891709,1.010271797220276,1.0176063731316236,1939.9000244140625
2025-10-10,1937.0,1947.5999755859373,1935.4000244140625,1939.9000244140625,1915.789306640625,2512581,-0.0010813468516670532,0.022776440319670188,0.014061695982259481,1923.5999877929687,1908.8319970703126,1919.430426402687,43.862522093188986,4.706470363782273,2.077604531802952,2.628865831979321,0.008674408744478338,-0.3632163015426523,1.008473714246482,1.016275935960542,1954.9000244140625
2025-10-13,1937.9000244140625,1965.9000244140625,1936.0,1954.9000244140625,1930.6029052734373,3672419,0.007732357240693766,0.027218774364272003,0.02748872569075833,1926.214990234375,1909.277998046875,1922.8084833561513,49.66165358588737,6.929347671446976,3.0479531597317573,3.881394511715219,0.0086811712995661,0.46161218285102046,1.0148919172185433,1.0238949102298656,1946.5999755859373
2025-10-14,1964.0,1964.0,1939.199951171875,1946.5999755859373,1922.406005859375,4454239,-0.004245766394428752,0.009123885736618487,0.022105526692537403,1928.3199890136718,1909.9239965820314,1925.0743397589881,52.15965646789024,7.9298391293800705,4.02433035366142,3.9055087757186504,0.008772419401149995,0.21288965120810022,1.009479747488183,1.0192028473748382,1968.5
2025-10-15,1957.199951171875,1976.0,1951.5999755859373,1968.5,1944.0338134765625,3447352,0.011250397970168802,0.012863390789812135,0.014952307295694744,1929.7699890136719,1911.60599609375,1929.2101169247987,59.482761288868915,10.370341915727522,5.293532666074642,5.0768092496528805,0.008158175371787355,-0.22605140855710704,1.0200697550520637,1.0297624113036417,1967.4000244140625
2025-10-16,1962.300048828125,1986.9000244140625,1962.0,1967.4000244140625,1942.947509765625,3700674,-0.0005587887152336268,0.013079312262648024,0.013444586065761932,1931.0749877929688,1912.6619970703125,1932.8472509713952,58.204344895786775,12.076488873495009,6.650123907558715,5.426364965936294,0.008163469443494192,0.07348306758346701,1.0188107851071126,1.0286187666339344,2012.0
2025-10-17,1973.5999755859373,2034.300048828125,1970.300048828125,2012.0,1986.9931640625,6743801,0.02266950037231008,0.037166851218384256,0.03652569435155506,1934.6199890136718,1914.26599609375,1940.3856080217386,71.74111526852404,16.83342270340472,8.686783666727917,8.146639036676804,0.009520910676109379,0.8223169617210271,1.0399975247985414,1.051055602568131,2051.5
2025-10-20,2026.0,2057.0,2019.699951171875,2051.5,2026.0023193359373,7387180,0.019632206759443438,0.04941427918539776,0.04540357443816334,1939.0749877929688,1916.7019970703125,1950.9679310672873,80.53170732681481,23.519528436770997,11.653332620736535,11.866195816034462,0.01013523576005948,0.09540302271671419,1.0579786820596309,1.0703280964572097,2043.5
2025-10-21,2051.800048828125,2058.5,2038.5,2043.5,2018.1016845703125,240850,-0.0038995856690227093,0.049779115190266676,0.0446273647925548,1943.439990234375,1919.1199975585937,1959.780509060879,86.09530448446779,27.851724912351074,14.893011079059445,12.958713833291629,0.010157435448558202,-0.9673962188548269,1.0514860300644313,1.0648109563756494,2007.9000244140625
2025-10-23,2063.89990234375,2067.0,2003.5999755859373,2007.9000244140625,1982.9442138671875,8790128,-0.017421079317806454,0.020015252432848518,0.035694060445175424,1946.8999938964844,1922.1059985351562,1964.3633200468964,77.67259345722384,28.08861327340196,17.53213151792795,10.55648175547401,0.010804577074925515,35.49627569026365,1.0313318766802675,1.0446354290264377,2029.300048828125
2025-10-24,2008.0,2033.0,2006.9000244140625,2029.300048828125,2004.0782470703125,3236799,0.010657913319318535,0.031462856381989646,0.050851884668680514,1951.8099975585938,1925.5439990234374,1970.5477704070133,76.97316340831364,29.66123586539379,19.95795238742112,9.703283477972672,0.01088904094503553,-0.6317688434116091,1.039701636617529,1.0538840191952552,2080.10009765625
2025-10-27,2030.0,2094.0,2030.0,2080.10009765625,2054.246826171875,5796831,0.02503328616064482,0.03384696702596912,0.07465391810958777,1959.0350036621094,1930.14,1980.981325383131,80.4962228459874,34.60775334836717,22.88791257961033,11.719840768756839,0.011993459948335373,0.7909147277912529,1.061798331202775,1.077693896637679,2090.199951171875
2025-10-28,2092.0,2102.60009765625,2071.699951171875,2090.199951171875,2064.22119140625,9891522,0.0048554651418002415,0.01886422187271508,0.09057705196561172,1967.7150024414063,1934.5959985351562,1991.3830992677733,79.37317939893691,38.894525977602825,26.08923525920883,12.805290718393994,0.0115659595906949,0.7063671512935257,1.0622473013513125,1.0804322725543418,2100.60009765625
2025-10-29,2083.0,2110.39990234375,2081.60009765625,2100.60009765625,2074.4921875,2742750,0.00497567061875781,0.02794230372216777,0.10430036356700989,1977.635009765625,1939.1319995117187,2001.784718161914,79.06031618147146,42.63950737558571,29.39928968248421,13.2402176931015,0.011220429258628607,-0.7227170904538249,1.0621778474204893,1.0832682345426663,2066.300048828125
2025-10-30,2070.0,2088.0,2058.60009765625,2066.300048828125,2040.618408203125,4222189,-0.016328690485350017,0.029085125605845086,0.10003195377548768,1987.030010986328,1942.6119995117188,2007.92903536822,70.50478534802309,42.35150306719652,31.989732359426675,10.361770707769843,0.011561806820685654,0.5393998723908486,1.0398937295378083,1.0636710003580208,2054.5
2025-10-31,2056.0,2073.800048828125,2051.699951171875,2054.5,2028.9649658203125,4659723,-0.005710714102154402,0.012418050837985861,0.10007497689938938,1996.3750122070312,1945.5080004882811,2012.3643653331515,68.31840041147973,40.70190601801323,33.73216709114399,6.9697389268692405,0.011559935123125071,0.10362728906735352,1.0291152651368394,1.0560223856619269,2074.0
2025-11-03,2055.0,2081.0,2047.199951171875,2074.0,2048.22265625,2979629,0.009491360428327988,-0.0029325981298319315,0.09347817440422257,2005.2400146484374,1948.42,2018.234425777613,68.76771374700256,40.50120284821992,35.08597424255918,5.415228605660737,0.011340320238149525,-0.36055662536163635,1.0342901522258012,1.0644522228267006,2113.300048828125
2025-11-04,2107.0,2135.60009765625,2103.5,2113.300048828125,2087.0341796875,12263078,0.018948914574794973,0.011051620991235245,0.11045140872195636,2015.750018310547,1952.0880004882813,2027.2882946395666,73.93051843933728,43.01745123597334,36.67226964124202,6.345181594731322,0.011782265078377353,3.1156392289107133,1.0483939127528012,1.0825844164297507,2094.89990234375
2025-11-06,2115.0,2123.300048828125,2080.5,2094.89990234375,2068.86279296875,9546299,-0.008706831050601771,-0.002713603278824972,0.08600305979458267,2024.0450134277344,1955.3199975585937,2033.7274953732983,68.32943662191231,43.03082559530617,37.94398083205485,5.086844763251321,0.012010196924315802,-0.22154136180166184,1.0350065776432622,1.0713846863732972,2001.199951171875
2025-11-07,2048.0,2048.0,1995.5999755859373,2001.199951171875,1976.327392578125,70392750,-0.044727650742187985,-0.03150563621830749,0.029688680819076385,2026.9300109863282,1956.7299975585938,2030.6296340207819,53.86372953879274,35.07628432357615,37.37044153035911,-2.2941572067829625,0.01620152090538335,6.373826233601106,0.9873058962692389,1.022726668303121,2019.800048828125
2025-11-10,1995.0,2028.800048828125,1992.199951171875,2019.800048828125,1994.6962890625,7457061,0.009294472371617957,-0.01688973043167441,0.04006181711026002,2030.8200134277345,1959.0319995117188,2029.5982449548144,50.94798753305451,29.928132606638655,35.88197974561502,-5.953847138976364,0.01628046264603493,-0.8940649285615351,0.9945736379754259,1.031019426600256,2042.300048828125
2025-11-11,2020.0999755859373,2056.89990234375,2017.4000244140625,2042.300048828125,2016.9166259765625,14825625,0.011139716534344313,-0.015284450902543378,0.05278623801501925,2035.9400146484375,1962.2560009765625,2030.8079405617964,48.83367874493025,27.348490861384334,34.175281968768886,-6.826791107384551,0.016384063765434158,0.988132455936729,1.003123880926711,1.0407918476548048,2073.800048828125
2025-11-12,2060.0,2079.800048828125,2054.89990234375,2073.800048828125,2048.025146484375,8210277,0.015423786538160567,-0.018691146116190938,0.06082153712678995,2041.8850158691407,1965.9560009765626,2034.9024270633513,53.62527165657936,27.528560823234784,32.84593773966207,-5.3173769164272855,0.016597181744304457,-0.4462103958517769,1.0156301812839346,1.0548557789685997,2091.800048828125
2025-11-13,2099.89990234375,2107.0,2079.0,2091.800048828125,2065.801513671875,5958875,0.008679718186992869,-0.0014797143826094095,0.07459163416380998,2049.14501953125,1969.7800024414062,2040.321248183806,60.47963245377541,28.791822920716186,32.0351147758729,-3.2432918551567127,0.016548134911611095,-0.2742175446699301,1.020816012966536,1.0619460275946977,2100.699951171875
2025-11-14,2090.0,2107.89990234375,2081.89990234375,2100.699951171875,2074.5908203125,6312655,0.004254662078593929,0.049720169112403845,0.06715770951073141,2055.755017089844,1974.0500024414061,2046.0716008493364,59.205756627613425,30.163409959888213,31.660773812675963,-1.4973638527877497,0.016454587884651206,0.059370267038660884,1.0218629815850606,1.0641574167695016,2112.199951171875
2025-11-17,2112.0,2122.0,2100.89990234375,2112.199951171875,2085.94775390625,5998770,0.005474365814872595,0.04574705421824299,0.07359963655634161,2062.995013427734,1978.6160009765624,2052.3695389752925,54.605427694144204,31.811651543742528,31.690949358889277,0.12070218485325057,0.016433767880362708,-0.04972313551112806,1.0238512150654135,1.0675138329667713,2149.199951171875
2025-11-18,2122.0,2159.0,2110.300048828125,2149.199951171875,2122.488037109375,10972556,0.017517280965503312,0.05234289760953059,0.06819083060232356,2069.855010986328,1983.9919995117189,2061.5914829940148,57.85827631955464,35.69204991805873,32.49116947072317,3.2008804473355568,0.016158618494599517,0.8291343058660359,1.0383335739771151,1.0832704727140108,2159.800048828125
2025-11-19,2155.0,2166.199951171875,2146.699951171875,2159.800048828125,2132.956298828125,7419461,0.004932113296610696,0.04146976467118768,0.05279066479557648,2075.2700134277343,1989.2819995117188,2070.9446797401206,57.88071050317233,39.17109290278677,33.827154157135894,5.343938745650874,0.015710933434887435,-0.3238165291660393,1.0407320661183612,1.0857183895286142,2158.300048828125
2025-11-20,2153.10009765625,2169.300048828125,2149.89990234375,2158.300048828125,2131.474853515625,7452899,-0.0006945087351090118,0.03179080143785962,0.056178149658979715,2081.0100158691407,1994.6940014648437,2079.2642387008827,63.41889168227561,41.33078649022036,35.32788062375279,6.002905866467572,0.01565638731950316,0.004506796383187295,1.0371406347733045,1.0820206243379356,2162.699951171875
2025-11-21,2150.10009765625,2174.5,2148.60009765625,2162.699951171875,2135.820068359375,6720938,0.0020385962304634297,0.029513972219313622,0.07709543546770248,2088.7500122070314,2000.0740014648438,2087.2104970314535,66.12997971318948,42.90283736260881,36.842871971524,6.059965391084809,0.014917247001729727,-0.09821158182876222,1.0354039203028926,1.0813099663252084,2152.10009765625
2025-11-24,2162.10009765625,2165.800048828125,2140.39990234375,2152.10009765625,2125.35205078125,9686848,-0.004901213184880904,0.01889032639274424,0.060513500159347755,2094.8900146484375,2005.2880029296875,2093.39045899572,61.96019872224348,42.800007567791,38.0342990907774,4.765708477013597,0.014947963779138228,0.4412940574663835,1.0273093492296843,1.0732124734761654,2161.60009765625
2025-11-25,2159.0,2170.699951171875,2138.699951171875,2161.60009765625,2134.73388671875,7102592,0.004414292815815513,0.005769656972872017,0.039180806775515276,2098.9650146484373,2010.2600048828126,2099.8866150586277,58.13954445178612,42.989528297574,39.025344932136726,3.964183365437272,0.014035123331717322,-0.26677986482290217,1.029840937114573,1.0752838401031908,2126.800048828125
2025-11-26,2104.0,2134.89990234375,2097.5,2126.800048828125,2100.366455078125,43174047,-0.016099207649859726,-0.01527919217239826,0.017510333227082064,2100.79501953125,2014.7440063476563,2102.4497992271513,55.094244875266774,39.872031774247716,39.194682300558924,0.6773494736887926,0.01458362236991362,5.078632561183298,1.0123786609617331,1.0556180051298947,2115.60009765625
2025-11-27,2132.0,2136.89990234375,2103.800048828125,2115.60009765625,2089.3056640625,4444877,-0.005266104436120411,-0.01978406625856277,0.0071408165774800025,2101.54501953125,2018.9660083007811,2103.7022086013512,74.80490441348513,36.08172321634402,38.57209048371595,-2.49036726737193,0.014615374412893048,-0.8970474785465444,1.0066879738451355,1.047863158150344,2101.60009765625
2025-11-28,2118.0,2129.5,2096.39990234375,2101.60009765625,2075.479736328125,6263457,-0.006617507730080852,-0.028251655289730615,0.017083699363093396,2103.310021972656,2022.2080102539062,2103.502007558961,68.09737548544607,31.584111403555198,37.1744946676838,-5.590383264128604,0.014183227212914385,0.4091406803832818,0.9991870317268766,1.0392600993566312,2089.699951171875
2025-12-01,2114.699951171875,2119.0,2083.10009765625,2089.699951171875,2063.7275390625,5058900,-0.0056624219315778435,-0.028995001929664865,0.01713309864778534,2105.07001953125,2025.1760083007812,2102.187525998286,61.00276783508146,26.75110913662138,35.08981756147132,-8.33870842484994,0.014182038671791068,-0.1923150426354009,0.9926985476887853,1.0318609062158663,2104.0
2025-12-02,2089.800048828125,2114.800048828125,2087.10009765625,2104.0,2077.849853515625,6591396,0.006843111050514938,-0.02664697217524359,0.014464802314368308,2106.57001953125,2028.4340087890625,2102.360142569878,57.61855666293434,23.80045759028053,32.83194556723316,-9.031487976952633,0.01411024251575833,0.3029306766293067,0.9987799980501849,1.0372533643606423,2086.0
2025-12-03,2100.10009765625,2109.89990234375,2081.60009765625,2086.0,2060.073486328125,4357641,-0.008555133079847899,-0.019183772753158412,-0.012918207636091972,2105.2050170898438,2030.9060083007812,2100.802033753699,48.536818804991704,19.78156583642067,30.221869621070663,-10.440303784649995,0.01358012710270117,-0.33888951596899963,0.9908773649435854,1.0271277899981766,2103.800048828125
2025-12-04,2094.800048828125,2108.5,2074.10009765625,2103.800048828125,2077.65234375,4611819,0.008533101068132876,-0.005577636738246294,0.004248482934395836,2105.6500244140625,2033.8580102539063,2101.0875589988827,50.748453933951204,17.827377436222378,27.74297118410101,-9.915593747878631,0.013583003868564094,0.05832926576558273,0.9991214230453836,1.0343888502646688,2108.800048828125
2025-12-05,2092.60009765625,2111.89990234375,2090.0,2108.800048828125,2082.590087890625,2938290,0.002376651717821421,0.0034259377794587653,0.0537677894671349,2111.030029296875,2037.2600122070312,2101.822081839763,49.152567126468675,16.492017550753644,25.492780457431536,-9.000762906677892,0.008495333526665984,-0.36287829162419427,0.9989436528908626,1.0351158105457496,2086.199951171875
2025-12-08,2114.39990234375,2114.39990234375,2078.89990234375,2086.199951171875,2060.27099609375,4327091,-0.010717041508420455,-0.00167488160108209,0.03287449288966737,2114.3500244140623,2040.36201171875,2100.334259871393,33.08272451211262,13.45499540522087,23.085223446989406,-9.630228041768536,0.008843673274437249,0.4726562047993901,0.986686181135033,1.0224655914930079,2089.699951171875
2025-12-09,2086.800048828125,2100.39990234375,2080.39990234375,2089.699951171875,2063.7275390625,5139229,0.0016776915357676891,-0.0067966011540517846,0.023209078593005028,2116.72001953125,2043.4440112304687,2099.321468566677,30.42991082260761,11.201431098547346,20.708464977300995,-9.50703387875365,0.008558093261029465,0.18768683163816058,0.9872349351307413,1.0226362648974918,2067.0
2025-12-10,2072.0,2096.89990234375,2062.199951171875,2067.0,2041.3095703125,3987451,-0.010862780160924679,-0.00910834132310645,-0.0032790281936619925,2116.380017089844,2046.45201171875,2096.243233465089,27.20917958775226,7.497344085607438,18.066240798962287,-10.56889671335485,0.008269504749955782,-0.2241149401982282,0.976667698290903,1.0100407867683114,2053.199951171875
2025-12-11,2066.0,2069.199951171875,2038.0,2053.199951171875,2027.68115234375,3254850,-0.006676366148101076,-0.024051761803330907,-0.01845305323416291,2114.4500122070312,2049.47201171875,2092.1438732466877,23.891297564882905,3.408983196467034,15.134789278463236,-11.725806081996202,0.008119858869772477,-0.18372664642148584,0.9710326275478017,1.0018189755370208,2083.39990234375
2025-12-12,2053.10009765625,2087.10009765625,2050.60009765625,2083.39990234375,2057.505615234375,2706420,0.014708723889574449,-0.012044833979632186,-0.00823537355654913,2113.585009765625,2053.5720092773436,2091.311114113075,35.019601496570544,2.5761155483560287,12.623054532441795,-10.046938984085767,0.008778854337323422,-0.16849624406654684,0.9857185269187625,1.0145248829510989,2069.699951171875
2025-12-15,2070.10009765625,2078.89990234375,2061.5,2069.699951171875,2043.97607421875,3233614,-0.006575766446212827,-0.007909117240047614,-0.020121201109024045,2111.460009765625,2057.6140087890626,2089.252908118675,30.321188351942723,0.8013528753176615,10.258714201016968,-9.457361325699306,0.008769647763658392,0.19479386052423497,0.9802221882486019,1.005873765599956,2102.0
2025-12-16,2070.10009765625,2106.60009765625,2070.10009765625,2102.0,2075.87451171875,5756692,0.015606150451825895,0.005886035849896665,-0.021961637932356504,2109.1000122070313,2061.720009765625,2090.466916869277,44.63202973650807,1.978379144835344,8.602647189780642,-6.624268044945298,0.008565532708450691,0.7802656717839545,0.9966336294315405,1.0195370807110486,2108.0
2025-12-17,2117.60009765625,2128.0,2096.39990234375,2108.0,2081.800048828125,6412516,0.0028544243577546258,0.019835510401548184,-0.023983724260137396,2106.510009765625,2065.8180102539063,2092.1367343102984,48.317075333179076,3.3566375708696796,7.55344526599845,-4.19680769512877,0.0085012020257728,0.11392376038183039,1.0007073264439605,1.0204190250722565,2092.0
2025-12-18,2099.0,2116.60009765625,2088.10009765625,2092.0,2065.9990234375,3760341,-0.007590132827324458,0.018897355226401347,-0.030718643065464124,2103.1950073242188,2069.078010253906,2092.123711995032,47.89286977397194,3.1218641146756454,6.66712903573389,-3.5452649210582443,0.008619536951905853,-0.4135935099421194,0.9946771424973752,1.0110783593622363,2097.699951171875
2025-12-19,2113.89990234375,2115.0,2082.0,2097.699951171875,2071.6279296875,10127415,0.002724642051565418,0.006863804117509087,-0.030055024491390636,2099.9450073242188,2072.1620092773437,2092.6547823928263,51.80505335616091,3.3570449576968713,6.005112220126486,-2.648067262429615,0.00863580868236679,1.6932171842925947,0.9989308976451701,1.012324297897652,2147.60009765625
2025-12-22,2118.0,2151.699951171875,2101.699951171875,2147.60009765625,2120.907958984375,7670853,0.02378802862463636,0.03763837673198345,-0.0020909808074915937,2099.720007324219,2076.2740112304687,2097.8876695607714,58.47590679378676,7.483684996336706,6.300826775368531,1.1828582209681748,0.010267762544917656,-0.24256555103153177,1.022803083346835,1.0343529255001902,2122.89990234375
2025-12-23,2157.0,2164.0,2119.199951171875,2122.89990234375,2096.5146484375,4110853,-0.011501301075305448,0.009942865054115124,-0.017903494431954048,2097.7849975585937,2079.9340087890623,2100.2697869686745,56.9912557265185,8.661137423375294,6.772888904969884,1.88824851840541,0.010516895834179717,-0.4640944103608816,1.011972106204585,1.0206573349794412,2123.699951171875
2025-12-24,2111.0,2137.199951171875,2111.0,2123.699951171875,2097.304931640625,3145464,0.0003768660157936754,0.007447794673564934,-0.00145763474942473,2097.629992675781,2083.3100073242185,2102.501231178503,54.02994549611195,9.548762024314328,7.328063528838774,2.2206984954755544,0.009885952804146185,-0.23483909543834336,1.0124282922093608,1.0193873901174857,2105.39990234375
2025-12-26,2123.0,2123.0,2101.800048828125,2105.39990234375,2079.232177734375,1297870,-0.008617059494693158,0.006405307047681719,-0.004821419380628744,2097.119982910156,2086.486005859375,2102.777295099003,49.34662937320143,8.675543648170787,7.597559552705177,1.0779840954656104,0.010007077169991685,-0.5873836101764318,1.0039482335303027,1.0090649524757225,2081.60009765625
2025-12-29,2105.39990234375,2112.699951171875,2079.39990234375,2081.60009765625,2055.728271484375,2371034,-0.011304172979682336,-0.0076750030463750285,-0.009516558370122108,2096.119982910156,2088.7480078125,2100.760419152074,49.120150930003405,5.993971684403732,7.276841979044889,-1.2828702946411568,0.010218053318280346,0.8268655566428071,0.9930729703584299,0.9965778973195835,2099.800048828125
2025-12-30,2077.0,2102.800048828125,2071.60009765625,2099.800048828125,2073.701904296875,6983390,0.008743250537107006,-0.022257425337375847,0.00483327649531029,2096.6249877929686,2091.3960083007814,2100.668955311698,51.82906448458139,5.2765655762527786,6.876786698486467,-1.6002211222336884,0.010336747349737885,1.9452930662318635,1.0015143676402039,1.0040183879542601,2105.60009765625
2025-12-31,2096.0,2121.0,2090.10009765625,2105.60009765625,2079.429931640625,2991434,0.0027621910149786544,-0.008149138199309514,0.0007605026883317212,2096.7049926757813,2093.268010253906,2101.138587915941,57.44600088161826,5.11704541995914,6.524838442781002,-1.4077930228218616,0.010240445506832455,-0.5716358387545304,1.0042424208515461,1.0058913083952628,2110.39990234375
2026-01-01,2114.800048828125,2123.89990234375,2107.0,2110.39990234375,2084.170166015625,2097756,0.002279542394038936,-0.006262677936582306,0.011696980989333694,2097.9249877929688,2094.446008300781,2102.0206178614467,61.43084778873147,5.316641735028952,6.2831991012305926,-0.9665573662016405,0.01004386710305375,-0.29874568517974986,1.0059463110565765,1.00761723815259,2106.300048828125
2026-01-02,2108.0,2125.0,2098.0,2106.300048828125,2080.121337890625,2927138,-0.0019426903455936895,0.00042754180969284405,0.0011883258589107104,2098.0499877929688,2095.7020092773437,2102.428182715416,55.10936221624489,5.085378262853283,6.043634933555131,-0.9582566707018483,0.009881840569104808,0.39536628664153506,1.0039322518925466,1.0050570355441115,2105.0
2026-01-05,2102.10009765625,2112.10009765625,2096.5,2105.0,2078.83740234375,2642580,-0.0006172191985887032,0.011241305364126708,-0.0018019957986233903,2097.8599853515625,2097.6440087890624,2102.6731176949,58.33728317666583,4.742528305340329,5.783413607912171,-1.0408853025718416,0.009868293118424581,-0.09721372890516267,1.0034034753025909,1.0035067872241983,2105.300048828125
2026-01-06,2106.800048828125,2121.800048828125,2087.5,2105.300048828125,2079.133544921875,9119265,0.00014254101098565286,0.00261929701500363,0.009155449191493359,2098.814990234375,2099.1640087890623,2102.9233016123503,50.91821083049952,4.4438032787024895,5.515491542070235,-1.0716882633677454,0.009543553092841663,2.4508945802965285,1.0030898667219001,1.0029230874830988,2084.199951171875
2026-01-07,2095.60009765625,2103.800048828125,2077.0,2084.199951171875,2058.2958984375,4171371,-0.010022370762777899,-0.010163442957756064,-0.0026319568017004746,2098.539990234375,2099.246005859375,2101.140125379924,43.89115942955329,2.475919148174853,4.907577063291159,-2.431657915116306,0.009822021557691043,-0.5425759641813238,0.993166659139577,0.9928326386495419,2066.300048828125
2026-01-08,2088.0,2092.0,2055.0,2066.300048828125,2040.618408203125,5534929,-0.008588380559977238,-0.020896444065719,-0.00033863143293422215,2098.504992675781,2098.7680078125,2097.8220228511814,43.46721973778769,-0.5219984532859598,3.8216619599757355,-4.343660413261695,0.009703129386198446,0.32688485392452504,0.9846533870731506,0.9845299914695119,2027.0999755859373
2026-01-09,2070.199951171875,2084.0,2023.199951171875,2027.0999755859373,2001.905517578125,4165409,-0.01897114277494183,-0.03760151517171162,-0.012711852818348746,2097.1999938964846,2097.298005371094,2091.086589778301,34.665518435421774,-5.991916964311258,1.858946175118337,-7.850863139429595,0.010506422382525896,-0.24743226155204523,0.9665744714311651,0.9665293012221523,2044.0
2026-01-12,2023.5,2048.800048828125,2001.300048828125,2044.0,2018.595458984375,4689135,0.008337045344385619,-0.028978622327791026,-0.018911348848306364,2095.2299987792967,2096.8520043945314,2086.6021526565582,23.732220256496348,-8.86103160556786,-0.2850493810189023,-8.575982224548957,0.010107215625253818,0.1257321910045328,0.9755492242812752,0.9747945948098552,2026.9000244140625
2026-01-13,2047.0,2049.89990234375,2014.9000244140625,2026.9000244140625,2001.7080078125,7388496,-0.008365937175116245,-0.03723935904419062,-0.020679290606147482,2093.0900024414063,2096.3000048828126,2080.9162356810825,24.683540636401915,-12.372033646392538,-2.70244623409363,-9.669587412298908,0.010167816402602626,0.575662888784392,0.9683769078490944,0.9668940608180604,2022.5
2026-01-14,2015.0999755859373,2034.0,2008.699951171875,2022.5,1997.3626708984373,4842964,-0.002170814722514236,-0.029603662132888564,-0.037821122740247404,2089.1150024414064,2095.2700048828124,2075.3527846638367,23.809496730886423,-15.332825983244675,-5.22852218392384,-10.104303799320835,0.00938722104199216,-0.34452640970503334,0.9681132908606955,0.9652693902393347,2022.5
2026-01-15,2022.5,2022.5,2022.5,2022.5,1997.3626708984373,0,0.0,-0.021197332329816132,-0.04055977229601515,2084.8400024414063,2093.45400390625,2070.3191861244236,26.30072488550222,-17.477802019430783,-7.678378151025228,-9.799423868405555,0.009332927262955698,-1.0,0.9700984236831582,0.9661067289876661,2016.4000244140625
2026-01-19,2023.0,2023.0,1996.300048828125,2010.0,1985.01806640625,4272071,-0.0031739854872905315,-0.016634050880626194,-0.04180767183737677,2076.6750061035154,2092.0600073242185,2059.9284061647422,19.11963234479272,-21.276563070689008,-12.280797720070288,-8.99576535061872,0.009187081936329904,-0.4156394018829449,0.9678933844209844,0.9607755002070066,1996.0
2026-01-20,2018.0,2018.0,1977.0999755859373,1996.0,1971.1920166015625,6076838,-0.006965174129353269,-0.015244967211934912,-0.07059046878499231,2069.095001220703,2091.584006347656,2053.839986530005,14.322850853142072,-23.585286809900254,-14.541695538036283,-9.04359127186397,0.006921607486672309,0.4224571642184787,0.9646729603147369,0.9543006610982048,1996.0999755859373
2026-01-21,1977.0,2007.0999755859373,1967.0,1996.0999755859373,1971.290771484375,7952295,5.0087968906487035e-05,-0.013053164110785054,-0.05972958339572276,2062.7550048828125,2090.6600048828127,2048.340937868665,11.618566817703709,-25.11736249262708,-16.656828928954443,-8.460533563672637,0.006708970693553965,0.30862382706269287,0.9676864052497296,0.9547702500282078,2002.199951171875
2026-01-22,2008.800048828125,2018.9000244140625,1990.0,2002.199951171875,1977.31494140625,6722567,0.0030559469267801287,-0.010037106960753994,-0.057211471862093966,2056.6800048828127,2089.2280029296876,2043.9465581832567,15.506959376269137,-25.544861200243304,-18.434435383212218,-7.110425817031086,0.006807089098743789,-0.15463812647795383,0.9735106805231756,0.9583443972434915,1984.699951171875
2026-01-23,2009.0,2011.699951171875,1980.0999755859373,1984.699951171875,1960.032470703125,4340925,-0.008740385789020366,-0.015721123218791377,-0.057328753096982044,2050.6450073242186,2087.0860009765624,2038.3040241821727,14.003597090768935,-26.98469795179153,-20.144487896928084,-6.840210054863448,0.006812575885579722,-0.354275680703517,0.9678417981089804,0.9509430613991084,1973.4000244140625
2026-01-27,1972.0999755859373,2003.800048828125,1962.699951171875,1973.4000244140625,1948.873046875,10510891,-0.005693518937782249,-0.018208943077580808,-0.05197927948024883,2045.2350036621094,2084.540002441406,2032.122690870924,12.97022950729793,-28.70667591215397,-21.85692549997326,-6.849750412180708,0.006560235609569006,1.421348214954186,0.9648769069963,0.9466836914152874,1957.699951171875
2026-01-28,1995.0,1995.0,1939.0,1957.699951171875,1933.3680419921875,9426909,-0.00795584931993154,-0.019188401216495454,-0.06767315665868023,2038.1299987792968,2081.4500024414065,2025.034810899586,13.375785823441277,-30.981089833044052,-23.68175836658742,-7.299331466456632,0.006079611730071554,-0.10312941119834651,0.96053733193879,0.9405462292515406,1967.9000244140625
2026-01-29,1964.0,1970.5,1939.0,1967.9000244140625,1943.44140625,6065044,0.0052102331800549795,-0.014127524431033045,-0.06539706822556757,2031.2449951171875,2077.82400390625,2019.5934026628695,20.181832843696185,-31.59629615250651,-25.26466592377124,-6.331630228735271,0.0062345662843641065,-0.3566243187454128,0.9688147068150829,0.9470965879277873,1968.699951171875
2026-01-30,1925.5999755859373,1974.0,1925.5999755859373,1968.699951171875,1944.2313232421875,7683747,0.00040648749829186315,-0.01673159565326765,-0.06714364941663764,2024.1599975585937,2074.002001953125,2014.7464072827747,26.935214977818234,-31.6544118334848,-26.542615105713956,-5.1117967277708445,0.006159044726344646,0.266890561717277,0.9726009572100967,0.9492276040803794,1965.4000244140625
2026-02-02,1936.0999755859373,1969.800048828125,1926.5,1965.4000244140625,1940.972412109375,5326225,-0.0016761958854361048,-0.009724354931543555,-0.06689456447216746,2017.1149963378907,2070.1440014648438,2010.0467517714687,15.221212170315269,-31.60245204474927,-27.55458249352102,-4.047869551228249,0.00616276689018319,-0.3068193161487488,0.9743619119298019,0.9494025647603915,1997.300048828125
2026-02-03,2050.0,2050.0,1980.0999755859373,1997.300048828125,1972.4759521484373,6915795,0.016230804934264098,0.012111089550208565,-0.05116387229067698,2011.729998779297,2066.8360034179686,2008.8327800625789,38.4194082356436,-28.656869612626906,-27.775039917342202,-0.8818296952847042,0.007561389318535997,0.2984421424179413,0.9928270941130629,0.9663563270260191,2025.800048828125
2026-02-04,2008.0,2034.5999755859373,1998.4000244140625,2025.800048828125,2000.6217041015625,7464725,0.014269263156891032,0.034785768685076324,-0.03776183829200597,2007.7549987792968,2064.310002441406,2010.4487104212023,51.08625771880254,-23.748998822643443,-26.96983169840245,3.220832875759008,0.008439437508835147,0.07937337645202036,1.008987675318851,0.9813448786433547,1992.4000244140625
2026-02-05,2012.0,2022.9000244140625,1985.0,1992.4000244140625,1967.6368408203125,7708690,-0.016487325308034984,0.012449819450200295,-0.04404564288862811,2003.1650024414062,2060.9260009765626,2008.729787944332,41.87803899532074,-22.29754646098445,-26.035374650918854,3.7378281899344046,0.00887968598373063,0.03268238280713631,0.9946260153236386,0.9667499092495173,2038.4000244140625
2026-02-06,1994.0,2049.699951171875,1988.5,2038.4000244140625,2013.0650634765625,13870403,0.023087733103962282,0.03540411183568026,-0.013502407082594647,2001.770001220703,2059.1580004882812,2011.555524750973,54.884548128345145,-17.236749921668206,-24.275649705068727,7.03889978340052,0.010380631288874577,0.7993203773922677,1.0182988171323488,0.9899191921798636,2038.199951171875
2026-02-09,2051.199951171875,2055.199951171875,2028.699951171875,2038.199951171875,2012.8675537109373,7570161,-9.815209958363713e-05,0.03704076821690072,0.005475790893209043,2002.325,2057.609997558594,2014.0930891720113,56.43834501640982,-13.091268448114306,-22.038773453677845,8.947505005563539,0.009440700117165718,-0.45422198619607523,1.0179166474832382,0.9905667029175843,2011.300048828125
2026-02-10,2052.0,2057.0,2008.4000244140625,2011.300048828125,1986.302001953125,9077763,-0.013197872136285649,0.007009462603385197,-0.01599801916432242,2000.6900024414062,2055.8039965820312,2013.8270853297363,53.29884762207563,-11.84005701394085,-19.999030165730446,8.158973151789596,0.009702076504499434,0.19915058609717806,1.005303193585099,0.97835204726331,2012.0999755859373
