Date,Open,High,Low,Close,Adj Close,Volume,Daily_Return,Return_5D,Return_20D,SMA_20,SMA_50,EMA_20,RSI_14,MACD,MACD_Signal,MACD_Histogram,Volatility_20,Volume_Change,Price_vs_SMA20,Price_vs_SMA50,Target_Next_Day_Close
2024-11-06,1527.800048828125,1581.6500244140625,1520.4200439453125,1565.9000244140625,1540.8323974609375,4255360,0.03750081080954293,0.011249770203705989,0.06128898283700335,1491.5580078125,1415.468203125,1494.2207767023451,64.47819210491286,35.51075725139776,35.259018077114575,0.2517391742831876,0.03162129782302333,2.5650727824903132,1.0498418540963028,1.1062770756396694,1570.6700439453125
2024-11-07,1590.0,1590.0,1548.0999755859375,1570.6700439453125,1545.526123046875,2837565,0.0030461839561148896,0.030069188016483395,0.07853463660131044,1497.2765075683594,1421.8598046875,1501.5016592969134,66.45848202177112,37.33563413431375,35.674341288554416,1.6612928457593341,0.031385221505334134,-0.3331786264851857,1.0490180243969414,1.1046588691565962,1590.760009765625
2024-11-08,1576.0,1606.0,1570.3599853515625,1590.760009765625,1565.2945556640625,2684930,0.012790697764789138,0.053106815197637935,0.0776630728041432,1503.0085083007812,1428.546005859375,1510.002454579648,83.81828344341403,39.94252202386747,36.52797743561703,3.414544588250436,0.03137288082409505,-0.05379083827154618,1.0583839020073484,1.1135518234910933,1613.3800048828125
2024-11-11,1590.1400146484375,1615.989990234375,1572.5799560546875,1613.3800048828125,1587.552490234375,2344495,0.014219615138879593,0.06941966577664394,0.08541324604350597,1509.3565063476562,1435.4374047851563,1519.8479355609018,86.05299686077075,43.334214174332146,37.889224783360056,5.44498939097209,0.03144836130187964,-0.12679473952765996,1.0689191043319994,1.1239640262295443,1619.8499755859375
2024-11-12,1630.0,1631.989990234375,1605.0,1619.8499755859375,1593.9189453125,1951690,0.004010196409738542,0.0732458246745884,0.08424419586092258,1515.6495056152344,1442.4720043945313,1529.37193937281,76.24702132103931,46.013808659711,39.51414155863025,6.499667101080753,0.03144832659344865,-0.1675435434923086,1.0687497139573874,1.1229680511309885,1611.239990234375
2024-11-13,1619.8499755859375,1631.4599609375,1602.0,1611.239990234375,1585.44677734375,2643950,-0.005315298009896274,0.028954572522775335,0.11825659682518053,1524.1690063476562,1449.0664038085938,1537.168896597721,69.13473587279829,46.9019957223793,40.99171239138006,5.910283330999235,0.03011876964431149,0.3546977235114184,1.0571268563552316,1.111915910823368,1614.800048828125
2024-11-14,1612.0,1631.1099853515625,1598.0,1614.800048828125,1588.949951171875,1564270,0.002209514793157563,0.02809629244087697,0.11254270085190599,1532.3365112304687,1456.0380053710937,1544.5623396672834,68.35486410335842,47.347366377562366,42.26284318861653,5.0845231889458375,0.03012871719595593,-0.4083587057243896,1.0538155535636478,1.1090370188630951,1601.3199462890625
2024-11-18,1615.0,1618.3800048828125,1581.0899658203125,1601.3199462890625,1575.685546875,1890055,-0.008347846254305735,0.0066382964486222384,0.11042382883542157,1540.2985107421875,1461.859404296875,1549.9678260122146,65.97040753065184,46.0813965586774,43.0265538626287,3.054842696048695,0.03017203807601489,0.20826647573628598,1.0396166295827112,1.0953994218474554,1623.300048828125
2024-11-19,1601.3199462890625,1647.9000244140625,1599.0,1623.300048828125,1597.313720703125,1720995,0.01372624039936543,0.006148609698452878,0.18918720249246812,1553.2110107421875,1467.8268041992187,1556.9518472327775,68.05354734450371,46.31779423578746,43.68480193726045,2.6329922985270073,0.02679904887408715,-0.08944713249085345,1.0451252518821934,1.105920701396188,1642.02001953125
2024-11-21,1629.800048828125,1647.699951171875,1621.4200439453125,1642.02001953125,1615.7340087890625,1651020,0.011532045918829947,0.013686479784828842,0.2073232311899713,1567.3095092773438,1474.7042041015625,1565.05357792787,71.51531521615833,47.46849897638458,44.441541345085284,3.0269576312992967,0.026635363325599057,-0.04065961841841492,1.0476680003609202,1.1134572038001491,1665.5
2024-11-22,1647.800048828125,1668.8499755859375,1643.050048828125,1665.5,1638.838134765625,2027685,0.014299448355966415,0.033675932880571136,0.10184176310497706,1575.0065063476563,1480.7862036132813,1574.6199038395016,82.38490015472351,49.70214359428678,45.493661794925586,4.208481799361195,0.011925785984672458,0.22814078569611507,1.0574559490945803,1.1247403547763997,1722.3199462890625
2024-11-25,1673.2099609375,1728.0,1671.8499755859375,1722.3199462890625,1694.7486572265625,2726845,0.03411584886764496,0.06658403158890525,0.11852753310495445,1584.1320007324218,1487.868203125,1588.6865745489836,90.76765528193323,55.41838915451376,47.47860726684322,7.9397818876705415,0.013284197747317886,0.3448070089782189,1.087232595195823,1.157575612323483,1723.31005859375
2024-11-26,1722.0,1736.0,1717.7099609375,1723.31005859375,1695.72265625,1391695,0.0005748712989248617,0.07618097344468255,0.11327098794492851,1592.8990051269532,1494.8284033203124,1601.5078587437233,91.46574332714431,59.34436384675223,49.85175858282502,9.49260526392721,0.013333594598751154,-0.4896317905858235,1.081870258595838,1.1528480826066285,1734.5799560546875
2024-11-27,1725.0,1748.9000244140625,1708.43994140625,1734.5799560546875,1706.8121337890625,1464925,0.006539680659749525,0.06855165642784056,0.12556860915469947,1602.5745056152343,1501.4650024414063,1614.181391820958,91.80209267211406,62.64300405725021,52.41000767771006,10.232996379540147,0.013128132797224603,0.05261928799054383,1.082370866363418,1.1552583331840784,1732.2099609375
2024-11-28,1735.5999755859375,1737.989990234375,1720.8299560546875,1732.2099609375,1704.480224609375,1939545,-0.0013663222089675964,0.05492621303849665,0.11701432270675483,1611.6475036621093,1508.152001953125,1625.4222079272954,88.6353801260801,64.32446895291037,54.792899932750124,9.53156902016024,0.013230871994186728,0.3239892827277846,1.0748069643029505,1.1485645735272108,1737.1700439453125
2024-11-29,1725.0,1741.5799560546875,1708.199951171875,1737.1700439453125,1709.36083984375,1134725,0.002863442145967232,0.04303214887139739,0.12185502289764383,1621.0820068359376,1514.9012036132813,1636.0648589766304,88.64540703861572,65.30448973557031,56.89521789331417,8.409271842256146,0.0131438513943262,-0.4149529915521424,1.0716114524865759,1.1467216738635395,1742.1400146484375
2024-12-02,1737.2099609375,1754.6099853515625,1728.699951171875,1742.1400146484375,1714.25146484375,1185985,0.0028609580970193615,0.011507773803630217,0.142521790122345,1631.9480102539062,1522.3010034179688,1646.1672547548978,87.7882865011558,65.72456647624495,58.66108760990033,7.063478866344617,0.012201377835435267,0.04517394082266635,1.0675217615403,1.144412314474517,1743.6500244140625
2024-12-03,1738.0,1749.7900390625,1719.0,1743.6500244140625,1715.7371826171875,1255050,0.0008667556872170579,0.011802847502039304,0.1543222816498393,1643.6035095214843,1529.5116040039063,1655.4513280557708,86.34965250291908,65.42514514068353,60.013899116056976,5.41124602462655,0.011693920818721334,0.05823429470018593,1.0608702246697597,1.1400044431500824,1753.1800537109375
2024-12-04,1743.6500244140625,1755.0,1735.6400146484375,1753.1800537109375,1725.1146240234375,1473405,0.0054655631367754864,0.010723113449642385,0.16208532485315597,1655.830010986328,1536.7938061523437,1664.7588257372151,86.57884760421007,65.205200332907,61.05215935942699,4.15304097348001,0.011531786248880403,0.17398111629018764,1.058792292734579,1.1408036957803456,1763.56005859375
2024-12-05,1753.2099609375,1779.4000244140625,1748.5999755859375,1763.56005859375,1735.3284912109375,1843620,0.00592067247219763,0.018098324315882985,0.16846220204063567,1668.5430114746093,1544.5238061523437,1674.168466961647,91.38676505511796,65.117834273786,61.86529434229879,3.252539931487213,0.01141689366013798,0.25126492715852056,1.056946117939847,1.14181474676461,1780.2900390625
2024-12-06,1754.0,1784.0,1751.1099853515625,1780.2900390625,1751.79052734375,1341275,0.009486481839518612,0.02482197713889711,0.13691168740396376,1679.2625122070312,1552.137607421875,1684.2752833522045,91.96202508137394,65.64188683723796,62.62061284128662,3.02127399595134,0.009067781233504373,-0.27247751705882994,1.0601618425475894,1.1469923997393439,1783.719970703125
2024-12-09,1788.300048828125,1797.0,1779.219970703125,1783.719970703125,1755.16552734375,1640065,0.0019266139591676001,0.023867172388597258,0.13564270075633433,1689.9150085449219,1560.1848071289062,1693.7462059570541,98.7335711597331,65.57802641996682,63.212095557022664,2.365930862944154,0.009093481464752484,0.22276565208477006,1.0555086863445118,1.1432747983141653,1801.7099609375
2024-12-10,1774.010009765625,1809.5899658203125,1772.0,1801.7099609375,1772.8675537109375,1984440,0.010085658359974214,0.03329793003785153,0.13260953875937287,1700.4625061035156,1568.7220068359375,1704.0284683361442,98.70598068202116,66.21576432917777,63.81282931145369,2.402935017724083,0.009013488329265754,0.20997643386085318,1.0595411274700701,1.148520867997187,1799.239990234375
2024-12-11,1800.0,1807.5899658203125,1791.239990234375,1799.239990234375,1770.437255859375,1204175,-0.0013709036174944789,0.02627222253980288,0.11519913770411594,1709.7555053710937,1576.9654077148436,1713.0962323264519,97.10007869846201,65.76378623239361,64.20302069564168,1.56076553675193,0.008965071635020286,-0.3931915301042107,1.0523375913001427,1.1409508296327349,1839.18994140625
2024-12-12,1811.5999755859373,1870.199951171875,1806.0899658203125,1839.18994140625,1809.74755859375,3366405,0.02220379237272896,0.04288477868613483,0.13540758040939704,1720.7225036621094,1585.6834057617189,1725.1051570007182,97.36054470677675,67.84711817332595,64.93184019117854,2.9152779821474155,0.009698541285154695,1.7956111030373494,1.0688474971949362,1.1598720997668217,1860.1500244140625
2024-12-13,1833.989990234375,1865.3900146484373,1818.43994140625,1860.1500244140625,1830.372314453125,2085325,0.01139636670249855,0.044857851023879736,0.1544835255382908,1733.1680053710938,1594.38060546875,1737.9665729448463,96.71888990584259,70.37820117982687,66.02111238890821,4.357088790918667,0.009348404215483648,-0.3805483891569791,1.073265845347624,1.1666913270480834,1856.93994140625
2024-12-16,1857.800048828125,1870.989990234375,1848.0,1856.93994140625,1827.21337890625,1158075,-0.0017257118865042775,0.041049027821481676,0.14995038720357234,1745.275,1603.2788037109376,1749.2973699411705,94.62362260188425,71.3031376409374,67.07751743931405,4.225620201623343,0.009500245990295704,-0.44465490990612977,1.0639812874224692,1.1582139906722337,1880.5899658203125
2024-12-17,1858.0,1884.0,1856.0,1880.5899658203125,1850.48486328125,1472610,0.012736020097748879,0.043780634282428066,0.1743998881537927,1759.2385009765626,1612.3884033203126,1761.801426691565,95.03420918278984,73.10184322451391,68.28238259635403,4.819460628159888,0.008848836853896383,0.27160158020853564,1.0689795413051653,1.1663380621863229,1894.27001953125
2024-12-18,1881.5999755859373,1901.5999755859373,1874.0,1894.27001953125,1863.9459228515625,2166950,0.007274341541522622,0.05281676141741154,0.16692537581006084,1772.7869995117187,1621.4416040039061,1774.4174831524874,96.72468672967034,74.769302388308,69.57976655474482,5.189535833563184,0.00875025072968244,0.4715029777062494,1.0685265742883898,1.1682628685816592,1931.4200439453125
2024-12-19,1837.6400146484373,1934.469970703125,1837.6400146484373,1931.4200439453125,1900.501220703125,3270965,0.019611789254446066,0.0501471329647134,0.17624634351088964,1787.2570007324218,1630.7822045898438,1789.3701079898995,97.23746376957868,78.1871791520798,71.30124907421182,6.885930077867982,0.009111447290278268,0.5094787604697848,1.0806616189802656,1.1843519254191774,1874.0899658203125
2024-12-20,1948.0,1959.4200439453125,1869.219970703125,1874.0899658203125,1844.0888671875,2766050,-0.02968286381034535,0.007493987701685967,0.12524164864623977,1797.6864990234376,1638.7546044921876,1797.4386658785102,75.57464846315607,75.40064127723349,72.12112751481617,3.2795137624173236,0.012306405914703951,-0.15436270336124047,1.042500996051525,1.1436062243138898,1881.27001953125
2024-12-23,1889.9200439453125,1905.0,1876.25,1881.27001953125,1851.1539306640625,1558340,0.003831221468492574,0.013102242879527326,0.09228835419613168,1805.6340026855469,1647.25400390625,1805.4226043216281,76.09995828203475,72.93095758268782,72.2830935283905,0.6478640542973295,0.010375052578703416,-0.43661900544097176,1.0418888970484652,1.1420643173852127,1878.739990234375
2024-12-24,1881.27001953125,1894.0,1863.050048828125,1878.739990234375,1848.6644287109373,1205330,-0.0013448517600388454,-0.0009837208639633666,0.09019266780550117,1813.405499267578,1655.3064038085938,1812.4052125037947,74.46224476157452,69.96307249253618,71.81908932121964,-1.856016828683451,0.010421808374588401,-0.22652951217320993,1.0360286163206107,1.1349801981746077,1898.6500244140625
2024-12-26,1881.0,1914.800048828125,1864.3199462890625,1898.6500244140625,1868.255859375,1494590,0.010597546378519285,0.0023122389298524393,0.09458778062474171,1821.6090026855468,1663.5510034179688,1820.6190041142963,75.37660510340216,68.42877125968539,71.14102570891279,-2.7122544492274017,0.010505253563579123,0.23998407075240813,1.0422928419956952,1.1413236026506275,1890.219970703125
2024-12-27,1905.6099853515625,1910.0,1872.010009765625,1890.219970703125,1859.9605712890625,1097480,-0.004440025071781761,-0.021331493049035588,0.09121873983457962,1829.509503173828,1671.4756030273438,1827.2476675989467,71.31496056282823,65.77438542498771,70.06769765212778,-4.293312227140063,0.01061872144867687,-0.2656982851484354,1.033184013214458,1.1308690161433381,1963.5899658203125
2024-12-30,1878.02001953125,2005.3599853515625,1877.5,1963.5899658203125,1932.15625,6871995,0.038815585621971405,0.04775651203106723,0.13033837571869156,1840.830499267578,1681.9304028320312,1840.2326483819338,77.4350633028763,68.79804986099725,69.81376809390167,-1.015718232904419,0.01309440966031288,5.261612967890075,1.0666870016558165,1.1674620795926058,1932.5899658203125
2024-12-31,1940.010009765625,1941.4000244140625,1896.0,1932.5899658203125,1901.65234375,1806665,-0.01578741007013107,0.02727941537167,0.10931954353296214,1850.3529968261719,1691.553203125,1849.0285833760652,69.20072736363633,67.91005989079417,69.43302645328018,-1.5229665624860047,0.0139805824983484,-0.7370974513223598,1.044443935365413,1.142494343216647,1925.7099609375
2025-01-01,1938.0,1948.989990234375,1908.5400390625,1925.7099609375,1894.882568359375,798575,-0.0035599920337432422,0.025000782943501054,0.10441311844366075,1859.4559936523438,1701.2258032226562,1856.3315717152493,68.3167452109664,65.89160513840693,68.72474219030553,-2.8331370518986034,0.01408897295177016,-0.5579839095792524,1.0356308337015387,1.131954357434269,1939.3299560546875
2025-01-02,1923.800048828125,1951.489990234375,1920.0,1939.3299560546875,1908.2845458984373,1858400,0.0070727136450792205,0.021425713595205176,0.10617842813676126,1868.7634887695312,1712.7114013671876,1864.2361797475767,65.70082371490484,64.64578857379524,67.90895146700348,-3.263162893208232,0.014095917384439445,1.3271452274363709,1.0377610477244608,1.1323156688900415,1933.9300537109373
2025-01-03,1946.0,1949.0,1906.2099609375,1933.9300537109373,1902.9710693359373,1501210,-0.002784416507820908,0.023124336683181257,0.0966057233418176,1877.2819885253907,1724.1890014648438,1870.873691553611,62.16126269837305,62.50225588095054,66.82761234979289,-4.325356468842344,0.01420492113636651,-0.1922029702970297,1.0301755759293487,1.1216462070387299,1926.3499755859373
2025-01-06,1933.9300537109373,1950.4000244140625,1920.0,1926.3499755859373,1895.5123291015625,1655670,-0.003919520310703528,-0.018965257962508364,0.0820427757941915,1884.5849853515624,1732.4847998046876,1876.1571471757375,61.27847005053624,59.50589490785637,65.36326886140559,-5.857373953549214,0.014284098648049848,0.10289033512966217,1.022161372694256,1.111900073122203,1924.0400390625
2025-01-07,1928.0,1955.5999755859373,1913.050048828125,1924.0400390625,1893.2392578125,3033345,-0.0011991260947973315,-0.0044240769687445836,0.07866709498355973,1891.6009887695313,1740.1693994140626,1880.7174225935244,57.586345800945885,56.295920349769176,63.549799159078304,-7.253878809309128,0.01432555690932362,0.8320951638913552,1.0171489920366714,1.1056624945309055,1911.5999755859373
2025-01-08,1923.4100341796875,1923.4100341796875,1874.5999755859373,1911.5999755859373,1880.998291015625,1219475,-0.006465594906551075,-0.007327160183921766,0.060992066997985095,1897.0954895019531,1747.4419995117187,1883.6586181166113,53.03895432246173,52.147064332057425,61.269252193674134,-9.122187861616709,0.014426550640939877,-0.597976820968271,1.0076456278370005,1.093941873962105,1856.5999755859373
2025-01-09,1913.06005859375,1921.969970703125,1850.510009765625,1856.5999755859373,1826.8790283203125,1249660,-0.028771709930128897,-0.0426590535614958,0.03188011919637823,1899.9634887695313,1753.7526000976563,1881.0816045422614,37.65264821229853,43.91480318619165,57.798362392177644,-13.883559205985996,0.01607650803817017,0.02475245494987588,0.977176659741142,1.0586441756280527,1880.8299560546875
2025-01-10,1875.0,1909.8499755859373,1853.989990234375,1880.8299560546875,1850.7210693359373,3126025,0.01305072755971759,-0.027457093163404833,0.02264041016698881,1902.0454895019532,1760.35419921875,1881.0576380196353,51.248700730666556,38.897448272422935,54.01817956822671,-15.120731295803772,0.01558464638523076,1.5015004081110064,0.9888459379313683,1.068438361376026,1741.1099853515625
2025-01-13,1864.699951171875,1864.699951171875,1733.5899658203125,1741.1099853515625,1713.23779296875,4296765,-0.07428633846103128,-0.09616112989958137,-0.063994859285609,1896.093487548828,1764.2067993164062,1867.7292901464855,32.58535623554394,23.377443787911034,47.89003241216358,-24.512588624252544,0.022766468139175284,0.3745139594213098,0.9182616768555962,0.9869081028517783,1718.47998046875
2025-01-14,1750.800048828125,1761.989990234375,1707.9200439453125,1718.47998046875,1690.9698486328125,4304205,-0.012997458559887098,-0.10683772396644631,-0.07456351056386079,1889.1704895019532,1768.08,1853.5150701771774,31.035216988840006,9.146243944289381,40.14127471858874,-30.99503077429936,0.02287126463001002,0.0017315352363929115,0.9096479063262296,0.9719469596787194,1716.6700439453125
2025-01-15,1717.4000244140625,1743.469970703125,1696.27001953125,1716.6700439453125,1689.18896484375,3338060,-0.001053219440440456,-0.10197213545207096,-0.08716409470125941,1880.9744934082032,1772.2026000976562,1840.4822105360474,27.501110773049774,-2.2521696039423205,31.66258585408253,-33.91475545802485,0.022558193400986762,-0.22446537746227235,0.91264929426811,0.9686646683910273,1746.27001953125
2025-01-16,1720.3699951171875,1792.699951171875,1720.3699951171875,1746.27001953125,1718.3150634765625,1870420,0.017242670302505925,-0.05942580927798813,-0.07813036075850666,1873.5744934082031,1776.955,1831.509620916543,33.08818299051869,-8.795633224858875,23.57094203829425,-32.36657526315312,0.02293441571866038,-0.4396685499961055,0.9320526222336777,0.9827317065042447,1728.31005859375
2025-01-17,1738.0,1755.0,1720.3499755859375,1728.31005859375,1700.642578125,1539025,-0.010284755929281242,-0.08109180575838448,-0.10516095967227801,1863.418994140625,1781.3352001953126,1821.6810911715152,18.220861707765195,-15.254746812045596,15.80580426822628,-31.06055108027188,0.02229326188532642,-0.17717678382395396,0.9274940654937432,0.9702329232612993,1732.4200439453125
2025-01-20,1728.31005859375,1746.3900146484375,1690.0400390625,1732.4200439453125,1704.6868896484375,1751100,0.002378037049038939,-0.004991035304696911,-0.07559398132361772,1856.335498046875,1784.6656005859375,1813.180039054734,20.845343375186275,-19.813600542485574,8.681923306083911,-28.495523848569484,0.021589139248870747,0.13779828137944472,0.9332472744113663,0.9707252963112687,1652.219970703125
2025-01-21,1735.800048828125,1746.5400390625,1648.4300537109375,1652.219970703125,1625.770751953125,2384255,-0.046293665051083455,-0.03855733585418386,-0.12175288313221333,1844.8829956054688,1786.2965991210938,1797.8505087355331,17.17672643653377,-29.55728266351798,1.0340821121635333,-30.591364775681512,0.023494764388325946,0.36157558106333165,0.8955689735548167,0.9249415643046411,1645.6400146484375
2025-01-22,1663.1600341796875,1672.989990234375,1628.52001953125,1645.6400146484375,1619.2960205078125,1743890,-0.003982493960466571,-0.04137663469307784,-0.12407250433672734,1833.2279968261719,1787.39419921875,1783.3542712034287,14.146535701640133,-37.37928329645547,-6.648590969560267,-30.730692326895202,0.02347346094444886,-0.268580751639401,0.8976734031432525,0.9206922655157594,1839.2900390625
2025-01-23,1742.0,1864.0,1730.4200439453125,1839.2900390625,1809.845947265625,11712525,0.11767459632137856,0.053267832861391806,-0.031264311267623635,1830.2599975585938,1791.9123999023439,1788.681487190007,42.084572015712226,-27.63379143684915,-10.845631063018043,-16.788160373831108,0.03626446735176165,5.7163209835482744,1.0049337479461669,1.026439707188107,1846.9200439453125
2025-01-24,1820.0,1886.0,1814.5,1846.9200439453125,1817.3538818359373,4203395,0.004148342415153605,0.06862772380557125,-0.022907348048865295,1828.0950012207031,1796.4538012695311,1794.228016404798,43.35725588280335,-19.074858206485032,-12.491476491711442,-6.583381714773591,0.036272182312039616,-0.6411196560946508,1.0102976282480063,1.0280921461159298,1760.3399658203125
2025-01-27,1819.0999755859373,1826.1600341796875,1750.0,1760.3399658203125,1732.159912109375,2747535,-0.04687808679581562,0.016116138792424017,-0.10350939021787575,1817.9325012207032,1799.43580078125,1791.0005830157993,38.00099175192387,-19.058436885470655,-13.804868570463285,-5.253568315007371,0.03643826722806122,-0.3463533643638059,0.9683197613983365,0.9782732815786128,1699.760009765625
2025-01-28,1752.8499755859375,1763.3199462890625,1687.6700439453125,1699.760009765625,1672.549560546875,4544885,-0.03441378212785018,0.02877343205231253,-0.12047561053948652,1806.2910034179688,1801.135,1782.3110046110207,35.495974644514575,-23.660970101169596,-15.776088876604547,-7.884881224565049,0.03696713133055415,0.6541681907600814,0.94102224201374,0.9437160511375466,1749.31005859375
2025-01-29,1700.0,1756.800048828125,1691.0400390625,1749.31005859375,1721.3065185546875,1885050,0.029151202842427892,0.06299679335851582,-0.09160252889686082,1797.4710083007812,1804.0948022460936,1779.1680573712806,42.59895951485121,-23.044592285571525,-17.229789558397943,-5.814802727173582,0.03778447237370742,-0.585237030199884,0.9732062717648171,0.969633112636799,1665.469970703125
2025-01-30,1756.0,1756.9100341796875,1660.050048828125,1665.469970703125,1642.376220703125,2721965,-0.047927517182415946,-0.09450389262585923,-0.14121371378632996,1783.778009033203,1804.9382006835938,1768.3396681647896,36.27301208985248,-28.987156936585052,-19.581263034035366,-9.405893902549685,0.03891087374640111,0.44397496087636923,0.9336755819777146,0.9227296369883206,1652.77001953125
2025-01-31,1664.81005859375,1679.0,1641.02001953125,1652.77001953125,1629.8524169921875,1847675,-0.007625445907327499,-0.10512096885327393,-0.14538273172816207,1769.7200073242188,1805.1532006835937,1757.3330349615953,43.2813148432343,-34.32577597959039,-22.530165623146374,-11.795610356444016,0.03889910705492903,-0.3211981050454359,0.9339161068932057,0.9155843497966611,1615.27001953125
2025-02-01,1660.0,1681.0999755859375,1602.199951171875,1615.27001953125,1592.8724365234375,937265,-0.022689182134750685,-0.08241018729666827,-0.16148672878616788,1754.1660095214843,1804.1486010742187,1743.803223968229,42.324000435777315,-41.10873077420047,-26.245878653357195,-14.862852120843272,0.03904391028536181,-0.492732758737332,0.9208193584664638,0.8953087448392514,1668.8199462890625
2025-02-03,1595.0,1671.97998046875,1564.030029296875,1668.8199462890625,1645.6798095703125,2057765,0.033152306493841044,-0.01820260701440357,-0.1326480154216515,1741.4050048828126,1803.0786010742188,1736.6619594273561,46.695572302248394,-41.68274700269649,-29.333252323225054,-12.349494679471434,0.04010287531891758,1.1954996719177609,0.9583181061325624,0.9255392112661261,1691.81005859375
2025-02-04,1669.5999755859375,1697.5999755859375,1662.3699951171875,1691.81005859375,1668.35107421875,2373995,0.013776268887371712,-0.032870101968214605,-0.11497694067756936,1730.415509033203,1802.4486010742187,1732.3903498241555,46.20445845285078,-39.82348868444706,-31.431299595469458,-8.392189088977599,0.04035427185131656,0.15367644021547644,0.977690069097322,0.9386176435685708,1700.4300537109375
2025-02-05,1692.1099853515625,1724.800048828125,1690.02001953125,1700.4300537109375,1676.8516845703125,1488925,0.0050951317338499,0.02099112179912388,-0.08411608527879733,1722.6070129394532,1801.7656030273438,1729.3465120990872,48.03129611058732,-37.22534094787261,-32.59010786595009,-4.635233081922522,0.040028147500924774,-0.3728188138559685,0.9871259323444452,0.9437576402023985,1704.27001953125
2025-02-06,1717.68994140625,1723.97998046875,1698.0,1704.27001953125,1680.638427734375,1204375,0.0022582321524677873,0.031159810131724308,-0.09387341793183557,1713.7790161132812,1801.2068041992188,1726.9582747116742,48.011470788138965,-34.459212644971785,-32.96392882175443,-1.4952838232173562,0.03986373131321685,-0.19111103648605543,0.9944514453190139,0.9461823126350752,1707.1700439453125
2025-02-07,1706.239990234375,1723.0,1689.949951171875,1707.1700439453125,1683.4981689453125,1508765,0.0017016226189674466,0.05689452741822798,-0.01949327824881597,1712.0820190429688,1800.6068041992187,1725.073681305354,54.3575884405047,-31.66797954676281,-32.7047389667561,1.0367594199932952,0.03629112544893932,0.25273689673066935,0.9971309931165553,0.9481081821772521,1682.8900146484375
2025-02-10,1710.0,1710.0,1675.9599609375,1682.8900146484375,1659.5546875,1345735,-0.014222384807528132,0.008431148243800868,-0.020710142815050236,1710.3025207519531,1799.4218041992187,1721.0561892427904,52.87329632487894,-31.057095786415402,-32.37521033068796,1.3181145442725608,0.03631456884191586,-0.10805526374219976,0.983972130210354,0.9352393144960026,1619.3499755859375
2025-02-11,1683.0,1693.81005859375,1614.199951171875,1619.3499755859375,1596.8958740234375,1279875,-0.037756501321789426,-0.04282991618340537,-0.056691190425686266,1705.4365173339843,1796.9358032226562,1711.369883180233,28.774370758553218,-35.293277200970124,-32.9588237047444,-2.334453496225727,0.037262248352950035,-0.04893979869736609,0.9495222830793953,0.9011729704988719,1600.8800048828125
2025-02-12,1578.8800048828125,1626.530029296875,1565.4000244140625,1600.8800048828125,1578.681884765625,5689675,-0.011405793053748003,-0.05854404220324838,-0.08325746478054086,1698.1670166015624,1793.8898022460937,1700.847037628098,26.742168038516724,-39.68340814081694,-34.303740591958906,-5.379667548858031,0.037022351900628206,3.445492723898818,0.9427105751273839,0.8924071048725415,1575.0899658203125
2025-02-13,1603.0,1613.989990234375,1566.010009765625,1575.0899658203125,1553.2493896484375,1720920,-0.016109913912247253,-0.07579787957923934,-0.08865312795674285,1690.5060119628906,1790.120400390625,1688.870173646404,30.214680974559627,-44.72806190048777,-36.38860485366468,-8.339457046823092,0.03709965440963187,-0.6975363267673461,0.9317269235803749,0.879879345253319,1558.6700439453125
2025-02-14,1591.0,1591.4100341796875,1535.199951171875,1558.6700439453125,1537.057373046875,2360225,-0.010424751748353889,-0.08698606241755091,-0.10029322888940484,1681.8185119628906,1785.6880004882812,1676.4701612939193,33.3616443254551,-49.48055577173477,-39.0069950372787,-10.473560734456072,0.037094293044559884,0.3714902494014829,0.9267766009580614,0.8728680729887346,1536.7900390625
2025-02-17,1546.5999755859375,1549.800048828125,1498.8299560546875,1536.7900390625,1515.4805908203125,2375535,-0.014037611724050159,-0.08681492807862334,-0.06986353735423145,1676.0470153808594,1780.7494018554687,1663.1672925099747,23.188334821018813,-54.38555214844314,-42.082706459511584,-12.302845688931555,0.03586885372471684,0.006486669703100301,0.9169134427373357,0.863001856106888,1538.449951171875
2025-02-18,1539.989990234375,1558.699951171875,1507.43994140625,1538.449951171875,1517.1175537109375,2664345,0.0010801163901268396,-0.04995833243816861,-0.06513579064827357,1670.6875122070312,1775.4842016601563,1651.2894504777748,29.78288932220528,-57.476305014364925,-45.16142617048226,-12.314878843882667,0.03587960888933297,0.1215768237470718,0.92084841715225,0.8664959957026688,1554.9300537109375
2025-02-19,1537.800048828125,1571.550048828125,1512.22998046875,1554.9300537109375,1533.3690185546875,1992460,0.010712147331480848,-0.028702932781797474,-0.1546031236577038,1656.4695129394531,1770.5980029296875,1642.1123650714094,34.61248862982313,-57.928182356180514,-47.71477740762191,-10.213404948558605,0.022433329376425074,-0.2521764261009741,0.9387012809862519,0.8781948534552174,1558.6700439453125
2025-02-20,1548.0,1575.0,1523.0,1558.6700439453125,1537.057373046875,2927410,0.002405246606076661,-0.010424751748353889,-0.15607064363449785,1642.0570129394532,1764.9876049804689,1634.1654773451146,40.04082756582393,-57.323720284989804,-49.636565983095494,-7.68715430189431,0.02238649149006734,0.46924405006875913,0.9492179818745334,0.8831053768009666,1499.239990234375
2025-02-21,1540.010009765625,1549.3900146484375,1487.0,1499.239990234375,1478.451171875,3057110,-0.0381286943582414,-0.0381286943582414,-0.14832360831179892,1629.0020141601562,1757.769404296875,1621.3154309536155,20.76612504413913,-60.9377361060408,-51.89680000768456,-9.04093609835624,0.021664898395094317,0.044305375741696684,0.920342625240595,0.852921883023721,1525.6800537109375
2025-02-24,1470.0,1541.2900390625,1449.0,1525.6800537109375,1504.524658203125,3253465,0.01763564449239996,-0.007229344978276986,-0.1024144320695548,1620.2980163574218,1751.1442065429687,1612.2072997876462,21.697512468436372,-60.96560399498958,-53.71056080514557,-7.2550431898440095,0.021420766553540062,0.06422896133930411,0.9416045926790714,0.8712475237678269,1526.75
2025-02-25,1516.02001953125,1543.0999755859375,1502.4599609375,1526.75,1505.5797119140625,1271640,0.0007012913922941344,-0.0076050255407807965,-0.12722733600049352,1609.1700134277344,1744.0674072265624,1604.06850933168,19.629989656001214,-60.20732125250311,-55.00991289461708,-5.197408357886026,0.019913374150084318,-0.6091428676810724,0.9487810406980122,0.8753962109915561,1497.800048828125
2025-02-27,1543.989990234375,1543.989990234375,1482.0899658203125,1497.800048828125,1477.03125,1368470,-0.018961815079007738,-0.03674120565517924,-0.10067423899826511,1600.7865173339844,1736.1380078125,1593.9477035694367,16.810812041181705,-61.23649958190117,-56.255230232073906,-4.981269349827265,0.017676413319788236,0.07614576452455091,0.9356650825137025,0.8627194624437281,1472.4300537109375
2025-02-28,1479.93994140625,1490.9300537109375,1419.6300048828125,1472.4300537109375,1452.01318359375,7373890,-0.01693817217928184,-0.055329215166080914,-0.10911376881791424,1591.7695190429688,1726.9582080078126,1582.3745940591034,14.80871064886999,-63.36880130708073,-57.67794444707528,-5.690856860005454,0.017866902943466656,4.3884191834676685,0.92502717013718,0.8526147574870998,1471.4100341796875
2025-03-03,1472.6199951171875,1483.68994140625,1447.75,1471.4100341796875,1451.007080078125,1711805,-0.0006927456612824123,-0.01856270926333603,-0.08906249952767065,1584.5765197753906,1718.904609375,1571.8065407372542,15.918910943678313,-64.3986255693917,-59.02208067153856,-5.376544897853137,0.017431809949616343,-0.7678559078044289,0.9285825050520475,0.8560161082555346,1442.47998046875
2025-03-04,1460.0,1477.97998046875,1428.52001953125,1442.47998046875,1422.478271484375,2133295,-0.01966144924862223,-0.054533106754472205,-0.13562875151607712,1573.259521484375,1710.12880859375,1559.489725473587,17.917652920011065,-66.77939102171126,-60.57354274157311,-6.205848280138156,0.015295946623295543,0.2462254754484301,0.9168735105494648,0.8434920066956305,1562.8399658203125
2025-03-05,1506.2099609375,1601.199951171875,1500.0,1562.8399658203125,1541.1693115234375,16970990,0.08343962272006733,0.023638425295767096,-0.07623201677890412,1566.811016845703,1703.8108081054688,1559.8087959827988,44.962118566687614,-58.28227804580615,-60.115289802419724,1.8330117566135726,0.025100949176732588,6.955294509198212,0.9974655201024913,0.9172614461567438,1525.030029296875
2025-03-06,1570.6500244140625,1588.0,1514.3599853515625,1525.030029296875,1503.8837890625,5258055,-0.024193095486646055,0.01817998369679219,-0.10315039070926668,1558.041015625,1696.338408203125,1556.4965324889013,43.574809441367485,-53.97698756745626,-58.88762935542704,4.910641787970775,0.02541532542184652,-0.6901739379965459,0.978812504935961,0.89901285139932,1541.449951171875
2025-03-07,1519.0,1548.0,1492.0699462890625,1541.449951171875,1520.0758056640625,3535940,0.010766949869551512,0.046874822533666594,-0.09553654438171588,1549.9000122070313,1689.3630078125,1555.0635247444225,47.78980188169305,-48.678923053734934,-56.845888095088625,8.166965041353691,0.025615931350280605,-0.3275193964308095,0.994547996019999,0.9124444799864816,1506.9100341796875
2025-03-10,1538.4000244140625,1541.4200439453125,1496.1600341796875,1506.9100341796875,1486.014892578125,1325145,-0.02240742034208043,0.02412651754124484,-0.11730525056708418,1539.88701171875,1680.2294091796875,1550.4774780239713,46.285612832835355,-46.72859325969807,-54.82242912801052,8.093835868312446,0.025864662777815853,-0.6252354395153764,0.978584807009798,0.8968477911093004,1526.4200439453125
2025-03-11,1489.969970703125,1532.7900390625,1440.0,1526.4200439453125,1505.25439453125,2961420,0.012947030229475853,0.058191492854746674,-0.09297694403149226,1532.0635131835938,1672.1060107421874,1548.1862938260037,48.56810665309006,-43.11168345959413,-52.48027999432724,9.368596534733108,0.026117362649741807,1.2347894004052389,0.9963164260556311,0.912872768914807,1480.06005859375
2025-03-12,1538.0,1548.010009765625,1455.81005859375,1480.06005859375,1459.537353515625,3819490,-0.030371708977128375,-0.05296761603041833,-0.08601594410855351,1525.0990173339844,1663.1930126953125,1541.6980809467414,41.680184070001296,-43.48485343388711,-50.68119468223922,7.1963412483521125,0.025671610637781738,0.2897495120584044,0.9704681740475011,0.8898907386552908,1458.449951171875
2025-03-13,1485.0,1492.0,1455.0,1458.449951171875,1438.226806640625,1455270,-0.014600831430048422,-0.043658207934238025,-0.08896984988038725,1517.9775146484376,1653.5754125976562,1533.7696876348493,39.28860413408792,-45.0055523997205,-49.54606622573549,4.540513826014987,0.025728805354124154,-0.6189883989747322,0.960784950434296,0.8819978454328538,1473.010009765625
2025-03-17,1462.8199462890625,1479.77001953125,1446.18994140625,1473.010009765625,1452.5849609375,2070180,0.009983241853483538,-0.044399716873206985,-0.064808968547726,1512.873516845703,1644.35701171875,1527.9830516473041,46.899162608238385,-44.522613269749854,-48.54137563453837,4.018762364788515,0.02576221591879224,0.4225401471891814,0.9736504693642913,0.8957969584877277,1473.010009765625
2025-03-18,1473.010009765625,1473.010009765625,1473.010009765625,1473.010009765625,1452.5849609375,0,0.0,-0.022496382428375372,-0.05495713124944934,1508.5905151367188,1635.2902124023437,1522.747523849049,43.35829375511243,-43.6368619483228,-47.560472897295256,3.9236109489724527,0.025710290419289693,-1.0,0.9764147361301226,0.9007636678762243,1510.0899658203125
2025-03-20,1530.0,1556.0,1510.4000244140625,1515.6600341796875,1494.6435546875,1799675,0.003688567228078421,0.02405306148168207,-0.014813557616760842,1506.116015625,1619.092412109375,1520.9818508984706,52.182625105357765,-35.342533357504635,-43.8252358616761,8.482702504171463,0.026289304212934007,-0.08518003604024915,1.0063368415551486,0.936117063389276,1549.3599853515625
2025-03-21,1492.31005859375,1562.0,1474.02001953125,1549.3599853515625,1527.8763427734375,5739725,0.022234505371855562,0.06233332457287322,-0.0035821986629441804,1505.8375122070313,1612.9476123046875,1523.6845303701937,59.21382818398358,-29.00384332469116,-40.860957354279115,11.857114029587954,0.02666972014024848,2.189311959103727,1.0289025029538164,0.9605767562021021,1553.9100341796875
2025-03-24,1557.0999755859375,1573.760009765625,1525.0,1553.9100341796875,1532.36328125,2805970,0.0029367279851961747,0.05492157139307885,-0.00305389186384597,1505.59951171875,1606.4092138671874,1526.5631497806216,59.79809976247031,-23.344138197882103,-37.357593522999714,14.013455325117611,0.026672349227171457,-0.5111316308708169,1.032087233082181,0.9673189251939635,1591.6400146484375
2025-03-25,1574.0,1616.5,1562.0,1591.6400146484375,1569.5699462890625,4540895,0.024280672393410363,0.08053577646881571,0.061631243173828176,1510.2195129394531,1603.419814453125,1532.7609464346992,67.35226379688723,-15.634067212728269,-33.01288826094543,17.378821048217162,0.02558342234184195,0.6182977722498815,1.0539130245711827,0.9926533277819664,1605.43994140625
2025-03-26,1598.469970703125,1625.0999755859375,1591.6400146484375,1605.43994140625,1583.1787109375,3309815,0.008670256233072049,0.06314191719970896,0.05227825290191812,1514.2075073242188,1601.159013671875,1539.6827554796087,56.589529909768984,-8.314398440685636,-28.073190296893475,19.75879185620784,0.02539684252167566,-0.2711095499895946,1.0602509455545162,1.0026736430909242,1621.52001953125
2025-03-27,1587.0,1633.0,1587.0,1621.52001953125,1599.0357666015625,2713415,0.010015994812558882,0.06984414906002101,0.06207304374078926,1518.9460083007812,1599.2560131835937,1547.476780627384,66.00112551974316,-1.2021229604163182,-22.698976829598045,21.496853869181727,0.02544074024828291,-0.18019133999936554,1.067529728291802,1.0139214773395386,1621.8399658203125
2025-03-28,1634.489990234375,1650.0,1604.9000244140625,1621.8399658203125,1599.3514404296875,2518165,0.00019731257413346803,0.04678059402205603,0.08281473691313868,1525.1480041503905,1596.767412109375,1554.5589887409963,64.08324953947236,4.409394831633335,-17.27730249735177,21.686697328985105,0.024912991945533945,-0.07195729366867953,1.0633984120929862,1.0157020700202142,1556.1600341796875
2025-04-01,1613.989990234375,1613.989990234375,1552.0,1556.1600341796875,1534.58203125,2221335,-0.0404971717461684,0.0014479602747321518,0.05686516670705477,1529.3345031738281,1593.3244116210938,1554.7114692589669,57.77918060387678,3.516208870236369,-13.118600223834141,16.634809094070512,0.026476612362907024,-0.1178755164971318,1.017540656377129,0.9766749463132909,1552.31005859375
2025-04-02,1556.1600341796875,1566.8800048828125,1530.81005859375,1552.31005859375,1530.7855224609375,2470850,-0.00247402291626575,-0.024710333802065665,0.05498129177783162,1533.3795043945313,1589.7222119140624,1554.4827634813273,54.302238922532474,2.4692279834234796,-10.001034582382617,12.470262565806097,0.02649301701780127,0.1123265963936102,1.0123456418616301,0.9764662322511886,1431.47998046875
2025-04-03,1519.219970703125,1529.989990234375,1428.4000244140625,1431.47998046875,1411.630859375,6409960,-0.0778388811282077,-0.1083565672255068,-0.007625755746312302,1532.8295043945313,1585.307412109375,1542.7682127182247,43.52887038813639,-8.018062168448978,-9.60444009959589,1.5863779311469113,0.031779351982304575,1.5942327539105974,0.9338807586654496,0.902966812325727,1321.5799560546875
2025-04-04,1410.0699462890625,1418.77001953125,1312.22998046875,1321.5799560546875,1303.2547607421875,11705110,-0.07677370687229224,-0.18497462865939163,-0.15437281810168646,1520.76650390625,1578.8262109375,1521.7026644645546,35.239945226989164,-24.91017962339197,-12.665588004355106,-12.244591619036862,0.02979622473315754,0.8260815980130922,0.8690222678235412,0.8370648693942946,1268.1400146484375
2025-04-07,1195.0,1282.989990234375,1194.010009765625,1268.1400146484375,1250.5556640625,11740295,-0.04043640429125772,-0.2180856056244591,-0.1684491516320359,1507.9220031738282,1567.4032104492187,1497.5538406725434,29.61613904256417,-42.12388315897783,-18.55724703527965,-23.56663612369818,0.030476927332627426,0.003005952101261755,0.8409851517381504,0.8090707012683659,1294.52001953125
2025-04-08,1299.5999755859375,1338.010009765625,1274.0400390625,1294.52001953125,1276.5699462890625,4082910,0.02080212324987296,-0.16813181735923333,-0.16019328519417608,1495.575506591797,1556.3552099609376,1478.2172862781345,33.12661701474556,-53.02597091661755,-25.450991811547233,-27.57497910507032,0.030894476214294028,-0.6522310555228807,0.8655664751298825,0.8317638616468156,1264.72998046875
2025-04-09,1270.0,1278.800048828125,1235.0,1264.72998046875,1247.193115234375,5467845,-0.023012420521149712,-0.18525943095770514,-0.16071301419316142,1483.46650390625,1546.4430102539063,1457.8851619153359,26.480964337224094,-63.33962146771273,-33.02871774278034,-30.310903724932395,0.030909387753621266,0.3392029214457335,0.8525504129270698,0.8178316123405656,1263.3299560546875
2025-04-11,1304.72998046875,1319.5899658203125,1256.97998046875,1263.3299560546875,1245.8123779296875,8440465,-0.0011069749556689157,-0.11746585820850974,-0.17235759510247284,1470.3119995117188,1537.7144091796874,1439.3560946905122,25.617924250109112,-70.80998072490388,-40.58497033920504,-30.225010385698837,0.030559812970884375,0.5436547670974579,0.8592257673706202,0.8215634506075977,1293.199951171875
2025-04-15,1283.199951171875,1305.0,1267.0,1293.199951171875,1275.268310546875,2791565,0.023643858814580643,-0.021474300327265383,-0.12625170602834623,1460.968994140625,1528.59220703125,1425.4364619744515,25.063272787769677,-73.47308331620502,-47.162592934605044,-26.310490381599976,0.03095193923046105,-0.6692640749058256,0.8851659113632075,0.8460071595441788,1281.5999755859375
2025-04-16,1293.199951171875,1297.5999755859375,1267.5,1281.5999755859375,1263.8291015625,2153440,-0.008969978366783704,0.010613939140806439,-0.12125885803886327,1452.1264953613281,1520.9148071289062,1411.7377489850692,23.85002982185661,-75.64761378842513,-52.85959710536906,-22.78801668305607,0.03089759758813923,-0.2285904143374774,0.8825677237347295,0.8426507320323002,1320.0
2025-04-17,1267.9000244140625,1333.5999755859375,1250.199951171875,1320.0,1301.6966552734375,8477320,0.029962566436930738,0.019682955909771316,-0.10387574337663252,1444.4759948730468,1514.2594067382813,1403.0008205103009,23.94790036660433,-73.42597487421745,-56.972872659138744,-16.4531022150787,0.031751850779041385,2.936640909428635,0.9138261935021033,0.871713257402365,1387.5999755859375
2025-04-21,1333.9000244140625,1412.199951171875,1333.199951171875,1387.5999755859375,1368.3592529296875,4754435,0.051212102716619246,0.09715116824513625,-0.05798333589958249,1440.2054931640625,1509.706005859375,1401.5340733746473,31.062005748854887,-65.45602069384631,-58.669502266080265,-6.7865184277660475,0.034148705175537426,-0.4391582481255869,0.9634736030185851,0.9191193319762078,1391.199951171875
2025-04-22,1387.0,1408.5,1374.699951171875,1391.199951171875,1371.9093017578125,2141160,0.002594390061456453,0.1012166255572049,-0.07873041827932015,1434.2609924316407,1504.1536059570312,1400.5498712600975,29.532923582922393,-58.17863950073047,-58.57132971301031,0.39269021227983814,0.03355676795058399,-0.5496499584072556,0.969976844181783,0.9249055054365353,1478.4000244140625
2025-04-23,1440.5999755859375,1486.0,1427.699951171875,1478.4000244140625,1457.900146484375,8121570,0.06267975582426866,0.1432107023158813,-0.02458335571656811,1432.3979919433593,1499.8854052734375,1407.964171560475,38.95834492256389,-44.85785193124025,-55.82863415665629,10.970782225416045,0.03667373825783215,2.7930701115283303,1.0321153986039113,0.985675318405103,1450.199951171875
2025-04-24,1480.0,1496.9000244140625,1446.199951171875,1450.199951171875,1430.09130859375,3868135,-0.019074724551201294,0.13155429057249712,-0.06400064227629276,1427.439990234375,1494.8808032226561,1411.9866267615607,41.34398165774731,-36.159715354164746,-51.894850396157985,15.735135041993239,0.036483143398123107,-0.5237207830505678,1.0159446008891504,0.9701107593632493,1478.0
2025-04-25,1462.0,1502.800048828125,1436.300048828125,1478.0,1457.505859375,5022010,0.019169804002310498,0.11969696969696964,-0.048850983975890605,1423.6444885253907,1490.3554028320314,1418.273614689031,44.15810844735975,-26.715191743623564,-46.8589186656511,20.14372692202754,0.03679344764611818,0.29830267040834935,1.0381805372849164,0.9917097607667587,1475.5
2025-04-28,1482.0,1493.800048828125,1451.0,1475.5,1455.0404052734375,2291125,-0.001691474966170503,0.0633468045262433,-0.07296877031210514,1417.8374877929687,1485.722001953125,1423.7237466234092,54.25166170066468,-19.210619778172486,-41.32925888815538,22.118639109982894,0.03627743911282553,-0.5437832660627916,1.0406693381318262,0.9931198421106457,1497.0
2025-04-29,1491.199951171875,1511.0,1470.0999755859375,1497.0,1476.242431640625,2852330,0.014571331751948469,0.07604949147604878,-0.06754531179239531,1412.4154907226562,1482.0042016601562,1430.7024374211796,70.43188386262773,-11.396945220874159,-35.34279615469914,23.94585093382498,0.03640238747502419,0.24494735119209987,1.0598864214056918,1.0101185936740567,1461.0
2025-04-30,1495.199951171875,1502.0,1455.9000244140625,1461.0,1440.741455078125,2021165,-0.024048096192384794,-0.01176949683896189,-0.09899354778096003,1404.3894897460937,1478.8372021484374,1433.5879195715434,73.4144190740694,-8.017035579448248,-29.87764403964896,21.860608460200712,0.03656519733759632,-0.2913986109601624,1.0403096937617649,0.9879383598664385,1475.0999755859375
2025-05-02,1467.800048828125,1507.300048828125,1464.300048828125,1475.0999755859375,1454.6461181640625,2079045,0.009650907314125545,0.01717006292404122,-0.09047747825116348,1397.052490234375,1476.3216015625,1437.5414487157714,72.59734137603084,-4.15281161900316,-24.7326775555198,20.57986593651664,0.036690745570339904,0.02863694948210571,1.0558658217190315,0.9991725204215195,1499.300048828125
2025-05-05,1484.0,1519.0,1480.0,1499.300048828125,1478.5103759765625,2420060,0.016405717336260395,0.014411399748393006,-0.03653864904809456,1394.209490966797,1474.8058032226563,1443.4232201550433,79.77002569247605,0.8525299376340172,-19.615636056889038,20.468165994523055,0.03591640389833531,0.1640248287074113,1.075376447042011,1.0166084548568668,1485.199951171875
2025-05-06,1570.0,1599.800048828125,1478.0,1485.199951171875,1464.6058349609375,11503675,-0.009404453543018887,0.006574009604795039,-0.043232411624434475,1390.853985595703,1473.3364013671876,1447.4019564423604,77.27885483857895,3.6395842793710926,-14.964591989637013,18.604176269008107,0.035962372813447024,3.753466856193648,1.0678331201932485,1.0080521663577162,1520.0
2025-05-07,1480.0,1523.0,1467.199951171875,1520.0,1498.9234619140625,2994720,0.02343122136562581,0.015364061456245803,0.0618381121210394,1395.2799865722657,1473.0006005859375,1454.3160558288023,77.55100346102859,8.557769390617977,-10.260119713586015,18.817889104203992,0.03151488307360958,-0.7396727567494735,1.0893870869130213,1.0319072506795768,1550.9000244140625
2025-05-08,1524.199951171875,1585.800048828125,1524.0,1550.9000244140625,1529.3951416015625,5923215,0.020328963430304325,0.06153321315130911,0.17351963254948588,1406.7459899902344,1473.2496020507813,1463.5145290273986,81.24852688547328,14.778483098948982,-5.2523991510790164,20.030882250028,0.025383686307896714,0.9778860794999198,1.1024733928154498,1.0527069019772284,1536.199951171875
2025-05-09,1511.0,1549.0,1511.0,1536.199951171875,1518.61962890625,2793100,-0.009478414475969421,0.041420904750315346,0.21138039445727208,1420.1489868164062,1472.875,1470.4369501840154,76.54711663158248,18.31119046821982,-0.5396812272192495,18.850871695439068,0.023093655600991476,-0.52844865499564,1.0817174574166504,1.042994110954341,1662.300048828125
2025-05-12,1600.199951171875,1674.800048828125,1568.5,1662.300048828125,1643.276611328125,6150415,0.08208573210802128,0.10871739791338175,0.28410532378637865,1438.53798828125,1474.9476000976563,1488.709626245359,79.49320829070577,30.929573656400862,5.754169749504773,25.17540390689609,0.028134270974507332,1.2020031506211737,1.1555482457673736,1.1270231218506095,1653.300048828125
2025-05-13,1679.800048828125,1685.0,1642.5,1653.300048828125,1634.379638671875,3061420,-0.00541418500609725,0.11318347911580062,0.3072355952338208,1457.9664916992188,1478.0288012695312,1504.384904586575,77.81784882889345,39.74534881914792,12.552405563433403,27.192943255714518,0.027210444867478065,-0.5022417186482538,1.1339767122502593,1.1185844601999955,1692.699951171875
2025-05-14,1647.0,1699.0,1646.0,1692.699951171875,1673.32861328125,3161205,0.023831065856241285,0.11361838892886511,0.3398716171174214,1479.434991455078,1481.36919921875,1522.319670928032,75.31298330265477,49.34236887642396,19.910398226031518,29.431970650392444,0.027061042348390747,0.03259435164074187,1.1441529779602164,1.1426590697744878,1692.199951171875
2025-05-15,1692.699951171875,1709.0,1672.300048828125,1692.199951171875,1672.83447265625,2536890,-0.0002953860781137463,0.09110834001772372,0.30853697422307613,1499.384991455078,1484.6781982421876,1538.4987452369694,80.58642453401333,56.259209446922796,27.180160470209774,29.079048976713022,0.027191171169162136,-0.19749272824761444,1.1285960315833758,1.1397755777483543,1685.199951171875
2025-05-16,1696.0,1699.9000244140625,1682.0,1685.199951171875,1665.91455078125,1186730,-0.004136626995617343,0.09699258217417395,0.31491883838513246,1519.564990234375,1488.4261962890625,1552.4702886593413,77.6413806310913,60.478851381679306,33.839898652503685,26.63895272917562,0.02699821725673276,-0.5322106989266385,1.1090015642647524,1.1322025609152861,1655.0999755859375
2025-05-19,1685.800048828125,1685.800048828125,1650.5,1655.0999755859375,1636.1590576171875,1391245,-0.017861367468594014,-0.004331392065628159,0.2538636178681344,1536.3199890136718,1492.0795947265624,1562.2445445571125,72.31608545280199,60.694483319357914,39.210815585874535,21.48366773348338,0.02763154259585907,0.17233490347425273,1.077314613766448,1.1092571612369313,1641.0999755859375
2025-05-20,1675.5999755859375,1704.0,1636.5999755859375,1641.0999755859375,1622.319091796875,4093215,-0.008458703526379896,-0.00737922511454292,0.18268953910362762,1548.9949890136718,1495.4733935546874,1569.7545856074767,68.24510984929628,59.054941580281366,43.179640784755904,15.875300795525462,0.02633488466127075,1.9421237812175427,1.0594611262305722,1.0973782500303138,1653.199951171875
2025-05-21,1642.4000244140625,1663.0,1629.199951171875,1653.199951171875,1634.28076171875,1140780,0.007373088639293535,-0.0233355001709864,0.18832663110669667,1562.094989013672,1499.68779296875,1577.7017632802765,75.90294133324383,58.062649762159026,46.15624258023653,11.906407181922496,0.026297802732415776,-0.7212997607015512,1.0583222933297596,1.102362744381106,1652.4000244140625
2025-05-22,1640.0,1673.9000244140625,1634.0999755859375,1652.4000244140625,1633.4898681640625,1588285,-0.0004838657037495864,-0.023519635921423143,0.11769480325121195,1570.794989013672,1501.478994140625,1584.815883388256,74.78333128574744,56.559718713010625,48.23693780679135,8.322780906219272,0.023109280650925382,0.39227984361577173,1.0519514233054892,1.1005149128708374,1664.300048828125
2025-05-23,1662.199951171875,1694.199951171875,1648.0999755859375,1664.300048828125,1645.2537841796875,1916425,0.007201660759041717,-0.012402031182837558,0.1476348813025683,1581.4999938964843,1504.26439453125,1592.3858039063389,73.8853401886823,55.686943129608835,49.726938871354854,5.960004258253981,0.02235375075253334,0.20660020084556607,1.0523553937724899,1.1063879826436658,1691.0999755859375
2025-05-26,1672.5999755859375,1697.0,1656.5999755859375,1691.0999755859375,1671.7469482421875,1328450,0.016102821589582428,0.02175095192497678,0.1441813095980633,1592.1549926757812,1507.2573950195313,1601.7871535901102,78.7489581753197,56.5064214523004,51.082835387543966,5.423586064756435,0.02227726226902477,-0.3068082497358362,1.062145320879765,1.1219715897058338,1691.9000244140625
2025-05-27,1690.0,1695.9000244140625,1680.0,1691.9000244140625,1672.5379638671875,823720,0.00047309374943838023,0.03095487757227433,0.14666216497056084,1602.9749938964844,1510.9571948242187,1610.36933176382,76.51959848242598,56.5683366093333,52.179935631901834,4.388400977431466,0.022238112325688838,-0.3799390266852347,1.055474995465413,1.11975377608953,1693.4000244140625
2025-05-28,1707.0,1714.800048828125,1691.199951171875,1693.4000244140625,1674.0206298828125,1397865,0.0008865772080826062,0.024316522156736964,0.13119574109155807,1612.7949951171875,1514.2967944335937,1618.2770167781287,74.17713328986795,56.091850346503634,52.9623185748222,3.1295317716814353,0.02220643531517729,0.6970147622978682,1.0499784718708272,1.118274852485216,1726.0999755859375
2025-05-29,1708.800048828125,1739.800048828125,1703.0999755859375,1726.0999755859375,1706.346435546875,1920635,0.019310234262686743,0.04460176112500891,0.18145104420666502,1626.0499938964845,1519.2175927734374,1628.54586999792,80.36458717609091,57.687854646070946,53.90742578907195,3.780428856998995,0.021168692422652426,0.3739774584813269,1.061529462233633,1.1361769267263564,1710.0999755859375
2025-05-30,1734.4000244140625,1736.800048828125,1693.0,1710.0999755859375,1690.5296630859375,1536140,-0.009269451495455105,0.027519032274295308,0.1593112357734625,1637.7999938964845,1524.2505932617187,1636.3129276729692,61.79664119414568,57.00452063979401,54.52684475921637,2.4776758805776424,0.021537746648497093,-0.20019160329786767,1.0441445731828611,1.1219283647622027,1717.0999755859375
2025-06-02,1709.9000244140625,1723.0999755859375,1690.5,1717.0999755859375,1697.449462890625,1574265,0.004093327934000746,0.015374608465115402,0.14526773805419935,1648.689990234375,1529.132392578125,1644.0069322361092,65.90229615417148,56.377925385419985,54.89706088445709,1.4808645009628947,0.021449531099670745,0.024818701420443512,1.0414935407849704,1.1229243353421465,1699.800048828125
2025-06-03,1728.0,1731.300048828125,1696.4000244140625,1699.800048828125,1680.347412109375,910355,-0.010075084155719671,0.004669321059202813,0.1444923947694201,1659.4199951171875,1533.668193359375,1649.3205623877298,51.98882559308472,53.8644685600259,54.69054241957085,-0.8260738595449553,0.021477057975403616,-0.421726964646994,1.024333835815981,1.1083232058851347,1724.5
2025-06-04,1719.0,1730.5,1694.0,1724.5,1704.7647705078125,1812516,0.014531092165166015,0.018365404002340435,0.1345394736842105,1669.6449951171876,1537.9563940429687,1656.4805088269936,57.9674631259199,53.251762382217066,54.4027864121001,-1.1510240298830325,0.02120882617304387,0.9909991157295781,1.0328542924054118,1.1212931697410788,1766.0
2025-06-05,1724.5,1792.0,1713.0,1766.0,1745.789794921875,2409185,0.024064946361264106,0.023115708810851565,0.13869364381962868,1680.3999938964844,1542.963193359375,1666.910936557756,67.03207180131128,55.475405549093466,54.61731023949878,0.8580953095946882,0.02135265656675517,0.32919378366866825,1.0509402561380803,1.1445509572752828,1775.5
2025-06-06,1779.5,1783.5,1744.0,1775.5,1755.1810302734375,1206610,0.00537938844847119,0.03824339240263086,0.15577402449829347,1692.3649963378907,1547.4859936523437,1677.252752123684,77.79320722391138,57.343212525431454,55.16249069668532,2.1807218287461367,0.02101507492879686,-0.4991625798765973,1.0491235660404257,1.147344794901505,1794.0
2025-06-09,1788.5,1805.0,1772.0,1794.0,1773.469482421875,1439693,0.010419600112644423,0.04478482645590942,0.07922754454872316,1698.9499938964843,1552.28779296875,1688.3715376357143,84.5771619473634,59.62889363195927,56.055771283740114,3.573122348219158,0.011641539259647154,0.19317177878519165,1.0559463235792608,1.1557135269156342,1830.5
2025-06-10,1817.0,1895.0,1817.0,1830.5,1809.5516357421875,6550333,0.02034559643255296,0.07689136805354368,0.10717954753432446,1707.809991455078,1557.0649926757812,1701.907581670408,86.11002548810771,63.65181878799126,57.57498078459035,6.076838003400908,0.011978825419135171,3.5498123558286387,1.0718405496857342,1.1756092447074589,1816.5
2025-06-11,1835.0,1848.0,1810.5,1816.5,1795.7117919921875,2303047,-0.007648183556405397,0.053348796752682004,0.07313762178726169,1713.9999938964843,1561.2861938476562,1712.8211453208453,81.716289909398,64.96149725738405,59.052284079149096,5.909213178234957,0.011454663409596581,-0.6484076458402954,1.059801637379531,1.1634638205077514,1784.5
2025-06-12,1821.5,1828.0,1766.5,1784.5,1764.0780029296875,1603658,-0.01761629507294249,0.010475651189127966,0.05454441052560344,1718.6149963378907,1564.5457934570313,1719.6477029093362,71.55667779369577,62.69459010653918,59.780745284627116,2.9138448219120647,0.012381759899489357,-0.3036798641104589,1.0383361042481885,1.1405866210262572,1792.5
2025-06-13,1769.0,1822.0,1744.5,1792.5,1771.986572265625,1328872,0.004483048472961659,0.009574767671078677,0.06367199853851724,1723.979998779297,1567.958994140625,1726.586016917971,69.50001385029196,60.84223162531839,59.993042552765374,0.8491890725530169,0.012279704704487849,-0.17134950220059386,1.03974524140026,1.143205917181809,1829.5
2025-06-16,1792.5,1849.0,1785.0,1829.5,1808.5631103515625,1346285,0.020641562064156238,0.01978818283166106,0.10537129296514047,1732.7,1573.4257934570312,1736.387348640069,73.22755823379569,61.649161799572084,60.324266402126725,1.32489539744536,0.011819735416126024,0.013103594627624116,1.0558665666301148,1.1627494652800492,1840.5
2025-06-17,1835.0,1862.5,1815.5,1840.5,1819.437255859375,1357037,0.006012571740912742,0.005462988254575363,0.12150388604013518,1742.6700012207032,1579.1895922851563,1746.3028392457766,74.05954494941287,62.4563103771261,60.750675197126604,1.705635179999497,0.011381646240396875,0.00798642189432397,1.0561379944055782,1.165471206871821,1833.5
2025-06-18,1831.0,1850.0,1806.5,1833.5,1812.5174560546875,1254949,-0.00380331431676173,0.009358656757500583,0.1090612473707846,1751.6850036621095,1587.2299926757812,1754.6073307461788,69.1785841494246,61.81853435809171,60.96424702931963,0.8542873287720809,0.011573679930254722,-0.07522860467326975,1.0467064547374936,1.1551571029155343,1794.0
2025-06-19,1839.0,1840.0,1778.0,1794.0,1773.469482421875,1334241,-0.02154349604581407,0.005323620061641998,0.08569352063290392,1758.7650024414063,1596.6783935546875,1758.359013532257,63.82208536398486,57.46337041886977,60.26407170722966,-2.800701288359889,0.012993913492602023,0.06318344410808718,1.0200339428574499,1.1235825619247062,1832.0
2025-06-20,1795.5,1839.0,1780.0,1832.0,1811.0345458984373,1770433,0.021181716833890807,0.02203626220362631,0.10076305128390572,1767.15,1607.9555932617188,1765.3724408148992,67.17489780941186,56.42769074661487,59.496795515106704,-3.069104768491833,0.013528926153096126,0.3269214482241214,1.0366975072857425,1.1393349466099432,1831.0
2025-06-23,1815.0,1848.0,1805.5,1831.0,1810.0457763671875,655286,-0.0005458515283842669,0.0008198961464880306,0.0827272346010115,1774.145001220703,1618.6851928710937,1771.6226845468134,70.61596029299949,54.893438117394,58.57612403556416,-3.682685918170165,0.01331372427639161,-0.6298724662271885,1.0320464216510927,1.131164977639858,1862.0
2025-06-24,1859.0,1875.0,1835.5,1862.0,1840.691162109375,1519443,0.016930638995084735,0.011681608258625298,0.10053784096660578,1782.65,1630.6305932617188,1780.2300479233072,71.1864406779661,55.53875656324749,57.96865054110083,-2.4298939778533395,0.013585781020184803,1.318747844452651,1.0445123832496563,1.141889528930938,1880.0
2025-06-25,1870.0,1895.0,1863.0,1880.0,1858.4852294921875,1087112,0.009667024704618665,0.025361330788110203,0.11019249609997117,1791.979998779297,1642.963994140625,1789.7319481210875,68.93687707641196,56.84732507138642,57.74438544715795,-0.897060375771531,0.013591506633952434,-0.2845325556799433,1.0491188524875628,1.1442734026459052,1888.0
2025-06-26,1884.0,1894.0,1861.0,1888.0,1866.3935546875,2528144,0.004255319148936065,0.0523968784838349,0.09379527646369623,1800.075,1654.8599951171875,1799.0908102047936,68.78130217028381,57.86290068236258,57.768088494198885,0.09481218816369363,0.013187246327325012,1.325559831921642,1.0488451870060969,1.1408820115119787,1899.5
2025-06-27,1896.0,1955.0,1893.0,1899.5,1877.761962890625,3971962,0.006091101694915224,0.03684497816593879,0.11075377294778788,1809.5450012207032,1667.2179956054688,1808.6535901852894,68.03418803418803,58.916552221647635,57.99778123968864,0.9187709819589926,0.012779489858695463,0.5710980070755463,1.0497113908295257,1.13932311491766,1924.5
2025-06-30,1916.0,1929.5,1883.0,1924.5,1902.4759521484373,1701327,0.013161358252171684,0.051064991807755256,0.12078506048740123,1819.9150024414062,1679.3079956054687,1819.6865815962142,66.72597864768683,61.06495098067012,58.61121518788494,2.4537357927851815,0.012893166642349083,-0.5716658417175189,1.0574669681926319,1.1460077633383317,1922.5
2025-07-01,1930.0,1961.300048828125,1906.0999755859373,1922.5,1900.498779296875,2376579,-0.0010392309690828716,0.03249194414607959,0.13101538108873956,1831.05,1690.00599609375,1829.4783357299082,69.70260223048328,61.89272834479675,59.2675178192673,2.6252105255294538,0.012458724275543516,0.39689724550306904,1.0499440211900275,1.1375699284166048,1926.0999755859373
2025-07-02,1920.0999755859373,1955.9000244140625,1906.0,1926.0999755859373,1904.0574951171875,1567953,0.001872549069408258,0.0245212636095411,0.11690343611825882,1841.1299987792968,1700.7039965820313,1838.6803966685775,79.42643182757945,62.123119165770504,59.83863808856794,2.284481077202564,0.012336745068769273,-0.3402478941369086,1.0461509925225145,1.1325309868483244,1938.300048828125
2025-07-03,1934.5,1956.4000244140625,1926.4000244140625,1938.300048828125,1916.1180419921875,1090866,0.006334080991032831,0.026641975014896735,0.09756514656179216,1849.7450012207032,1709.9019970703125,1848.1679825885344,79.77941579792979,62.568894236670985,60.38468931818855,2.184204918482436,0.011553367012892439,-0.3042737888189251,1.0478741921448533,1.1335737674727218,1950.5999755859373
2025-07-04,1943.0,1953.0,1923.699951171875,1950.5999755859373,1928.2772216796875,859326,0.006345728962473318,0.02690180341454984,0.09862009326158105,1858.5,1719.9099975585937,1857.923410493049,77.51022013145436,63.18630311635661,60.94501207782216,2.241291038534449,0.011558249942136528,-0.21225338400866833,1.0495560804874562,1.1341290988219193,1941.699951171875
2025-07-07,1950.5999755859373,1967.199951171875,1936.699951171875,1941.699951171875,1919.479248046875,932234,-0.004562711230112093,0.008937360962262941,0.08232996163426698,1865.8849975585938,1729.1839965820313,1865.9021286529373,73.21099797520074,62.23998273417533,61.204006209092796,1.035976525082532,0.011658396023896279,0.08484323760714796,1.0406321684951005,1.1228995613016952,1949.5999755859373
2025-07-08,1944.9000244140625,1994.0,1941.300048828125,1949.5999755859373,1927.28857421875,1511062,0.0040686123565560894,0.014096216169538156,0.0650641767746174,1871.8399963378906,1738.66599609375,1873.8733521703657,76.51894989429685,61.419477456560344,61.2471004585863,0.17237699797404105,0.011009425811113012,0.6209041935822981,1.0415420011326706,1.1213194368361097,1931.300048828125
2025-07-09,1954.0,1960.0,1922.5999755859373,1931.300048828125,1909.1982421875,939038,-0.009386503378628896,0.0026997940439752455,0.06319848545451423,1877.5799987792968,1747.3519970703126,1879.3425613758666,84.72435071791209,58.61687115915561,60.72105459870017,-2.1041834395445633,0.011106132317875758,-0.3785575972395574,1.0286113241959087,1.1052724648875716,1887.699951171875
2025-07-10,1936.0,1939.0,1875.4000244140625,1887.699951171875,1866.0970458984373,1659275,-0.022575517296085423,-0.026105399773808102,0.05783129793884845,1882.7399963378907,1755.88599609375,1880.1385032612009,63.69895174471045,52.275027994489164,59.03184927785797,-6.756821283368808,0.011636346550707404,0.7669945199235815,1.0026344343051254,1.0750697684082944,1867.800048828125
2025-07-11,1887.699951171875,1893.300048828125,1846.199951171875,1867.800048828125,1846.4249267578125,2092630,-0.010541877871743432,-0.04244844037432127,0.04200839544107393,1886.5049987792968,1763.7399975585938,1878.9634123628127,58.280840889937856,45.12316404039734,56.25011223036585,-11.126948189968509,0.012006487906472586,0.2611712946919589,0.9900848659487914,1.0589996549454983,1875.0
2025-07-14,1863.0,1890.800048828125,1842.0,1875.0,1853.54248046875,1090630,0.003854776198551013,-0.034351317324604946,0.024870183110139443,1888.7799987792969,1771.2539965820313,1878.5859445187352,53.27621129003282,39.579982813262404,52.916086346945164,-13.33610353368276,0.0112041006763635,-0.4788232989109398,0.9927042859474355,1.058572064547584,1893.9000244140625
2025-07-15,1875.0,1915.0,1872.199951171875,1893.9000244140625,1872.22607421875,1579538,0.01008001302083339,-0.028569938381915794,0.029013868195632897,1891.45,1779.427998046875,1880.04442831829,53.4872126247577,36.293674878443426,49.59160405324482,-13.297929174801396,0.011330558060385775,0.4482803517233158,1.0012953154532567,1.06433079983727,1882.4000244140625
2025-07-16,1892.199951171875,1894.300048828125,1869.199951171875,1882.4000244140625,1860.857666015625,1256821,-0.006072126221951968,-0.025319744823562806,0.02667031601530545,1893.895001220703,1786.6759985351562,1880.2687708036017,48.619334909172544,32.38795014457173,46.15087327151021,-13.762923126938475,0.011397526629006772,-0.2043110073958334,0.9939305099811597,1.0535766003222675,1865.300048828125
2025-07-17,1890.0,1893.4000244140625,1856.0,1865.300048828125,1843.9534912109373,851068,-0.009084134808838074,-0.011866240887405954,0.039743616961050776,1897.4600036621093,1792.9639990234375,1878.8431782345087,41.794633589735746,27.594715333177874,42.439641683843746,-14.844926350665872,0.0103731655521884,-0.3228407227441298,0.9830510499447075,1.0403443961195464,1859.300048828125
2025-07-18,1865.300048828125,1881.800048828125,1838.5999755859373,1859.300048828125,1838.022216796875,1092144,-0.003216640670636095,-0.0045508083187667525,0.014901773377797412,1898.8250061035155,1799.4260009765626,1876.9819278148532,32.787754807407154,23.046229764898726,38.56095930005475,-15.514729535156022,0.009386566852309056,0.28326291201173115,0.9791845182424168,1.0332739705989957,1874.300048828125
2025-07-21,1859.9000244140625,1884.800048828125,1843.0,1874.300048828125,1852.8505859375,746077,0.008067552092764219,-0.0003733072916666247,0.02364830629608128,1900.990008544922,1803.6660009765626,1876.726510768498,38.09289169270106,20.416547570208195,34.93207695408544,-14.515529383877244,0.009519107023982282,-0.3168693871870376,0.985959968439168,1.0391613789988383,1858.4000244140625
2025-07-22,1878.0,1883.5,1848.0,1858.4000244140625,1837.1324462890625,1001823,-0.008483179853729261,-0.018744389641677683,-0.001933391829182285,1900.810009765625,1807.7680004882814,1874.9811311156946,34.2338224106817,16.855210027716794,31.31670356881171,-14.461493541094917,0.008992124654443719,0.3427876747306242,0.9776884669516278,1.0280080319554863,1849.699951171875
2025-07-23,1867.699951171875,1869.0999755859373,1839.0,1849.699951171875,1828.5318603515625,1602723,-0.004681485755431258,-0.017371479397619627,-0.016117047249002647,1899.2950073242187,1810.9080004882812,1872.5733996924737,29.024593243360314,13.178883204134536,27.68913949587628,-14.510256291741744,0.008744348180263234,0.5998065526545109,0.9738876499116298,1.0214212708062111,1676.0
2025-07-24,1833.0,1837.5,1670.9000244140625,1676.0,1656.81982421875,11480454,-0.09390709615461013,-0.10148503933565689,-0.11228813559322037,1888.6950073242188,1810.5840014648438,1853.8521235312858,13.150832853100496,-3.708022898754507,21.409707016950122,-25.11772991570463,0.022500500827044276,6.163093060996816,0.8873852016871949,0.9256681814508693,1688.800048828125
2025-07-25,1675.0,1725.0,1653.5,1688.800048828125,1669.4732666015625,5036489,0.007637260637306076,-0.09170117545442025,-0.11092390164352461,1878.160009765625,1810.6560034179688,1838.132878321461,16.414355598439528,-15.875161700782883,13.95273327340352,-29.827894974186403,0.022545697257807643,-0.5612987953263869,0.8991779401366712,0.9327006596726177,1724.699951171875
2025-07-28,1688.800048828125,1732.0,1667.5,1724.699951171875,1704.9625244140625,2064973,0.021257639333123635,-0.07981651483698404,-0.10381919918322946,1868.1700073242187,1812.0480029296875,1827.329742402453,22.20023581154753,-22.36309690912958,6.689567236896901,-29.05266414602648,0.022969123057640133,-0.5899975161268098,0.9232028907487729,0.9517959504292437,1720.5
2025-07-29,1710.0,1726.9000244140625,1694.0,1720.5,1700.810546875,3254411,-0.002435177880663386,-0.0742036281760926,-0.10507152145643694,1858.0700073242188,1813.6360034179688,1817.1554812212669,23.00203617334489,-27.526425762324152,-0.15363136294731028,-27.372794399376843,0.022957927157495422,0.5760065627976734,0.9259608051462327,0.9486468049584121,1749.5
2025-07-30,1725.0,1753.0,1711.4000244140625,1749.5,1729.4786376953125,1877573,0.016855565242662074,-0.054170921672130334,-0.09168785516038125,1849.240008544922,1815.5620043945312,1810.7121020573368,31.61255681242349,-28.944687105854655,-5.91184251152878,-23.032844594325873,0.02344265609295125,-0.42306826027812716,0.9460643247582543,0.9636134683174524,1748.199951171875
2025-07-31,1725.5999755859375,1756.300048828125,1701.199951171875,1748.199951171875,1732.1539306640625,2814159,-0.0007430973581737943,0.04307872981615457,-0.09807568119867838,1839.7350036621094,1817.4780029296876,1804.758563877769,33.258662653245764,-29.829714137862993,-10.695416836795623,-19.13429730106737,0.023323268211530482,0.49882800828516394,0.9502455232367553,0.9618823162392394,1706.300048828125
2025-08-01,1744.800048828125,1746.5,1700.4000244140625,1706.300048828125,1690.6385498046875,1167544,-0.023967454246674236,0.0103623871944718,-0.12524347883498121,1827.5200073242188,1818.3180029296875,1795.3815624444696,28.476653073531267,-33.52561397511613,-15.261456264459724,-18.264157710656406,0.02353958217971096,-0.5851179695248208,0.9336696955380647,0.9383947395774126,1746.5
2025-08-04,1705.0,1749.5,1690.0,1746.5,1730.469482421875,1391708,0.023559719874288287,0.01263990806824844,-0.10053044037729197,1817.760009765625,1819.4260034179688,1790.7261755449963,32.163590830305935,-32.83237000512122,-18.775639012592023,-14.056730992529197,0.02447590641821908,0.19199619029347081,0.9607978999522533,0.9599181262216929,1706.699951171875
2025-08-05,1745.0,1748.0,1698.5999755859375,1706.699951171875,1691.0347900390625,1980437,-0.022788461968579976,-0.008020952530151115,-0.12458967350010386,1805.615008544922,1819.722001953125,1782.7236779856512,30.101911458493177,-35.09000474990307,-22.038512160054236,-13.051492589848838,0.0246888263878292,0.423026238262624,0.9452180797650996,0.9378904851070975,1638.300048828125
2025-08-06,1706.699951171875,1710.4000244140625,1634.0,1638.300048828125,1623.2625732421875,2517229,-0.04007728616666595,-0.06356098952379252,-0.15171127872014845,1790.9650085449218,1818.6200024414063,1768.9690466373154,26.968335027654078,-41.91532327252503,-26.013874382548394,-15.901448889976635,0.025816923354680575,0.27104724866279506,0.9147582677559791,0.9008479212968016,1704.0999755859375
2025-08-07,1638.300048828125,1708.0,1632.9000244140625,1704.0999755859375,1688.4586181640625,2503589,0.04016353829988528,-0.025225933427338143,-0.09726120693702378,1781.785009765625,1818.1800024414063,1762.7910398705174,35.957279346095135,-41.5361305415056,-29.118325614339838,-12.417804927165761,0.027679599361344977,-0.005418656784901166,0.9564004446361875,0.9372559225696658,1606.800048828125
2025-08-08,1682.0,1682.0,1601.300048828125,1606.800048828125,1592.0517578125,3441538,-0.057097546007743416,-0.05831330783137223,-0.13973658484683826,1768.735009765625,1816.11400390625,1747.934755009337,28.933679003933392,-48.52751352162659,-33.00016319579719,-15.527350325829396,0.0300504995852591,0.37464176428319496,0.908445889269214,0.884746246861202,1613.9000244140625
2025-08-11,1606.800048828125,1626.9000244140625,1584.300048828125,1613.9000244140625,1599.086669921875,1857927,0.004418705109646703,-0.07592326114282133,-0.13925332031250004,1755.6800109863282,1814.0500048828126,1735.1695425716919,30.474352935304452,-52.885692863622126,-36.977269129362185,-15.90842373425994,0.030061536458493576,-0.4601463066803272,0.9192449730673787,0.8896667787933003,1625.4000244140625
2025-08-12,1619.5999755859375,1652.0,1613.9000244140625,1625.4000244140625,1610.4810791015625,1170688,0.00712559627364473,-0.04763574681184546,-0.1417709470081816,1742.2550109863282,1812.5620043945312,1724.7153027471559,32.16726886641841,-54.780155962181425,-40.53784649592603,-14.242309466255392,0.02998020482056437,-0.3698955879321416,0.9329288847870143,0.8967417503364314,1621.699951171875
2025-08-13,1635.0,1640.0999755859375,1607.199951171875,1621.699951171875,1606.81494140625,873679,-0.0022764077683100625,-0.010132513679728006,-0.13849344977741174,1729.2200073242188,1810.5060034179687,1714.9043168828434,44.083668634583084,-55.93530917880912,-43.61733903250265,-12.317970146306472,0.0299995511698629,-0.2537046591406079,0.9378216446161067,0.8957164174602814,1642.0
2025-08-14,1626.0,1649.9000244140625,1621.5999755859375,1642.0,1626.9285888671875,1241786,0.012517758795920209,-0.036441509580202314,-0.11971266980259465,1718.0550048828125,1808.0260034179687,1707.9610486082868,44.982838429981996,-54.583527214905416,-45.8105766689832,-8.772950545922214,0.030307240616395413,0.4213298019066498,0.9557319150628707,0.9081727789843144,1655.5
2025-08-18,1664.0,1666.5999755859375,1642.0999755859375,1655.5,1640.3045654296875,1056549,0.008221680876979276,0.030308656766218744,-0.10961116736191967,1707.8650024414062,1805.6260034179688,1702.9647582646405,42.20720842087667,-51.82548120654906,-47.013557576496375,-4.811923630052682,0.03046810944803129,-0.14916982475241303,0.9693389100622415,0.9168565344463432,1652.699951171875
2025-08-19,1664.9000244140625,1664.9000244140625,1639.699951171875,1652.699951171875,1637.5303955078125,844413,-0.0016913614183781123,0.024041096828100628,-0.11823085519034249,1696.7849975585937,1802.8000024414061,1698.1776337796152,42.34070591194497,-49.297380893339096,-47.47032223986492,-1.8270586534741753,0.03032001270788606,-0.20078197982298973,0.9740184841036724,0.9167405973672836,1708.4000244140625
2025-08-20,1642.4000244140625,1721.0,1632.699951171875,1708.4000244140625,1692.71923828125,2185643,0.03370247164507534,0.05106435262293085,-0.08071459213809129,1689.2849975585937,1800.3580029296875,1699.1511947924198,45.62113978262481,-42.31157131930104,-46.43857205575215,4.127000736451109,0.031566700003460305,1.5883578296402354,1.0113154541022353,0.9489223930096217,1728.199951171875
2025-08-21,1715.0,1733.4000244140625,1678.0999755859375,1728.199951171875,1712.3375244140625,2306077,0.011589748580461023,0.06567182783907755,-0.06568632924654827,1683.2099975585938,1798.592001953125,1701.9177430190348,47.94997867897747,-34.77669420432585,-44.106196485466896,9.329502281141046,0.03174949991409364,0.05510232000377013,1.0267286634932877,0.9608626910912481,1747.699951171875
2025-08-22,1728.199951171875,1756.0,1721.199951171875,1747.699951171875,1731.658447265625,2262754,0.01128341659006371,0.06437268646277405,0.042780400460545875,1686.7949951171875,1797.8560009765624,1706.2779533193052,54.4477772916647,-26.92142929425313,-40.66924304722414,13.747813752971012,0.02352771892657526,-0.018786449888707146,1.0361069105795255,0.9721022986393552,1764.0
2025-08-25,1757.0,1797.5,1757.0,1764.0,1747.808837890625,2137912,0.00932657165619033,0.06553911205074003,0.04452862920276268,1690.5549926757812,1797.2860009765625,1711.775291098419,51.98187995469988,-19.15993375398375,-36.36738118857607,17.207447434592318,0.02355067217706938,-0.05517259056883783,1.0434443171872045,0.9814798529791717,1739.300048828125
2025-08-26,1752.9000244140625,1779.0,1734.5,1739.300048828125,1723.3355712890625,1692453,-0.014002239893353141,0.052399165132693826,0.00846529719347977,1691.2849975585937,1795.482001953125,1714.3966965964864,53.822714015301166,-14.831009606469706,-32.0601068721548,17.22909726568509,0.02338762970460727,-0.20836170993006264,1.0283896867404618,0.9687092641063039,1737.199951171875
2025-08-28,1730.0,1753.0999755859375,1711.0,1737.199951171875,1721.2548828125,1147193,-0.0012074383932001442,0.016857835604217053,0.009706452294028,1692.1199951171875,1793.4160009765626,1716.5684351274758,63.73227930059594,-11.437917171662548,-27.935668932056352,16.497751760393804,0.02338062112246949,-0.3221714280987419,1.0266411106687299,0.9686542052852899,1724.300048828125
2025-08-29,1732.0,1757.5,1720.199951171875,1724.300048828125,1708.473388671875,868677,-0.007425686568231837,-0.002256626810517748,-0.01440408755180056,1690.8599975585937,1791.232001953125,1717.3047792894424,53.2877715537298,-9.678216822278955,-24.284178510100876,14.605961687821921,0.02312913293357025,-0.24278042142865242,1.0197769486047426,0.9626335655839005,1764.5999755859375
2025-09-01,1730.0,1771.300048828125,1729.0,1764.5999755859375,1748.4033203125,1050753,0.02337175991220386,0.009669866044643705,0.009381091907175065,1691.679998779297,1790.6440014648438,1721.8090836986323,81.53474831421534,-4.97443217103023,-20.422229242286747,15.447797071256517,0.02373469580509809,0.2096014974495699,1.043105065295599,0.9854554976546981,1754.5999755859375
2025-09-02,1778.0,1782.300048828125,1751.5,1754.5999755859375,1738.4949951171875,1084460,-0.005667006765473603,-0.005328812026112573,0.028306819067950295,1694.0949951171874,1789.0960009765624,1724.9320257831375,77.79531744056611,-2.030162918102633,-16.743815977449923,14.71365305934729,0.023075759521255578,0.032078899608185774,1.0357152229616053,0.9807187398709765,1731.800048828125
2025-09-03,1745.0,1759.199951171875,1718.0999755859375,1731.800048828125,1715.9044189453125,915451,-0.012994373119262437,-0.004312079451186834,-0.008416805709633546,1693.3599975585937,1787.112001953125,1725.5861232159934,70.12103150327914,-1.5190610747727078,-13.698864996914482,12.179803922141774,0.022693737110622,-0.15584622761558753,1.0227004602240235,0.9690495318342948,1692.5
2025-09-04,1741.0,1747.699951171875,1686.5,1692.5,1676.965087890625,1208094,-0.022693179189317236,-0.02573103409410149,-0.008320121625435606,1692.65,1783.722001953125,1722.4350638620892,61.800008138020836,-4.236360550478594,-11.806364107627306,7.570003557148713,0.022688749492622347,0.3196708507609911,0.9999113815614569,0.9488586215490757,1658.300048828125
2025-09-05,1705.800048828125,1710.800048828125,1640.0,1658.300048828125,1643.0791015625,1573984,-0.020206765832717855,-0.038276400934312504,0.012207775989695024,1693.65,1779.2880029296875,1716.3269671921878,52.59637685555489,-9.045222506118762,-11.254135787325598,2.2089132812068364,0.021237960977616852,0.30286550549874436,0.9791279478216426,0.9320020401967811,1662.4000244140625
2025-09-08,1669.9000244140625,1686.0,1656.199951171875,1662.4000244140625,1647.1414794921875,1245512,0.002472396710616387,-0.057916781472208356,-0.0244703666271322,1691.5650024414062,1774.7760034179687,1711.1910678799852,51.133009389195195,-12.38270635617664,-11.479849901095807,-0.9028564550808333,0.01913109529602285,-0.20868827129119483,0.9827585827412778,0.9366815988116326,1696.5999755859375
2025-09-09,1675.0,1714.0,1667.0,1696.5999755859375,1681.0274658203125,1705824,0.020572636350826068,-0.033055967631956285,0.05588743093660331,1696.054998779297,1770.7180029296876,1709.8014400424568,56.53469085009908,-12.128229434606055,-11.609525807797858,-0.5187036268081968,0.014473854154124872,0.3695765275645677,1.000321320244351,0.9581423878781825,1768.5999755859375
2025-09-10,1712.0,1778.800048828125,1710.0,1768.5999755859375,1752.3665771484375,2946800,0.042437817420770685,0.021249524032935785,0.09585473005246392,1703.7899963378907,1767.6000024414063,1715.4013005704073,58.54628069956537,-6.04704974466199,-10.497030595170685,4.449980850508695,0.016975142865630448,0.7274935749526328,1.0380387133316598,1.000565723660981,1771.0
2025-09-11,1768.5999755859375,1774.800048828125,1745.0,1771.0,1754.7445068359375,900505,0.0013570193640126682,0.04638109305760718,0.08957793367723399,1711.0699951171875,1764.5700024414064,1720.6964148017971,56.391886767687076,-1.0222255358098664,-8.60206958329852,7.579844047488654,0.016981175431166073,-0.6944125831410344,1.0350248704341916,1.0036439458619932,1764.0
2025-09-12,1782.0,1790.9000244140625,1760.9000244140625,1764.0,1747.808837890625,1155805,-0.0039525691699604515,0.06373994335136768,0.08774745829232833,1718.1849975585938,1761.3280029296875,1724.8205657730546,52.52870907631009,2.367847283499259,-6.408086209938966,8.775933493438224,0.01702013054843436,0.28350758740928694,1.0266647668944298,1.0015170354788365,1754.300048828125
2025-09-15,1765.9000244140625,1773.9000244140625,1740.300048828125,1754.300048828125,1738.197998046875,570950,-0.0054988385328089695,0.055281534567141355,0.06839223436548414,1723.8,1757.6480029296874,1727.6281355878232,48.46373769822428,4.22311794835241,-4.281845378280691,8.504963326633101,0.01704188692011989,-0.5060152880459939,1.0176934962455766,0.9980952078596045,1779.5999755859375
2025-09-16,1759.0,1785.0,1753.4000244140625,1779.5999755859375,1763.265625,782670,0.014421664512130006,0.048921372860055046,0.07496223230802634,1730.0049987792968,1754.2280029296876,1732.5778346352624,56.37052911725284,7.64677866134366,-1.8961205703558206,9.542899231699481,0.017189013049559297,0.37082056222086,1.0286675338173215,1.014463326667843,1791.9000244140625
2025-09-17,1787.0,1817.5999755859373,1778.800048828125,1791.9000244140625,1775.4527587890625,1223772,0.006911693075335679,0.013174289918445714,0.08422585911222735,1736.9650024414063,1751.2320043945313,1738.2275669951482,58.376743429600126,11.223191620360012,0.7277418677873462,10.495449752572666,0.017153026166686843,0.5635861857487829,1.031627017179645,1.0232225198702851,1824.5
2025-09-18,1806.0,1827.4000244140625,1803.0999755859373,1824.5,1807.7535400390625,2107488,0.018192965646393944,0.03020892151326926,0.06795830831585059,1742.770001220703,1748.7300048828124,1746.4439891860866,64.4714090071183,16.497892798862267,3.8817720540023304,12.616120744859938,0.016064619925874025,0.7221247095047116,1.0468966063921517,1.0433285841185445,1795.300048828125
2025-09-19,1830.0,1830.0,1792.0999755859375,1795.300048828125,1778.821533203125,1490876,-0.016004358000479613,0.017743791852678603,0.0388265823122782,1746.1250061035157,1746.0100048828126,1751.0969472472332,54.58073677197168,18.113142428720494,6.728046128945963,11.385096299774531,0.016504469490067144,-0.2925814998709364,1.028162383880146,1.028230103955573,1716.9000244140625
2025-09-22,1720.0,1746.5999755859375,1702.199951171875,1716.9000244140625,1701.14111328125,2928020,-0.04366959409667359,-0.021319057956502796,-0.017623120454492436,1744.585009765625,1742.5940063476562,1747.840097453598,45.32837992781662,12.918100818755647,7.966057066907901,4.9520437518477465,0.01923252862064093,0.9639594439779029,0.9841309049449635,0.9852553251991,1667.9000244140625
2025-09-23,1718.0,1723.199951171875,1662.199951171875,1667.9000244140625,1652.5908203125,2038607,-0.028539809717064046,-0.06276688733663172,-0.05447844420971515,1739.780010986328,1738.596005859375,1740.2267571641185,42.564574141480605,4.79186479022178,7.331218611570677,-2.5393538213488966,0.02003912955886844,-0.30375919563390963,0.9586844393438485,0.9593373151628931,1623.199951171875
2025-09-24,1673.300048828125,1673.300048828125,1618.0,1623.199951171875,1608.3011474609375,2635426,-0.026800211396298068,-0.09414591826759477,-0.06675104605123994,1733.9750061035156,1733.5600048828126,1729.081347069619,42.03630519888967,-5.195270303194093,4.825920828617723,-10.021191131811815,0.0206181559419229,0.29275824128927264,0.9361149644362131,0.9363390633147436,1591.300048828125
2025-09-25,1623.800048828125,1647.0,1587.4000244140625,1591.300048828125,1576.694091796875,1465683,-0.01965247862453401,-0.12781581319368318,-0.08398567029968507,1726.6800109863282,1727.5080053710938,1715.959318665667,42.25970075837062,-15.50546499009306,0.7596436648755662,-16.265108654968625,0.020932298265510553,-0.4438534794754244,0.9215952224518599,0.9211535019696135,1538.5
2025-09-26,1591.5,1594.0,1531.699951171875,1538.5,1524.378662109375,1851852,-0.03318044819203536,-0.1430401837262525,-0.10775389640242661,1717.3900085449218,1720.6300048828125,1699.0584311736989,37.13395058927145,-27.61852210155871,-4.915989488411289,-22.702532613147422,0.021912490461950554,0.263473752509922,0.895836118962583,0.894149233498217,1552.199951171875
2025-09-29,1553.9000244140625,1574.9000244140625,1525.0,1552.199951171875,1537.952880859375,2271394,0.00890474564307775,-0.09592875001466417,-0.12036723753412426,1706.7700073242188,1714.3680029296875,1685.0719092687634,34.33838799886986,-35.70119442188411,-11.073030475105854,-24.62816394677826,0.02113579110305662,0.22655266187578715,0.9094370914129958,0.9054065104570996,1591.0
2025-09-30,1583.9000244140625,1611.0,1558.4000244140625,1591.0,1576.396728515625,6590593,0.024996811009323716,-0.046105895610306535,-0.09324061202685496,1698.5900085449218,1709.002001953125,1676.1126798145956,29.242636045788643,-38.53176064186846,-16.564776508458376,-21.966984133410083,0.022257339266594248,1.9015630929728617,0.9366592244133782,0.9309526836023205,1600.800048828125
2025-10-01,1591.0,1606.5,1554.300048828125,1600.800048828125,1586.1068115234375,1603862,0.006159678710323746,-0.013799841681598313,-0.0756438366476806,1692.0400085449219,1703.532001953125,1668.9400482920746,30.445775474747535,-39.528562068479914,-21.157533620462686,-18.371028448017228,0.022291285395036466,-0.7566437496595526,0.9460769489751846,0.9396947324692367,1613.0999755859375
2025-10-03,1595.0,1619.800048828125,1588.5,1613.0999755859375,1598.2939453125,1434833,0.007683612183056132,0.013699444535219207,-0.046912865237260015,1688.0700073242188,1698.6260009765624,1663.6219461295855,32.87172914516118,-38.87787316484878,-24.701601529339907,-14.176271635508872,0.02196065719272818,-0.10538874292177258,0.9555883159981515,0.9496498785833639,1662.4000244140625
2025-10-06,1614.9000244140625,1666.300048828125,1598.0999755859375,1662.4000244140625,1647.1414794921875,1432985,0.030562302135189956,0.08053300254407691,0.002472396710616387,1688.2750061035156,1694.8800024414063,1663.505572632869,40.429074246264726,-33.99225405275365,-26.559732034022655,-7.432522018730996,0.02268817486619095,-0.0012879547654675028,0.9846737163104892,0.9808364143888902,1686.5
2025-10-07,1670.4000244140625,1692.0,1647.0,1686.5,1671.0201416015625,1937983,0.014497097709338602,0.0865223895457099,0.014497097709338602,1689.4800048828124,1695.0900024414063,1665.6955180964053,40.279810937591215,-27.854608501632583,-26.818707327544644,-1.0359011740879396,0.022905144747416343,0.3524098298307379,0.998236140780477,0.9949324210342612,1713.699951171875
2025-10-08,1682.5,1733.199951171875,1673.300048828125,1713.699951171875,1697.970458984375,2733508,0.016128046944485552,0.07712127666365487,0.010078967247439508,1690.3350036621093,1695.5880004882813,1670.2673688654977,42.081805909163165,-20.558683734176157,-25.566702608870948,5.008018874694791,0.022725805713580655,0.4104912168992194,1.013822672700468,1.0106818110757907,1720.0999755859375
2025-10-09,1720.0,1728.5,1699.0,1720.0999755859375,1704.3118896484375,1167579,0.0037346236776665265,0.07452518935462726,-0.027422820688398963,1687.9100036621094,1695.4960009765625,1675.0133314103016,38.83660929587929,-14.097673108588879,-23.272896708814535,9.175223600225657,0.02053078056467142,-0.5728642462359723,1.0190709053527667,1.0145113728343822,1722.300048828125
2025-10-10,1735.0,1747.4000244140625,1713.0,1722.300048828125,1706.4915771484375,1374406,0.0012790380055891504,0.06769578754876737,-0.02749856079721913,1685.4750061035156,1695.532001953125,1679.5168283072371,41.71584386972224,-8.699466085078939,-20.358210584067415,11.658744498988476,0.020530279311316197,0.17714176085729538,1.0218484656202298,1.0157874029178837,1716.0
2025-10-13,1710.0,1722.9000244140625,1686.4000244140625,1716.0,1700.2493896484375,857446,-0.0036579275675058254,0.032242525745167505,-0.027210884353741527,1683.0750061035155,1694.862001953125,1682.9914160875,49.87788003854572,-4.873530391010263,-17.261274545455986,12.387744154445723,0.02052829921903149,-0.37613339871915574,1.0195624043949825,1.0124718106975765,1700.5
2025-10-14,1727.0999755859375,1735.0,1688.0,1700.5,1684.8917236328125,836488,-0.00903263403263399,0.008301215535131856,-0.030667529687446238,1680.3850036621093,1693.9080029296874,1684.658900269643,54.86566622490591,-3.0569308541644205,-14.420405807197673,11.363474953033252,0.020582595692806283,-0.02444235555358587,1.0119704688473496,1.003891590959433,1765.4000244140625
2025-10-15,1710.0,1771.800048828125,1710.0,1765.4000244140625,1749.196044921875,2653260,0.038165259873015334,0.030168684551127756,-0.007979293867544368,1679.6750061035157,1695.0900024414063,1692.34853114054,70.01689807440307,3.5783776348471292,-10.820649118788713,14.399026753635843,0.02216433702016671,2.171904438557397,1.051036669593251,1.0414786364567015,1761.5
2025-10-16,1767.0,1775.0,1748.800048828125,1761.5,1745.331787109375,579027,-0.002209144873755675,0.02406838265314204,-0.016965245828378772,1678.1550048828126,1695.3900024414063,1698.9343853176315,76.00853447066584,8.425088860901042,-6.9715015228507635,15.396590383751805,0.02210479662795147,-0.7817677121729495,1.0496646584342235,1.0389939762906433,1734.9000244140625
2025-10-17,1757.0,1757.0,1711.0,1734.9000244140625,1718.97607421875,1237165,-0.015100752532465234,0.007315784258678182,-0.049109331644799914,1673.6750061035157,1695.95400390625,1702.3596842791962,82.62457554222921,10.004421952966595,-3.576316827687292,13.580738780653887,0.021865640350494528,1.1366274802384,1.036581186961192,1.0229640782816687,1747.4000244140625
2025-10-20,1740.0,1757.5,1737.9000244140625,1747.4000244140625,1731.361328125,456862,0.007205026124904146,0.018298382525677503,-0.026680790459137516,1671.2800048828126,1698.1360034179688,1706.6492404825167,82.55503034858424,12.124931675206426,-0.4360671271085481,12.560998802314973,0.021714666706297202,-0.6307186187776085,1.0455459404222258,1.0290106451408698,1741.5
2025-10-21,1762.699951171875,1764.5999755859375,1729.0,1741.5,1725.515380859375,106674,-0.00337645892848204,0.0241105557189063,0.014328135148307775,1672.5100036621093,1698.88400390625,1709.9683604365628,78.19406470592001,13.17746661344404,2.2866396210019695,10.89082699244207,0.01929407574331475,-0.7665071728443162,1.0412493773949518,1.02508470030665,1754.699951171875
2025-10-23,1776.0,1782.300048828125,1746.0999755859375,1754.699951171875,1738.5941162109375,1981822,0.007579644657981666,-0.0060609907636876015,0.05204144462334037,1676.85,1701.842001953125,1714.2285119351639,78.46834527240688,14.904919246988356,4.810295546199248,10.094623700789109,0.018044527032846973,17.578303991600578,1.0464263059736263,1.0310592576502915,1760.0
2025-10-24,1769.0,1775.0,1747.0999755859375,1760.0,1743.8455810546875,1609152,0.003020487248879933,-0.0008515469770081774,0.0842780020596734,1683.6900024414062,1704.7640014648437,1718.587701274672,77.8959227243962,16.511275840789494,7.150491605117297,9.360784235672197,0.01665787494906806,-0.188044133125982,1.0453230686456187,1.0324009648770704,1830.5999755859373
2025-10-27,1850.0,1866.5999755859373,1820.0,1830.5999755859373,1813.7974853515625,6887265,0.04011362249200978,0.05516165186763189,0.15038014165464197,1695.6549987792969,1708.8680004882813,1729.255536923364,79.55022724114323,23.21356152836347,10.363105589766533,12.850455938596937,0.017496185029449093,3.2800586892972197,1.0795828024591012,1.0712354465429004,1809.800048828125
2025-10-28,1841.9000244140625,1846.0,1801.5,1809.800048828125,1793.1884765625,2276191,-0.011362354984821077,0.0357102114811898,0.17634062322270072,1709.2200012207031,1712.6300024414063,1736.9264428190554,71.9161086785772,26.54084463021718,13.598653397856664,12.942191232360516,0.015402567981544274,-0.6695072717544628,1.0588455830938024,1.0567373257785977,1797.4000244140625
2025-10-29,1810.0,1822.0,1782.199951171875,1797.4000244140625,1780.9022216796875,1754243,-0.006851599115654583,0.03209877945108386,0.15796938600408228,1721.4800048828124,1715.7380029296876,1742.6858315423895,65.70357127643351,27.856054860687436,16.450133690422817,11.40592117026462,0.015766749600016387,-0.2293076459752279,1.0441015982270547,1.047595857493938,1807.699951171875
2025-10-30,1809.5999755859373,1813.0,1788.9000244140625,1807.699951171875,1791.107666015625,1236877,0.005730458783748116,0.030204594218290026,0.1362036148157606,1732.3150024414062,1718.782001953125,1748.8776524594832,66.19821887512039,29.39068888677093,19.03824472969244,10.35244415707849,0.015219021422189184,-0.29492265324701306,1.0435168826825527,1.0517331163101014,1778.0999755859375
2025-10-31,1810.0,1812.699951171875,1774.300048828125,1778.0999755859375,1765.6864013671875,697258,-0.016374385343512765,0.01028407703746459,0.11075707230744158,1741.179998779297,1721.2900024414062,1751.6607308524788,59.36869383503781,27.89684924352241,20.809965632458436,7.086883611063975,0.016057610271035132,-0.4362753935920871,1.0212039977673326,1.0330043008812893,1794.800048828125
2025-11-03,1778.0,1798.0,1758.0,1794.800048828125,1782.2698974609375,1055825,0.009392089011577731,-0.019556389836809407,0.11264030499795119,1750.2650024414063,1723.0180029296876,1755.7692373263499,62.7839165010413,27.740748821624265,22.196122270291603,5.544626551332662,0.016075007574739068,0.5142529737916237,1.025444744838409,1.0416606476405845,1767.0
2025-11-04,1787.0,1794.4000244140625,1760.0,1767.0,1754.6639404296875,1067437,-0.015489217780151332,-0.02364904833317838,0.06292106234948203,1755.4950012207032,1723.79400390625,1756.8388337714593,60.37441497659908,25.084646318786554,22.773827079990596,2.3108192387959576,0.015582606701362064,0.010998034712191851,1.0065537063741548,1.0250644775395679,1763.9000244140625
2025-11-06,1751.0,1777.0,1748.5999755859375,1763.9000244140625,1751.585693359375,1453706,-0.0017543721482385921,-0.0186380324607599,0.045893877506114844,1759.3650024414062,1724.1180053710937,1757.511328118374,49.71008885134976,22.47049791433733,22.713161246859944,-0.24266333252261418,0.015383280445665809,0.3618658525046443,1.0025776470296746,1.0230738377066053,1740.199951171875
2025-11-07,1750.0,1751.5,1715.0,1740.199951171875,1728.0509033203125,1410909,-0.013436177172263641,-0.037340267645768255,0.015463617176319833,1760.6900024414062,1723.6420043945313,1755.8626255520408,46.175933783101435,18.275697761453557,21.82566854977867,-3.549970788325112,0.015410761695241474,-0.02943992801845763,0.988362487864917,1.009606372283298,1757.5999755859375
2025-11-10,1740.4000244140625,1772.199951171875,1723.300048828125,1757.5999755859375,1745.32958984375,1401690,0.009998865016830338,-0.011529160497988689,0.021801058387449723,1762.5650024414062,1724.0080029296876,1756.0280874600307,54.21462069365662,16.168939500784063,20.69432273997975,-4.525383239195687,0.0155350168986901,-0.006534085472557072,0.9971830673770378,1.0194848124829847,1797.0999755859375
2025-11-11,1768.800048828125,1800.0,1757.800048828125,1797.0999755859375,1784.5538330078125,2162659,0.02247382825937505,0.0012814389877660037,0.043430252939206104,1766.304998779297,1725.2060034179688,1759.9396958529742,58.386760543651576,17.485081154096633,20.052474422803126,-2.5673932687064926,0.016247829106497573,0.5428939351782491,1.017434688135924,1.0416726883778127,1827.699951171875
2025-11-12,1808.0,1832.0,1801.0,1827.699951171875,1814.940185546875,1138331,0.01702741973270605,0.03435198142154783,0.0650932116386218,1771.8899963378906,1727.2740014648436,1766.3930535023933,63.42678367163163,20.758009776463723,20.193581493535245,0.5644282829284784,0.016508132839685007,-0.4736428627906665,1.0314974151608347,1.0581412964138077,1810.199951171875
2025-11-13,1830.0,1830.0,1798.4000244140625,1810.199951171875,1797.5623779296875,1550251,-0.00957487578241678,0.02624861166561443,0.064510409392458,1777.3749938964843,1728.1860009765626,1770.5651389947247,58.53058586986626,21.689700181150556,20.49280523105831,1.196894950092247,0.01652986007184219,0.361863113628637,1.0184682227375268,1.0474566685235085,1799.5999755859375
2025-11-14,1801.0,1805.0,1756.0,1799.5999755859375,1787.0362548828125,1575511,-0.005855693222771019,0.0341340225725566,0.019372352270826454,1779.0849914550781,1729.0860009765624,1773.3303615272212,55.9891074576991,21.326898882455453,20.65962396133774,0.6672749211177127,0.014435365990283291,0.016294135594816517,1.011531199593832,1.0407810684775365,1801.0999755859375
2025-11-17,1806.0999755859373,1815.0999755859373,1791.5,1801.0999755859375,1788.52587890625,518247,0.0008335185709877901,0.02474965896918513,0.022480826333203252,1781.064990234375,1730.4719995117186,1775.9750866756704,44.35946462715109,20.919269387666418,20.711553046603477,0.207716341062941,0.014415142610106757,-0.6710610081427549,1.0112488794409047,1.0408142842497006,1784.300048828125
2025-11-18,1790.0,1795.0,1771.5,1784.300048828125,1771.8431396484375,785781,-0.00932759257428073,-0.007122545730177898,0.02847427731793739,1783.5349914550782,1732.3080004882813,1776.7679402139993,45.04854368932039,19.02134022004134,20.37351048129105,-1.3521702612497108,0.01412624408764751,0.5162287480680061,1.0004289556284078,1.0300131664376015,1858.199951171875
2025-11-19,1783.4000244140625,1865.699951171875,1775.800048828125,1858.199951171875,1845.2271728515625,2324817,0.04141674624303526,0.016687640649355018,0.06340844981673044,1789.0749877929688,1736.3059985351563,1784.5233698290351,59.529772731012415,23.212740173453994,20.94135641972364,2.2713837537303547,0.016692003888615917,1.9586067873873256,1.0386372644246622,1.0702030360659671,1846.0999755859373
2025-11-20,1878.0,1888.0,1840.5,1846.0999755859373,1833.211669921875,1733072,-0.006511665000479061,0.019832076777386742,0.06006314992014783,1794.3049865722655,1739.9799975585938,1790.3878084725498,55.985042578119455,25.266827666583367,21.80645066909559,3.460376997487778,0.016771639132721977,-0.25453401278466214,1.0288663239534421,1.0609891942299583,1797.5
2025-11-21,1836.9000244140625,1849.9000244140625,1791.0999755859375,1797.5,1784.950927734375,1342531,-0.02632575495837486,-0.0011669124329998226,0.02439166240333046,1796.4449890136718,1741.997998046875,1791.0651600465926,52.854624572637064,22.711293289199148,21.987419193116303,0.7238740960828451,0.017961323177643918,-0.22534609064135824,1.000587277090465,1.0318611169561354,1808.199951171875
2025-11-24,1802.0,1835.0,1800.0,1808.199951171875,1795.576416015625,1409000,0.005952684935674579,0.003942021921147232,0.02738633589311079,1798.8549865722657,1742.7899975585938,1792.697044915667,52.00717648056967,21.303833191976764,21.850701992888396,-0.546868800911632,0.0179875625672342,0.04951021615143336,1.005194951604974,1.0375317472012757,1831.699951171875
2025-11-25,1815.0,1834.199951171875,1793.199951171875,1831.699951171875,1818.9122314453125,1612174,0.012996350312237226,0.026564984053484064,0.0006008825525005701,1798.9099853515625,1744.0039965820313,1796.4116074162582,59.81790578313628,21.83298743840419,21.847159081991556,-0.014171643587367555,0.01581486226115713,0.14419730305180978,1.018227685702631,1.0502842623994635,1871.0999755859373
2025-11-26,1845.699951171875,1873.0,1830.199951171875,1871.0999755859373,1858.037109375,902345,0.02151008651217956,0.0069422154520706325,0.03387110459937559,1801.9749816894532,1746.14599609375,1803.52478533718,64.6528168957683,25.141779893126795,22.506083244218605,2.6356966489081906,0.01625765208336309,-0.44029304529163726,1.038360684581578,1.071559869433437,1910.199951171875
2025-11-27,1878.0,1915.0,1872.0,1910.199951171875,1896.8641357421875,1702344,0.020896785899264136,0.03472183328835854,0.06275727452189406,1807.6149780273438,1749.263994140625,1813.6843249404842,72.29802343290675,30.56670901529901,24.11820839843469,6.448500616864322,0.016660261474255193,0.8865777501953245,1.0567515618046508,1.0920020977795946,1908.699951171875
2025-11-28,1916.0,1932.4000244140625,1901.0,1908.699951171875,1895.3746337890625,1344163,-0.0007852581082309351,0.06186367241828927,0.055872104181075466,1812.6649780273438,1751.8459936523439,1822.7334322006168,70.6816461628686,34.3490129256586,26.16436930387947,8.184643621779127,0.01667144426010722,-0.21040459507596587,1.0529799904056416,1.089536385097707,1902.5999755859373
2025-12-01,1919.0,1936.0,1898.0,1902.5999755859373,1889.3172607421875,957784,-0.0031958797830914376,0.05220662922420871,0.0700185600975407,1818.8899780273437,1754.0599926757814,1830.3397696658853,65.89335773516117,36.43430696337941,28.21835683577946,8.215950127599953,0.016122903800395865,-0.2874495131914805,1.04602257342106,1.0846835248112359,1913.9000244140625
2025-12-02,1908.0,1927.199951171875,1902.0,1913.9000244140625,1900.5384521484373,789262,0.005939266778685504,0.044876385561728016,0.06635835321249361,1824.8449768066407,1755.8479931640625,1838.2978891657117,63.78761153178847,38.5543069625453,30.28554686113263,8.268760101412667,0.01607504316474857,-0.17594990102152464,1.048801431759569,1.0900146435598836,1912.5
2025-12-03,1922.0,1934.0,1895.0999755859373,1912.5,1899.148193359375,1033164,-0.0007315034203477788,0.022126035462695315,0.08234295415959259,1832.1199768066406,1758.1919921875,1845.3647568642152,67.25128719442253,39.66422744210831,32.16128297732777,7.502944464780541,0.015493457991134028,0.30902539334213475,1.0438726853104132,1.087765163587461,1966.199951171875
2025-12-04,1922.0,1986.0,1917.800048828125,1966.199951171875,1952.47314453125,3120396,0.02807840584150334,0.029316302707287134,0.11468899821859968,1842.2349731445313,1763.1779907226562,1856.8728706078018,74.52887328221661,44.365566060125275,34.60213959388727,9.763426466238002,0.016316669216595796,2.0202329930195013,1.0672905355909874,1.1151454711421438,1977.9000244140625
2025-12-05,1970.0,1988.199951171875,1957.0,1977.9000244140625,1964.091552734375,1822538,0.0059506019391435405,0.03625508199950489,0.1365935409216148,1854.1199768066406,1769.3779907226562,1868.399266208398,75.27160485210567,48.476699696864216,37.37705161448267,11.099648082381549,0.0156920991674951,-0.4159273374276855,1.0667594595580643,1.1178504733215546,1951.300048828125
2025-12-08,1980.0,1989.699951171875,1932.699951171875,1951.300048828125,1937.6773681640625,1538773,-0.013448594599121622,0.025596590910913708,0.11020714379426022,1863.80498046875,1775.9399926757812,1876.2945788388483,73.22025417520692,49.02329694731861,39.70630068104985,9.31699626626876,0.016284654735694584,-0.15569771384739306,1.0469443258689919,1.0987421066452427,1873.5
2025-12-09,1938.0999755859373,1938.0999755859373,1855.199951171875,1873.5,1860.42041015625,2178634,-0.03987087935289535,-0.021108743350599424,0.0425129516732381,1867.624981689453,1781.5839916992188,1876.0284284732436,52.10454591858665,42.68660090429353,40.30236072569859,2.3842401785949363,0.01863493741549143,0.4158254661343812,1.0031457162803812,1.0515922958047657,1820.199951171875
2025-12-10,1883.699951171875,1889.0,1816.199951171875,1820.199951171875,1807.492431640625,1182576,-0.0284494522701495,-0.04826146343954252,-0.0041035181924643505,1867.249981689453,1787.2179907226562,1870.711430635018,46.80009640144509,32.98364027000116,38.8386166345591,-5.854976364557942,0.019491585811577887,-0.4571938196135744,0.9748025004798725,1.0184543579017369,1841.4000244140625
2025-12-11,1828.0,1864.0,1823.9000244140625,1841.4000244140625,1828.5445556640625,1305450,0.011647112301337303,-0.06347265276017855,0.01723570549319109,1868.8099853515625,1793.0019921875,1867.919868137784,55.817652336272005,26.69689757846527,36.410272823340335,-9.713375244875067,0.01952197359120846,0.10390368145472251,0.9853329331754701,1.0269927375638417,1851.0
2025-12-12,1850.0,1854.699951171875,1825.800048828125,1851.0,1838.0775146484373,1341771,0.005213411240717392,-0.06415896802046683,0.02856191659889684,1871.3799865722656,1798.2019921875,1866.3084521246617,55.68846711955745,22.23295879191255,33.57481001705478,-11.341851225142229,0.019473154896477746,0.027822589911524753,0.9891096481107534,1.0293615556216082,1870.0
2025-12-15,1855.0,1874.9000244140625,1835.5,1870.0,1856.9449462890625,774833,0.010264721772015095,-0.04166455531887603,0.03825441416246078,1874.8249877929688,1803.5859912109374,1866.6600281127892,55.15200816560306,19.997873317639915,30.85942267717181,-10.861549359531896,0.019567848998250828,-0.42252962688864193,0.997426432960738,1.036823311509795,1866.800048828125
2025-12-16,1867.0,1871.4000244140625,1841.5,1866.800048828125,1853.7672119140625,810515,-0.0017112038352272707,-0.0035761682262476224,0.04623661813728219,1878.9499877929688,1808.6599926757813,1866.6733634190116,49.359176573278404,17.763575222175632,28.240253186172573,-10.476677963996941,0.01940800553146216,0.04605121361635356,0.9935336549435703,1.0321453763492219,1844.699951171875
2025-12-17,1866.800048828125,1887.300048828125,1840.9000244140625,1844.699951171875,1831.821533203125,728993,-0.011838492113883992,0.013460059695214577,-0.007265095444376812,1878.2749877929687,1812.3059912109375,1864.580657490713,39.71743331363348,14.047652112442165,25.401732971426494,-11.354080858984329,0.017320230169841622,-0.10058049511730194,0.9821245361625428,1.017874442902047,1854.800048828125
2025-12-18,1849.699951171875,1870.199951171875,1828.0,1854.800048828125,1841.85107421875,983034,0.0054751980937788325,0.007277084955142454,0.004712677188258185,1878.7099914550781,1815.6719921875,1863.6491709514191,41.760952916212325,11.781934935087747,22.677773364158746,-10.895838429070999,0.017298472947346048,0.34848208419010884,0.9872732126109391,1.0215501791121886,1845.4000244140625
2025-12-19,1871.199951171875,1877.699951171875,1837.0,1845.4000244140625,1832.5167236328125,2031217,-0.005067944881714581,-0.0030253784905118764,0.02664813597444371,1881.1049926757812,1818.3059936523437,1861.9111569954805,41.34384328909648,9.122673832220016,19.966753457771002,-10.844079625550986,0.016188792502346092,1.0662733944095524,0.981019151827921,1.014900699253208,1868.699951171875
2025-12-22,1850.0,1882.0,1847.800048828125,1868.699951171875,1855.6539306640625,824181,0.012625949089390742,-0.0006952132770722264,0.03345868910171723,1884.1299926757813,1821.2779931640625,1862.5577088218038,43.39952719181816,8.793928677237545,17.73218850166431,-8.938259824426765,0.01635459149816406,-0.5942427618516387,0.9918105217984492,1.0260377373392775,1780.199951171875
2025-12-23,1847.0,1847.0,1739.300048828125,1780.199951171875,1767.771728515625,3815131,-0.04735912790306496,-0.04638959470277104,-0.028115958602854985,1881.5549926757812,1822.4359912109376,1854.7141128551439,34.59837326835047,1.3763200381233673,14.461014808956124,-13.084694770832757,0.01945044617864673,3.6289965432350417,0.9461322991363819,0.9768244041257118,1737.699951171875
2025-12-24,1780.199951171875,1781.0,1732.0999755859375,1737.699951171875,1725.5684814453125,2702033,-0.02387372270852106,-0.05800401302771574,-0.07129497416207697,1874.884991455078,1822.869990234375,1843.5699069805466,22.68708582794723,-7.841194651075739,10.000572916949752,-17.84176756802549,0.01930305943745638,-0.2917587888856241,0.9268301570984707,0.9532769536397111,1673.300048828125
2025-12-26,1730.0,1744.699951171875,1658.9000244140625,1673.300048828125,1661.6181640625,4261704,-0.03706042708945223,-0.09785421351194856,-0.12401837943636007,1863.0399963378907,1822.3259912109374,1827.3537300136493,17.664554496605234,-20.110849997373407,3.9782883340851205,-24.08913833145853,0.01979009143509275,0.5772212996658441,0.8981557304820452,0.9182221275987045,1683.300048828125
2025-12-29,1711.0,1714.699951171875,1637.0999755859375,1683.300048828125,1671.54833984375,8071211,0.005976214491240528,-0.08784002028904614,-0.11809079903070274,1851.770001220703,1820.6839916992187,1813.634331805504,20.510572886752428,-28.696923559317383,-2.5567540445953805,-26.140169514722004,0.019948354237610443,0.8938929123186405,0.9090222045494196,0.924542675446454,1654.9000244140625
2025-12-30,1684.9000244140625,1684.9000244140625,1633.300048828125,1654.9000244140625,1643.3466796875,8204848,-0.01687163523451085,-0.11441105171739152,-0.13019024195855544,1839.3850036621093,1818.5519921875,1798.5167787206049,23.01235682739052,-37.362402815417454,-9.517883798759796,-27.844519016657657,0.020078547906833895,0.016557242773110437,0.8997029013062802,0.9100097393549998,1663.0
2025-12-31,1670.9000244140625,1677.4000244140625,1646.699951171875,1663.0,1651.3900146484375,2650044,0.004894540737471642,-0.0658352737818717,-0.1310935896408043,1826.8400024414063,1817.1139916992188,1785.610418842452,28.154540044688986,-43.07966169792326,-16.230239378592486,-26.84942231933077,0.02004511383998476,-0.6770148575573856,0.910315078374434,0.915187493793329,1655.800048828125
2026-01-01,1670.0,1672.0,1651.9000244140625,1655.800048828125,1644.2403564453125,1009599,-0.0043294955934305435,-0.047131210591631834,-0.13422219669117652,1814.0050048828125,1815.2819921875,1773.247526460135,23.16367627285156,-47.64241434382052,-22.512674371638095,-25.129739972182424,0.0200038130913061,-0.6190255708961814,0.9127869241656763,0.9121448105331603,1650.300048828125
2026-01-02,1662.9000244140625,1662.9000244140625,1628.300048828125,1650.300048828125,1638.77880859375,2358220,-0.00332165710702359,-0.013745293329853081,-0.16066519692235293,1798.210009765625,1813.4579931640626,1761.538242876134,20.632136398678767,-51.11303348982187,-28.23274619527485,-22.880287294547024,0.018263287224362226,1.3357986685802978,0.9177460028949687,0.910029377602916,1642.0
2026-01-05,1659.0,1661.0999755859375,1630.0,1642.0,1630.53662109375,1643132,-0.005029418034628863,-0.024535167605369668,-0.16982659399762645,1781.4150085449219,1811.203994140625,1750.153648316502,15.55891238670695,-53.91180698947551,-33.36855835411498,-20.543248635360527,0.017966832719629854,-0.3032320987863728,0.9217391748266467,0.9065792728549562,1657.0999755859375
2026-01-06,1648.0,1662.4000244140625,1634.0999755859375,1657.0999755859375,1645.53125,1387735,0.009196087445759726,0.001329355936564136,-0.15077131444693637,1766.7050048828125,1809.1459936523438,1741.291393770734,19.422563675736555,-54.285642226058826,-37.55197512850375,-16.733667097555077,0.018387406194496397,-0.15543303885506454,0.9379607636849677,0.9159570213792131,1701.5
2026-01-07,1660.0,1705.0,1650.0,1701.5,1689.621337890625,1845212,0.026793811519044253,0.02315093205051122,-0.09180677875633836,1758.1050048828124,1806.563994140625,1737.5017372211403,30.39430855448275,-50.418010994043016,-40.1251823016116,-10.292828692431414,0.01834334285847905,0.32965731930087516,0.9678033992704631,0.9418431926677452,1647.0
2026-01-08,1700.0,1707.699951171875,1643.699951171875,1647.0,1635.501708984375,1508881,-0.03203056126946813,-0.005314680860381116,-0.09515435436659914,1749.4450073242188,1803.3079931640625,1728.8825241524603,24.633774030366197,-51.16082970406978,-42.33231178210324,-8.828517921966544,0.018603605743905856,-0.18227228090864356,0.9414414246259111,0.9133215214724323,1681.5999755859375
2026-01-09,1647.9000244140625,1685.0,1647.9000244140625,1681.5999755859375,1669.8602294921875,1700004,0.02100787831568751,0.018966203618571376,-0.08678182182547423,1741.4550048828125,1800.9919921875,1724.379424288982,31.163739373589223,-48.39966876399831,-43.54578317848225,-4.853885585516053,0.019149450061133392,0.1266653897822294,0.9656292989890354,0.9337076360586435,1697.0999755859375
2026-01-12,1685.0,1702.199951171875,1668.300048828125,1697.0999755859375,1685.251953125,1476570,0.009217412122404012,0.033556623377550165,-0.08314425954298355,1733.7600036621093,1798.7799926757812,1721.7813815553586,29.906320299441134,-44.44833561990799,-43.726293666767404,-0.7220419531405895,0.019275236251947783,-0.13143145545539892,0.9788551887235043,0.9434727884989486,1708.5
2026-01-13,1710.0,1717.0,1683.0999755859375,1708.5,1696.5723876953125,2425785,0.006717355829391591,0.031018058760086564,-0.08636363636363631,1725.6850036621095,1797.3879931640624,1720.516488073896,39.75421960800731,-39.936624392847534,-42.96835981198343,3.0317354191358987,0.019151516490600488,0.6428513378979663,0.9900416335393535,0.9505460181651781,1681.5999755859375
2026-01-14,1710.0,1729.199951171875,1673.4000244140625,1681.5999755859375,1669.8602294921875,1903405,-0.01574481967460495,-0.011695577087312614,-0.09920723612496474,1716.425,1795.1239916992188,1716.8101535512333,41.60933474768905,-38.09256057114044,-41.99319996381484,3.9006393926743996,0.019306992315138254,-0.21534472346065292,0.9797107217536085,0.9367597911686187,1681.5999755859375
2026-01-15,1681.5999755859375,1681.5999755859375,1681.5999755859375,1681.5999755859375,1669.8602294921875,0,0.0,0.02100787831568751,-0.08841544961408254,1708.270001220703,1793.4159912109376,1713.4568032688242,51.537592813455866,-36.213677969277114,-40.83729556490729,4.623617595630179,0.019268742057222576,-1.0,0.9843876988908618,0.9376519356507463,1732.300048828125
2026-01-19,1740.0,1741.9000244140625,1716.0999755859375,1728.0,1715.936279296875,1311096,-0.0024822771499856122,0.01820754514087719,-0.06361765625929183,1696.275,1792.5399926757811,1716.4655506474246,62.75740740661838,-25.636993531583585,-36.10878421614026,10.471790684556673,0.020671355019283293,-0.6197821752087129,1.0187027457222442,0.9639952285921163,1693.699951171875
2026-01-20,1731.0,1731.0,1686.0,1693.699951171875,1681.8756103515625,1719928,-0.019849565294053795,-0.008662598084942963,-0.09364799302865945,1687.525,1791.2619921875,1714.2973983164197,54.90884745709779,-24.43982940233991,-33.77499325338019,9.335163851040278,0.020648497872324645,0.31182461085992186,1.0036591761140574,0.9455344659568857,1669.199951171875
2026-01-21,1693.699951171875,1694.5,1593.0,1669.199951171875,1657.5467529296875,3976423,-0.014465372088514505,-0.007373944216276462,-0.06235254636813725,1681.975,1788.7039916992187,1710.0024033502727,52.03028673185464,-25.17777967826214,-32.055550538356584,6.877770860094444,0.01824152079318273,1.3119706173746808,0.992404733228422,0.9331895936488529,1687.699951171875
2026-01-22,1681.0,1740.199951171875,1674.0,1687.699951171875,1675.9176025390625,2134697,0.011083153930727008,0.003627483155625111,-0.02877366714908458,1679.475,1785.9039916992188,1707.8783602856636,55.45187692758851,-23.99323610893316,-30.443087652471903,6.449851543538742,0.017811435792397336,-0.4631614896101345,1.0048973346860626,0.9450115790189223,1636.4000244140625
2026-01-23,1673.9000244140625,1710.0,1629.4000244140625,1636.4000244140625,1624.9757080078125,3575484,-0.03039635494578985,-0.05535993864281041,-0.022052246063044678,1677.6299987792968,1782.4279931640624,1701.0708997264635,49.27461479080603,-26.884049565393525,-29.73128003505623,2.847230469662705,0.0171577297255078,0.6749374735618217,0.9754236784063025,0.9180735663319675,1664.300048828125
2026-01-27,1644.0,1684.4000244140625,1633.300048828125,1664.300048828125,1652.6810302734375,3017548,0.017049635784534223,-0.036863397668909115,-0.01128735189738006,1676.679998779297,1779.7219946289063,1697.568913926622,50.90271692035222,-26.616917994656205,-29.108407626976227,2.4914896323200217,0.01756759328969323,-0.1560448879088817,0.9926163907482732,0.9351460811581147,1694.199951171875
2026-01-28,1671.0,1697.199951171875,1668.699951171875,1694.199951171875,1682.3721923828125,1311827,0.017965451821504885,0.0002952116752759082,0.023747613860678474,1678.6449951171876,1777.583994140625,1697.2480603309316,49.05021494918026,-23.719122782244995,-28.03055065802998,4.311427875784986,0.017577667340529037,-0.5652672302147306,1.0092663762141092,0.9530913626339991,1678.0999755859375
2026-01-29,1690.5,1694.800048828125,1660.199951171875,1678.0999755859375,1666.3846435546875,1643016,-0.009502996133839536,0.005331910300988341,0.009079961266348358,1679.3999938964844,1775.4599926757812,1695.4244332123608,54.495515089745844,-22.462795551088675,-26.91699963664172,4.4542040855530445,0.017717885487216884,0.25246393007614576,0.9992259031110685,0.945163497070349,1653.800048828125
2026-01-30,1655.0999755859375,1668.5,1644.5999755859375,1653.800048828125,1646.17822265625,1487848,-0.01448061921896382,-0.020086450983310855,-0.0012078753116449015,1679.2999938964845,1771.3719946289064,1691.460206128148,45.85817509234387,-23.16096301105017,-26.16579231152341,3.00482930047324,0.01800956958598901,-0.09444095492679316,0.984815134186244,0.9336266204065103,1668.199951171875
2026-02-02,1665.4000244140625,1677.9000244140625,1638.0,1668.199951171875,1660.51171875,790021,0.008707160429674454,0.019432856443031943,0.010846453259490962,1680.1949890136718,1767.813994140625,1689.24494375136,45.68011435565646,-22.295307551848282,-25.39169535958839,3.0963878077401077,0.018090177743865055,-0.4690176684715105,0.9928609251186743,0.9436512872401066,1712.0999755859375
2026-02-03,1741.0,1759.0,1702.5,1712.0999755859375,1704.20947265625,1260061,0.026315804878919824,0.02872073866215996,0.04269182435197161,1683.6999877929688,1766.1059936523438,1691.4216134498913,50.49046005222748,-17.86101363423677,-23.88555901451807,6.0245453802813,0.018907459170241413,0.5949715260733575,1.016867605867359,0.9694208511490747,1613.9000244140625
2026-02-04,1662.0,1662.0,1564.5999755859375,1613.9000244140625,1606.462158203125,4759330,-0.0573564351218846,-0.047396959669529726,-0.0260696106501358,1681.539990234375,1762.2199951171874,1684.0386049702886,42.27698136665337,-22.016921756551255,-23.51183156292471,1.4949098063734532,0.02302999914126368,2.777063173925707,0.9597749882767375,0.9158334537605439,1599.800048828125
2026-02-05,1598.0,1620.0,1587.5999755859375,1599.800048828125,1592.427001953125,1684388,-0.008736585521185947,-0.04665987002977745,-0.059770761781883675,1676.4549926757813,1757.5819970703126,1676.0158853377015,40.95933173217156,-26.146854414718064,-24.03883613328338,-2.108018281434685,0.022120305793260252,-0.6460871593270481,0.9542755730499465,0.9102278309033707,1546.0
2026-02-06,1604.0,1604.0,1531.199951171875,1546.0,1538.875,2751610,-0.03362923314543853,-0.06518324201556991,-0.061323618700667826,1671.4049926757812,1751.0799975585937,1663.6334200674441,29.54992879451281,-33.37632857575659,-25.906334621778022,-7.469993953978566,0.022233930652958794,0.633596297290173,0.9249703134636339,0.8828837072866332,1549.300048828125
2026-02-09,1552.0999755859375,1572.4000244140625,1538.300048828125,1549.300048828125,1542.159912109375,1542877,0.002134572333845508,-0.07127437107297918,-0.07867502894778167,1664.7899963378907,1743.8619995117188,1652.7445275684613,30.34102891496758,-38.3968377290189,-28.404435243226196,-9.992402485792702,0.021555001201604338,-0.439282093029172,0.9306279183778051,0.8884304201031554,1551.0
2026-02-10,1561.0,1577.699951171875,1542.4000244140625,1551.0,1543.85205078125,3139868,0.001097238183888738,-0.09409495817018732,-0.08608801937876132,1657.4849975585937,1736.7080004882812,1643.0545725619413,33.08840166170843,-41.75710563049597,-31.074969320680154,-10.682136309815817,0.021371301225238136,1.0350734374807584,0.9357550760848866,0.8930689554973728,1520.4000244140625
