Date,Open,High,Low,Close,Adj Close,Volume,Daily_Return,Return_5D,Return_20D,SMA_20,SMA_50,EMA_20,RSI_14,MACD,MACD_Signal,MACD_Histogram,Volatility_20,Volume_Change,Price_vs_SMA20,Price_vs_SMA50,Target_Next_Day_Close
2024-11-06,1791.0999755859375,1853.0,1783.0,1838.4000244140625,1707.85107421875,3477029,0.03656506656171743,-0.00021754644520344257,0.015859023051640442,1832.752508544922,1801.1830004882813,1815.4534687209427,44.950184321574575,-1.4952454078079427,6.727890172182015,-8.223135579989957,0.014878159412811573,0.9121890725107928,1.003081439443029,1.0206625445141844,1831.949951171875
2024-11-07,1850.050048828125,1862.550048828125,1814.199951171875,1831.949951171875,1701.8590087890625,2173869,-0.0035085254332736238,0.03731485548072566,0.012882496029247514,1833.9175048828124,1803.4330004882813,1817.0245622876982,45.520959406146616,0.1857160726804068,5.419455352281694,-5.233739279601287,0.014907794705420023,-0.37479123700147454,0.9989271307429594,1.0158125922481582,1837.5
2024-11-08,1838.949951171875,1854.1500244140625,1828.050048828125,1837.5,1707.0150146484375,1521324,0.0030295854013777657,0.045578681275279864,-0.0011687138235694228,1833.8100036621095,1805.1460009765624,1818.9746039745842,48.90642254357047,1.9433312009743986,4.7242305220202345,-2.780899321045836,0.014416928084360167,-0.3001767815815949,1.002012202098648,1.0179232034450036,1867.300048828125
2024-11-11,1846.699951171875,1874.0,1834.0,1867.300048828125,1734.6990966796875,1679869,0.016217713647959098,0.05919061830818628,0.006142585410904067,1834.3800048828125,1807.427001953125,1823.577027293969,57.738411275671446,5.675445738479766,4.914473565312141,0.7609721731676249,0.014744796344358184,0.1042151441770458,1.017946141943155,1.0331261217245844,1872.8499755859373
2024-11-12,1891.0,1892.949951171875,1864.449951171875,1872.8499755859373,1739.854736328125,2711052,0.0029721665574289347,0.055989356952979685,0.0014705096176146348,1834.5175048828125,1808.7510009765624,1828.2696890360612,55.01108970767681,8.977518855513154,5.727082623352343,3.2504362321608102,0.014660731477197203,0.6138472702335718,1.020895123977339,1.0354382524597179,1864.75
2024-11-13,1866.0,1879.5999755859373,1859.0999755859373,1864.75,1732.330078125,1254074,-0.004324946307246558,0.014333102282424015,-0.00026806058169148717,1834.4925048828125,1810.237001953125,1831.74400436596,53.57463962551919,10.81615337219705,6.744896773121285,4.071256599075765,0.014683041158821769,-0.5374216355864808,1.0164936597106022,1.0301137353772236,1858.949951171875
2024-11-14,1872.0,1897.0,1846.3499755859373,1858.949951171875,1726.9417724609375,2462563,-0.003110362691044366,0.01473839390793863,-0.00473824682776014,1834.05,1811.7110009765624,1834.3350469189045,51.19564722226035,11.670736025791484,7.730064623655325,3.940671402136159,0.014696660265838726,0.9636504703869149,1.0135764843771298,1.0260742194366814,1835.0
2024-11-18,1858.949951171875,1865.050048828125,1815.0,1835.0,1704.6923828125,2483933,-0.012883591167571318,-0.0013605442176870541,-0.012219385136741479,1832.9150024414062,1812.6,1834.3983757837707,43.450366493695675,10.296743583691523,8.243400415662565,2.0533431680289578,0.014931040693661211,0.008677950574259352,1.001137530957964,1.012357938872338,1820.550048828125
2024-11-19,1837.0,1865.0,1817.300048828125,1820.550048828125,1691.268798828125,2354204,-0.007874632791212588,-0.02503614779496166,-0.012502672522810454,1831.7625061035155,1813.8890014648437,1833.0794875022807,41.322042174258456,7.950209313820096,8.184762195294072,-0.23455288147397546,0.014938279284652587,-0.05222725411675755,0.9938788695379286,1.003672246404219,1836.3499755859373
2024-11-21,1835.0,1839.550048828125,1820.199951171875,1836.3499755859373,1705.9466552734375,1841245,0.00867865553489322,-0.019489014323520792,0.007461240206247277,1832.4425048828125,1815.6810009765625,1833.390962557867,49.55910141128842,7.281548880056334,8.004119532246524,-0.7225706521901891,0.014846983151348775,-0.21789063309721668,1.002132383795242,1.0113835935928492,1898.4000244140625
2024-11-22,1846.3499755859373,1902.0,1836.5,1898.4000244140625,1763.59033203125,2765950,0.0337898819141631,0.01804532747771148,0.0285250030687052,1835.0750061035155,1818.067001953125,1839.5823017822665,74.7707212223206,11.624550453794654,8.72820571655615,2.896344737238504,0.016428730098978894,0.5022172497413435,1.0345081362341735,1.04418595264896,1891.699951171875
2024-11-25,1919.0,1919.949951171875,1878.5,1891.699951171875,1757.3662109375,6531524,-0.003529326356943918,0.017617472691696,0.025367188540569297,1837.4150024414062,1820.3260009765625,1844.5458874384196,75.32049201871196,14.360234727816305,9.854611518808182,4.505623209008123,0.016462648148217525,1.3614034960863357,1.0295441958721026,1.0392094329021406,1899.550048828125
2024-11-26,1890.0999755859373,1914.949951171875,1889.1500244140625,1899.550048828125,1764.658935546875,2079873,0.004149758343751531,0.035177138325953594,0.025481185447829402,1839.7750061035156,1822.1650024414062,1849.784378999344,75.53270523081083,16.9661463255934,11.276918480165227,5.689227845428173,0.016463614970360953,-0.6815639045343782,1.0324904091675904,1.0424687370699335,1891.050048828125
2024-11-27,1896.75,1917.0,1887.0999755859373,1891.050048828125,1756.7623291015625,1631975,-0.004474743903296385,0.03872456022034676,0.010311232177440788,1840.740008544922,1823.7300024414062,1853.7144427925614,72.13638567206252,18.13640588139492,12.648815960411167,5.487589920983755,0.01636846353142282,-0.21534872561930463,1.0273314210858993,1.036913384271026,1840.9000244140625
2024-11-28,1885.0999755859373,1900.5,1835.0,1840.9000244140625,1710.173828125,3631255,-0.026519670616407143,0.002477767794057506,-0.016481888919961274,1839.197509765625,1824.3110034179688,1852.494021994609,50.4986035206083,14.846021467509217,13.088257061830777,1.75776440567844,0.017460758501375618,1.2250677859648587,1.0009256834241007,1.0090933075363866,1848.050048828125
2024-11-29,1842.0,1872.300048828125,1833.949951171875,1848.050048828125,1716.81591796875,2482280,0.0038839830078976068,-0.02652232139613353,0.005030454510752902,1839.660009765625,1824.9970043945314,1852.070786454944,53.202085973575734,12.669271849005327,13.00446001926569,-0.33518817026036274,0.01702052143098662,-0.3164126452149464,1.0045606465422754,1.0126318259033207,1871.5
2024-12-02,1848.050048828125,1878.550048828125,1835.449951171875,1871.5,1738.6004638671875,2014744,0.012689023864231874,-0.010678200398198223,0.059709491948910065,1844.9325073242187,1827.2970043945313,1853.9211877449493,56.31266131364496,12.69011344538103,12.941590704488759,-0.25147725910772856,0.014368935773593963,-0.18834942069387817,1.0144002518088389,1.0241903727194668,1890.75
2024-12-03,1884.0,1896.300048828125,1872.050048828125,1890.75,1756.483642578125,2954648,0.010285866951643019,-0.0046327017461603726,0.07587912469182867,1851.6000061035156,1830.3820043945314,1857.4286936740018,54.531391530797116,14.097438189603054,13.172760201511618,0.9246779880914353,0.014330688762681057,0.46651286714341866,1.0211438722010329,1.0329810910840098,1897.6500244140625
2024-12-04,1882.0,1911.0,1877.5999755859373,1897.6500244140625,1762.8936767578125,3730643,0.003649358410187764,0.0034901115335510546,0.07640606765532354,1858.335009765625,1833.13400390625,1861.2592966016266,54.76740475140097,15.589817777911776,13.65617171679165,1.9336460611201254,0.01433002304419292,0.26263534607168104,1.0211560426090212,1.0351943831549328,1924.0
2024-12-05,1885.0,1938.0999755859373,1884.0,1924.0,1787.3724365234375,3881814,0.013885582297543886,0.045140949798394114,0.08482983114645393,1865.8575073242187,1836.5580029296875,1867.234601687186,60.64307153094143,18.683391658480105,14.661615705129343,4.021775953350762,0.014501548436494193,0.04052143290044108,1.031161271666003,1.047611889703905,1922.699951171875
2024-12-06,1926.0,1939.3499755859373,1915.300048828125,1922.699951171875,1786.164794921875,2250408,-0.0006757010541190711,0.040393874825569,0.04585505093467379,1870.0725036621093,1839.5000024414062,1872.517015923823,61.639579562980856,20.79050813521735,15.887394191146946,4.903113944070405,0.012356409395612807,-0.4202689773389452,1.0281419289394966,1.0452296540473198,1909.9000244140625
2024-12-09,1915.0,1926.050048828125,1901.0,1909.9000244140625,1774.2738037109375,1379520,-0.006657266907408532,0.020518313873397087,0.042550329059112046,1873.9700073242188,1842.0500024414061,1876.077302446703,64.25580577303664,21.18337722166507,16.946590797250572,4.236786424414497,0.012454206806203596,-0.3869911589365128,1.0191732081887197,1.0368339740412744,1936.3499755859373
2024-12-10,1916.449951171875,1942.800048828125,1912.199951171875,1936.3499755859373,1798.845458984375,2695207,0.013848866869347942,0.024117400812342815,0.053795905080782136,1878.9125061035156,1845.1000024414063,1881.817557031392,71.07752018247882,23.359742243599158,18.22922108652029,5.130521157078867,0.012726017400607631,0.9537281083275342,1.030569528541558,1.0494552994546584,1930.9000244140625
2024-12-11,1926.25,1934.800048828125,1916.0,1930.9000244140625,1793.782470703125,1387117,-0.002814548630459046,0.017521671315692933,0.034059858578085134,1882.0925048828126,1847.5500024414061,1886.4920777345035,67.88349042924779,24.363909705835795,19.456158810383393,4.907750895452402,0.012368572960110262,-0.4853393449927965,1.025932582699642,1.0451138111891507,1936.199951171875
2024-12-12,1924.949951171875,1949.0,1921.5,1936.199951171875,1798.7060546875,2306173,0.002744796048889553,0.006340930962513092,0.033825440591480405,1885.2600036621093,1850.352001953125,1891.226160919015,59.10402967320317,25.295785382503936,20.624084124807503,4.671701257696434,0.012367493402139195,0.6625655946830729,1.027020117867464,1.0463954691475643,1968.800048828125
2024-12-13,1939.0,1975.0,1912.3499755859373,1968.800048828125,1828.9912109375,2569918,0.01683715446667522,0.023976750833198057,0.05579839057682001,1890.4625061035156,1853.3980029296874,1898.6141502436922,66.50965688570668,28.338193940705196,22.166906087987044,6.171287852718152,0.012721752267935054,0.11436479396818888,1.041438294846732,1.0622651182940848,1954.4000244140625
2024-12-16,1970.8499755859373,1980.0,1950.25,1954.4000244140625,1815.6138916015625,1371189,-0.007314112178447796,0.023299648898455816,0.05134623080197298,1895.235009765625,1856.9150024414062,1903.9270906408703,61.42470158744852,29.25018509212623,23.583561888814884,5.666623203311346,0.012858450417952331,-0.46644640023533823,1.0312177721198568,1.0524983759862387,1950.5999755859373
2024-12-17,1945.300048828125,1963.199951171875,1938.0,1950.5999755859373,1812.0836181640625,1987909,-0.0019443557002944978,0.007359206847764144,0.06299726189969324,1901.0150085449218,1860.3950024414062,1908.3721273023054,62.65135605167459,29.32823483310858,24.732496477673624,4.595738355434957,0.012389958436334315,0.4497702359047513,1.0260834169210316,1.0484870003553841,1960.3499755859373
2024-12-18,1949.0,1971.949951171875,1946.75,1960.3499755859373,1821.1412353515625,3460812,0.004998462074250476,0.015251929566271194,0.07678993875933293,1908.0050048828125,1864.0630029296874,1913.3223985674133,80.63605567835292,29.83293779446967,25.752584741032834,4.080353053436838,0.012119501594616432,0.740930797134074,1.0274343990551218,1.051654355300716,1934.25
2024-12-19,1910.0,1946.199951171875,1910.0,1934.25,1796.8946533203125,1916115,-0.013313936751592648,-0.0010071021697396487,0.05331229107503055,1912.9000061035156,1866.95900390625,1915.315503465755,70.14960040359128,27.80633450897153,26.163334694620573,1.6429998143509579,0.012637854431858565,-0.4463394717771436,1.0111610611262287,1.0360431032245254,1911.3499755859373
2024-12-20,1954.5999755859373,1957.6500244140625,1896.4000244140625,1911.3499755859373,1775.62060546875,3786921,-0.011839226787676238,-0.029180247773959223,0.006821508114904118,1913.5475036621094,1868.9920043945312,1914.9378341438676,59.339109478802285,24.07487603278446,25.745642962253353,-1.6707669294688934,0.010694575795234886,0.9763537157216555,0.9988515947098431,1.0226635379347855,1903.0
2024-12-23,1918.5,1939.4000244140625,1899.1500244140625,1903.0,1767.8638916015625,2058339,-0.004368627249113577,-0.026299643763805447,0.005973488988634257,1914.1125061035157,1870.87900390625,1913.8008975587372,53.025439109540734,20.21091619948288,24.63869760969926,-4.4277814102163795,0.010712414885506106,-0.45646106691953703,0.9941944341996193,1.0171689329062348,1896.949951171875
2024-12-24,1908.5999755859373,1923.6500244140625,1889.25,1896.949951171875,1762.243408203125,1310301,-0.003179216409944785,-0.027504370493979136,-0.0013687966041505684,1913.9825012207032,1872.0250024414063,1912.1960455218932,49.82637070263705,16.47064843269277,23.005087774297962,-6.534439341605193,0.010701031585330157,-0.3634182707513194,0.991100989670509,1.0133144315369522,1900.75
2024-12-26,1905.5999755859373,1908.9000244140625,1886.300048828125,1900.75,1765.7735595703125,1065107,0.002003241480239115,-0.03040272213032935,0.005129399498382314,1914.4674987792969,1872.922001953125,1911.1059459483795,43.50740193812559,13.655677314714012,21.135205682381173,-7.479528367667161,0.010656851469819699,-0.18712799578112205,0.9928348228486285,1.014858065641738,1892.0
2024-12-27,1900.0,1902.9000244140625,1882.699951171875,1892.0,1757.6448974609375,1328546,-0.004603446008154655,-0.021843091637585577,0.02775814813854538,1917.0224975585938,1873.3600024414063,1909.2863320485337,41.76945008796915,10.59658966028951,19.02748247796284,-8.430892817673332,0.008699959404734302,0.24733571368885943,0.9869472071452156,1.0099500349822252,1928.949951171875
2024-12-30,1888.0,1968.949951171875,1865.6500244140625,1928.949951171875,1791.9710693359375,6262203,0.019529572500990966,0.009208138651082054,0.04377581786545748,1921.0674926757813,1874.6340014648438,1911.159057679328,54.5217005815217,11.026684159447996,17.427322814259874,-6.400638654811878,0.009592176785666165,3.7135763458698454,1.0041031658315733,1.0289741622442508,1917.4000244140625
2024-12-31,1915.199951171875,1927.800048828125,1878.550048828125,1917.4000244140625,1781.2412109375,1968650,-0.005987675704491768,0.007567012303763887,0.02452579450390724,1923.3624938964845,1875.6260009765624,1911.7534354635886,45.15965487308435,10.316630887117526,16.005184428831406,-5.68855354171388,0.009423708197697497,-0.6856298015251182,0.996899976212834,1.022272043262223,1911.949951171875
2025-01-01,1917.4000244140625,1936.949951171875,1907.9000244140625,1911.949951171875,1776.17822265625,880695,-0.0028424288999646663,0.00790743055225751,0.011212455994644932,1924.4224914550782,1876.7110009765624,1911.7721512453304,45.159626711399774,9.20798922267113,14.645745387599352,-5.437756164928221,0.009216444212931545,-0.5526401341020497,0.9935188139098434,1.0187769721480695,1972.199951171875
2025-01-02,1911.949951171875,1976.300048828125,1910.050048828125,1972.199951171875,1832.1495361328125,3487645,0.03151233114814089,0.03759039914343032,0.03928539287998123,1928.1499877929687,1879.2830004882812,1917.5271798097633,57.17989069675946,13.040728782177439,14.324742066514968,-1.2840132843375294,0.011519986360267255,2.960105371326055,1.0228457141082306,1.0494427665548254,1946.6500244140625
2025-01-03,1980.0,1992.0999755859373,1941.0,1946.6500244140625,1808.4141845703125,2853344,-0.012955038733588276,0.028884790916523517,0.011772361961571054,1929.282489013672,1881.7610009765624,1920.3007840577918,45.45454089993843,13.856804322110975,14.23115451763417,-0.3743501955231956,0.011624321668868412,-0.18187086128318675,1.0090020696809774,1.0344831375524444,1953.050048828125
2025-01-06,1951.25,1973.4000244140625,1930.0,1953.050048828125,1814.359619140625,1789037,0.003287711881332589,0.012493894743929923,0.015785145070478457,1930.7999938964845,1883.907001953125,1923.4197616549664,49.71356345298623,14.848810703270601,14.354685754761457,0.49412494850914435,0.01163433038063569,-0.37300339531441007,1.0115237492241433,1.0367019427197397,1915.9000244140625
2025-01-07,1960.0,1981.0,1908.9000244140625,1915.9000244140625,1779.8477783203125,2494547,-0.01902154245169163,-0.0007823093673207104,0.003141525694173808,1931.0999938964844,1885.327001953125,1922.7035962034515,43.55019494946565,12.49327175287749,13.982402954384664,-1.489131201507174,0.012359950618556052,0.3943518216783666,0.9921288542641689,1.0162162969231676,1932.25
2025-01-08,1906.300048828125,1938.5,1894.550048828125,1932.25,1795.0367431640625,2372138,0.008533835470323048,0.010617458273781022,-0.0021173732215926666,1930.8949951171876,1886.9250024414061,1923.6127775174086,44.90203590798666,11.809662117654398,13.547854787038611,-1.7381926693842136,0.012106229745047851,-0.04907063286440383,1.0007017496478259,1.024020561230547,1934.800048828125
2025-01-09,1926.800048828125,1944.449951171875,1920.0,1934.800048828125,1797.4056396484375,2742139,0.0013197302772027797,-0.01896354490908847,0.0020197961389771812,1931.0899963378906,1888.1860034179688,1924.678231927953,50.109115001302804,11.342910177570275,13.106865865144943,-1.7639556875746685,0.012091591863925702,0.15597785626299987,1.0019212219509552,1.0246872105426987,1995.0999755859373
2025-01-10,1936.0,2002.3499755859373,1935.25,1995.0999755859373,1853.4234619140625,4802079,0.031165973349202014,0.024888886324832882,0.030420424490979592,1934.0349975585937,1890.6530029296875,1931.3850646572848,64.46709520262961,15.658207969551313,13.617134286026218,2.041073683525095,0.01393908888982685,0.7512164773558161,1.031573874363405,1.0552438615094375,1989.4000244140625
2025-01-13,1994.9000244140625,2012.199951171875,1965.4000244140625,1989.4000244140625,1848.1282958984373,5694121,-0.0028569752100772172,0.018611901731728997,0.0104632136707834,1935.0649963378905,1893.6650024414062,1936.910298919835,65.06276960925149,18.40600121201328,14.574907671223631,3.8310935407896487,0.013493875731843668,0.18576162532936258,1.0280791746938738,1.0505554160050643,1813.550048828125
2025-01-14,1936.0999755859373,1939.0,1797.75,1813.550048828125,1684.7657470703125,15819311,-0.08839347211616255,-0.053421355123808745,-0.07206814051701871,1928.0224975585938,1894.6150024414062,1925.1617036730054,40.86728765881042,6.3211573955538825,12.924157616089682,-6.603000220535799,0.024049431947576517,1.778183147144221,0.9406270160875081,0.9572129675375627,1825.699951171875
2025-01-15,1836.0,1843.550048828125,1812.550048828125,1825.699951171875,1696.0531005859375,3350594,0.0066995131188141155,-0.05514299331252426,-0.06403159334427033,1921.7774963378906,1895.9810009765624,1915.689155815755,41.92922936683549,-2.2498380844563144,9.889358475980483,-12.139196560436798,0.024155308195602458,-0.788195958724119,0.9500058954019914,0.9629315643097226,1792.25
2025-01-16,1833.0,1837.949951171875,1785.300048828125,1792.25,1664.9783935546875,5362008,-0.018321713351859503,-0.07367688920333915,-0.08574998223758146,1913.3724975585938,1896.567001953125,1903.933045738064,39.814145856237886,-11.607738476129953,5.589939085558395,-17.197677561688348,0.024310449976310933,0.6003156455243459,0.9366968545261612,0.9449969329606087,1788.9000244140625
2025-01-17,1773.0,1793.0999755859375,1750.050048828125,1788.9000244140625,1678.7261962890625,2424374,-0.0018691452564862931,-0.10335319216838557,-0.07514539257383357,1906.104998779297,1896.8740014648438,1892.977519897683,34.64532132178108,-19.074379416904776,0.6570753850657609,-19.731454801970536,0.024218696121974297,-0.547860801401266,0.9385107460290516,0.9430779393004494,1796.199951171875
2025-01-20,1790.0999755859375,1799.0,1762.5999755859375,1796.199951171875,1685.5765380859375,3401004,0.004080678997253395,-0.0971147435765668,-0.060245389847436104,1900.3474975585937,1896.03,1883.760608590463,36.58696786371128,-24.1246095930494,-4.299261610557272,-19.825347982492126,0.024195576434206705,0.4028380109669547,0.9451955252812875,0.9473478537638513,1802.4000244140625
2025-01-21,1791.4000244140625,1820.75,1791.4000244140625,1802.4000244140625,1691.3946533203125,4005357,0.0034517723030458303,-0.006148175740320672,-0.05286388627742378,1895.3174987792968,1895.4390014648438,1876.011981526044,37.896364646168465,-27.31182557392208,-8.901774403230235,-18.410051170691844,0.024232282902235062,0.17769840905803114,0.9509752458756493,0.9509142858309455,1827.699951171875
2025-01-22,1808.199951171875,1831.449951171875,1804.050048828125,1827.699951171875,1715.1365966796875,3009261,0.014036798943140916,0.0010954702598946486,-0.03650597104958919,1891.854998779297,1895.2430004882813,1871.410835778028,32.69873860559089,-27.47945846060429,-12.617311214705047,-14.862147245899244,0.02450819102630066,-0.24869094065772412,0.9660888135460607,0.9643617998858168,1807.0
2025-01-23,1817.050048828125,1828.949951171875,1804.199951171875,1807.0,1695.7113037109375,3750930,-0.011325683495588379,0.008229878644162358,-0.04932263580165719,1887.167498779297,1894.0369995117187,1865.2764704658348,33.08296204504552,-28.948916702221823,-15.883632312208405,-13.065284390013417,0.024587251333739343,0.246462171277267,0.957519669647155,0.954046832488406,1792.8499755859375
2025-01-24,1800.0,1829.4000244140625,1791.0999755859375,1792.8499755859375,1682.4329833984375,3171259,-0.007830672060908928,0.0022080334943082036,-0.05240487548311967,1882.2099975585938,1892.4369995117188,1858.3787090487017,30.951223215268044,-30.899076341052705,-18.886721117977267,-12.012355223075438,0.024614236715918822,-0.15454060726273222,0.9525238830478189,0.9473763068723152,1711.949951171875
2025-01-27,1775.0,1779.75,1707.300048828125,1711.949951171875,1606.5152587890625,4174844,-0.04512369998366583,-0.04690457760286304,-0.11249643873246595,1871.3599975585937,1889.3809985351563,1844.4331130604323,28.034438974392927,-38.52841616700175,-22.815060127782164,-15.713356039219587,0.025800998803218234,0.3164626414934888,0.9148159378234613,0.9060903822464372,1693.25
2025-01-28,1711.949951171875,1730.5,1691.0,1693.25,1588.967041015625,5079829,-0.010923188005043216,-0.06055815742098969,-0.1169031091895184,1860.1524963378906,1886.0669995117187,1830.0347213403911,24.389177016228587,-45.55848289144751,-27.363744680515232,-18.19473821093228,0.025828269196732794,0.21677097395735023,0.9102748314095355,0.8977676829287418,1719.0
2025-01-29,1696.0,1724.0999755859375,1696.0,1719.0,1613.131103515625,3733620,0.015207441311088088,-0.05947363028717012,-0.10091788807212854,1850.5049987792968,1883.7469995117187,1819.4599859746397,27.970575495496732,-48.49305388192238,-31.589606520796664,-16.903447361125714,0.026251464140354203,-0.2650106922890515,0.9289356154854781,0.9125429266486305,1713.0999755859375
2025-01-30,1722.0,1732.949951171875,1697.8499755859375,1713.0999755859375,1607.5943603515625,2543744,-0.003432242242037531,-0.05196459569123546,-0.1313761190552617,1837.55,1881.597998046875,1809.3304611757158,17.61595987881556,-50.71024901140049,-35.413735018917436,-15.296513992483057,0.024819619739081252,-0.31869231469726433,0.9322739384430015,0.9104495101313665,1725.449951171875
2025-01-31,1709.050048828125,1738.199951171875,1709.050048828125,1725.449951171875,1619.1839599609375,2033832,0.007209138848836449,-0.03759378940339664,-0.11363114605501223,1826.4899963378907,1879.3799975585937,1801.34184117535,20.14475028242846,-50.88428988933401,-38.50784599300076,-12.376443896333257,0.024961876355845285,-0.20045727871987118,0.9446807563312141,0.9180953045224056,1694.0
2025-02-01,1726.0,1731.949951171875,1688.0,1694.0,1589.6708984375,569018,-0.018227101371740773,-0.010485091085511988,-0.13263871501068858,1813.5374938964844,1875.2919970703124,1791.1188086824595,29.91765729720065,-52.94959676878352,-41.396196148157316,-11.553400620626206,0.025017454538785233,-0.7202236959591549,0.9340860090851215,0.903325990110587,1692.0
2025-02-03,1665.0,1700.5999755859375,1661.5,1692.0,1587.7940673828125,2659929,-0.0011806375442738881,-0.0007382253063634714,-0.11686414821281588,1802.3424926757812,1871.297998046875,1781.6789221412728,26.747814833402543,-54.12384464563115,-43.94172584765208,-10.182118797979072,0.024875698215646284,3.6745955312485723,0.9387782881865226,0.9041852242486161,1732.550048828125
2025-02-04,1695.0999755859375,1735.9000244140625,1692.050048828125,1732.550048828125,1625.8465576171875,3647768,0.02396574989841893,0.007882518224621826,-0.10335099038523743,1792.3574951171875,1867.957998046875,1776.9999818257347,39.867620356995765,-51.192281740682574,-45.39183702625818,-5.800444714424394,0.025576085703945164,0.371377957832709,0.9666319657479089,0.9275101745540683,1712.8499755859375
2025-02-05,1730.0,1746.800048828125,1710.0,1712.8499755859375,1607.360107421875,2681942,-0.011370565170981561,-0.00014593427328402075,-0.1147147341538568,1781.259991455078,1864.3939965820311,1770.8904574219446,37.771336103846345,-49.883601185006455,-46.290189858007835,-3.59341132699862,0.025565396664218955,-0.2647717727662505,0.96159459248099,0.9187167405205566,1723.5
2025-02-06,1723.8499755859375,1728.449951171875,1712.8499755859375,1723.5,1617.3541259765625,2057798,0.006217721671986753,-0.001130111696691416,-0.1361335165703521,1767.6799926757812,1862.04599609375,1766.3770805246165,38.434626172834136,-47.440232976616926,-46.52019848172965,-0.9200344948872754,0.02424374282831746,-0.23272091641057113,0.9750067925988658,0.9255947509436417,1725.6500244140625
2025-02-07,1723.1500244140625,1731.0,1700.6500244140625,1725.6500244140625,1619.37158203125,2428098,0.0012474757261748959,0.018683603550214034,-0.13257765997951176,1754.4924926757812,1859.5979956054687,1762.4983132759924,37.63094278807414,-44.81377180052755,-46.17891314548923,1.3651413449616854,0.02429796450727932,0.17994963548414367,0.9835607912931386,0.9279693936496238,1733.8499755859375
2025-02-10,1723.949951171875,1740.0,1712.0999755859375,1733.8499755859375,1627.0665283203125,1823071,0.004751804280047622,0.024734028124076435,-0.043946994070380274,1750.5074890136718,1856.8449951171874,1759.7699001626538,33.9928419290564,-41.59117765967517,-45.26136604832642,3.6701883886512547,0.014970984514561995,-0.24917733962961952,0.9904841804263745,0.9337612887157081,1723.199951171875
2025-02-11,1742.800048828125,1749.0,1715.0,1723.199951171875,1617.0723876953125,1702553,-0.006142414028908916,-0.0053967258623058845,-0.05614285081960346,1745.3824890136718,1853.493994140625,1756.2870478778177,35.19957260313666,-39.441954252896494,-44.09748368924044,4.655529436343947,0.014846929894035904,-0.06610713460967788,0.9872907296931045,0.9297035526521028,1717.300048828125
2025-02-12,1723.9000244140625,1742.4000244140625,1699.1500244140625,1717.300048828125,1611.535888671875,2214307,-0.0034238060068059184,0.0025980519634623,-0.041818915425791636,1741.634991455078,1849.8869946289062,1752.5740003492756,36.256151815776626,-37.77925628067214,-42.83383820752679,5.054581926854645,0.014392862648009885,0.3005803637243598,0.9860275300241745,0.9283270025759716,1703.0999755859375
2025-02-13,1712.0,1729.949951171875,1700.25,1703.0999755859375,1598.2103271484375,1838463,-0.008268836451659989,-0.011836393625797803,-0.047962461656418154,1737.344989013672,1845.468994140625,1747.8621884670529,47.87413534760566,-37.1788092245381,-41.70283241092905,4.524023186390949,0.014459986984390785,-0.16973436835994282,0.9802888812272247,0.9228548303944906,1711.25
2025-02-14,1711.0,1723.4000244140625,1699.949951171875,1711.25,1605.8582763671875,1460459,0.004785405748866101,-0.00834469574382668,-0.04729426204273757,1733.0974914550782,1841.2399951171874,1744.3753133749526,54.55465361948182,-35.63453896548185,-40.48917372183961,4.854634756357761,0.014477340653364182,-0.2056087068382665,0.9873939627962098,0.9294008410300071,1709.9000244140625
2025-02-17,1711.25,1720.1500244140625,1694.0999755859375,1709.9000244140625,1604.5916748046875,1127023,-0.0007888827383126795,-0.013813162331868578,-0.051320460911595145,1728.4724914550782,1837.2399951171874,1741.0919525215345,47.37298737362168,-34.126239362358774,-39.21658684994345,5.090347487584673,0.014419315692786566,-0.22830904530698914,0.9892549825740178,0.9306895282915923,1725.5
2025-02-18,1706.0,1728.5,1701.25,1725.5,1619.2308349609375,1511900,0.009123326137902898,0.0013347544645418985,-0.055917247853701,1723.3624938964845,1833.0229956054689,1739.6070046623406,53.389836730144545,-31.31117763952534,-37.63550500785983,6.324327368334487,0.014161740065169329,0.34149879816117323,1.0012403113744703,0.9413411638243235,1712.300048828125
2025-02-19,1723.199951171875,1731.5999755859375,1703.449951171875,1712.300048828125,1606.84375,1294110,-0.007649928236380776,-0.002911547113395807,-0.05240727790363864,1718.6274963378905,1828.65099609375,1737.006342201939,46.421795280612244,-29.80180997136381,-36.06876600056063,6.26695602919682,0.014068495663285998,-0.1440505324426219,0.9963183135826418,0.9363733443318781,1687.550048828125
2025-02-20,1705.199951171875,1714.550048828125,1683.550048828125,1687.550048828125,1583.6180419921875,1681532,-0.014454242419100871,-0.009130366379379806,-0.058733261673720616,1713.3625,1823.677998046875,1732.2962190234805,48.17849494689029,-30.25399416330106,-34.90581163310872,4.651817469807661,0.01427473872345084,0.29937331447867654,0.9849346234834281,0.925355271399589,1700.699951171875
2025-02-21,1690.0,1704.1500244140625,1685.1500244140625,1700.699951171875,1595.958251953125,1222563,0.00779230361368044,-0.006165112536522965,-0.006571453792968085,1712.8,1818.31599609375,1729.287050656661,52.31135850931483,-29.214499606333902,-33.76754922775376,4.553049621419859,0.01042668925513371,-0.2729469317265446,0.9929355156304736,0.9353159488369749,1644.050048828125
2025-02-24,1685.0,1690.0,1637.5999755859375,1644.050048828125,1542.797119140625,4455420,-0.03330975714129647,-0.038511009208566205,-0.0290565192215414,1710.3400024414063,1812.1089965820313,1721.1692409587051,28.34065477072508,-32.586232552298725,-33.53128589266275,0.9450533403640264,0.01260391929329503,2.6443275315873294,0.9612416516489959,0.9072578150260849,1636.0999755859375
2025-02-25,1636.0,1651.949951171875,1631.25,1636.0999755859375,1535.3367919921875,1951519,-0.00483566376087774,-0.05181108340426688,-0.04822572682609805,1706.195001220703,1805.8189965820313,1713.0674061612988,30.070091443467845,-35.490744463160354,-33.92317760676227,-1.5675668563980807,0.011996340136485668,-0.5619898909642638,0.9589173420478809,0.9060154858724324,1629.199951171875
2025-02-27,1620.0,1660.0,1615.199951171875,1629.199951171875,1528.86181640625,2266866,-0.004217361113028173,-0.04853127097270282,-0.048975556365509765,1702.0,1799.19599609375,1705.0800294956393,25.026444284672394,-37.912335577770136,-34.72100920096385,-3.1913263768062876,0.012001180881060594,0.16159053537270207,0.9572267633207256,0.9055155495616071,1575.050048828125
2025-02-28,1612.0,1614.949951171875,1562.449951171875,1575.050048828125,1478.0467529296875,4910121,-0.033237112672879876,-0.06666468948765258,-0.08716561279659418,1694.4800048828124,1792.0119970703124,1692.6962218130188,18.7291997337566,-43.697194494669475,-36.51624625970498,-7.180948234964497,0.013592172268074531,1.1660393688907944,0.929518226411325,0.8789282947899402,1572.4000244140625
2025-03-03,1575.050048828125,1603.4000244140625,1568.449951171875,1572.4000244140625,1475.559814453125,1784684,-0.0016825017186178348,-0.07543948400151768,-0.07178274827977416,1688.4000061035156,1785.232998046875,1681.2394411083565,15.68541578670441,-47.942915599405524,-38.80158012764509,-9.141335471760435,0.013208307356049494,-0.6365295274800764,0.9312959125384289,0.8807814028389228,1535.5
2025-03-04,1560.0,1560.0,1523.0,1535.5,1440.9324951171875,3246644,-0.02346732627901915,-0.06602600018503035,-0.09249408983451535,1680.5750061035155,1777.882998046875,1667.359494336132,14.11087449106202,-53.66656894697962,-41.774577891511996,-11.891991055467628,0.013911827477625652,0.8191702284550093,0.9136753756442695,0.8636676326208479,1572.949951171875
2025-03-05,1532.0,1581.4000244140625,1531.050048828125,1572.949951171875,1476.0758056640625,3112003,0.024389417891159226,-0.03859790071291125,-0.09211860734655342,1672.5950012207031,1771.402998046875,1658.3681092728693,25.3710640056251,-54.55186741416628,-44.33003579604286,-10.221831618123424,0.013958096764249344,-0.04147082341026609,0.9404248787207277,0.8879684368301219,1585.449951171875
2025-03-06,1580.0,1594.699951171875,1575.1500244140625,1585.449951171875,1487.805908203125,2011489,0.007946851704141888,-0.02685367131795635,-0.07437897435849927,1666.225,1765.0969970703125,1651.4235227870604,29.809484664627888,-53.62665262447854,-46.189359161729996,-7.437293462748542,0.014141343065849828,-0.35363526320508043,0.9515221240660026,0.8982225644275563,1557.949951171875
2025-03-07,1582.6500244140625,1587.0,1555.5999755859375,1557.949951171875,1461.999755859375,2091986,-0.017345233748737088,-0.01085685986230911,-0.09605456851066141,1657.9474975585938,1758.41599609375,1642.5212778713285,25.329869105298812,-54.48437149153824,-47.84836162769165,-6.6360098638465885,0.014247366625617373,0.040018613077178244,0.9396859390698621,0.8859962344705677,1549.300048828125
2025-03-10,1557.0,1572.449951171875,1547.0,1549.300048828125,1453.8826904296875,1855766,-0.005552105404441066,-0.0146909025866655,-0.1021933608153347,1649.1299987792968,1750.822998046875,1633.6430655814997,24.748402431735542,-55.22548963427403,-49.32378722900813,-5.901702405265894,0.014172896583426162,-0.11291662563707405,0.9394650815732738,0.8848981596406043,1567.8499755859375
2025-03-11,1529.949951171875,1573.949951171875,1522.5999755859375,1567.8499755859375,1471.2901611328125,1846190,0.011973101512417372,0.0210680401080674,-0.09574069402625329,1640.8299987792968,1743.8319970703126,1627.377057010494,25.44006414072011,-53.697021205489364,-50.19843402430438,-3.4985871811849805,0.01452939660233073,-0.00516013333577614,0.9555224957810052,0.8990831560723568,1540.5999755859375
2025-03-12,1556.0,1565.0,1507.0999755859375,1540.5999755859375,1445.71826171875,3113860,-0.017380489475605665,-0.02056643668912428,-0.10596563414579896,1631.7,1736.4049975585938,1619.1125730652982,24.373095382202564,-54.061360513928776,-50.97101932222927,-3.0903411916995083,0.014794128154329879,0.6866411366110747,0.9441686434920251,0.8872353959773437,1534.75
2025-03-13,1540.5999755859375,1547.949951171875,1529.1500244140625,1534.75,1440.228759765625,1983351,-0.003797206074673931,-0.03197827287729926,-0.10630061354315812,1622.5724975585938,1727.6559985351562,1611.0780422971745,25.830395815697926,-54.19739237766498,-51.61629393331641,-2.5810984443485694,0.014791631904023586,-0.36305710597136676,0.9458745309126488,0.8883423559442868,1545.1500244140625
2025-03-17,1528.0,1547.550048828125,1519.050048828125,1545.1500244140625,1449.9881591796875,2029100,0.006776363846921374,-0.008215878018536182,-0.09274261842293408,1614.675,1719.6259985351562,1604.799183451164,25.179502142806214,-52.85670437032286,-51.86437602071771,-0.9923283496051525,0.015024093138846215,0.023066517222619654,0.9569418145534319,0.8985384180806064,1545.1500244140625
2025-03-18,1545.1500244140625,1545.1500244140625,1545.1500244140625,1545.1500244140625,1449.9881591796875,0,0.0,-0.0026786447319882,-0.09706353576972238,1606.3700012207032,1711.467998046875,1599.1183111619164,30.73625043689978,-51.203952178014106,-51.73229125217699,0.5283390741628864,0.014901908479058293,-1.0,0.9618892429763263,0.9028214527980574,1544.449951171875
2025-03-20,1547.8499755859375,1582.0999755859375,1547.050048828125,1562.0,1465.8004150390625,4608677,0.011363300451923797,0.013890708005446673,-0.09475514343668501,1589.9224975585937,1696.6339965820312,1590.8725815736577,37.08189369129381,-45.9906953970783,-50.20782729444647,4.217131897368169,0.015026461105716465,0.018981040406347516,0.9824378247358156,0.9206464111568793,1566.699951171875
2025-03-21,1535.0999755859375,1592.050048828125,1521.5,1566.699951171875,1470.2109375,8109210,0.003008931608114551,0.020817690941114186,-0.08503188314214949,1582.6424926757813,1689.2719946289062,1588.5704262972974,48.018015303272286,-42.43513578911893,-48.65328899338097,6.2181532042620375,0.015110973203441368,0.759552687246253,0.9899266312021282,0.9274409071796887,1604.1500244140625
2025-03-24,1591.0,1610.9000244140625,1560.0,1604.1500244140625,1505.3544921875,2487843,0.02390379422312172,0.038183994478059535,-0.04942077094067665,1578.4724914550782,1681.4529956054687,1590.054197546513,56.46771365168601,-36.17837941838775,-46.15830707838233,9.97992765999458,0.016155682151488118,-0.6932077230704348,1.0162673300282314,0.9540260885118763,1624.9000244140625
2025-03-25,1622.0,1658.949951171875,1618.949951171875,1624.9000244140625,1524.826416015625,4906013,0.012935199129881392,0.05161311118008882,-0.04456984120307772,1574.6824951171875,1674.1629956054687,1593.3728477243749,69.49412406670481,-29.208802439400415,-42.768406150585946,13.559603711185531,0.016366110225446345,0.9719946154158441,1.0318905744190279,0.9705745669204747,1633.4000244140625
2025-03-26,1624.9000244140625,1644.949951171875,1622.0,1633.4000244140625,1532.802978515625,3096513,0.00523109106547337,0.057593367253302885,-0.006477919830758072,1574.1499938964844,1670.5599951171876,1597.1849597900596,65.08611944308879,-22.737381131767506,-38.762201146822264,16.024820015054758,0.014686815060160313,-0.3688331033774268,1.037639380457587,0.9777559795447405,1630.1500244140625
2025-03-27,1625.6500244140625,1645.0,1613.550048828125,1630.1500244140625,1529.7530517578125,3383080,-0.0019897146757823503,0.04362997721770956,-0.003636667233458124,1573.8524963378907,1666.6489965820313,1600.3244897542504,61.69546806720703,-17.667323057334215,-34.54322552892465,16.875902471590436,0.014653510723174301,0.09254506601457835,1.0357705237353356,0.9781003845183833,1592.5
2025-03-28,1616.0999755859375,1625.550048828125,1581.5999755859375,1592.5,1494.421875,2211077,-0.023096048737965336,0.016467766408511553,-0.0225263640263903,1572.0174987792968,1662.6539965820311,1599.5793002538458,58.583863062888206,-16.4971390712808,-30.934008237395883,14.436869166115084,0.01551670379188941,-0.34643076722986155,1.0130294358915268,0.9578060157277167,1530.3499755859375
2025-04-01,1577.0,1585.0,1526.0999755859375,1530.3499755859375,1436.0994873046875,4126827,-0.03902670292876764,-0.046005702524663517,-0.02838009704862743,1569.7824951171874,1657.4829956054687,1592.9860312378544,46.28065472782047,-20.350163376534283,-28.817239265223563,8.46707588868928,0.016188759676559923,0.8664329645688504,0.974880265480151,0.9232975419014238,1527.550048828125
2025-04-02,1515.0,1538.550048828125,1506.4000244140625,1527.550048828125,1433.4720458984375,3167863,-0.0018295989822462166,-0.05991136323666546,-0.02852326055047627,1567.5399963378907,1652.1099975585937,1586.7540329131182,41.5690572856786,-23.360359899774267,-27.725863392133707,4.365503492359441,0.01618896974047598,-0.23237320100891068,0.9744887227099845,0.924605535397439,1470.0999755859375
2025-04-03,1500.0,1500.0,1465.0,1470.0999755859375,1379.5601806640625,3966161,-0.037609290305257725,-0.09997553960286265,-0.042592005479689,1564.2699951171876,1645.4639965820313,1575.644122691482,36.90565585991489,-30.03547287719084,-28.187785289145133,-1.8476875880457087,0.017465706983334845,0.25199890273032644,0.9397993825712962,0.8934257927488167,1422.0999755859375
2025-04-04,1449.0,1456.199951171875,1419.0999755859375,1422.0999755859375,1334.5164794921875,4421312,-0.03265084062114121,-0.12762632010075636,-0.09590259084438868,1556.7274963378907,1637.3519970703126,1561.020870586192,31.90943553645228,-38.752037484828634,-30.300635728281836,-8.451401756546797,0.017581711928429368,0.11475857888774565,0.9135188907058837,0.8685365016993768,1374.0999755859375
2025-04-07,1345.0,1383.75,1302.75,1374.0999755859375,1289.47265625,6484139,-0.03375290121935548,-0.13714287247350865,-0.13330599015738054,1546.1599975585937,1628.6939965820313,1543.2188805861676,25.49076470999789,-48.96869593827864,-34.0342477702812,-14.934448167997445,0.018432555348468504,0.4665644496475254,0.8887178414624999,0.8436821026353731,1403.3499755859375
2025-04-08,1380.0,1424.25,1372.0,1403.3499755859375,1316.921142578125,3938359,0.02128666073771468,-0.08298755319114148,-0.09923295383760489,1538.429998779297,1620.9039965820311,1529.8980324909076,31.253308355518143,-54.0818192743061,-38.04376207108618,-16.03805720321992,0.01929163391136126,-0.3926165062161684,0.9121961848764377,0.8657822909593378,1380.0
2025-04-09,1380.6500244140625,1388.699951171875,1357.050048828125,1380.0,1295.0093994140625,3306801,-0.016638740151891374,-0.09659261177158773,-0.10927518459460572,1529.9649963378906,1614.2649975585937,1515.6220293965353,29.487350491691842,-59.33418667235901,-42.301846991340746,-17.032339681018264,0.01946583270888722,-0.16036069845334056,0.9019814200345463,0.8548782276064371,1390.550048828125
2025-04-11,1360.0,1425.0,1360.0,1390.550048828125,1304.90966796875,4859622,0.007644962918931242,-0.05411191624984979,-0.11308475269870888,1521.1,1608.2109985351562,1503.7104121995437,28.234110872112126,-61.93151693044365,-46.227780979161324,-15.703735951282326,0.01928353891214459,0.469584048148044,0.9141739851608212,0.8646564723750252,1426.5
2025-04-15,1420.0,1428.800048828125,1406.0,1426.5,1338.6455078125,3265147,0.02585304369459518,0.0030940331127209397,-0.07406203907185038,1515.395001220703,1602.3609985351563,1496.357039609111,33.5097719402025,-60.39288764394496,-49.06080231211805,-11.33208533182691,0.02031322405832679,-0.32810679513756424,0.9413387261083116,0.890248827389131,1431.699951171875
2025-04-16,1415.0,1436.0999755859375,1405.5,1431.699951171875,1343.5252685546875,2553111,0.0036452514348930265,0.04191832953157282,-0.06714451788768527,1510.242498779297,1596.732998046875,1490.1992216627075,28.05140843079124,-58.08435990270459,-50.865513830235365,-7.218846072469226,0.02037829776094129,-0.21807165190418687,0.9479934198177402,0.8966433041235644,1438.0
2025-04-17,1420.0,1442.0999755859375,1384.0,1438.0,1349.437255859375,3549969,0.004400397459655148,0.024690935986652285,-0.06934603289068642,1504.8849975585938,1590.9839990234375,1485.22786721864,25.30390957248619,-55.11118629689395,-51.71464832356708,-3.396537973326865,0.020323500893633814,0.3904483588845138,0.9555547449359235,0.9038431567398914,1482.0
2025-04-21,1435.0,1499.0,1430.0,1482.0,1390.727294921875,2840104,0.030598052851182223,0.07391304347826089,-0.040869833618913276,1501.7274963378907,1586.7439990234375,1484.9204512930553,31.710556235362404,-48.643757559613505,-51.10047017077637,2.456712611162864,0.021697263940774484,-0.19996371799303037,0.986863464652543,0.9339880919115483,1479.9000244140625
2025-04-22,1490.0,1499.9000244140625,1464.5,1479.9000244140625,1388.7567138671875,2608145,-0.001416987574856643,0.06425513102619829,-0.04179476758624279,1498.5,1582.5019995117189,1484.442315399818,31.79890975166566,-43.18985836706565,-49.51834781003423,6.328489442968575,0.021695047522393273,-0.08167271339359405,0.9875876038799216,0.9351647106105937,1594.0
2025-04-23,1555.0,1600.0,1543.699951171875,1594.0,1495.8294677734375,13293318,0.0770997862717877,0.11742025937609535,0.020486555697823317,1500.1,1579.7309985351562,1494.8763805998353,50.15331154432935,-29.322675951609426,-45.47921343834928,16.15653748673985,0.02790277735215807,4.096847759614592,1.0625958269448703,1.0090325514141807,1586.699951171875
2025-04-24,1595.0,1603.300048828125,1576.0999755859375,1586.699951171875,1488.9791259765625,3193118,-0.004579704409112262,0.1082629079320212,0.01276568623432972,1501.1,1577.207998046875,1503.621482559077,56.486701824942145,-18.70625287220946,-40.12462132512132,21.418368452911857,0.02793104027988132,-0.7597952595431781,1.0570248159162448,1.0060181999690303,1578.199951171875
2025-04-25,1590.0,1618.0,1568.0999755859375,1578.199951171875,1481.0025634765625,3800415,-0.005357030479343106,0.09749648899295904,-0.01617683685892546,1499.8024963378907,1574.3019970703126,1510.724193855534,55.75501610312658,-10.853428489520411,-34.27038275800114,23.41695426848073,0.02743006228807185,0.1901893384459954,1.0522718524775159,1.002475988793012,1549.300048828125
2025-04-28,1565.0,1569.4000244140625,1537.0999755859375,1549.300048828125,1470.656005859375,2618810,-0.018311939702121194,0.04541163888537447,-0.0465259243338364,1496.0224975585938,1570.7749975585937,1514.3980848053047,59.623341037262755,-6.882650274213802,-28.792836261243675,21.910185987029873,0.027516534039009253,-0.3109147290493275,1.0356128008478993,0.986328437386738,1569.0
2025-04-29,1555.0,1580.800048828125,1548.0999755859375,1569.0,1489.3560791015625,2231069,0.01271538795004612,0.06020675323741198,-0.039426976522278556,1492.8024963378907,1567.477998046875,1519.5982672047994,69.16754826828594,-2.121700863619253,-23.458609181718792,21.33690831809954,0.02767086716050418,-0.14805999671606573,1.0510432584679053,1.0009709877618833,1567.5
2025-04-30,1571.0,1587.9000244140625,1554.0,1567.5,1487.93212890625,3682256,-0.0009560229445506607,-0.016624843161856973,-0.03843206053171777,1489.6699951171875,1564.3639990234376,1524.1603369948184,78.71994692277154,1.5129085134974503,-18.464305642675544,19.977214156172995,0.02767116618283267,0.650444697138457,1.0522464741438857,1.002004649159991,1572.4000244140625
2025-05-02,1567.0,1581.0,1557.0999755859375,1572.4000244140625,1492.5833740234375,1370848,0.0031260123853669164,-0.00901236982282072,-0.012621648719583933,1488.6649963378907,1561.4659985351564,1528.7545929395085,77.06100978204371,4.734180958645311,-13.824608322411374,18.558789281056683,0.02721648501239822,-0.6277151833006722,1.0562484026172172,1.0070024104842268,1568.5999755859375
2025-05-05,1580.0,1597.699951171875,1563.300048828125,1568.5999755859375,1488.976318359375,1012225,-0.0024167188814061547,-0.006082863948138617,0.02499428275245008,1490.5774963378906,1558.7759985351563,1532.5493912867873,82.2062880401498,6.9008813329858185,-9.679510391331934,16.580391724317753,0.02566057247021036,-0.2616066843296996,1.0523437925500254,1.006302366125738,1579.0999755859375
2025-05-06,1576.800048828125,1583.800048828125,1565.0999755859375,1579.0999755859375,1498.9432373046875,2055057,0.006693867246859941,0.01923444511626582,0.03374680050408796,1493.1549926757812,1556.132998046875,1536.9827802676587,82.20324600837208,9.357402921623134,-5.872127728740921,15.229530650364055,0.025672397481756593,1.030237348415619,1.057559317908545,1.0147590068251806,1563.300048828125
2025-05-07,1552.0,1578.4000244140625,1545.0,1563.300048828125,1483.9453125,5469936,-0.010005653221512922,-0.0036328560687539646,0.06339709869394472,1497.8149963378905,1553.2009985351563,1539.489186797227,75.09173190371575,9.914998009857072,-2.7147025810213226,12.629700590878395,0.024128209866319018,1.661695515014912,1.0437203877984553,1.0065020884627895,1580.699951171875
2025-05-08,1561.9000244140625,1598.0,1555.800048828125,1580.699951171875,1500.4620361328125,2789018,0.01113023847008332,0.008421021481259894,0.11152519394467375,1505.7449951171875,1550.3049975585936,1543.4140214995746,76.15872580451591,11.626895225953604,0.15361698037366267,11.473278245579941,0.022629711910704457,-0.4901187143688701,1.0497793160845632,1.0196057896098814,1569.4000244140625
2025-05-09,1566.0,1577.699951171875,1557.300048828125,1569.4000244140625,1489.7357177734375,2035161,-0.0071486854601565675,-0.0019079114432842825,0.14212943184490334,1515.5099975585938,1547.4469970703126,1545.8888789200018,72.67083649426147,11.934206349326814,2.509734854164293,9.424471495162521,0.020915577972194857,-0.27029477758838416,1.035559004521437,1.0141866101942827,1670.300048828125
2025-05-12,1598.800048828125,1675.0,1594.0,1670.300048828125,1585.513916015625,4028207,0.06429210070372826,0.06483493231229853,0.19022344952172632,1528.8575012207032,1547.1019970703126,1557.7375617683945,77.15607267749327,20.087979617486326,6.0253838068287,14.062595810657626,0.024396843451980815,0.9793063054962237,1.0925151935314366,1.0796314994041167,1619.5999755859375
2025-05-13,1685.0,1688.0999755859375,1615.199951171875,1619.5999755859375,1537.387451171875,3118470,-0.030353871615916184,0.02564752113619151,0.17362317071444755,1540.8375,1545.4799975585938,1563.629220227208,67.67012651097986,22.202890385271758,9.260885122517312,12.942005262754446,0.02533085761707255,-0.22584167099655006,1.051116665830068,1.0479591959419932,1637.699951171875
2025-05-14,1630.0,1642.300048828125,1617.0,1637.699951171875,1554.5687255859375,1569126,0.011175584007643291,0.04759156912936913,0.1777353519580498,1553.1949951171875,1545.3529956054688,1570.6835755552715,57.30036413112636,25.050720060502726,12.418852110114397,12.63186795038833,0.025338114499893545,-0.49682825231603955,1.0544071776694797,1.0597578390367857,1696.0
2025-05-15,1650.0,1702.5999755859375,1625.0,1696.0,1609.9091796875,4961582,0.03559873637805744,0.07294240044901978,0.18892393971258326,1566.6699951171875,1546.55099609375,1582.6184731214362,65.60092917060442,31.64716350105573,16.264514388302665,15.382649112753064,0.025779088722307865,2.162003561218156,1.0825508915635667,1.0966337380944602,1659.9000244140625
2025-05-16,1691.9000244140625,1693.5,1658.0,1659.9000244140625,1575.641845703125,2586263,-0.02128536296340655,0.057665348918156445,0.15939099044838345,1578.0799987792968,1547.1649975585938,1589.978620863591,60.80975400185092,33.57489562567571,19.726590635777274,13.848304989898434,0.026639842034472175,-0.4787422640601324,1.051847831350791,1.0728655489449175,1649.5999755859375
2025-05-19,1661.0,1664.0,1638.0999755859375,1649.5999755859375,1565.8646240234375,1642018,-0.0062052224089585994,-0.012393026783846794,0.14714880082471304,1588.6599975585937,1548.65599609375,1595.656845122862,63.95768817195168,33.88095085240002,22.557462679101825,11.323488173298195,0.02681500463911311,-0.3651001464274901,1.0383593582774129,1.0651816670369685,1638.300048828125
2025-05-20,1660.800048828125,1666.0,1636.4000244140625,1638.300048828125,1555.13818359375,2421580,-0.006850101191228974,0.011546106152182656,0.10546561999198723,1596.475,1549.9739965820313,1599.7181026186013,59.87461785615388,32.83321135018036,24.612612413317535,8.220598936862828,0.02640089048117307,0.47475849838430517,1.026198373809878,1.056985505847755,1652.0
2025-05-21,1645.0,1657.5,1628.4000244140625,1652.0,1568.142822265625,1420835,0.008362296748800402,0.00873178802862662,0.11629162291153894,1605.0799987792968,1552.3039965820312,1604.6973309406392,61.63591766587752,32.73103876984237,26.236297684622503,6.494741085219868,0.026359546155631523,-0.41326117658718686,1.0292321885864797,1.0642245356821127,1633.0
2025-05-22,1638.4000244140625,1640.699951171875,1614.0,1633.0,1550.1072998046875,2202093,-0.01150121065375298,-0.03714622641509435,0.024466750313676178,1607.0299987792969,1553.5049975585937,1607.3928232320068,58.032874210239996,30.762316220918365,27.141501391881675,3.6208148290366893,0.02055962491786771,0.5498583579374101,1.0161602466913686,1.0511713850720381,1648.199951171875
2025-05-23,1633.0,1670.800048828125,1622.5,1648.199951171875,1564.53564453125,1459454,0.009307992144442778,-0.00704866140737459,0.03875969111524746,1610.104998779297,1554.7599975585938,1611.2792163691372,60.24189791509668,30.081833790646897,27.72956787163472,2.3522659190121757,0.020581329077950367,-0.33724234171762957,1.023659918093205,1.0600992781908514,1673.5999755859375
2025-05-26,1652.4000244140625,1675.800048828125,1645.5999755859375,1673.5999755859375,1588.6463623046875,1078813,0.01541076639154304,0.014548981786614679,0.06044862968296516,1614.875,1557.072998046875,1617.2145267707372,61.71004425996908,31.232092138528742,28.430072725013527,2.8020194135152146,0.020708774600247597,-0.26081054969872297,1.0363650286157984,1.074837196255557,1652.0999755859375
2025-05-27,1673.800048828125,1675.5,1641.5,1652.0999755859375,1568.23779296875,2740015,-0.012846558504801986,0.008423320726678618,0.06635249694568168,1620.0149963378906,1559.1289965820313,1620.536950467423,60.85043546484138,30.062270705803257,28.756512321171478,1.3057583846317797,0.02044519799217166,1.5398424008609464,1.0198053594075218,1.059630075001953,1657.300048828125
2025-05-28,1664.0,1666.800048828125,1647.0,1657.300048828125,1573.173828125,1775441,0.0031475536099703216,0.003208262002496909,0.056277915123087885,1624.429998779297,1560.917998046875,1624.038197930347,59.64736746300377,29.217974620215045,28.848804780980196,0.3691698392348499,0.020327657397054995,-0.3520323793847844,1.0202348208747245,1.0617470302103311,1664.699951171875
2025-05-29,1670.0,1675.5,1655.5999755859375,1664.699951171875,1580.1982421875,2374051,0.004465034770850584,0.019412095022581122,0.06200953822767152,1629.2899963378907,1563.3999975585937,1627.9107458581116,62.12158899472871,28.813826311404,28.84180908706496,-0.02798277566095919,0.020309194384825122,0.3371613024595017,1.0217333654006189,1.0647946486960926,1636.5999755859375
2025-05-30,1664.699951171875,1664.699951171875,1627.300048828125,1636.5999755859375,1553.5244140625,4408910,-0.016879904132967805,-0.007037966223509384,0.04082927383303647,1632.4999938964843,1565.4369970703126,1628.738291546476,44.73929426345622,25.927229711475775,28.258893211947125,-2.3316635004713504,0.02080002916099912,0.8571252260376883,1.0025114742448895,1.0454588582286002,1631.5
2025-06-02,1625.0999755859375,1635.199951171875,1605.699951171875,1631.5,1548.6834716796875,1883100,-0.0031162016754348043,-0.025155339507696883,0.04009946792876029,1635.6449951171876,1567.1639965820314,1629.0013113991924,52.16600506323263,22.963348514232393,27.19978427240418,-4.236435758171787,0.02080879476148319,-0.5728876298223371,0.9974658344998081,1.0410525022003343,1630.4000244140625
2025-06-03,1646.9000244140625,1651.699951171875,1617.0,1630.4000244140625,1547.6392822265625,2380133,-0.0006742112080524443,-0.013134768774619054,0.032486891027333265,1638.2099975585938,1568.8689965820313,1629.1345221625133,48.58363764088189,20.291781449545397,25.818183707832425,-5.526402258287028,0.020789694113166148,0.2639440284637036,0.9952326178230078,1.0392199909400237,1626.0999755859375
2025-06-04,1631.0,1644.5999755859375,1622.199951171875,1626.0999755859375,1543.5576171875,1659720,-0.0026374195067068174,-0.01882584464065451,0.04017138412097432,1641.3499938964844,1570.5019970703124,1628.845517726649,32.8423949292537,17.62440413964623,24.179427794195185,-6.555023654548954,0.020634158907640122,-0.3026776234773435,0.990708856510034,1.0354014058048573,1632.4000244140625
2025-06-05,1634.9000244140625,1653.9000244140625,1624.5999755859375,1632.4000244140625,1549.5377197265625,1409322,0.0038743305594448607,-0.0194028519884768,0.032707075877277614,1643.9349975585938,1571.9099975585937,1629.1840421730694,42.09315254656083,15.836298699209237,22.510801975198,-6.674503275988762,0.020531852139790512,-0.15086761622442335,0.9929833155437034,1.038481864069456,1637.699951171875
2025-06-06,1631.199951171875,1639.800048828125,1622.0,1637.699951171875,1554.5687255859375,1261281,0.0032467083304013045,0.0006721102299562798,0.04351976914446176,1647.3499938964844,1573.3299975585937,1629.9950811253366,46.47719363672435,14.677676927989069,20.944176965756213,-6.266500037767145,0.020424510387854748,-0.10504412760178294,0.9941420810633057,1.0409131928541164,1648.300048828125
2025-06-09,1648.0,1658.0,1639.0,1648.300048828125,1564.6304931640625,1299786,0.006472551732486176,0.010297302377030304,-0.013171286210184263,1646.2499938964843,1574.212998046875,1631.738411382745,52.97265246818696,14.448249690318335,19.64499151066864,-5.196741820350304,0.014393633353716188,0.030528486514900255,1.0012452877383395,1.0470629138961307,1668.0999755859375
2025-06-10,1653.300048828125,1684.9000244140625,1649.0,1668.0999755859375,1583.4254150390625,3055223,0.012012331596962245,0.02312312966593799,0.02994566604784854,1648.6749938964845,1575.0769970703125,1635.201417497335,54.618468832837834,15.683327924215519,18.852658793378016,-3.169330869162497,0.012809075520916485,1.3505584765492165,1.01178217766471,1.0590593213466075,1721.9000244140625
2025-06-11,1676.0,1725.4000244140625,1666.0,1721.9000244140625,1634.4945068359375,5085821,0.03225229279751485,0.058913996843032335,0.05141361406400313,1652.8849975585938,1576.8469970703125,1643.4584276798803,71.25777972114724,20.763996214279587,19.23492627755833,1.5290699367212568,0.014409389624644064,0.6646316815499229,1.0417542823350734,1.0919892847012107,1701.199951171875
2025-06-12,1725.0,1726.0,1695.0,1701.199951171875,1614.8453369140625,3607962,-0.012021646407276987,0.042146487214436146,0.003066008945681098,1653.1449951171876,1578.2679956054687,1648.9576203934037,62.348549832651116,22.85666215196966,19.9592734524406,2.89738869952906,0.012475672849984855,-0.29058415543921035,1.029068808965109,1.0778904190598162,1695.300048828125
2025-06-13,1666.0,1711.0,1664.5999755859375,1695.300048828125,1609.244873046875,1988422,-0.0034680828315836187,0.03517133746937806,0.021326600333389623,1654.9149963378907,1580.3239965820312,1653.371185006234,55.56127010703522,23.765092974282652,20.72043735680901,3.0446556174736408,0.011452914145628552,-0.4488794505041904,1.02440309779028,1.0727547341524695,1723.0
2025-06-16,1692.0,1729.4000244140625,1683.4000244140625,1723.0,1635.5386962890625,2116100,0.016339261708287367,0.04531938904265864,0.04449565076405326,1658.5849975585938,1584.1769970703126,1660.002500719926,67.61054401658167,26.415681968731406,21.859486279193494,4.556195689537912,0.011798482848025406,0.06421071583396287,1.0388373237043769,1.0876309927403434,1729.5999755859375
2025-06-17,1728.0,1738.800048828125,1720.0,1729.5999755859375,1641.8037109375,1777245,0.0038305139790699716,0.03686829380738854,0.05572845268674631,1663.1499938964844,1588.2179956054688,1666.6308316595462,67.8342347594153,28.717814624015546,23.23115194815791,5.486662675857637,0.011605292502528524,-0.16013184632106237,1.039954292717623,1.0890192532584737,1715.9000244140625
2025-06-18,1727.9000244140625,1745.0,1710.0,1715.9000244140625,1628.7991943359375,1794428,-0.007920878448922197,-0.0034845228613326062,0.0386804021876892,1666.3449951171874,1593.1339965820312,1671.3231357314048,62.24882850396028,29.101337669299028,24.405189092386134,4.6961485769128934,0.0117630659961957,0.009668334979139104,1.0297387572453987,1.0770594489198135,1713.9000244140625
2025-06-19,1719.699951171875,1719.699951171875,1697.199951171875,1713.9000244140625,1626.900634765625,2514527,-0.0011655690725238532,0.007465361866157538,0.049540737546884595,1670.3899963378906,1598.9699975585938,1675.3780775107055,71.13179062360678,28.910635352420968,25.306278344393103,3.604357008027865,0.01136048570393956,0.40129723789419236,1.0260478260595203,1.07187753805947,1739.9000244140625
2025-06-20,1713.9000244140625,1742.5999755859375,1709.0999755859375,1739.9000244140625,1651.5809326171875,2719770,0.015170079718558105,0.026308012918873747,0.05563649797282699,1674.975,1606.2859985351563,1681.5230248348348,76.59471623433915,30.50583284942627,26.34618924539974,4.159643604026531,0.011618573140852457,0.08162290562002328,1.038761787139547,1.0831819651050651,1703.199951171875
2025-06-23,1729.199951171875,1729.800048828125,1699.199951171875,1703.199951171875,1616.7437744140625,2221446,-0.021093208073576952,-0.011491612784750416,0.017686410144439835,1676.4549987792968,1612.282998046875,1683.587494009791,65.20466151496686,28.480345469077065,26.773020490135206,1.707324978941859,0.012371874571511792,-0.18322284604948214,1.0159532778464393,1.0563901952914823,1691.800048828125
2025-06-24,1719.9000244140625,1732.5999755859375,1689.199951171875,1691.800048828125,1605.922607421875,3601071,-0.006693226086524007,-0.021854722069481358,0.024030067083626427,1678.4400024414062,1618.5189990234376,1684.3696420877277,63.32659346406005,25.65946889615043,26.550310171338253,-0.8908412751878245,0.01208389760140155,0.621048182130018,1.0079597997946221,1.0452766077190956,1717.0999755859375
2025-06-25,1702.0,1720.699951171875,1701.0,1717.0999755859375,1629.938232421875,1307518,0.014954442621831765,0.0006993129872381321,0.03608273999635547,1681.429998779297,1625.0499975585938,1687.4868167066047,65.95104125382647,25.175192588684013,26.27528665480741,-1.1000940661233969,0.012463560119049404,-0.6369085752544174,1.0212140718510652,1.0566443975050834,1724.0999755859375
2025-06-26,1710.0,1726.9000244140625,1702.699951171875,1724.0999755859375,1636.5830078125,2971055,0.004076640905903872,0.005951310477028571,0.03568212059611553,1684.4,1631.0019970703124,1690.973784218922,66.16767957984395,25.067281606040297,26.03368564505399,-0.9664040390136925,0.012459568750791334,1.2722861176672136,1.0235692089681414,1.057080235758664,1723.300048828125
2025-06-27,1735.0,1752.5,1710.800048828125,1723.300048828125,1635.8236083984375,6478283,-0.0004639677333911907,-0.009540764039892347,0.05297572683339857,1688.7350036621094,1636.8339990234374,1694.052476086465,64.56878391439322,24.63325711638231,25.753599939319656,-1.1203428229373458,0.011678526100086803,1.1804655248724778,1.0204680101324717,1.0528251794966836,1728.5999755859375
2025-06-30,1725.0,1734.800048828125,1713.300048828125,1728.5999755859375,1640.8544921875,1855229,0.0030754521021552073,0.01491311950577856,0.0595157680575773,1693.5900024414063,1642.6459985351562,1697.342714134034,62.45370216812056,24.435274740590785,25.489934899573882,-1.054660158983097,0.011599460520032336,-0.7136233474209138,1.0206720475995148,1.0523265372620951,1718.300048828125
2025-07-01,1728.5999755859375,1745.0,1714.0,1718.300048828125,1631.077392578125,1639826,-0.005958536910380952,0.01566378959402215,0.05391316431417015,1697.9850036621094,1647.3719995117187,1699.3386507715666,49.09729589753416,23.18004909522415,25.027957738703936,-1.8479086434797871,0.0117458190776303,-0.1161058823465998,1.0119642076474182,1.0430552718738872,1718.5999755859375
2025-07-02,1722.0,1738.5,1711.0,1718.5999755859375,1631.362060546875,2069447,0.0001745485359305743,0.000873565908408036,0.056884571298679854,1702.6100036621094,1652.1459985351562,1701.1730626586495,54.860358587880356,21.956375876882475,24.413641366339647,-2.4572654894571713,0.011695362804480913,0.2619918210834564,1.0093914471836978,1.0402228235941022,1711.9000244140625
2025-07-03,1716.0,1730.5,1706.5,1711.9000244140625,1625.002197265625,1839063,-0.0038984936966444117,-0.007076127454690551,0.04870129797292533,1706.5850036621093,1654.5039990234375,1702.1946780639269,54.61624789448421,20.21297339436387,23.57350777194449,-3.3605343775806205,0.011787779058668813,-0.11132635916744904,1.0031144189949799,1.0346907746518006,1725.9000244140625
2025-07-04,1715.0,1729.0,1706.199951171875,1725.9000244140625,1638.2916259765625,768500,0.008178047666534738,0.0015087190345670631,0.05385606391395137,1710.9950073242187,1657.2880004882813,1704.452330097273,50.87297813530959,19.733521610118487,22.80551053957929,-3.0719889294608045,0.01185678064892787,-0.5821241577912231,1.0087113153609684,1.0414001814443634,1710.4000244140625
2025-07-07,1725.5,1725.5,1703.300048828125,1710.4000244140625,1623.578369140625,1366412,-0.008980821473284495,-0.010528723492377545,0.037675164561262964,1714.1000061035156,1659.932001953125,1705.0187771750625,44.51428435905234,17.896532074198376,21.82371484650311,-3.9271827723047323,0.012098549179394711,0.778024723487313,0.9978414435118848,1.0304036685849511,1708.0999755859375
2025-07-08,1700.0,1718.9000244140625,1687.5,1708.0999755859375,1621.3951416015625,2139193,-0.0013447432152094985,-0.005936142089470242,0.023979378086106395,1716.1000061035156,1663.1080004882813,1705.312224642765,47.61611630433485,16.069866496242867,20.67294517645106,-4.603078680208192,0.011878784000809611,0.565554898522554,0.9953382492342375,1.0270529485063187,1674.0
2025-07-09,1710.0,1714.300048828125,1671.0,1674.0,1589.0260009765625,2894808,-0.019963688351579134,-0.02595134191755799,-0.027818121688198527,1713.7050048828125,1665.2080004882812,1702.3301080101205,39.805797385306995,11.735359897015314,18.88542812056391,-7.150068223548594,0.010346058285490593,0.35322432337802145,0.9768308986846148,1.0052798206044775,1663.699951171875
2025-07-10,1675.0,1679.9000244140625,1649.0,1663.699951171875,1579.248779296875,2740853,-0.006152956289202538,-0.02815589260750495,-0.02204326421133984,1711.8300048828125,1667.1319995117187,1698.6510454540971,28.833269924458662,7.383986331308279,16.585139762712785,-9.201153431404506,0.010108208849256933,-0.05318314720699957,0.9718838590434495,0.9979413457717512,1638.300048828125
2025-07-11,1643.199951171875,1655.5,1630.0,1638.300048828125,1555.13818359375,2548153,-0.015267117322362633,-0.05075611237428279,-0.03362236675413366,1708.9800048828124,1668.45,1692.9033314897188,30.764638715587566,1.8644394893719891,13.640999708044626,-11.776560218672637,0.010588723365042988,-0.07030657973995691,0.9586420228131727,0.9819293648764572,1619.800048828125
2025-07-14,1640.0,1642.4000244140625,1607.0,1619.800048828125,1537.577392578125,3334703,-0.011292192790467781,-0.05297005045177938,-0.05989550271147703,1703.8200073242188,1669.4740014648437,1685.9411140933764,29.522133111134266,-3.957022446496694,10.121395277136363,-14.078417723633057,0.00989735662525386,0.308674557610944,0.9506873037439889,0.9702457465087008,1566.4000244140625
2025-07-15,1590.0,1621.4000244140625,1550.0,1566.4000244140625,1486.887939453125,14685607,-0.03296704704552622,-0.08295764486693291,-0.09435704988177263,1695.660009765625,1669.2200024414062,1674.5562484096322,13.04556062037446,-12.732733632171175,5.550569495274857,-18.283303127446032,0.011792400668664074,3.4038725487697103,0.9237701044978769,0.9384023808263986,1562.800048828125
2025-07-16,1566.4000244140625,1574.0,1560.0,1562.800048828125,1483.4708251953125,5218099,-0.0022982479123008215,-0.06642768887208783,-0.08922429827356482,1688.0050109863282,1669.2100024414062,1663.912800830441,9.775505892566983,-19.75036599096893,0.4903823980260995,-20.24074838899503,0.011783024857269331,-0.6446793789320386,0.9258266644095778,0.9362513084287508,1543.9000244140625
2025-07-17,1563.5999755859375,1566.800048828125,1542.4000244140625,1543.9000244140625,1465.530029296875,4966082,-0.012093693257966609,-0.07200813264040062,-0.09918898277518762,1679.5050109863282,1668.47400390625,1652.4830126003098,8.966092220716362,-26.53112986076735,-4.913920053732591,-21.61720980703476,0.01186866826540303,-0.04829670728746238,0.9192589568442975,0.9253365774950443,1548.800048828125
2025-07-18,1544.0,1550.0,1530.0,1548.800048828125,1481.6978759765625,3902458,0.0031737964483302683,-0.05462979755388475,-0.10983388292686147,1669.9500122070312,1668.0620043945312,1642.6084446220066,8.799251241823043,-31.15045994953607,-10.161228032893288,-20.989231916642783,0.011063972623719779,-0.21417769581734658,0.9274529402117896,0.9285026844012938,1530.4000244140625
2025-07-21,1548.800048828125,1550.699951171875,1526.0,1530.4000244140625,1464.094970703125,3368842,-0.011880180677928398,-0.055192012420755665,-0.10145604257381446,1661.3100158691407,1665.26400390625,1631.9219284117262,8.484294028262283,-35.88241042875802,-15.305464512066235,-20.576945916691784,0.010572027136209555,-0.13673843510935924,0.9212007450719001,0.9190134542175692,1520.0999755859375
2025-07-22,1533.0999755859375,1539.800048828125,1518.300048828125,1520.0999755859375,1454.2413330078125,3218227,-0.006730298395067336,-0.029558253387696576,-0.10148957813372839,1652.7250122070313,1663.27400390625,1621.2722186187939,7.998315915630471,-40.00251899644627,-20.244875408942242,-19.757643587504027,0.010572291005140257,-0.04470824099200854,0.9197537184700872,0.9139203594933463,1529.800048828125
2025-07-23,1524.0999755859375,1536.0,1518.0,1529.800048828125,1463.52099609375,3471536,0.006381207419234647,-0.02111594507867165,-0.10907922044195406,1643.3600158691406,1661.116005859375,1612.560583400635,11.951557555881678,-42.00086010569771,-24.596072348293337,-17.404787757404375,0.009858255547190803,0.07871073109510296,0.9308976937832116,0.9209471484423425,1507.199951171875
2025-07-24,1530.0,1537.9000244140625,1501.5999755859375,1507.199951171875,1441.900146484375,4654421,-0.014773236328213257,-0.02377101668621051,-0.1258047836468119,1632.5150146484375,1657.3400048828125,1602.5262374740864,5.889504574307949,-44.890726484604556,-28.655003175555585,-16.23572330904897,0.009773907248552207,0.3407382207760483,0.9232380331255029,0.9094090209199085,1490.0999755859375
2025-07-25,1501.0999755859375,1512.199951171875,1486.5999755859375,1490.0999755859375,1425.5408935546875,2733655,-0.011345525570540249,-0.03790035601212827,-0.13532180504536495,1620.8550109863281,1653.94400390625,1591.81897443712,5.851736821556386,-48.00739219590719,-32.52548097962591,-15.481911216281276,0.00971387269612698,-0.4126756045488794,0.9193295917808076,0.9009373788149121,1466.0999755859375
2025-07-28,1490.0999755859375,1494.199951171875,1463.5,1466.0999755859375,1402.580810546875,4404841,-0.016106301854385774,-0.042015190670650515,-0.15185699624403926,1607.7300109863281,1650.27400390625,1579.8457364512933,5.383512957808364,-51.81666143187476,-36.38371707007568,-15.43294436179908,0.009592313322881792,0.6113375682008153,0.9119068286139027,0.8883979097505221,1472.4000244140625
2025-07-29,1466.0999755859375,1477.5,1461.0,1472.4000244140625,1408.60791015625,6223556,0.004297148170681275,-0.03137948288795189,-0.14310656894979756,1595.435009765625,1646.9560034179688,1569.6128114953665,8.586739286887479,-53.708060369128134,-39.848585729886175,-13.85947463924196,0.009982237532215084,0.41289004529334883,0.9228831105006047,0.8940129677771319,1476.5
2025-07-30,1480.5,1484.300048828125,1468.800048828125,1476.5,1412.5302734375,1642426,0.0027845527831806827,-0.03484118651254753,-0.1408704637642021,1583.330010986328,1643.4460034179688,1560.744924686284,10.539671789635776,-54.25080438582904,-42.729029461074745,-11.521774924754297,0.010106129509051083,-0.7360952484399594,0.9325282725363244,0.8984171046260349,1467.9000244140625
2025-07-31,1465.0,1482.699951171875,1459.5,1467.9000244140625,1404.3028564453125,2306285,-0.005824568632534666,-0.026074793014195685,-0.14253168790246074,1571.1300109863282,1640.14400390625,1551.902553231787,11.343054268606423,-54.74382633299638,-45.13198883545907,-9.611837497537309,0.010079003876806504,0.40419416156344345,0.9342957070067933,0.8949824045437702,1452.0999755859375
2025-08-01,1465.0,1466.9000244140625,1450.0,1452.0999755859375,1389.187255859375,2152783,-0.010763709084637307,-0.025501644602777485,-0.15864189405819107,1557.440008544922,1636.2220043945313,1542.3975458369441,11.483732486412208,-55.76663857609174,-47.2589187835856,-8.507719792506137,0.00938327985477766,-0.06655812269515693,0.9323633447317171,0.887471242707846,1474.4000244140625
2025-08-04,1452.0999755859375,1475.4000244140625,1440.5999755859375,1474.4000244140625,1410.5213623046875,2384774,0.015357102956445434,0.005661311620176468,-0.137979418049206,1545.6400085449218,1632.2380053710938,1535.921591415717,25.348383846974087,-54.153548676830724,-48.63784476223462,-5.515703914596102,0.010797122903434288,0.10776329987741451,0.9539090708463706,0.9032996533363121,1482.699951171875
2025-08-05,1479.9000244140625,1485.4000244140625,1471.199951171875,1482.699951171875,1418.4615478515625,2614394,0.005629358803836748,0.00699533183036416,-0.1319595033286869,1534.3700073242187,1628.8500048828125,1530.8528637734464,29.064303453697576,-51.61049492690813,-49.23237479516933,-2.378120131738804,0.011109065572316747,0.0962858535022606,0.9663249047454656,0.9102740870719693,1463.199951171875
2025-08-06,1480.9000244140625,1483.699951171875,1456.4000244140625,1463.199951171875,1399.806396484375,1735697,-0.013151683174055462,-0.009007821759651202,-0.12592595509445936,1523.8300048828125,1624.9680029296876,1524.4097292399633,28.97343400038295,-50.585475664981004,-49.50299496913166,-1.0824806958493411,0.010790271563640503,-0.33609968505129684,0.960212062030108,0.9004484694676094,1475.5
2025-08-07,1458.0,1479.199951171875,1451.0,1475.5,1411.573486328125,1495363,0.008406266565464282,0.005177447686855352,-0.113121329984599,1514.4200073242187,1621.18400390625,1519.7516597885383,31.61065201253409,-48.2247247621965,-49.24734092774464,1.0226161655481363,0.011304515068204513,-0.1384654118777644,0.9743003875173406,0.9101372801882922,1475.699951171875
2025-08-08,1474.800048828125,1482.199951171875,1459.0,1475.699951171875,1411.7647705078125,2815614,0.00013551417951540579,0.016252307680409306,-0.09924927840450093,1506.2900024414062,1617.9660034179688,1515.556258967904,34.89784459544626,-45.809613565253585,-48.55979545524643,2.750181889992845,0.011158161750938481,0.8828966612120268,0.9796917916072266,0.9120710497343236,1488.0
2025-08-11,1475.0,1531.0,1465.5999755859375,1488.0,1423.5321044921875,2374556,0.008335060808504657,0.0092240744443437,-0.08136809782385068,1499.7,1615.0960034179689,1512.931853351913,41.23431538370767,-42.41418507349317,-47.33067337889578,4.916488305402609,0.011449125343836068,-0.15664718246180054,0.9921984396879375,0.9213074621267093,1499.0999755859375
2025-08-12,1490.0,1509.9000244140625,1489.0,1499.0999755859375,1434.1510009765625,3422656,0.007459661012054752,0.011060919237975586,-0.04296479046168278,1496.3349975585938,1612.4700024414062,1511.6145316599154,41.68020245794532,-38.3851284013158,-45.54156438337979,7.1564359820639964,0.00950060806579249,0.4413877794417145,1.001847833561238,0.9296916986462895,1501.0999755859375
2025-08-13,1500.0,1507.5,1489.0,1501.0999755859375,1436.064453125,2916128,0.0013341338353489718,0.025902149862504054,-0.039480465391880215,1493.2499938964843,1609.9700024414062,1510.6131453671555,48.1391169379795,-34.631478548170435,-43.35954721633792,8.728068668167488,0.009532299232507112,-0.14799267002000782,1.0052569775466529,0.9323776053650844,1489.800048828125
2025-08-14,1501.0,1516.199951171875,1485.800048828125,1489.800048828125,1425.254150390625,4227538,-0.007527764267267867,0.009691663048542853,-0.035041113239485444,1490.5449951171875,1607.1180029296875,1508.6309456967717,49.90514648825817,-32.19734272313076,-41.127106317696494,8.929763594565735,0.009329567606234155,0.4497093406050763,0.9995002188518275,0.9270010329747421,1485.0
2025-08-18,1498.0999755859375,1501.9000244140625,1475.9000244140625,1485.0,1420.6619873046875,2795155,-0.0032219416504253306,0.006302127218164921,-0.04119321204593085,1487.3549926757812,1604.06400390625,1506.3803794399362,56.80346331607593,-30.30624484395412,-38.96293402294802,8.6566891789939,0.009261622090869106,-0.33882202832949104,0.9984166572960874,0.9257735329660769,1476.0999755859375
2025-08-19,1476.300048828125,1482.5999755859375,1469.199951171875,1476.0999755859375,1412.1475830078125,2515817,-0.0059932824337121104,-0.007997328235257006,-0.03548095136035734,1484.639990234375,1600.6200024414063,1503.4965314538413,51.30740324094523,-29.189218597357012,-37.008190937829816,7.818972340472804,0.009023595612991559,-0.09993649726043818,0.9942477538631508,0.9222051288466094,1496.0
2025-08-20,1468.0,1500.300048828125,1458.0,1496.0,1431.1854248046875,10219330,0.013481488207574222,-0.0020678911589774307,-0.015854204310902564,1483.434991455078,1597.1780029296874,1502.7825760772848,56.19834518338478,-26.39394858084006,-34.885342466431865,8.491393885591805,0.009554532333050383,3.062032333830322,1.0084702117836637,0.9366520182821841,1493.5
2025-08-21,1500.0,1505.0,1486.0999755859375,1493.5,1428.793701171875,2157601,-0.0016711229946524409,-0.005062937652084765,-0.023728623133416726,1481.6199890136718,1592.6100024414063,1501.8985212127814,58.465596291389446,-24.102566675240496,-32.728787308193596,8.6262206329531,0.009406490617501222,-0.7888706011059433,1.0080182577681318,0.9377688182985949,1466.300048828125
2025-08-22,1489.5999755859375,1491.5,1464.0,1466.300048828125,1402.772216796875,2802805,-0.018212220402996304,-0.015773928869505016,-0.02713634797556197,1479.5749938964843,1587.9120043945313,1498.5081905094808,54.36656684326575,-24.20244799168404,-31.023519444891686,6.821071453207647,0.009695468522797223,0.2990376812024096,0.9910278660269869,0.9234139201480647,1504.199951171875
2025-08-25,1480.0,1509.699951171875,1476.199951171875,1504.199951171875,1439.0301513671875,2764914,0.025847303472464445,0.012929260048400781,0.009462435955274184,1480.2799926757812,1584.0900024414063,1499.0502629535183,58.361379162947586,-20.981537178094868,-29.015122991532323,8.033585813437455,0.011133547625793109,-0.013518956902103474,1.0161590770762603,0.9495672271484547,1492.800048828125
2025-08-26,1501.9000244140625,1506.5,1485.0,1492.800048828125,1428.1241455078125,4092265,-0.007578714741260706,0.011313646445633374,0.01821163200791731,1481.6149963378907,1579.4860034179687,1498.4550044653856,52.78546843270437,-19.128319637284676,-27.037762320682795,7.909442683398119,0.010614078950037579,0.48006954285015735,1.0075492300752087,0.9451176177552334,1449.800048828125
2025-08-28,1488.0,1488.0,1446.0,1449.800048828125,1386.987060546875,4367902,-0.028804929390078615,-0.03088232030205551,-0.015349073085577425,1480.4849975585937,1573.8900048828125,1493.821199166599,46.728536346947045,-20.888581454173618,-25.80792614738096,4.919344693207343,0.012482167467297108,0.06735560869103052,0.9792737185577226,0.9211571611296134,1454.800048828125
2025-08-29,1449.800048828125,1462.5999755859375,1439.199951171875,1454.800048828125,1391.7705078125,3404604,0.0034487514357870452,-0.025912253881402725,-0.014696885317897035,1479.4,1568.6680053710938,1490.1048991343632,44.75949955436555,-21.630797049124567,-24.972500327729684,3.3417032786051166,0.012492802558062748,-0.22054020442766342,0.9833716701555528,0.9274110543766515,1468.4000244140625
2025-09-01,1446.0,1472.5,1446.0,1468.4000244140625,1404.78125,2105254,0.009348346940799557,0.0014321595280690769,0.00034062265255396795,1479.425,1563.7580053710938,1488.0377682086203,48.26933751463658,-20.8809018468703,-24.154180631557807,3.2732787846875055,0.012623058490001773,-0.38164497251369034,0.9925477968900502,0.9390199886238779,1465.699951171875
2025-09-02,1469.0,1477.4000244140625,1459.699951171875,1465.699951171875,1402.1981201171875,1295198,-0.0018387858875614782,-0.025595001495649417,0.009365729505263376,1480.104998779297,1558.27400390625,1485.9103570622638,44.46098597493826,-20.27080857841952,-23.37750622093015,3.106697642510632,0.012374365657580903,-0.384778273785491,0.9902675501945454,0.9405919289532443,1466.0999755859375
2025-09-03,1475.0,1475.0,1452.5999755859375,1466.0999755859375,1402.580810546875,1800307,0.0002729238093668318,-0.017885900568631152,-0.005629441597047924,1479.6899963378905,1553.5320043945312,1484.0236540645185,41.34312031428326,-19.52989813189174,-22.607984603122468,3.0780864712307263,0.011873223784567432,0.38998593265276815,0.990815629770028,0.9437204843149213,1443.300048828125
2025-09-04,1465.0999755859375,1465.9000244140625,1440.9000244140625,1443.300048828125,1380.7685546875,2192155,-0.015551413367086653,-0.004483376866523003,-0.026573078600703903,1477.7200012207031,1548.5620043945312,1480.1452154705762,36.329236794132306,-20.54564737376063,-22.1955171572501,1.6498697834894713,0.012262715725831532,0.21765621085737052,0.9767073922230566,0.9320259987861692,1419.0
2025-09-05,1448.0,1452.300048828125,1402.800048828125,1419.0,1357.521484375,3895199,-0.016836449806715614,-0.024608226303651004,-0.03020773144263389,1475.5100036621093,1542.6000048828125,1474.3218616162355,34.2245811854969,-23.045789308821668,-22.365571587564418,-0.6802177212572502,0.012476378663018931,0.7768811968131815,0.9617013754418096,0.9198755318996631,1403.0
2025-09-08,1423.9000244140625,1428.5999755859375,1401.0,1403.0,1342.2147216796875,2929976,-0.01127554615926707,-0.04453828883594524,-0.04913588614029141,1471.8850036621093,1536.1780053710938,1467.5293033670703,32.5976122700429,-26.01831316895391,-23.096119903842315,-2.922193265111595,0.012433482205563354,-0.24779812276599988,0.9531994663368941,0.9133056163377876,1427.0999755859375
2025-09-09,1410.199951171875,1431.800048828125,1409.0999755859375,1427.0999755859375,1365.2703857421875,2906889,0.017177459434025266,-0.02633552355314983,-0.03293350761944769,1469.4550048828125,1530.25400390625,1463.6788911974386,40.23125236061195,-26.128203460846635,-23.70253661524318,-2.4256668456034554,0.01318095046065231,-0.007879586726990295,0.971176368683536,0.9325902575278396,1463.9000244140625
2025-09-10,1434.9000244140625,1471.9000244140625,1432.0999755859375,1463.9000244140625,1400.47607421875,3205017,0.025786594813033803,-0.0015005464896729048,-0.016196220151839746,1468.2500061035157,1524.9600048828124,1463.6999515037837,44.00448336226634,-22.98092610825279,-23.5582145138451,0.5772884055923129,0.014394383489932624,0.10255912764470887,0.9970373017732876,0.9599596184337685,1467.699951171875
2025-09-11,1463.9000244140625,1470.4000244140625,1458.300048828125,1467.699951171875,1404.1114501953125,1982922,0.0025957556489102362,0.016905633976497914,-0.02094591750079211,1466.6800048828125,1519.9480029296874,1464.0809038531258,45.204447538306965,-19.950091562341186,-22.83658992354432,2.8864983612031345,0.014289660207280341,-0.3813068698231554,1.000695411600122,0.9656251058213144,1467.199951171875
2025-09-12,1475.0,1480.0,1463.0,1467.199951171875,1403.6331787109375,2110883,-0.00034066908539498453,0.03396754839455607,-0.022583455442952816,1464.9850036621094,1514.9200024414063,1464.377955978721,50.18570017935231,-17.3880406609876,-21.746880071032976,4.358839410045377,0.014280406910496831,0.0645315347754476,1.0015119250396616,0.9684999530056856,1466.5
2025-09-15,1467.199951171875,1468.300048828125,1452.0,1466.5,1402.9635009765625,1725617,-0.00047706597271623963,0.04526015680684248,-0.015639715441312263,1463.820001220703,1510.012001953125,1464.5800554093191,40.80936662663123,-15.238418074937044,-20.44518767181379,5.206769596876747,0.014198734247563403,-0.18251414218599515,1.0018308253590347,0.9711843337027491,1483.0999755859375
2025-09-16,1463.9000244140625,1485.199951171875,1461.0999755859375,1483.0999755859375,1418.8443603515625,1724524,0.01131945147353397,0.03924041830146319,-0.0012794777199074403,1463.725,1505.1560009765626,1466.3438573309018,47.69375258666677,-12.056369072458892,-18.767423951942813,6.711054879483921,0.01443275496611039,-0.0006333966343632369,1.0132367593543443,0.9853463525532803,1481.5
2025-09-17,1490.800048828125,1499.0,1475.300048828125,1481.5,1417.3135986328125,2656774,-0.0010788049438847924,0.012022662266832018,0.0036583053339045435,1463.9950012207032,1500.5780004882813,1467.7872994898635,59.384242007244715,-9.553549597914298,-16.92464908113711,7.371099483222814,0.014366404001140642,0.5405839524413694,1.0119570072061044,0.9872862320505342,1493.800048828125
2025-09-18,1492.5999755859375,1502.9000244140625,1486.0999755859375,1493.800048828125,1429.0806884765625,2792406,0.008302429178619564,0.017782992794549424,-0.001470555596173151,1463.8850036621093,1496.292001953125,1470.2647041887456,61.066972419861024,-6.50257831278941,-14.840234927467574,8.337656614678163,0.014161145988398753,0.051051387886210886,1.0204353792075054,0.9983345810030748,1467.4000244140625
2025-09-19,1493.800048828125,1493.800048828125,1464.0,1467.4000244140625,1403.8245849609375,3197957,-0.017673064366796054,0.0001363639918523507,-0.017475711808461636,1462.5800048828125,1492.1600024414063,1469.9918775435376,49.735449735449734,-6.14409759180171,-13.101007460334403,6.956909868532692,0.01470348662142517,0.14523353695701835,1.0032955595694995,0.9834066199423436,1439.9000244140625
2025-09-22,1423.0,1449.199951171875,1415.0,1439.9000244140625,1377.515869140625,4457129,-0.018740629373357742,-0.018138408173158926,-0.01800451717584106,1461.2600036621093,1487.68400390625,1467.1259867693018,43.96633872867551,-7.986950615622618,-12.078196091392048,4.09124547576943,0.01473689864695313,0.39374263006037924,0.9853824923733518,0.9678802895193336,1429.800048828125
2025-09-23,1444.199951171875,1444.199951171875,1420.4000244140625,1429.800048828125,1367.8536376953125,3106480,-0.007014358924014474,-0.03593818868263077,-0.04946144446141443,1457.5400085449219,1483.51400390625,1463.5711355368087,41.879206580767715,-10.145458010193806,-11.6916484751524,1.5461904649585936,0.01337824931415754,-0.30303116647510087,0.9809679600188197,0.9637927549475835,1442.300048828125
2025-09-24,1425.0999755859375,1444.699951171875,1420.0,1442.300048828125,1379.81201171875,2894044,0.008742481167380856,-0.026459636295561917,-0.0338290449813714,1455.0150085449218,1479.96400390625,1461.5453177550291,49.7654783703037,-10.723827530040808,-11.498084286130082,0.7742567560892741,0.013545546971623476,-0.06838479565295774,0.9912612862120836,0.9745507627356382,1423.800048828125
2025-09-25,1440.199951171875,1442.5,1416.0,1423.800048828125,1362.113525390625,2713246,-0.012826734641679716,-0.04686035460697335,-0.017933507466092236,1453.7150085449218,1477.1120043945311,1457.9505302381813,51.15719650151264,-12.530540657783604,-11.704575560460786,-0.8259650973228183,0.012269645711734577,-0.062472443404454125,0.9794217164018002,0.9639079802968233,1395.300048828125
2025-09-26,1420.0,1426.5,1392.0,1395.300048828125,1334.848388671875,2568054,-0.020016855613579465,-0.04913450619215254,-0.04089909128606961,1450.740008544922,1473.7620043945312,1451.9838177229378,48.24921450855436,-16.076762730428072,-12.579012994454244,-3.4977497359738283,0.012942172339601023,-0.05351228749623149,0.9617850480511648,0.9467607691523836,1387.4000244140625
2025-09-29,1397.0999755859375,1402.5999755859375,1383.0,1387.4000244140625,1327.29052734375,2990852,-0.005661882131157037,-0.03646086471966259,-0.05516208025964964,1446.690008544922,1470.6320043945314,1445.8329802649496,40.25528701811579,-19.302132253644913,-13.923636846292379,-5.378495407352535,0.012681665577959106,0.16463750372850416,0.9590168012631171,0.9434039380812088,1385.0999755859375
2025-09-30,1392.0999755859375,1405.0,1381.9000244140625,1385.0999755859375,1325.090087890625,2782077,-0.001657812301896433,-0.031263163880029254,-0.05499077455893697,1442.660009765625,1467.3580029296875,1440.0488845812342,26.71392684148026,-21.79264352731343,-15.497438182496591,-6.295205344816839,0.01268241958932631,-0.06980452392829872,0.9601014557899621,0.9439414054514877,1389.5
2025-10-01,1386.0999755859375,1396.800048828125,1382.0,1389.5,1329.299560546875,2253527,0.0031766836268993792,-0.03660822785870754,-0.05224744346327659,1438.830010986328,1464.5400024414062,1435.2347050973071,26.972930304916886,-23.14455048616196,-17.026860643229668,-6.117689842932293,0.012735330433526338,-0.18998395802848012,0.9657151917810555,0.9487620670542877,1393.5
2025-10-03,1396.5,1399.800048828125,1380.4000244140625,1393.5,1333.126220703125,2793839,0.0028787333573228047,-0.02128111236761354,-0.03450429373196495,1436.3400085449218,1462.0080029296876,1431.259971278516,28.736315520323686,-23.620892969747956,-18.345667108533327,-5.275225861214629,0.012411732618058394,0.23976282511813696,0.970174186968223,0.9531411573723223,1417.699951171875
2025-10-06,1393.5,1421.0,1390.800048828125,1417.699951171875,1356.27783203125,1970901,0.017366308698869792,0.0160538246684383,-0.0009161725356765515,1436.2750061035156,1459.7660009765625,1429.9685407921693,37.601616686908336,-21.794431369448148,-19.035419960716293,-2.7590114087318547,0.012568952713352507,-0.2945545537878167,0.987067201717843,0.9711830185272531,1433.4000244140625
2025-10-07,1422.0,1441.9000244140625,1417.199951171875,1433.4000244140625,1371.297607421875,1592836,0.011074327278638663,0.03315554215838157,0.02166787199861897,1437.7950073242187,1458.2900024414062,1430.295348756159,37.31497855826282,-18.862645852805144,-19.000865139134063,0.1382192863289191,0.012504352912588652,-0.1918234350685296,0.9969432478985059,0.982932079363039,1453.199951171875
2025-10-08,1433.199951171875,1458.699951171875,1427.199951171875,1453.199951171875,1390.2396240234375,1735807,0.013813259676695111,0.04916610842991975,0.018288820708038722,1439.1000061035156,1457.552001953125,1432.4767394624175,43.39093042508501,-14.771222634267588,-18.15493663816077,3.383714003893182,0.012298284072662998,0.08975876989219223,1.0097977520732115,0.9970141368709876,1486.5
2025-10-09,1453.199951171875,1491.0999755859375,1452.5,1486.5,1422.096923828125,2681316,0.022914980695720066,0.06980928391507746,0.015438196057810272,1440.2300048828124,1457.9600024414062,1437.621811894568,48.44745942241191,-8.740944449588369,-16.27213820044629,7.53119375085792,0.012006714806039884,0.54470859951596,1.0321268095792466,1.019575295283,1495.5
2025-10-10,1491.0,1498.5,1473.9000244140625,1495.5,1430.70703125,2129445,0.006054490413723412,0.07319698600645852,0.018941234416427033,1441.6200073242187,1458.422001953125,1443.1340202855615,56.45382777493988,-3.198806903761806,-13.657471941109392,10.458665037347586,0.012058211189326196,-0.2058209476242263,1.0373746149484895,1.0254233671716555,1494.699951171875
2025-10-13,1490.0,1502.199951171875,1476.5,1494.699951171875,1429.941650390625,1820492,-0.0005349707978100637,0.05431332626932206,0.018743184920388956,1442.9950073242187,1458.7860009765625,1448.0450613223531,64.34552139648349,1.115955733075225,-10.70278640627247,11.818742139347695,0.012059432987511274,-0.1450861609480405,1.035831685893033,1.024619066930496,1495.4000244140625
2025-10-14,1515.4000244140625,1535.0,1490.199951171875,1495.4000244140625,1430.6114501953125,5802489,0.0004683704188512827,0.04325380141202673,0.019706801509759675,1444.440008544922,1459.3360009765624,1452.5550578072778,68.06164543322473,4.539596624753813,-7.654309800067214,12.193906424821026,0.012055198615708862,2.1873191422977962,1.0352801193318342,1.0247126250660346,1495.699951171875
2025-10-15,1497.9000244140625,1509.4000244140625,1486.0999755859375,1495.699951171875,1430.8984375,1710696,0.00020056623840836174,0.02924580334986082,0.008495702105961955,1445.0700073242188,1460.2080004882812,1456.6640952705727,65.76146876256553,7.1941288410823745,-4.684622071837296,11.87875091291967,0.011810349640026762,-0.7051789326959517,1.0350363259849298,1.02430609246883,1515.0
2025-10-16,1499.9000244140625,1519.9000244140625,1498.0,1515.0,1449.3623046875,2021043,0.012903690217415331,0.019172552976791213,0.022612217347283137,1446.7450073242187,1461.02,1462.2198957209944,76.79196431132914,10.731511209497057,-1.6013954155704258,12.332906625067483,0.012122365833274888,0.18141563433830443,1.0471783156881391,1.0369467905983492,1486.199951171875
2025-10-17,1499.0,1501.300048828125,1479.199951171875,1486.199951171875,1433.161865234375,3210161,-0.019009933219884534,-0.006218688617937174,-0.005087761017421477,1446.3650024414062,1461.09,1464.5037105258402,76.65682468723554,11.083228415447138,0.9355293506330873,10.14769906481405,0.012798342427047454,0.5883684810268757,1.0275414218839842,1.0171857662237611,1495.4000244140625
2025-10-20,1489.9000244140625,1509.9000244140625,1489.0999755859375,1495.4000244140625,1442.0335693359375,2354881,0.006190333430527328,0.0004683704188512827,0.019081368089236994,1447.7650024414063,1461.7340014648437,1467.4462166104327,81.43184395490086,11.966394708198777,3.1417024221462255,8.824692286052551,0.012178749816106326,-0.2664290046511686,1.0329024543985577,1.023031565876884,1486.0
2025-10-21,1502.699951171875,1503.0,1481.0,1486.0,1432.9688720703125,274400,-0.006285959783734585,-0.006285959783734585,0.03201609473178313,1450.070001220703,1461.9440014648437,1469.2132435999151,78.20007628530158,11.772105443469627,4.8677830264109065,6.9043224170587205,0.01140949272782809,-0.8834760652449105,1.0247781132973237,1.0164548016278685,1523.9000244140625
2025-10-23,1510.0,1547.5,1505.5,1523.9000244140625,1469.516357421875,5011470,0.02550472706195328,0.01885409785571812,0.06581338115288404,1454.775,1462.9080029296874,1474.4215084393577,81.63838382329023,14.50909323269866,6.796045067668458,7.7130481650302025,0.012386719643447074,17.263374635568514,1.0475159556729132,1.041692315143693,1523.800048828125
2025-10-24,1525.0,1532.5999755859375,1516.4000244140625,1523.800048828125,1469.419921875,1491451,-6.560508191866266e-05,0.005808613087871395,0.0565069661241564,1458.85,1463.62400390625,1479.1242265716212,81.24697751918288,16.480135832986434,8.732863220732053,7.747272612254381,0.012338199308227769,-0.7023925115784391,1.0445214030422079,1.0411144151512082,1533.5
2025-10-27,1531.4000244140625,1549.5,1526.800048828125,1533.5,1478.7738037109375,1394846,0.00636563253776945,0.03182616766393287,0.0770473011727768,1464.3349975585938,1464.3120043945312,1484.3028716600381,79.84533585024383,18.610377441418223,10.708366064869288,7.902011376548934,0.011791074918581395,-0.06477249336384505,1.0472330460971848,1.0472494901344997,1522.0999755859375
2025-10-28,1535.0,1542.0,1512.0,1522.0999755859375,1467.780517578125,1936466,-0.007433990488465936,0.017854721636999304,0.09087645833905644,1470.6749938964845,1464.7320043945313,1487.9025958434572,73.37898256397585,19.157882424208537,12.398269336737139,6.759613087471399,0.010743435735320675,0.3883009307120642,1.0349669246454003,1.0391661894594295,1557.300048828125
2025-10-29,1530.0,1559.0,1522.0,1557.300048828125,1501.724365234375,2596355,0.023125992908998638,0.04798119032848258,0.1224592917863152,1479.1699951171875,1466.0820043945312,1494.5118770800923,75.37784597144834,22.176498923786085,14.35391525414693,7.822583669639155,0.011239584581131192,0.340769732078952,1.0528201991446884,1.0622189237438089,1549.800048828125
2025-10-30,1557.699951171875,1559.9000244140625,1538.0999755859375,1549.800048828125,1494.4920654296875,2183395,-0.0048160275893164295,0.016995881618953934,0.11890843704080978,1487.4049987792969,1467.3780053710936,1499.7774172465718,67.65196469566212,23.690497618056042,16.221231726928753,7.469265891127289,0.011372059222242053,-0.1590537503538615,1.0419489312594992,1.0561696053473195,1541.5
2025-10-31,1549.800048828125,1558.199951171875,1537.5999755859375,1541.5,1486.4884033203125,1723467,-0.0053555610831222955,0.011615665182244328,0.10939186757826547,1495.0049987792968,1468.686005859375,1503.750996556422,62.87791488448452,23.94458959316853,17.76590330017671,6.17868629299182,0.011628632431117236,-0.21064809619880964,1.031100231275927,1.0495776454940886,1543.5
2025-11-03,1540.0999755859375,1549.699951171875,1528.199951171875,1543.5,1488.4168701171875,2252136,0.0012974375608174604,0.006521030322790944,0.10764262648008605,1502.5049987792968,1469.636005859375,1507.5366159320008,63.57062550409933,24.030335846112393,19.01878980936385,5.011546036748545,0.011651086233270175,0.30674738767844123,1.0272844358281732,1.0502600602095569,1529.0999755859375
2025-11-04,1536.4000244140625,1541.9000244140625,1525.0,1529.0999755859375,1474.5308837890625,1666863,-0.009329461881478762,0.004598909475250101,0.0785779983430055,1508.075,1470.3480053710937,1509.590269232376,58.70798673188851,22.674946081386906,19.75002106376846,2.9249250176184454,0.011711597767524277,-0.2598746256886796,1.0139415981207416,1.0399578671173262,1526.4000244140625
2025-11-06,1529.0999755859375,1531.9000244140625,1514.300048828125,1526.4000244140625,1471.9271240234375,2474769,-0.001765712651221829,-0.019842049345156654,0.06488070211803998,1512.725,1471.5500048828126,1511.1911982972983,57.83563837576294,21.13924635934245,20.02786612288326,1.1113802364591905,0.011646722121650282,0.48468650392983714,1.009039993663133,1.0372736361994155,1512.4000244140625
2025-11-07,1515.0999755859375,1518.800048828125,1490.5,1512.4000244140625,1458.4268798828125,2238714,-0.009171907610112995,-0.024132161076096503,0.04073773412560877,1515.6850036621095,1471.7140063476563,1511.306324594133,49.31795052763647,18.578350607206858,19.73796301974798,-1.1596124125411222,0.011679582598876794,-0.09538466014403768,0.9978326768160205,1.0276453291134848,1540.5
2025-11-10,1518.0,1544.9000244140625,1511.4000244140625,1540.5,1485.5240478515625,1558896,0.018579724366788453,-0.0006487187804087302,0.03632694248234114,1518.3850036621093,1472.6680053710938,1514.086674632787,64.29700024812588,18.60182520019862,19.51073545583811,-0.9089102556394906,0.011306487298287449,-0.30366451453825727,1.0145648147765902,1.046060615414683,1570.0
2025-11-11,1547.800048828125,1572.5,1541.199951171875,1570.0,1513.97119140625,2270763,0.01914962674456344,0.01716877227081315,0.0498161150117018,1522.1100036621094,1475.0720043945312,1519.4117532391883,67.74499276695903,20.761506716642998,19.760889707999088,1.0006170086439106,0.01192525850930466,0.4566481663946793,1.0314629009878853,1.0643548215427177,1594.0
2025-11-12,1575.0,1600.0,1573.5,1594.0,1537.11474609375,2331564,0.015286624203821653,0.042443283925365005,0.06643477090520533,1527.0750061035155,1477.8560034179689,1526.5153957878372,74.02134709556344,24.13149643218594,20.635011052836457,3.4964853793494832,0.012234050273563599,0.026775581599664866,1.0438256101560135,1.0785895217892776,1598.5
2025-11-13,1599.4000244140625,1605.0,1580.0,1598.5,1541.4542236328125,1944022,0.0028230865746550204,0.04723530819754429,0.06894474649104998,1532.2300048828124,1480.4580029296876,1533.3710723794718,69.48797441753527,26.855773315506667,21.8791635053705,4.976609810136168,0.012216765518187787,-0.1662154673858406,1.0432506835827537,1.079733431706079,1594.5999755859375
2025-11-14,1590.0,1598.0,1574.0999755859375,1594.5999755859375,1537.6932373046875,2543918,-0.0024398025737019102,0.05435066771023167,0.06612290408686228,1537.1750061035157,1483.0360034179687,1539.2023964943733,68.13522033620603,28.37301652364772,23.177934109025944,5.195082414621776,0.012267430582494408,0.30858498514934496,1.037357470199821,1.0752267456156466,1606.4000244140625
2025-11-17,1594.0,1607.699951171875,1585.5,1606.4000244140625,1549.0721435546875,2000978,0.007400005649560448,0.04277833457582769,0.06033004911819306,1541.7450073242187,1485.8420043945312,1545.6021705819628,68.47439464499719,30.179715051657922,24.578290297552343,5.6014247541055795,0.01210073029537274,-0.2134266906401857,1.0419362584491556,1.0811378461929118,1595.199951171875
2025-11-18,1604.0,1604.0,1590.0999755859375,1595.199951171875,1538.2718505859375,1640123,-0.006972157041813309,0.016050924313296244,0.07334141002632455,1547.1950073242188,1488.8800024414063,1550.325768733383,68.54385948614092,30.357838083609522,25.73419985476378,4.623638228845742,0.01121518681835716,-0.18033931407541715,1.0310270803747472,1.071409346996487,1662.5999755859375
2025-11-19,1595.300048828125,1669.5,1588.5999755859375,1662.5999755859375,1603.2666015625,6342672,0.042251771863802245,0.04303637113295955,0.11180951480684143,1555.5550048828125,1493.752001953125,1561.0185503383882,72.9611531350433,35.52807502106248,27.69297488802352,7.8351001330389565,0.01416396913672442,2.867192887362716,1.068814648384092,1.1130361488466884,1645.4000244140625
2025-11-20,1662.5999755859375,1668.4000244140625,1642.5999755859375,1645.4000244140625,1586.680419921875,2724035,-0.01034521317481274,0.029340021528972526,0.10726784953840007,1563.5250061035156,1498.6000024414063,1569.0548812027382,69.99998467737446,37.801876231611914,29.7147551567412,8.087121074870712,0.01436796303626573,-0.5705224864221262,1.0523656596414719,1.0979581087238093,1608.0
2025-11-21,1636.0,1643.5,1606.0,1608.0,1550.614990234375,2958835,-0.02273004975029147,0.008403376783659322,0.05518733134627629,1567.7300048828124,1502.2180029296876,1572.7639401358108,62.4020842553486,36.16907607315284,31.00561934002353,5.163456733129308,0.01482216536334987,0.08619566195001171,1.0256868178779277,1.0704172076649408,1610.4000244140625
2025-11-24,1614.300048828125,1640.0,1602.9000244140625,1610.4000244140625,1552.9295654296875,6392688,0.00149255249630742,0.002490039802793831,0.05683158735461191,1572.0600036621095,1505.1480029296874,1576.3483291146918,62.45809944111372,34.669088425645214,31.738313157147868,2.930775268497346,0.014810441113445654,1.1605422404426067,1.0243883952664912,1.06992802121752,1601.0999755859375
2025-11-25,1618.300048828125,1618.9000244140625,1592.5999755859375,1601.0999755859375,1543.9613037109375,2285950,-0.005774992975120408,0.00369861120527748,0.04408214906158303,1575.4400024414062,1507.8160034179687,1578.70562877862,63.66741836726182,32.35691086452107,31.86203269862251,0.4948781658985588,0.014908132949725362,-0.6424117679448771,1.0162874962580402,1.0618669466012494,1617.9000244140625
2025-11-26,1601.0999755859375,1627.5,1601.0999755859375,1617.9000244140625,1560.161865234375,1243303,0.010492816866090271,-0.02688557189237406,0.06293939318358266,1580.2300048828124,1510.8300048828125,1582.438428362948,66.48647198191864,31.516810848624345,31.79298832862288,-0.2761774799985339,0.014833114550948365,-0.4561110260504385,1.0238383143054188,1.0708683433511468,1629.0
2025-11-27,1619.0999755859375,1633.199951171875,1614.0,1629.0,1570.8656005859375,2106176,0.006860730217219446,-0.009967195922403471,0.046041192399518316,1583.8150024414062,1514.0800048828125,1586.872863756953,71.23085984819016,31.384915032784193,31.711373669455146,-0.326458636670953,0.014109028506771008,0.6940166636773175,1.0285292142636244,1.0759008736305729,1624.199951171875
2025-11-28,1629.0,1636.9000244140625,1619.0,1624.199951171875,1566.2369384765625,1841289,-0.002946622976135682,0.010074596499922261,0.04800612982300989,1587.5349975585937,1516.9020043945313,1590.4278244631362,66.65337317817679,30.541005127727885,31.477299961109694,-0.9362948333818082,0.01406520339801494,-0.12576679251876388,1.0230955246149955,1.0707349231964207,1642.9000244140625
2025-12-01,1630.0,1646.5,1628.0,1642.9000244140625,1584.2696533203125,2034350,0.011513405864034931,0.020181321104875805,0.06578010017130231,1592.604998779297,1520.1300048828125,1595.4251768394147,65.15590715361395,31.023520245619466,31.38654401801165,-0.36302377239218586,0.014078897836890855,0.1048510038348136,1.0315803514828321,1.080762842083835,1635.5
2025-12-02,1651.0,1652.9000244140625,1624.0,1635.5,1577.1337890625,2326220,-0.004504245117837757,0.02148524448104716,0.05960479429867194,1597.2049987792968,1522.96400390625,1599.2418266642323,59.26751397890734,30.457699427511443,31.200775099911613,-0.7430756724001704,0.014181371316263486,0.14347088750706605,1.0239762593092128,1.0738927484859173,1640.5
2025-12-03,1635.5,1654.5999755859375,1628.800048828125,1640.5,1581.955322265625,2371611,0.00305716906144915,0.013968709589532446,0.07285332953548385,1602.775,1526.4260034179688,1603.171176505734,59.358272479611465,30.066156627825194,30.97385140549433,-0.9076947776691355,0.013882195273952335,0.01951277179286559,1.0235373024909922,1.0747327393051462,1654.5999755859375
2025-12-04,1650.0,1672.0,1645.0999755859375,1654.5999755859375,1595.552001953125,3935708,0.008594925684814125,0.01571514768934157,0.08398843626924535,1609.1849975585938,1530.7200024414062,1608.0691573705153,62.78770515431517,30.54154243973744,30.887389612342954,-0.345847172605513,0.013864222726275825,0.6595082414443179,1.028222347397127,1.0809292182417098,1683.0
2025-12-05,1662.699951171875,1691.0,1651.0,1683.0,1622.9385986328125,3391204,0.017164284318332168,0.03620246927461124,0.1128008283734534,1617.7149963378906,1535.7840014648436,1615.2054280971329,65.2467911633257,32.83147295857134,31.27620628158863,1.5552666769827077,0.013784703351445429,-0.13834969464198055,1.0403563073902997,1.0958572288777202,1688.5999755859375
2025-12-08,1683.0,1695.4000244140625,1676.9000244140625,1688.5999755859375,1628.3387451171875,2702407,0.0033273770564097305,0.027816635518143507,0.0961376018084632,1625.1199951171875,1540.71,1622.1953850008285,69.01464593925218,34.69815192509918,31.960595410290743,2.737556514808439,0.013437489456792405,-0.20311281774850465,1.0390617189250524,1.095988197380388,1657.5999755859375
2025-12-09,1687.0,1687.0,1656.4000244140625,1657.5999755859375,1598.4449462890625,2817704,-0.018358403676538626,0.013512672324021757,0.05579616279359079,1629.4999938964843,1545.3859985351562,1625.5672507708389,48.80497243500871,33.29229468320386,32.22693526487337,1.0653594183304946,0.013921190953513372,0.04266455792928303,1.0172445423717125,1.0726122646103606,1666.0
2025-12-10,1663.300048828125,1671.0,1657.0,1666.0,1606.545166015625,1482249,0.0050675823707666545,0.015544041450777257,0.04516938519447922,1633.0999938964844,1550.7999975585938,1629.417988792664,55.13970757986183,32.48152762719178,32.277853737337054,0.203673889854727,0.013623497106006415,-0.4739514867423974,1.0201457389176876,1.0742842420832888,1672.4000244140625
2025-12-11,1667.5,1677.4000244140625,1649.0,1672.4000244140625,1612.7169189453125,1408684,0.0038415512689451425,0.010757916771890086,0.046230856686933164,1636.7949951171875,1556.4999975585938,1633.5115159947018,69.00824153453813,31.98669467186869,32.219621924243384,-0.2329272523746937,0.013627463210100804,-0.04963066259447635,1.0217528947749048,1.074461951196441,1673.199951171875
2025-12-12,1677.4000244140625,1677.9000244140625,1660.0,1673.199951171875,1613.4881591796875,1284337,0.00047831065901404735,-0.005822964247251927,0.04929134377858979,1640.7249938964844,1562.2619970703124,1637.2913669639563,68.71271239521641,31.298296118642384,32.03535676312319,-0.7370606444808061,0.013589052666018097,-0.08827174866755072,1.0197930533125281,1.07101110716999,1684.0
2025-12-15,1673.199951171875,1688.0,1660.0,1684.0,1623.90283203125,1689723,0.006454726956309553,-0.002724135764802016,0.04830675697620346,1644.6049926757812,1568.1519970703125,1641.7398082054842,74.48314847354581,31.26381914022545,31.881049238543643,-0.617230098318192,0.013572730778965139,0.315638341027316,1.0239540847192266,1.073875493667782,1651.699951171875
2025-12-16,1681.0,1682.0,1645.4000244140625,1651.699951171875,1592.7554931640625,1929309,-0.019180551560644354,-0.003559377715348311,0.035418757352953634,1647.4299926757812,1573.31599609375,1642.6883932499024,59.14499337135037,28.30388235158398,31.165615861151714,-2.8617335095677348,0.014275062490872606,0.14179010405847592,1.0025918907116402,1.0498208594285812,1655.0
2025-12-17,1651.0,1664.5,1646.300048828125,1655.0,1595.937744140625,1394918,0.001997971136212584,-0.006602641056422609,-0.004571138997676916,1647.0499938964845,1578.0619970703126,1643.8609272261024,57.34462263773581,25.925543949603252,30.117601478842023,-4.19205752923877,0.010656091445381703,-0.27698569798824346,1.0048268152958175,1.048754740354006,1661.4000244140625
2025-12-18,1657.0,1673.9000244140625,1651.199951171875,1661.4000244140625,1602.109375,1822056,0.0038670842381043347,-0.006577373737993053,0.00972407910696238,1647.8499938964844,1582.6219970703125,1645.5313174344794,60.41434139866707,24.277268870545413,28.949534957182703,-4.67226608663729,0.010413287126592202,0.3062101141429101,1.008222854366457,1.0497769066078828,1642.4000244140625
2025-12-19,1675.0,1681.0,1632.5,1642.4000244140625,1583.7874755859375,3487150,-0.011436138028648957,-0.01840779802571768,0.021393050008745362,1649.5699951171875,1586.4059985351562,1645.2330990515825,49.86025724130873,21.193551713214447,27.398338308389054,-6.204786595174607,0.00933568357108941,0.9138544589189355,0.9956534304549982,1.035296151130675,1670.300048828125
2025-12-22,1651.9000244140625,1673.5,1644.0,1670.300048828125,1610.69189453125,1339691,0.016987350218784947,-0.0081353629286669,0.037195742365849105,1652.5649963378905,1590.0819995117188,1647.6204276017295,58.7261843688896,20.761655013712698,26.071001649453784,-5.309346635741086,0.009989940614695755,-0.6158206558364281,1.010731833561485,1.0504490015867354,1679.9000244140625
2025-12-23,1675.0999755859375,1686.9000244140625,1656.199951171875,1679.9000244140625,1619.94921875,1614314,0.005747455729689266,0.017073363247470885,0.049216195134402785,1656.5049987792968,1593.77,1650.6946749171898,59.65686295042572,20.952484369805234,25.047298193524078,-4.0948138237188445,0.009856895915861556,0.20498980735109806,1.0141231240787114,1.0540416900895753,1674.699951171875
2025-12-24,1676.0,1680.0,1665.0999755859375,1674.699951171875,1614.9346923828125,989858,-0.003095465900717076,0.011903293759440992,0.03510719197768908,1659.3449951171874,1597.37,1652.9808917033502,55.15119245229659,20.448399140930405,24.127518383005345,-3.6791192420749397,0.0097410664933348,-0.3868243724578986,1.0092536248338178,1.0484107947262533,1660.9000244140625
2025-12-26,1668.0,1676.4000244140625,1650.5,1660.9000244140625,1601.627197265625,921138,-0.008240238347266948,-0.0003009510007538907,0.01958258097855281,1660.9399963378905,1600.68,1653.735094818656,43.87812724654873,18.719581523485886,23.045931011101455,-4.32634948761557,0.009909656805763827,-0.06942409921423076,0.9999759341554083,1.0376215261101922,1630.800048828125
2025-12-29,1659.699951171875,1660.800048828125,1625.4000244140625,1630.800048828125,1572.6014404296875,1516288,-0.018122689592081964,-0.007062819905933604,0.0040635992209505645,1661.270001220703,1603.382001953125,1651.5508047243197,35.90246528292607,14.75062856822251,21.38687052252567,-6.636241954303159,0.010772583799837454,0.6461029726273371,0.9816586392517841,1.0171001338680372,1615.199951171875
2025-12-30,1630.800048828125,1635.699951171875,1611.0999755859375,1615.199951171875,1557.55810546875,3323273,-0.009565916843981004,-0.032988143474526055,-0.01686047405840574,1659.8849975585938,1605.3860009765624,1648.088818671706,38.81857192064151,10.22849947607051,19.15519631323464,-8.92669683716413,0.010643836971346871,1.191716217499578,0.9730794323387205,1.0061131405091004,1623.300048828125
2025-12-31,1624.5,1631.699951171875,1616.800048828125,1623.300048828125,1565.369140625,1359963,0.005014919453392164,-0.0336924666726397,-0.007459462654769156,1659.275,1608.1280029296875,1645.7279834485078,38.721636268433045,7.215118382420769,16.767180727071867,-9.552062344651098,0.0106820483585723,-0.59077602110931,0.9783188735008512,1.009434600896693,1634.5
2026-01-01,1622.9000244140625,1645.699951171875,1618.4000244140625,1634.5,1576.1693115234375,773806,0.006899495370532582,-0.02400427082101786,-0.003657421517829884,1658.975,1610.9100024414063,1644.6586516915072,40.2369960045759,5.665427096178973,14.546830000893289,-8.881402904714315,0.010780084350338446,-0.43100952011194427,0.9852469145104659,1.0146438953900851,1640.199951171875
2026-01-02,1632.0,1643.0,1625.0999755859375,1640.199951171875,1581.666015625,950573,0.003487275112802113,-0.012463166318207541,-0.008703024674567073,1658.2549987792968,1613.9940014648437,1644.2340135467803,41.70855288582453,4.84141518937372,12.605747038589376,-7.764331849215656,0.01062190483627403,0.22843839411945632,0.9891120197914598,1.016236708242563,1607.5999755859375
2026-01-05,1625.0,1633.5,1580.0999755859375,1607.5999755859375,1550.2294921875,3245802,-0.01987561063067078,-0.014226191162343138,-0.044800965189579656,1654.4849975585937,1615.6680004882812,1640.7450575505095,32.69928322446711,1.540081139415861,10.392613858754673,-8.852532719338813,0.01063042922776304,2.4145741568506573,0.9716618633340036,0.9950063844181444,1616.300048828125
2026-01-06,1600.300048828125,1626.0,1597.300048828125,1616.300048828125,1558.6190185546875,2112043,0.005411839620746761,0.0006810906943452988,-0.04281649165174528,1650.8700012207032,1617.5180004882814,1638.416961481711,41.024374421218916,-0.36996198740712316,8.240098689522315,-8.610060676929438,0.010697840830576958,-0.349300111343822,0.979059555042483,0.9992470243547282,1647.699951171875
2026-01-07,1620.800048828125,1654.5,1616.699951171875,1647.699951171875,1588.8983154296875,3816569,0.01942702554919551,0.015031048857150342,-0.005972505164017594,1650.375,1619.8019995117188,1639.301055737917,48.37992737549426,0.6426170829586226,6.720602368209576,-6.0779852852509535,0.011013061632112551,0.8070508034164077,0.9983791266662879,1.0172230628611187,1646.699951171875
2026-01-08,1653.300048828125,1660.5999755859375,1635.4000244140625,1646.699951171875,1587.9339599609375,3266398,-0.000606906615059799,0.007464026412893787,-0.011584663162139908,1649.4099975585937,1622.2939990234374,1640.005712445913,46.65755534103355,1.348852912071834,5.646252476982028,-4.297399564910194,0.01094194704092618,-0.14415329580049518,0.9983569601307558,1.015044099382189,1661.4000244140625
2026-01-09,1647.0999755859375,1675.0,1647.0999755859375,1661.4000244140625,1602.109375,3281306,0.008926989541553132,0.012925298057130608,-0.006577373737993053,1648.8599975585937,1624.3759985351562,1642.0432659666892,54.40630598189555,3.0594554537785825,5.128893072341339,-2.0694376185627563,0.01110661840833699,0.004564048839118762,1.0076052708380556,1.022792768369081,1667.5999755859375
2026-01-12,1659.199951171875,1677.199951171875,1641.5,1667.5999755859375,1608.088134765625,4175707,0.003731763019602541,0.03732271766061168,-0.003346865735930349,1648.5799987792968,1626.7319970703124,1644.4772383113796,49.303746028308474,4.859388530606793,5.07499216399443,-0.21560363338763722,0.01114194274542304,0.27257470043939813,1.0115371876528432,1.0251227483010275,1665.0
2026-01-13,1685.0,1697.5999755859375,1626.0,1665.0,1605.580810546875,7149266,-0.0015591122715290506,0.030130513952025373,-0.01128266033254155,1647.6299987792968,1629.2019970703125,1646.431787043629,46.0139051718226,6.006809401259488,5.261355611447442,0.7454537898120464,0.011037096359414977,0.7121091111038202,1.0105424162181875,1.021972722224783,1668.5
2026-01-14,1665.0,1677.9000244140625,1649.199951171875,1668.5,1608.9560546875,2470615,0.0021021021021021546,0.01262368722735685,0.010171368483849363,1648.4700012207031,1631.7019970703125,1648.5335216109024,48.326146650513664,7.116534477682535,5.632391384694461,1.4841430929880737,0.01013094072514945,-0.6544239646419646,1.0121506601663752,1.0225519138885395,1668.5
2026-01-15,1668.5,1668.5,1668.5,1668.5,1608.9560546875,0,0.0,0.013238628453599466,0.00815709969788525,1649.145001220703,1634.4899975585938,1650.4350909812927,52.217028734948634,7.904877093367759,6.086888526429121,1.817988566938638,0.01012581210039251,-1.0,1.0117363838625288,1.0208077152458603,1698.0
2026-01-19,1698.0,1719.0,1685.0999755859375,1716.800048828125,1667.525390625,2087629,0.01107187799065068,0.029503522404946247,0.04529957580864341,1654.695001220703,1642.0099975585938,1660.854126746095,79.19543036099138,14.419589657782353,8.505241264579219,5.914348393203134,0.010609178338334906,-0.3261558980390815,1.0375326253851047,1.0455478659574131,1687.300048828125
2026-01-20,1720.0,1720.0,1681.800048828125,1687.300048828125,1638.8720703125,1739341,-0.01718313091855772,0.01339342271959465,0.01017781207150592,1655.5450012207032,1644.9459985351561,1663.3727859920027,66.37667143953081,14.749038938973854,9.754000799458147,4.995038139515707,0.01086292350644701,-0.16683424114150547,1.0191810235203558,1.025747988280883,1682.5
2026-01-21,1687.5999755859375,1694.9000244140625,1668.9000244140625,1682.5,1634.209716796875,1728435,-0.002844810460035707,0.00839077015283185,0.0015476966177463414,1655.675,1647.1959985351561,1665.1944254213358,62.6984126984127,14.456164378814947,10.694433515329507,3.7617308634854396,0.01081688639043273,-0.006270190836644485,1.0162018512087216,1.021432787292004,1703.0999755859375
2026-01-22,1690.5999755859375,1709.0,1681.5,1703.0999755859375,1654.218505859375,1853439,0.012243670481983715,0.02073717445965695,0.01695827625371904,1657.0950012207031,1649.377998046875,1668.8044778179644,65.42423170247655,15.705264535075003,11.696599719278606,4.008664815796397,0.011115604370166886,0.07232207170070026,1.027762424200993,1.0325710526044836,1707.0
2026-01-23,1712.699951171875,1721.0,1698.800048828125,1707.0,1658.006591796875,1874357,0.002289956238605839,0.005300353356890497,0.027756020776868118,1659.4,1651.547998046875,1672.442146597206,78.36757501712259,16.81603994369334,12.720487764161554,4.095552179531786,0.010907315930261126,0.011286047180403491,1.0286850668916476,1.0335757737702462,1720.199951171875
2026-01-27,1720.0,1725.5,1700.5,1720.199951171875,1670.8277587890625,2671530,0.007732836070225568,0.001980371765524236,0.05481965885884765,1663.8699951171875,1654.0599975585938,1676.9905089376507,78.90927394976707,18.547657352262377,13.885921681781719,4.661735670480658,0.009959382683569735,0.4253047845207716,1.033854782056287,1.0399864295798849,1729.5999755859375
2026-01-28,1705.0999755859375,1734.4000244140625,1691.0,1729.5999755859375,1679.9578857421875,2713867,0.0054644952219995435,0.0250695937496066,0.07082715940590623,1669.5899963378906,1656.5239965820313,1682.0009343327258,75.96702167927491,20.44282784098391,15.197302913622156,5.245524927361753,0.009541908744216884,0.015847473170804705,1.0359429437045466,1.0441140479429738,1721.5999755859375
2026-01-29,1722.800048828125,1725.0,1696.0999755859375,1721.5999755859375,1672.1875,2235602,-0.004625346966306343,0.023239212829680556,0.060555611286265965,1674.5049926757813,1659.0519970703126,1685.7722715949365,72.73830938251126,21.05650468723593,16.369143268344914,4.687361418891015,0.009701948353599896,-0.1762300805455831,1.0281247193147514,1.0377010356674035,1695.5999755859375
2026-01-30,1713.199951171875,1713.199951171875,1683.0,1695.5999755859375,1646.9337158203125,4448681,-0.015102230697436547,-0.004403734429870854,0.037381447284146496,1677.559991455078,1659.7119970703125,1686.708243403603,59.71589521928268,19.22327139370418,16.93996889341677,2.2833025002874123,0.01045344063900747,0.9899253087087951,1.0107537043221995,1.0216230156671602,1676.800048828125
2026-02-02,1670.0,1688.5,1653.5999755859375,1676.800048828125,1628.67333984375,1916380,-0.011087477605863927,-0.017691828454525438,0.022314412111828386,1679.3899963378906,1660.3399975585937,1685.7646058249861,52.439044123310445,16.06819962585587,16.76561503990459,-0.6974154140487201,0.010837113273515496,-0.5692251253798598,0.9984578046103566,1.009913663041145,1695.300048828125
2026-02-03,1780.0,1780.0999755859375,1689.0999755859375,1695.300048828125,1646.6424560546875,3200948,0.011032919526051455,-0.014475004680000736,0.054553417873885346,1683.775,1662.0859985351562,1686.6727432538564,57.40832489685208,14.888947390352314,16.390281509994132,-1.5013341196418182,0.00983718219256113,0.6703096463123179,1.006844767755861,1.0199833524391886,1621.800048828125
2026-02-04,1642.0,1645.0,1586.0,1621.800048828125,1575.251953125,5834470,-0.043355157130330335,-0.06232650802466222,0.0034028335295712697,1684.05,1662.3139990234374,1680.4943914037867,41.49363366632514,7.932109343842285,14.698647076763764,-6.7665377329214795,0.014205201425898435,0.8227318906773868,0.9630355683193047,0.9756279799008412,1610.0
2026-02-05,1613.699951171875,1631.800048828125,1600.199951171875,1610.0,1563.7906494140625,3184531,-0.007275896209678501,-0.06482340681258147,-0.02288034975364417,1682.1650024414062,1662.4919995117189,1673.7806398415212,39.78344568234437,1.4498863599303604,12.048894933397083,-10.599008573466723,0.0135493321737888,-0.4541867556093355,0.9570999263825667,0.9684257130096651,1593.699951171875
2026-02-06,1612.0,1612.0,1574.0999755859375,1593.699951171875,1547.95849609375,3342992,-0.010124253930512417,-0.060096736188527955,-0.032185584242158116,1679.5150024414063,1662.007998046875,1666.1539075872693,30.90442850016717,-4.945590087941127,8.64999792912944,-13.595588017070568,0.013698588115757622,0.04975960353345599,0.9489048617340201,0.9589002899172129,1602.0
2026-02-09,1600.4000244140625,1619.9000244140625,1594.4000244140625,1602.0,1556.0201416015625,1863558,0.005208037323475967,-0.04460880644678,-0.03575299358443884,1676.5450012207032,1661.467998046875,1660.0440116265768,28.14165915155121,-9.237818850406711,5.0724345732222105,-14.310253423628922,0.013573642748880736,-0.442547873282377,0.9555365342615758,0.9642075573427944,1573.0999755859375
2026-02-10,1595.0,1602.4000244140625,1567.800048828125,1573.0999755859375,1527.94970703125,3234785,-0.018039965302161343,-0.0720816785952777,-0.05666826660080515,1671.820001220703,1660.4459985351561,1651.763627241754,28.206103046864257,-14.800816907016952,1.0977842771743784,-15.89860118419133,0.013979528649658039,0.735811281430468,0.9409505655138211,0.9473960471907696,1551.5999755859375
