Date,Open,High,Low,Close,Adj Close,Volume,Daily_Return,Return_5D,Return_20D,SMA_20,SMA_50,EMA_20,RSI_14,MACD,MACD_Signal,MACD_Histogram,Volatility_20,Volume_Change,Price_vs_SMA20,Price_vs_SMA50,Target_Next_Day_Close
2024-11-06,2515.199951171875,2522.10009765625,2495.0,2500.699951171875,2430.650634765625,1219166,-0.00819011469433406,-0.021233292642432122,-0.09687787960431393,2635.2075073242186,2783.5830126953124,2622.92064019039,21.154081786675107,-84.93123044398544,-77.75829842864721,-7.172932015338233,0.014971869231573235,0.7365899100628734,0.9489575087432405,0.8983744834505493,2475.5
2024-11-07,2500.699951171875,2509.89990234375,2466.10009765625,2475.5,2406.15673828125,1322446,-0.010077159061032459,-0.020864234154059136,-0.10135403351392258,2621.247509765625,2777.8060107421875,2608.8805792198764,20.968512262181505,-86.11357870062966,-79.4293544830437,-6.684224217585964,0.015015414588363737,0.08471364851053909,0.9443976544669538,0.8911709422569015,2507.699951171875
2024-11-08,2483.949951171875,2515.25,2467.300048828125,2507.699951171875,2437.45458984375,1700877,0.013007453513179223,-0.011743861607142803,-0.09898677954632751,2607.472509765625,2772.255009765625,2599.2443289295907,28.122413460123596,-83.48991152958115,-80.24146589235119,-3.2484456372299633,0.015171603311742289,0.2861598885701193,0.9617359116078588,0.9045704462028852,2491.050048828125
2024-11-11,2509.0,2514.89990234375,2475.050048828125,2491.050048828125,2421.27099609375,1175577,-0.006639511372151685,-0.013367395178744967,-0.10686244250558952,2592.5700073242188,2766.5160107421875,2588.94011177707,27.808172618952895,-81.81107719188412,-80.55538815225778,-1.255689039626347,0.01507878158535691,-0.3088406745461312,0.9608419605992156,0.900428567611954,2461.5
2024-11-12,2495.0,2496.949951171875,2456.0,2461.5,2392.548828125,1624222,-0.011862487003031608,-0.023737321410415957,-0.11502991489639214,2576.572509765625,2759.965009765625,2576.802958274492,27.35286570363327,-81.92070002821856,-80.82845052744995,-1.0922495007686166,0.015128059461705087,0.38163812323650426,0.9553389204730386,0.891859132739161,2464.949951171875
2024-11-13,2462.10009765625,2472.800048828125,2450.39990234375,2464.949951171875,2395.902099609375,1262017,0.0014015645630205409,-0.014295997399946692,-0.11372586025280895,2560.7575073242188,2753.3780078125,2566.150290931386,42.979515065515415,-80.79780785461935,-80.82232199288383,0.024514138264478902,0.01516189611835472,-0.22300215118376676,0.9625862441569273,0.8952457469253287,2389.199951171875
2024-11-14,2460.39990234375,2464.699951171875,2383.699951171875,2389.199951171875,2322.27392578125,2443393,-0.030730847076220424,-0.03486166383685119,-0.12759935137120448,2543.285009765625,2744.3370068359377,2549.2978776209566,29.505520641143917,-85.04001133280099,-81.66585986086726,-3.374151471933729,0.01603219742794763,0.9361014946708326,0.9394149464168982,0.8705927680239551,2422.89990234375
2024-11-18,2401.14990234375,2425.0,2375.75,2422.89990234375,2355.02978515625,1374215,0.014105119646995457,-0.03381586732036945,-0.10827727530769837,2528.575,2736.026005859375,2537.259975213604,26.45516330807213,-84.70624289506941,-82.2739364677077,-2.432306427361709,0.01668584775942815,-0.4375792187339491,0.9582076475262747,0.8855544125512531,2410.35009765625
2024-11-19,2431.89990234375,2440.199951171875,2405.10009765625,2410.35009765625,2342.831787109375,1133370,-0.0051796628805672595,-0.032395957363377303,-0.10514003676860806,2514.415002441406,2727.4540087890623,2525.1733202081414,27.790362633404726,-84.48055411812811,-82.71525999779178,-1.7652941203363355,0.01667008333130294,-0.1752600575601343,0.9586126774283033,0.883736293953642,2382.800048828125
2024-11-21,2424.75,2424.75,2376.10009765625,2382.800048828125,2316.053466796875,1291829,-0.011429895123913236,-0.03197235473161686,-0.11145911466088287,2499.470007324219,2716.6740087890626,2511.613961029092,23.865172837090142,-85.53871576216216,-83.27995115066585,-2.2587646114963036,0.016721830634337718,0.13981224136866155,0.953322121027972,0.8771019419772933,2445.25
2024-11-22,2390.949951171875,2452.10009765625,2377.85009765625,2445.25,2376.75390625,1696471,0.02620864104925147,-0.007992028869596046,-0.08049112356556021,2488.7675048828123,2707.6070068359377,2505.293583788226,38.63323900262663,-80.411197118995,-82.70620034433168,2.2950032253366714,0.018163018280727358,0.31323185963467304,0.982514435439456,0.9031037347098154,2471.449951171875
2024-11-25,2470.0,2505.699951171875,2457.60009765625,2471.449951171875,2402.22021484375,4368045,0.010714630885134468,0.034425749908314485,-0.013432655451914965,2487.084997558594,2698.9530078125,2502.0703806819065,41.355827142743024,-73.38751891911033,-80.84246405928741,7.454945140177074,0.013254433163468263,1.5747831822648308,0.9937135054081117,0.9157069219130214,2479.199951171875
2024-11-26,2486.25,2494.949951171875,2460.39990234375,2479.199951171875,2409.7529296875,982442,0.0031358110231305414,0.023236638366143092,-0.019323232021808412,2484.6424926757813,2689.4090087890627,2499.892244538094,43.95383918166515,-66.43007851841321,-77.95998695111257,11.529908432699358,0.013088502432666564,-0.7750842768332286,0.9978095273183366,0.9218381968193686,2486.89990234375
2024-11-27,2475.14990234375,2492.949951171875,2458.0,2486.89990234375,2417.237060546875,948232,0.0031058209597960573,0.031758790875207055,-0.03451360540381254,2480.1974853515626,2680.4880078125,2498.6548786148232,45.48312172536888,-59.607813398533835,-74.28955224059683,14.681738842062998,0.01228411805584617,-0.03482139403649276,1.002702372303727,0.927778783227337,2462.199951171875
2024-11-28,2486.0,2539.14990234375,2453.199951171875,2462.199951171875,2393.22900390625,2540530,-0.00993202466596943,0.03332210035113903,-0.0335406961110567,2475.9249877929688,2672.3900048828127,2495.182980763114,45.005181819794295,-55.5538090431246,-70.5424036011024,14.988594557977791,0.012246600021364714,1.6792282901230924,0.9944566024056617,0.9213475378493062,2496.14990234375
2024-11-29,2455.10009765625,2507.5,2455.10009765625,2496.14990234375,2426.228271484375,1795164,0.013788462287848136,0.020815827561087907,-0.023014168555887116,2472.9849853515625,2664.8430029296874,2495.2750685326982,52.61955258678572,-49.036244750467176,-66.24117183097535,17.20492708050817,0.012693192239836719,-0.2933899619370761,1.009367188692775,0.9366967958710968,2479.14990234375
2024-12-02,2485.0,2490.5,2460.550048828125,2479.14990234375,2409.704345703125,1006993,-0.006810488418198757,0.0031155602273975624,-0.01942058643577571,2470.52998046875,2656.9089990234374,2493.739338419465,46.233000488990626,-44.72719871205527,-61.93837720719134,17.211178495136068,0.012577442753259583,-0.43905236513209933,1.0034890982676374,0.9330955268904491,2482.85009765625
2024-12-03,2480.0,2491.449951171875,2466.0,2482.85009765625,2413.30078125,1641588,0.0014925258488813764,0.001472308226954322,-0.021536907327586174,2467.7974853515625,2648.3310009765623,2492.7022678705875,48.879787344035066,-40.54628154920283,-57.65995807559364,17.11367652639081,0.012545362713576376,0.6301880946540841,1.0060996140866654,0.9375150223822883,2464.5
2024-12-04,2481.10009765625,2493.0,2456.550048828125,2464.5,2395.464599609375,1321495,-0.007390739245020095,-0.009007158801461745,-0.023883098725427043,2464.7824829101564,2638.0689990234373,2490.0163375971983,50.42277362619214,-38.27239376684838,-53.782445213844596,15.510051446996215,0.012596555880561952,-0.19498985129033597,0.9998853923572911,0.9342060427200012,2494.60009765625
2024-12-05,2465.60009765625,2515.0,2450.050048828125,2494.60009765625,2424.7216796875,2071795,0.012213470341347232,0.013159023282798055,-0.01060939534928762,2463.4449829101563,2627.39,2490.452886174251,53.886505476443894,-33.653557728130636,-49.756667716701806,16.10310998857117,0.01294447614228129,0.5677660528416679,1.012646969979938,0.9494593865609027,2483.800048828125
2024-12-06,2495.0,2495.800048828125,2475.0,2483.800048828125,2414.22412109375,1308086,-0.004329370803068611,-0.004947560843212684,-0.0067580688102266695,2462.599987792969,2618.055,2489.819282617477,64.94472316844391,-30.512837573223806,-45.907901688006206,15.3950641147824,0.012851482547001684,-0.36862189550607083,1.008608812287925,0.9487195833655615,2400.75
2024-12-09,2465.0,2476.949951171875,2383.300048828125,2400.75,2333.500244140625,3385021,-0.03343668862045024,-0.03162370386301849,-0.03019592001615834,2458.8624877929688,2607.0910009765626,2481.336493796765,46.972817215896725,-34.32950986466358,-43.592223323337684,9.262713458674106,0.014716735649195747,1.5877664006800778,0.9763661090925302,0.9208539322565759,2397.35009765625
2024-12-10,2408.699951171875,2413.0,2388.300048828125,2397.35009765625,2330.196044921875,2063838,-0.0014161834192439882,-0.03443623120087269,-0.04400440868695532,2453.3449951171874,2595.3160009765625,2473.33778940243,48.17774139587856,-37.199777973815344,-42.31373425343322,5.113956279617874,0.014320150988679172,-0.3903027484910728,0.9771761013749056,0.9237218499613065,2401.35009765625
2024-12-11,2405.0,2409.35009765625,2385.0,2401.35009765625,2334.083984375,1718225,0.0016685089106971418,-0.025623819169709905,-0.036008891597369974,2448.859997558594,2584.0180029296876,2466.481818759937,52.784037321291564,-38.705546116611,-41.59209662606878,2.886550509457777,0.014303542312392966,-0.16746130267976456,0.9805991767803348,0.9293085787071399,2344.949951171875
2024-12-12,2385.050048828125,2399.949951171875,2338.0,2344.949951171875,2279.263671875,3231056,-0.02348684872706497,-0.05998963385954159,-0.04734919716763153,2443.0324951171874,2571.7510009765624,2454.9073551801216,34.66830571360117,-43.943347131895734,-42.06234672723417,-1.8810004046615632,0.014957966661546236,0.8804615227924166,0.9598521328957569,0.9118106497407544,2390.10009765625
2024-12-13,2344.949951171875,2394.550048828125,2333.449951171875,2390.10009765625,2323.14892578125,2260902,0.019254204748298198,-0.03772443406468384,-0.030365668674140922,2439.290002441406,2561.0780029296875,2448.7352354159434,38.245957628738914,-43.94453741426969,-42.43878486464128,-1.5057525496284114,0.015705465185305606,-0.3002591103342065,0.979834335099179,0.9332398681032553,2366.14990234375
2024-12-16,2390.300048828125,2393.0,2363.0,2366.14990234375,2299.869384765625,1247552,-0.01002058254212268,-0.014412203543163637,-0.009647601414364382,2438.1375,2550.5339990234374,2440.8699655995442,34.39616007505161,-45.35523441354508,-43.02207477442204,-2.333159639123039,0.014290380754832698,-0.4482060699667655,0.9704743486959821,0.9277076499469188,2363.25
2024-12-17,2353.35009765625,2380.0,2353.35009765625,2363.25,2297.05078125,2131569,-0.001225578455903209,-0.014224079198773554,-0.024619218600838044,2435.1550048828126,2540.8239990234374,2433.477587923397,32.70392140524193,-46.1749438231509,-43.652648584167814,-2.5222952389830837,0.013877294440877529,0.708601324834556,0.9704721035257988,0.9301116491769253,2359.199951171875
2024-12-18,2350.050048828125,2383.0,2350.050048828125,2359.199951171875,2293.1142578125,988403,-0.0017137623307416083,-0.017552686934534933,-0.02122104441761874,2432.5974975585937,2531.34,2426.403527280395,34.709061597522634,-46.61403692724343,-44.244926252782946,-2.3691106744604866,0.01384597999224324,-0.5363026015109058,0.9698275006611731,0.9319964726871439,2359.85009765625
2024-12-19,2347.0,2386.949951171875,2336.0,2359.85009765625,2293.74609375,1655915,0.00027557922085064135,0.006354142644677152,-0.009631505246595062,2431.45,2522.1610009765627,2420.0651054114287,27.545409205721,-46.374978107739025,-44.67093662377417,-1.7040414839648577,0.01362669428973705,0.6753439639499272,0.970552591110757,0.9356460974309463,2333.89990234375
2024-12-20,2352.10009765625,2373.5,2324.64990234375,2333.89990234375,2268.523193359375,2069691,-0.010996543949241988,-0.023513741272848887,-0.045537306065330796,2425.8824951171873,2513.46,2411.8588955954597,26.75636818252852,-47.72929258339536,-45.28260781569841,-2.4466847676969508,0.012276335208097696,0.24987756014046614,0.9620828325532751,0.9285605907170792,2338.89990234375
2024-12-23,2337.0,2351.75,2315.25,2338.89990234375,2273.3828125,1066199,0.0021423369506887724,-0.011516599169396624,-0.05363250377183415,2419.254992675781,2505.1439990234376,2404.9104200476777,27.059801233188395,-47.84758121721825,-45.79560249600238,-2.0519787212158676,0.011944834501842949,-0.48485112028800437,0.9667851918977935,0.9336389058894445,2335.550048828125
2024-12-24,2331.10009765625,2356.949951171875,2331.10009765625,2335.550048828125,2270.126953125,683646,-0.0014322346639410455,-0.011721126064476839,-0.05794203984065471,2412.0724975585936,2496.1910009765625,2398.30467040772,28.418471123648857,-47.66221069832909,-46.16892413646772,-1.4932865618613675,0.011871138736597883,-0.35880074920347893,0.9682752285398049,0.9356455687543176,2332.75
2024-12-26,2332.25,2341.85009765625,2324.699951171875,2332.75,2267.4052734375,1033769,-0.0011988819633859116,-0.011211407137719176,-0.061984763519622676,2404.3650024414064,2487.0639990234376,2392.0613684641276,20.18793699218068,-47.197184008014574,-46.3745761107771,-0.8226078972374751,0.011795058020906708,0.5121407863133844,0.9702145878979739,0.9379533461607622,2341.25
2024-12-27,2343.0,2345.64990234375,2328.25,2341.25,2275.667236328125,556816,0.0036437680848784293,-0.007881897953909478,-0.049122716907824326,2398.3175048828125,2478.26,2387.2221905151628,23.518537499965973,-45.616924532605935,-46.223045795142866,0.6061212625369308,0.011773485954109111,-0.46137289858759545,0.9762051918619503,0.9447152437597346,2343.5
2024-12-30,2341.5,2359.14990234375,2325.0,2343.5,2277.854248046875,924180,0.0009610250934330988,0.004113328787840986,-0.06115414070301628,2390.685009765625,2469.505,2383.0581723708615,34.80227716971447,-43.67949133070351,-45.714334902255,2.034843571551484,0.011176647679877727,0.6597583402775782,0.9802629750164155,0.9489756044227486,2326.85009765625
2024-12-31,2340.0,2352.64990234375,2323.25,2326.85009765625,2261.67041015625,1878762,-0.007104716169724745,-0.0051519112363146435,-0.06143226940150659,2383.07001953125,2461.26900390625,2377.7050223980414,32.51493177161292,-42.991984691897414,-45.16986486018348,2.177880168286066,0.011181994470486279,1.0328961890540804,0.9764086151836786,0.9453863409336137,2322.10009765625
2025-01-01,2325.0,2337.14990234375,2320.25,2322.10009765625,2257.0537109375,559893,-0.0020413863380303043,-0.005758793813313345,-0.06474414228702086,2375.03251953125,2453.36900390625,2372.4093152797755,30.417649982867374,-42.34232012084567,-44.604355912315924,2.262035791470254,0.011133336281163583,-0.7019883306134571,0.9777129696373813,0.9464944302952415,2370.0
2025-01-02,2330.0,2379.64990234375,2315.5,2370.0,2303.612060546875,1650744,0.020627837013613926,0.015968277783731555,-0.03834449178332322,2370.30751953125,2446.8980029296877,2372.1798566817015,56.46118252769797,-37.529715268573,-43.189427783567346,5.659712514994347,0.012291639932055719,1.948320482663652,0.9998702617577188,0.9685732699778997,2406.25
2025-01-03,2381.85009765625,2414.60009765625,2364.800048828125,2406.25,2338.846435546875,1274239,0.015295358649789037,0.02776294714361982,-0.03541653739982509,2365.8900146484375,2441.38900390625,2375.424632235825,54.36601386564161,-30.43972895675188,-40.639488018204254,10.199759061452376,0.012495264186194207,-0.22808200423566583,1.0170591131040214,0.9856069623275819,2376.199951171875
2025-01-06,2418.0,2418.949951171875,2361.64990234375,2376.199951171875,2309.63818359375,900419,-0.012488331980519463,0.013953467536537145,-0.043320756719936626,2360.510009765625,2435.727001953125,2375.4984721344963,52.63021362458963,-26.935159770453993,-37.89862236865421,10.963462598200216,0.012715947674169758,-0.2933672568489899,1.0066468438351626,0.9755608692051624,2390.800048828125
2025-01-07,2377.14990234375,2402.25,2375.25,2390.800048828125,2323.829345703125,922768,0.006144305174760056,0.02748348560841518,-0.004144517826460525,2360.0125122070312,2433.4410009765625,2376.955765152937,56.7940852414009,-22.717781138862392,-34.862454122695844,12.144672983833452,0.010469510570662097,0.024820666822890303,1.0130454972004796,0.9824770963703968,2401.0
2025-01-08,2391.0,2409.0,2368.0,2401.0,2333.74365234375,953351,0.004266333847899428,0.03397782137961469,0.001522473645930278,2360.1950073242188,2430.9,2379.245692281229,60.00479165084059,-18.341003699957128,-31.558164038148103,13.217160338190975,0.01051052687963264,0.033142675081927475,1.0172888225545575,0.9877000287959191,2435.39990234375
2025-01-09,2405.050048828125,2473.64990234375,2386.39990234375,2435.39990234375,2367.1796875,2425267,0.014327322925343555,0.027594895503691985,0.01417944210664368,2361.897497558594,2428.0919970703126,2384.5937122871833,65.56765610819664,-11.958738525815534,-27.63827893568159,15.679540409866057,0.010978866067535658,1.5439392207067493,1.0311200654817294,1.0030097316255953,2442.050048828125
2025-01-10,2435.39990234375,2456.0,2413.800048828125,2442.050048828125,2373.6435546875,1651911,0.002730617866074203,0.01487794237012996,0.04140817487713311,2366.7525024414062,2425.98,2390.0657443387017,74.2109284564203,-6.291610381785176,-23.36894522490231,17.077334843117132,0.009380000615161864,-0.3188745816440004,1.0318147107942406,1.0066241472840358,2451.0
2025-01-13,2417.050048828125,2460.5,2409.050048828125,2451.0,2382.343017578125,2595013,0.0036649335570209107,0.03147885294385078,0.025480063535192166,2369.797497558594,2423.9010009765625,2395.869006782635,74.65908358574467,-1.0658972366345552,-18.90833562724876,17.842438390614205,0.00848178304133645,0.5709157454608631,1.0342655870491306,1.0111799116434703,2367.949951171875
2025-01-14,2465.0,2468.0,2364.10009765625,2367.949951171875,2301.619140625,2052741,-0.03388414884868418,-0.009557510954314341,0.0007607501225268543,2369.8875,2420.695,2393.21004910542,55.27685705924267,-3.58460567915472,-15.843589637629954,12.258983958475234,0.011350462973256552,-0.20896696856624608,0.9991824300401918,0.9782107829246869,2373.0
2025-01-15,2373.89990234375,2384.89990234375,2350.10009765625,2373.0,2306.52783203125,1215150,0.002132667046288672,-0.011661807580174877,0.004125674389082734,2370.375,2417.405,2391.285282523951,56.50767987065481,-5.114249644364918,-13.697721638976947,8.58347199461203,0.011354665031732184,-0.408035402420471,1.0011074197120708,0.9816311292480986,2345.0
2025-01-16,2376.949951171875,2380.0,2326.050048828125,2345.0,2279.312255859375,2762596,-0.01179941002949858,-0.037119120460156085,-0.006018968915636691,2369.665002441406,2413.8089990234375,2386.877160378813,50.57034220532319,-8.488024834836324,-12.655782278148823,4.1677574433124995,0.01166695951333405,1.2734608896021067,0.9895913547206063,0.9714936024137469,2354.0
2025-01-17,2350.0,2379.300048828125,2343.0,2354.0,2288.060302734375,1333005,0.003837953091684332,-0.03605579208762655,-0.0024790124008555736,2369.3724975585938,2410.4619970703125,2383.7460022474975,51.564828614008945,-10.316617649766158,-12.187949352472291,1.871331702706133,0.011702331369511937,-0.5174810214740049,0.9935119962882858,0.9765762757766201,2345.199951171875
2025-01-20,2356.449951171875,2368.0,2335.64990234375,2345.199951171875,2279.506591796875,1382273,-0.0037383384996283464,-0.04316607459327826,0.004841702429815964,2369.9375,2407.3519970703123,2380.074949764105,52.8002205572797,-12.333705742911206,-12.217100630560076,-0.11660511235113091,0.011455207562917995,0.036960101424975855,0.9895619404190511,0.9741824020857461,2340.5
2025-01-21,2353.5,2377.300048828125,2332.449951171875,2340.5,2274.93798828125,1842885,-0.002004072688781333,-0.011592285199393815,0.000684124042523937,2370.0175048828123,2404.6519970703125,2376.305906929428,52.808287066363604,-14.148415245634169,-12.603363553574894,-1.5450516920592747,0.011457713591143621,0.3332279513525911,0.9875454485791776,0.9733217126018768,2342.949951171875
2025-01-22,2342.550048828125,2362.0,2332.199951171875,2342.949951171875,2277.3193359375,2658047,0.0010467640127642674,-0.012663315983196366,0.0031683766945875824,2370.3875,2401.3569970703124,2373.129149238233,45.20644430542179,-15.213522993365586,-13.125395441533033,-2.088127551832553,0.011453707481279959,0.4423292826193712,0.9884248677365516,0.9756774832023332,2321.699951171875
2025-01-23,2315.0,2341.300048828125,2253.85009765625,2321.699951171875,2256.664794921875,3408925,-0.009069762667944015,-0.009936054937366712,-0.0047369194419140115,2369.834997558594,2397.9699951171874,2368.23113037477,34.17555634148414,-17.569792334256363,-14.0142748200777,-3.5555175141786624,0.011638785520201282,0.2824923712786116,0.9796884397283745,0.9681939123089048,2368.10009765625
2025-01-24,2332.85009765625,2380.800048828125,2323.0,2368.10009765625,2301.76513671875,1688664,0.01998541907232876,0.005989846073173322,0.011468274492792307,2371.1775024414064,2396.1019970703123,2368.2186510682445,48.5714556366295,-15.514210561736945,-14.31426196840955,-1.1999485933273952,0.012465093691113061,-0.5046344522100076,0.9987021617816516,0.9883135611721454,2392.85009765625
2025-01-27,2365.0,2409.699951171875,2361.14990234375,2392.85009765625,2325.82177734375,2477358,0.010451416316605622,0.020318159421999216,0.02105828788404107,2373.6450073242186,2394.66,2370.564503124245,50.349063137319774,-11.752552927292527,-13.801920160186146,2.049367232893619,0.012656939735301161,0.4670520600901067,1.0080909699103158,0.9992441923514195,2388.85009765625
2025-01-28,2401.0,2407.0,2379.449951171875,2388.85009765625,2321.933837890625,1892156,-0.0016716467128123913,0.02065802078882717,0.026645463780606393,2376.745007324219,2394.6530029296873,2372.3059883177693,47.8866073946234,-8.990541356975882,-12.839644399544095,3.8491030425682133,0.012528800970479216,-0.23622019909920167,1.0050931380079595,0.9975767239485896,2383.949951171875
2025-01-29,2385.14990234375,2396.0,2364.0,2383.949951171875,2317.1708984375,699576,-0.0020512574184469168,0.017499306794621416,0.026635308950743175,2379.8375,2393.87400390625,2373.4149371610174,40.02716349680332,-7.115010742438699,-11.694717668123017,4.579706925684318,0.01252894348173045,-0.6302757277941142,1.0017280386462837,0.9958543963808533,2408.75
2025-01-30,2384.0,2425.0,2384.0,2408.75,2341.276611328125,1419960,0.010402923440542056,0.037494099435280814,0.016350210970464074,2381.775,2393.842001953125,2376.7801812409207,43.96957486336188,-3.586143707809242,-10.073002876060263,6.486859168251021,0.011895220385761521,1.0297437304881814,1.0113255870096882,1.006227644946789,2468.800048828125
2025-01-31,2401.5,2479.0,2401.5,2468.800048828125,2399.64453125,2116148,0.024929963187597215,0.042523519707439617,0.02599482548701304,2384.9025024414063,2395.562001953125,2385.543978153988,52.72005270803968,4.009823176925693,-7.256437665463073,11.266260842388766,0.012679046462538203,0.4902870503394461,1.0351786063794362,1.030572386277328,2506.050048828125
2025-02-01,2475.0,2602.0,2435.14990234375,2506.050048828125,2435.85107421875,2970999,0.01508830171065556,0.047307581566748524,0.05464611578340106,2391.3950073242186,2396.7780029296873,2397.0207467896203,74.53800745434734,12.88689326408894,-3.2277714795526706,16.11466474364161,0.012592886366389488,0.4039656016497901,1.0479448360278196,1.0455912252886457,2441.949951171875
2025-02-03,2505.0,2520.0,2416.5,2441.949951171875,2373.54638671875,2528480,-0.025578139465420646,0.022228206603554623,0.02139447101350922,2393.952502441406,2396.1880029296876,2401.2997186355497,60.12628317981191,14.581605419469724,0.33410390025180847,14.247501519217916,0.01405443587542459,-0.1489461962121159,1.020049457406327,1.019097812102488,2438.050048828125
2025-02-04,2450.0,2450.0,2402.85009765625,2438.050048828125,2369.755615234375,1992474,-0.0015970443382258281,0.02269347040178249,0.015431090723917018,2395.8050048828127,2395.3650048828126,2404.7997500824617,64.70680390285011,15.432095890771507,3.3537022983557483,12.078393592415757,0.014047235578418646,-0.211987439093843,1.017632922487103,1.0178198495253548,2391.050048828125
2025-02-05,2453.0,2453.0,2387.0,2391.050048828125,2324.072265625,1357416,-0.019277701055641194,-0.00734818938116244,-0.018210501475730556,2393.587512207031,2393.4480078125,2403.490254724906,55.22788388466735,12.17328248918966,5.117618336522531,7.055664152667129,0.01435797971564673,-0.31872837487465333,0.9989398911190983,0.9989981152811561,2372.699951171875
2025-02-06,2400.0,2408.949951171875,2360.300048828125,2372.699951171875,2306.236083984375,1132113,-0.007674493332016863,-0.03892583269425409,-0.028398311365293027,2390.120007324219,2391.6580078125,2400.5578448627125,53.77850652382767,8.017528786150251,5.6976004264480755,2.3199283597021756,0.014410966836755287,-0.165979331317739,0.9927116395415451,0.992073257723848,2363.85009765625
2025-02-07,2380.0,2381.949951171875,2336.10009765625,2363.85009765625,2297.634033203125,855602,-0.003729866269544191,-0.05674266211816892,-0.03555687570124444,2385.7625122070312,2389.01201171875,2397.0618689382873,53.172134094488094,3.9642573276951225,5.350931806697486,-1.3866744790023633,0.014370596973927268,-0.24424328666838024,0.9908153412426158,0.9894676485764518,2361.449951171875
2025-02-10,2370.89990234375,2398.0,2352.050048828125,2361.449951171875,2295.301025390625,1326354,-0.001015354775141919,-0.03296545859237143,-0.002744990449136453,2385.4375122070314,2386.6580126953127,2393.6702577224382,52.51358362137023,0.5519758976424782,4.391140624886485,-3.8391647272440066,0.012215299817893729,0.5501997424035943,0.9899441670920305,0.9894379247511169,2315.25
2025-02-11,2371.0,2377.949951171875,2296.550048828125,2315.25,2250.3955078125,1389260,-0.019564230505477398,-0.05036814108354759,-0.02433628318584069,2382.550012207031,2383.3060107421875,2386.2016617488725,49.17929202715087,-5.813220483176792,2.3502684032738292,-8.163488886450622,0.01295100319311996,0.047427760612928305,0.9717529487892307,0.971444703099207,2332.5
2025-02-12,2325.699951171875,2339.89990234375,2305.10009765625,2332.5,2267.162109375,1341909,0.007450599287333937,-0.02448716991801192,-0.005330490405117239,2381.925012207031,2380.6660107421876,2381.0872177727897,45.10719227770001,-9.357881801674012,0.00863836228426118,-9.366520163958272,0.012832787842200828,-0.03408361285864414,0.9792499713661282,0.9797678420556054,2321.5
2025-02-13,2330.10009765625,2345.60009765625,2313.35009765625,2321.5,2256.470458984375,1334967,-0.004715969989281921,-0.02157877195832847,-0.013806287170773146,2380.300012207031,2377.2040087890623,2375.4122446515717,39.808593352238724,-12.905888455178228,-2.574267001208237,-10.33162145396999,0.012834058888649302,-0.005173227096621269,0.9752972264397414,0.976567426025233,2318.35009765625
2025-02-14,2322.0,2366.0,2313.39990234375,2318.35009765625,2253.40869140625,1135380,-0.0013568392607150592,-0.01924825945820896,-0.011448854713734913,2378.95751953125,2373.895009765625,2369.9777544615413,39.905503927781396,-15.789864356939233,-5.217386472354436,-10.572477884584798,0.01281460418186333,-0.14950706646681156,0.9745235375674375,0.9766017823531045,2329.39990234375
2025-02-17,2318.35009765625,2336.0,2300.0,2329.39990234375,2264.14892578125,1409168,0.004766236427652171,-0.013572190599347667,-0.004742618097094642,2378.4025146484373,2372.4680078125,2366.11319711699,42.3244587990626,-16.98798226094641,-7.571505630072831,-9.416476630873579,0.012862048423455069,0.24114217266465854,0.9793968380024478,0.9818467075944006,2296.0
2025-02-18,2329.39990234375,2338.550048828125,2288.0,2296.0,2231.684814453125,1035705,-0.014338414932594579,-0.008314436885865417,-0.020038819501198457,2376.0550170898437,2370.441005859375,2359.4357497725146,34.51022245357669,-20.397463059188794,-10.136697115896025,-10.26076594329277,0.013240645571657933,-0.26502375870016914,0.9663075911483339,0.9685961364677004,2250.39990234375
2025-02-19,2298.75,2305.699951171875,2248.0,2250.39990234375,2187.36181640625,1521343,-0.019860669710910273,-0.03519832696945335,-0.030710277093358385,2372.4900146484374,2367.422001953125,2349.0513833507275,18.75532202485276,-26.473873605214067,-13.404132413759633,-13.069741191454433,0.013797994481232777,0.46889606596472944,0.9485392513558043,0.9505698183455119,2248.050048828125
2025-02-20,2250.39990234375,2254.449951171875,2226.5,2248.050048828125,2185.077880859375,2206196,-0.0010441937511540544,-0.03163900545848586,-0.05069466824774027,2366.487512207031,2365.48400390625,2339.4322086342895,8.995498991153184,-31.120350255281664,-16.94737598206404,-14.172974273217623,0.012845505807453935,0.4501634411174864,0.9499522128183769,0.9503552106527882,2241.64990234375
2025-02-21,2248.050048828125,2253.550048828125,2226.39990234375,2241.64990234375,2178.857177734375,1781509,-0.0028469768667789275,-0.03308395715989598,-0.06318832736768498,2358.9275024414064,2362.515,2330.11960803519,11.015898146942632,-34.91665731884268,-20.54123224941977,-14.37542506942291,0.012477681949813286,-0.19249740276929161,0.9502835080873497,0.948840495126486,2241.449951171875
2025-02-24,2230.0,2251.0,2218.800048828125,2241.449951171875,2178.662841796875,1627949,-8.919821586139687e-05,-0.03775648444193003,-0.061703388851812924,2351.5574951171875,2360.0210009765624,2321.674878810112,11.176871023791193,-37.509011865898174,-23.934788172715454,-13.57422369318272,0.012492786390010053,-0.08619658952045706,0.9531767587337577,0.9497584768289674,2259.300048828125
2025-02-25,2243.0,2269.60009765625,2237.949951171875,2259.300048828125,2196.0126953125,1988040,0.007963638736130374,-0.015984299290886295,-0.05228713055929557,2345.325,2357.942001953125,2315.7344188118277,20.5980551547987,-37.688666334848676,-26.6855638051421,-11.003102529706577,0.012735603504873247,0.22119304720233868,0.9633206693435346,0.9581660816749127,2244.949951171875
2025-02-27,2269.64990234375,2269.64990234375,2233.10009765625,2244.949951171875,2182.064453125,1699658,-0.006351567895416688,-0.0024217700890402094,-0.06800209603658536,2337.1349975585936,2355.657001953125,2308.993040941356,20.972480484265375,-38.544657924583134,-29.057382629030307,-9.487275295552827,0.012381081592772175,-0.14505844952817848,0.9605563878496465,0.953003747706283,2190.25
2025-02-28,2245.050048828125,2249.60009765625,2185.85009765625,2190.25,2128.89697265625,3683249,-0.024365777572600833,-0.025711193066299987,-0.11282811216742539,2323.2074951171876,2352.265,2297.684179899322,17.35611857581216,-43.139580113447664,-31.87382212591378,-11.265757987533885,0.011294748772585034,1.1670530189014494,0.942769857881127,0.931123831711138,2176.85009765625
2025-03-03,2199.0,2199.0,2158.5,2176.85009765625,2115.87255859375,1306470,-0.006117978469923568,-0.02890719225145233,-0.13136208166545393,2306.7474975585938,2349.12400390625,2286.176172066648,16.666651971775238,-47.31690930748982,-34.962439562228994,-12.354469745260829,0.010158266292776674,-0.6452941411237741,0.9436880716073935,0.9266646179752395,2157.35009765625
2025-03-04,2179.949951171875,2180.0,2136.0,2157.35009765625,2096.918701171875,1800330,-0.008957897478101495,-0.03752029059210349,-0.11654614517346984,2292.5175048828123,2345.4930078125,2273.9070221228008,18.445226371902137,-51.606077088491475,-38.291167067481496,-13.314910021009979,0.009189241986466657,0.37801097614181733,0.9410397491235419,0.9197853459679595,2170.449951171875
2025-03-05,2152.0,2191.89990234375,2150.0,2170.449951171875,2109.651611328125,1145673,0.0060721964088521485,-0.03932638239101338,-0.10975988691654415,2279.1375,2342.191005859375,2264.053967746522,17.069632543145147,-53.33343017391644,-41.29961968876849,-12.033810485147953,0.009541877541717326,-0.3636316675276199,0.9523119825687898,0.9266750430439441,2218.949951171875
2025-03-06,2175.0,2229.800048828125,2163.75,2218.949951171875,2156.792724609375,1856868,0.022345597037984666,-0.011581549952339842,-0.07197678599015433,2270.5324951171874,2339.9150048828124,2259.758347120365,31.916732893124703,-50.210035238862474,-43.08170279878728,-7.128332440075191,0.01088182144317494,0.6207661348395224,0.9772817415931102,0.9483036548513455,2204.550048828125
2025-03-07,2226.699951171875,2226.699951171875,2189.199951171875,2204.550048828125,2142.79638671875,1738356,-0.006489512003704734,0.0065289573464786255,-0.07086859097405085,2262.125,2337.181005859375,2254.5004139496755,30.698741779496288,-48.339446969716846,-44.1332516329732,-4.206195336743647,0.010862087337186249,-0.06382359973891516,0.9745482892537437,0.9432517392967251,2247.75
2025-03-10,2208.0,2267.14990234375,2194.64990234375,2247.75,2184.786376953125,1242387,0.019595813302056175,0.03256995161039611,-0.04911483083100865,2256.3199951171873,2335.266005859375,2253.8575173830395,37.513384996557605,-42.87685952041056,-43.88197321046067,1.0051136900501092,0.012037469220217622,-0.2853092231970896,0.9962017820452181,0.9625241811254948,2216.949951171875
2025-03-11,2240.0,2262.449951171875,2211.25,2216.949951171875,2154.84912109375,1325891,-0.013702613203481206,0.027626417047643015,-0.061191218525843194,2249.0949951171874,2333.0680029296873,2250.342511077214,37.814076687363624,-40.56541331114158,-43.21866123059685,2.653247919455268,0.012289765261357881,0.06721255132257498,0.9857075650361147,0.9502294611164355,2192.89990234375
2025-03-12,2217.35009765625,2229.949951171875,2185.0,2192.89990234375,2131.47265625,1526212,-0.010848259707176622,0.010343454895034077,-0.052845307269733244,2242.977490234375,2330.4839990234377,2244.871786435932,40.505277891552474,-40.21068968263489,-42.61706692100446,2.406377238369565,0.011820037919613228,0.1510840634712809,0.9776736110332555,0.9409632948617794,2174.800048828125
2025-03-13,2185.0,2209.949951171875,2164.449951171875,2174.800048828125,2113.879638671875,1845629,-0.008253843915210224,-0.019896754462818578,-0.06760983973070744,2235.092492675781,2326.58,2238.198287616141,38.502582810895326,-40.91839379051953,-42.277332294907474,1.3589385043879432,0.011634277977263924,0.20928743844236575,0.9730246313988214,0.934762633921088,2171.25
2025-03-17,2161.0,2195.449951171875,2156.5,2171.25,2110.42919921875,1111886,-0.0016323564228527543,-0.015105145308824564,-0.0647210855050614,2227.5799926757813,2321.88,2231.8222602241276,38.85017933564611,-41.28975111728232,-42.07981605938245,0.7900649421001305,0.011636768553039365,-0.3975571471839682,0.974712471443902,0.9351258462969662,2171.25
2025-03-18,2171.25,2171.25,2171.25,2171.25,2110.42919921875,0,0.0,-0.034034034034034044,-0.06345033815425971,2220.224987792969,2317.7810009765626,2226.0534735361157,38.87480103104031,-41.110162115546245,-41.88588527061521,0.7757231550689667,0.011652488350728723,-1.0,0.977941430232414,0.9367796176969162,2200.050048828125
2025-03-20,2203.89990234375,2248.89990234375,2188.449951171875,2242.39990234375,2179.5859375,1426689,0.019249495500424096,0.02257284974434759,-0.023344990268401533,2211.077490234375,2310.7939990234377,2225.3696183683537,49.640280336817455,-32.1125447224822,-39.34203980780057,7.229495085318369,0.01273092038447754,0.0635781139924183,1.0141661304263265,0.9704023393220721,2246.199951171875
2025-03-21,2245.0,2255.199951171875,2225.800048828125,2246.199951171875,2183.27978515625,2152415,0.0016946347634752001,0.03283055947245517,-0.0018663132572573904,2210.8674926757812,2307.01,2227.353459587737,59.21594995411549,-26.671315032960592,-36.807894852832575,10.136579819871983,0.011947729509088767,0.5086784856405284,1.015981264645278,0.9736411854183011,2256.199951171875
2025-03-24,2250.25,2266.0,2241.0,2256.199951171875,2192.99951171875,1454404,0.004451963412599458,0.039124905548359346,0.0036253206853640307,2211.2749877929687,2303.292998046875,2230.1007445005116,63.21838145521481,-21.306575931108455,-33.70763106848776,12.401055137379302,0.01198621710981015,-0.32429201617717773,1.020316316888179,0.9795540354983351,2271.300048828125
2025-03-25,2250.75,2292.0,2243.35009765625,2271.300048828125,2207.676513671875,2229340,0.006692712517969435,0.04607946981145661,0.01322693006315312,2212.7574951171873,2299.6989990234374,2234.0244877698083,69.26458922016096,-15.656056583220106,-30.09731617143423,14.441259588214123,0.012046189903005421,0.5328203167758065,1.026456832183428,0.9876510142382233,2245.949951171875
2025-03-26,2272.0,2279.89990234375,2237.800048828125,2245.949951171875,2183.03662109375,1416907,-0.011161051869535865,0.020863117349625204,0.0020076290338970626,2212.9824951171877,2297.2589990234374,2235.160246189053,62.256493506493506,-13.07282492331342,-26.69241792181007,13.61959299849665,0.012336536979990882,-0.36442758843424516,1.0148972963534182,0.9776651009427436,2244.64990234375
2025-03-27,2244.199951171875,2260.89990234375,2200.0,2244.64990234375,2181.773193359375,3752627,-0.0005788414062596337,0.001003389269526922,-0.006484373995376935,2212.2499877929686,2294.6919970703125,2236.064022965691,54.927136955563235,-11.003655011688807,-23.554665339785817,12.55101032809701,0.012199711523073142,1.6484638723642413,1.0146456841358624,0.9781922389625918,2258.85009765625
2025-03-28,2247.0,2296.0,2240.300048828125,2258.85009765625,2195.575439453125,2280152,0.006326240585524223,0.0056317989312462124,0.0061917400328319605,2212.9449951171873,2292.9689990234374,2238.234125317173,60.41826124511555,-8.12433360287605,-20.468598992403862,12.344265389527813,0.01219561106429568,-0.3923851211431352,1.0207438967712037,0.9851202081747645,2233.85009765625
2025-04-01,2259.0,2284.64990234375,2220.0,2233.85009765625,2171.27587890625,2495962,-0.011067578156664593,-0.009905971987995366,0.019906447965414964,2215.125,2290.5660009765625,2237.816598873276,47.132863047804754,-7.770172002205982,-17.928913594364285,10.158741592158304,0.011087682380868269,0.09464719895866591,1.0084532916455053,0.975239349882897,2237.89990234375
2025-04-02,2243.699951171875,2243.699951171875,2190.050048828125,2237.89990234375,2175.212158203125,1351493,0.0018129258949599603,-0.014705299065003619,0.02804502007429477,2218.177490234375,2288.42,2237.8245325371304,54.8573932161444,-7.081084653365451,-15.75934780616452,8.678263152799069,0.010959128104077613,-0.4585282147725005,1.0088912687087501,0.9779235902254612,2244.550048828125
2025-04-03,2225.449951171875,2252.89990234375,2220.60009765625,2244.550048828125,2181.676025390625,1310088,0.0029716014006748726,-0.0006233007743647878,0.0404199352096859,2222.537487792969,2286.5010009765624,2238.4650578981777,63.02650261750446,-5.930009265596254,-13.793480098050868,7.863470832454613,0.010684579624189703,-0.03063648868325619,1.0099042473551323,0.9816527733289773,2244.550048828125
2025-04-04,2230.0,2267.050048828125,2222.0,2244.550048828125,2181.676025390625,1120226,0.0,-4.44851179334238e-05,0.03414043139591483,2226.2424926757812,2284.5330029296874,2239.044580843887,69.35882563396467,-4.960591121154721,-12.026902302671639,7.066311181516918,0.010650104114541006,-0.14492308913599694,1.0082235229147654,0.9824984125638421,2249.39990234375
2025-04-07,2150.0,2261.60009765625,2150.0,2249.39990234375,2186.39013671875,3435185,0.002160724158571048,-0.004183631008673583,0.013722684982504285,2227.764990234375,2283.087001953125,2240.0308019391123,71.53480799763193,-3.757661626443678,-10.373054167426048,6.61539254098237,0.009486901154788676,2.0665106862365272,1.009711487613915,0.9852449339072246,2289.25
2025-04-08,2268.300048828125,2306.199951171875,2252.35009765625,2289.25,2225.123779296875,2774874,0.017715879517345323,0.02480018798122363,0.03842051633933141,2231.9999877929686,2281.51,2244.718344611578,76.66060636816755,0.4065520257681783,-8.217132928787203,8.623684954555381,0.010045694101468943,-0.19221992410889077,1.0256496471864416,1.0033924900614066,2350.0
2025-04-09,2293.949951171875,2354.14990234375,2289.5,2350.0,2284.17236328125,2989089,0.02653707546139561,0.050091649558967166,0.045489934378823316,2237.1124877929688,2280.652998046875,2254.7451689342847,79.6050950870181,8.510633354130732,-4.871579672203616,13.382213026334348,0.010780972305482977,0.07719809980561276,1.050461258798122,1.0304066431905743,2366.14990234375
2025-04-11,2394.60009765625,2394.85009765625,2344.35009765625,2366.14990234375,2299.869384765625,3836083,0.006872298869680771,0.05417560351532913,0.06729964792078791,2244.5724853515626,2280.198994140625,2265.35514354471,77.25167150897099,16.051308845606854,-0.6870019686415221,16.738310814248376,0.010137914743133098,0.28336192063869636,1.0541650660807886,1.0376944768522358,2361.5
2025-04-15,2400.0,2400.0,2345.199951171875,2361.5,2295.349853515625,3042779,-0.001965176567699345,0.052103962321060404,0.07688453881367407,2253.002490234375,2279.7499951171876,2274.5117965404515,75.29617698951985,21.405392205003864,3.7314768660875552,17.67391533891631,0.009668689816737094,-0.20680053064545267,1.0481568530154348,1.0358591973058038,2366.60009765625
2025-04-16,2351.0,2376.0,2351.0,2366.60009765625,2300.30712890625,1131979,0.002159685647364018,0.05210287205506847,0.08819203812850529,2262.592492675781,2278.9069970703126,2283.2821109324327,74.75336897271649,25.763096163378123,8.13780072554567,17.625295437832452,0.00925972520552543,-0.6279785682759083,1.0459683329265659,1.0384803332030104,2375.0
2025-04-17,2357.10009765625,2379.89990234375,2343.10009765625,2375.0,2308.4716796875,1962402,0.0035493543467985944,0.0374576826471551,0.0938399539435808,2272.779992675781,2277.03099609375,2292.0171479864866,73.97131940878026,29.55373282868959,12.420987146174454,17.132745682515136,0.009157661641419259,0.7336028318546546,1.0449757599299674,1.043024888143515,2351.0
2025-04-21,2368.10009765625,2372.39990234375,2348.800048828125,2351.0,2285.143798828125,1478430,-0.010105263157894728,0.00042553191489358433,0.08278641335636161,2281.7674926757813,2273.9299951171874,2297.6345624639644,74.43593223804143,30.272280269276052,15.991245770794777,14.281034498481276,0.009684615856199745,-0.24662225170989427,1.0303416134844796,1.0338928661165054,2398.699951171875
2025-04-22,2370.0,2406.0,2355.10009765625,2398.699951171875,2331.508056640625,2352346,0.020289217852775376,0.01375654551551575,0.09029335603049682,2291.699987792969,2273.0649951171877,2307.2598375790035,79.47199831105223,34.29538584732927,19.652073786101678,14.643312061227594,0.010153247313927161,0.5911108405538308,1.0466902142291117,1.0552711674873205,2423.800048828125
2025-04-23,2410.0,2438.0,2393.39990234375,2423.800048828125,2355.90478515625,2226066,0.010464042259219486,0.02638155783532703,0.08089553798801719,2300.7699951171876,2272.7799951171874,2318.358905317015,80.29386576513157,39.05884802667515,23.53342863421637,15.52541939245878,0.009653850707081938,-0.053682579008360154,1.0534734258409306,1.0664472821986235,2325.300048828125
2025-04-24,2423.800048828125,2487.39990234375,2317.10009765625,2325.300048828125,2260.1640625,7065430,-0.04063866573796937,-0.017451215720402535,0.03521507406986735,2304.725,2271.4649951171873,2319.019966603787,63.22487574063103,34.48824035491862,25.724390978356823,8.763849376561794,0.013885692648153385,2.17395351260924,1.0089273335552507,1.023700586989746,2332.199951171875
2025-04-25,2331.89990234375,2341.89990234375,2294.39990234375,2332.199951171875,2266.870849609375,2859858,0.0029673169908663866,-0.018021073190789494,0.033684957736359156,2308.525,2270.6549951171874,2320.2752032293192,63.525543381202006,31.06467110840049,26.792447004365556,4.272224104034933,0.013874870469074952,-0.5952322788563471,1.0102554450014078,1.0271044946004715,2318.60009765625
2025-04-28,2345.0,2349.0,2315.0,2318.60009765625,2253.65185546875,1555660,-0.005831341137277457,-0.013781328091769462,0.02082509919925779,2310.890002441406,2269.7499951171876,2320.1156693652174,60.41346369746987,26.943485565199353,26.822654716532316,0.12083084866703686,0.01392259700482037,-0.4560359290566175,1.0033364180928985,1.0215222392969057,2321.699951171875
2025-04-29,2328.0,2332.5,2312.60009765625,2321.699951171875,2256.664794921875,1896387,0.0013369504809210842,-0.032100721877441174,0.03372737667661552,2314.6775024414064,2268.9549951171875,2320.266553346804,60.75561527758491,23.654869986271933,26.18909777048024,-2.5342277842083085,0.013619355863596019,0.21902407981178396,1.0030338778179948,1.0232463650306838,2342.10009765625
2025-04-30,2320.0,2352.5,2316.0,2342.10009765625,2276.493408203125,2083807,0.00878672822217097,-0.03370738077646951,0.043414429667070875,2319.550012207031,2269.4919970703127,2322.3459385191322,62.386460166944815,22.436110263799947,25.438500269144185,-3.002390005344239,0.013695905331508109,0.09883003838351567,1.0097217500508915,1.0319931071269108,2318.60009765625
2025-05-02,2334.10009765625,2345.0,2310.0,2318.60009765625,2253.65185546875,1424284,-0.010033729994510687,-0.002881327584047244,0.026451511794428395,2322.5375122070313,2269.2139990234373,2321.989191770286,54.10089837844328,19.35091549247545,24.22098331381044,-4.870067821334988,0.013924219772482593,-0.31649908076899635,0.9983046928068603,1.0217635263373424,2348.60009765625
2025-05-05,2324.10009765625,2354.89990234375,2319.10009765625,2348.60009765625,2282.8115234375,2074103,0.012938841859933214,0.007032049921849248,0.05136871096247475,2328.275012207031,2269.7560009765625,2324.5235637594255,49.78601283773697,19.106379241522973,23.198062499352947,-4.091683257829974,0.013827368143487978,0.4562425752167405,1.0087296755506354,1.034736816047965,2381.800048828125
2025-05-06,2340.199951171875,2390.10009765625,2340.199951171875,2381.800048828125,2315.08154296875,1888125,0.01413605969147591,0.027257805792279877,0.06430142221002311,2335.47001953125,2271.025,2329.9784670993017,52.273741395834534,21.345483648458867,22.827546729174134,-1.4820630807152675,0.01406303198762697,-0.08966671375529567,1.0198375611373398,1.0487775558737245,2370.800048828125
2025-05-07,2369.0,2386.89990234375,2355.300048828125,2370.800048828125,2304.3896484375,1610400,-0.004618355770633298,0.021148339014034345,0.05624735348000587,2341.78251953125,2271.8530029296876,2333.866236787761,51.3266840664871,21.97902147556306,22.65784167845192,-0.6788202028888612,0.014171949976789933,-0.14709036742800397,1.0123912144081952,1.0435534542819624,2354.89990234375
2025-05-08,2361.699951171875,2371.89990234375,2341.0,2354.89990234375,2288.9345703125,2323073,-0.006706658578075508,0.005465097200716862,0.04916346310621966,2347.300012207031,2273.0310009765626,2335.869443031189,48.38081903716778,20.95652208806723,22.31757776037498,-1.3610556723077494,0.014321148755600392,0.44254408842523607,1.0032377157147343,1.0360175032069576,2332.89990234375
2025-05-09,2330.0,2342.699951171875,2302.300048828125,2332.89990234375,2267.551025390625,1805685,-0.009342222987101967,0.0061674303826497745,0.0371210116587084,2351.4750122070313,2274.6810009765627,2335.586629632385,44.38515489160518,18.161612059823256,21.486384620264637,-3.3247725604413816,0.014564439779894458,-0.22271706485332143,0.992100656070401,1.0255943146938815,2382.5
2025-05-12,2360.0,2387.0,2346.10009765625,2382.5,2315.76171875,1274873,0.021261134095988954,0.014434088790841848,0.04073386480288299,2356.1375122070312,2277.37,2340.054569667396,53.932584269662925,19.721600744634088,21.133427845138527,-1.4118271005044392,0.014786616838010226,-0.29396710943492355,1.0111888578898243,1.0461628984310851,2360.0
2025-05-13,2375.60009765625,2398.0,2352.800048828125,2360.0,2293.89208984375,1929665,-0.009443861490031513,-0.009152761936859877,0.004255319148936065,2356.6375122070312,2279.737001953125,2341.9541344609775,44.84413187625267,18.924194719974366,20.691581220105697,-1.7673865001313303,0.013814183298722554,0.5136135128754002,1.0014268158660597,1.0352071304620274,2350.5
2025-05-14,2370.0,2370.0,2338.5,2350.5,2284.657958984375,1568111,-0.0040254237288135375,-0.008562530964245307,-0.006614078984703453,2355.855017089844,2281.9180029296876,2342.7680264170745,39.81094540194973,17.325951313531732,20.018455238790906,-2.6925039252591745,0.013756263479747866,-0.18736620086906275,0.9977269326630894,1.030054540514717,2355.199951171875
2025-05-15,2351.60009765625,2369.89990234375,2340.0,2355.199951171875,2289.226318359375,3236681,0.001999553785098973,0.0001274146845164914,-0.0026678165691826905,2355.5400146484376,2283.8360009765624,2343.952019250865,55.62239814309823,16.251244449675596,19.265013080967844,-3.0137686312922476,0.01375867725800055,1.0640637046739676,0.9998556324772885,1.0312474057527763,2381.39990234375
2025-05-16,2360.0,2387.0,2349.0,2381.39990234375,2314.692626953125,1473000,0.011124300150753053,0.020789576077085092,0.006253614500462801,2356.2800048828126,2286.565,2347.51848430733,58.62551886311943,17.314062875469062,18.87482303986809,-1.5607601643990279,0.013978476568519691,-0.5449041780762454,1.010660828682874,1.041474833360849,2382.699951171875
2025-05-19,2375.0,2405.0,2375.0,2382.699951171875,2315.9560546875,936655,0.0005459178976388035,8.392494097586578e-05,0.003242084703947379,2356.665002441406,2290.4139990234376,2350.8691001991915,61.74419551278898,18.053151715294916,18.710488774953458,-0.6573370596585413,0.013959042710191917,-0.3641174473862865,1.0110473693560593,1.040292258162841,2341.10009765625
2025-05-20,2394.60009765625,2394.60009765625,2338.5,2341.10009765625,2275.521484375,1617408,-0.017459123837714086,-0.008008433196504239,-0.00421093251541893,2356.1700073242187,2293.6989990234374,2349.9387190046255,53.114986730641824,15.107969167298506,17.989984853422467,-2.8820156861239603,0.014338019206911067,0.7267916148421778,0.9936040652325072,1.0206657886030355,2363.89990234375
2025-05-21,2346.0,2375.699951171875,2345.0,2363.89990234375,2297.6826171875,1570754,0.009738927741844705,0.005700873151988972,-0.014507879074714403,2354.4300048828127,2297.8299951171875,2351.2683555131134,53.473521073285795,14.447107212546143,17.281409325247203,-2.83430211270106,0.013729056632520905,-0.02884491729977845,1.004022161389932,1.0287531746765248,2330.699951171875
2025-05-22,2355.0,2363.10009765625,2313.10009765625,2330.699951171875,2265.412841796875,2423653,-0.014044567258942764,-0.010402513802621915,-0.03841079948045334,2349.775,2301.0349951171875,2349.3094598615667,51.87014878627679,11.116269323031702,16.048381324804105,-4.932112001772403,0.013779471672447976,0.5429869986006721,0.9918821807074614,1.0128920056051458,2359.199951171875
2025-05-23,2336.89990234375,2364.5,2329.60009765625,2359.199951171875,2293.1142578125,844118,0.012228086238930125,-0.00932222729581289,0.014578721727045219,2351.4699951171874,2303.8399951171873,2350.2514114149294,51.64594123485208,10.653461639531542,14.969397387749593,-4.315935748218051,0.010669976712823007,-0.6517166442555926,1.003287286706077,1.024029427465457,2394.10009765625
2025-05-26,2368.0,2397.300048828125,2364.10009765625,2394.10009765625,2327.037109375,892618,0.01479321261728539,0.004784549762032908,0.026541526361524737,2354.5650024414062,2307.63099609375,2354.427476771246,51.899915150372394,12.953513326260236,14.566220575451723,-1.6127072491914873,0.011116043121839548,0.05745642196944023,1.0167908276789346,1.0374709395518047,2380.199951171875
2025-05-27,2394.10009765625,2409.5,2360.300048828125,2380.199951171875,2313.526123046875,1865258,-0.005806000550262258,0.016701487285729177,0.026567692107790863,2357.6449951171876,2310.2799951171874,2356.881998142734,51.43905381706951,13.499086143875047,14.352793689136389,-0.8537075452613418,0.011115180601133196,1.0896486514948163,1.0095667312514818,1.0302647108586251,2362.0
2025-05-28,2388.0,2388.0,2352.0,2362.0,2295.8359375,897517,-0.007646395910105963,-0.0008037152257869273,0.017357991848939713,2359.6599975585937,2313.18099609375,2357.369426891045,51.07937059355362,12.320845538336926,13.946404058976498,-1.6255585206395722,0.011296635756527578,-0.5188242055522614,1.000991669326864,1.0211047055931595,2366.699951171875
2025-05-29,2369.0,2376.0,2355.5,2366.699951171875,2300.404296875,1111275,0.0019898184470257263,0.015446003670227526,0.010503331407672123,2360.889990234375,2316.6569970703126,2358.258048251124,55.423630410408734,11.63223894043449,13.483571035268097,-1.851332094833607,0.011148832290255222,0.23816596231603415,1.0024609198063155,1.0216013653142644,2348.300048828125
2025-05-30,2360.0,2374.89990234375,2343.5,2348.300048828125,2282.519775390625,3288892,-0.007774497284558257,-0.004620168942583991,0.012809432382020924,2362.3749877929686,2320.1269970703124,2357.309667353695,43.90157045999319,9.49237274154575,12.685331376523628,-3.1929586349778774,0.011046593315315595,1.9595662639760634,0.9940420386104778,1.012142892088833,2371.60009765625
2025-06-02,2347.89990234375,2384.0,2343.60009765625,2371.60009765625,2305.167236328125,1178205,0.009922091872268446,-0.009398103288173587,0.009793067803647082,2363.5249877929687,2324.1339990234374,2358.6706607158435,52.06260841782472,9.566357560710458,12.061536613360996,-2.4951790526505384,0.010890088154387726,-0.6417623321167129,1.003416553624348,1.0204231333704326,2352.300048828125
2025-06-03,2365.10009765625,2379.5,2342.60009765625,2352.300048828125,2286.407958984375,1643913,-0.008137986183757717,-0.011721663270354066,-0.012385590475789243,2362.0499877929688,2327.755,2358.0639357741557,50.30928699971056,7.97569952036838,11.244369194762474,-3.2686696743940935,0.010560838013984603,0.3952690745668199,0.9958722554496174,1.0105445155646213,2364.5
2025-06-04,2359.5,2367.60009765625,2342.10009765625,2364.5,2298.26611328125,3287896,0.005186392432356968,0.0010584250635055081,-0.00265735139968426,2361.7349853515625,2331.0439990234377,2358.676894271855,51.55779839774915,7.61178178144246,10.517851712098471,-2.9060699306560114,0.010590554175924204,1.0000425813288172,1.0011707556798655,1.01435236786203,2376.39990234375
2025-06-05,2364.5,2380.0,2348.89990234375,2376.39990234375,2309.832763671875,1787978,0.00503273518449987,0.004098513276713511,0.009129899737395197,2362.8099853515623,2333.7239990234375,2360.3647998025117,49.12033688348415,8.189197052936834,10.052120780266144,-1.86292372732931,0.01052908387953972,-0.45619386987909594,1.0057515911463213,1.0182866111580335,2389.800048828125
2025-06-06,2373.300048828125,2396.5,2370.10009765625,2389.800048828125,2322.857177734375,997488,0.005638843222960377,0.01767235836012948,0.02439030771410744,2365.654992675781,2336.5960009765627,2363.16815685257,51.1981272926822,9.617221306531519,9.96514088551922,-0.34791957898770143,0.010322368176854026,-0.44211394099927404,1.0102064993530748,1.022769895963755,2393.199951171875
2025-06-09,2394.0,2399.0,2378.300048828125,2393.199951171875,2326.162109375,1293622,0.0014226723049139967,0.009107713200455336,0.004491060302990624,2366.189990234375,2339.3360009765624,2366.028327740123,60.092964565063376,10.89766304481509,10.151645317378396,0.7460177274366941,0.009189882410962797,0.2968797619620487,1.0114149586672982,1.0230253158044962,2395.199951171875
2025-06-10,2393.39990234375,2400.199951171875,2378.39990234375,2395.199951171875,2328.105712890625,1778782,0.0008357011703183925,0.01823742781671145,0.01491523354740476,2367.949987792969,2341.8139990234376,2368.806577590766,56.59503632272648,11.936212406207687,10.508558735144256,1.4276536710634318,0.008901273729046867,0.3750400039578794,1.011507828931938,1.0227968370548215,2376.39990234375
2025-06-11,2395.199951171875,2402.89990234375,2371.300048828125,2376.39990234375,2309.832763671875,1977707,-0.007849051941958729,0.00503273518449987,0.011018890595086095,2369.244982910156,2344.422998046875,2369.5297513767646,60.25121604733412,11.114146473359597,10.629676282787324,0.4844701905722726,0.009049700702419816,0.1118321413191723,1.0030199154098474,1.013639562623091,2332.699951171875
2025-06-12,2386.89990234375,2388.0,2324.10009765625,2332.699951171875,2267.356689453125,3339584,-0.01838914028265004,-0.01838914028265004,-0.009553329002407907,2368.119982910156,2346.1839990234375,2366.0221513572515,44.435113580201346,6.857384791767345,9.875217984583328,-3.017833192815983,0.009982509724235126,0.6886141374834593,0.9850429741761844,0.9942527747793118,2319.0
2025-06-13,2305.0,2324.89990234375,2302.0,2319.0,2254.04052734375,1740682,-0.00587300186849693,-0.02962592994457547,-0.02620303388873768,2364.9999877929686,2347.3869970703126,2361.5438512279893,32.687844290213434,2.351294665221303,8.370433320710923,-6.01913865548962,0.009665339091403994,-0.47877280523562216,0.9805496879364063,0.987906980354862,2327.39990234375
2025-06-16,2320.0,2336.60009765625,2313.10009765625,2327.39990234375,2262.205078125,1105297,0.0036222088588830914,-0.027494588906332162,-0.023208985588356157,2362.2349853515625,2349.2579931640626,2358.2920465723478,37.51179418242207,-0.5358355280432079,6.589179550960098,-7.1250150790033056,0.009720286080926219,-0.3650207217630791,0.9852533371049755,0.9906957469618425,2328.60009765625
2025-06-17,2320.0,2333.10009765625,2313.10009765625,2328.60009765625,2263.37158203125,1119284,0.0005156807436879074,-0.02780555063181278,-0.005339370158718992,2361.6099853515625,2351.0719970703126,2355.4642419136717,41.40948582250566,-2.6959836542137054,4.732146909925337,-7.4281305641390425,0.008929704955305446,0.012654517292637113,0.9860222950021112,0.9904418497425579,2297.300048828125
2025-06-18,2327.699951171875,2331.39990234375,2285.5,2297.300048828125,2232.9482421875,2056563,-0.013441573269548757,-0.03328558187433517,-0.028173719813428977,2358.279992675781,2352.1269970703124,2349.9247949531436,34.298664628110856,-6.854553931329065,2.4148067416744565,-9.269360673003522,0.009070964752145602,0.8373915824759399,0.9741421951434756,0.9766904812918362,2294.199951171875
2025-06-19,2300.10009765625,2307.800048828125,2290.300048828125,2294.199951171875,2229.93505859375,1214549,-0.001349452657623651,-0.016504480132843002,-0.015660531498980723,2356.4549926757813,2353.1199951171875,2344.6176669739752,36.849769983431216,-10.281879700150057,-0.12453054669044628,-10.157349153459611,0.008569035062280498,-0.4094277685633749,0.9735810606621368,0.9749608842440786,2306.199951171875
2025-06-20,2295.0,2313.0,2292.39990234375,2306.199951171875,2241.59912109375,2685864,0.005230581577630344,-0.005519641581770207,-0.02246524292003038,2353.8049926757812,2354.25599609375,2340.9588368975847,33.178987344633626,-11.892669066603958,-2.4781582506731485,-9.414510815930809,0.008143358663606602,1.211408514600893,0.9797752822973711,0.979587587330515,2275.10009765625
2025-06-23,2283.39990234375,2286.0,2258.699951171875,2275.10009765625,2234.62548828125,842856,-0.013485323984948394,-0.022471344367950175,-0.049705524057451655,2347.8549926757814,2353.972998046875,2334.686576017458,31.280317785447465,-15.500054530837133,-5.082537506705945,-10.417517024131188,0.007679677816623534,-0.6861881316403213,0.969012185485691,0.966493710651708,2263.10009765625
2025-06-24,2295.0,2301.0,2260.300048828125,2263.10009765625,2222.839111328125,2440747,-0.005274493202458208,-0.0281284880413456,-0.049197485891036896,2342.0,2352.235,2327.868816173533,25.38837321753641,-19.106979842919372,-7.8874259739486305,-11.219553868970742,0.007668611791895484,1.8958054519395957,0.9663108871290563,0.9621062936552895,2278.699951171875
2025-06-25,2279.0,2290.5,2271.39990234375,2278.699951171875,2238.1611328125,1047270,0.006893134568718651,-0.008096503400040422,-0.035266743788367916,2337.834997558594,2350.4860009765625,2323.1860671257564,26.70482262253894,-20.47074235862692,-10.40408925088429,-10.066653107742631,0.00784140360674268,-0.570922344675626,0.9747052095428147,0.9694590609027824,2280.800048828125
2025-06-26,2288.89990234375,2291.0,2271.60009765625,2280.800048828125,2240.22412109375,1874722,0.0009216209686448984,-0.005840773528438703,-0.03629522293318865,2333.540002441406,2348.872001953125,2319.149303478363,22.530228414340314,-21.13840329312825,-12.550952059333081,-8.587451233795168,0.007818091222498871,0.7901037936730737,0.9773991645490957,0.9710193007246043,2306.89990234375
2025-06-27,2280.800048828125,2310.5,2279.300048828125,2306.89990234375,2265.859375,1050745,0.011443288739420687,0.00030350844969850854,-0.017629836742981353,2331.4699951171874,2347.677998046875,2317.982693846495,30.483919944789506,-19.33856638537327,-13.908474924541121,-5.430091460832148,0.008218177814635862,-0.4395195661010006,0.9894615445084455,0.9826304562478118,2294.60009765625
2025-06-30,2309.89990234375,2317.0,2288.0,2294.60009765625,2253.7783203125,1403754,-0.005331746156390982,0.008571051453994727,-0.032467531130604965,2327.6199951171875,2346.07,2315.755779923614,28.262748031520985,-18.689236231743052,-14.864627185981508,-3.8246090457615445,0.00786544258997173,0.3359606755207021,0.9858138796151409,0.9780612247956155,2295.5
2025-07-01,2300.0,2302.60009765625,2286.60009765625,2295.5,2254.662353515625,759914,0.0003921826485884239,0.014316601540207863,-0.02414660019941839,2324.779992675781,2344.96,2313.8266580261275,31.05384370847598,-17.89573195026105,-15.470848138837418,-2.4248838114236335,0.007723360468299054,-0.45865586135462477,0.9874052629633653,0.9789079557860262,2307.10009765625
2025-07-02,2295.0,2309.0,2287.60009765625,2307.10009765625,2266.05615234375,1128034,0.005053407822369849,0.012463311139217614,-0.02427570409970392,2321.9099975585937,2343.1280029296877,2313.186033228996,42.94379775320216,-16.144736680791993,-15.605625847228334,-0.5391108335636599,0.007717634410259289,0.4844232373663335,0.9936216735713633,0.984624013187333,2313.39990234375
2025-07-03,2310.0,2326.89990234375,2304.0,2313.39990234375,2272.243896484375,1060039,0.0027306161071640744,0.014293165914467165,-0.02651068952572566,2318.7599975585936,2340.92,2313.2064017161156,48.39077201972213,-14.086340164902595,-15.301768710763188,1.2154285458605933,0.007636530657871304,-0.060277438446004306,0.9976883786073215,0.9882438965636373,2339.300048828125
2025-07-04,2318.0,2341.39990234375,2310.300048828125,2339.300048828125,2297.683349609375,1242346,0.011195706569424146,0.014044886148487645,-0.02113147500551915,2316.234997558594,2341.2,2315.6915109648785,53.10709181611534,-10.246999697405045,-14.29081490809156,4.043815210686516,0.007995491807437333,0.17198140823120656,1.0099579927312394,0.9991884712233577,2410.39990234375
2025-07-07,2341.0,2415.699951171875,2341.0,2410.39990234375,2367.51806640625,2701583,0.030393644266045516,0.05046622494515729,0.0071870096618766866,2317.0949951171874,2342.7639990234375,2324.7113577628666,65.64651645851468,-1.450411304843783,-11.722734187442004,10.272322882598221,0.010648673503782178,1.1745817992733105,1.0402680543625462,1.028870130900298,2392.699951171875
2025-07-08,2405.39990234375,2418.5,2386.0,2392.699951171875,2350.133056640625,1471046,-0.007343159595494697,0.042343694694783274,-0.001043754196294544,2316.9699951171874,2344.24599609375,2331.1864618970576,69.24942807092906,4.0460696648460726,-8.56897341698439,12.615043081830462,0.010787673460140264,-0.45548739387240744,1.0326849101258462,1.020669313356561,2423.39990234375
2025-07-09,2399.0,2439.699951171875,2397.10009765625,2423.39990234375,2380.286865234375,1741690,0.012830673213680255,0.05040951834107554,0.019777815995382753,2319.3199951171873,2346.2799951171874,2339.968694320552,73.45685195938069,10.755319296805737,-4.704114874226365,15.459434171032102,0.010984740791642638,0.1839806505031114,1.0448751821420414,1.0328690128147773,2408.39990234375
2025-07-10,2423.39990234375,2434.0,2397.60009765625,2408.39990234375,2365.5537109375,1053695,-0.00618965115311465,0.04106510072199532,0.032451645199308876,2323.1049926757814,2347.6059912109376,2346.4859522275233,68.35493101515974,14.692704970884733,-0.8247509052041453,15.517455876088878,0.01015677252753152,-0.395015760554404,1.036715908207715,1.0258961305092997,2519.60009765625
2025-07-11,2500.0,2530.0,2461.0,2519.60009765625,2474.77587890625,7242235,0.04617181523894143,0.07707435774151605,0.08650284504366113,2333.1349975585936,2351.6259912109376,2362.973013696926,84.10046485527923,26.4807839145833,4.636356058753344,21.844427855829956,0.0140498090742679,5.873179620288603,1.079920407645839,1.071428920701296,2516.60009765625
2025-07-14,2500.0,2532.5,2490.0,2516.60009765625,2471.828857421875,2427712,-0.0011906651388013945,0.04405916014568212,0.08129251665000536,2342.595007324219,2354.9859912109373,2377.604164550195,86.26614508749257,35.17536674608937,10.74415819622055,24.431208549868817,0.014102228386195717,-0.664784144673571,1.074278776223802,1.0686263557611273,2526.89990234375
2025-07-15,2520.699951171875,2529.89990234375,2510.0,2526.89990234375,2481.94580078125,1700294,0.004092745882467552,0.05608724616981231,0.08515837686646588,2352.5099975585936,2357.88798828125,2391.8228062448193,86.05466857610185,42.408139802869755,17.07695451755039,25.331185285319364,0.014078264196584835,-0.29963109297972745,1.0741292938036975,1.0716793651362968,2517.60009765625
2025-07-16,2526.300048828125,2532.89990234375,2507.5,2517.60009765625,2472.811279296875,1284379,-0.003680321756660887,0.038871089835976314,0.09589520051614597,2363.525,2360.8239892578126,2403.801595903051,83.69388278304295,46.84969393435995,23.031502400912302,23.818191533447646,0.013595885049161963,-0.2446135785928787,1.0651886896293672,1.0664073684068773,2509.800048828125
2025-07-17,2513.0,2525.39990234375,2506.199951171875,2509.800048828125,2465.14990234375,807474,-0.0030982080257251354,0.04210270328681576,0.09397615824467342,2374.3050048828127,2363.9219921875,2413.8966866578194,80.45639945029775,49.17341827406062,28.25988557554197,20.913532698518654,0.013642214564340203,-0.3713117389804723,1.057067244379582,1.061710182113765,2489.60009765625
2025-07-18,2514.89990234375,2514.89990234375,2481.5,2489.60009765625,2445.309326171875,771112,-0.008048430464134726,-0.011906651388014389,0.07952482454575627,2383.4750122070313,2367.05599609375,2421.1065353243366,78.59241630833071,48.82222707038227,32.37235387451003,16.449873195872236,0.013929398462959664,-0.04503179049727912,1.0445253610403702,1.0517706812871048,2464.89990234375
2025-07-21,2490.89990234375,2493.60009765625,2455.39990234375,2464.89990234375,2421.048828125,1169960,-0.009921350555759156,-0.020543667371168417,0.08342481497101017,2392.9650024414063,2368.703994140625,2425.2773321833283,73.2182008004176,46.02031266000313,35.10194563160865,10.918367028394478,0.013716125530447541,0.5172374441066927,1.0300609912092122,1.040611198546159,2479.699951171875
2025-07-22,2470.0,2485.0,2452.60009765625,2479.699951171875,2435.585205078125,861632,0.006004320424554566,-0.01867899520993932,0.09570935626751287,2403.7949951171877,2371.0979931640627,2430.4604387536665,73.45108261180222,44.48126324032546,36.97780915335201,7.5034540869734485,0.013541065406648093,-0.2635372149475196,1.0315771337442972,1.0458023912638426,2450.39990234375
2025-07-23,2481.0,2487.0,2442.0,2450.39990234375,2406.806640625,1320795,-0.011815965401087425,-0.026692164246045147,0.07534996043843956,2412.379992675781,2373.0959912109374,2432.3594352860555,67.51918158567776,40.43122047519728,37.668491417721064,2.7627290574762142,0.014016984855606257,0.5328991959444402,1.0157603320303605,1.0325751303019841,2437.800048828125
2025-07-24,2455.89990234375,2466.0,2421.0,2437.800048828125,2394.430908203125,693984,-0.0051419580549173505,-0.028687544266173037,0.06883549484342866,2420.2299926757814,2374.7479931640623,2432.8775889567287,63.03945941263999,35.79223887762282,37.29324090970142,-1.5010020320785955,0.014145920190916933,-0.4745709970131625,1.0072596638358813,1.026551051246517,2415.39990234375
2025-07-25,2426.10009765625,2428.60009765625,2405.39990234375,2415.39990234375,2372.42919921875,769388,-0.009188672588280156,-0.029804061858108577,0.047032816590683924,2425.654992675781,2375.4279931640626,2431.21304737454,50.75987841945289,29.962914101537535,35.82717554806864,-5.864261446531103,0.014282228282013244,0.10865380181675666,0.995772238688933,1.0168272451510707,2441.60009765625
2025-07-28,2415.39990234375,2448.300048828125,2412.300048828125,2441.60009765625,2398.163330078125,987995,0.01084714596828329,-0.009452637271536002,0.06406345059871166,2433.004992675781,2376.60599609375,2432.202290258512,57.24446090533789,27.14436566541326,34.09061357153757,-6.946247906124306,0.014279692879242502,0.2841310236187724,1.0035327116082142,1.02734744491486,2453.60009765625
2025-07-29,2444.800048828125,2457.5,2429.699951171875,2453.60009765625,2409.949951171875,732282,0.004914809764104744,-0.010525407924168673,0.06887392622794608,2440.9099975585937,2378.85599609375,2434.2401766773446,54.736538199395625,25.58402867796076,32.389296592822205,-6.805267914861446,0.014268615755317144,-0.25882013572943185,1.0051989217588313,1.0314201875545368,2437.39990234375
2025-07-30,2442.0,2452.89990234375,2398.5,2437.39990234375,2394.037841796875,1224146,-0.006602622541454495,-0.00530525649611957,0.05647774226175528,2447.4249877929688,2380.32599609375,2434.541102931288,54.53124308587176,22.777663279068747,30.466969930071514,-7.689306651002767,0.014435917671202952,0.6716865906850094,0.995903823202255,1.0239773486252142,2521.199951171875
2025-07-31,2420.10009765625,2549.0,2420.10009765625,2521.199951171875,2476.34716796875,5505507,0.03438091908822383,0.03421113326494574,0.08982452563328924,2457.814990234375,2384.13599609375,2442.794326573249,50.27338544886862,27.004273619170363,29.774430667891284,-2.7701570487209217,0.016065230992644508,3.497426777524903,1.0257891506030141,1.0574899902114205,2553.699951171875
2025-08-01,2550.0,2727.5,2536.89990234375,2553.699951171875,2508.268798828125,4259653,0.012890687224110797,0.05725761961567,0.09165130503509111,2468.5349853515627,2388.02599609375,2453.3567670112134,55.75905218055018,32.600572049515904,30.33965894421621,2.260913105299693,0.0161072135828669,-0.22629232875373695,1.0345002061245583,1.0693769478846247,2543.699951171875
2025-08-04,2547.0,2583.199951171875,2535.10009765625,2543.699951171875,2498.44677734375,1293028,-0.003915886827428938,0.04181677974768805,0.05530204705804653,2475.199987792969,2391.0179931640623,2461.9608797884193,52.61032019695091,35.815899058482046,31.43490696706938,4.380992091412665,0.014994634889635688,-0.6964475744855274,1.0276745166922794,1.0638564655072993,2534.699951171875
2025-08-05,2537.5,2553.0,2517.300048828125,2534.699951171875,2489.60693359375,756361,-0.0035381531520074505,0.0330534114312655,0.059347182220007344,2482.2999877929688,2394.1079931640625,2468.8884103963674,52.65938018038268,37.20892279418513,32.589710132492534,4.619212661692593,0.014882891034933728,-0.41504669659125715,1.0211094402919025,1.0587241504598988,2535.60009765625
2025-08-06,2538.699951171875,2563.10009765625,2526.60009765625,2535.60009765625,2490.4912109375,885487,0.00035512940455095787,0.040288914108051355,0.04629867121971398,2487.9099975585937,2397.5799951171875,2475.2419044211183,54.10044195079174,37.948096405877095,33.66138738716945,4.286709018707647,0.014709166020951694,0.17072006621176916,1.0191687400848322,1.0575664223175654,2517.5
2025-08-07,2535.699951171875,2544.0,2495.0,2517.5,2472.712890625,847151,-0.007138388136591622,-0.0014675357938807032,0.04529982647403297,2493.3650024414064,2400.59599609375,2479.2664849524404,54.46397042509242,36.65088165720772,34.2592862411771,2.3915954160306185,0.014739709161754473,-0.04329369036473718,1.0096796889083473,1.0486979083929475,2498.60009765625
2025-08-08,2516.0,2529.89990234375,2486.60009765625,2498.60009765625,2454.1494140625,839794,-0.007507409073982174,-0.021576479057510256,-0.008334655971610094,2492.3150024414062,2403.6019970703123,2481.107781400422,55.493987642547715,33.709186933167985,34.14926637957528,-0.4400794464072959,0.01065566585581263,-0.008684402190400564,1.002521790066138,1.0395232241867531,2518.39990234375
2025-08-11,2490.10009765625,2524.5,2478.5,2518.39990234375,2473.596923828125,992436,0.007924359206610498,-0.009946160834130358,0.0007151730976948656,2492.404992675781,2406.5379931640623,2484.6594119664533,56.207875619260214,32.59976167506602,33.839365438673426,-1.2396037636074055,0.01081227549008988,0.18176124144730732,1.0104296491719276,1.0464825028723581,2483.800048828125
2025-08-12,2518.0,2536.60009765625,2480.10009765625,2483.800048828125,2439.612548828125,1406211,-0.013738824196834143,-0.020081233804505105,-0.017056415046614593,2490.25,2409.1679931640624,2484.5775678580408,55.26815784872996,28.59894432145984,32.79128121523071,-4.192336893770872,0.011193371204773497,0.41692864829570864,0.9974099182122779,1.0309783526411727,2495.10009765625
2025-08-13,2485.0,2501.5,2473.39990234375,2495.10009765625,2450.71142578125,969803,0.0045495002037125865,-0.015972550260364704,-0.00893708258946535,2489.125,2411.7799951171874,2485.5797135531084,59.07506637104837,26.03991531194424,31.441008034573418,-5.401092722629176,0.01123314997401441,-0.31034318462876487,1.0024004811555265,1.034547140579883,2480.60009765625
2025-08-14,2498.89990234375,2509.0,2473.199951171875,2480.60009765625,2436.469482421875,1104362,-0.005811390097583802,-0.01465735942154911,-0.011634373497406258,2487.665002441406,2413.8639990234374,2485.105464420074,60.591314693634736,22.581531725435525,29.66911277274584,-7.087581047310316,0.011283853171637024,0.1387487974361803,0.9971600256552942,1.0276470002700284,2568.10009765625
2025-08-18,2539.0,2597.0,2521.300048828125,2568.10009765625,2522.412841796875,3089136,0.03527372271035256,0.027815575635810053,0.031531168428978296,2491.5900024414063,2417.43,2493.009715204472,67.13627289768586,26.594689522610224,29.05422812271872,-2.4595386001084947,0.01366959176792186,1.7972132326175658,1.0307073375394324,1.0623265607096173,2604.800048828125
2025-08-19,2572.199951171875,2615.0,2558.39990234375,2604.800048828125,2558.4599609375,1400717,0.014290701209570766,0.03430755631937821,0.0567569280810758,2498.585009765625,2421.662001953125,2503.6564136448196,69.19755363436568,32.363459519605385,29.716074402096055,2.64738511750933,0.01366384573512782,-0.5465667422865164,1.0425100761620527,1.075624941353209,2669.800048828125
2025-08-20,2599.0,2680.0,2588.5,2669.800048828125,2622.303466796875,3156954,0.024953930736158814,0.07488525498973075,0.07666254038776388,2508.0900146484373,2427.15400390625,2519.4796169956107,76.25397914599294,41.69952194437792,32.11276391055243,9.58675803382549,0.014523903833831522,1.2538128686951042,1.0644753709935546,1.09997142518825,2648.0
2025-08-21,2667.10009765625,2667.10009765625,2627.300048828125,2648.0,2600.891357421875,2235686,-0.008165423788082493,0.061280067476000344,0.0806399385942067,2517.97001953125,2432.586005859375,2531.7196534722193,66.65792139130703,46.79985730576618,35.05018258959518,11.749674716171,0.014339098630717431,-0.29182180038100014,1.0516407977299733,1.0885534955893674,2629.89990234375
2025-08-22,2647.0,2658.5,2619.0,2629.89990234375,2583.11328125,1223445,-0.006835384311272619,0.06018697041436183,0.07880049621295626,2527.5750122070312,2438.5300048828126,2541.070153364746,60.40414545769707,48.81863240771372,37.803872553218895,11.014759854494827,0.014400675650551859,-0.4527652809920535,1.0404834236936733,1.0784775652043428,2631.60009765625
2025-08-25,2643.0,2643.0,2615.199951171875,2631.60009765625,2584.782958984375,667598,0.0006464867012561104,0.02472645052190625,0.08950906849947016,2538.3850219726564,2444.7820068359374,2549.69205282108,62.279981909453134,49.97958423721502,40.239014890018126,9.740569347196896,0.014094988741741617,-0.4543293732043533,1.0367221973328353,1.0764150301736286,2692.60009765625
2025-08-26,2624.60009765625,2705.0,2624.60009765625,2692.60009765625,2644.697998046875,4348648,0.023179813701301955,0.033707020570590496,0.10280143756585725,2550.935021972656,2452.0860107421877,2563.3023428053816,69.26080630107728,55.18569083597231,43.228350079208965,11.957340756763344,0.014651199431745709,5.513872120647456,1.0555345684869868,1.0980855018381939,2654.39990234375
2025-08-28,2748.0,2748.0,2646.800048828125,2654.39990234375,2607.17724609375,3198743,-0.014187103144559399,-0.005768277100427266,0.08183884769132099,2560.9750122070313,2458.6020068359376,2571.9783008566546,63.282619946586074,55.58834349285098,45.70034876193737,9.887994730913611,0.01526708249605333,-0.264428162500161,1.0364802037081204,1.0796378978636691,2659.800048828125
2025-08-29,2664.800048828125,2723.0,2641.39990234375,2659.800048828125,2612.4814453125,1972773,0.002034413307356875,0.00445621179309863,0.0912448327705766,2572.09501953125,2465.8520068359376,2580.3422768539376,66.37514026137922,55.70110761887008,47.70050053332391,8.000607085546172,0.015070784956807061,-0.3832661767450527,1.0340986738945823,1.078653561306403,2649.5
2025-09-01,2659.800048828125,2673.300048828125,2639.300048828125,2649.5,2602.364501953125,1096729,-0.003872489901134868,0.0074527922674101355,0.05088848616250763,2578.5100219726564,2472.9580078125,2586.928726677372,67.71539844355479,54.33302880688234,49.0270061880356,5.30602261884674,0.013412749443358891,-0.44406731032916613,1.0275313950391527,1.0713889971563502,2677.0
2025-09-02,2649.0,2692.39990234375,2645.10009765625,2677.0,2629.37548828125,1525106,0.010379316852236364,0.017251824235826607,0.048282903702740576,2584.6750244140626,2480.3740087890624,2595.506943184289,68.28873193440644,54.83572456607317,50.18874986364312,4.64697470243005,0.013322489218316075,0.3905951242285013,1.0357201484572967,1.079272718757012,2664.699951171875
2025-09-03,2681.0,2686.89990234375,2658.300048828125,2664.699951171875,2617.294189453125,1010692,-0.004594713794592864,-0.010361786181564914,0.04756850348810038,2590.7250244140623,2488.166005859375,2602.0967534688207,71.99119362160828,53.62346550147413,50.87569299120933,2.7477725102648023,0.013340397182222024,-0.33729721081682196,1.0285537546674,1.0709494241528823,2666.60009765625
2025-09-04,2750.0,2750.0,2655.5,2666.60009765625,2619.16064453125,2494678,0.0007130808418183143,0.004596216004124853,0.05203777528910014,2597.320031738281,2496.236005859375,2608.2399291057186,71.336106612497,52.214174894043026,51.14338937177607,1.0707855222669593,0.013274339931840623,1.4682870745983938,1.0266736732752961,1.0682483913367895,2633.39990234375
2025-09-05,2667.60009765625,2672.89990234375,2623.800048828125,2633.39990234375,2586.551025390625,944879,-0.012450384045841978,-0.009925613203897288,0.038570673970986125,2602.2100219726562,2503.3300048828123,2610.63611703315,68.16445725576422,47.86654787019734,50.488021071460324,-2.6214732012629867,0.013691727923749201,-0.6212421001828693,1.011985919701996,1.051958749828122,2623.89990234375
2025-09-08,2630.0,2644.60009765625,2618.800048828125,2623.89990234375,2577.219970703125,903410,-0.003607503741283269,-0.009662237273542207,0.042264112152432975,2607.5300170898436,2510.192001953125,2611.899334681779,58.14355366729994,43.156964898578735,49.02180983688401,-5.864844938305275,0.01359032400620167,-0.043888159224620304,1.006277927826954,1.0452984872480477,2642.0
2025-09-09,2637.0,2646.199951171875,2611.300048828125,2642.0,2594.998291015625,1610956,0.006898166214375223,-0.013074336944340681,0.057392098270652836,2614.7000122070312,2516.89400390625,2614.7660647120856,55.74071157681848,40.41918586036081,47.301285041579376,-6.882099181218564,0.013431880895025214,0.7831947842065066,1.0104409636537712,1.049706501703919,2643.5
2025-09-10,2642.0,2652.89990234375,2619.0,2643.5,2596.471435546875,1031486,0.0005677517032551815,-0.00795584927396864,0.04967443714551667,2620.9550170898438,2523.872001953125,2617.502629977601,44.95202963787696,37.93324290038527,45.42767661334056,-7.494433712955292,0.013387098071437611,-0.3597056654557915,1.0086018198569424,1.0473985994354307,2622.0
2025-09-11,2643.800048828125,2657.699951171875,2614.0,2622.0,2575.353759765625,1212707,-0.008133156799697394,-0.016725454144942975,0.05564053001652791,2627.8650146484374,2530.402001953125,2617.930950932115,45.003865698865816,33.8381794086622,43.10977717240489,-9.27159776374269,0.013084224243890047,0.1756892483271708,0.9977681446285315,1.0361989905067155,2580.5
2025-09-12,2625.0,2628.89990234375,2569.0,2580.5,2534.59228515625,1368380,-0.015827612509534683,-0.020088062696694386,0.03422704460793757,2632.135009765625,2535.87,2614.36609846239,41.290600277196695,26.93363474239868,39.87454868640366,-12.940913944004976,0.013718139453108378,0.12836818786400994,0.9803828414674585,1.0175994826233206,2581.0
2025-09-15,2580.5,2593.39990234375,2568.39990234375,2581.0,2535.083251953125,752745,0.0001937608990505435,-0.016349671839779534,0.04047403789051329,2637.1550048828126,2541.222001953125,2611.188374799305,41.04108707943364,21.25704123187961,36.15104719549885,-14.894005963619236,0.013608689663912175,-0.4499006124029875,0.9787062175796117,1.0156530983976617,2580.89990234375
2025-09-16,2588.199951171875,2590.0,2572.60009765625,2580.89990234375,2534.985107421875,1040928,-3.8782509201862325e-05,-0.023126456342259627,0.0049841533432366525,2637.7949951171877,2546.0539990234374,2608.3037583749665,24.785620125475603,16.559337201409107,32.232705196680904,-15.673367995271796,0.011141543787671902,0.3828427953689497,0.9784308132820193,1.0136862389146806,2569.699951171875
2025-09-17,2587.0,2591.10009765625,2566.5,2569.699951171875,2523.984130859375,970247,-0.004339552712487649,-0.02791755204392854,-0.013475160088407212,2636.039990234375,2549.24,2604.6272053080056,28.226315624313543,11.796646061814954,28.145493369707715,-16.34884730789276,0.010680151941834635,-0.06790191060284667,0.9748334474028212,1.0080259022971063,2586.800048828125
2025-09-18,2570.89990234375,2609.89990234375,2570.89990234375,2586.800048828125,2540.780029296875,1550153,0.006654511414241782,-0.013424847891638114,-0.0310884704779415,2631.889990234375,2553.122001953125,2602.9293808813504,32.29879777124738,9.294868531158045,24.375368401997783,-15.080499870839738,0.009029892341208528,0.5976890420686691,0.9828678472225069,1.0131909273623572,2559.60009765625
2025-09-19,2600.0,2604.699951171875,2554.800048828125,2559.60009765625,2514.064208984375,2214708,-0.010514902836884166,-0.008099167736388302,-0.0333836489213557,2627.4699951171874,2555.846005859375,2598.80278247896,29.852159068525523,5.059065317859677,20.512107785170162,-15.453042467310485,0.009135299856915325,0.4287028441708658,0.974169106559898,1.001468825503676,2572.199951171875
2025-09-22,2569.0,2587.199951171875,2560.199951171875,2572.199951171875,2526.439697265625,1174161,0.004922586745938373,-0.0034095501077586743,-0.021939979966710155,2624.584997558594,2559.1220068359376,2596.269179497333,24.831933807776608,2.6878794304207076,16.947262114220273,-14.259382683799565,0.009162786434025795,-0.4698348495603032,0.9800406363537673,1.0051103246742452,2522.199951171875
2025-09-23,2568.89990234375,2575.300048828125,2518.199951171875,2522.199951171875,2477.3291015625,1430474,-0.01943861322958984,-0.02274398597116023,-0.04157172154758948,2619.114990234375,2559.17400390625,2589.2149672758605,21.024852860580935,-3.1891223837310463,12.91998521463001,-16.109107598361057,0.010025003182146889,0.21829459503424142,0.9629970278419019,0.9855523490478025,2549.5
2025-09-24,2522.199951171875,2576.0,2510.0,2549.5,2504.143798828125,1882881,0.010823903479754149,-0.007860820934624368,-0.05314569281224135,2611.9599853515624,2559.832001953125,2585.4325894400645,28.4187299661821,-5.579486036635444,9.22009096437692,-14.799577001012365,0.00867696112927044,0.31626370000433424,0.9760869287041718,0.995963796864309,2538.300048828125
2025-09-25,2546.0,2567.5,2531.800048828125,2538.300048828125,2493.142822265625,1624258,-0.004392999086830773,-0.01874903320106691,-0.04373864443451514,2606.154992675781,2560.0600048828123,2580.943776048451,30.926627579365274,-8.282137584255452,5.719645254650446,-14.001782838905898,0.008260371480350638,-0.13735493639799856,0.973963580816048,0.991500216396028,2511.800048828125
2025-09-26,2535.0,2545.39990234375,2499.39990234375,2511.800048828125,2467.1142578125,885612,-0.010440058105910088,-0.018674811300364524,-0.055643280428243846,2598.754992675781,2559.94400390625,2574.358659170325,28.952340788345793,-12.419176402655921,2.0918809231891724,-14.511057325845094,0.008393605702820408,-0.45475903458686984,0.9665397684303729,0.9811933561809705,2497.89990234375
2025-09-29,2495.0,2517.39990234375,2443.0,2497.89990234375,2453.461669921875,2403556,-0.005533938296903851,-0.028885798242191285,-0.05721837994197021,2591.1749877929688,2559.7060009765623,2567.0768728058893,22.510483791341358,-16.627760650553682,-1.6520473915593985,-14.975713258994285,0.00841271966747515,1.714005681946496,0.9640027841081217,0.9758542197388167,2514.39990234375
2025-09-30,2497.89990234375,2526.300048828125,2491.60009765625,2514.39990234375,2469.66796875,1678088,0.00660554891912124,-0.00309255767945793,-0.060739670398300305,2583.0449829101562,2560.2019970703127,2562.060018476162,26.70515118035034,-18.419355025395816,-5.005508918326683,-13.413846107069133,0.00813681133160632,-0.3018311202235354,0.9734247444312534,0.9821099683622718,2536.199951171875
2025-10-01,2515.39990234375,2550.0,2497.89990234375,2536.199951171875,2491.080322265625,1483899,0.008670080207927366,-0.005216728310698193,-0.04822306539371857,2576.619982910156,2561.627998046875,2559.5971549233727,34.53496692133905,-17.874083417967086,-7.579223818254764,-10.294859599712321,0.008538951489220402,-0.11572039130248235,0.9843127694396638,0.9900734818270305,2544.89990234375
2025-10-03,2536.199951171875,2548.60009765625,2508.300048828125,2544.89990234375,2499.625244140625,1242611,0.0034303096519874288,0.0026001077054196298,-0.04563871253866136,2570.5349731445312,2562.9319970703127,2558.1974165824563,42.72279569849543,-16.549169860908933,-9.3732130267856,-7.175956834123333,0.008612945494004239,-0.16260405863202276,0.9900273401962619,0.9929642710976432,2541.800048828125
2025-10-06,2535.199951171875,2549.60009765625,2520.199951171875,2541.800048828125,2496.58056640625,818923,-0.0012180650063171594,0.011943625852701256,-0.034783875185117274,2565.95498046875,2564.76,2556.635762510615,42.07120572110878,-15.569819407356135,-10.612534302899707,-4.957285104456428,0.00827567978168963,-0.34096591773290275,0.990586377460055,0.9910479143577273,2517.199951171875
2025-10-07,2540.0,2559.39990234375,2508.300048828125,2517.199951171875,2472.418212890625,1291750,-0.009678219050940573,0.007726510101552009,-0.04066464238081924,2560.619982910156,2566.347998046875,2552.8799709545447,38.27751884070474,-16.587489156697302,-11.807525273659227,-4.779963883038075,0.008457276997066903,0.5773766275950243,0.9830431567245156,0.9808490325893432,2500.10009765625
2025-10-08,2511.0,2525.0,2486.10009765625,2500.10009765625,2455.62255859375,1225128,-0.006793204293391253,-0.005687164032328607,-0.053709274164931875,2553.5249877929687,2568.042001953125,2547.853316354707,37.46399671430167,-18.55986842415996,-13.157993903759374,-5.401874520400584,0.008247262002635567,-0.051574995161602466,0.9790779842014022,0.9735433048816173,2517.60009765625
2025-10-09,2501.0,2523.0,2498.300048828125,2517.60009765625,2472.811279296875,1259173,0.006999719737784016,-0.007333748865908873,-0.04762621613154905,2547.2299926757814,2569.562001953125,2544.9720574310445,37.553954686406364,-18.497659947965076,-14.225927112600516,-4.27173283536456,0.008503795700108195,0.027788933074748057,0.9883677975272244,0.9797779138011151,2528.89990234375
2025-10-10,2510.0,2534.89990234375,2506.5,2528.89990234375,2483.909912109375,1018875,0.004488323899422886,-0.006287084213121519,-0.035507283621758146,2542.574987792969,2571.067998046875,2543.4413759941594,44.14341070829763,-17.336712648832417,-14.848084219846896,-2.488628428985521,0.008524431022878353,-0.1908379547528417,0.9946215606167473,0.9835989963178111,2492.800048828125
2025-10-13,2519.199951171875,2531.60009765625,2485.39990234375,2492.800048828125,2448.452392578125,1114750,-0.014274923844225018,-0.01927767686627868,-0.03398564277150751,2538.189990234375,2572.1760009765626,2538.618392454537,36.09943786031308,-19.109329573564082,-15.700333290590335,-3.4089962829737477,0.008395778680914902,0.09409888357256779,0.9821172010050916,0.9691405439914292,2502.300048828125
2025-10-14,2493.0,2509.199951171875,2482.300048828125,2502.300048828125,2457.783447265625,1461017,0.0038109755351078967,-0.005919236704582609,-0.030492038423818313,2534.254992675781,2571.7980029296873,2535.1595025853553,45.940445928393274,-19.522527112044827,-16.464772054881234,-3.057755057163593,0.008477145160791705,0.3106230096434177,0.9873907937677903,0.9729769001988519,2519.0
2025-10-15,2502.60009765625,2531.800048828125,2502.60009765625,2519.0,2474.186279296875,881070,0.00667384040522867,0.007559658255870572,-0.023983844661134568,2531.1599975585937,2571.10400390625,2533.6205023391312,43.49678816462089,-18.291588598716316,-16.83013536364825,-1.461453235068067,0.008669286597047075,-0.3969474687837308,0.9951958795294163,0.9797347739231517,2561.5
2025-10-16,2517.800048828125,2568.5,2507.10009765625,2561.5,2515.93017578125,1446646,0.016871774513695925,0.017437202351802572,-0.0031910150319828245,2530.75,2571.4600048828124,2536.2756925925473,54.364181626963905,-13.728413540140536,-16.20979099894671,2.481377458806172,0.009517973283249392,0.6419194842634524,1.0121505482564457,0.9961267121153353,2603.699951171875
2025-10-17,2565.5,2615.0,2560.0,2603.699951171875,2557.37939453125,2050690,0.016474702780353345,0.029578097875207154,0.0065331305183042865,2531.5949951171874,2572.8400048828125,2542.6970505524832,66.32327917420483,-6.630449357572161,-14.2939226706718,7.663473313099638,0.010119931839313149,0.41754790045387735,1.028482026625017,1.0119945065493756,2594.39990234375
2025-10-20,2609.0,2624.699951171875,2585.60009765625,2594.39990234375,2548.244873046875,1011485,-0.0035718588940861773,0.04075732169669499,0.01359579753078033,2533.3349853515624,2574.0160009765623,2547.6211316754607,67.42510007229893,-1.7356898691123206,-11.782276110359904,10.046586241247583,0.009841999000412275,-0.5067587007299982,1.0241045567780345,1.0079191043720996,2591.699951171875
2025-10-21,2594.0,2606.699951171875,2585.10009765625,2591.699951171875,2545.5927734375,82020,-0.0010406842713167608,0.03572709131569485,0.007581059159539993,2534.3099853515623,2575.5,2551.8191144846433,64.6902765727436,1.9036348772983729,-9.045093912828248,10.948728790126621,0.009798259801766787,-0.9189113036772666,1.022645203685433,1.0062900218100854,2601.60009765625
2025-10-23,2601.0,2667.199951171875,2596.10009765625,2601.60009765625,2555.31689453125,3386744,0.0038199431534882144,0.0327908287638945,0.03148051225973725,2538.279992675781,2577.56,2556.560160500987,63.017572914328035,5.5230191146665675,-6.131471307329285,11.654490421995853,0.0086270814193844,40.29168495488905,1.0249460678739852,1.009326687897178,2516.39990234375
2025-10-24,2584.0,2584.0,2474.5,2516.39990234375,2471.632568359375,3110800,-0.03274915133546308,-0.017606909098672685,-0.012982976135026525,2536.6249877929686,2577.52,2552.7353740098215,45.651506640303126,1.4991818499020155,-4.605340675883026,6.1045225257850415,0.011268866933341894,-0.08147766704539816,0.9920267735488896,0.976287246013125,2511.800048828125
2025-10-27,2516.39990234375,2525.0,2506.0,2511.800048828125,2467.1142578125,2127832,-0.0018279501248353869,-0.035295888184960655,-0.010440058105910088,2535.2999877929688,2578.08,2548.836771611565,45.44349533744387,-2.037421778723001,-4.091756896451021,2.0543351177280202,0.01123788916365191,-0.315985598559856,0.990730904004263,0.9742909641392529,2497.10009765625
2025-10-28,2519.0,2526.0,2481.89990234375,2497.10009765625,2452.676025390625,2294976,-0.005852357228328442,-0.03750378058509818,-0.005852357228328442,2534.564990234375,2578.12,2543.9094693301063,46.852508427947825,-5.957692273223074,-4.4649439718054325,-1.4927483014176417,0.01106909997982347,0.07855131420149708,0.9852184131310595,0.9685740375375274,2488.10009765625
2025-10-29,2512.60009765625,2513.60009765625,2484.0,2488.10009765625,2443.836181640625,1870143,-0.0036041807088339484,-0.039973706627875916,-0.003923217530976686,2534.075,2578.27,2538.5942910754534,48.07197761937562,-9.679184059247746,-5.507791989293896,-4.17139206995385,0.011028813953390918,-0.1851143541370367,0.9818573237399248,0.9650269745434924,2469.60009765625
2025-10-30,2491.0,2497.0,2454.89990234375,2469.60009765625,2425.665283203125,1195631,-0.007435392176314282,-0.05073800547552143,-0.01781729495206419,2531.835009765625,2576.3,2532.02341551172,42.31261290146,-13.960362135942432,-7.198306018623604,-6.762056117318829,0.011023829542870347,-0.3606740233233502,0.9754190490812685,0.9585840537422854,2465.5
2025-10-31,2469.0,2479.5,2452.89990234375,2465.5,2421.63818359375,1401937,-0.0016602273623738117,-0.02022727083097653,-0.02787633172976267,2528.300012207031,2573.5139990234375,2525.6878521296517,39.60657338627049,-17.482542355093756,-9.255153285917634,-8.227389069176121,0.010794395224396278,0.1725498920653612,0.9751611707851826,0.958028594729065,2460.0
2025-11-03,2456.10009765625,2474.89990234375,2440.300048828125,2460.0,2416.23583984375,1049185,-0.0022307848306631906,-0.020622680078492772,-0.03336080223255955,2524.0550170898437,2569.317998046875,2519.431866212542,44.023317908470446,-20.481600448672907,-11.50044271846869,-8.981157730204217,0.010736325634506333,-0.2516175833864146,0.9746221787337674,0.9574525231481757,2445.699951171875
2025-11-04,2460.0,2463.300048828125,2441.300048828125,2445.699951171875,2402.1904296875,1251588,-0.005813027978912588,-0.020583935154469213,-0.037807890396632904,2519.2500122070314,2565.2719970703124,2512.409779065812,39.86388645020479,-23.738625921969742,-13.9480793591689,-9.790546562800841,0.010775915083074693,0.1929145003026158,0.9708047789307256,0.9533881607739859,2436.0
2025-11-06,2463.89990234375,2463.89990234375,2432.60009765625,2436.0,2392.662841796875,1329256,-0.003966124776355828,-0.020939711270188677,-0.03225804574407076,2515.1900146484377,2561.3939990234376,2505.13265725002,34.75386839735518,-26.793686133596566,-16.517200714054432,-10.276485419542134,0.010632810305562918,0.062055564610718594,0.9685152953903141,0.9510446268433339,2414.0
2025-11-07,2417.0,2425.0,2400.60009765625,2414.0,2389.693115234375,817896,-0.009031198686371145,-0.022513806064802466,-0.03443866017083297,2510.885009765625,2557.0419970703124,2496.453356559542,20.699267869683126,-30.63689642893314,-19.341139857030175,-11.295756571902967,0.010702067781747286,-0.38469640159608076,0.9614139996898271,0.9440595824260218,2408.800048828125
2025-11-10,2405.0,2429.300048828125,2404.0,2408.800048828125,2384.54541015625,780558,-0.0021540808499896924,-0.022997343813374593,-0.04321577876065863,2505.4450073242188,2551.36599609375,2488.1054224898835,4.611149267919927,-33.71363112498511,-22.215638110621164,-11.49799301436395,0.010504527425369383,-0.04565128084744274,0.9614260308194474,0.944121718528859,2427.5
2025-11-11,2422.199951171875,2433.699951171875,2403.10009765625,2427.5,2403.05712890625,1422399,0.007763181166063449,-0.013211382113821113,-0.04009644756985986,2500.3750122070314,2546.827998046875,2482.333477490847,12.762197765803762,-34.24824333040351,-24.622159154577634,-9.626084175825877,0.010638183755341129,0.8222848270083709,0.9708543671044344,0.9531464244391903,2424.5
2025-11-12,2430.60009765625,2434.800048828125,2416.199951171875,2424.5,2400.08740234375,1680827,-0.0012358393408856694,-0.008668255139685832,-0.02739892790849119,2496.960009765625,2542.1219970703123,2476.8255272536235,12.745133238244762,-34.5161219149295,-26.600951706648008,-7.915170208281491,0.010237684283643668,0.1816846046714038,0.9709807087489454,0.9537307819192522,2407.60009765625
2025-11-13,2429.0,2431.0,2405.0,2407.60009765625,2383.357666015625,1256059,-0.006970469104454535,-0.011658416397270166,-0.0378451621803807,2492.2250122070313,2537.2839990234374,2470.232629196731,8.081226907388995,-35.680792538033984,-28.416919872925206,-7.263872665108778,0.010236148208756651,-0.25271369391376985,0.9660444325306565,0.9488886930209228,2427.699951171875
2025-11-14,2405.10009765625,2430.199951171875,2392.0,2427.699951171875,2403.255126953125,975973,0.008348501703082656,0.005675207610553068,-0.036244560868648246,2487.660009765625,2532.297998046875,2466.1818979562686,23.331273131394397,-34.583257930524724,-29.65018748444511,-4.933070446079615,0.01031631217934476,-0.2229879328916874,0.9758970042697277,0.95869441631448,2425.0
2025-11-17,2431.39990234375,2438.39990234375,2416.0,2425.0,2400.582275390625,920038,-0.0011121436858668732,0.00672532001141235,-0.05328908842475111,2480.835009765625,2527.5039990234377,2462.2598124366236,23.60090350039576,-33.544635662790824,-30.429077120114254,-3.1155585426765704,0.009341500328056165,-0.057312036296086055,0.9774934610541071,0.9594445749391326,2404.0
2025-11-18,2415.800048828125,2422.89990234375,2401.89990234375,2404.0,2379.793701171875,1229034,-0.008659793814432937,-0.00968074150360454,-0.07669852706414726,2470.8500122070313,2522.2519970703124,2456.7112588712307,22.729860151662066,-34.0238388927678,-31.148029474644964,-2.8758094181228344,0.008254666563591827,0.3358513452705214,0.9729445284510333,0.953116501758085,2441.60009765625
2025-11-19,2412.0,2450.699951171875,2411.0,2441.60009765625,2417.015380859375,1465143,0.015640639624064034,0.007053040897607721,-0.05889601080753293,2463.2100219726562,2518.4160009765624,2455.27210066028,38.33415816114032,-31.012108973387967,-31.120845374393568,0.10873640100560067,0.009346582863827032,0.19210941275831273,0.9912269257904772,0.9694983262135701,2428.39990234375
2025-11-20,2445.10009765625,2459.0,2425.0,2428.39990234375,2403.947998046875,1396929,-0.0054063707341637235,0.008639227381552317,-0.0630088559265074,2455.04501953125,2514.5060009765625,2452.7128436777534,39.38139296069588,-29.35208420138497,-30.76709313979185,1.4150089384068814,0.009349675669224872,-0.04655791277711463,0.9891467908019921,0.9657562564577808,2433.699951171875
2025-11-21,2436.199951171875,2443.199951171875,2413.0,2433.699951171875,2409.19482421875,1840712,0.0021825271953805903,0.0024714751084060627,-0.06453726175503849,2446.650012207031,2510.34,2450.9020920105268,41.85449365196695,-27.294202388582562,-30.072514989549994,2.778312600967432,0.009291897442530827,0.31768472127073033,0.9947070234931255,0.9694702515085107,2424.199951171875
2025-11-24,2441.89990234375,2444.89990234375,2413.0,2424.199951171875,2399.790283203125,4092327,-0.003903521465505877,-0.0003299170425257181,-0.03663962595372894,2442.0400146484376,2505.9539990234375,2448.359030978274,41.01404176619607,-26.128691539365263,-29.283750299513052,3.1550587601477886,0.006204008886769885,1.2232304673408985,0.9926946064071227,0.9673760779793157,2414.10009765625
2025-11-25,2422.0,2424.199951171875,2406.0,2414.10009765625,2389.792236328125,1240672,-0.004166262568705448,0.004201371737208914,-0.03889638875413537,2437.1550170898436,2501.7960009765625,2445.0962754237953,41.897463313130146,-25.723465467414826,-28.571693333093407,2.848227865678581,0.0062256375381846895,-0.696829701047839,0.9905402326598318,0.9649468208894407,2425.199951171875
2025-11-26,2412.0,2427.699951171875,2409.0,2425.199951171875,2400.7802734375,1242683,0.004597925962722682,-0.0067169666728461586,-0.028793457880146534,2433.560009765625,2498.69,2443.2013873998026,47.25049194918783,-24.22737734748989,-27.702830135972704,3.475452788482812,0.006319885736613261,0.0016208957726135953,0.996564679498265,0.9705885688788425,2451.699951171875
2025-11-27,2426.10009765625,2459.699951171875,2425.0,2451.699951171875,2427.013427734375,1872248,0.010926934081123996,0.00959481541966678,-0.014629695372249452,2431.7400024414064,2496.1039990234376,2444.0107744257143,59.38278131209099,-20.665172953275487,-26.29529869943326,5.630125746157773,0.006869467372432064,0.5066175364111363,1.008208093262614,0.9822106579417624,2466.60009765625
2025-11-28,2450.0,2470.0,2447.199951171875,2466.60009765625,2441.763671875,973225,0.006077475539881139,0.01351857137053103,-0.0012147715748987986,2431.5900024414063,2493.8180029296873,2446.162138542908,63.72271819358997,-16.450155854174227,-24.326270130381452,7.876114276207225,0.00683807711734638,-0.4801837149779302,1.0143980256456444,0.9890858493917911,2464.5
2025-12-01,2466.60009765625,2488.0,2458.800048828125,2464.5,2439.6845703125,1924828,-0.0008514139192021819,0.01662406139751127,-0.0004055972419387821,2431.540002441406,2491.71400390625,2447.9086015388216,59.53608247422681,-13.127855024275505,-22.086587109160263,8.958732084884758,0.006830369529088202,0.9777831436718127,1.0135551944551602,0.9890781992381201,2477.800048828125
2025-12-02,2471.0,2484.39990234375,2460.0,2477.800048828125,2452.850830078125,2179406,0.005396651989501011,0.026386623832921785,0.007235792206554903,2432.4300048828127,2489.53400390625,2450.7554060425646,63.044551172125665,-9.31433503707649,-19.532136694743507,10.217801657667017,0.006911607309524186,0.13226012921674046,1.0186521477922232,0.9952866861590509,2448.0
2025-12-03,2478.199951171875,2484.89990234375,2403.10009765625,2448.0,2423.350830078125,3535932,-0.01202681743517553,0.00940130681476714,0.0009404460375537216,2432.5450073242187,2487.302001953125,2450.4929864194633,59.300153318376175,-8.59760008140529,-17.345229372075863,8.747629290670574,0.007331692109094737,0.6224292307169936,1.0063534251696258,0.9841989424998397,2462.199951171875
2025-12-04,2440.0,2483.0,2423.199951171875,2462.199951171875,2437.40771484375,2587753,0.005800633648641806,0.004282742672071738,0.010755316573019202,2433.8550048828124,2485.102001953125,2451.6079354435024,58.16373690620068,-6.805317614317573,-15.237247020524205,8.431929406206631,0.007373680847052444,-0.2681553265164601,1.0116461113058077,0.9907842612644266,2338.60009765625
2025-12-05,2422.0,2422.0,2286.699951171875,2338.60009765625,2315.052490234375,4008271,-0.05019895051853851,-0.05189329235883222,-0.031234425163111035,2430.085009765625,2481.4300048828127,2440.845284225669,36.995808015333374,-15.18337160158626,-15.226471936736615,0.04310033515035627,0.01344161088862846,0.5489387897531179,0.9623532050353257,0.9424404851454563,2314.0
2025-12-08,2350.10009765625,2355.10009765625,2302.0,2314.0,2290.699951171875,1898154,-0.010519155318989504,-0.06106715358084802,-0.039355715255089296,2425.345007324219,2476.7200048828126,2428.764780966081,36.59917786188836,-23.536745090098066,-16.888526567408906,-6.6482185226891595,0.013592413920476741,-0.5264407022379475,0.9540910645751546,0.9343002016529874,2306.5
2025-12-09,2318.0,2330.39990234375,2298.10009765625,2306.5,2283.275634765625,1471488,-0.003241140881590332,-0.06913392745679436,-0.049845520082389294,2419.2950073242187,2472.08400390625,2417.1205161121684,27.903171190626026,-30.411476511694218,-19.59311655626597,-10.81835995542825,0.013401373477466689,-0.22477944360678848,0.9533769106360568,0.9330184558273087,2301.699951171875
2025-12-10,2306.5,2316.89990234375,2295.0,2301.699951171875,2278.52392578125,2857290,-0.002081096391990056,-0.05976309184155437,-0.050649638617498494,2413.1550048828126,2467.882001953125,2406.12808135595,28.69156906107291,-35.834002443545614,-22.841293733721898,-12.992708709823717,0.013398622264886681,0.9417691479645094,0.9538135538390954,0.9326620759624121,2305.60009765625
2025-12-11,2296.300048828125,2313.0,2292.0,2305.60009765625,2282.384765625,1108032,0.0016944634692237504,-0.06360159882266747,-0.04236583978348185,2408.0550048828127,2464.036005859375,2396.5539876702646,28.354209175359543,-39.3629326997343,-26.14562152692438,-13.217311172809922,0.013386828905628955,-0.6122087712482807,0.9574532529286852,0.9357006521713274,2260.60009765625
2025-12-12,2306.89990234375,2309.0,2244.699951171875,2260.60009765625,2237.837890625,3203114,-0.019517695217719955,-0.0333532868993599,-0.06883052143036217,2399.7000122070312,2458.960009765625,2383.6059981451203,25.316870669618353,-45.26892725715015,-29.970282672969535,-15.298644584180618,0.013691537938586677,1.8908136227112573,0.9420344568724449,0.9193317860715102,2293.5
2025-12-15,2260.60009765625,2299.0,2252.0,2293.5,2270.406494140625,1274115,0.0145536144928331,-0.008859118409680233,-0.05422680412371139,2393.1250122070314,2454.1060107421877,2375.024474512252,32.975715534283054,-46.75575212505828,-33.32737656338729,-13.42837556167099,0.014269354135398081,-0.6022261461814971,0.9583703267907624,0.9345562049727363,2281.10009765625
2025-12-16,2293.39990234375,2302.699951171875,2276.0,2281.10009765625,2258.13134765625,1256042,-0.0054065412442773075,-0.011012314044548055,-0.05112308749740013,2386.980017089844,2448.8300146484376,2366.079295764061,29.73280526656636,-48.376980318219466,-36.33729731435373,-12.03968300386574,0.014216104219320186,-0.014184747844582346,0.9556427290234795,0.9315061004688528,2275.60009765625
2025-12-17,2281.199951171875,2286.199951171875,2268.300048828125,2275.60009765625,2252.686767578125,808100,-0.002411117340116342,-0.011339381356956002,-0.0679882017367821,2378.6800170898437,2443.506015625,2357.4622292776025,23.677171153036284,-49.53461516678453,-38.97676088483989,-10.557854281944643,0.01356015382486267,-0.3566297942266262,0.9566650752968006,0.9312848354392926,2265.5
2025-12-18,2270.0,2278.300048828125,2255.300048828125,2265.5,2242.6884765625,1057295,-0.004438432599230713,-0.017392477427899844,-0.06708116821555155,2370.535021972656,2438.4720166015627,2348.7039217273546,19.502581357945346,-50.68280279374585,-41.317969266621084,-9.364833527124766,0.013554436096300915,0.3083714886771438,0.9556914278848112,0.9290654084098823,2280.0
2025-12-19,2263.699951171875,2284.800048828125,2263.699951171875,2280.0,2257.04248046875,1237214,0.0064003531229308575,0.008581748874497253,-0.06315484827859141,2362.8500244140623,2434.0700146484373,2342.1606910866544,23.03420822384713,-49.84810303944187,-43.02399602118524,-6.824107018256626,0.013677733345487775,0.17016915808738342,0.9649364015667447,0.9367027186066008,2289.5
2025-12-22,2280.0,2295.0,2280.0,2289.5,2266.44677734375,790773,0.004166666666666652,-0.0017440592980161318,-0.055564703359869405,2356.115026855469,2429.5080126953126,2337.1453871736394,22.16966868902348,-47.868231687329626,-43.99284315441412,-3.875388532915508,0.013773525899262408,-0.36084379905174047,0.9717267509878857,0.9423718662528769,2302.60009765625
2025-12-23,2289.300048828125,2310.0,2280.699951171875,2302.60009765625,2279.414794921875,1128801,0.005721815966914123,0.009425276875000055,-0.046186982929270703,2350.5400268554686,2424.9820166015625,2333.855359600555,27.39430065422988,-44.7265214794802,-44.13957881942734,-0.5869426600528556,0.013897384521367899,0.42746527764605013,0.9796047169367491,0.9495328550449121,2282.199951171875
2025-12-24,2302.60009765625,2305.0,2278.10009765625,2282.199951171875,2259.22021484375,519380,-0.008859613315025827,0.0029002694816293584,-0.058964210324555455,2343.390026855469,2420.7700146484376,2328.9357968930617,22.544258827560014,-43.382725777160886,-43.98820821097406,0.6054824338131723,0.013873237033631086,-0.5398834692740351,0.9738882239053892,0.9427578569471471,2285.39990234375
2025-12-26,2282.300048828125,2290.0,2275.0,2285.39990234375,2262.387939453125,533626,0.0014021344493639898,0.008783889800816569,-0.06783050623655484,2335.0750244140627,2416.43201171875,2324.7895212216986,37.17451901797739,-41.58023758895888,-43.50661408657102,1.9263764976121394,0.013531407637342441,0.027428857483923208,0.9787265413098333,0.9457745515952671,2293.300048828125
2025-12-29,2288.89990234375,2298.699951171875,2280.0,2293.300048828125,2270.20849609375,1086695,0.0034567895431663054,0.005833354749177566,-0.07025867265342034,2326.410021972656,2411.9180126953124,2321.790523850882,44.57265247231821,-39.06397176652581,-42.618085622561985,3.5541138560361745,0.013447053792757993,1.0364356309475173,0.9857677826213731,0.9508200679945036,2290.199951171875
2025-12-30,2293.300048828125,2298.0,2283.0,2290.199951171875,2267.1396484375,1556717,-0.0013518063882805853,0.0003057222851605701,-0.07072430465738488,2317.69501953125,2406.49201171875,2318.7818978814526,45.62533498801578,-36.89466619997256,-41.4734017380441,4.578735538071541,0.013442237216214256,0.4325243053478667,0.9881368911234335,0.9516756922605293,2315.89990234375
2025-12-31,2290.0,2325.5,2286.800048828125,2315.89990234375,2292.580810546875,1324220,0.011221706278844668,0.005775994147241503,-0.06534027899504868,2309.6000122070313,2400.7360107421873,2318.507422115957,53.42662187622615,-32.724477230131015,-39.72361683646149,6.999139606330473,0.013707302624537692,-0.14935084540093024,1.0027276974815647,0.9646624585048773,2323.0
2026-01-01,2322.0,2326.0,2300.0,2323.0,2299.609375,758866,0.003065805067423044,0.017877508413395082,-0.051062091503268014,2303.3500122070313,2395.3080126953123,2318.9352866763425,54.134950104432576,-28.51791708767496,-37.482476886704184,8.964559799029225,0.013615659374348417,-0.4269335910951353,1.0085310472524063,0.9698126452581153,2348.0
2026-01-02,2326.0,2357.699951171875,2322.0,2348.0,2324.357666015625,973413,0.01076194575979339,0.027391310200044927,-0.04638126611834348,2297.6400146484375,2390.434013671875,2321.703354611929,72.95160793968303,-22.902886581903203,-34.56655882574399,11.663672243840786,0.013819044957649575,0.2827205330058271,1.0219181355784615,0.9822484061767957,2384.10009765625
2026-01-05,2341.5,2394.0,2336.39990234375,2384.10009765625,2360.09423828125,1344113,0.015374828644058702,0.03959361919279769,0.019456084024626508,2299.9150146484376,2386.084013671875,2327.6459015685314,73.3987147346492,-15.362864730649562,-30.725820006725105,15.362955276075542,0.008671476890807541,0.38082499411863213,1.0366035625106265,0.9991685472916053,2424.699951171875
2026-01-06,2398.800048828125,2428.10009765625,2367.800048828125,2424.699951171875,2400.285400390625,1584720,0.017029424878400645,0.05872849658003765,0.04783921831109561,2305.4500122070312,2384.2500146484376,2336.8891443878974,82.37139444906136,-6.041630068385075,-25.7889820190571,19.747351950672027,0.00892960441561748,0.17900801495112395,1.051725232962516,1.0169654760511355,2399.39990234375
2026-01-07,2416.0,2421.89990234375,2382.0,2399.39990234375,2375.239990234375,892690,-0.010434300877474434,0.036055098890714454,0.040277434356709385,2310.095007324219,2382.00201171875,2342.8425499075024,75.62075837008234,-0.6880554666508942,-20.768796708575863,20.08074124192497,0.009304778696349512,-0.4366891312029886,1.0386585377382263,1.0073038941778418,2386.699951171875
2026-01-08,2389.0,2418.10009765625,2368.10009765625,2386.699951171875,2362.66796875,1163828,-0.005292969779430945,0.027421416776528096,0.03692922700750967,2314.345007324219,2379.7940087890624,2347.019445266014,74.8156701608106,2.501080158793684,-16.114821335101954,18.615901493895638,0.009406401951492298,0.30373141852154717,1.0312636809199467,1.0029019076261674,2372.60009765625
2026-01-09,2382.0,2386.0,2361.0,2372.60009765625,2348.7099609375,1189464,-0.005907677464317196,0.01047704329482535,0.02905967954638311,2317.6950073242188,2377.4840087890625,2349.4556978746077,68.99097341694322,3.846413714134087,-12.122574325254746,15.968988039388833,0.009565561859918066,0.022027309877404644,1.023689523495768,0.9979457648864272,2406.199951171875
2026-01-12,2362.0,2413.89990234375,2361.0,2406.199951171875,2381.9716796875,1057665,0.01416161684761641,0.009269683574674836,0.06440761179590337,2324.975,2376.216005859375,2354.8599124743478,71.78049409515373,7.536946395899577,-8.190670181023883,15.72761657692346,0.008589847274204896,-0.11080537115877409,1.0349358385238014,1.012618358448291,2389.5
2026-01-13,2415.10009765625,2422.199951171875,2365.0,2389.5,2365.439697265625,1519683,-0.006940383804655004,-0.014517240021744815,0.04185742315238716,2329.775,2374.696005859375,2358.1589684291716,66.00366525667587,9.01030841609736,-4.750474461599635,13.760782877696993,0.00843257582117271,0.4368282962941952,1.0256355227436125,1.0062340586349148,2353.5
2026-01-14,2398.89990234375,2398.89990234375,2341.0,2353.5,2329.80224609375,1027639,-0.015065913370998163,-0.01912974252391808,0.031739029084316916,2333.3949951171876,2372.566005859375,2357.7152571502033,62.41729104961814,7.190175430028376,-2.3623444832740326,9.552519913302408,0.009131908733431175,-0.32378068320827436,1.0086162029681573,0.9919639724196129,2353.5
2026-01-15,2353.5,2353.5,2353.5,2353.5,2329.80224609375,0,0.0,-0.013910400071686313,0.03423268544591074,2337.289990234375,2370.7220068359375,2357.3138040882795,61.99368106400287,5.682205991598494,-0.7534343882995274,6.435640379898021,0.009091954139783776,-1.0,1.0069353866372395,0.9927355435237544,2360.39990234375
2026-01-19,2353.0,2425.39990234375,2353.0,2413.89990234375,2389.593994140625,1505238,0.022665650827589534,0.003200046267196166,0.058728027343750044,2348.72998046875,2369.2080029296876,2362.968878601743,68.55687282769128,8.652258028967935,2.0460797621326656,6.60617826683527,0.010059987584966183,0.10063717181702914,1.027746877000307,1.0188636453020579,2379.10009765625
2026-01-20,2423.0,2439.0,2368.5,2379.10009765625,2355.14453125,1460806,-0.014416424083580015,-0.0043523341049382935,0.039135225008189556,2353.2099853515624,2368.61400390625,2364.505185178363,59.22901627702022,8.649704392965305,3.3668046882991938,5.282899704666111,0.01077045404045098,-0.02951825558483112,1.0110020408148233,1.0044271011370811,2368.0
2026-01-21,2379.10009765625,2400.5,2360.0,2368.0,2344.15625,1020245,-0.004665670716076709,0.006161036753770999,0.02840263162080059,2356.47998046875,2367.42400390625,2364.8380246851857,56.49539204934694,7.66365367545086,4.226174485729527,3.4374791897213326,0.010830612425502149,-0.30158761669927425,1.0048886558030332,1.0002433007745124,2390.60009765625
2026-01-22,2368.89990234375,2402.0,2365.699951171875,2390.60009765625,2366.52880859375,1745964,0.009543960158889364,0.01576379760197577,0.04749809342021649,2361.8999877929687,2366.746005859375,2367.291555444335,56.19188344823573,8.606628525470114,5.102265293677645,3.5043632317924693,0.010688849772362527,0.7113183598057329,1.0121512807534665,1.010078855837432,2409.5
2026-01-23,2400.0,2434.300048828125,2376.800048828125,2409.5,2385.238525390625,1378097,0.007905923856641461,0.02080160129116093,0.05430126146806136,2368.1049926757814,2366.78400390625,2371.311407306779,53.88616209835869,10.75502976557982,6.232818188058079,4.522211577521741,0.010756349510407867,-0.21069563862714236,1.0174802246742638,1.018048117624274,2400.89990234375
2026-01-27,2412.0,2421.60009765625,2380.5,2400.89990234375,2376.724853515625,2060117,-0.0035692457589748816,-0.00538547600394601,0.04691922174362162,2373.4849853515625,2366.2480029296876,2374.1293592150623,45.963350694286284,11.629637992339667,7.312182148914397,4.31745584342527,0.010844779478817691,0.49489985102645173,1.0115504910127446,1.0146442382079812,2378.39990234375
2026-01-28,2403.10009765625,2420.199951171875,2340.60009765625,2378.39990234375,2354.451416015625,1797593,-0.009371486074049029,-0.00029431099313126374,0.03851189985692893,2377.894982910156,2365.3160009765625,2374.5360776082707,46.40410357599726,10.387469076071284,7.927239534345775,2.460229541725509,0.011133317283052505,-0.12743159733160792,1.0002123388279225,1.0055315659141466,2352.60009765625
2026-01-29,2370.5,2374.699951171875,2312.0,2352.60009765625,2328.911376953125,1478536,-0.010847546984035783,-0.006503337138407894,0.015847055943721156,2379.7299926757814,2364.2880029296875,2372.4469366604594,44.41168068484349,7.237780017586374,7.789347630993896,-0.5515676134075216,0.011258964150177828,-0.17749123411139234,0.9885995910867912,0.9950564798962924,2373.0
2026-01-30,2341.0,2385.0,2340.0,2373.0,2349.10595703125,2090462,0.008671215462446424,-0.00736220904261875,0.02152389151958678,2382.2299926757814,2362.9160009765624,2372.499609359463,50.06421051641249,6.314935728330511,7.494465250461219,-1.179529522130708,0.011386167553383082,0.41387291212388466,0.9961254821305419,1.0042676079129644,2357.300048828125
2026-02-02,2356.10009765625,2360.0,2303.0,2357.300048828125,2333.56396484375,1375089,-0.006616077190002123,-0.021664225429290362,0.003960838512830023,2382.6949951171873,2361.49400390625,2371.0520321660024,41.66950873999937,4.267526738954075,6.849077548159791,-2.581550809205716,0.011274716723157488,-0.3422080860594452,0.9893419231831587,0.9982240246762484,2368.60009765625
2026-02-03,2390.0,2399.89990234375,2343.300048828125,2368.60009765625,2344.750244140625,1553270,0.004793640433572444,-0.013453207547707069,-0.00650140487609463,2381.9199951171877,2360.1920068359377,2370.818514593645,46.372799256984415,3.5162269901024956,6.182507436548332,-2.6662804464458363,0.010764751077540793,0.12957779460093133,0.9944079156780065,1.0035624605099753,2371.0
2026-02-04,2360.60009765625,2393.5,2356.800048828125,2371.0,2347.1259765625,1232755,0.0010132155048565572,-0.003111294419604449,-0.022147050048778816,2379.234997558594,2359.1280078125,2370.83579891806,53.438120545264425,3.0789760691068295,5.561801163060032,-2.4828250939532026,0.009976891194491804,-0.20634854210794007,0.9965388044614996,1.005032364563595,2354.39990234375
2026-02-05,2362.5,2423.0,2351.60009765625,2354.39990234375,2330.693115234375,1962066,-0.007001306476697611,0.0007650278894797413,-0.01875468943548919,2376.984997558594,2357.93400390625,2369.2704754347924,50.16597263747901,1.3770882003736915,4.724858570522764,-3.347770370149073,0.009835873571282369,0.5916106606746676,0.9904984275298157,0.998501187244153,2424.199951171875
2026-02-06,2354.39990234375,2429.0,2337.5,2424.199951171875,2399.790283203125,1421995,0.0296466410649443,0.02157604347740194,0.015712071381904336,2378.859997558594,2357.91400390625,2374.501854076419,59.55091249452694,5.596102019417685,4.899107260301749,0.6969947591159364,0.011900754082025265,-0.27525628597610885,1.0190595300521312,1.0281121139938998,2435.0
2026-02-09,2425.0,2439.0,2402.0,2435.0,2410.481689453125,958484,0.004455098195552898,0.032961417538043936,0.02630021907416724,2381.9799926757814,2357.5800048828123,2380.263582259617,53.621715036658834,9.699366291061324,5.859159066453664,3.84020722460766,0.011816497734063298,-0.3259582487983431,1.022258796248183,1.0328387562487136,2453.60009765625
2026-02-10,2435.0,2458.10009765625,2430.10009765625,2453.60009765625,2428.89453125,792532,0.007638643801334721,0.03588617600924193,0.019699171908506674,2384.35,2357.3200048828126,2387.2480122973916,63.540525909425725,14.287408866311125,7.544809026425156,6.742599839885969,0.01153127788493966,-0.17314008371553413,1.0290435958044122,1.0408430304642597,2462.89990234375
