Date,Open,High,Low,Close,Adj Close,Volume,Daily_Return,Return_5D,Return_20D,SMA_20,SMA_50,EMA_20,RSI_14,MACD,MACD_Signal,MACD_Histogram,Volatility_20,Volume_Change,Price_vs_SMA20,Price_vs_SMA50,Target_Next_Day_Close
2024-11-06,1764.0,1827.199951171875,1762.6500244140625,1823.699951171875,1733.762451171875,10421494,0.03961920073796099,0.011986002929118778,-0.06608631357220585,1860.4824951171875,1896.3999975585937,1840.3857865065795,29.157041824936968,-37.23127194512335,-29.129821361017132,-8.101450584106221,0.018582274815277928,2.297022980942016,0.9802295673074873,0.9616641813539801,1803.050048828125
2024-11-07,1812.949951171875,1825.699951171875,1787.0,1803.050048828125,1714.1309814453125,4550965,-0.011323081042186156,0.02606347920223362,-0.060422069396495526,1854.6849975585938,1893.6789990234374,1836.8300019657743,36.25920895962588,-35.4984347322561,-30.40354403526493,-5.094890696991172,0.0183921636736703,-0.5633097327504099,0.9721597204924619,0.9521413342799654,1829.949951171875
2024-11-08,1818.0,1840.5999755859373,1813.1500244140625,1829.949951171875,1739.704345703125,4210960,0.014919110182900042,0.0392423980145975,-0.05433829039361304,1849.4274963378907,1891.6109985351563,1836.174759033022,45.90810107392137,-31.590397016892666,-30.640914631590476,-0.9494823853021899,0.018660045792348774,-0.0747105284263887,0.9894683380643016,0.9674028923435997,1860.0999755859373
2024-11-11,1829.0,1868.0,1822.550048828125,1860.0999755859373,1768.367431640625,3804234,0.01647587377717885,0.054687693043816044,-0.05043649374483916,1844.4874938964845,1889.9389990234374,1838.4533510856804,51.38166515732236,-25.763409428897603,-29.665413591051905,3.9020041621543022,0.018858169384116545,-0.0965874764899215,1.008464400946667,0.984211647332047,1868.800048828125
2024-11-12,1871.0999755859373,1881.0,1861.0,1868.800048828125,1776.638427734375,5012450,0.0046772073309915285,0.0653289823544303,-0.046189964653003956,1839.9624938964844,1888.025,1841.3435127754371,49.219019101421196,-20.210482718939147,-27.774427416629358,7.563944697690211,0.018917298092922204,0.31759770823771616,1.0156729036745589,0.9898174276442976,1868.4000244140625
2024-11-13,1861.0999755859373,1873.199951171875,1856.300048828125,1868.4000244140625,1776.2581787109375,4257495,-0.00021405415432929065,0.024510651115313253,-0.026925655866485876,1837.3774963378905,1886.5680004882813,1843.9203234076872,50.886440481853406,-15.66149100235657,-25.351840133774804,9.690349131418234,0.018448129580580414,-0.15061596624405227,1.0168841341194195,0.9903698270777854,1864.550048828125
2024-11-14,1865.5999755859373,1876.0,1856.0,1864.550048828125,1772.5980224609375,4311431,-0.0020605735044051388,0.0341088701558625,-0.052614159871113064,1832.2,1885.4100024414063,1845.8850591620146,50.43493403783587,-12.22610818280259,-22.726693743580363,10.500585560777772,0.017387236196182584,0.01266848228829387,1.017656396041985,0.9889361180930037,1811.449951171875
2024-11-18,1849.199951171875,1849.199951171875,1795.0,1811.449951171875,1722.1165771484375,4839244,-0.028478773036756833,-0.010109566104883227,-0.03625772786723813,1828.792498779297,1882.9760009765625,1842.6055250677157,42.007708673397936,-13.631145294672706,-20.907584053798832,7.276438759126126,0.015565893090004878,0.12242176669416716,0.9905169407579056,0.9620143593080357,1824.75
2024-11-19,1825.5,1859.699951171875,1820.550048828125,1824.75,1734.7607421875,4669769,0.007342211591063297,-0.019004341728891205,-0.015112670354877844,1827.3924987792968,1881.4340014648437,1840.9049988707902,47.757737699292974,-13.51564460349914,-19.429196163738894,5.913551560239753,0.015398128782008703,-0.03502096608478511,0.9985539511730173,0.9698719160912842,1834.050048828125
2024-11-21,1842.0,1867.0,1820.5999755859373,1834.050048828125,1743.6021728515625,5436504,0.005096615332579768,-0.018594819719632838,-0.009478249616123868,1826.5150024414063,1880.222001953125,1840.2521464857743,55.38695916872865,-12.529243932062627,-18.04920571740364,5.519961785341014,0.015451657063326985,0.16419120517524521,1.004125367914661,0.9754433502655336,1902.25
2024-11-22,1854.0999755859373,1914.050048828125,1834.0,1902.25,1808.4388427734373,6301486,0.03718543625101822,0.018117092241289656,0.015399794603376815,1827.957501220703,1880.0210009765624,1846.1567039633198,72.66332191365257,-6.1731875412199315,-15.6740020821669,9.500814540946969,0.017421432329353132,0.15910629330908255,1.0406423555961692,1.0118238035702212,1889.699951171875
2024-11-25,1916.0,1919.300048828125,1882.0,1889.699951171875,1796.507568359375,12764638,-0.006597476056314888,0.013488456563317763,0.014141184388966943,1829.275,1879.6119995117188,1850.303679887944,69.5909821336102,-2.1241650612794274,-12.964034677989407,10.83986961670998,0.01744695628118015,1.025655218467517,1.0330321855226114,1.005367039401098,1924.1500244140625
2024-11-26,1904.949951171875,1938.5999755859373,1897.300048828125,1924.1500244140625,1829.2587890625,6850495,0.018230446172591508,0.062215394451985206,0.033350325693458194,1832.3799987792968,1879.0860009765624,1857.3366650809078,72.26073388419006,3.8205069985783666,-9.607126342675851,13.427633341254218,0.017867132431787513,-0.4633224224611775,1.0500824205109756,1.0239818844981445,1924.5
2024-11-27,1930.0999755859373,1941.4000244140625,1911.75,1924.5,1829.591552734375,4447143,0.00018188581009637161,0.0546650226058365,0.031709880284252145,1835.3375,1878.6940014648437,1863.7331731684403,74.23164169564417,8.462393337247477,-5.993222406691186,14.455615743938662,0.017870765215831554,-0.3508289546959745,1.0485809830616983,1.0243818304095509,1856.6500244140625
2024-11-28,1914.9000244140625,1914.9000244140625,1851.6500244140625,1856.6500244140625,1765.087646484375,8468790,-0.03525589794021178,0.012322442127671307,0.009432922919233144,1836.2049987792968,1876.822001953125,1863.0585875727852,54.7105163319376,6.590227677357689,-3.4765323898814113,10.0667600672391,0.019420747670282044,0.9043214935971251,1.0111343916656133,0.9892520561256899,1857.8499755859373
2024-11-29,1851.0999755859373,1877.0,1845.0,1857.8499755859373,1766.2283935546875,5244346,0.0006462990634186205,-0.023340793488796252,0.030936130489582547,1838.9924987792965,1874.9280004882812,1862.5625292883235,58.29547357010942,5.144051511070984,-1.7524156096909325,6.896467120761916,0.01879062305553156,-0.38074435663182105,1.0102542434616553,0.9908913702830742,1879.800048828125
2024-12-02,1859.0,1882.800048828125,1835.199951171875,1879.800048828125,1787.095947265625,2868263,0.011814771661132095,-0.005238875270971333,0.06973967780800971,1845.1200012207028,1874.6810009765625,1864.2041978159236,57.66098744217284,5.7033888301825755,-0.2612547217162311,5.964643551898806,0.017825637306603265,-0.4530751784874606,1.0187955512836446,1.0027306234228095,1892.0999755859373
2024-12-03,1887.0,1899.75,1871.1500244140625,1892.0999755859373,1798.789306640625,4715792,0.0065432101491220696,-0.016656730723419,0.07453786626900194,1851.6825012207028,1874.6390014648437,1866.860938555925,55.20324790138473,7.057810928911067,1.2025584084092287,5.855252520501838,0.017834348277061964,0.6441281709522453,1.0218274322615188,1.0093143128396718,1889.25
2024-12-04,1884.0,1913.949951171875,1875.0,1889.25,1796.0799560546875,4705573,-0.0015062499987902322,-0.018316445830085737,0.07121592937786247,1857.9624999999996,1874.3090014648437,1868.9932301220274,53.38968029855313,7.811188470302795,2.524284420787942,5.286904049514853,0.01786750965642876,-0.002166974285549461,1.016839683255179,1.0079714702983762,1934.8499755859373
2024-12-05,1900.0,1949.9000244140625,1888.949951171875,1934.8499755859373,1839.4310302734373,9050038,0.024136549205207025,0.042118843154920205,0.10298143281407635,1866.9950012207028,1875.077001953125,1875.2653011185903,59.57905902591541,11.95003002701992,4.409433542034337,7.540596484985583,0.018301417472240313,0.9232595052717278,1.0363444863649172,1.0318776101304379,1922.4000244140625
2024-12-06,1932.800048828125,1937.949951171875,1912.4000244140625,1922.4000244140625,1827.5950927734373,3573331,-0.00643458217896431,0.034744489424000546,0.05412078515370067,1871.9300048828122,1875.5530029296874,1879.7543223848256,58.13756698068272,14.06337098193876,6.340221030015222,7.7231499519235385,0.016538164778832465,-0.6051584534783169,1.026961488623828,1.0249777113263119,1923.6500244140625
2024-12-09,1924.199951171875,1930.199951171875,1897.199951171875,1923.6500244140625,1828.783447265625,4274645,0.0006502288723082561,0.023326936081991212,0.06688664891155982,1877.960003662109,1876.1200024414063,1883.9348654352293,68.47827441778372,15.658571206084162,8.20389106522901,7.454680140855151,0.01621474752560492,0.19626337442571096,1.0243296026874138,1.025334212049765,1948.550048828125
2024-12-10,1939.0,1965.5999755859373,1932.0,1948.550048828125,1852.45556640625,6174921,0.012944155172740945,0.02983461443400026,0.06481056904332272,1883.8900085449216,1877.0860034179686,1890.088692425029,69.63833566088,18.716253429472772,10.306363538077763,8.409889891395009,0.016146566777455844,0.44454592135721205,1.0343226196805118,1.0380718013346368,1974.1500244140625
2024-12-11,1955.0,1978.0,1952.0,1974.1500244140625,1876.79296875,5025612,0.013137961532645015,0.044938480568512684,0.06131393490943893,1889.592510986328,1878.43400390625,1898.0945335668416,71.13122581837777,22.940746062293783,12.833240042920966,10.107506019372817,0.016019622264420403,-0.1861252961778782,1.04474907311291,1.0509552213752353,1987.0
2024-12-12,1975.199951171875,1998.800048828125,1970.550048828125,1987.0,1889.00927734375,6462130,0.006509118064495389,0.026953006730286555,0.06324911605497596,1895.502508544922,1880.6620043945313,1906.56172084619,65.34492666495748,27.01417001153277,15.66942603664333,11.34474397488944,0.016034333472270273,0.2858394161745872,1.0482708363838125,1.0565428531852026,1999.699951171875
2024-12-13,1969.75,2006.449951171875,1953.800048828125,1999.699951171875,1901.0830078125,5362693,0.006391520468985945,0.040210115364190724,0.07027399113794641,1902.0675048828125,1882.56900390625,1915.432028496255,69.90591345593101,30.910846760270715,18.71771018136881,12.193136578901907,0.016028478816188636,-0.17013538879595425,1.051329643158526,1.0622186740685644,1980.050048828125
2024-12-16,1995.449951171875,1999.5999755859373,1977.5999755859373,1980.050048828125,1882.402099609375,3119221,-0.009826425375584313,0.02931927517909183,0.06194523985697886,1907.8425048828126,1884.3020043945312,1921.5861256707187,60.6883561563903,32.04402468972057,21.38297308303916,10.661051606681411,0.01626322791596328,-0.41834802029502716,1.0378477488369764,1.05081353424785,1976.5999755859373
2024-12-17,1968.0,1982.0,1958.0,1976.5999755859373,1879.1220703125,5811050,-0.0017424171900248808,0.014395281647849867,0.09117007307169733,1916.1000061035156,1885.4710034179689,1926.8255399483585,59.8450545095707,32.291448567380485,23.56466817990743,8.726780387473056,0.01453479773109415,0.8629811738251314,1.0315745364488837,1.0483322055882962,1979.1500244140625
2024-12-18,1966.800048828125,1984.949951171875,1961.5999755859373,1979.1500244140625,1881.54638671875,3064095,0.0012901188200051816,0.002532735576407985,0.0846143441096383,1923.8200073242188,1886.3680029296875,1931.8088241831874,80.73259409161966,32.32072816645268,25.315880177216478,7.004847989236204,0.014534905125649814,-0.4727123325388699,1.028760495721635,1.0491855360885451,1946.199951171875
2024-12-19,1934.0,1959.75,1920.0,1946.199951171875,1850.2213134765625,5323592,-0.016648598052561803,-0.020533492112795648,0.06114876876746567,1929.4275024414062,1886.3210009765626,1933.1794077059194,69.11923903757534,29.346844765592095,26.122073094891604,3.224771670700491,0.015257281741536555,0.7374108831482054,1.008692966545385,1.031743775404246,1922.1500244140625
2024-12-20,1975.1500244140625,1979.949951171875,1911.25,1922.1500244140625,1827.3575439453125,11056720,-0.012357377125269742,-0.03878078144291908,0.010461308668189062,1930.4225036621094,1885.7090014648438,1932.1289902495519,59.08213928751501,24.76392948491457,25.8504443728962,-1.0865148879816289,0.013328962476461651,1.0769285099233752,0.9957146794381263,1.0193248390504106,1924.300048828125
2024-12-23,1930.050048828125,1940.0,1909.0,1924.300048828125,1829.4013671875,2781793,0.001118551823090952,-0.02815585395581044,0.01830983677318354,1932.1525085449218,1885.8150024414062,1931.3833767808444,57.21975131581475,21.062628241232915,24.892881146563543,-3.830252905330628,0.013220735718574171,-0.7484070321035533,0.9959359006692953,1.020407646739948,1909.050048828125
2024-12-24,1927.050048828125,1942.0,1840.0,1909.050048828125,1814.9034423828125,2360544,-0.007924959524522768,-0.03417480906210579,-0.007847608239661907,1931.397509765625,1885.29400390625,1929.2563931662996,54.20561959265628,16.706194181468163,23.25554375354447,-6.549349572076306,0.012709441835225101,-0.15143074987966398,0.9884293829600039,1.0126007110151805,1907.4000244140625
2024-12-26,1909.050048828125,1919.75,1902.300048828125,1907.4000244140625,1813.3348388671875,3623321,-0.000864317001576409,-0.03625293641963401,-0.008885412099733703,1930.5425109863281,1884.26400390625,1927.1748342375151,42.831037301432524,12.971023734872915,21.19863974981016,-8.227616014937244,0.012709435135870646,0.5349516891021731,0.9880124439422772,1.0122785450764062,1916.75
2024-12-27,1909.4000244140625,1924.1500244140625,1903.9000244140625,1916.75,1822.2237548828125,3937500,0.0049019479219152284,-0.015132027494986877,0.03237011542059709,1933.547509765625,1883.4130029296875,1926.1819928815614,48.50012605616597,10.642657206819194,19.087443241211968,-8.444786034392774,0.009730886893326638,0.08671023075239548,0.991312595278478,1.0177003116249363,1906.0
2024-12-30,1915.699951171875,1916.0,1886.5,1906.0,1812.00390625,7789055,-0.005608451806443204,-0.008402062382714126,0.02591706814156347,1935.955010986328,1883.1310034179687,1924.259898321413,45.53954344401825,7.8396047166709195,16.83787553630376,-8.99827081963284,0.009864067521235701,0.9781726984126984,0.984527010795015,1.0121441347099713,1880.0
2024-12-31,1892.300048828125,1897.0,1845.050048828125,1880.0,1787.2860107421875,3613063,-0.01364113326337879,-0.023021383206378476,0.00010636831933252822,1935.9650085449218,1881.36900390625,1920.0446699098497,32.77203678001818,3.4800666720630034,14.166313763455609,-10.686247091392605,0.010079446076551453,-0.5361358983856193,0.9710919317767085,0.9992723363128617,1882.5
2025-01-01,1874.0,1892.949951171875,1874.0,1882.5,1789.6627197265625,1838368,0.0013297872340425343,-0.013907466095204213,-0.0050737147665594895,1935.485009765625,1881.4270043945312,1916.4689870612926,23.94084812673941,0.22424550694790923,11.37790011215407,-11.15365460520616,0.00996959169853819,-0.49118850127993896,0.972624427728303,1.0005703094528582,1957.8499755859373
2025-01-02,1887.0,1962.6500244140625,1885.300048828125,1957.8499755859373,1861.296875,7083645,0.04002654745600909,0.0264495913422107,0.03631069238371687,1938.9150085449219,1883.52900390625,1920.4100335874493,43.885037256160196,3.6816572276650277,9.838651535256261,-6.1569943075912335,0.013415001484303557,2.8532247080018798,1.0097657540209692,1.0394583632774186,1938.75
2025-01-03,1952.949951171875,1952.949951171875,1922.0,1938.75,1843.1387939453125,6218003,-0.009755586906101454,0.011477761836441891,0.002015672772190946,1939.110009765625,1885.2720043945312,1922.1566970553113,37.548528871935645,4.824854600543404,8.83589214831369,-4.011037547770286,0.012568055447165008,-0.12220290542510248,0.9998143427841577,1.028366196220393,1937.8499755859373
2025-01-06,1952.0,1973.0,1928.0,1937.8499755859373,1842.283203125,7164403,-0.0004642292271116455,0.016710375438582004,0.008036803462163844,1939.8825073242188,1886.5610034179688,1923.651295010609,40.66370565298665,5.593741140559132,8.187461946762777,-2.5937208062036454,0.012473353606120093,0.15220320736416504,0.9989522397719411,1.027186490166523,1930.8499755859373
2025-01-07,1945.0,1958.550048828125,1923.6500244140625,1930.8499755859373,1835.6282958984373,4294832,-0.0036122507357069233,0.027047859354222048,0.0037428591898196473,1940.2425048828125,1887.9110034179687,1924.3368836368306,40.03485291474384,5.573994228713673,7.664768403152957,-2.090774174439284,0.012506542763914642,-0.40053176796447665,0.9951590951784439,1.022744171780465,1933.1500244140625
2025-01-08,1930.0,1938.5999755859373,1888.75,1933.1500244140625,1837.81494140625,5482050,0.0011912105327744893,0.02690572346032538,-0.00790332505101643,1939.4725036621094,1889.3330029296876,1925.1762303775195,39.96947444296448,5.678481378329252,7.267510998188216,-1.5890296198589642,0.012150235125045608,0.2764294389163535,0.9967401036951496,1.0231917938322308,1917.300048828125
2025-01-09,1934.050048828125,1951.8499755859373,1910.550048828125,1917.300048828125,1822.7467041015625,6833503,-0.008199040625800125,-0.020711457600665617,-0.028797191136884726,1936.6300048828125,1890.3720043945314,1924.4261178490058,43.1904078714085,4.431246974411124,6.7002581934327985,-2.2690112190216745,0.011838423935188786,0.2465232896452969,0.9900187666172935,1.0142448387782903,1966.949951171875
2025-01-10,1937.0,1977.800048828125,1932.25,1966.949951171875,1869.9478759765625,8036913,0.025895739362285397,0.014545429360090179,-0.010090613401170123,1935.6275024414062,1892.9250024414061,1928.4760067368982,59.41966790499457,7.364246452046018,6.833055845155442,0.5311906068905756,0.013231357274366995,0.17610440794421245,1.0161820643129744,1.0391061181161403,1962.199951171875
2025-01-13,1956.0,1982.800048828125,1949.0,1962.199951171875,1865.4322509765625,5804152,-0.002414906387002924,0.012565459603535611,-0.01875281337983936,1933.7525024414062,1896.127001953125,1931.6878109688007,57.8826783984206,9.199340100312156,7.306312696186785,1.8930274041253714,0.013138783830451728,-0.27781325989219985,1.0147110081018917,1.0348462677609098,1940.050048828125
2025-01-14,1968.8499755859373,1971.800048828125,1931.0999755859373,1940.050048828125,1844.374755859375,5792162,-0.011288300323583966,0.004764778910073542,-0.02020150956470701,1931.7525024414062,1899.7830029296874,1932.4842145744506,56.26769601358422,8.76531197281065,7.598112551511559,1.1671994212990917,0.013195205498574827,-0.002065762578237096,1.00429534651889,1.021195602780076,1949.6500244140625
2025-01-15,1947.0,1958.050048828125,1937.0999755859373,1949.6500244140625,1853.501220703125,2985439,0.004948313365284784,0.008535292031978337,-0.013634499395299149,1930.4050048828126,1903.55900390625,1934.1190536067945,58.276207720111756,9.09118186868568,7.896726414946383,1.1944554537392973,0.013258411327294637,-0.48457260000669866,1.009969420656583,1.0242130768803228,1928.449951171875
2025-01-16,1965.949951171875,1966.949951171875,1916.8499755859373,1928.449951171875,1833.3466796875,7533579,-0.010873784000571485,0.00581541858853285,-0.025617094518742944,1927.8700012207032,1906.8550024414062,1933.5791390891832,52.190183000454276,7.551715894638846,7.827724310884876,-0.2760084162460297,0.013444643674521674,1.5234409411815149,1.0003008242001818,1.0113249034157397,1815.449951171875
2025-01-17,1851.0,1858.0,1812.0,1815.449951171875,1725.9193115234375,16409953,-0.058596283471776145,-0.07702280371177661,-0.0671822028981508,1921.332501220703,1908.0800024414064,1922.3287402399158,37.74196768101679,-2.754722870151454,5.71123487467761,-8.465957744829064,0.018354827171590312,1.1782413113342276,0.9448910847125334,0.9514537906424205,1813.300048828125
2025-01-20,1822.949951171875,1827.949951171875,1793.1500244140625,1813.300048828125,1723.87548828125,4333011,-0.0011842256198593137,-0.07588416371880102,-0.056629281899636674,1915.8900024414063,1907.8720043945314,1911.9450553435547,40.347322966123436,-10.969677384287479,2.375052422884592,-13.34472980717207,0.018234586892789305,-0.7359522601923357,0.9464531087470828,0.9504306602599271,1800.699951171875
2025-01-21,1819.050048828125,1831.6500244140625,1793.050048828125,1800.699951171875,1711.896728515625,7169109,-0.0069487108128591935,-0.07182809419809744,-0.06423119810838285,1909.7099975585938,1907.8250024414062,1901.3502835176803,38.49830110735258,-18.286020735356487,-1.7571622087636238,-16.528858526592863,0.018233716696034994,0.6545328410197897,0.9429180103125191,0.9438496449451886,1856.449951171875
2025-01-22,1807.4000244140625,1865.800048828125,1805.1500244140625,1856.449951171875,1764.8974609375,8373913,0.03096018299090786,-0.04780348886985364,-0.027553021822837365,1907.0799926757813,1908.3550024414062,1897.0740613895082,34.91070517066058,-19.362517426531895,-5.278233252317278,-14.084284174214616,0.01971150214456052,0.16805491449495324,0.9734515375871211,0.9728011553389554,1865.449951171875
2025-01-23,1858.0,1879.550048828125,1852.699951171875,1865.449951171875,1773.45361328125,5907471,0.004847962636600478,-0.03266872441346813,-0.021993327411786168,1904.982489013672,1908.462001953125,1894.062241368781,38.75420822452256,-19.267322327862757,-8.076051067426373,-11.191271260436384,0.01975810226039738,-0.2945387658075741,0.9792478208751066,0.9774624536735699,1875.449951171875
2025-01-24,1865.5,1894.9000244140625,1864.25,1875.449951171875,1782.96044921875,4887027,0.005360636983971601,0.03304965799870718,-0.02154691474012005,1902.9174865722657,1908.595,1892.289642302409,40.68656012657425,-18.175447850810315,-10.095930424103162,-8.079517426707152,0.01976548587525982,-0.17273787717282063,0.9855655667709123,0.9826337966786431,1822.0
2025-01-27,1848.75,1863.0,1812.0,1822.0,1732.1463623046875,7652371,-0.028499801414842763,0.0047978552570477895,-0.044071353620146914,1898.7174865722657,1907.6669995117188,1885.5953906545606,35.73207178486433,-21.376676797305436,-12.35207969874362,-9.024597098561816,0.020693416595297855,0.5658540458237697,0.9595951018965108,0.9550933157969154,1829.75
2025-01-28,1830.0,1863.5,1824.9000244140625,1829.75,1739.5142822265625,6999495,0.004253567508232692,0.016132642647776807,-0.02672872340425536,1896.2049865722656,1906.9709985351562,1880.276782020793,36.637363254511854,-23.02291968362124,-14.486247695719145,-8.536671987902094,0.020552058328685077,-0.08531682533426566,0.9649536906384815,0.9595059397366432,1881.25
2025-01-29,1845.0,1888.6500244140625,1840.5,1881.25,1788.474365234375,5145155,0.028145921573985433,0.013358856678290731,-0.0006640106241699861,1896.1424865722656,1908.3669995117189,1880.3694694473843,45.73422488565743,-19.94207955542288,-15.577414067659893,-4.364665487762986,0.021571867021837776,-0.2649248267196419,0.9921459032336819,0.9857904692762676,1859.949951171875
2025-01-30,1873.1500244140625,1887.199951171875,1844.0,1859.949951171875,1768.224853515625,7336056,-0.011322285091362128,-0.002948350341184347,-0.05000384382606393,1891.2474853515625,1909.0709985351561,1878.4247534211454,36.428207349859996,-19.000204950611533,-16.261972244250224,-2.738232706361309,0.01954115012937329,0.4258182698091699,0.9834513809418921,0.974269659221175,1879.800048828125
2025-01-31,1871.0,1897.449951171875,1871.0,1879.800048828125,1787.095947265625,5820470,0.010672382686288673,0.0023194954648253496,-0.0304061643697614,1888.2999877929688,1909.9859985351563,1878.5557339360957,39.9340468466018,-16.462258880809486,-16.302029571562077,-0.1602293092474092,0.019668682807652316,-0.20659411542114725,0.9954986289150071,0.9841957219947255,1851.3499755859373
2025-02-01,1880.300048828125,1890.5999755859373,1846.0,1851.3499755859373,1760.0489501953125,1701402,-0.015134627355672059,0.016108658389647257,-0.04463709837695018,1883.9749877929687,1908.967998046875,1875.9647093313188,39.3286782547244,-16.55575701773978,-16.35277506079762,-0.20298195694216048,0.019905787682940573,-0.707686492671554,0.9826828846357186,0.9698171878628199,1863.300048828125
2025-02-03,1836.0,1876.550048828125,1832.4000244140625,1863.300048828125,1771.40966796875,4823228,0.006454788883666129,0.01833586491494743,-0.0349845547877502,1880.5974914550782,1908.44,1874.7585511881573,39.669827728968194,-15.487058752222765,-16.17963179908265,0.6925730468598843,0.01999235969130908,1.8348550195662168,0.9908021558544303,0.9763471991931236,1898.800048828125
2025-02-04,1889.0,1911.199951171875,1875.0,1898.800048828125,1805.158935546875,7334787,0.019052218681755884,0.009328929609634606,-0.017768913510139428,1878.8799926757813,1907.9330004882813,1877.048217630059,46.57028506684846,-11.641360011407869,-15.271977441547694,3.630617430139825,0.020515061187322797,0.5207215997253292,1.0106020907295814,0.9952131696145415,1897.050048828125
2025-02-05,1906.0,1919.699951171875,1894.300048828125,1897.050048828125,1803.4952392578125,4996744,-0.0009216346929631358,0.01994682579113216,-0.010561727160220413,1877.8674926757812,1907.3840014648438,1878.9531539346367,62.71028591811635,-8.635284245682215,-13.944638802374598,5.309354556692384,0.0204393300315293,-0.31876085835894075,1.0102150744007026,0.9945821331054563,1915.6500244140625
2025-02-06,1917.0,1924.0,1900.0,1915.6500244140625,1821.1781005859373,4765255,0.009804683644180745,0.019071164301908805,-0.026080951743204683,1875.3024963378907,1908.5640014648438,1882.4480939802963,65.16519177989525,-4.69793014607103,-12.095297071113885,7.397366925042855,0.01965430962294823,-0.04632796877326517,1.0215152105620096,1.0037127510231671,1903.6500244140625
2025-02-07,1919.300048828125,1923.699951171875,1889.449951171875,1903.6500244140625,1809.769775390625,4126260,-0.006264192230869714,0.028249682403551413,-0.029838919689527565,1872.375,1909.4800024414062,1884.4673254501788,65.28128337362477,-2.5168358498392536,-10.17960482685896,7.662768977019706,0.019686331951132112,-0.1340946077387254,1.0167033977777222,0.9969468242558761,1880.300048828125
2025-02-10,1905.0,1905.0,1878.5999755859373,1880.300048828125,1787.5712890625,3828734,-0.012265897242916046,0.00912359767858728,-0.03079817452961675,1869.3875,1909.4900024414062,1884.0704419623642,53.9169128519969,-2.641995512355379,-8.672082963958243,6.0300874516028635,0.0197135626546127,-0.07210549020178081,1.0058374996238741,0.9847132199823199,1875.6500244140625
2025-02-11,1883.0999755859373,1903.0,1870.0,1875.6500244140625,1783.1507568359375,4411601,-0.0024730225460348754,-0.012191923224538548,-0.037955530004539995,1865.6875,1909.1610034179687,1883.2684974339545,51.699444480827324,-3.080888984538433,-7.553844168074281,4.4729551835358485,0.019658031766951828,0.15223491629347974,1.0053398676970622,0.9824472745127774,1863.1500244140625
2025-02-12,1885.0,1894.5999755859373,1847.0,1863.1500244140625,1771.26708984375,5633947,-0.0066643562697177305,-0.017869862966980676,-0.03386135415032743,1862.4225036621094,1908.63900390625,1881.352452384441,47.96762758980694,-4.386792542692774,-6.92043384299798,2.533641300305206,0.019577536766409498,0.277075374676903,1.0003906314225277,0.9761667977029238,1843.25
2025-02-13,1868.5,1873.5,1835.6500244140625,1843.25,1752.3485107421875,5237744,-0.010680849181922913,-0.037793972537445875,0.015313035101948147,1863.8125061035157,1906.8070043945313,1877.7236473954465,53.949075796484664,-6.947410753278064,-6.925829225053997,-0.02158152822406656,0.014500979531869351,-0.07032423272707389,0.9889675028812294,0.9666683601182215,1856.4000244140625
2025-02-14,1854.0,1859.300048828125,1828.3499755859373,1856.4000244140625,1764.849853515625,5292961,0.00713415131645867,-0.024820738788130625,0.023768805175840457,1865.9675048828126,1905.4870043945311,1875.6928261591243,54.85516370835347,-7.825415543318286,-7.105746488706855,-0.7196690546114306,0.014558452280813787,0.010542134170742123,0.9948726435783506,0.9742391420842746,1842.300048828125
2025-02-17,1838.550048828125,1852.75,1822.1500244140625,1842.300048828125,1751.4453125,4428956,-0.007595332579457326,-0.020209540505879975,0.023102181809455224,1868.047509765625,1903.8600048828125,1872.51256165141,41.78445411644996,-9.548916886606321,-7.5943805682867485,-1.9545363183195725,0.014578382187769514,-0.16323660801581574,0.9862169132193376,0.9676657128692208,1851.949951171875
2025-02-18,1842.300048828125,1861.6500244140625,1837.5999755859373,1851.949951171875,1760.619384765625,4365260,0.0052379645486566595,-0.012635658536347294,-0.002423981318300239,1867.822509765625,1901.9280029296874,1870.554217796216,48.225378260667064,-10.02062610664234,-8.079629675957868,-1.9409964306844714,0.012851037308976628,-0.014381718852027436,0.9915021055208604,0.973722427094597,1810.800048828125
2025-02-19,1847.4000244140625,1849.199951171875,1805.9000244140625,1810.800048828125,1721.498779296875,4611411,-0.022219770203677047,-0.028097563212817978,-0.029295828767434307,1865.0900146484375,1898.6610034179687,1864.8633445611597,36.01540055597177,-13.558616980455326,-9.17542713685736,-4.383189843597966,0.013705732036700153,0.05638862289989599,0.9708915036840482,0.9537247805523595,1825.1500244140625
2025-02-20,1805.550048828125,1831.0,1805.550048828125,1825.1500244140625,1735.14111328125,2218020,0.007924660480997936,-0.009819598853078815,-0.026820191456659592,1862.575018310547,1895.42400390625,1861.0811235947695,44.368020706832745,-15.03130560145405,-10.3466028297767,-4.684702771677351,0.013784029619314037,-0.5190148958746033,0.9799068528630697,0.9629244014281971,1815.0
2025-02-21,1821.800048828125,1829.8499755859373,1806.199951171875,1815.0,1725.49169921875,3379879,-0.005561200053853632,-0.02230124104158515,-0.0038419319429198184,1862.2250183105468,1891.7300048828124,1856.6924451571724,39.53637571454563,-16.82351309992282,-11.641984883805925,-5.181528216116895,0.012270085240129023,0.5238271070594493,0.9746405413705641,0.9594392409673886,1764.0999755859375
2025-02-24,1800.050048828125,1808.0,1750.25,1764.0999755859375,1677.1016845703125,7594720,-0.02804409058626034,-0.042446979954177455,-0.0358792318153095,1858.9425170898437,1887.4110034179687,1847.8741147218168,22.644157850609034,-22.096344134888568,-13.732856734022453,-8.363487400866115,0.013705436725902577,1.2470390212193987,0.948980379634126,0.9346665736245452,1767.699951171875
2025-02-25,1745.1500244140625,1778.449951171875,1745.1500244140625,1767.699951171875,1680.524169921875,5092963,0.002040686829408278,-0.04549259009223672,-0.06035882994186048,1853.2650146484375,1883.2330029296875,1840.2384800980128,23.926587481250223,-25.68849183195357,-16.123983753608677,-9.564508078344893,0.011823704144466088,-0.32940740409126346,0.9538300983398242,0.938651748573819,1764.300048828125
2025-02-27,1755.199951171875,1775.8499755859375,1751.0999755859375,1764.300048828125,1677.2918701171875,5757079,-0.0019233481007316922,-0.025679257094173846,-0.05142606245048964,1848.48251953125,1878.9360034179688,1833.0062485484998,17.500504585833326,-28.48132349859202,-18.595451702605345,-9.885871795986674,0.011662936015417224,0.1303987482335922,0.9544586060113391,0.9389888988335368,1687.699951171875
2025-02-28,1755.050048828125,1755.0999755859375,1682.449951171875,1687.699951171875,1604.469482421875,12182167,-0.04341670664642838,-0.07530891784433658,-0.10219177181956451,1838.8775146484375,1873.7660034179687,1819.1675535602499,13.699748308066333,-36.455415090347515,-22.167444380153782,-14.287970710193733,0.014384062537977901,1.1160326269623884,0.9177881276635953,0.9006994192942516,1708.5999755859375
2025-03-03,1692.300048828125,1728.5999755859375,1692.300048828125,1708.5999755859375,1624.3387451171875,7504969,0.012383732309496409,-0.05862260298295452,-0.07710589671454238,1831.7400146484374,1869.4950024414063,1808.6373080388869,20.89828062859202,-40.620238007092894,-25.858003105541606,-14.762234901551288,0.014703961329515822,-0.3839380957427361,0.9327742812420168,0.9139366370889715,1688.300048828125
2025-03-04,1695.0,1699.0,1670.0,1688.300048828125,1605.0399169921875,6759673,-0.011881029525855458,-0.042968044785917536,-0.09391938786781107,1822.9900146484374,1864.7750024414063,1797.1766166854811,19.845467873656645,-45.03973458628184,-29.694349401689657,-15.345385184592182,0.014595588236450312,-0.099307005798425,0.9261159058809835,0.9053639428980782,1711.5
2025-03-05,1692.449951171875,1732.949951171875,1692.449951171875,1711.5,1627.0958251953125,8180782,0.01374160427702309,-0.03179269826568587,-0.09864127028210279,1813.6250122070312,1860.8240014648438,1789.0169389059115,26.404208627778118,-46.13832144702087,-32.983143810755905,-13.155177636264966,0.014180914389360885,0.21023339442603217,0.9436901170199712,0.9197538287622603,1715.8499755859375
2025-03-06,1715.0,1722.300048828125,1691.0999755859375,1715.8499755859375,1631.231201171875,10610547,0.0025416158842754832,-0.02746135685614748,-0.09551675948355776,1804.565008544922,1856.9930004882813,1782.0486566849615,29.16936614784734,-46.12623821200327,-35.61176269100538,-10.514475520997891,0.014255342242638436,0.2970088923039387,0.9508385497120339,0.9239937765703848,1686.0
2025-03-07,1703.0999755859375,1705.0,1675.5,1686.0,1602.853271484375,8019331,-0.01739661159813477,-0.0010072591225085414,-0.11988099156280141,1793.0825073242188,1852.3780004882813,1772.9011655721079,23.581361564348924,-47.97231078729783,-38.08387231026387,-9.888438477033958,0.014074110998690858,-0.24421134933005806,0.9402802119329043,0.910181399020921,1701.449951171875
2025-03-10,1686.0,1719.0,1676.199951171875,1701.449951171875,1617.5413818359375,7558981,0.009163672106687448,-0.0041847269789468955,-0.10621704128857612,1782.9725036621094,1848.2869995117187,1766.096288010181,28.253779906037593,-47.6394962067975,-39.994997089570596,-7.644499117226907,0.014491015138018145,-0.05740503790154061,0.9542771678627727,0.9205550607786371,1661.5999755859375
2025-03-11,1680.0,1680.0,1637.050048828125,1661.5999755859375,1579.6566162109375,12671234,-0.02342118588824249,-0.01581476779599722,-0.11631126286386562,1772.0375,1843.9189990234374,1756.1442582554912,23.118182993578415,-50.0147592322719,-41.99894951811086,-8.015809714161037,0.0149719414110022,0.6763151012021329,0.9376776595224071,0.9011241689390594,1590.8499755859375
2025-03-12,1636.9000244140625,1636.9000244140625,1563.800048828125,1590.8499755859375,1512.3958740234375,14870008,-0.042579442127790745,-0.07049373322469321,-0.15184071928188958,1757.7974975585937,1838.0859985351562,1740.4019456202957,21.33452375687233,-56.94962616981138,-44.98908484845097,-11.96054132136041,0.017013557854422056,0.17352485164428333,0.9050245991335579,0.8654926792618785,1579.8499755859375
2025-03-13,1599.25,1606.050048828125,1570.300048828125,1579.8499755859375,1501.9381103515625,7822888,-0.006914542646265898,-0.07926100879160958,-0.15205434082916613,1743.6324951171875,1830.5259985351563,1725.1112818074996,17.749122428593807,-62.6114207656633,-48.51355203189344,-14.097868733769857,0.01701256902495051,-0.4739150106711443,0.9060682110537046,0.8630579280765105,1590.050048828125
2025-03-17,1545.1500244140625,1594.0,1545.1500244140625,1590.050048828125,1511.63525390625,7526032,0.006456355603261965,-0.05690981682792107,-0.13736603888342602,1730.9724975585937,1823.5519995117188,1712.2483072380353,20.42854767884984,-65.5200982016047,-51.9148612658357,-13.605236935769,0.01730340705455243,-0.03794711109247628,0.9185877020407723,0.8719521292805924,1590.050048828125
2025-03-18,1590.050048828125,1590.050048828125,1590.050048828125,1590.050048828125,1511.63525390625,0,0.0,-0.0654735111467859,-0.1434766063796007,1717.6549987792969,1816.5960009765624,1700.610377865663,23.58475989614847,-67.05230874883387,-54.94235076243533,-12.109957986398534,0.017063878031128604,-1.0,0.925709790358449,0.8752909551564293,1586.550048828125
2025-03-20,1592.0,1631.9000244140625,1592.0,1615.550048828125,1535.877685546875,7186750,0.018278654380566417,0.015526337254454292,-0.12764918522455815,1693.0475036621094,1803.3580029296875,1682.6810664756333,29.046341673114952,-65.24275386253476,-59.054508382440886,-6.188245480093869,0.01784199530518355,-0.02711738947035547,0.9542260600093292,0.89585653331371,1592.550048828125
2025-03-21,1577.949951171875,1603.9000244140625,1563.6500244140625,1592.550048828125,1514.011962890625,10074677,-0.0142366372472853,0.008038784339302385,-0.12052683571620315,1682.1350036621093,1796.8630029296876,1674.0971600330136,34.21271800306077,-64.3556669490074,-60.11474009575419,-4.240926853253207,0.017562481530509447,0.4018404703099454,0.9467433026249662,0.8862946402878564,1592.75
2025-03-24,1597.949951171875,1607.0999755859375,1572.699951171875,1592.75,1514.2021484375,8857726,0.0001255540898210672,0.0016980290487489391,-0.1273320117827964,1670.5150024414063,1789.37900390625,1666.3498114584409,29.360401516604668,-62.91130739963819,-60.67405355653099,-2.2372538431071973,0.017315986959121624,-0.12079305371278903,0.9534484860490596,0.8901132719915652,1628.449951171875
2025-03-25,1605.0,1636.1500244140625,1605.0,1628.449951171875,1548.1414794921875,9890140,0.0224140330697693,0.02415012179777043,-0.10278239604855377,1661.1875,1782.70400390625,1662.7403009549585,39.89188698850423,-58.2148893412691,-60.18222071347862,1.9673313722095216,0.018497496871455497,0.11655519712395712,0.9802926828981526,0.9134718649891544,1599.449951171875
2025-03-26,1626.0,1637.75,1595.0,1599.449951171875,1520.571533203125,6651302,-0.017808345893056687,0.008130788154636637,-0.09333372637192783,1652.9549987792968,1775.892001953125,1656.7126485946649,31.439439588410337,-56.18533229449827,-59.382843029682554,3.197510735184288,0.017967454737735217,-0.3274815118896194,0.9676306689250855,0.900645956743316,1603.550048828125
2025-03-27,1595.550048828125,1619.949951171875,1586.0,1603.550048828125,1524.469482421875,9426573,0.002563442296675822,-0.007427810737714036,-0.09286072686426727,1644.7475036621095,1768.9700024414062,1651.6495438549944,31.382636629920114,-53.62786149274598,-58.231846722295245,4.6039852295492665,0.017978202201995475,0.4172522913558878,0.9749521098270365,0.9064879826198406,1570.6500244140625
2025-03-28,1590.0,1598.449951171875,1560.0,1570.6500244140625,1493.1920166015625,6799047,-0.020516992555427827,-0.013751545472732607,-0.1097602556564502,1635.0650024414062,1761.81400390625,1643.935303908239,31.06844471655768,-53.63750470397372,-57.31297831863094,3.6754736146572213,0.018304551325032694,-0.2787360793790066,0.9606040261817346,0.8914959359680741,1526.5
2025-04-01,1539.25,1547.4000244140625,1517.8499755859375,1526.5,1451.21923828125,12680733,-0.0281093965732645,-0.04159472610265269,-0.09551457950801256,1627.0050048828125,1756.0350048828125,1632.7509892503112,23.758827070708847,-56.55574558108333,-57.161531771121425,0.6057861900380956,0.01690843295310326,0.8650750612549083,0.9382269848087827,0.869287910409206,1550.1500244140625
2025-04-02,1535.199951171875,1555.6500244140625,1535.199951171875,1550.1500244140625,1473.7030029296875,6193478,0.01549297373996894,-0.04808248893462508,-0.09273671627996893,1619.0825073242188,1750.7720043945312,1624.884230694478,32.429465600551794,-56.310995083325906,-56.99142443356233,0.6804293502364231,0.017088749795827425,-0.5115835969419118,0.9574249721071486,0.8854094196863459,1496.5
2025-04-03,1534.6500244140625,1534.6500244140625,1485.050048828125,1496.5,1422.69873046875,10459504,-0.03460956911853841,-0.06436584720668892,-0.11360542751938929,1609.4925048828125,1744.6880053710938,1612.6571611045279,34.2776334198667,-59.75729228098112,-57.54459800304609,-2.2126942779350287,0.018303026015829244,0.6887932757652486,0.9297961906998508,0.8577464826908668,1451.6500244140625
2025-04-04,1460.5,1472.0,1448.0,1451.6500244140625,1380.0606689453125,9590254,-0.029969913522176705,-0.09472733609098827,-0.15182586946300758,1596.5000061035157,1736.5920068359376,1597.3231480863883,30.802651253422823,-65.35416372439317,-59.10651114731551,-6.247652577077666,0.018449574133012545,-0.08310623524786642,0.9092702905507779,0.8359188679320032,1396.75
2025-04-07,1352.0,1405.9000244140625,1307.0,1396.75,1327.8680419921875,21715252,-0.03781904969568828,-0.11071850616685697,-0.18597195566411306,1580.5450073242187,1727.2180078125,1578.220943506732,24.4717381182992,-73.37388929600138,-61.959986777052684,-11.413902518948696,0.019413795262646943,1.2643041571161722,0.8837141577920807,0.8086703552662506,1428.800048828125
2025-04-08,1431.0,1456.5,1415.0,1428.800048828125,1358.3375244140625,12805001,0.022946159891265472,-0.06400258838642314,-0.15255038622293893,1567.685009765625,1718.285009765625,1563.9903821087694,30.366499150130522,-76.26428134107482,-64.82084568985712,-11.443435651217698,0.020666227435682655,-0.4103222472389453,0.9114076105388902,0.8315268076644712,1403.699951171875
2025-04-09,1405.050048828125,1409.449951171875,1381.9000244140625,1403.699951171875,1334.47509765625,8546854,-0.01756725699781203,-0.0944747740126275,-0.1749978010196095,1552.797509765625,1709.9190087890624,1548.7246267814462,28.84904634122509,-79.6620118863907,-67.78907892916384,-11.872932957226865,0.020357317624505013,-0.3325378108131346,0.9039813255391849,0.8209160457055525,1409.449951171875
2025-04-11,1411.25,1438.800048828125,1397.050048828125,1409.449951171875,1339.941650390625,12567440,0.0040963170193171194,-0.058169093770882085,-0.15175134094783893,1540.190008544922,1701.5130078125,1535.4603719614872,24.80440407935461,-80.95753283344561,-70.42276971002019,-10.53476312342542,0.020287723209284448,0.470417068081425,0.9151143322267347,0.828350970401274,1426.0
2025-04-15,1445.5999755859375,1447.699951171875,1409.0,1426.0,1355.675537109375,10178530,0.011742203981322419,-0.01766956496585037,-0.10362383512953222,1531.947509765625,1692.4080078125,1525.0355746318219,29.313137794554493,-79.72971734033672,-72.2841592360835,-7.445558104253223,0.019010376286033293,-0.1900872413156538,0.9308412924788565,0.8425864173516632,1413.0999755859375
2025-04-16,1425.0,1427.5,1396.800048828125,1413.0999755859375,1343.41162109375,12022740,-0.009046300430618825,0.01170572800138725,-0.10554799669389836,1523.610009765625,1683.4710083007812,1514.3750413893567,28.368468876580778,-78.88821464411876,-73.60497031769054,-5.283244326428218,0.019025982046762355,0.18118628131960124,0.9274682934140823,0.8393966802031572,1419.5
2025-04-17,1398.0,1429.800048828125,1378.300048828125,1419.5,1349.49609375,14264227,0.004529066962448036,-0.006508992518409196,-0.10726080537768057,1515.0825073242188,1674.2650073242187,1505.339323161799,22.930468550839336,-76.81936340870493,-74.24784893589342,-2.571514472811515,0.018967623208278956,0.1864372846788669,0.9369126718431812,0.8478347177957332,1451.0
2025-04-21,1410.0,1471.800048828125,1410.0,1451.0,1379.442626953125,15648970,0.022190912293061027,0.033696694787683557,-0.08745010820923882,1508.1300048828125,1666.2580078125,1500.164149527342,30.892034595086514,-71.81021371248403,-73.76032189121155,1.9501081787275183,0.019929988786792842,0.09707802602973148,0.9621186471339706,0.8708135193930168,1422.800048828125
2025-04-22,1440.0,1440.0,1419.300048828125,1422.800048828125,1352.63330078125,9399738,-0.01943483885036179,0.009471849387167053,-0.10321136740750836,1499.9425048828125,1657.4480078125,1492.7961399369406,28.093579973085667,-69.31688497032383,-72.871634507034,3.554749536710176,0.020201744026169643,-0.3993382312062711,0.948569724637069,0.8584281631288915,1474.9000244140625
2025-04-23,1446.0,1487.800048828125,1439.5999755859375,1474.9000244140625,1402.1639404296875,11136642,0.03661791804747905,0.034291742225850186,-0.08706014680020968,1492.9100036621094,1648.9700073242188,1491.0917479823806,38.911413334509504,-62.41736286097466,-70.78078017782214,8.363417316847475,0.02168692140643852,0.18478217158818677,0.9879363262327479,0.8944371443161544,1471.4000244140625
2025-04-24,1469.9000244140625,1482.9000244140625,1461.5,1471.4000244140625,1398.8365478515625,7114292,-0.0023730422008708674,0.04125684653270989,-0.07607297773982713,1486.8525024414062,1640.4570068359376,1489.216345737779,42.9557728675708,-56.579647671473595,-67.94055367655244,11.360906005078846,0.021563299736401344,-0.36118158417950397,0.9896072555939673,0.8969451916646405,1480.199951171875
2025-04-25,1475.5,1501.699951171875,1463.5,1480.199951171875,1407.2025146484375,8329979,0.005980648777899056,0.04276150135390977,-0.070663976661827,1481.225,1631.7480053710938,1488.357641493407,40.70431221958309,-50.659168420711694,-64.4842766253843,13.825108204672603,0.02165789258206907,0.17087954781726689,0.9993079722337086,0.9071253320363315,1482.0999755859375
2025-04-28,1480.199951171875,1489.5999755859375,1465.300048828125,1482.0999755859375,1409.0087890625,5886253,0.001283626859032383,0.021433477316290528,-0.08987072367844051,1473.9075012207031,1623.3170043945313,1487.7616733117434,47.78119892186939,-45.291734941406276,-60.6457682885887,15.354033347182423,0.020830178286100943,-0.29336520536246247,1.0055583368416603,0.9130071154147337,1497.5
2025-04-29,1482.0,1509.800048828125,1474.0999755859375,1497.5,1423.6494140625,8056743,0.010390678542433918,0.052502072398297184,-0.0637406322699744,1468.8100036621095,1615.6610034179687,1488.6891329963394,57.76986087591863,-39.341843687365326,-56.384983368344024,17.043139680978697,0.020835646930330798,0.3687388224733119,1.0195328165428879,0.9268652253362578,1500.0999755859375
2025-04-30,1496.800048828125,1508.800048828125,1482.5999755859375,1500.0999755859375,1426.1212158203125,7704183,0.001736210741861477,0.017085870740212616,-0.0645131552443835,1463.6375,1608.1500024414063,1489.7758799096346,71.28731691348074,-34.02450241666179,-51.91288717800758,17.88838476134579,0.020824671198179268,-0.04375961849596044,1.0249122310585357,0.9328109774017144,1506.9000244140625
2025-05-02,1499.699951171875,1523.199951171875,1496.199951171875,1506.9000244140625,1432.5858154296875,7402310,0.004533063754946776,0.02412668167117693,-0.040588290840782415,1460.45,1601.0250024414063,1491.4067508148182,67.95400729951996,-28.928296643734257,-47.31596907115292,18.387672427418664,0.020473744103504138,-0.03918299967692873,1.0318052822171677,0.9412095514537172,1508.5999755859375
2025-05-05,1515.0,1523.0,1502.800048828125,1508.5999755859375,1434.2020263671875,4282493,0.0011281114502177392,0.01918661353256912,-0.011726186972854546,1459.554998779297,1594.332001953125,1493.04420079302,77.02216321702167,-24.470266994325357,-42.74682865578741,18.276561661462054,0.019523293044870712,-0.42146532636433764,1.0336026918119972,0.9462269927078162,1511.5
2025-05-06,1506.0,1515.5999755859375,1499.0999755859375,1511.5,1436.958984375,4270530,0.0019223282917899542,0.019836734969541636,-0.02493308634993041,1457.6224975585938,1587.4340014648437,1494.8018959555895,76.67975132761438,-20.467304301565946,-38.29092378494312,17.823619483377172,0.019174287261600826,-0.0027934663290751782,1.036962589786894,0.9521655694694874,1508.300048828125
2025-05-07,1500.0,1518.800048828125,1496.5999755859375,1508.300048828125,1433.916748046875,5691799,-0.0021170699119252845,0.00721205263981628,0.00788509778023716,1458.2125,1580.7540014648437,1496.0874343244025,73.1309988774191,-17.353101096715363,-34.10335924729757,16.750258150582205,0.017486636541140403,0.33280857411140996,1.0343485937942,0.9541649411802359,1511.4000244140625
2025-05-08,1508.0,1516.5,1501.199951171875,1511.4000244140625,1436.8638916015625,8424409,0.00205527778663539,0.007532863817100832,0.0411600585506946,1461.2,1573.9430029296875,1497.5457762377034,79.23858848544087,-14.468150663305096,-30.176317530499077,15.708166867193981,0.01594418568957249,0.48009601182332684,1.0343553410991393,0.9602635048415289,1507.5999755859375
2025-05-09,1500.699951171875,1511.4000244140625,1494.0999755859375,1507.5999755859375,1433.2513427734375,4478653,-0.0025142574875888224,0.0004644974188963147,0.07936278903593164,1466.742498779297,1567.8790014648437,1498.503319032773,76.61632645534841,-12.346120450616809,-26.610278114522625,14.264157663905817,0.012963018050618565,-0.468371846618558,1.0278559302949526,0.9615537769033271,1626.9000244140625
2025-05-12,1537.0,1632.0,1532.0,1626.9000244140625,1546.66796875,11372857,0.07913242953042521,0.07841710906973698,0.13864779452409404,1476.6474975585938,1563.9140014648438,1510.731576688134,84.721688763504,-1.0260516258895223,-21.493432816796005,20.467381190906483,0.02094040893177311,1.539347656538696,1.1017524677378234,1.0402746077407214,1568.5999755859375
2025-05-13,1609.0,1612.199951171875,1564.5999755859375,1568.5999755859375,1491.2430419921875,12846210,-0.03583505313986468,0.03777702652063342,0.11747526547706744,1484.8924987792968,1558.9860009765625,1516.242852773639,75.72334407155714,3.2039249157517133,-16.55396127028646,19.757886186038174,0.022402633390081934,0.12954994510174522,1.0563727521523982,1.006166812661148,1592.4000244140625
2025-05-14,1574.0,1595.0,1569.5,1592.4000244140625,1513.869384765625,4870057,0.015172796888024198,0.055758120309867376,0.12980246165539633,1494.0400024414062,1555.552001953125,1523.4959167393938,73.03017542516437,8.380076529642793,-11.56715371030061,19.9472302399434,0.02249499809224454,-0.6208954236307829,1.0658349320044487,1.0236880685535885,1613.0
2025-05-15,1589.800048828125,1618.5999755859375,1571.0,1613.0,1533.4534912109375,11151167,0.012936432598660286,0.06722242552915514,0.13113604488078545,1503.3900024414063,1552.4580029296876,1532.0201151451658,76.01027507071062,13.983269418838745,-6.457069084472739,20.440338503311484,0.022511630274813503,1.2897405512912887,1.0729085582454283,1.038997510371335,1589.9000244140625
2025-05-16,1612.5999755859375,1612.5999755859375,1581.5,1589.9000244140625,1511.49267578125,4576751,-0.014321125595745499,0.05459011021550242,0.12511503211569686,1512.2300048828124,1548.9700024414062,1537.5324874564892,69.14485628303939,16.371148764842474,-1.891425514609697,18.26257427945217,0.02273211792986406,-0.5895720151980506,1.0513612474825011,1.0264240249379553,1559.800048828125
2025-05-19,1576.5,1585.0,1555.699951171875,1559.800048828125,1482.8770751953125,8855798,-0.01893199265597245,-0.041244068215011476,0.09883765327800287,1519.2450073242187,1546.4120043945313,1539.653207587121,62.34509932611153,15.654290954829094,1.6177177792780615,14.036573175551032,0.023415273364340086,0.9349529830222356,1.0266942075230736,1.0086574886870692,1560.5999755859375
2025-05-20,1570.0,1583.5,1558.0,1560.5999755859375,1483.637451171875,7143998,0.000512839295276013,-0.00510008933094086,0.07553409757817886,1524.7250061035156,1543.4520043945313,1541.6481378727226,60.5131590668637,14.978065563506561,4.289787336123762,10.6882782273828,0.023075809641967024,-0.1932970919165049,1.0235288129589357,1.0111101421635285,1568.5
2025-05-21,1567.9000244140625,1571.0,1552.0999755859375,1568.5,1491.14794921875,4157309,0.005062171304402563,-0.01500880686236905,0.1024036731597524,1532.0100036621093,1541.0560034179687,1544.2054580753204,61.19843139261271,14.907770517141898,6.41338397232739,8.494386544814509,0.022412994162935653,-0.41806968590976645,1.0238183799392075,1.0178085653741085,1547.5
2025-05-22,1555.5,1560.800048828125,1540.0,1547.5,1471.18359375,6158990,-0.013388587822760645,-0.04060756354618722,0.04922365881360635,1535.6400024414063,1537.7760034179687,1544.5192239729088,56.351686277745124,13.007593252700872,7.732225828402086,5.275367424298786,0.021484119271014186,0.48148477777331444,1.0077231626811871,1.0063234154782088,1564.800048828125
2025-05-23,1550.0,1587.199951171875,1550.0,1564.800048828125,1487.63037109375,5038421,0.011179353039176165,-0.015787140826787338,0.06347697625685167,1540.3100036621095,1534.7550048828125,1546.450731101977,58.38306398602456,12.750676575935358,8.735915977908741,4.0147605980266174,0.021532076063810773,-0.1819403830822911,1.0158994261595329,1.0195764430477336,1580.5
2025-05-26,1566.5999755859375,1583.800048828125,1562.699951171875,1580.5,1502.55615234375,3170102,0.010033199566700235,0.013270900451264112,0.0677611485858498,1545.3250061035155,1532.6450048828126,1549.6935186160745,59.91379310344828,13.65649948305304,9.720032678937601,3.9364668041154385,0.021577690612873866,-0.37081438807912237,1.0227621980861987,1.031223796094156,1570.0999755859375
2025-05-27,1579.9000244140625,1582.9000244140625,1556.4000244140625,1570.0999755859375,1492.6690673828125,7775714,-0.006580211587511875,0.006087402376405482,0.059375211827535246,1549.7250061035156,1530.0180053710938,1551.6369907084422,58.69931222053482,13.380928593968974,10.452211861943876,2.928716732025098,0.0216915227420681,1.4528277008121506,1.0131474741661752,1.0261970578608466,1571.800048828125
2025-05-28,1581.0,1587.699951171875,1570.0,1571.800048828125,1494.2852783203125,3623370,0.0010827802487882732,0.0021039520740357975,0.049616059317612704,1553.440008544922,1528.2220068359375,1553.5572819579359,58.535895313544245,13.14815463928835,10.991400417412772,2.1567542218755786,0.021626742179978908,-0.5340144969323717,1.0118189567554658,1.028515517900709,1585.5999755859375
2025-05-29,1589.0,1608.9000244140625,1576.5999755859375,1585.5999755859375,1507.4046630859375,8609500,0.008779696099450618,0.0246203396355007,0.056996201180927075,1557.7150085449218,1528.1170068359374,1556.6089670653646,60.72017448200655,13.916794220839392,11.576479178098095,2.340315042741297,0.021668559549676895,1.3761029097221646,1.0179011994415226,1.0376168634292096,1562.699951171875
2025-05-30,1571.0,1572.0,1555.0999755859375,1562.699951171875,1506.5369873046875,13148092,-0.014442497960811429,-0.0013420869061339102,0.037029614343200734,1560.5050048828125,1527.7740063476563,1557.1890607897942,37.9954997418446,12.533626199327955,11.767908582344068,0.7657176169838866,0.02201027316425414,0.5271609268830943,1.0014065615183512,1.0228606748636297,1553.800048828125
2025-06-02,1560.0,1560.0,1539.0,1553.800048828125,1497.9569091796875,4374509,-0.005695208691262832,-0.01689335727420116,0.029961602793100894,1562.7650085449218,1527.0490063476564,1556.8662977458257,46.605519485064576,10.597150483265523,11.53375696252836,-0.9366064792628368,0.022077983621859924,-0.6672894439740762,0.9942633987401958,1.0175181296535145,1543.0
2025-06-03,1559.0,1567.300048828125,1535.5999755859375,1543.0,1487.5450439453125,6853403,-0.006950732712532992,-0.017260031849770763,0.020840224942110464,1564.3400085449218,1526.1080053710937,1555.545697960509,37.95120638291158,8.097661050109537,10.846537780044596,-2.748876729935059,0.022162316833954716,0.5666679391904326,0.9863584588846697,1.0110686757224623,1551.199951171875
2025-06-04,1543.0,1557.300048828125,1541.4000244140625,1551.199951171875,1495.4503173828125,4548307,0.005314291102965107,-0.013106054851956928,0.028442551849733766,1566.4850036621094,1525.4010034179687,1555.1318173139725,33.956361414596984,6.701217729580094,10.017473769951696,-3.316256040371602,0.022165040036985866,-0.33634327355329896,0.990242452079336,1.0169128954918074,1554.300048828125
2025-06-05,1547.9000244140625,1567.699951171875,1541.5999755859375,1554.300048828125,1498.43896484375,6948539,0.0019985158289284044,-0.019740115564927385,0.02838429517076002,1568.6300048828125,1524.1760034179688,1555.0526012677014,39.68714350477637,5.778072288870817,9.169593473735521,-3.391521184864704,0.02216498636148052,0.5277198746698497,0.9908646678884878,1.0197641514776528,1563.800048828125
2025-06-06,1554.699951171875,1568.9000244140625,1543.0999755859375,1563.800048828125,1507.5975341796875,3960020,0.00611207598376029,0.0007039724135302627,0.03727784170356263,1571.440008544922,1523.6010034179687,1555.8856915115514,51.315789473684205,5.746797971632759,8.485034373314969,-2.73823640168221,0.022164085251811412,-0.43009314619951045,0.995138242837618,1.0263842340087568,1572.9000244140625
2025-06-09,1578.0,1588.0,1571.0,1572.9000244140625,1516.3704833984375,2903202,0.005819142666453336,0.012292428231253316,-0.03319195967155286,1568.740008544922,1523.20400390625,1557.5061041689335,53.836570518238965,6.382728704622195,8.064573239576415,-1.6818445349542195,0.01285282138131174,-0.26687188448543187,1.0026518198340586,1.0326259781226725,1596.0
2025-06-10,1584.0,1607.5,1577.5,1596.0,1538.6402587890625,8591925,0.014686232581465397,0.03434867141931308,0.01746782152270998,1570.110009765625,1522.5550048828125,1561.172189486178,57.83475783475784,8.650960480006233,8.18185068766238,0.4691097923438541,0.010525672401072675,1.959465100947161,1.0164892842369941,1.0482379913248785,1631.0999755859375
2025-06-11,1590.0999755859375,1634.5999755859375,1590.0999755859375,1631.0999755859375,1572.478759765625,10597410,0.02199246590597581,0.05150852690119079,0.024302907924228956,1572.0450073242187,1523.1880053710938,1567.831978638536,72.04640990263346,13.129476755553014,9.171375901240507,3.958100854312507,0.011106188937516408,0.23341509615132816,1.037565698174403,1.0708461265676479,1608.5999755859375
2025-06-12,1617.0,1628.0,1598.0999755859375,1608.5999755859375,1550.787353515625,10483574,-0.013794372102738484,0.0349352924480395,-0.002727851465630815,1571.8250061035155,1523.28900390625,1571.714645014479,61.24228522228022,14.693790341744261,10.275858789341259,4.417931552403003,0.011234735524617087,-0.010741869947468285,1.0233963509548594,1.0560044557933,1602.0
2025-06-13,1576.0,1609.0,1570.199951171875,1602.0,1544.424560546875,6968315,-0.004102931546752897,0.02442764418667287,0.007610526070906065,1572.4300048828125,1523.9160034179688,1574.5989645369095,55.78890836112839,15.225447773166934,11.265776586106394,3.9596711870605397,0.01077582721309357,-0.3353111257668425,1.0188052854660397,1.051239042313945,1623.800048828125
2025-06-16,1600.0,1634.800048828125,1597.0999755859375,1623.800048828125,1565.441162109375,5591842,0.01360802049196308,0.03236062281391594,0.04103090011317989,1575.6300048828125,1525.8620043945311,1579.284782088454,63.62254690355701,17.207514353611487,12.454124139607414,4.753390214004073,0.010135401335245679,-0.19753311955616248,1.0305719260207253,1.0641853877687033,1639.9000244140625
2025-06-17,1620.699951171875,1647.4000244140625,1615.5999755859375,1639.9000244140625,1580.9625244140625,7622083,0.009914998831017874,0.02750628096119212,0.050813821651093605,1579.5950073242188,1527.6570043945312,1585.0576623099405,66.09929430043859,19.848647027725747,13.933028717231082,5.915618310494665,0.01027686067578213,0.3630719537497662,1.0381775181677728,1.0734739667979445,1632.9000244140625
2025-06-18,1621.0,1644.699951171875,1621.0,1632.9000244140625,1574.214111328125,5629707,-0.0042685528969981235,0.001103579703922497,0.04105835155502868,1582.815008544922,1530.3850048828126,1589.6140777484284,61.55350759913222,21.133310552713056,15.373085084327478,5.760225468385578,0.010367320242785492,-0.2613952117813464,1.0316430003498536,1.0669864244645417,1618.4000244140625
2025-06-19,1623.9000244140625,1630.0,1611.5,1618.4000244140625,1560.2352294921875,5147760,-0.008879906781312674,0.006092284580916596,0.04581584776352998,1586.360009765625,1533.7200048828124,1592.3555964784887,64.18749211020037,20.742282709866004,16.446924609435182,4.295358100430821,0.010058009367472977,-0.08560783003449379,1.0201971900774096,1.055212176447891,1622.9000244140625
2025-06-20,1619.0,1630.699951171875,1608.9000244140625,1622.9000244140625,1564.573486328125,9202821,0.0027805239323506203,0.013046207499414875,0.03712932884265219,1589.2650085449218,1538.2430053710937,1595.2645896152098,68.00416018625421,20.5585169331639,17.269243074180928,3.2892738589829733,0.009840319410930859,0.7877331111007506,1.021163881220751,1.0550348798904798,1584.0
2025-06-23,1601.0,1601.0,1575.4000244140625,1584.0,1527.071533203125,7943676,-0.023969452109723788,-0.024510437018922526,0.0022144890857322963,1589.440008544922,1541.3470043945313,1594.1917715566185,59.31818181818181,17.07711995333625,17.230818450011995,-0.15369849667574442,0.011199299504990956,-0.1368216332796215,0.9965774055543611,1.0276725458211946,1581.5999755859375
2025-06-24,1601.0,1609.0,1576.5999755859375,1581.5999755859375,1524.7576904296875,8083992,-0.0015151669280697444,-0.03555097747434677,0.007324374357568164,1590.0150085449218,1544.9050048828126,1592.9925528927442,57.09617507452727,13.963463734362676,16.57734750688213,-2.613883772519454,0.011095402332570567,0.017663862423391796,0.9947075763978573,1.0237522505184118,1614.9000244140625
2025-06-25,1590.0,1619.9000244140625,1585.0999755859375,1614.9000244140625,1556.8609619140625,7813533,0.021054659422202082,-0.011023332556112209,0.02742077506491447,1592.1700073242187,1549.0140063476563,1595.0789787519175,62.39770244115628,14.021275848415144,16.066133175188735,-2.0448573267735917,0.01201822640426068,-0.03345611920447222,1.014276124399582,1.0425341654732714,1616.0
2025-06-26,1608.800048828125,1624.0,1606.5999755859375,1616.0,1557.92138671875,6519233,0.0006811415996705872,-0.0014829611825614153,0.019172568669363566,1593.690008544922,1552.8140063476562,1597.0714569660206,61.05931168895657,13.994530960600287,15.651812732271047,-1.6572817716707604,0.011893060472944875,-0.16564849729309394,1.013998952955379,1.0406912826610588,1608.0
2025-06-27,1619.0,1629.5999755859375,1602.4000244140625,1608.0,1550.208984375,8912268,-0.004950495049504955,-0.00918111047502268,0.028988321650713855,1595.955010986328,1556.7120068359375,1598.1122705883042,57.471258394606664,13.175918516180218,15.156633889052882,-1.9807153728726643,0.011423797398786949,0.36707308973310204,1.0075471983425321,1.0329463593386852,1601.800048828125
2025-06-30,1615.0,1615.0,1594.0999755859375,1601.800048828125,1544.2318115234375,6294505,-0.003855691027285446,0.011237404563210207,0.030892005722487736,1598.3550109863281,1560.3580078125,1598.4634875635252,51.33028642846904,11.88981957289593,14.503271025821494,-2.6134514529255632,0.011370167119795698,-0.2937257946013293,1.0021553646205739,1.0265593157519814,1606.800048828125
2025-07-01,1609.0,1617.699951171875,1600.5,1606.800048828125,1549.05224609375,4178937,0.003121488230480418,0.015933278724825195,0.04134805497610183,1601.5450134277344,1563.4740087890625,1599.2574457792014,43.5338149014115,11.145556075189916,13.83172803569518,-2.6861719605052645,0.011193955847401293,-0.33609759623671753,1.0032812286612809,1.027711391296245,1610.5
2025-07-02,1618.0,1649.0,1603.4000244140625,1610.5,1552.619140625,8653641,0.0023026830093597628,-0.0027246419886945983,0.03822850096360941,1604.5100158691407,1567.2280078125,1600.3281652288013,50.56180505274435,10.730581564200065,13.211498741396158,-2.4809171771960923,0.011168489577571036,1.0707756541914848,1.0037332170392308,1.0276105276142289,1618.699951171875
2025-07-03,1618.5,1632.4000244140625,1615.0,1618.699951171875,1560.5244140625,5259695,0.005091556145218945,0.0016707618637841204,0.041433378575973734,1607.7300109863281,1570.1040063476562,1602.0778591281417,54.89160982684175,10.937300413298544,12.756659075776636,-1.8193586624780913,0.011190782282448342,-0.3921986132773476,1.0068232477534067,1.0309507807302918,1640.699951171875
2025-07-04,1625.0,1643.4000244140625,1612.300048828125,1640.699951171875,1581.733642578125,4411273,0.013591153804676903,0.020335790529772968,0.049175022344689845,1611.5750061035155,1573.4900048828124,1605.7561536084972,54.944386190975514,12.729603780389425,12.751248016699195,-0.021644236309770193,0.011454072847981774,-0.1613063114876433,1.0180723484529448,1.04271393277396,1627.0
2025-07-07,1640.0,1644.0,1623.0,1627.0,1568.5262451171875,3294523,-0.008350064959829928,0.015732270198338005,0.03439505038223323,1614.2800048828126,1576.426005859375,1607.7793770743547,46.17209680726134,12.895889757642863,12.78017636488793,0.11571339275493209,0.011671845500753876,-0.2531582153269589,1.0078796708617541,1.0320814259296966,1638.699951171875
2025-07-08,1628.0,1646.199951171875,1621.5,1638.699951171875,1579.8055419921875,4590681,0.007191119343500363,0.01985306284189825,0.026754355370848915,1616.4150024414062,1579.5580053710937,1610.7241936550708,51.67434540435126,13.812538525524815,12.98664879701531,0.8258897285095053,0.011350775653989176,0.3934281229786527,1.0137866505178497,1.037442085443951,1633.699951171875
2025-07-09,1637.800048828125,1638.0,1623.5999755859375,1633.699951171875,1574.9853515625,4580828,-0.0030511992121707854,0.014405433822958669,0.0015940013640203254,1616.5450012207032,1582.2820043945312,1612.9123610376237,54.67316515899358,13.974442391807997,13.184207515973847,0.79023487583415,0.010289168296452808,-0.002146304655017417,1.0106121078833052,1.032496070001769,1615.800048828125
2025-07-10,1638.9000244140625,1638.9000244140625,1607.0999755859375,1615.800048828125,1557.728759765625,5330179,-0.010956664552086326,-0.0017915008532931598,0.004475987412324134,1616.9050048828126,1584.596005859375,1613.1873789224333,47.995486631178224,12.514124807863936,13.050190974351867,-0.5360661664879309,0.010104965434129715,0.16358418172435196,0.9993166227753945,1.0196921125973855,1594.9000244140625
2025-07-11,1579.0999755859375,1607.0999755859375,1563.0,1594.9000244140625,1537.5797119140625,11391755,-0.012934783873301936,-0.027914870555764804,-0.004431944810198152,1616.5500061035157,1586.356005859375,1611.4457261121122,53.42553199651665,9.560151820941655,12.352183143669825,-2.7920313227281692,0.010491783201145537,1.1372180934261307,0.9866072923152945,1.0053859401818566,1570.300048828125
2025-07-14,1591.800048828125,1591.800048828125,1559.800048828125,1570.300048828125,1513.8638916015625,9173426,-0.015424148980733188,-0.03484938609211741,-0.032947406325434136,1613.8750061035157,1587.5900073242187,1607.5270901803037,46.8836330558636,5.174446706714434,10.916635856278747,-5.742189149564313,0.010493607658391992,-0.19473110157302365,0.9729997942154166,0.9891093050369882,1585.5999755859375
2025-07-15,1565.0999755859375,1603.5999755859375,1564.0,1585.5999755859375,1528.614013671875,7614807,0.009743314196054786,-0.03240372073482056,-0.03311180439034778,1611.1600036621094,1589.0720068359376,1605.4387935522689,41.02874229116053,2.8998918804450113,9.313287061112,-6.413395180666988,0.010483739312892133,-0.16990587813102764,0.9841356364246413,0.9978150573195778,1607.9000244140625
2025-07-16,1579.0,1612.0,1578.5,1607.9000244140625,1550.1126708984375,6223491,0.014064107701492912,-0.0157923287806343,-0.015310184105711389,1609.9100036621094,1591.0640063476562,1605.6731964914873,47.80488030800154,2.8637073289967248,8.023371114688945,-5.159663785692221,0.011028200617300962,-0.18271191902828265,0.9987514958951279,1.0105816095387978,1583.5
2025-07-17,1598.0,1610.0,1580.0999755859375,1583.5,1526.589599609375,7374814,-0.015175088030087047,-0.019990127399458157,-0.021564522916204254,1608.1650024414062,1592.506005859375,1603.5614634922981,43.902428650418955,0.8562820738454775,6.589953306520252,-5.733671232674775,0.011358445638406945,0.18499633083746736,0.9846626419528087,0.9943447586217956,1586.0999755859375
2025-07-18,1592.0999755859375,1599.300048828125,1580.0,1586.0999755859375,1529.095947265625,5161833,0.0016419170103805225,-0.005517617840251732,-0.02267548726016655,1606.325,1594.076005859375,1601.8984646440733,46.021262418183994,-0.5188397411279766,5.168194696990607,-5.687034438118584,0.01134119209692792,-0.3000727882764229,0.9874091330122717,0.9949964554738169,1584.300048828125
2025-07-21,1580.0,1589.0,1566.800048828125,1584.300048828125,1527.36083984375,3682661,-0.001134812928263007,0.00891549357745225,0.0001894247652305392,1606.3400024414063,1593.2240063476563,1600.2224250425545,44.20400688274182,-1.7338855797945598,3.787778641633574,-5.521664221428134,0.009984362879874399,-0.2865594450653479,0.9862793969024094,0.9943988055138657,1570.9000244140625
2025-07-22,1565.0,1585.800048828125,1565.0,1570.9000244140625,1514.4423828125,8473741,-0.008458009216104179,-0.009270907794030947,-0.006765270192869655,1605.8050048828125,1593.2700073242188,1597.4298154588887,40.284583597629755,-3.7350330068825315,2.2832163119303535,-6.0182493188128845,0.01016102617655909,1.300983174937905,0.9782632509161364,0.9859597037493193,1574.5
2025-07-23,1576.300048828125,1591.9000244140625,1550.0,1574.5,1517.9129638671875,8035026,0.0022916643516384116,-0.020772450965185985,-0.025017043657994176,1603.7850036621094,1592.9120068359375,1595.2460235104231,38.9056184292126,-4.973141536840785,0.8319447421761258,-5.805086279016911,0.008870815379086435,-0.05177347289703571,0.9817400689024779,0.9884412906947007,1552.5
2025-07-24,1580.0,1582.0,1548.199951171875,1552.5,1496.70361328125,14169664,-0.013972689742775435,-0.019576886643511204,-0.039294554455445496,1600.6100036621094,1591.7020068359375,1591.1749736522877,27.861425479396317,-7.64148136473591,-0.8627404792062814,-6.778740885529628,0.009299591548148764,0.7634870129853968,0.9699427071228867,0.9753710137528411,1515.699951171875
2025-07-25,1543.4000244140625,1549.5,1511.300048828125,1515.699951171875,1461.2261962890625,10851259,-0.023703735154991912,-0.04438561597484125,-0.05740052787818717,1595.9950012207032,1590.2180053710938,1583.9868762732008,24.966228831243,-12.580595023994192,-3.2063113881638636,-9.374283635830329,0.01048653823352665,-0.23419080367749012,0.9496896606897802,0.9531397242720634,1516.0
2025-07-28,1513.9000244140625,1519.300048828125,1482.5,1516.0,1461.515380859375,6439855,0.0001979605712152388,-0.04311055148842868,-0.05356476851832803,1591.7049987792968,1589.3420043945312,1577.511935675753,20.91038217460057,-16.282966844542898,-5.821642479439671,-10.461324365103227,0.010506227834844622,-0.40653384091191636,0.9524377954222949,0.95385385638098,1513.699951171875
2025-07-29,1512.9000244140625,1517.199951171875,1496.0999755859375,1513.699951171875,1459.2979736328125,7070448,-0.0015171826043041126,-0.036412293814511054,-0.05794130870493186,1587.0499938964845,1588.40400390625,1571.4346038182407,21.181549437315525,-19.18160431024171,-8.493634845600079,-10.68796946464163,0.010421900669168403,0.0979203724307458,0.9537821473761375,0.9529691107862606,1519.0
2025-07-30,1519.9000244140625,1521.699951171875,1506.0,1519.0,1464.40771484375,5719051,0.003501386667827955,-0.03524928548745632,-0.056814653834213025,1582.4749938964844,1587.41400390625,1566.4408320260275,25.255623594257457,-20.811226870465816,-10.957153250573228,-9.854073619892588,0.010456953690594274,-0.1911331502614827,0.9598887855155349,0.9569022298292069,1509.0
2025-07-31,1509.699951171875,1527.0999755859375,1497.0,1509.0,1454.76708984375,6851407,-0.006583278472679366,-0.02801932367149762,-0.06777040494284103,1576.9899963378907,1586.64400390625,1560.9702765949773,26.746077327910342,-22.64855250174719,-13.29543310080802,-9.35311940093917,0.010314115260133731,0.19799718519733434,0.9568862221727608,0.9510640044552566,1469.5999755859375
2025-08-01,1493.9000244140625,1498.699951171875,1465.5,1469.5999755859375,1416.782958984375,8702978,-0.026110022805873045,-0.030414974646066906,-0.10428474472966787,1568.4349975585938,1584.7400024414062,1552.268343165545,24.761901848186227,-26.972971368383014,-16.03094075432302,-10.942030614059995,0.010675476244398309,0.2702468266737037,0.9369849422344556,0.9273445317982211,1480.5
2025-08-04,1461.5,1482.800048828125,1451.0,1480.5,1427.291259765625,8610216,0.007417000949334174,-0.023416886543535576,-0.0900430239704979,1561.1099975585937,1582.7400024414062,1545.4332628640645,23.065131414706357,-29.184146921823412,-18.661581987823098,-10.522564934000314,0.011025472360387412,-0.010658650406791814,0.948363665798913,0.9354031601629459,1460.300048828125
2025-08-05,1478.699951171875,1478.699951171875,1455.0,1460.300048828125,1407.8172607421875,10213323,-0.013644006195119851,-0.03527773275173118,-0.10886672829652055,1552.1900024414062,1580.54400390625,1537.3253377177846,11.76168854127333,-32.1953586663285,-21.36833732352418,-10.827021342804322,0.010830489722921837,0.18618661831480177,0.9407998032014447,0.9239224249492914,1436.699951171875
2025-08-06,1452.0,1456.0999755859375,1430.300048828125,1436.699951171875,1385.0654296875,10566934,-0.016161129129036778,-0.05418041397506579,-0.12058517836074445,1542.3400024414063,1577.842001953125,1527.741967570555,11.810640049183746,-36.07030034566924,-24.30872992795319,-11.761570417716047,0.011056714000560396,0.03462252197448379,0.9315066385477189,0.9105474118406419,1436.9000244140625
2025-08-07,1430.0,1442.0,1414.199951171875,1436.9000244140625,1385.2581787109375,9892020,0.00013925889120014467,-0.04777997056722172,-0.11071916017319816,1533.395001220703,1574.8680029296875,1519.0903539366034,10.69554244670205,-38.67920550138092,-27.18282504263874,-11.49638045874218,0.011091509193811867,-0.06387037148145336,0.9370710242763131,0.9123939414230484,1423.0999755859375
2025-08-08,1425.0,1433.199951171875,1417.0999755859375,1423.0999755859375,1371.9542236328125,10048009,-0.00960404244808355,-0.03164126345433571,-0.10771838121404587,1524.804998779297,1572.0760034179686,1509.948413141302,10.059528814402086,-41.383289441559555,-30.022917922422906,-11.360371519136649,0.01100325707481164,0.015769175557671655,0.9332996525622747,0.9052361161240734,1428.199951171875
2025-08-11,1419.9000244140625,1433.4000244140625,1414.0,1428.199951171875,1376.870849609375,6625368,0.003583708575244371,-0.035325936391844004,-0.09049232200068746,1517.6999938964843,1569.5640014648438,1502.1628453346898,13.126665846557586,-42.623433627817576,-32.54302106350184,-10.080412564315736,0.01093294786129236,-0.3406287753126017,0.9410291605162161,0.9099341918131172,1424.0999755859375
2025-08-12,1428.199951171875,1441.0,1421.0,1424.0999755859375,1372.9183349609375,9899184,-0.002870729397920324,-0.02478947615679239,-0.10185418925748901,1509.6249938964843,1567.1860009765626,1494.7282863109992,11.237180281780539,-43.43638300991438,-34.72169345278435,-8.71468955713003,0.010408726404863554,0.4941334579452794,0.9433468453050723,0.908698759878238,1426.5999755859375
2025-08-13,1425.0,1434.0,1422.4000244140625,1426.5999755859375,1375.3284912109375,10318063,0.00175549472850145,-0.007029982549730862,-0.11275579704913108,1500.559991455078,1564.6940014648437,1488.2398757657554,13.925570144112612,-43.378877448765934,-36.45313025198067,-6.925747196785267,0.00953002480164676,0.04231449784143826,0.9507117234297162,0.9117437494170588,1447.699951171875
2025-08-14,1426.199951171875,1470.0,1426.199951171875,1447.699951171875,1395.6700439453125,12902347,0.014790393906512822,0.007516129566645713,-0.08575942458359642,1493.7699890136719,1562.5619995117188,1484.3789305663383,28.589460155032086,-41.156288116808355,-37.39376182494621,-3.7625262918621445,0.010321139061190742,0.2504621264669542,0.9691585463755256,0.9264912058684797,1435.800048828125
2025-08-18,1464.699951171875,1464.699951171875,1429.5999755859375,1435.800048828125,1384.19775390625,7254561,-0.008219867890523425,0.008924231227646962,-0.09476068915661429,1486.2549926757813,1560.0019995117189,1479.7523704007942,26.46717070773498,-39.89520562925691,-37.89405058580835,-2.0011550434485557,0.01025152478815396,-0.43773322791582026,0.9660522964792067,0.9203834669939723,1440.0
2025-08-19,1432.699951171875,1449.4000244140625,1432.699951171875,1440.0,1388.2469482421875,3986094,0.002925164388525303,0.008262182629569903,-0.09108126262753125,1479.039990234375,1557.3439990234374,1475.9664303626234,28.612904734173014,-38.117492981376245,-37.93873906492193,-0.17875391645431193,0.010369836603461887,-0.4505395984677777,0.9736045066447537,0.9246512015989915,1496.199951171875
2025-08-20,1440.699951171875,1499.0,1440.699951171875,1496.199951171875,1442.427001953125,10413061,0.03902774386935759,0.05062845082647538,-0.04755240440590747,1475.3049865722655,1555.347998046875,1477.8934323444569,44.89246106273387,-31.80712379930992,-36.71241601179953,4.905292212489613,0.014196992111402268,1.6123470746048638,1.0141631491724006,0.9619711814016702,1496.4000244140625
2025-08-21,1508.0,1508.0,1484.300048828125,1496.4000244140625,1442.619873046875,6565539,0.00013372092548924464,0.04892755504180957,-0.049603033080938386,1471.3999877929687,1552.6539990234376,1479.6559649225146,47.04780362126632,-26.484667756441695,-34.666866360727965,8.18219860428627,0.014168126866149284,-0.3694900087495886,1.0169906462066733,0.9637691496980288,1487.5
2025-08-22,1498.0999755859375,1504.300048828125,1486.0999755859375,1487.5,1434.0396728515625,5543397,-0.005947623809714586,0.027491918332875454,-0.041867954911433136,1468.1499877929687,1550.2319995117186,1480.4030158822752,54.893390384010864,-22.722806220200482,-32.278054332622474,9.555248112421992,0.013936232850330948,-0.15568287691231442,1.013179860619091,0.959533799114276,1532.0999755859375
2025-08-25,1506.699951171875,1539.0,1506.699951171875,1532.0999755859375,1477.0367431640625,10694531,0.02998317686449581,0.06707056935707079,0.01082009958592578,1468.969989013672,1548.8339990234374,1485.3265358540525,61.91135304755952,-15.95869663685744,-29.014182793469466,13.055486156612027,0.014694587921624007,0.9292377940818599,1.042975681630265,0.989195728239404,1529.5999755859375
2025-08-26,1523.0,1538.4000244140625,1518.5999755859375,1529.5999755859375,1474.6265869140625,15994798,-0.0016317473009840322,0.06222220526801214,0.008970960149035312,1469.6499877929687,1546.9499975585939,1489.543053923756,67.42079392950365,-10.67674529222245,-25.346695293220066,14.669950000997616,0.014703177045455783,0.49560537063289645,1.0407920173448906,0.9887843679498121,1500.0999755859375
2025-08-28,1529.5999755859375,1529.5999755859375,1498.0,1500.0999755859375,1446.1868896484375,5443364,-0.01928608817393551,0.002606619797713483,-0.008984591414836651,1468.969989013672,1544.1539965820311,1490.54847503444,65.47852712101715,-8.770068366457735,-22.0313699078676,13.261301541409864,0.015356873050050837,-0.6596791031684177,1.0211917103855659,0.9714704484827247,1469.5999755859375
2025-08-29,1501.9000244140625,1501.9000244140625,1467.699951171875,1469.5999755859375,1416.782958984375,8169075,-0.0203319781990442,-0.017909682164445884,-0.032521411727493454,1466.4999877929688,1540.8879956054689,1488.5533798488682,56.95448140075123,-9.609337802209438,-19.54696348673597,9.93762568452653,0.015956116436667764,0.5007401672936074,1.0021138682705577,0.953735754822647,1499.4000244140625
2025-09-01,1476.699951171875,1503.4000244140625,1476.199951171875,1499.4000244140625,1445.5120849609375,4546057,0.020277660127371533,0.008000016412815114,-0.006361812846877091,1466.0199890136719,1538.5079956054688,1489.586393616982,65.19316872548018,-7.780165085501039,-17.193603806488984,9.413438720987944,0.01662498422820089,-0.44350406869810843,1.0227691543434196,0.9745805863192699,1498.699951171875
2025-09-02,1499.4000244140625,1512.800048828125,1486.300048828125,1498.699951171875,1444.837158203125,5218763,-0.0004669022480915386,-0.02180015987617845,0.01980129019418042,1467.4749877929687,1536.023994140625,1490.4543514793527,64.28861247542017,-6.314236006710644,-15.017730246533317,8.703494239822673,0.01546931704122576,0.1479757072997545,1.021278020844408,0.975700872440061,1479.0999755859375
2025-09-03,1500.0,1501.9000244140625,1473.0,1479.0999755859375,1425.9415283203125,4623483,-0.013077985070068077,-0.03301516789097436,-0.0009456429679585154,1467.4049865722657,1533.9259936523438,1489.3729823466465,60.48817891730782,-6.65728978366792,-13.345642153960238,6.688352370292318,0.015705406552557293,-0.11406534460369244,1.007969844126665,0.9642577162827373,1463.0
2025-09-04,1484.0,1484.0,1460.0999755859375,1463.0,1410.4202880859375,5787724,-0.010884981307338282,-0.024731668681913233,0.0018489016514391388,1467.5399841308595,1531.553994140625,1486.8612697422038,56.598990950064014,-8.134526096872605,-12.303418942542713,4.168892845670108,0.015590314563095255,0.2518103775876326,0.9969063983401119,0.9552389309140279,1444.5999755859375
2025-09-05,1470.0,1472.699951171875,1433.0,1444.5999755859375,1392.681396484375,5466487,-0.012576913475093932,-0.017011431964696677,0.005498729506894451,1467.9349853515625,1528.1479931640624,1482.8363845844642,49.432446747882985,-10.667012038005169,-11.976137561635205,1.309125523630037,0.015411842914020972,-0.05550316497469476,0.9841035127587504,0.9453272733060775,1432.9000244140625
2025-09-08,1451.0,1458.0,1428.300048828125,1432.9000244140625,1381.402099609375,3811567,-0.008099094122668404,-0.04435107304068975,-0.002783770570002675,1467.7349853515625,1524.4859936523437,1478.0805407587118,49.46866541688864,-13.462921492341138,-12.273494347776392,-1.1894271445647462,0.015528434811309923,-0.30273921807552084,0.9762661779645757,0.9399233777026309,1504.300048828125
2025-09-09,1481.0,1507.199951171875,1472.5,1504.300048828125,1450.2359619140625,13072640,0.049829034264452066,0.003736636977849539,0.057058586631452135,1471.794989013672,1522.4119946289063,1480.5776367653225,59.45310649294713,-9.804296792566902,-11.779654836734494,1.9753580441675922,0.018916283392021047,2.429728507986348,1.022085317627176,0.9881031246044563,1532.5999755859375
2025-09-10,1510.0999755859375,1534.9000244140625,1509.300048828125,1532.5999755859375,1477.518798828125,7281071,0.01881268752191989,0.036170644907763005,0.07309902533493262,1477.014990234375,1521.0279931640625,1485.5321452244286,55.829598954934475,-4.568579046621153,-10.337439678711826,5.768860632090673,0.01924694190283154,-0.4430297935229609,1.0376333251314815,1.0076080009532256,1509.699951171875
2025-09-11,1523.9000244140625,1527.5,1506.5,1509.699951171875,1455.4417724609375,8003662,-0.014941944916387895,0.031920677492737415,0.060108122360382765,1481.294989013672,1519.0859912109374,1487.8338410289473,51.98565628370465,-2.2412399790207473,-8.71819973877361,6.476959759752862,0.019649136845765004,0.09924240540986351,1.0191757633482015,0.9938212582478096,1525.5999755859375
2025-09-12,1537.0,1542.9000244140625,1521.0999755859375,1525.5999755859375,1470.7703857421875,12856963,0.010531910265825006,0.05607088562156859,0.06939576734489883,1486.2449890136718,1517.3879907226562,1491.4306157486606,55.57180065301721,0.8760930326602647,-6.799341184486835,7.6754342171470995,0.01971533724110438,0.606385052242336,1.0264794746917083,1.0054119216136477,1508.4000244140625
2025-09-15,1525.5999755859375,1527.5,1501.199951171875,1508.4000244140625,1454.1885986328125,6167414,-0.011274220927585565,0.05269034734706857,0.04192862836878075,1489.2799926757812,1515.1819921875,1493.0467499072704,46.23212223022655,1.9363881131989729,-5.052195324949674,6.9885834381486465,0.019793989451344925,-0.5203055340518596,1.0128384399389725,0.9955239913037467,1511.300048828125
2025-09-16,1508.4000244140625,1514.0,1503.5,1511.300048828125,1456.9844970703125,8923112,0.001922583112652143,0.004653326977854588,0.05258392354953734,1493.0549926757812,1512.593994140625,1494.7851593283042,47.09432751047521,2.976377510033899,-3.4464807579529597,6.422858267986859,0.019641263372312825,0.4468157967018267,1.012219949192659,0.9991445521286529,1522.4000244140625
2025-09-17,1516.9000244140625,1526.699951171875,1514.0,1522.4000244140625,1467.685546875,4795698,0.007344653759883357,-0.00665532515617806,0.05722223917643232,1497.1749938964845,1510.5019946289062,1497.4151464793288,53.760547863090224,4.642733323412358,-1.8286379416798964,6.471371265092254,0.01966822494276428,-0.4625531989288042,1.016848418268013,1.0078768712834962,1540.5999755859375
2025-09-18,1550.0,1555.0,1538.5,1540.5999755859375,1485.2313232421875,9331945,0.011954775932744521,0.020467659411445904,0.029675194401180827,1499.3949951171876,1508.5399951171876,1501.527987346625,62.491205524004734,7.347222064716789,0.006534059599440756,7.340688005117348,0.017908698205374326,0.9458992205097152,1.027481071100634,1.0212523238180764,1540.199951171875
2025-09-19,1544.5999755859375,1551.300048828125,1520.0999755859375,1540.199951171875,1484.845703125,12988129,-0.000259654952876609,0.009569989394061285,0.029270199173488498,1501.5849914550781,1506.6699951171875,1505.2110315204584,58.006267363764366,9.350483694363902,1.875323986552333,7.475159707811569,0.017910624914016675,0.39179227910151626,1.0257161332435654,1.0222543464483604,1499.5
2025-09-22,1482.699951171875,1514.699951171875,1482.0,1499.5,1445.6083984375,15655204,-0.02642510872754411,-0.00590030778971895,0.00806722689075623,1502.184991455078,1504.343994140625,1504.6671237566052,50.135693581780544,7.566712698816673,3.013601729005201,4.553110969811472,0.018921224192901598,0.20534712890517182,0.9982126093188581,0.9967799956928122,1497.5
2025-09-23,1493.0,1513.0,1493.0,1497.5,1443.6802978515625,9832164,-0.0013337779259753324,-0.009131243553406665,-0.02258336671058625,1500.4549926757813,1502.3959936523438,1503.9845405416904,53.31890976875764,5.9233968168489355,3.5955607465739483,2.327836070274987,0.01760934733485283,-0.37195554909409034,0.9980306022571782,0.9967412095925245,1494.5999755859375
2025-09-24,1487.199951171875,1496.699951171875,1482.699951171875,1494.5999755859375,1440.884521484375,4937004,-0.0019365772381051416,-0.018260672873297246,-0.022881799528398084,1498.7049926757813,1500.8819921875,1503.0907724506662,55.984846628291564,4.33705454219853,3.743859505698865,0.5931950364996648,0.017610058595660567,-0.4978720859416096,0.9972609572197964,0.9958144500138838,1484.800048828125
2025-09-25,1489.0,1502.699951171875,1476.5,1484.800048828125,1431.436767578125,9491867,-0.006556889413818268,-0.03621960771263166,-0.010199271386453046,1497.9399963378905,1498.8659936523438,1501.3487987723288,57.8700289403437,2.2630081236334263,3.4476892292857775,-1.1846811056523512,0.0171385192116818,0.9225965788158161,0.9912279880756976,0.9906156088110694,1448.9000244140625
2025-09-26,1475.0,1478.699951171875,1441.199951171875,1448.9000244140625,1396.8270263671875,8597058,-0.024178356164789028,-0.05927797016766956,-0.01408543244131577,1496.9049987792969,1495.6859936523438,1496.3536774048748,52.861231828060646,-2.251565896861621,2.307838204056298,-4.559404100917918,0.017393933951863613,-0.09427112706067209,0.9679305136903266,0.9687193906763587,1441.800048828125
2025-09-29,1460.0,1465.0,1436.5,1441.800048828125,1389.982177734375,10513117,-0.004900252237078129,-0.038479460601450466,-0.03841534923840384,1494.025,1492.8519946289061,1491.1580937308986,35.485356085037665,-6.329346262830086,0.5804013106790211,-6.909747573509107,0.016703313484563772,0.2228738017121672,0.9650441249832666,0.9658024064110443,1441.800048828125
2025-09-30,1443.0,1452.199951171875,1438.0999755859375,1441.800048828125,1389.982177734375,7556305,0.0,-0.03719529293614354,-0.03796617348206255,1491.1800048828125,1489.96599609375,1486.457327549682,25.72192886886441,-9.45205912775873,-1.4260907770085292,-8.025968350750201,0.016705638877653507,-0.281249794899077,0.9668853150572067,0.967673123150527,1445.800048828125
2025-10-01,1446.0,1449.5,1427.4000244140625,1445.800048828125,1393.83837890625,6250692,0.002774309796459651,-0.032650828017497524,-0.022513641611427215,1489.5150085449218,1487.19599609375,1482.5852057666766,30.993468760574956,-11.471824943554566,-3.4352376103177367,-8.03658733323683,0.016517510763409973,-0.1727845818822824,0.9706515480099116,0.9721651030702375,1446.5999755859375
2025-10-03,1439.0,1448.300048828125,1433.199951171875,1446.5999755859375,1394.609619140625,6877533,0.0005532762005788783,-0.02572741917158261,-0.011209859476461026,1488.6950073242188,1484.7099951171874,1479.1580409875587,24.182965339954393,-12.859717679597225,-5.320133624173634,-7.539584055423591,0.01635481494727822,0.10028345661568361,0.9717235353573578,0.9743316744303039,1476.0
2025-10-06,1446.5999755859375,1478.800048828125,1442.300048828125,1476.0,1422.9530029296875,4630590,0.02032353443263002,0.018703827130444495,0.021736137993029203,1490.2650085449218,1482.7399951171874,1478.8572751792199,40.19368706666657,-11.455247446262547,-6.547156388591416,-4.908091057671131,0.016720117311276064,-0.32670770172967545,0.9904278712422766,0.9954543647980206,1458.5
2025-10-07,1477.699951171875,1482.9000244140625,1454.0,1458.5,1406.0819091796875,5570320,-0.01185636856368566,0.011582709534132984,0.01786584908211286,1491.5450073242187,1480.8599951171875,1476.9184870669133,35.316989381636475,-11.62034629540176,-7.5617943699534855,-4.058551925448274,0.01685077981000064,0.20293958221306574,0.9778451155265504,0.9849006690768103,1495.0
2025-10-08,1457.0,1498.0,1455.0,1495.0,1441.2701416015625,4657192,0.025025711347274493,0.03689828642682813,-0.006182309729611424,1491.0800048828125,1480.44599609375,1478.6405359176833,43.32357523541089,-8.70559073509321,-7.790553642981431,-0.9150370921117794,0.013684755813428044,-0.16392738657743178,1.0026289636400132,1.0098308239170166,1509.300048828125
2025-10-09,1502.0,1514.0,1487.0,1509.300048828125,1455.0562744140625,7028753,0.009565250052257612,0.04392031944629493,-0.01520287558983191,1489.9150085449219,1480.3119970703126,1481.5604895282017,42.22554939240738,-5.181996691752147,-7.268842252735575,2.086845560983428,0.013153731180853858,0.5092255161479278,1.0130108363041024,1.0195823933165324,1514.9000244140625
2025-10-10,1510.0,1521.699951171875,1498.800048828125,1514.9000244140625,1460.4549560546875,3738353,0.0037103129959383807,0.047214191884982215,0.0034444415515486604,1490.1750122070312,1480.3359985351562,1484.735683326855,43.87410612261305,-1.9155702954785738,-6.198187861284175,4.282617565805602,0.01274443927756539,-0.4681342479953414,1.0165920190611788,1.0233487707609006,1493.199951171875
2025-10-13,1497.0,1504.699951171875,1483.4000244140625,1493.199951171875,1439.5347900390625,5859355,-0.014324425963740173,0.011653083449779889,-0.021237562226374962,1488.5550109863282,1479.8199975585937,1485.5418040739996,48.319986979166664,-1.0656344283111139,-5.171677174689563,4.106042746378449,0.012899941353730291,0.5673626861882759,1.0031204356918386,1.0090416088682106,1489.9000244140625
2025-10-14,1499.0,1514.4000244140625,1486.5,1489.9000244140625,1436.353515625,5600789,-0.0022099697734537793,0.021528984857087652,-0.012264651087622647,1487.6300109863282,1479.437998046875,1485.9568726778152,47.987293820382,-0.6508282973547921,-4.267507399222609,3.616679101867817,0.012677042875000185,-0.04412874795945965,1.0015259260777007,1.0070716220490479,1474.4000244140625
2025-10-15,1483.9000244140625,1488.5999755859375,1467.5,1474.4000244140625,1421.41064453125,6986098,-0.010403382606893885,-0.013779247883570211,-0.02441608100434789,1485.785009765625,1479.5339990234374,1484.8562204622197,44.985113960632,-1.554888128687253,-3.724983545115538,2.170095416428285,0.012849447743715643,0.24734175845581752,0.992337393851242,0.9965300056553188,1471.5
2025-10-16,1473.9000244140625,1474.5,1460.5,1471.5,1418.61474609375,8005748,-0.0019669183166318716,-0.025044754260409863,-0.0334340669980302,1483.240008544922,1479.3539990234376,1483.5841994658178,46.580964311535986,-2.476818569414718,-3.4753505499753743,0.9985319805606565,0.012692946645169506,0.1459541506574915,0.9920848895139776,0.9946909265607675,1441.0999755859375
2025-10-17,1454.9000244140625,1458.4000244140625,1434.0,1441.0999755859375,1389.307373046875,16959378,-0.020659207892669063,-0.048716118317226664,-0.06458522755860563,1478.2650085449218,1478.9699975585938,1479.5380829058292,47.93649501901455,-5.595976063762919,-3.8994756527328835,-1.6965004110300352,0.012949283918825012,1.1184001794710499,0.974859018684636,0.9743943271092922,1460.9000244140625
2025-10-20,1453.699951171875,1467.0,1450.0,1460.9000244140625,1408.395751953125,6994246,0.013739538660441974,-0.02163134731719174,-0.05148677397209134,1474.3000122070312,1479.4539990234375,1477.7630297161372,54.734746814643835,-6.3964975438289,-4.398880030952087,-1.997617512876813,0.013486797450050558,-0.5875882948065666,0.9909109491405966,0.9874589040134927,1472.4000244140625
2025-10-21,1478.0,1486.0,1470.0,1472.4000244140625,1419.482421875,1698704,0.007871859680892657,-0.01174575455617044,-0.018072674615496886,1472.9450134277345,1480.1639990234376,1477.252267306416,57.17635203417052,-6.033413261329997,-4.72578667702767,-1.3076265843023274,0.012430785277487847,-0.7571283595115185,0.9996300004353837,0.994754652447636,1528.5
2025-10-23,1510.0,1546.0,1506.0,1528.5,1473.566162109375,20358624,0.03810104228180955,0.036692874857647384,0.020701168614357224,1474.4950134277344,1482.2719995117188,1482.133003753424,65.58611683962641,-1.2049769446950904,-4.021624730561154,2.8166477858660635,0.015173073788069395,10.984797822339855,1.036626089664909,1.031187258818563,1525.4000244140625
2025-10-24,1539.5,1543.0,1518.0,1525.4000244140625,1470.57763671875,8652257,-0.0020281161831452454,0.036629306431575026,0.020607553413113378,1476.0350158691406,1484.2160009765626,1486.2536723877704,64.72347161273254,2.344426412704024,-2.7484145019081185,5.092840914612143,0.015174062429766752,-0.575007770662693,1.0334443343241786,1.0277479985463047,1504.5
2025-10-27,1510.0,1515.300048828125,1498.0999755859375,1504.5,1472.633056640625,7273211,-0.01370134002855461,0.04399418880587014,0.013267746850778472,1477.0200134277343,1485.8240014648438,1487.9914178746494,55.499804951407455,3.4313424641006804,-1.5124631087063587,4.943805572807039,0.015446181353859273,-0.1593856955474161,1.0186050197847303,1.012569455411101,1500.199951171875
2025-10-28,1499.699951171875,1506.5,1490.5,1500.199951171875,1468.4241943359375,8211019,-0.0028581248442173246,0.026901174687552487,0.03540611905128399,1479.585009765625,1487.2960009765625,1489.154135331528,58.47904154756669,3.900787413075477,-0.4298130043499917,4.330600417425469,0.01432892407411544,0.1289400238766618,1.0139329212381758,1.008676114362467,1510.4000244140625
2025-10-29,1500.199951171875,1520.199951171875,1496.9000244140625,1510.4000244140625,1478.408203125,4884976,0.006799142497118327,0.02580820386438254,0.0475793960762414,1483.0150085449218,1488.5500024414061,1491.1775533393886,53.50637727804599,5.037813800816139,0.6637123566832344,4.374101444132904,0.014278088040862405,-0.405070673932188,1.0184657712237248,1.0146787289219843,1493.800048828125
2025-10-30,1507.0,1508.199951171875,1489.0999755859375,1493.800048828125,1462.1597900390625,5608867,-0.010990449760074128,-0.0227019634752208,0.03606602735397657,1485.615008544922,1489.7100024414062,1491.4273148145064,46.50743808745268,4.547020880643004,1.4403740614751883,3.1066468191678154,0.014584451183169592,0.14818721729646156,1.0055095298823211,1.0027455319357566,1482.300048828125
2025-10-31,1490.0,1497.0999755859375,1480.699951171875,1482.300048828125,1450.9034423828125,4819814,-0.007698486828288442,-0.02825486750761863,0.025245537949445174,1487.440008544922,1490.5560034179687,1490.558051387232,42.844611253502556,3.1932996938332963,1.79095918794681,1.4023405058864862,0.014737601532253874,-0.14067957040165158,0.996544425531605,0.9944611577351592,1485.5
2025-11-03,1482.300048828125,1491.4000244140625,1474.199951171875,1485.5,1454.0355224609375,5470600,0.002158774247093209,-0.012628780325689593,0.026890657452352196,1489.385009765625,1490.3420043945312,1490.0763322074954,48.160547210813576,2.351567806837693,1.9030809117249867,0.4484868951127061,0.014737407986144976,0.1350230527568077,0.9973915342640407,0.9967510783563412,1467.9000244140625
2025-11-04,1479.699951171875,1481.9000244140625,1462.9000244140625,1467.9000244140625,1436.808349609375,8691330,-0.011847846237588389,-0.02153041448413695,-0.005487788337356081,1488.9800109863281,1489.7720043945312,1487.964302893835,45.08050304302158,0.26130610724385406,1.5747259508287603,-1.3134198435849063,0.014316374748847945,0.5887343253025263,0.985842666512157,0.9853185722943171,1466.699951171875
2025-11-06,1478.5999755859375,1483.0,1461.9000244140625,1466.699951171875,1435.6336669921875,7944752,-0.0008175442620259599,-0.028932781075093228,0.0056221811257284315,1489.3900085449218,1489.3560034179689,1485.9391265393629,48.16051912209763,-1.4750735012989935,0.9647660604032096,-2.439839561702203,0.014052831577838647,-0.08589916618055005,0.9847655367345897,0.9847880210009563,1476.800048828125
2025-11-07,1470.0,1480.9000244140625,1449.0999755859375,1476.800048828125,1445.5198974609375,8765759,0.006886273943201626,-0.011380371833122127,-0.012173880382525093,1488.4800109863281,1488.2500048828124,1485.0687381859118,51.22402837215334,-2.012969125142263,0.3692190232941151,-2.382188148436378,0.012917520921569925,0.10333953784838101,0.9921530943835359,0.992306429687807,1513.5
2025-11-10,1490.0999755859375,1520.0,1490.0,1513.5,1481.4425048828125,9787975,0.024850995367312834,0.021048337141013507,0.0027827145272645293,1488.690008544922,1487.9280053710938,1487.7764774063012,66.24774885093461,0.5161739311429301,0.3986100048638781,0.11756392627905199,0.0139568795925695,0.11661465938089322,1.0166656532338307,1.017186311795058,1530.300048828125
2025-11-11,1525.0,1533.4000244140625,1511.0999755859375,1530.300048828125,1497.88671875,13692989,0.011100131369755628,0.030158228763463413,0.010165703456252118,1489.460009765625,1488.5320068359374,1491.8263413512368,65.7870724418431,3.8319887799789285,1.0852857598868884,2.74670302009204,0.01415032641676496,0.3989603569686273,1.027419359227326,1.0280598884003649,1551.699951171875
2025-11-12,1540.0,1559.199951171875,1538.0999755859375,1551.699951171875,1518.8333740234375,14635417,0.01398412184599862,0.05708830667215414,0.039177606424436906,1492.385009765625,1490.1740063476564,1497.5285899055834,67.2616241776731,8.093294745605363,2.4868875570305833,5.60640718857478,0.01399384271103239,0.06882558658303162,1.0397450664661696,1.0412877587195442,1541.800048828125
2025-11-13,1557.0999755859375,1557.5,1530.300048828125,1541.800048828125,1509.14306640625,19655689,-0.006380036511745346,0.05120345002823923,0.0348345684701048,1494.9800109863281,1491.0220068359374,1501.744919326778,53.62399150630109,10.549957697000991,4.099501585024665,6.450456111976326,0.014090844758091026,0.34302213595963815,1.0313181698067702,1.0340558635347996,1502.800048828125
2025-11-14,1520.0,1530.0,1488.800048828125,1502.800048828125,1470.9691162109375,9739549,-0.025295108811056677,0.017605633220713734,0.019262088947230582,1496.4000122070313,1491.1040087890624,1501.845407850716,44.84959592728082,9.243355078328023,5.1282722836853365,4.115082794642686,0.015125491783364812,-0.5044921091293213,1.0042769557396984,1.007843879414261,1507.5999755859375
2025-11-17,1496.0,1510.199951171875,1492.5,1507.5999755859375,1475.66748046875,7910354,0.003193988955187743,-0.003898265222373687,0.02453277307912849,1498.205010986328,1491.6740087890626,1502.393461920737,50.762414339093795,8.497226328385977,5.802063092625465,2.6951632357605124,0.015115109771221172,-0.18781105778101226,1.0062708137609448,1.0106765732345258,1486.4000244140625
2025-11-18,1506.0,1506.0,1483.199951171875,1486.4000244140625,1454.91650390625,7525119,-0.0140620532735386,-0.02868720055761631,0.0314343554198635,1500.4700134277343,1492.1420092773437,1500.8702773962918,46.866499212529455,6.12465383733138,5.8665812415666485,0.2580725957647312,0.014675801506280738,-0.04870009610189374,0.9906229455518876,0.9961518509447622,1541.0999755859375
2025-11-19,1490.5,1543.0,1490.5,1541.0999755859375,1508.4578857421875,10981126,0.03680028947351355,-0.00683120185570163,0.054897631481690023,1504.4800109863281,1494.0720092773438,1504.7016772238771,55.79901495097813,8.559532989534318,6.405171591160182,2.154361398374136,0.016471641095019467,0.4592627704625003,1.0243406122595151,1.0314763719663955,1536.5
2025-11-20,1555.0,1555.0,1534.0,1536.5,1503.955322265625,7387584,-0.0029848651345208976,-0.003437572097726549,0.043534348358521546,1507.685009765625,1496.1440087890626,1507.7300889168412,58.448753596416815,10.002707686091298,7.124678810146406,2.878028875944892,0.016474709524053402,-0.3272471329442901,1.0191120758299868,1.02697333343172,1545.0
2025-11-21,1531.0,1551.5,1526.300048828125,1545.0,1512.2752685546875,9186302,0.0055320533680442985,0.028080882220347547,0.01079489695780178,1508.510009765625,1496.9580078125,1511.2796042580944,62.55507103258797,11.697471819449447,8.039237412007015,3.658234407442432,0.014197904273373443,0.2434785174693106,1.024189425325752,1.032093079389517,1548.0
2025-11-24,1563.5999755859375,1585.0,1541.0,1548.0,1515.2117919921875,19270381,0.001941747572815622,0.02679757566217833,0.014815769781188148,1509.6400085449218,1497.2660083007813,1514.7767848049425,62.52506235621864,13.131290193796076,9.057647968364828,4.073642225431248,0.014186501636176189,1.0977299679457522,1.0254100257266312,1.0338844209498856,1530.5999755859375
2025-11-25,1549.0,1550.5999755859375,1525.9000244140625,1530.5999755859375,1498.1802978515625,8107952,-0.011240325848877575,0.029736242226784615,0.017347939904245546,1510.9450073242188,1497.6840087890625,1516.2837553555134,62.57521064857433,12.716971699711848,9.789512714634233,2.9274589850776156,0.014063964717742473,-0.5792531553994703,1.0130083941946546,1.0219779116313652,1557.9000244140625
2025-11-26,1532.0999755859375,1560.300048828125,1532.0999755859375,1557.9000244140625,1524.902099609375,7575038,0.01783617487493694,0.010901336119830685,0.03846158853499193,1513.830010986328,1498.330009765625,1520.2472095515657,66.55776071274227,14.425222111436597,10.716654593994706,3.7085675174418906,0.014522550437280048,-0.0657273254701064,1.0291115997885527,1.0397576063084766,1566.4000244140625
2025-11-27,1564.0,1574.300048828125,1552.199951171875,1566.4000244140625,1533.2220458984375,7552252,0.005456062562934294,0.019459827148755382,0.0370762705871408,1516.6300109863282,1499.490009765625,1524.6427157289463,66.36232276266213,16.277267623626358,11.828777199921037,4.448490423705321,0.014502224988160372,-0.003008037715454326,1.0328161865894812,1.0446218475699587,1560.0999755859375
2025-11-28,1565.0,1568.4000244140625,1557.0,1560.0999755859375,1527.055419921875,4453221,-0.004021992294389598,0.009773446981189426,0.04438340111839212,1519.9450073242188,1500.4660083007811,1528.0195976200885,59.57272342924604,17.040236507302325,12.871069061397295,4.16916744590503,0.01425733236936744,-0.41034528508847423,1.02641869808988,1.0397436309488206,1564.0
2025-12-01,1562.5,1574.0,1556.0,1564.0,1530.872802734375,5341800,0.00249985544201925,0.010335917312661591,0.05511701307469119,1524.0300048828126,1501.2980078125,1531.4463026086514,57.31019237877955,17.75492648045156,13.847840545208149,3.90708593524341,0.014063107000070511,0.1995362457870382,1.0262265145627896,1.0417651870989035,1561.0
2025-12-02,1567.0,1579.9000244140625,1556.0999755859375,1561.0,1527.9364013671875,6335969,-0.0019181585677748858,0.019861508492723612,0.05082463816896676,1527.8050048828125,1501.7060083007811,1534.2609404554466,52.192375118128,17.87321718328417,14.652915872823353,3.2203013104608154,0.014102072453016815,0.18611123591298817,1.021727245958154,1.0394844206332448,1578.699951171875
2025-12-03,1555.0999755859375,1586.0,1554.0999755859375,1578.699951171875,1545.261474609375,12895312,0.011338854049887992,0.01335125902295009,0.07548192991007019,1533.3450012207031,1502.4760083007814,1538.4932271903444,58.39015887466554,19.174173614504525,15.557167421159587,3.6170061933449382,0.013803840195750048,1.0352549073393509,1.0295790901037043,1.0507322196494164,1597.5999755859375
2025-12-04,1568.0,1599.0,1568.0,1597.5999755859375,1563.7611083984375,12609619,0.01197189142878785,0.019918252480585652,0.0892479912537496,1539.8900024414063,1504.4380078125,1544.122441323258,73.72371409142814,21.48262662795537,16.742259262518743,4.740367365436626,0.013877880399262238,-0.022154795479163325,1.0374766853820958,1.061924763459611,1616.199951171875
2025-12-05,1610.0,1631.800048828125,1600.0,1616.199951171875,1581.9671630859375,10344725,0.011642448591748122,0.03595921829616566,0.09439321352566798,1546.8599975585937,1506.8120068359376,1550.9869660707454,75.42134550531458,24.530186139617854,18.299844637938566,6.230341501679288,0.013963672378005903,-0.17961637064529867,1.0448262633481507,1.0725956150068345,1610.800048828125
2025-12-08,1617.0999755859375,1630.0,1600.199951171875,1610.800048828125,1576.681640625,7550413,-0.0033411103247680263,0.029923304877317758,0.06428810626238857,1551.725,1509.1360083007812,1556.6834501428768,81.44592276982455,26.207567494386012,19.881389209228058,6.326178285157955,0.01321604127706041,-0.27011950535176144,1.038070565872255,1.067365724472914,1599.0
2025-12-09,1601.199951171875,1606.9000244140625,1582.4000244140625,1599.0,1565.1314697265625,6957599,-0.007325582611392156,0.0243433696348494,0.0448931248642932,1555.1599975585937,1511.4200073242187,1560.7135977483172,68.6894820168944,26.28177899124148,21.161467165630743,5.120311825610738,0.013278615776535897,-0.07851411571790845,1.0281900270777473,1.0579455030708709,1584.800048828125
2025-12-10,1608.0,1608.0,1582.800048828125,1584.800048828125,1551.2322998046875,5116140,-0.008880519807301424,0.0038640006618875233,0.02133150653981275,1556.8150024414062,1514.1380078125,1563.0075454702037,64.68086590520517,24.907654811348948,21.910704694774385,2.9969501165745633,0.013202086852030975,-0.26466874564055787,1.017975832929945,1.0466681640980082,1598.0
2025-12-11,1598.0,1607.4000244140625,1580.5,1598.0,1564.1527099609375,5159319,0.008329095636787631,0.0002503908488831197,0.03645086871970915,1559.625,1517.2620068359374,1566.3401601873272,65.66194305403849,24.600201432706854,22.44860404236088,2.151597390345973,0.013170890127280201,0.00843976122623702,1.0246052737036146,1.053212953860508,1598.199951171875
2025-12-12,1601.4000244140625,1601.800048828125,1582.5999755859375,1598.199951171875,1564.348388671875,4633912,0.00012512588978408345,-0.011137235827131775,0.06348143415229601,1564.3949951171876,1520.3900048828125,1569.3744259953794,65.0841287959928,24.09492550095524,22.777868334079756,1.317057166875486,0.01153617126184028,-0.10183650206548578,1.0216089645902728,1.0511776228725338,1606.800048828125
2025-12-15,1585.0,1610.800048828125,1585.0,1606.800048828125,1572.766357421875,4190558,0.005381114953697752,-0.0024832380672635823,0.06579999658306757,1569.354998779297,1523.6100048828125,1572.9387710270694,74.17515388529881,24.11051567514164,23.044397802292135,1.0661178728495067,0.011547024838494593,-0.09567596449824689,1.023860152787581,1.0546006154322352,1592.9000244140625
2025-12-16,1600.0,1603.0,1585.5999755859375,1592.9000244140625,1559.1607666015625,5499258,-0.008650749310220696,-0.00381486903435746,0.07164962207396508,1574.679998779297,1526.536005859375,1574.8398427782117,62.135926439490525,22.739132631286793,22.98334476809107,-0.24421213680427556,0.011177409211824765,0.31229731219565515,1.0115706211096158,1.0434736018672073,1602.0
2025-12-17,1587.199951171875,1606.9000244140625,1586.0,1602.0,1568.0679931640625,4817628,0.005712835360954127,0.01085307334801855,0.039517244422061504,1577.725,1529.056005859375,1577.426524418382,62.292815467193165,22.13147579032102,22.81297097253706,-0.6814951822160396,0.008022824665493486,-0.12394944918023487,1.015386078055428,1.047705246806593,1626.800048828125
2025-12-18,1610.5,1630.0,1606.699951171875,1626.800048828125,1592.3427734375,6577293,0.015480679667993158,0.018022558715973025,0.058769963441669404,1582.2400024414062,1532.4220068359375,1582.1287648383577,70.4225667967106,23.38153229391287,22.92668323681222,0.45484905710064893,0.008472494976276192,0.3652554742707408,1.0281626341882157,1.0615875010742335,1638.699951171875
2025-12-19,1650.0,1654.9000244140625,1629.800048828125,1638.699951171875,1603.9906005859375,13149023,0.007314913933228695,0.025341009408931248,0.06064721758697411,1586.925,1535.296005859375,1587.5164968701213,71.8038634977282,25.043745043021318,23.35009559805404,1.6936494449672779,0.008511009427640628,0.9991542113145939,1.0326259597472314,1.0673511459144454,1689.5999755859375
2025-12-22,1664.0,1693.199951171875,1664.0,1689.5999755859375,1653.8125,23098923,0.031061222878332684,0.05153094612998066,0.09147285244569603,1594.0049987792968,1538.9020043945313,1597.2387329382943,79.33395890704662,30.121050482982582,24.70428657503975,5.416763907942833,0.010566171923288863,0.7567026082470159,1.0599715665131841,1.097925644882565,1668.300048828125
2025-12-23,1679.0,1679.0,1656.4000244140625,1668.300048828125,1632.9637451171875,6593060,-0.01260649092423538,0.04733506388249187,0.08996476900469941,1600.8900024414063,1541.9700048828124,1604.0064773087545,70.10775947086746,32.056597049474476,26.174748669926693,5.881848379547783,0.010676705729103909,-0.7145728396081497,1.0421078564323072,1.0819276922023613,1663.4000244140625
2025-12-24,1661.0,1667.5999755859375,1652.5,1663.4000244140625,1628.16748046875,4271167,-0.0029371361689429776,0.038327106375819264,0.06771936475171403,1606.1650024414062,1545.3740063476562,1609.663005604498,65.7567314123221,32.81684842837376,27.503168621616105,5.313679806757655,0.010301610736023585,-0.3521722841897389,1.0356345841714008,1.0763737565027054,1656.0999755859375
2025-12-26,1663.4000244140625,1668.800048828125,1651.699951171875,1656.0999755859375,1621.0220947265625,2006491,-0.004388630949248906,0.018010773222510545,0.057265034329547326,1610.65,1548.6980053710938,1614.085574174159,60.10127824693325,32.456165716967234,28.493768040686334,3.962397676280901,0.010429168537721112,-0.530224175266385,1.0282184059764303,1.0693498473184309,1644.699951171875
2025-12-29,1658.0,1673.0999755859375,1637.0999755859375,1644.699951171875,1609.863525390625,4062817,-0.006883657135511423,0.0036614390546050313,0.05422727832180341,1614.8799987792968,1552.10400390625,1617.0012291263226,58.329214335073715,30.894305055718178,28.9738754436927,1.920429612025476,0.010547220026863117,1.0248368918674444,1.0184657388877931,1.0596583392817651,1621.5999755859375
2025-12-30,1647.0,1647.9000244140625,1616.800048828125,1621.5999755859375,1587.2528076171875,9395937,-0.014045100183458059,-0.04024621270275419,0.03682862889126448,1617.7599975585938,1555.1060034179689,1617.4392049796193,55.260703745820884,27.475820102805073,28.67426437551518,-1.1984442727101055,0.011192531040543392,1.3126655716956979,1.002373638879153,1.04275848207249,1615.4000244140625
2025-12-31,1621.0,1628.5999755859375,1609.199951171875,1615.4000244140625,1581.1842041015625,6538656,-0.003823354258274958,-0.031708938959284616,0.03484947111727266,1620.479998779297,1558.5920043945312,1617.2449973067091,57.39844932870159,23.989822167549164,27.737375933921978,-3.747553766372814,0.011234489444730742,-0.3040975051237572,0.9968651421991872,1.0364482942677482,1629.800048828125
2026-01-01,1615.4000244140625,1639.5999755859375,1614.0999755859375,1629.800048828125,1595.2791748046875,3658165,0.008914215795734926,-0.020199576225071403,0.03236846724313769,1623.0350036621094,1561.9700048828124,1618.440716499225,57.64424250676082,22.133958813497884,26.61669250983716,-4.482733696339277,0.011138512155252788,-0.4405325803957266,1.0041681449572877,1.0434259580742726,1640.4000244140625
2026-01-02,1635.9000244140625,1643.5,1627.5,1640.4000244140625,1605.6546630859375,2524526,0.006503850330326744,-0.009480074514414683,0.026790216250740517,1625.1750061035157,1565.3300048828125,1620.5320791577808,59.66118784908668,21.27327806930475,25.54800962173068,-4.27473155242593,0.010937174795155711,-0.30989280144553344,1.0093682331154292,1.047957950909444,1606.4000244140625
2026-01-05,1637.0,1637.0,1583.0999755859375,1606.4000244140625,1572.374755859375,5917885,-0.02072665172761412,-0.02328687778614158,-0.006063560855020911,1624.685009765625,1566.8880053710936,1619.1861691821887,49.91796051389715,17.64427431736658,23.967262560857865,-6.3229882434912845,0.011706403671434225,1.3441568833119564,0.988745519752041,1.0252168750462871,1612.199951171875
2026-01-06,1600.0999755859375,1619.9000244140625,1599.0,1612.199951171875,1578.0518798828125,4466729,0.0036105121200604717,-0.005796759099398696,0.0008690726976128271,1624.7550048828125,1568.62400390625,1618.5208150859685,54.0941749579072,15.062635628381486,22.18633717436259,-7.123701545981103,0.011712659312858104,-0.24521530918562962,0.9922726480772754,1.0277797274280582,1639.0
2026-01-07,1615.0,1642.0,1615.0,1639.0,1604.2843017578125,4508079,0.016623278526118668,0.014609369338407507,0.025015634771732298,1626.7550048828125,1571.31400390625,1620.4712136492096,57.3007131529608,15.006225899615629,20.7503149194132,-5.7440890197975705,0.012129447891731645,0.009257333498405629,1.0075272521556309,1.043076047133472,1613.300048828125
2026-01-08,1638.9000244140625,1644.300048828125,1608.5999755859375,1613.300048828125,1579.128662109375,3942131,-0.015680263070088518,-0.010123941284615912,0.017983341192520985,1628.1800048828125,1573.576005859375,1619.7882455710112,47.34565269985368,12.740880566790793,19.14842804888872,-6.407547482097929,0.012519036107534158,-0.12554083457721132,0.9908609883366315,1.0252444386676165,1614.0999755859375
2026-01-09,1610.0,1631.300048828125,1607.0,1614.0999755859375,1579.91162109375,6816681,0.0004958326000135127,-0.016032704484699845,0.010075078589447672,1628.9850036621094,1575.6500048828125,1619.2465055724329,44.942435675876986,10.884653958313947,17.495673230773768,-6.611019272459821,0.012398499169183334,0.7291868281393998,0.9908623909718574,1.02440260881793,1595.9000244140625
2026-01-12,1610.0999755859375,1613.300048828125,1592.5999755859375,1595.9000244140625,1562.09716796875,6985362,-0.011275603399515721,-0.006536354482333806,-0.001439073224927867,1628.8700073242187,1577.6920043945313,1617.0230311763976,27.743453718190636,7.854455764647355,15.567429737548487,-7.712973972901132,0.012679132042904474,0.02474532694136644,0.9797589845955131,1.011540921782461,1599.0
2026-01-13,1618.0,1618.0,1586.4000244140625,1599.0,1565.1314697265625,8080618,0.0019424622711410322,-0.008187539741754901,-0.004854399172948609,1628.4800048828124,1580.0260034179687,1615.3065520167406,31.981248254322935,5.638150893107195,13.58157396866023,-7.943423075553035,0.012625581244866383,0.15679301945983615,0.9818972263740298,1.0120086609593677,1599.800048828125
2026-01-14,1588.0,1617.0,1583.0999755859375,1599.800048828125,1565.91455078125,7557157,0.0005003432320982437,-0.02391699278332826,0.004331737276858094,1628.8250061035155,1582.3120043945312,1613.8297421892532,33.10307297048192,3.9012988245647193,11.645518939841129,-7.744220115276409,0.012466800698086734,-0.06477982253337555,0.9821804324180753,1.0110522099213206,1599.800048828125
2026-01-15,1599.800048828125,1599.800048828125,1599.800048828125,1599.800048828125,1565.91455078125,0,0.0,-0.008367941233130338,-0.0013732529162765461,1628.7150085449218,1584.9500048828124,1612.4935809167648,34.438917871344884,2.496058043517678,9.81562676057644,-7.319568717058761,0.012401278699870698,-1.0,0.9822467653548369,1.009369408435322,1689.800048828125
2026-01-19,1685.0,1685.0,1666.5,1681.199951171875,1645.59033203125,5104958,-0.0050894173320767955,0.053449417540506916,0.025935193303451953,1633.990008544922,1593.5000048828124,1625.6983730513368,62.16326638396165,12.502771842358243,10.149935974471457,2.3528358678867853,0.01744036762179174,-0.7359862767588902,1.0288924304188334,1.0550360502167129,1658.9000244140625
2026-01-20,1673.0,1680.199951171875,1652.9000244140625,1658.9000244140625,1623.7628173828125,6406503,-0.013264291818631313,0.03746092833900083,-0.018169952423933045,1632.455010986328,1596.4080053710939,1628.860435085882,58.33014638160201,13.681313213817475,10.856211422340662,2.825101791476813,0.01625161248531992,0.2549570437210258,1.016199535821668,1.0391453931781318,1654.4000244140625
2026-01-21,1651.0,1657.0,1631.199951171875,1654.4000244140625,1619.358154296875,6224582,-0.0027126408667028645,0.034129249855900934,-0.008331849192132035,1631.760009765625,1598.8900048828125,1631.2927769266612,54.89649528702336,14.0897850779088,11.50292615345429,2.5868589244545106,0.01602207068522326,-0.028396302944055485,1.0138745982944448,1.0347178476078587,1663.5
2026-01-22,1666.0,1671.199951171875,1653.800048828125,1663.5,1628.265380859375,6228892,0.005500468720774032,0.039817445447970945,6.0103152861756826e-05,1631.7650085449218,1601.126005859375,1634.3601315050744,54.62554893790933,14.975169518705798,12.197374826504591,2.7777946922012067,0.016059989498625107,0.0006924159726708901,1.0194482608028081,1.038956330677514,1670.800048828125
2026-01-23,1667.199951171875,1675.699951171875,1662.199951171875,1670.800048828125,1635.4107666015625,5869137,0.004388367194544607,-0.011243933868493206,0.008876319943780242,1632.5000122070312,1603.706005859375,1637.8305998215553,64.43947526158917,16.0805296621013,12.974005793623935,3.106523868477364,0.016050135544419364,-0.05775585770310354,1.0234609717211056,1.0418368720473778,1682.699951171875
2026-01-27,1685.800048828125,1689.4000244140625,1661.0999755859375,1682.699951171875,1647.05859375,10673087,0.0071222779482778,0.0008922198688825489,0.02310451822712367,1634.4000122070313,1607.30400390625,1642.1038713787286,65.38630403253221,17.712578626233153,13.921720360145779,3.7908582660873744,0.01601369112149259,0.818510455625759,1.0295520916569385,1.0469083303982254,1666.5
2026-01-28,1680.0,1688.800048828125,1650.0,1666.5,1631.2017822265625,8588664,-0.009627355822167227,0.004581334302301787,0.027688717988441303,1636.6450134277343,1610.4820043945313,1644.4273121998021,56.2929132098662,17.497092922013735,14.63679487251937,2.8602980494943644,0.01582074273440509,-0.1952971057014714,1.0182415773288176,1.034783372588214,1659.5
2026-01-29,1658.0,1666.5,1642.0999755859375,1659.5,1624.35009765625,4749582,-0.00420042004200416,0.003082673785467227,0.02729972447656337,1638.8500122070313,1613.94400390625,1645.8628062760115,61.56156064419952,16.570463462331418,15.023528590481781,1.5469348718496363,0.01582762215111984,-0.44699408429529897,1.012600291447757,1.028226503511578,1641.0
2026-01-30,1655.0,1655.0,1618.0999755859375,1641.0,1606.241943359375,9207926,-0.01114793612533893,-0.01352569882777277,0.006871978669977352,1639.410009765625,1615.9420043945313,1645.3996818687722,56.183917129084236,14.179851054177789,14.854793083220985,-0.674942029043196,0.015965742205371853,0.9386813408000956,1.0009698551459998,1.0155067419111106,1629.4000244140625
2026-02-02,1662.0,1662.0,1618.0,1629.4000244140625,1594.8875732421875,6784887,-0.0070688455733927125,-0.024778563086049643,-0.006705681441286915,1638.860009765625,1617.8000048828126,1643.8759049683235,57.94215635657281,11.219916202709783,14.127817707118744,-2.9079015044089616,0.015983815789816565,-0.2631470974028245,0.9942277038336451,1.0071702432292242,1656.0
2026-02-03,1727.199951171875,1728.0,1653.0,1656.0,1620.9241943359375,8805868,0.01632501238945472,-0.01586732747765307,0.03087647835664664,1641.3400085449218,1620.0200048828126,1645.030580685626,62.15870813726041,10.894952007386792,13.481244567172356,-2.586292559785564,0.01562481775498369,0.2978650934053877,1.0089317212635758,1.022209599269603,1535.800048828125
2026-02-04,1574.0,1584.9000244140625,1510.0999755859375,1535.800048828125,1503.2701416015625,28828622,-0.07258451157721924,-0.07842781348447347,-0.047388602318351736,1637.5200134277343,1619.776005859375,1634.6276728896735,40.955337008095704,0.9275913391368249,10.970513921565251,-10.042922582428426,0.022772217352285497,2.2737967455337738,0.9378816968553049,0.9481558210965743,1520.199951171875
2026-02-05,1534.0,1551.0,1515.699951171875,1520.199951171875,1488.00048828125,10628127,-0.010157635864221692,-0.08394097549148838,-0.07248325126792254,1631.580010986328,1619.5680053710937,1623.7297946308356,39.22575545483265,-8.136617445764614,7.149087648099279,-15.285705093863893,0.02239290331002479,-0.6313341997407993,0.9317348465509079,0.9386453338978807,1507.0999755859375
2026-02-06,1522.0999755859375,1525.0,1480.0,1507.0999755859375,1475.177978515625,13900866,-0.008617271416065497,-0.0815966023242306,-0.06582784976627842,1626.2700073242188,1618.5520043945312,1612.6221928170357,18.76920521551365,-16.190492837419924,2.4811715509954384,-18.671664388415362,0.02224614615293526,0.3079318679575431,0.9267218658638626,0.9311409034087319,1497.199951171875
2026-02-09,1522.0999755859375,1528.0,1493.0,1497.199951171875,1465.4876708984375,8294615,-0.006568923478492916,-0.08113420354816003,-0.0724242774191397,1620.4250061035157,1617.1680029296874,1601.6295983746395,18.686160258732727,-23.10574766633522,-2.636212292470693,-20.469535373864527,0.022241118247133266,-0.4033022834692457,0.9239551016137745,0.9258159625094756,1497.800048828125
2026-02-10,1500.0,1515.9000244140625,1491.0,1497.800048828125,1466.0750732421875,8657000,0.0004008133020445559,-0.09553137148060087,-0.06147000067999564,1615.5200073242188,1615.9220043945313,1591.7410698464,20.396914729774167,-28.212497959529856,-7.751469425882526,-20.46102853364733,0.022179820751189558,0.04368918870857774,0.9271318473541699,0.9269012023815684,1471.9000244140625
