Date,Open,High,Low,Close,Adj Close,Volume,Daily_Return,Return_5D,Return_20D,SMA_20,SMA_50,EMA_20,RSI_14,MACD,MACD_Signal,MACD_Histogram,Volatility_20,Volume_Change,Price_vs_SMA20,Price_vs_SMA50,Target_Next_Day_Close
2024-11-06,3594.0,3659.89990234375,3557.39990234375,3645.449951171875,3576.8291015625,1819732,0.01976331581591828,0.0695644070363155,0.0454101829832918,3511.2950073242187,3593.7469921875,3537.0071579495498,55.38824400948344,-4.3587133187747895,-30.19219782911397,25.83348451033918,0.019429479218645452,0.45403378010173334,1.0382066854444933,1.0143869223673154,3646.550048828125
2024-11-07,3647.35009765625,3663.0,3620.0,3646.550048828125,3577.90869140625,1581009,0.0003017728047249868,0.006694641435859294,0.0538095701062129,3520.6050048828124,3592.8969921875,3547.4398142237,54.975029450902326,4.489571842619625,-23.255843894767253,27.745415737386878,0.01929329849416207,-0.13118580098607924,1.0357736933767452,1.0149330906945815,3660.300048828125
2024-11-08,3640.39990234375,3667.0,3620.64990234375,3660.300048828125,3591.39990234375,1622142,0.0037706873115368467,0.009362016975089427,0.0510401853549276,3529.4925048828127,3592.433994140625,3558.1884079955503,55.35944060353721,12.467691876845038,-16.111136740444792,28.57882861728983,0.019276254389363465,0.02601692969489733,1.0370612896228988,1.0188913852831232,3628.85009765625
2024-11-11,3646.0,3661.0,3606.0,3628.85009765625,3560.5419921875,926127,-0.008592178442295761,0.015219165809424728,0.020759215148729693,3533.182507324219,3590.917998046875,3564.918092725141,58.93226346362115,16.067445748902173,-9.6754202425754,25.742865991477572,0.01893741751768498,-0.42907156093609555,1.0270768889333382,1.0105633433094285,3591.35009765625
2024-11-12,3650.0,3651.0,3580.0,3591.35009765625,3523.747802734375,1116206,-0.010333852044266068,0.004629643225374291,0.011106786901981192,3535.1550170898436,3589.082998046875,3567.4354265281036,60.693786814071466,15.713207947819683,-4.597694604496384,20.310902552316065,0.019109124674551524,0.20524074991874763,1.0158960725328154,1.0006316654172134,3547.949951171875
2024-11-13,3585.0,3604.85009765625,3535.64990234375,3547.949951171875,3481.16455078125,1568694,-0.012084632604517864,-0.026745669617177836,0.004345199878641459,3535.922509765625,3586.2389990234374,3565.5796669703673,57.90184330969853,11.794483364767075,-1.3192590106436928,13.113742375410768,0.019279019372497427,0.40538036885664464,1.0034015002797805,0.9893233418458757,3526.25
2024-11-14,3558.0,3565.75,3500.14990234375,3526.25,3459.873291015625,1291765,-0.006116194272894893,-0.03299009946861564,-0.01233791228347414,3533.720007324219,3583.747998046875,3561.833984401761,67.47703777717997,6.858797249065901,0.31635224129822626,6.542445007767675,0.019172978475637866,-0.1765347480133156,0.9978860783229186,0.9839559036856913,3542.14990234375
2024-11-18,3521.10009765625,3568.300048828125,3510.85009765625,3542.14990234375,3475.4736328125,1233217,0.004509011653669015,-0.032278814552976764,-0.00996426463129263,3531.9375,3582.107998046875,3559.9593099200456,67.56212540454074,4.182012049097011,1.0894842028579834,3.0925278462390278,0.01919738292543007,-0.04532403339616731,1.0028914448072057,0.9888450890579201,3505.89990234375
2024-11-19,3559.89990234375,3607.0,3495.0,3505.89990234375,3439.906005859375,1826460,-0.010233897773782585,-0.03388131005794626,-0.022227853955212873,3527.952490234375,3580.73099609375,3554.8107949127793,60.976458925747686,-0.854580481352059,0.700671266015975,-1.5552517473680338,0.019312340736832224,0.48105321285710456,0.9937491822943568,0.979101727040754,3483.5
2024-11-21,3530.0,3530.550048828125,3452.449951171875,3483.5,3417.927978515625,1510581,-0.0063892019075545425,-0.030030516302666843,-0.008086763043786305,3526.5324951171874,3578.8349951171876,3548.019290635372,56.65809243728743,-6.5777767479426075,-0.7550183367757415,-5.822758411166866,0.01880868097402624,-0.1729460267402516,0.9877975050061867,0.9733614443674383,3603.5
2024-11-22,3500.0,3613.5,3473.10009765625,3603.5,3535.6689453125,2534018,0.03444811253050095,0.015656942626763204,0.042860479782903305,3533.9375,3578.9819970703124,3553.3031677177173,48.00169611248734,-1.4141524354654393,-0.8868451565136811,-0.5273072789517582,0.01992893322504638,0.6775121625387848,1.0196841341987515,1.0068505521820892,3753.0
2024-11-25,3660.0,3761.0,3654.0,3753.0,3682.35498046875,4753829,0.04148744276397953,0.06430343849698694,0.09014860832783622,3549.4550048828123,3583.302998046875,3572.3219136493635,60.28252677280911,14.573463791523864,2.205216633093828,12.368247158430036,0.02169781531660823,0.8760044324862728,1.0573454219977942,1.0473577037849215,3702.60009765625
2024-11-26,3754.89990234375,3754.89990234375,3690.0,3702.60009765625,3632.903564453125,1141534,-0.01342923057387424,0.04529740404445737,0.11309530013136215,3568.2650146484375,3584.915,3584.729359745257,60.42973687964879,22.912789551155583,6.346731216706179,16.566058334449405,0.020235018770925987,-0.759870622186873,1.0376471709518045,1.032827862768364,3698.699951171875
2024-11-27,3704.0,3720.0,3685.0,3698.699951171875,3629.076904296875,971816,-0.0010533534223271523,0.0549930272393786,0.10712999793845568,3586.160009765625,3586.6289990234377,3595.5837017858876,60.02588783990632,28.87421212702884,10.852227398770712,18.02198472825813,0.02028799479480327,-0.14867537891994453,1.0313817401063499,1.0312468761555633,3666.050048828125
2024-11-28,3700.0,3720.5,3648.0,3666.050048828125,3597.041748046875,2124283,-0.00882739956600298,0.05240420520399747,0.08434149330676721,3600.417517089844,3586.705,3602.2947824565767,51.77617702408568,30.611240885524694,14.80403009612151,15.807210789403184,0.020459316393990585,1.18589012734921,1.0182291446552374,1.0221219890758022,3724.800048828125
2024-11-29,3635.10009765625,3750.0,3635.10009765625,3724.800048828125,3654.685791015625,2094305,0.016025422243970633,0.03366173132458017,0.09284549477164372,3616.2400146484374,3587.297001953125,3613.9619506824383,56.13677546637747,36.30992448963934,19.105208974825075,17.204715514814268,0.02061379296438897,-0.014112055691261505,1.0300201407373237,1.0383305443625481,3704.050048828125
2024-12-02,3706.85009765625,3717.85009765625,3672.89990234375,3704.050048828125,3634.326171875,1158369,-0.005570768827316885,-0.013042886003697074,0.022568533500268106,3620.3275146484375,3586.76900390625,3622.541769553456,53.393841692436126,38.70564612261069,23.0252964043822,15.680349718228488,0.015501839425557995,-0.44689574823151357,1.0231256796079726,1.032698243124703,3787.050048828125
2024-12-03,3721.0,3798.85009765625,3701.5,3787.050048828125,3715.763916015625,3252670,0.022407904565506342,0.022808283083374903,0.044314516481940736,3628.362512207031,3588.836005859375,3638.2092247224723,61.363308753255176,46.7626286427726,27.772762852060282,18.989865790712315,0.01620868221919872,1.8079739702978932,1.0437353037595376,1.0552307329298782,3789.89990234375
2024-12-04,3775.0,3835.0,3758.050048828125,3789.89990234375,3718.56005859375,2510166,0.0007525259711069765,0.02465729915263326,0.06027499450684437,3639.135009765625,3588.756005859375,3652.655955924499,65.0086849065699,52.76951062827402,32.77211240730303,19.997398220970993,0.015739648967507847,-0.22827523234757907,1.0414287714452877,1.0560483622057244,3831.550048828125
2024-12-05,3810.0,3884.0,3760.0,3831.550048828125,3759.42626953125,2765170,0.010989774811365871,0.045143955427696,0.07182219886232977,3651.972509765625,3589.6330078125,3669.6934885819874,71.49463571330764,60.19691406149968,38.257072738142355,21.939841323357328,0.015820474313902457,0.10158850052147939,1.049172752144847,1.0673932517583595,3866.699951171875
2024-12-06,3832.0,3883.949951171875,3800.0,3866.699951171875,3793.914306640625,1856562,0.009173807439759374,0.03809597843739132,0.06069209643898055,3663.035009765625,3591.1350048828126,3688.4560088286435,75.28783510643507,68.13408088063352,44.23247436664059,23.90160651399293,0.015422955156924042,-0.3285902855882279,1.0556000531972205,1.0767347776996357,3947.300048828125
2024-12-09,3867.5,3959.0,3867.5,3947.300048828125,3872.99755859375,3332753,0.02084467340989904,0.0656713588621618,0.08247521519597689,3678.072509765625,3594.20400390625,3713.1078221619273,77.45478260610615,80.00583953053183,51.387147399418836,28.618692131112994,0.015905967394119234,0.7951207662335005,1.0731979965994896,1.0982404016405645,3923.14990234375
2024-12-10,3955.0,3963.5,3901.300048828125,3923.14990234375,3849.302001953125,2349493,-0.006118143081508265,0.03593822414830239,0.07181101276103807,3691.2150024414063,3597.42400390625,3733.111829798291,78.74612469858766,86.46882006909982,58.40348193335504,28.06533813574478,0.01606924136509278,-0.29502936461237905,1.0628342970401181,1.0905442055436922,3916.75
2024-12-11,3923.14990234375,3947.64990234375,3902.0,3916.75,3843.0224609375,1237958,-0.0016313173095747757,0.03347056674974547,0.07933639985010532,3705.609997558594,3601.646005859375,3750.6011793413113,80.5213103205354,90.03647563093682,64.7300806728714,25.306394958065425,0.01586548939638552,-0.47309568489882714,1.0569784738762347,1.087488885256351,3859.89990234375
2024-12-12,3930.0,3959.0,3846.949951171875,3859.89990234375,3787.242431640625,1899867,-0.014514609729048278,0.007399056035897411,0.07477683806509372,3719.037487792969,3605.3330029296876,3761.01058153202,69.82677572066028,87.2705401397875,69.23817256625462,18.03236757353288,0.016089451174823185,0.534678074700434,1.0378760405113245,1.0706084290153508,3887.0
2024-12-13,3859.0,3898.0,3794.199951171875,3887.0,3813.83251953125,2300361,0.007020932755223752,0.005249967435919878,0.0955622411517214,3735.989990234375,3610.0030029296877,3773.0095737670654,62.7813763899989,86.27079174591199,72.6446964021861,13.626095343725893,0.01566236059280307,0.21080107186450414,1.0404203464571251,1.0767304062754286,3877.85009765625
2024-12-16,3882.0,3914.39990234375,3857.25,3877.85009765625,3804.854736328125,918660,-0.00235397539072546,-0.017594292380305188,0.09970935062920949,3753.5699951171873,3617.6070068359377,3782.9943855660354,68.14369283840976,83.77446342419034,74.87064980658695,8.90381361760339,0.015547933536922395,-0.6006452900218705,1.0331098401523702,1.071937910980532,3807.199951171875
2024-12-17,3863.050048828125,3875.39990234375,3797.0,3807.199951171875,3735.534423828125,1690180,-0.018218895703852933,-0.029555320101993687,0.07482745116256884,3766.8224975585936,3623.8720068359376,3785.299677528496,59.86901595862802,75.22804677537897,74.94212920034536,0.2859175750336078,0.01638432883964941,0.8398319291141445,1.0107192344846223,1.050588967819535,3758.14990234375
2024-12-18,3807.199951171875,3819.0,3745.0,3758.14990234375,3687.407958984375,1318341,-0.012883496915634063,-0.040492780406267914,0.07195014319472359,3779.4349975585938,3629.6680029296876,3782.7139846537584,58.134587343940495,63.76201220924759,72.70610580212582,-8.944093592878232,0.016513472662898262,-0.219999645008224,0.9943681806331917,1.0353977000955343,3716.35009765625
2024-12-19,3702.14990234375,3762.199951171875,3700.0,3716.35009765625,3646.394775390625,1856838,-0.011122442098818852,-0.03719003298513934,0.06684371972333869,3791.077502441406,3633.3470068359375,3776.3936144635195,49.230633805165034,50.71756182243007,68.30839700618668,-17.59083518375661,0.01669718319338648,0.40846563976998373,0.9802886106292914,1.022844801408769,3629.85009765625
2024-12-20,3716.35009765625,3725.0,3607.10009765625,3629.85009765625,3561.523193359375,2796593,-0.023275525105816097,-0.06615639370819393,0.007312362330026412,3792.3950073242186,3636.2020068359375,3762.4370890533037,43.9665040254011,33.019288022815545,61.250575209512455,-28.23128718669691,0.016017773455833523,0.5061050021595852,0.9571392459503699,0.9982531473312687,3640.5
2024-12-23,3670.0,3700.0,3617.050048828125,3640.5,3571.97265625,1217612,0.002933978554824135,-0.06120662008046751,-0.029976019184652314,3786.7700073242186,3639.8050048828127,3750.824032952989,36.49432903520475,19.626395768227667,52.9257393212555,-33.29934355302783,0.012825352750214366,-0.564608793628533,0.9613734113660695,1.0001909429533327,3639.75
2024-12-24,3647.949951171875,3679.0,3632.39990234375,3639.75,3571.236572265625,627922,-0.00020601565718991743,-0.04398244203599899,-0.0169745843457505,3783.6275024414062,3642.94900390625,3740.245553624133,36.10881227853659,8.849897326391329,44.11057092228267,-35.26067359589134,0.012511906930407428,-0.484300417538592,0.9619736608985507,0.9991218642086893,3629.5
2024-12-26,3658.0,3665.14990234375,3610.35009765625,3629.5,3561.1796875,1124705,-0.002816127481283015,-0.03423224344072018,-0.0187092632777498,3780.1675048828124,3644.4380029296876,3729.6983580408823,30.154205927957292,-0.5117455819008683,35.18610762144596,-35.69785320334683,0.012520130031587372,0.7911539968340018,0.9601426379417852,0.9959011504880371,3608.10009765625
2024-12-27,3632.39990234375,3643.64990234375,3603.5,3608.10009765625,3540.1826171875,1309122,-0.005896102037126316,-0.029128041534157045,-0.015807190409306893,3777.2700073242186,3645.5620068359376,3718.1175713375837,23.894626688663806,-9.547648952492636,26.239356306658244,-35.78700525915088,0.012438963217587933,0.16396921859509828,0.9552137100763398,0.9897239687298032,3578.949951171875
2024-12-30,3607.89990234375,3623.0,3566.0,3578.949951171875,3511.5810546875,1591690,-0.008079084752474097,-0.0140226579927476,-0.039156490481183415,3769.977502441406,3646.48900390625,3704.863512274183,8.505123734192878,-18.843623119630138,17.222760421400572,-36.06638354103071,0.01188626616311147,0.21584542922661143,0.9493292596187051,0.9814783336348951,3607.64990234375
2024-12-31,3562.550048828125,3620.60009765625,3550.0,3607.64990234375,3539.74072265625,1267628,0.008019098216916376,-0.009023512609874995,-0.026025605813526642,3765.1574951171874,3647.2360009765625,3695.6050732331896,14.819350054392629,-23.622596825247456,9.053688972070969,-32.67628579731843,0.012054324113007353,-0.20359617764765747,0.9581670639335274,0.9891462744329642,3667.5
2025-01-01,3600.0,3689.0,3599.949951171875,3667.5,3598.46435546875,1202029,0.016589774306361438,0.007624150010302921,-0.031568119588258114,3759.1799926757812,3649.03,3692.9283995919336,25.166887366959557,-22.32323684624089,2.778303808408597,-25.101540654649487,0.01151134936404431,-0.051749409132647695,0.9756117044529907,1.0050616191152169,3713.5
2025-01-02,3676.60009765625,3724.10009765625,3650.050048828125,3713.5,3643.598388671875,1882900,0.012542603953646925,0.02314368370298947,-0.020158817993188416,3755.359997558594,3651.587998046875,3694.887599630797,35.09165963912933,-17.381308237660505,-1.2536186008052237,-16.12768963685528,0.011929211096712052,0.5664347532380667,0.9888532663750459,1.0169548158188273,3659.89990234375
2025-01-03,3708.0,3719.89990234375,3651.449951171875,3659.89990234375,3591.007080078125,1290107,-0.014433848837013596,0.014356532048860782,-0.04479913985121353,3746.777490234375,3654.547998046875,3691.5554379844116,28.057961579106276,-17.587140528443342,-4.520322986332848,-13.066817542110496,0.011944500208886094,-0.31482978384407034,0.9768127175640765,1.0014644504052854,3603.199951171875
2025-01-06,3684.75,3692.25,3585.5,3603.199951171875,3535.37451171875,1212012,-0.015492213635560081,0.006775730404405156,-0.06814596511946613,3733.602490234375,3657.5039990234377,3683.1406297165513,25.69683012558086,-22.071054917799756,-8.030469372626229,-14.040585545173528,0.011979372256149205,-0.06053373867438905,0.9650732665291547,0.9851527030821943,3643.300048828125
2025-01-07,3607.10009765625,3649.85009765625,3595.699951171875,3643.300048828125,3574.719970703125,1453540,0.011129023701059948,0.009881819868722497,-0.0770146673015778,3718.402490234375,3661.517001953125,3679.3462886795583,34.66792307355006,-22.133703074571713,-10.851116113015326,-11.282586961556387,0.01110739620929056,0.19927855499780533,0.9798024980879582,0.9950247525505732,3596.35009765625
2025-01-08,3662.0,3663.85009765625,3590.0,3596.35009765625,3528.65380859375,1813201,-0.012886655104614952,-0.01940010970518069,-0.08330036139895258,3702.0625,3666.916005859375,3671.4418895344816,34.804673707187106,-25.67584570598592,-13.816062031609446,-11.859783674376475,0.011279030684464602,0.24743797900298592,0.9714449979318961,0.9807560609268476,3527.89990234375
2025-01-09,3599.89990234375,3606.300048828125,3486.0,3527.89990234375,3461.491943359375,2921681,-0.01903324021682684,-0.04997982971758452,-0.09927876368321953,3682.6199951171875,3670.6580029296874,3657.771224087745,33.14550607676419,-33.61884088993156,-17.77661780327387,-15.842223086657693,0.011726396321601109,0.6113387318890735,0.957986408323807,0.9611083079731217,3536.14990234375
2025-01-10,3499.949951171875,3552.199951171875,3492.300048828125,3536.14990234375,3469.586669921875,1794238,0.0023385017229426985,-0.033812400148089394,-0.08387523205029679,3666.4324951171875,3673.7630029296874,3646.1882410645076,40.255809253574,-38.80074491279538,-21.98144322517817,-16.81930168761721,0.011623026949717391,-0.38588846626308626,0.9644661144185955,0.9625416499441591,3464.300048828125
2025-01-13,3505.550048828125,3534.5,3448.60009765625,3464.300048828125,3399.089111328125,2137212,-0.020318667335907703,-0.03854904091530509,-0.10874709317516718,3645.297497558594,3674.882001953125,3628.8655560896136,33.745399280100784,-48.15007974206628,-27.215170528555795,-20.934909213510487,0.011826650624026165,0.19115301314541333,0.9503476879865935,0.9426969483610412,3462.60009765625
2025-01-14,3465.85009765625,3491.949951171875,3448.60009765625,3462.60009765625,3397.42138671875,2924491,-0.0004907055243237313,-0.049597877954081104,-0.10708253015014035,3624.5349975585937,3671.6880029296876,3613.0307505245314,33.68635798705351,-55.06194695543854,-32.78452581393235,-22.277421141506196,0.01186146106720358,0.36836729346456965,0.9553225724095865,0.94305401082374,3501.39990234375
2025-01-15,3471.300048828125,3526.14990234375,3471.300048828125,3501.39990234375,3435.49072265625,1155446,0.011205395827766251,-0.02640182205130115,-0.08032150996797482,3609.2449951171875,3669.1889990234376,3602.399241173981,38.79264237478128,-56.754599846052315,-37.57854062035634,-19.176059225695973,0.012034838493557055,-0.6049069735553982,0.9701197638510721,0.9542707947929787,3507.89990234375
2025-01-16,3535.0,3543.449951171875,3483.75,3507.89990234375,3441.868408203125,2305460,0.0018564003488001912,-0.005669095085921505,-0.06658861580905351,3596.7324951171877,3667.857998046875,3593.39930414253,40.998906060704414,-56.915457810538555,-41.44592405839279,-15.469533752145765,0.011919983494332733,0.9952987850578912,0.9753018627618167,0.9563892343192397,3568.64990234375
2025-01-17,3524.0,3579.85009765625,3511.949951171875,3568.64990234375,3501.474853515625,1600246,0.017318054018420126,0.009190786843753074,-0.03974334802462465,3589.3474853515627,3667.7349951171873,3591.0422182569323,49.12444324352593,-51.54672307832061,-43.466083862378355,-8.080639215942256,0.012622428275149032,-0.305888629601034,0.9942336084504826,0.9729846641304924,3593.0
2025-01-20,3574.89990234375,3617.14990234375,3556.5,3593.0,3525.366455078125,1593334,0.0068233360858003245,0.03715034764826752,-0.010151961283482058,3587.50498046875,3666.68599609375,3591.228673661034,48.745405507119116,-44.810564451403025,-43.73497998018329,-1.0755844712197344,0.01170710663081437,-0.0043193359021050926,1.0015317106348747,0.9799039251868716,3541.10009765625
2025-01-21,3612.75,3643.300048828125,3528.10009765625,3541.10009765625,3474.44384765625,2576596,-0.014444726508140882,0.022670824751935603,-0.02730391494128559,3582.5349853515627,3664.5769970703127,3586.4545235653404,39.02587916499568,-43.16244874034055,-43.62047373221474,0.4580249918741899,0.012082067045239118,0.6171097836360737,0.9884341987266744,0.9663052790232604,3518.199951171875
2025-01-22,3563.0,3582.35009765625,3490.10009765625,3518.199951171875,3451.974609375,1626055,-0.006466958248238175,0.004798094846829581,-0.033395164181090786,3576.457482910156,3661.7349951171873,3579.9540880992963,32.33538064602749,-43.20610254677604,-43.537599495127004,0.3314969483509671,0.012132858653175625,-0.3689134811976732,0.9837108278186836,0.9608013566965627,3503.25
2025-01-23,3492.0,3527.800048828125,3460.60009765625,3503.25,3437.305908203125,1993204,-0.0042493182250472605,-0.00132555160443526,-0.03478440556550488,3570.144982910156,3659.2229931640627,3572.648936851744,34.766125440298424,-43.94051570744614,-43.618182737590836,-0.322332969855303,0.012144479583612386,0.22579125552333723,0.9812626704992726,0.9573753790202341,3458.199951171875
2025-01-24,3514.5,3521.10009765625,3446.050048828125,3458.199951171875,3393.10400390625,1206454,-0.012859501556590325,-0.03095006632601749,-0.04154545118683017,3562.6499755859377,3656.559990234375,3561.7490334536615,35.57213930348259,-47.60890010500134,-44.416326211072935,-3.1925738939284045,0.012368898631999732,-0.3947162458032394,0.9706819291454856,0.945752280943766,3457.64990234375
2025-01-27,3447.199951171875,3493.89990234375,3401.14990234375,3457.64990234375,3392.564208984375,1552938,-0.00015905639809477012,-0.03767049753861673,-0.033892636243322394,3556.5849731445314,3654.7539892578125,3551.8348304908127,29.94922064313488,-49.98431741581453,-45.529924452021255,-4.454392963793275,0.012292144688178009,0.28719205207989695,0.972182565143858,0.9460691232588027,3413.89990234375
2025-01-28,3464.949951171875,3482.14990234375,3404.050048828125,3413.89990234375,3349.637939453125,1657689,-0.01265310289811128,-0.03592109564953838,-0.05370532209184942,3546.8974731445314,3652.5069873046873,3538.6981706672827,30.157673157966286,-54.7658059936216,-47.37710076034132,-7.388705233280277,0.01230537571238505,0.06745343342747745,0.9625031251092603,0.9346730654341571,3449.699951171875
2025-01-29,3431.0,3455.0,3412.0,3449.699951171875,3384.763916015625,1238704,0.010486554923167857,-0.019470183886843406,-0.05938651638122017,3536.007470703125,3650.65798828125,3530.2221497629585,40.84523788428154,-55.03203040312292,-48.90808668889765,-6.12394371422527,0.01187022555615835,-0.2527524764898603,0.9755918164069693,0.9449529269094893,3420.949951171875
2025-01-30,3455.0,3517.800048828125,3395.0,3420.949951171875,3356.55517578125,2717740,-0.008334058151994839,-0.023492485214622105,-0.07878013971405007,3521.3799682617187,3648.9589892578124,3519.815273706665,37.13136853519394,-56.90691242876483,-50.50785183687108,-6.399060591893743,0.011338506943766936,1.1940189100866712,0.971479926053132,0.9375139488393336,3567.39990234375
2025-01-31,3501.050048828125,3590.0,3481.050048828125,3567.39990234375,3500.248291015625,3995513,0.042809732168606285,0.03157710737196395,-0.025273915262208235,3516.7549682617187,3650.6369873046874,3524.347143100673,59.871683565295,-46.044708082679335,-49.615223086032735,3.5705150033533997,0.015156938611850456,0.4701601330517269,1.0144010414541518,0.9771992983004337,3447.5
2025-02-01,3578.0,3629.199951171875,3402.0,3447.5,3382.60546875,4752505,-0.033609885526143746,-0.002935491628828557,-0.04321157673229781,3508.969970703125,3647.5169873046875,3517.0283675672754,48.82104153974834,-46.57437257875017,-49.00705298457623,2.432680405826055,0.016536550303460774,0.18946052734655106,0.982482047091783,0.9451635213760885,3289.199951171875
2025-02-03,3420.0,3420.0,3270.0,3289.199951171875,3227.28515625,6077580,-0.04591734556290794,-0.036527125791317006,-0.09719213155944895,3491.2649658203127,3638.240986328125,3495.330423148666,36.03764243541713,-59.08651392716001,-51.02294517309299,-8.06356875406702,0.01889104668814975,0.27881611907825454,0.94212269288448,0.9040632447196639,3439.14990234375
2025-02-04,3316.0,3449.0,3307.25,3439.14990234375,3374.41259765625,4742516,0.04558857880271194,-0.003058251145738322,-0.04371103787001929,3483.4049560546873,3632.971982421875,3489.9798973577217,46.19472006598702,-56.25430362029874,-52.06921686253415,-4.185086757764594,0.021882852907258256,-0.21967032930870511,0.9872954611165677,0.9466491673990516,3383.199951171875
2025-02-05,3444.64990234375,3450.949951171875,3379.449951171875,3383.199951171875,3319.515869140625,2670316,-0.016268540994315406,-0.011034946590513073,-0.04101588910607812,3476.169958496094,3626.661982421875,3479.8103786733554,39.68059979442792,-57.85750471415713,-53.22687443285875,-4.63063028129838,0.021778108277357027,-0.43694106672491984,0.9732550455143911,0.9328688384994135,3352.75
2025-02-06,3404.0,3404.0,3342.699951171875,3352.75,3289.638916015625,2874856,-0.009000340391151829,-0.060169845887680484,-0.05186428952635547,3466.999963378906,3620.3959814453124,3467.709390228274,36.72138252723154,-60.883285098108445,-54.75815656590869,-6.125128532199753,0.02181042460996545,0.07659767608028423,0.9670464480571961,0.9260727327018896,3336.89990234375
2025-02-07,3367.0,3369.949951171875,3311.10009765625,3336.89990234375,3274.087158203125,1722789,-0.004727491657967375,-0.0320812466007977,-0.03677514784767877,3460.6299560546877,3612.637978515625,3455.251343763081,38.24544253083238,-63.82447939887561,-56.57142113250208,-7.253058266373529,0.021412550218519115,-0.40073902832002717,0.9642463784680414,0.923674036033588,3328.64990234375
2025-02-10,3347.800048828125,3349.0,3294.050048828125,3328.64990234375,3265.992431640625,1236663,-0.00247235465295359,0.011993783217046472,-0.03868485864225779,3453.9324462890627,3605.1299755859377,3443.1940636279064,38.90157154011159,-66.05960907156941,-58.46905872031555,-7.59055035125386,0.02141146564701625,-0.2821738471745524,0.9637275639018599,0.9233092634344614,3239.64990234375
2025-02-11,3360.949951171875,3361.0,3231.0,3239.64990234375,3178.66796875,2593537,-0.02673756706505359,-0.05800852119415978,-0.07475581404591658,3440.8449462890626,3594.18197265625,3423.8089054103675,35.79740853145205,-74.15767808497276,-61.606782593247,-12.550895491725761,0.021878655789592118,1.0972059485890657,0.9415274308822603,0.9013594545268708,3289.64990234375
2025-02-12,3259.0,3300.0,3222.25,3289.64990234375,3227.7265625,1632415,0.015433766458476716,-0.02765135084484771,-0.062216712584694744,3429.9324462890627,3584.17697265625,3411.031857499261,40.96682257089944,-75.66861331672771,-64.41914873794315,-11.249464578784568,0.022265754141795917,-0.3705834927359818,0.9591004936271884,0.9178257456148364,3263.64990234375
2025-02-13,3289.64990234375,3314.89990234375,3252.949951171875,3263.64990234375,3202.21630859375,2127644,-0.007903576602931506,-0.02657522859033634,-0.08546649527029482,3414.6824462890627,3572.8189697265625,3396.995480817784,39.878963910285435,-78.06414817560471,-67.14814862547546,-10.915999550129257,0.021764697873864453,0.303371997929448,0.9557696663391207,0.9134663496800471,3237.64990234375
2025-02-14,3275.050048828125,3285.800048828125,3221.550048828125,3237.64990234375,3176.70556640625,1378340,-0.007966540768152952,-0.02974317567341156,-0.09890066731317837,3396.91494140625,3560.23796875,3381.8197114393047,40.63147726051688,-81.12544587785169,-69.9436080759507,-11.181837801900983,0.02162003990992286,-0.352175457924352,0.9531147992193859,0.9093914313487559,3221.85009765625
2025-02-17,3213.550048828125,3239.39990234375,3194.550048828125,3221.85009765625,3161.203125,1966689,-0.0048800225978918865,-0.03208502180187245,-0.09015559888050106,3380.95244140625,3545.7289697265624,3366.5845101266327,37.62559397673974,-83.85977526775605,-72.72684151431179,-11.132933753444263,0.02150496802437039,0.4268533163080226,0.9529415611407347,0.9086566190378367,3220.14990234375
2025-02-18,3227.0,3241.0,3183.0,3220.14990234375,3159.534912109375,2428215,-0.0005277077644726402,-0.006019168918805828,-0.08471663150607678,3366.049938964844,3531.6689697265624,3352.6383570044536,38.764543322263776,-85.18201729027078,-75.21787666950358,-9.964140620767196,0.02151729866453083,0.23467157237366965,0.9566554153186562,0.9117926764786985,3275.89990234375
2025-02-19,3220.14990234375,3302.85009765625,3211.60009765625,3275.89990234375,3214.235595703125,1677978,0.017312858621712834,-0.004179776088088727,-0.06489690934310999,3354.6824340820312,3518.8519677734375,3345.329932751053,31.847052219767335,-80.79993320773656,-76.33428797715018,-4.465645230586375,0.0220481892964854,-0.30896646301913133,0.9765156513958261,0.9309570088043755,3275.800048828125
2025-02-20,3260.050048828125,3285.449951171875,3247.75,3275.800048828125,3214.1376953125,1236693,-3.0481247474511974e-05,0.0037228706656462496,-0.05274417469179027,3345.5624389648438,3507.169970703125,3338.7080390441074,37.432294833016854,-76.45384501089802,-76.35819938389976,-0.0956456269982624,0.021936235283139278,-0.2629861654920387,0.9791477841440903,0.9340294528615006,3315.10009765625
2025-02-21,3275.800048828125,3324.89990234375,3270.89990234375,3315.10009765625,3252.69775390625,1706850,0.011997084145042303,0.023921732629718084,-0.0412273679272368,3338.434948730469,3495.73197265625,3336.459663673835,52.295705833192315,-69.04247463664842,-74.89505443444949,5.85257979780107,0.022171019215070996,0.38017276721061743,0.9930102423942414,0.9483278819964146,3257.699951171875
2025-02-24,3289.699951171875,3325.5,3250.0,3257.699951171875,3196.378173828125,1512844,-0.017314755148707728,0.011127101643153559,-0.04575410985677664,3330.624951171875,3483.3289697265627,3328.958738673649,30.760265890884085,-67.0279656625662,-73.32163668007284,6.2936710175066395,0.022314387812640047,-0.11366318071300929,0.9781047097559449,0.9352260379322143,3225.89990234375
2025-02-25,3233.0,3248.949951171875,3206.39990234375,3225.89990234375,3165.176513671875,2529084,-0.009761503301335628,0.0017856311582933326,-0.06487522161227366,3319.434948730469,3471.70296875,3319.143611404135,32.42065295863526,-67.2225512371092,-72.10181959148012,4.879268354370922,0.022172005243954938,0.6717414353363598,0.9718219974690295,0.9291981288091729,3209.5
2025-02-27,3238.0,3258.5,3184.0,3209.5,3149.08544921875,2572065,-0.005083822449616249,-0.0202692097814845,-0.061810302456906996,3308.862451171875,3460.729970703125,3308.701362698979,33.47179327121884,-67.9171896806306,-71.26489360931022,3.3477039286796213,0.022143635542628878,0.016994690567810222,0.9699708124353479,0.9274054974442048,3163.85009765625
2025-02-28,3199.800048828125,3199.800048828125,3141.0,3163.85009765625,3104.294921875,2494680,-0.014223368856130292,-0.034174842634831615,-0.1131215495135186,3288.6849609375,3449.679970703125,3294.906004123481,31.318164614546077,-71.32902466316864,-71.2777198200819,-0.05130484308673999,0.01944848338773394,-0.030086720203416295,0.9620411000858947,0.9171430754521219,3197.300048828125
2025-03-03,3165.949951171875,3227.0,3160.0,3197.300048828125,3137.115234375,1352460,0.01057254615086034,-0.03553438670265452,-0.07257431506073242,3276.1749633789063,3441.0289697265625,3285.610198857257,36.55166449113899,-70.52087619801978,-71.12635109566948,0.6054748976496995,0.01861536399462314,-0.45786233104045404,0.9759246940616892,0.9291697561855153,3213.0
2025-03-04,3171.050048828125,3221.0,3167.800048828125,3213.0,3152.51953125,1442098,0.004910377797551213,-0.013721322356834986,-0.023166712970650094,3272.3649658203126,3432.4789697265624,3278.6949418232325,46.78955368213999,-67.83163698001226,-70.46740827253804,2.6357712925257744,0.015788312135002643,0.06627774573739709,0.9818586965572677,0.9360581749626724,3239.64990234375
2025-03-05,3213.0,3245.0,3187.85009765625,3239.64990234375,3178.66796875,1945855,0.008294398488562171,0.004262376520117739,-0.05800852119415978,3262.3899658203127,3424.4769677734375,3274.9763666347103,43.6175596889059,-62.82575493301238,-68.9390776046329,6.113322671620523,0.01164938248246098,0.3493223068057787,0.993029630511739,0.9460276511803026,3259.89990234375
2025-03-06,3250.10009765625,3266.449951171875,3215.0,3259.89990234375,3198.53662109375,1854837,0.006250675415683027,0.015703350161629492,-0.0364448009599363,3256.224963378906,3417.0849658203124,3273.540512892714,49.514185406585064,-56.57241993968728,-66.46574607164378,9.8933261319565,0.011376255090413727,-0.046775324985674716,1.0011285887818484,0.9540002472725088,3244.699951171875
2025-03-07,3259.89990234375,3289.0,3240.10009765625,3244.699951171875,3183.622802734375,930240,-0.004662704876596591,0.025554261744422657,-0.03222729068022523,3250.8224609375,3409.816962890625,3270.793792728825,50.939631514245946,-52.24091518153773,-63.620779893622576,11.379864712084846,0.011272491367512271,-0.4984788420761501,0.9981166274568376,0.9515759897039241,3177.699951171875
2025-03-10,3246.0,3246.300048828125,3169.050048828125,3177.699951171875,3117.884033203125,1777752,-0.02064905877531198,-0.00613020278263654,-0.047708938185426875,3242.8624633789063,3401.791962890625,3261.9277125805443,44.82231011453168,-53.59667737749987,-61.61595939039804,8.019282012898167,0.012042658224250581,0.9110681114551085,0.9799058662083574,0.9341253039094339,3195.449951171875
2025-03-11,3170.300048828125,3204.39990234375,3161.10009765625,3195.449951171875,3135.300048828125,1274649,0.005585801136905433,-0.0054622000710006224,-0.040016209297976,3236.2024658203127,3393.5479638671877,3255.59649720829,47.20841204170481,-52.632141464051074,-59.81919580512865,7.187054341077577,0.012173219041898376,-0.28299954099334446,0.9874073037522059,0.9416251030471465,3193.64990234375
2025-03-12,3205.0,3221.949951171875,3153.050048828125,3193.64990234375,3133.53369140625,1360149,-0.0005633162326529328,-0.014199065141798473,-0.014199065141798473,3233.9024658203125,3384.0709619140625,3249.6968215069055,39.41304388815215,-51.420248088361404,-58.13940626177521,6.719158173413803,0.010686456906407387,0.06707728951264236,0.9875529444991001,0.9437301812776974,3187.300048828125
2025-03-13,3202.25,3233.14990234375,3178.050048828125,3187.300048828125,3127.303466796875,1414376,-0.0019882747670509904,-0.022270577530134728,-0.031112688752290785,3228.7849731445312,3373.546962890625,3243.754271727974,38.78894531419134,-50.39131426434278,-56.58978786228872,6.1984735979459415,0.009993074422172316,0.039868426179778815,0.9871515369832746,0.9447919604762478,3173.449951171875
2025-03-17,3190.0,3240.050048828125,3159.0,3173.449951171875,3113.7138671875,2805790,-0.004345401262533244,-0.021958887130462346,-0.027637753396005826,3224.2749755859377,3363.8179638671877,3237.0586221512026,30.819195647847494,-50.11576063389384,-55.29498241660975,5.179221782715906,0.009904946495233938,0.9837652788226046,0.984236758713538,0.9434071597392691,3173.449951171875
2025-03-18,3173.449951171875,3173.449951171875,3173.449951171875,3173.449951171875,3113.7138671875,0,0.0,-0.001337445342639354,-0.01982918261959099,3221.064978027344,3355.2229638671874,3231.0006534865047,36.49188623823333,-49.328751258084594,-54.10173618490472,4.772984926820129,0.009784467454850471,-1.0,0.985217613683587,0.9458238648659572,3319.550048828125
2025-03-20,3335.25,3358.89990234375,3276.89990234375,3351.050048828125,3287.97119140625,2434722,0.009489237859546806,0.04928534789266115,0.04065032698915694,3232.494982910156,3343.841962890625,3250.064035861402,66.03967446423206,-23.511860531467846,-45.16672947492682,21.654868943458972,0.014391564775843852,0.5063440721840833,1.0366760247254077,1.0021556299662167,3415.949951171875
2025-03-21,3357.0,3455.0,3332.75,3415.949951171875,3351.649169921875,3042073,0.01936703463036782,0.0717378027926232,0.042751626424215816,3239.4974853515623,3341.6029638671876,3265.8626944623993,77.3724198881671,-7.894517267820447,-37.71228703350555,29.8177697656851,0.01451273352344007,0.24945394176419322,1.0544690855968246,1.0222488991387075,3481.85009765625
2025-03-24,3449.0,3517.0,3446.0,3481.85009765625,3416.308837890625,1955564,0.019291894619758,0.0971813487622486,0.06290067945442424,3249.7999877929688,3340.5169677734375,3286.432923338004,78.86196135648993,9.688250732569031,-28.232179480290633,37.920430212859664,0.014992078544641583,-0.3571607255973147,1.07140442819094,1.0423087597657124,3469.60009765625
2025-03-25,3505.0,3525.0,3435.35009765625,3469.60009765625,3404.28955078125,4235900,-0.003518244512664692,0.09332119650256798,0.04660492758853052,3257.5249877929687,3340.62296875,3303.8774161302176,76.21042876979061,22.37630827438352,-18.110481929355803,40.48679020373932,0.014911956518619958,1.1660758737632726,1.0651031413904721,1.0386087056554338,3444.800048828125
2025-03-26,3473.0,3496.800048828125,3418.5,3444.800048828125,3379.956298828125,2315715,-0.007147811889006372,0.037731017203435746,0.0574331892011557,3266.879992675781,3340.2669677734375,3317.298619244304,71.03456217160681,30.083741960178486,-8.471637151448945,38.55537911162743,0.014368457247640581,-0.4533121650652754,1.0544617667472431,1.0312948282467276,3501.60009765625
2025-03-27,3460.0,3528.0,3451.0,3501.60009765625,3435.687255859375,3467864,0.016488634470220642,0.044926231072189626,0.08546458466122653,3280.665002441406,3340.2709716796876,3334.8511409978228,73.05418783451725,40.31055296570685,1.2848008719822133,39.025752093724634,0.014350607307423515,0.49753488663328604,1.0673446069776793,1.0482982151281686,3492.300048828125
2025-03-28,3509.89990234375,3514.0,3472.550048828125,3492.300048828125,3426.562255859375,1348143,-0.002655942588746796,0.022351058635990073,0.08811342851787662,3294.8050048828127,3339.958974609375,3349.8462750768995,73.88577635544368,47.12174797274383,10.452190292134537,36.669557680609294,0.014277978238278321,-0.6112468655056831,1.0599413451335147,1.0456116603158476,3436.800048828125
2025-04-01,3480.0,3501.60009765625,3430.0,3436.800048828125,3372.10693359375,1935147,-0.015892105267021228,-0.01293853772121023,0.08627145495106547,3308.452502441406,3337.3219775390626,3358.127586862731,75.56234687025196,47.49380391304021,17.86051301631567,29.63329089672454,0.014396469795308833,0.4354167176627406,1.0387938307386935,1.0298077536295787,3419.89990234375
2025-04-02,3433.0,3457.75,3408.0,3419.89990234375,3355.52490234375,1338839,-0.004917407543141072,-0.014324473689654615,0.06962119604546113,3319.5824951171876,3333.8599755859377,3364.0106645275896,72.18102146669543,45.895900968216665,23.46759060669587,22.428310361520793,0.01445459456006587,-0.3081460994952838,1.030219886800259,1.0258079005680767,3420.14990234375
2025-04-03,3400.0,3463.0,3393.0,3420.14990234375,3355.77001953125,1200631,7.310155476436542e-05,-0.007155755380565787,0.0644724252548241,3329.939990234375,3331.4409716796877,3369.357258605319,72.45240132738051,44.140895516081855,27.60225158857307,16.538643927508787,0.01446966600829839,-0.10322973860187823,1.0270905518940074,1.0266277960252546,3260.14990234375
2025-04-04,3400.0,3403.800048828125,3237.300048828125,3260.14990234375,3198.781982421875,2366979,-0.046781575243341145,-0.0689542462242081,0.0063278442479755,3330.964990234375,3326.279970703125,3358.9565580089793,55.5352780225386,29.49932833260209,27.981666937378876,1.5176613952232145,0.01821156020898141,0.9714458480582293,0.9787403686024204,0.9801189109329855,3068.5
2025-04-07,3049.050048828125,3090.60009765625,2965.300048828125,3068.5,3010.739501953125,4953864,-0.05878561050397446,-0.12135270248910457,-0.05871342927006451,3321.3949951171876,3317.584970703125,3331.294028674791,43.72196516984977,2.403529032282222,22.866039356359547,-20.462510324077325,0.022440906253982932,1.0929057672248041,0.9238588016514233,0.9249197916849937,3161.10009765625
2025-04-08,3124.949951171875,3193.89990234375,3092.699951171875,3161.10009765625,3101.5966796875,2877816,0.030177643036092494,-0.08021995671988036,-0.025765049087337566,3317.2150024414063,3311.6429736328123,3315.0850828635016,49.334921230534434,-11.465861820544887,15.999659120978661,-27.46552094152355,0.02360883868219237,-0.4190765027057667,0.9529379601050102,0.9545413327538085,3054.14990234375
2025-04-09,3158.800048828125,3158.800048828125,3048.0,3054.14990234375,2996.65966796875,4451381,-0.03383322008429801,-0.10694757462033955,-0.03888033820894954,3311.0375,3303.5729736328126,3290.234113290192,35.07815213139057,-30.733168105431105,6.6530936756967085,-37.386261781127814,0.024357474965641668,0.5467913862456808,0.9224147725127698,0.9244989975157771,3115.949951171875
2025-04-11,3114.0,3157.0,3100.14990234375,3115.949951171875,3057.29638671875,3979116,0.02023477917069494,-0.08894345565479855,-0.02487912538603354,3307.0625,3297.613974609375,3273.6356216598765,37.21727121255726,-40.54848203345,-2.7872214661326336,-37.761260567317365,0.024804123195853203,-0.10609404137727141,0.942210784093701,0.944910464100329,3257.60009765625
2025-04-15,3180.0,3272.0,3176.10009765625,3257.60009765625,3196.280029296875,2161492,0.04545969887324475,-0.0007821127137948025,0.020024172112781846,3310.260009765625,3293.7719775390624,3272.1084288976263,42.053509229113175,-36.47672505484297,-9.525122183874702,-26.951602870968273,0.026890309041018176,-0.4567909053166582,0.9840919106190986,0.9890180983597298,3227.699951171875
2025-04-16,3270.0,3276.800048828125,3224.10009765625,3227.699951171875,3166.94287109375,1578260,-0.009178581037582623,0.05188201113634516,0.012675274283826532,3312.2800048828126,3289.9069775390626,3267.8790500666023,36.76784886708018,-35.25610976204007,-14.671319699507777,-20.584790062532292,0.026985016517399443,-0.2698284333229084,0.9744647029881974,0.9810915546269579,3247.300048828125
2025-04-17,3214.10009765625,3249.89990234375,3162.39990234375,3247.300048828125,3186.173828125,3209331,0.006072465827913653,0.027268972354208776,0.02327123439554457,3315.972509765625,3283.50498046875,3265.9191451867473,38.51401076215851,-32.33446765678582,-18.203949290963386,-14.130518365822432,0.026977393102605614,1.0334615335876216,0.9792904010104855,0.9889736937035325,3280.5
2025-04-21,3249.5,3290.0,3225.10009765625,3280.5,3218.7490234375,1643003,0.010223863108632658,0.0741123078086472,0.033733019419006194,3321.3250122070312,3280.16498046875,3267.307798026105,41.58385876923315,-27.028518704124053,-19.968863173595523,-7.059655530528531,0.02704427422962419,-0.4880543639780378,0.9877082152282644,1.0001021349637123,3257.800048828125
2025-04-22,3280.0,3285.0,3248.0,3257.800048828125,3196.476318359375,2060322,-0.0069196619941700455,0.04552386908618411,-0.018601918661174888,3318.237512207031,3279.536982421875,3266.4022981024877,37.059455452793685,-24.374241199890548,-20.84993877885453,-3.524302421036019,0.025023693557833848,0.2539977102902429,0.9817862756488737,0.9933719504581717,3301.0
2025-04-23,3275.39990234375,3315.0,3266.699951171875,3301.0,3238.863037109375,2381699,0.01326046734740971,0.013322661174701933,-0.014935631547976391,3315.735009765625,3276.773984375,3269.697317330822,40.19879473313038,-18.570759971183634,-20.39410301732035,1.823343046136717,0.025118049492689552,0.15598387048238083,0.9955560351710173,1.0073932519424653,3300.60009765625
2025-04-24,3307.0,3307.0,3280.0,3300.60009765625,3238.470703125,1993448,-0.00012114581755529041,0.022585787894536802,-0.03376801626617898,3309.9675170898436,3275.1219873046875,3272.640439266577,42.60426413306399,-13.844141418037452,-19.08411069746377,5.239969279426319,0.024683100409406532,-0.16301430197518663,0.9971699361443191,1.007779285916776,3272.10009765625
2025-04-25,3310.0,3335.699951171875,3230.10009765625,3272.10009765625,3210.50732421875,2004819,-0.008634793418396236,0.007637128831712081,-0.060240962165829526,3299.480017089844,3273.5089892578126,3272.588978160831,42.07423086832751,-12.256686524056022,-17.718625862782222,5.4619393387262,0.024235399425595893,0.005704186916337894,0.9917017471565889,0.9995696081464307,3327.300048828125
2025-04-28,3260.0,3350.800048828125,3254.800048828125,3327.300048828125,3264.66796875,1689485,0.016869884638130106,0.014266132854176217,-0.04101338621827055,3292.3650146484374,3273.3169921875,3277.799556319621,45.298028998164526,-6.469861809658596,-15.468873052157498,8.999011242498902,0.024630050172484423,-0.15728801452899244,1.01061092376582,1.0164918511618237,3322.300048828125
2025-04-29,3335.0,3376.39990234375,3315.0,3322.300048828125,3259.76220703125,1843861,-0.0015027199010083647,0.019798636820329563,-0.03556084482803956,3286.2400146484374,3273.1899951171877,3282.037698463288,53.73341268474796,-2.2611545626559746,-12.827329354257195,10.56617479160122,0.02459786909842247,0.09137459048171492,1.0109730372763248,1.0150037284069051,3341.0
2025-04-30,3324.0,3355.0,3303.300048828125,3341.0,3278.110107421875,1930714,0.005628615988032548,0.012117540139351624,-0.04586477415389201,3278.210009765625,3275.2169970703126,3287.6531557524986,70.66271144772269,2.553767784891079,-9.75110992642754,12.30487771131862,0.02429748085034608,0.04710387605139443,1.0191537424531458,1.020085082297915,3334.89990234375
2025-05-02,3325.0,3374.89990234375,3325.0,3334.89990234375,3272.125,1411889,-0.001825829888132291,0.010391990447996546,-0.04507062517070726,3270.3400024414063,3276.1219970703123,3292.1528459040464,65.16841387539418,5.810422599879075,-6.638803421166218,12.449226021045293,0.024297120273370255,-0.26872183036949027,1.0197410360556236,1.0179413053988833,3330.199951171875
2025-05-05,3350.0,3350.0,3300.699951171875,3330.199951171875,3267.513427734375,1947332,-0.0014093230110360233,0.017756135748182356,-0.03101725330008598,3265.0099975585936,3277.452998046875,3295.776379739078,79.32645946146428,7.920792260590133,-3.7268842848149477,11.64767654540508,0.02407673007880698,0.37923873618960124,1.0199662339968414,1.0160938854520365,3334.0
2025-05-06,3346.0,3353.0,3302.800048828125,3334.0,3271.241943359375,1695516,0.0011410872872026356,0.002013629992352106,-0.025117665661758215,3260.7150024414063,3279.38,3299.4167245258327,76.42069204213665,9.78708814332731,-1.0240897991864963,10.811177942513806,0.024066872596966254,-0.12931333742782436,1.0224751312223617,1.0166555873366308,3321.39990234375
2025-05-07,3332.0,3339.800048828125,3284.10009765625,3321.39990234375,3258.879150390625,2422707,-0.003779273442186537,-0.00027094075524347616,-0.028873003470499592,3255.7775024414063,3281.37099609375,3301.5103605084914,61.248198645691474,10.13261600886699,1.207251362424201,8.92536464644279,0.024073310189637313,0.4288906739895111,1.0201556770550615,1.0121988358822125,3323.89990234375
2025-05-08,3310.10009765625,3366.0,3299.800048828125,3323.89990234375,3261.33203125,3204333,0.000752694668966436,-0.005118257305073315,0.019554315571246983,3258.9650024414063,3283.44599609375,3303.642697826135,68.7743890527399,10.487287515954904,3.0632585931303415,7.424028922824562,0.02154885270027962,0.32262506361685506,1.0199250068207848,1.012320563913074,3443.89990234375
2025-05-09,3331.0,3477.0,3331.0,3443.89990234375,3379.072998046875,5637694,0.03610217019934492,0.03268463917714448,0.12233987366587917,3277.734997558594,3286.80599609375,3317.000526827813,77.56589095275815,20.21830037745167,6.494266949994607,13.724033427457062,0.017761600638981263,0.7593970414435702,1.0506950393820498,1.047795308404786,3587.199951171875
2025-05-12,3513.0,3602.800048828125,3490.0,3587.199951171875,3519.67578125,3147384,0.041609818197852366,0.07717254332117918,0.13479479939010797,3299.039990234375,3293.033994140625,3342.733805336771,82.85836546605127,39.04324824807645,13.004063209610976,26.039185038465476,0.018739832824361563,-0.44172493221519293,1.0873466104656184,1.089329766274708,3567.0
2025-05-13,3587.199951171875,3606.0,3545.0,3567.0,3499.85595703125,2374439,-0.0056311193819224,0.06988602279544098,0.16791909829399332,3324.6824951171875,3298.0719921875,3364.0924905427933,83.30460832571161,51.73580961165817,20.750412490020416,30.985397121637753,0.01646790658707719,-0.24558331617622764,1.0728844048232256,1.081540975591054,3573.10009765625
2025-05-14,3587.0,3617.0,3567.0,3573.10009765625,3505.84130859375,2440116,0.001710147927179717,0.07578135807581843,0.14671292981212547,3347.540002441406,3304.3799951171877,3383.9979769345514,81.8543708078532,61.577159671240224,28.91576192626438,32.661397744975844,0.01625829422844145,0.02766000726908535,1.0673808513267473,1.0813223972231234,3618.199951171875
2025-05-15,3594.0,3648.699951171875,3543.0,3618.199951171875,3550.09228515625,3720879,0.012622051519129762,0.088540587103904,0.11069494189144535,3365.5699951171873,3312.22599609375,3406.3029268619152,83.65831079336381,72.18359421864125,37.569328384739755,34.61426583390149,0.013611702952534561,0.524877915640076,1.0750630521490288,1.0923771371394866,3604.699951171875
2025-05-16,3642.0,3642.0,3600.0,3604.699951171875,3536.846435546875,1278520,-0.0037311370798144283,0.04669126669990975,0.11680143932310783,3384.4199951171877,3320.1299951171877,3425.197881558102,86.40540914661423,78.59395069630636,45.77425284705308,32.81969784925329,0.013357827078461282,-0.6563930189613798,1.0650864716472814,1.0857104861777085,3600.199951171875
2025-05-19,3604.699951171875,3619.89990234375,3587.0,3600.199951171875,3532.43115234375,1519244,-0.0012483702002817898,0.0036239964810862446,0.1086748674398299,3402.064990234375,3328.8569921875,3441.864745330842,83.60007839431137,82.36167784323698,53.09173784628986,29.269939996947116,0.01344485306398168,0.18828332759753463,1.0582396166758268,1.0815123508222764,3567.800048828125
2025-05-20,3630.0,3634.0,3556.0,3567.800048828125,3500.64111328125,1532347,-0.008999473024603466,0.00022429179369920504,0.08757812797687081,3416.4299926757812,3336.2669921875,3453.858583759155,78.31603229527104,81.79039860793227,58.831469998618346,22.95892860931393,0.013754567609503393,0.008624684382495529,1.0443065001995808,1.069398839236429,3589.0
2025-05-21,3565.699951171875,3610.5,3555.0,3589.0,3521.44189453125,1563885,0.005942023342602409,0.004449889986059885,0.10166368291725325,3432.989990234375,3343.7869921875,3466.7291948297116,78.44036697247707,82.10189504289565,63.485555007473806,18.616340035421842,0.013500984306401379,0.020581500143244336,1.0454443532341828,1.073333920009086,3551.39990234375
2025-05-22,3585.0,3592.0,3536.89990234375,3551.39990234375,3484.549560546875,1597159,-0.01047648304715798,-0.01846223252711321,0.07585577168850355,3445.5099853515626,3350.0219921875,3474.7930717358104,73.15508021390374,78.41087283511251,66.47061857300154,11.940254262110969,0.013771472468664649,0.021276500509948004,1.0307327267784374,1.0601124143739589,3599.89990234375
2025-05-23,3570.0,3631.60009765625,3551.199951171875,3599.89990234375,3532.136474609375,1119217,0.013656586510573554,-0.001331608425984121,0.09068042047869795,3460.4749755859375,3356.8219921875,3486.7080079841858,76.37394146450937,78.49442098758891,68.87537905591903,9.619041931669884,0.013911474019948569,-0.2992450970754946,1.0402906906541651,1.0724131070166893,3648.699951171875
2025-05-26,3615.800048828125,3672.5,3608.39990234375,3648.699951171875,3580.01806640625,1678934,0.013555946040708866,0.01347147398971904,0.11509423375690031,3479.304968261719,3364.9019921875,3502.135812097299,78.28509109740389,81.558237013709,71.41195064747703,10.146286366231976,0.013697079059442105,0.5000969427733852,1.048686442969323,1.084340631508224,3640.0
2025-05-27,3648.699951171875,3665.0,3603.0,3640.0,3571.48193359375,2013954,-0.0023843975356430125,0.020236546382578213,0.09398008793406176,3494.9399658203124,3374.1479931640624,3515.265734754699,78.8378126339702,82.3352108778563,73.59660269355288,8.738608184303416,0.013535224162260393,0.19954328162989143,1.0415057298833,1.0787908554617482,3646.300048828125
2025-05-28,3660.0,3663.0,3620.0,3646.300048828125,3577.663330078125,1293244,0.0017307826450891906,0.015965463591007145,0.09752279903625327,3511.1399658203127,3383.1649951171876,3527.7451932378826,78.98239615133912,82.50822608103772,75.37892737104985,7.129298709987864,0.013477849937947331,-0.35785822317689475,1.0384946439969773,1.0777777773447974,3655.300048828125
2025-05-29,3663.89990234375,3668.89990234375,3618.0,3655.300048828125,3586.493896484375,1972248,0.0024682554588157934,0.029256110080930542,0.0940736452643296,3526.8549682617186,3392.397998046875,3539.8932747226672,73.74215742026905,82.42146333616802,76.7874345640735,5.634028772094524,0.013485510268043972,0.5250393583886721,1.0364191557980942,1.0774974077135444,3675.10009765625
2025-05-30,3655.300048828125,3695.300048828125,3654.5,3675.10009765625,3605.92138671875,2571304,0.005416805341184716,0.02088952397358046,0.10201211588791881,3543.8649780273436,3402.1539990234373,3552.7701150020557,63.6618215458498,82.99370196580776,78.02868804442035,4.96501392138741,0.013401127687900116,0.3037427341794743,1.0370316364880123,1.0802274378852808,3679.60009765625
2025-06-02,3675.10009765625,3697.300048828125,3605.60009765625,3679.60009765625,3610.336669921875,1954517,0.0012244564448380402,0.008468809959133683,0.10491866903109637,3561.3349853515624,3412.277001953125,3564.849160969122,68.39870876736111,82.85521426007517,78.99399328755132,3.861220972523853,0.013348158236657259,-0.23987323163655483,1.0332080842692795,1.0783415577194098,3644.800048828125
2025-06-03,3655.0,3669.199951171875,3615.300048828125,3644.800048828125,3609.54443359375,2472483,-0.009457562752618442,0.00131869473300128,0.09322137037436273,3576.8749877929686,3421.70400390625,3572.4635312414075,60.7110788216183,79.02642125920784,79.00047888188263,0.0259423773252081,0.013718197444188866,0.26500971851357646,1.0189900573173423,1.0652002758471177,3626.5
2025-06-04,3645.0,3661.699951171875,3615.300048828125,3626.5,3591.42138671875,1086783,-0.005020864953623083,-0.005430175400537474,0.0918588868028074,3592.129992675781,3427.8430029296874,3577.6098615993687,51.34784749583518,73.66623571088076,77.93363024768226,-4.267394536801504,0.013760637766952657,-0.5604487472714677,1.009568141296194,1.057953936892829,3642.60009765625
2025-06-05,3629.89990234375,3677.39990234375,3612.0,3642.60009765625,3607.36572265625,1466416,0.004439569186888148,-0.003474393620831906,0.09588140578113613,3608.0650024414062,3433.67400390625,3583.7994078905,56.10307837104472,69.91149715174015,76.32920362849384,-6.417706476753693,0.01373257310308202,0.3493181251454982,1.0095716388677798,1.0608462228832205,3656.300048828125
2025-06-06,3645.0,3667.0,3623.0,3656.300048828125,3620.93310546875,1172711,0.0037610362940170283,-0.005115520211303792,0.06167430892513037,3618.685009765625,3438.481005859375,3590.7042308369405,58.773860397772566,67.2659117968733,74.51654526216974,-7.2506334652964455,0.011571409922192502,-0.2002876400693937,1.0103946707052394,1.0633474614510225,3678.89990234375
2025-06-09,3664.0,3708.89990234375,3662.199951171875,3678.89990234375,3643.314453125,898170,0.006181071907068514,-0.0001902911441235,0.0255631000278973,3623.2700073242186,3442.422001953125,3599.103818599494,67.92510503398981,66.22943395830225,72.85912300139624,-6.62968904309399,0.007272527847453014,-0.23410797715720244,1.015353505233416,1.0686952094358144,3679.800048828125
2025-06-10,3704.0,3704.0,3667.199951171875,3679.800048828125,3644.205810546875,1454535,0.0002446781669165343,0.009602721557044891,0.031623226472701216,3628.910009765625,3446.6260009765624,3606.7891738593635,65.67678550804541,64.73443384469056,71.23418517005511,-6.4997513253645565,0.0070948165621418134,0.6194428671632319,1.0140235053846889,1.067652843037073,3684.800048828125
2025-06-11,3689.89990234375,3692.0,3656.10009765625,3684.800048828125,3649.157470703125,1265737,0.0013587694803125494,0.016076119902971087,0.031261355159107884,3634.495007324219,3451.4260009765626,3614.218780999245,75.95331123720281,63.22428351243434,69.63220483853095,-6.407921326096613,0.007094916950649809,-0.12979955793432263,1.013840998929021,1.067616703294676,3603.89990234375
2025-06-12,3684.800048828125,3708.0,3585.0,3603.89990234375,3569.039794921875,2335718,-0.021955098081944402,-0.010624332695044036,-0.003952254994501692,3633.7800048828126,3453.4719970703127,3613.2360306511027,50.69108407064715,54.86703970336748,66.67917181149826,-11.812132108130783,0.008358797875224862,0.8453422788462375,0.9917771294632829,1.0435584552013306,3587.39990234375
2025-06-13,3501.199951171875,3596.0,3485.89990234375,3587.39990234375,3552.699462890625,1981445,-0.0045783735528474034,-0.01884422655806328,-0.00479930342676671,3632.915002441406,3455.373994140625,3610.7754470027835,38.07857500310991,46.377836836395545,62.61890481647772,-16.24106798008218,0.008379943904790165,-0.15167627256372562,0.9874714657328705,1.0382088620296976,3628.699951171875
2025-06-16,3575.5,3653.699951171875,3561.800048828125,3628.699951171875,3593.599853515625,1322630,0.011512529952722117,-0.013645370220563446,0.007916226983649466,3634.3400024414063,3459.2119921875,3612.482542637935,48.04970112412387,42.492820401708286,58.59368793352384,-16.100867531815553,0.00877306721420633,-0.3324921963516525,0.9984481222819707,1.048996118008135,3622.300048828125
2025-06-17,3622.0,3627.60009765625,3602.0,3622.300048828125,3587.261962890625,930603,-0.0017636901451946185,-0.01562584902359343,0.015275519719189612,3637.0650024414062,3463.2599951171874,3613.417543227477,45.85921743657657,38.45422192087972,54.56579473099502,-16.111572810115305,0.008508918812111702,-0.2963995977711076,0.995940420750421,1.0459220658960535,3601.5
2025-06-18,3622.0,3639.10009765625,3587.199951171875,3601.5,3566.6630859375,743311,-0.005742221391862423,-0.022606395930388934,0.0034828643076065813,3637.6900024414062,3466.8869970703126,3612.2825391105744,41.080903869737845,33.19258990635262,50.29115376606654,-17.09856385971392,0.008537836099690709,-0.20125875373279478,0.9900513780951324,1.0388282061236613,3621.10009765625
2025-06-19,3607.0,3643.0,3591.10009765625,3621.10009765625,3586.07373046875,1580819,0.005442203986186334,0.004772661777124876,0.019626118496681055,3641.175012207031,3474.1060009765624,3613.122306591115,41.04181652053889,30.25550606234856,46.284024225322945,-16.028518162974386,0.008225595374217144,1.126726228994324,0.994486693310956,1.0423113447426093,3662.0
2025-06-20,3614.0,3669.89990234375,3614.0,3662.0,3626.577880859375,2575277,0.011294883113069032,0.020795032526903956,0.01725050677542983,3644.2800170898436,3485.9760009765623,3617.7773250110085,47.39489603434444,30.87225017709079,43.20166941567652,-12.329419238585729,0.00804947167083839,0.6290777122491569,1.004862409811282,1.050494896974083,3583.699951171875
2025-06-23,3645.0,3660.0,3574.60009765625,3583.699951171875,3549.03515625,1867977,-0.021381771935588434,-0.01240113555971123,-0.017814564329720617,3641.0300170898436,3494.427998046875,3614.531860835853,41.98792935870396,24.75747599947954,39.51283073243712,-14.755354732957585,0.0089012432330293,-0.2746500667695164,0.9842544374397136,1.0255469430690507,3604.800048828125
2025-06-24,3637.10009765625,3684.0,3597.0,3604.800048828125,3569.93115234375,2751637,0.0058877969539135044,-0.004831184541341793,-0.00967031625600967,3639.27001953125,3505.4410009765625,3613.6050215970217,47.175223657656794,21.367760704704324,35.883816726890565,-14.516056022186241,0.009018126192851533,0.47305721644324317,0.9905283283410873,1.0283442362384312,3619.800048828125
2025-06-25,3640.0,3642.0,3608.89990234375,3619.800048828125,3584.7861328125,1405262,0.00416111845229139,0.005081229717652347,-0.007267641073179565,3637.94501953125,3515.5180029296876,3614.19502419046,47.02349421744055,19.66507481045346,32.64006834360315,-12.974993533149686,0.009065264245697636,-0.4892996423583489,0.9950123021085505,1.0296633514069713,3659.60009765625
2025-06-26,3620.10009765625,3669.0,3620.10009765625,3659.60009765625,3624.201171875,2578926,0.010995095942111455,0.010632128072051605,0.0011763873746843956,3638.160021972656,3523.5580029296875,3618.5193169014874,50.403330001342745,21.281890898848815,30.368432854652283,-9.086541955803469,0.009397966495484964,0.8351922986603211,1.0058931095812462,1.0386092962322315,3679.199951171875
2025-06-27,3665.0,3731.39990234375,3665.0,3679.199951171875,3643.611572265625,2720600,0.005355736417259838,0.004696873613291963,0.0011155760133552128,3638.3650146484374,3532.5880029296877,3624.2984249272386,50.03694269583686,23.869619557397982,29.068670195201424,-5.199050637803442,0.009396158216370874,0.0549352715044944,1.0112234304032255,1.0415027023022774,3669.800048828125
2025-06-30,3682.0,3717.5,3652.699951171875,3669.800048828125,3634.302490234375,1508882,-0.002554876730946898,0.024025476136219304,-0.0026633461702447736,3637.8750122070314,3541.0380029296875,3628.631912917799,48.7940186149822,24.875174079467797,28.2299709720547,-3.3547968925869043,0.009410303528911307,-0.44538631184297583,1.0087757376253905,1.0363627969516016,3666.699951171875
2025-07-01,3669.800048828125,3678.89990234375,3645.0,3666.699951171875,3631.232421875,1054380,-0.0008447592825227002,0.01717152172250791,0.006008533266671501,3638.970007324219,3548.762001953125,3632.257440370568,47.80711302516534,25.132222691650895,27.61042131597394,-2.4781986243230456,0.009152650026347848,-0.3012177227907815,1.0076202727122905,1.0332335471225855,3596.800048828125
2025-07-02,3666.60009765625,3674.199951171875,3583.89990234375,3596.800048828125,3562.008544921875,1330176,-0.019063436680007095,-0.006353942121042344,-0.00818970113659867,3637.485009765625,3555.542001953125,3628.880545937954,49.11627403800863,19.471146372444764,25.982566327268106,-6.511419954823342,0.010077420762546082,0.26157172935753703,0.9888150849204128,1.0116038699169736,3582.89990234375
2025-07-03,3605.0,3625.0,3576.0,3582.89990234375,3548.242919921875,1229034,-0.0038645869371870534,-0.02095862751824218,-0.016389445371978284,3634.5,3561.18,3624.50143702422,49.436231658871215,13.705093167789983,23.52707169537248,-9.821978527582498,0.010040158278495907,-0.07603655456120095,0.9858026970267575,1.006099074560609,3594.60009765625
2025-07-04,3590.0,3600.0,3570.10009765625,3594.60009765625,3559.830078125,696402,0.003265565779509094,-0.02299408964948446,-0.01687496932634136,3631.415002441406,3567.06,3621.653690417747,45.38567916309046,9.964695631604172,20.81459648261882,-10.849900851014649,0.010028974835056518,-0.43337450387865595,0.9898621047827347,1.007720671268846,3581.39990234375
2025-07-07,3599.89990234375,3609.800048828125,3575.10009765625,3581.39990234375,3546.757568359375,719539,-0.0036722291642696803,-0.024088545781289605,-0.026502487859994428,3626.540002441406,3573.24599609375,3617.819996315461,44.56549453814798,5.86761992297852,17.82520117069076,-11.957581247712241,0.009909160319433565,0.033223626583496424,0.9875528464963111,1.0022819325226737,3606.39990234375
2025-07-08,3580.0,3614.0,3560.0,3606.39990234375,3571.515625,1513912,0.00698051060526339,-0.016445318578318102,-0.019946775778686754,3622.8699951171875,3578.8279931640627,3616.7323683181553,50.643875960039274,4.585094852996008,15.17717990715181,-10.592085054155802,0.010077291817221598,1.1040027017298577,0.9954538548731708,1.0077041727717433,3579.699951171875
2025-07-09,3605.0,3605.10009765625,3568.199951171875,3579.699951171875,3545.073974609375,1008876,-0.007403491541390972,-0.004754253064976899,-0.02852260536896023,3617.614990234375,3583.9759912109375,3613.205471447081,44.65942853759516,1.398105090973786,12.421364943916206,-11.02325985294242,0.010161372910370215,-0.3335966687627815,0.9895193271907458,0.9988069004788122,3574.699951171875
2025-07-10,3575.0,3589.89990234375,3569.0,3574.699951171875,3540.122314453125,1063910,-0.0013967651110990964,-0.00228863529414014,-0.0081023202539241,3616.154992675781,3588.649990234375,3609.5382790399185,37.58886270317549,-1.5136174301655956,9.634368469099845,-11.147985899265441,0.008938463364960975,0.05454981583465157,0.9885361546759279,0.9961127334511692,3540.60009765625
2025-07-11,3575.0,3586.60009765625,3535.5,3540.60009765625,3506.352294921875,1439747,-0.00953922118818562,-0.015022533392576531,-0.013045605720434006,3613.8150024414062,3592.763994140625,3602.97273795576,42.991899301401084,-6.497848547060585,6.40792506586776,-12.905773612928344,0.009128251786482276,0.3532601441851284,0.9797402731640402,0.9854808452296203,3495.89990234375
2025-07-14,3540.60009765625,3548.699951171875,3488.0,3495.89990234375,3462.08447265625,1358844,-0.012625033632600813,-0.023873346270000928,-0.03659714239675227,3607.175,3596.0779931640627,3592.7753250403302,33.55481213136537,-13.894650916598493,2.347409869374509,-16.242060785973003,0.009035401610459255,-0.056192511600996586,0.9691517329610428,0.9721424031929381,3494.0
2025-07-15,3519.0,3521.0,3481.699951171875,3494.0,3460.202880859375,1585193,-0.000543465887703598,-0.03116678831726427,-0.035419497860104676,3600.7599975585936,3599.2779931640625,3583.3681512269654,30.22013329453702,-19.683082009423742,-2.058688506385141,-17.6243935030386,0.009039945053270545,0.16657467671049808,0.9703507043982438,0.970750246753929,3503.800048828125
2025-07-16,3504.0,3516.0,3477.0,3503.800048828125,3469.908203125,1266964,0.002804822217551406,-0.02120286710591568,-0.02712757217044981,3595.875,3602.92599609375,3575.7902367127904,22.951403341163356,-23.21209869119457,-6.289370543347027,-16.922728147847543,0.00904392869326012,-0.20075094956891681,0.9743942847924706,0.9724873762677623,3474.0
2025-07-17,3515.0,3515.0,3467.5,3474.0,3440.396484375,2217275,-0.008505065475437723,-0.028170182825795753,-0.04062304097902736,3588.5199951171876,3605.927998046875,3566.095928454429,15.593620259548445,-28.089684331963326,-10.649433301070287,-17.440251030893037,0.009031554771774603,0.7500694573800044,0.9680871235849285,0.9634135794951166,3464.800048828125
2025-07-18,3489.0,3499.0,3450.0,3464.800048828125,3431.285400390625,1818696,-0.0026482300437176143,-0.021408813968655127,-0.05385034166353764,3578.6599975585937,3606.3460009765627,3556.4487018233526,15.604083204299485,-32.32494343935923,-14.984535328728077,-17.340408110631152,0.0084692983134318,-0.1797607423526626,0.9681836361073292,0.9607508674680387,3502.800048828125
2025-07-21,3467.60009765625,3508.10009765625,3444.89990234375,3502.800048828125,3468.91796875,1521623,0.010967443853752146,0.0019737826245393997,-0.022574407301396926,3574.6150024414064,3604.6580029296874,3551.3393062999976,25.383041450321215,-32.24345193159979,-18.43631864930242,-13.807133282297372,0.007780657860264638,-0.1633439563291501,0.9799097375341868,0.9717426857086644,3464.60009765625
2025-07-22,3502.0,3507.60009765625,3454.10009765625,3464.60009765625,3431.08740234375,2586522,-0.010905547173511887,-0.00841439677840583,-0.03889257358877707,3567.6050048828124,3602.6100048828125,3543.0784292863073,28.054488995450342,-34.859448115225405,-21.72094454248702,-13.138503572738387,0.007890849225622776,0.6998441795372441,0.9711277153480881,0.9616916882372751,3484.89990234375
2025-07-23,3476.199951171875,3490.0,3458.60009765625,3484.89990234375,3451.19091796875,1192261,0.005859205713592219,-0.005394185233457138,-0.037267292299210775,3560.859997558594,3600.8460009765627,3537.53761719654,34.070226123673535,-34.89240146789143,-24.3552359275679,-10.537165540323532,0.007968835556268159,-0.5390485756548755,0.9786680478123476,0.9678003173139402,3477.5
2025-07-24,3484.89990234375,3493.39990234375,3461.0,3477.5,3443.862548828125,1083671,-0.002123418907605701,0.001007484168106032,-0.04975956191849318,3551.754992675781,3598.032001953125,3531.8197488921073,30.69565231390402,-35.11089101699872,-26.506366945454065,-8.604524071544656,0.007371974392284632,-0.09107905064411237,0.9790934361100624,0.9665005753457178,3442.89990234375
2025-07-25,3470.0,3477.0,3437.39990234375,3442.89990234375,3409.59716796875,1338744,-0.009949704574047424,-0.0063207533409560535,-0.0642259328017386,3539.939990234375,3594.7960009765625,3523.351192077978,28.67260163763092,-37.64206992386926,-28.733507541137104,-8.908562382732153,0.00730518050189032,0.2353786342902966,0.9725870810922419,0.9577455581369434,3422.199951171875
2025-07-28,3430.10009765625,3446.10009765625,3405.10009765625,3422.199951171875,3389.097412109375,2256080,-0.006012359278230406,-0.02301019085665912,-0.06746964258592669,3527.5599853515623,3591.2360009765625,3513.717740563111,21.254658602803957,-40.84749599938641,-31.156305232786966,-9.691190766599444,0.0073277904541735285,0.6852213716737479,0.9701323196154843,0.9529309547579937,3495.60009765625
2025-07-29,3418.0,3504.300048828125,3406.5,3495.60009765625,3461.78759765625,1241060,0.021448234332199112,0.00894764161121242,-0.0466631728240926,3519.004992675781,3589.792001953125,3511.9922507624574,38.54537086977543,-37.03808883473448,-32.33266195317647,-4.705426881558012,0.009202429848162053,-0.44990425871423,0.9933490020422692,0.9737611805236551,3665.10009765625
2025-07-30,3622.0,3685.300048828125,3590.0,3665.10009765625,3629.64794921875,8760659,0.04848952833982567,0.051708858320810736,0.01898911474113718,3522.4199951171877,3591.31400390625,3526.573950466628,58.502649679691636,-20.110056568015807,-29.888140876144337,9.77808430812853,0.013927752377782092,6.059013262855946,1.040506272033672,1.0205457093614603,3636.5
2025-07-31,3625.0,3662.89990234375,3621.0,3636.5,3601.324462890625,1927627,-0.007803360588852448,0.04572250179726822,0.014959976308907663,3525.1,3593.016005859375,3537.043098041235,59.11422586414442,-8.899668063045283,-25.69044631352453,16.790778250479246,0.01402810963211031,-0.7799678083577959,1.031601940370486,1.0121023658312995,3587.300048828125
2025-08-01,3636.0,3636.0,3578.10009765625,3587.300048828125,3552.6005859375,1205945,-0.013529479216795037,0.041941430358191534,-0.0020308375423694347,3524.734997558594,3592.7640087890627,3541.829474306653,58.612907248162614,-3.939961857043727,-21.340349422228368,17.40038756518464,0.014373358290575317,-0.37438882107378657,1.017750285145654,0.9984791764926472,3631.10009765625
2025-08-04,3595.199951171875,3636.800048828125,3577.0,3631.10009765625,3595.976806640625,1033049,0.01220975336100838,0.06104264784786784,0.013877309618502753,3527.220007324219,3592.41201171875,3550.331438435186,61.97380765556769,3.4847686878742934,-16.375325800207836,19.86009448808213,0.014597092386502095,-0.1433697224997823,1.0294509812589874,1.0107693899840264,3652.60009765625
2025-08-05,3630.0,3657.699951171875,3608.300048828125,3652.60009765625,3617.26904296875,1158433,0.0059210705906669325,0.044913604420959485,0.012810613510297442,3529.5300170898436,3592.664013671875,3560.071310741954,62.735369844660184,10.977252520071033,-10.904810136152062,21.882062656223095,0.014575346241275182,0.12137275192173846,1.034868687890599,1.016682908214152,3628.39990234375
2025-08-06,3650.0,3671.0,3622.199951171875,3628.39990234375,3593.302734375,931383,-0.006625470805859179,-0.010013422371729752,0.013604478541820786,3531.9650146484373,3592.3060107421875,3566.578795656411,63.342540294167044,14.791835354896193,-5.7654810379424095,20.5573163928386,0.01455350148251554,-0.19599752424179906,1.0273034662844507,1.01004755482791,3641.60009765625
2025-08-07,3610.300048828125,3649.0,3599.199951171875,3641.60009765625,3606.375244140625,1211790,0.0036380210747921637,0.001402474262683917,0.018714898424535775,3535.310021972656,3592.03201171875,3573.7236815611573,65.17335608513656,18.664907739248065,-0.8794032825043141,19.544311021752378,0.014557508699742972,0.3010651901527084,1.0300652771674845,1.0137994555103595,3607.60009765625
2025-08-08,3641.60009765625,3662.300048828125,3600.0,3607.60009765625,3572.7041015625,1337067,-0.009336555109904165,0.005658865595799867,0.018923345803540936,3538.660021972656,3590.68201171875,3576.950006903547,59.05634176629266,18.7744099464835,3.0513593632932494,15.723050583190252,0.01454983554036039,0.10338177406976445,1.0194819720616062,1.004711663656733,3668.39990234375
2025-08-11,3610.0,3676.89990234375,3600.0,3668.39990234375,3632.916015625,1822410,0.016853255084176233,0.01027231518943128,0.049343518069367764,3547.285021972656,3590.4580078125,3585.6595207549954,66.94941271447576,23.496375754044493,7.140362641443499,16.356013112600994,0.014586113059687975,0.36299078505415205,1.0341429796649781,1.0217080646429106,3686.10009765625
2025-08-12,3680.0,3727.89990234375,3673.10009765625,3686.10009765625,3650.44482421875,2280103,0.00482504519237148,0.00917154878835369,0.054979993605108746,3556.890026855469,3591.2840087890627,3595.2252899836863,66.80588025130227,28.34013804126107,11.380317721407014,16.959820319854057,0.014576349383840309,0.2511471074017373,1.0363266982743944,1.026401723905751,3693.699951171875
2025-08-13,3696.0,3716.0,3681.300048828125,3693.699951171875,3657.97119140625,1227196,0.0020617599398500275,0.01799692718157786,0.054198270362848966,3566.3850219726564,3592.6280078125,3604.603829144466,68.05275194103447,32.41840007903056,15.587934192931723,16.83046588609884,0.014577226680808485,-0.46178045465489936,1.035698593509906,1.0281331502007958,3677.0
2025-08-14,3700.0,3708.5,3641.699951171875,3677.0,3641.432861328125,1769702,-0.004521198633521073,0.009720974679930716,0.05843408175014386,3576.535021972656,3593.316005859375,3611.4987025592786,70.14976245793,33.91198933047781,19.25274522044094,14.65924411003687,0.014442046744435763,0.4420695634601155,1.0280900305491576,1.0232887934164898,3635.10009765625
2025-08-18,3699.0,3701.5,3621.699951171875,3635.10009765625,3599.938232421875,1950151,-0.01139513253841451,0.007622796112536356,0.049151479574044865,3585.0500244140626,3592.8920068359375,3613.746454473276,67.67978953881736,31.353276570367143,21.672851490426183,9.68042507994096,0.014749379295314035,0.10196575468638214,1.0139607740202643,1.0117476647614252,3613.0
2025-08-19,3648.89990234375,3654.0,3608.199951171875,3613.0,3578.052001953125,1352944,-0.006079639366877165,-0.015101925585690568,0.03146053147074235,3590.560021972656,3591.5740087890626,3613.6753635710593,60.657211319821386,27.228314035646235,22.783943999470196,4.444370036176039,0.014727066462288226,-0.30623628631834154,1.0062497153341041,1.0059656270923292,3592.300048828125
2025-08-20,3613.5,3619.89990234375,3580.0,3592.300048828125,3557.55224609375,1325096,-0.005729297307466075,-0.025446961922647282,0.03685849667275076,3596.94501953125,3589.8240087890626,3611.639619309827,40.9452730577623,22.034933448741867,22.634141889324532,-0.5992084405826645,0.01453906426448957,-0.0205832613914545,0.9987086345001375,1.0006897385590492,3612.60009765625
2025-08-21,3599.0,3648.0,3588.0,3612.60009765625,3577.65576171875,1624009,0.005650989213650703,-0.021956264609391152,0.036643863207266314,3603.330029296875,3588.380009765625,3611.731093438058,46.96470783754889,19.33431228633117,21.97417596872586,-2.63986368239469,0.014536161833659536,0.22557837318956508,1.0025726392764482,1.0067495883447994,3595.800048828125
2025-08-22,3610.0,3634.5,3582.0,3595.800048828125,3561.018310546875,1060447,-0.004650403690966032,-0.022083206736979832,0.03401870562994258,3609.2450317382813,3588.2180126953126,3610.2138510942546,51.176306823633716,15.657932126799096,20.71092720034051,-5.052995073541414,0.014583874676755246,-0.3470190128256678,0.9962748489526406,1.0021130366399107,3603.10009765625
2025-08-25,3616.0,3617.89990234375,3584.300048828125,3603.10009765625,3568.247802734375,980393,0.00203015983341559,-0.008803058826531984,0.04653059916248048,3617.2550415039063,3588.5320166015626,3609.5363507668253,45.68965906033004,13.18147940545714,19.205037641363838,-6.023558235906698,0.014320689900329683,-0.07549080717848233,0.9960868272529185,1.0040596213123616,3541.300048828125
2025-08-26,3599.0,3600.0,3531.0,3541.300048828125,3507.04541015625,1787363,-0.01715191006442618,-0.019844990637109095,0.03480220307275328,3623.2100463867187,3586.7840185546875,3603.037655344092,34.75760823992228,6.161103954806549,16.59625090405238,-10.43514694924583,0.014870046916095288,0.8231086921265247,0.9773929757011247,0.9873190107095184,3560.10009765625
2025-08-28,3540.0,3576.89990234375,3537.199951171875,3560.10009765625,3525.66357421875,1695226,0.005308798624489963,-0.008963602910168733,0.018451767421349574,3626.4350463867186,3585.54001953125,3598.948364135726,40.50600950770091,2.090316782269383,13.695064079695781,-11.604747297426398,0.014169973713867171,-0.05154912572320225,0.981707945163236,0.9929048562458032,3601.0
2025-08-29,3575.60009765625,3615.0,3540.199951171875,3601.0,3566.16796875,1678055,0.011488413590021285,-0.0032110107243189523,-0.017489317057736153,3623.2300415039062,3585.53001953125,3599.1437580275615,44.75992412354502,2.139802611466166,11.384011786049859,-9.244209174583693,0.009182037135180001,-0.010129032943100191,0.9938645790498362,1.004314558903281,3598.39990234375
2025-09-01,3601.0,3628.60009765625,3581.89990234375,3598.39990234375,3563.593017578125,1094155,-0.0007220487798528241,0.0007230250515382064,-0.01047713396294514,3621.3250366210937,3585.076015625,3599.0729146291033,48.707837737008425,1.9467731476720473,9.496564058374297,-7.549790910702249,0.009034814239993076,-0.34796237310457645,0.9936694071795515,1.0037164865293455,3574.89990234375
2025-09-02,3598.39990234375,3619.89990234375,3560.0,3574.89990234375,3540.3203125,1230950,-0.0065306804795913775,-0.007826647761144279,-0.003456679484735492,3620.705029296875,3583.334013671875,3596.7707229828793,35.33104130853779,-0.10129008632793557,7.5769932294338505,-7.678283315761786,0.008629538792774,0.1250234198993745,0.9873491138928762,0.9976462949599604,3600.800048828125
2025-09-03,3594.0,3606.300048828125,3560.0,3600.800048828125,3565.969970703125,1314831,0.007244999074629943,0.016801739242538805,-0.00834459200055726,3619.1900268554687,3583.676015625,3597.154468301474,36.953195074171965,0.3613648212440239,6.1338675477958855,-5.772502726551862,0.008321568444798729,0.06814330395223211,0.9949187586474088,1.004778342999887,3592.60009765625
2025-09-04,3622.89990234375,3624.89990234375,3572.5,3592.60009765625,3557.849365234375,1434998,-0.002277258126161086,0.009128956801353949,-0.01642665454630521,3616.1900268554687,3583.4320166015623,3596.7207187162144,34.56491936656178,0.06559846080244824,4.920213730397198,-4.85461526959475,0.008195501841533613,0.09139349467726277,0.9934765792107082,1.0025584637889635,3553.60009765625
2025-09-05,3592.800048828125,3609.10009765625,3549.10009765625,3553.60009765625,3519.2265625,830812,-0.010855647425229153,-0.01316298315572062,-0.02061509389832783,3612.4500366210937,3582.108017578125,3592.6139929009796,32.36137807426391,-3.277985992088361,3.2805737859000863,-6.558559777988448,0.008405758039601119,-0.42103612687961933,0.9837091341421322,0.9920415800467265,3529.60009765625
2025-09-08,3570.0,3579.89990234375,3525.0,3529.60009765625,3495.458740234375,1039999,-0.006753714357400242,-0.0191195549562706,-0.03075571095027252,3606.8500366210938,3579.508017578125,3586.6126695443386,34.10667733753891,-7.774777389743122,1.069503550771445,-8.844280940514567,0.00842464753857518,0.25178620433985066,0.9785824367022445,0.98605732416947,3525.0
2025-09-09,3547.199951171875,3550.0,3516.39990234375,3525.0,3490.903076171875,1522116,-0.0013032914576652788,-0.013958405467810464,-0.02289613466578866,3602.7200317382812,3576.4240185546873,3580.7447962544015,36.005106446422694,-11.576262458605925,-1.4596496511040291,-10.116612807501895,0.008221772499272974,0.4635744842062348,0.9784274017815418,0.9856213865336166,3550.0
2025-09-10,3559.0,3577.39990234375,3541.10009765625,3550.0,3515.661376953125,1136732,0.007092198581560183,-0.014107989374377405,-0.03227562574846432,3596.8000366210936,3574.028017578125,3577.816720420649,43.36366637888704,-12.428408738101552,-3.653401468503534,-8.775007269598019,0.007340900073408406,-0.2531896386346376,0.9869884241146032,0.9932770483443476,3539.699951171875
2025-09-11,3548.0,3564.699951171875,3533.0,3539.699951171875,3505.4609375,1177793,-0.002901422205105586,-0.014724752281470521,-0.03971681251343695,3589.480029296875,3571.488017578125,3574.1865519207654,38.19241290787916,-13.77606674122535,-5.677934523047897,-8.098132218177453,0.007185907565395188,0.03612197070197731,0.9861316743041607,0.9910994895545511,3579.800048828125
2025-09-12,3556.39990234375,3595.39990234375,3548.10009765625,3579.800048828125,3545.173095703125,1146873,0.011328671415489433,0.00737279109969502,-0.030836262785127855,3583.7850341796875,3571.148017578125,3574.721170673847,47.59036498969758,-11.476063748401884,-6.8375603681186945,-4.63850338028319,0.007739048732066016,-0.02625249088761772,0.9988880512325499,1.002422759070028,3586.199951171875
2025-09-15,3581.0,3607.0,3575.5,3586.199951171875,3551.510986328125,1177076,0.0017877820706340142,0.016035769478023543,-0.02469405733699348,3579.2450317382813,3571.2140185546873,3575.814387864136,47.447881449977025,-9.03275222804632,-7.27659874010422,-1.7561534879421004,0.007739560922894784,0.02633508679688168,1.0019431247014168,1.00419631322551,3667.800048828125
2025-09-16,3603.89990234375,3674.0,3593.10009765625,3667.800048828125,3632.32177734375,2928060,0.02275391745225619,0.040510652149822635,0.008995612305960465,3580.880029296875,3572.678017578125,3584.5749270035635,68.02505830425079,-0.5061299733874876,-5.922504986760873,5.4163750133733854,0.009035269272393379,1.4875708960169098,1.0242733682279541,1.0266248541799694,3685.5
2025-09-17,3672.0,3704.0,3662.699951171875,3685.5,3649.8505859375,1610471,0.004825767745308296,0.038169014084507014,0.020066426792139547,3584.505029296875,3574.76001953125,3594.18683871751,67.92449933067277,7.592001857772175,-3.219603617854264,10.81160547562644,0.00894678335731594,-0.44998702212386354,1.0281754300461774,1.0309782978056443,3686.0
2025-09-18,3691.0,3700.0,3672.5,3686.0,3650.345703125,1270148,0.0001356668023335672,0.04133120062328732,0.026083553683785787,3589.1900268554687,3576.352021484375,3602.9309493158426,63.73624639391969,13.890059539076901,0.20232901353196908,13.687730525544932,0.008808561714886202,-0.21131892471208735,1.026972651885291,1.0306591682968935,3675.39990234375
2025-09-19,3679.0,3705.0,3671.0,3675.39990234375,3639.84814453125,2227521,-0.00287577256002447,0.026705361252486792,0.017383547303849944,3592.3300170898438,3578.2660205078123,3609.8327543661194,62.12978973472238,17.820552102687998,3.725973631363175,14.094578471324823,0.008794502758481272,0.7537491693881342,1.0231242354846901,1.0271455172084027,3644.5
2025-09-22,3693.60009765625,3693.60009765625,3633.89990234375,3644.5,3609.2470703125,839430,-0.008407221843817703,0.01625677586914076,0.013543564856379087,3594.7650146484375,3579.662021484375,3613.134396807441,60.71429108331291,18.23196515384825,6.62717193586019,11.60479321798806,0.008957867247899274,-0.6231550678983497,1.013835392619238,1.0181128771728953,3657.60009765625
2025-09-23,3646.89990234375,3673.5,3613.199951171875,3657.60009765625,3622.220458984375,1262120,0.003594484197077863,-0.0027809452631241127,0.015125863429509279,3597.4900146484374,3582.002021484375,3617.3692254597086,59.10256480480894,19.391547669029478,9.180047082494047,10.211500586535431,0.008976802488378044,0.5035440715723765,1.0167088950248795,1.0211049786455864,3673.800048828125
2025-09-24,3657.60009765625,3709.199951171875,3637.10009765625,3673.800048828125,3638.263916015625,1745130,0.00442912039024046,-0.003174589925892035,0.03741563780901491,3604.1150146484374,3585.5600244140624,3622.743589590034,62.68748269082436,21.371369987580238,11.618311663511285,9.753058324068952,0.007944412520922579,0.38269736633600604,1.019334853048935,1.0246098304904219,3644.39990234375
2025-09-25,3684.0,3704.0,3635.699951171875,3644.39990234375,3609.14794921875,1999071,-0.008002652864505522,-0.011285973319655418,0.023679054626300378,3608.3300048828123,3588.5680224609373,3624.8060955665787,64.62623879188297,20.333653623160444,13.361380055441117,6.972273567719327,0.008194654063140199,0.14551408777569574,1.0099962856535094,1.0155582615498326,3729.5
2025-09-26,3664.0,3794.89990234375,3661.0,3729.5,3693.425048828125,5870301,0.023350921945070047,0.014719513275752938,0.03568453207442368,3614.7550048828125,3593.082021484375,3634.776943607857,76.9043929482554,26.077517211955183,15.90460748674393,10.172909725211252,0.009329099394373793,1.9365145109903552,1.031743505427668,1.0379668423097304,3688.39990234375
2025-09-29,3738.0,3740.0,3679.60009765625,3688.39990234375,3652.722412109375,2599630,-0.01102027018534657,0.012045521290643402,0.02501111673035017,3619.2550048828125,3597.37001953125,3639.8838920588946,70.02447387159894,27.001875285162896,18.124061046427727,8.87781423873517,0.009750079604409207,-0.5571555870814802,1.019104732152792,1.0253045648121462,3659.0
2025-09-30,3695.0,3696.60009765625,3648.0,3659.0,3623.60693359375,1676302,-0.00797090964162217,0.0003827379446559309,0.023525161530008942,3623.460009765625,3601.2540185546877,3641.704473767571,63.21531240972015,25.07308241726014,19.51386532059421,5.559217096665929,0.009815905799662572,-0.35517669822243936,1.0098083020479296,1.0160349648060893,3670.300048828125
2025-10-01,3658.89990234375,3688.0,3615.0,3670.300048828125,3634.797607421875,2005028,0.0030882888297689703,-0.0009526920228324354,0.01930126612351568,3626.935009765625,3604.6040185546876,3644.427861868576,65.79583626648272,24.177615177502958,20.44661529197596,3.730999885526998,0.009724956315403458,0.19610189572046077,1.011956387127351,1.0182255887013574,3733.10009765625
2025-10-03,3690.0,3746.0,3666.300048828125,3733.10009765625,3696.990234375,1959124,0.01711033103361026,0.024338765692386355,0.03910816572422293,3633.960009765625,3609.9740185546875,3652.8728367054973,67.57623580349411,28.21020040697431,21.999332314975632,6.210868091998677,0.010328532200876624,-0.02289444336936941,1.0272815572059693,1.0341071925916125,3737.0
2025-10-06,3720.0,3767.0,3703.0,3737.0,3700.8525390625,1581506,0.0010446819645149041,0.002010993430754837,0.051609606400199626,3643.1300048828125,3615.0160205078123,3660.88494749545,67.38929081596169,31.359252834613926,23.871316418903294,7.487936415710632,0.009883967947731569,-0.19274839162809498,1.0257663039725113,1.033743689875834,3729.699951171875
2025-10-07,3748.0,3766.0,3725.0,3729.699951171875,3693.623046875,1673945,-0.001953451653231242,0.011197280642449181,0.056691933357690294,3653.1349975585936,3620.06001953125,3667.4387573693953,58.61395099796561,32.88674867243435,25.674402869609505,7.212345802824846,0.009702377110051851,0.05844998374966637,1.0209586981221472,1.0302867717797735,3729.800048828125
2025-10-08,3730.0,3760.0,3715.0,3729.800048828125,3693.72216796875,1424633,2.683799167768619e-05,0.019349562401783205,0.05809930463209212,3663.375,3625.7980224609373,3673.3779279845126,56.48229321844378,33.716711906297405,27.282864676947085,6.43384722935032,0.009677257831318582,-0.1489367930248604,1.018132200178285,1.0286838995782226,3769.199951171875
2025-10-09,3735.5,3796.39990234375,3730.10009765625,3769.199951171875,3732.740966796875,1827249,0.010563542771181211,0.026945999244755825,0.06174646511883797,3674.334997558594,3632.7380224609374,3682.503834954737,60.93009412170714,37.12574412086224,29.251440565730114,7.874303555132123,0.009787439206382908,0.2826103284144057,1.0258182647135643,1.0375644838320859,3784.0
2025-10-10,3765.0,3799.0,3760.0,3784.0,3747.397705078125,1129678,0.003926575671190813,0.013634754228986967,0.0690171630923817,3686.55,3638.5060205078125,3692.170136387619,64.11122855681785,40.554183578723496,31.511989168328792,9.042194410394703,0.009687664001911468,-0.38176023081692756,1.0264339287409636,1.039987285625511,3769.5
2025-10-13,3780.0,3784.0,3745.0,3769.5,3733.0380859375,1191248,-0.003831923890063371,0.00869681562750868,0.05299177288797874,3696.0349975585937,3640.5940185546874,3699.534885303084,66.96523716871398,41.62143177415601,33.53387768949423,8.087554084661775,0.009626473326157799,0.054502256395185134,1.019876706386691,1.0354079528748137,3744.300048828125
2025-10-14,3775.0,3786.800048828125,3730.199951171875,3744.300048828125,3708.081787109375,1364583,-0.0066852238153269905,0.003914550191004729,0.04408568953456915,3703.9400024414062,3642.75001953125,3703.798234210231,61.3928903472441,39.97302406428389,34.82170696445216,5.151317099831729,0.00984929781595849,0.1455070648597101,1.0108965173194264,1.0278772984015911,3828.699951171875
2025-10-15,3747.0,3843.89990234375,3744.300048828125,3828.699951171875,3791.665283203125,2575918,0.02254090250330365,0.026516140556870793,0.04386823169249854,3711.984997558594,3647.578017578125,3715.6936358256257,67.2609577577595,44.95875924705615,36.84911742097296,8.109641826083191,0.00982599504271988,0.8876960947043895,1.031442733117199,1.0496553967374793,3861.800048828125
2025-10-16,3830.300048828125,3885.89990234375,3830.0,3861.800048828125,3824.4453125,2330283,0.00864525767972979,0.02456757371745688,0.04783612775149226,3720.8,3652.1920166015625,3729.6085323020543,74.02741778200149,50.993075123549715,39.67790896148831,11.315166162061402,0.00991652737627459,-0.09535823733519466,1.0378950894506893,1.0573923910007357,3839.39990234375
2025-10-17,3860.0,3869.5,3830.10009765625,3839.39990234375,3802.261962890625,1337364,-0.005800441814995727,0.014640566158496293,0.04161690242641081,3728.4699951171874,3655.9280126953126,3740.0648532584064,64.10057060089761,53.35279154514183,42.41288547821902,10.93990606692281,0.010074977680501657,-0.42609374054567617,1.029752125502374,1.0501847654032919,3872.699951171875
2025-10-20,3862.0,3887.60009765625,3845.39990234375,3872.699951171875,3835.23974609375,1223232,0.008673243130468578,0.02737762333781002,0.05368124668619312,3738.334997558594,3660.814013671875,3752.6967673454033,74.12935037138895,57.24997734840372,45.380303852255956,11.869673496147762,0.010106383153774927,-0.08534101411433237,1.0359424593304323,1.0578794597891834,3888.199951171875
2025-10-21,3892.0,3895.0,3877.199951171875,3888.199951171875,3850.58984375,260327,0.004002375654047263,0.038431723010229124,0.066867869713781,3750.5199951171876,3665.7460107421875,3765.601832471734,81.1412770536492,60.8873738911484,48.48171786003444,12.405656031113956,0.009765966102444321,-0.7871810089991106,1.0367095646027573,1.06068449362771,3918.699951171875
2025-10-23,3890.0,3966.199951171875,3890.0,3918.699951171875,3880.794921875,2815778,0.007844246793637044,0.023506673583144844,0.07138556609371682,3763.574987792969,3671.9680078125,3780.182605681271,82.07641749034661,65.47636122359881,51.88064653274732,13.595714690851494,0.009819106625845201,9.816311792476386,1.0412174498666955,1.067193380452778,3904.89990234375
2025-10-24,3929.300048828125,3939.89990234375,3897.5,3904.89990234375,3867.128173828125,1146636,-0.003521588537034659,0.011160560611806813,0.06290485340630925,3775.12998046875,3676.6980078125,3792.06044345865,75.39912854407956,67.22469371460193,54.94945596911825,12.275237745483679,0.009939676605306575,-0.592781817316564,1.034374954649611,1.062067075959557,3923.800048828125
2025-10-27,3912.0,3948.0,3907.0,3923.800048828125,3885.845703125,1057688,0.0048401103631443565,0.021982640160211897,0.07666561134103045,3789.099987792969,3681.4520068359375,3804.607072541457,76.44391512045615,69.3360805001571,57.82678087532602,11.509299624831073,0.009593361249458556,-0.0775730048594323,1.0355493551157553,1.0658294720512942,3972.800048828125
2025-10-28,3922.10009765625,3986.0,3917.300048828125,3972.800048828125,3934.37158203125,3391806,0.012487894232692698,0.02584762540820118,0.06523663998609064,3801.264990234375,3687.0340087890627,3820.6254512354253,80.77992620765718,74.1089780614875,61.08322031255832,13.025757748929188,0.008689788312000195,2.2068114604684936,1.0451257828734464,1.0775056696948984,3958.10009765625
2025-10-29,3988.0,4016.699951171875,3920.0,3958.10009765625,3919.81396484375,2563641,-0.003700148759364641,0.017977508194584324,0.07312119142534468,3814.75,3692.6560107421874,3833.718274704075,77.87544721825921,75.83123528173701,64.03282330639405,11.798411975342958,0.008199631205756465,-0.2441663821574701,1.037577848523822,1.0718843255753765,3987.5
2025-10-30,3980.0,4062.60009765625,3975.60009765625,3987.5,3948.929443359375,4959400,0.007427781414916401,0.017556855509580638,0.08977862804044823,3831.175,3699.7040087890623,3848.364153303687,77.32164147955851,78.66169984033104,66.95859861318145,11.703101227149588,0.007771018527733106,0.9345142319068855,1.040803408875867,1.0777889232563593,4030.89990234375
2025-10-31,4001.10009765625,4045.89990234375,3980.199951171875,4030.89990234375,3991.909423828125,2328183,0.010883988048589366,0.032267152334525706,0.09824805839259909,3849.2049926757813,3708.0620068359376,3865.7485103551217,78.83670240855707,83.44497112203271,70.2558731149517,13.189098007081014,0.007899564694169343,-0.5305514780013711,1.0472032302809788,1.0870637801937104,3980.5
2025-11-03,4030.0,4041.0,3974.89990234375,3980.5,3941.9970703125,1154072,-0.012503387224883755,0.014450265168024723,0.06627197124959894,3861.574987792969,3715.826005859375,3876.677223654634,72.73706896551724,82.22110346492354,72.64891918494607,9.572184279977478,0.008224820004088654,-0.5043035706385623,1.03079702260942,1.0712288448714413,3924.39990234375
2025-11-04,3985.0,3990.0,3916.800048828125,3924.39990234375,3886.439697265625,2042881,-0.014093731354415273,-0.012182880056762935,0.050147150747591684,3870.9449829101563,3722.062001953125,3881.222240672645,68.19557488465111,75.85001869586449,73.28913908712975,2.560879608734737,0.009089190544525326,0.7701503892304813,1.013809268710765,1.0543617758877872,3881.60009765625
2025-11-06,3945.0,3978.0,3872.10009765625,3881.60009765625,3844.053955078125,1749063,-0.010906076279825316,-0.019327454615232886,0.04072717603909348,3878.539990234375,3727.7780029296873,3881.258227052036,55.83500339577868,66.57981095362948,71.9472734604297,-5.367462506800223,0.009529271068713574,-0.14382531336871796,1.0007889843677207,1.0412637487011493,3882.5
2025-11-07,3877.10009765625,3892.89990234375,3831.10009765625,3882.5,3844.945068359375,1577294,0.0002318379846222296,-0.0263322884012539,0.04094051937713172,3886.1749877929688,3733.3660009765626,3881.376491142318,52.45784354934559,58.62987047697925,69.28379286373962,-10.653922386760371,0.009527100534963702,-0.09820629674288461,0.9990543432026318,1.039946257341077,3918.5
2025-11-10,3895.0,3943.800048828125,3894.0,3918.5,3880.596923828125,1397176,0.009272376046361774,-0.02788456797907468,0.0396105409005183,3893.639990234375,3740.91,3884.9120634144783,59.09824602786811,54.60493283314236,66.34802085762017,-11.743088024477814,0.009470590087016171,-0.11419431000181324,1.0063847735866633,1.04747240644656,3955.0
2025-11-11,3929.0,3966.800048828125,3897.0,3955.0,3916.74365234375,1775462,0.00931478882225334,-0.006406230373068755,0.04519027484143767,3902.189990234375,3748.807998046875,3891.5871049940515,59.397135540803404,53.740894134031805,63.8265955129025,-10.085701378870695,0.009604372756557799,0.27075042800620674,1.013533428638223,1.0550020171906778,3954.60009765625
2025-11-12,3970.0,3973.800048828125,3936.89990234375,3954.60009765625,3916.34765625,981350,-0.00010111310840710264,0.007695493849763757,0.04910468169684301,3911.4449951171873,3755.88,3897.588342390451,57.85243797303018,52.419607853643356,61.54519798105068,-9.125590127407321,0.009515726349891415,-0.44727062589906175,1.0110330332122617,1.0529090646283294,4002.5
2025-11-13,3954.60009765625,4022.89990234375,3925.60009765625,4002.5,3963.7841796875,1834962,0.012112451616065778,0.03114692376907935,0.06895813578099474,3924.3549926757814,3763.962001953125,3907.5799288294556,59.518417886955326,54.60811243228591,60.157780871297724,-5.549668439011818,0.009495015566780082,0.8698344117796912,1.0199128283425083,1.0633741780398147,4004.39990234375
2025-11-14,4002.0,4011.5,3971.60009765625,4004.39990234375,3965.665771484375,1916910,0.0004746789116176764,0.0313972704040566,0.04589023778635282,3933.139990234375,3772.552001953125,3916.80087868796,61.615708476361704,55.851997261409906,59.29662414932017,-3.4446268879102604,0.00836665659949251,0.044659235450107415,1.0181178173892378,1.0614565154491158,4027.699951171875
2025-11-17,4004.39990234375,4030.0,4000.10009765625,4027.699951171875,3988.740478515625,1206133,0.005818611876023505,0.027867794097709675,0.042959215973414455,3941.4349853515623,3781.09,3927.3626951149995,62.00601917469373,58.048754258991266,59.04705017125439,-0.9982959122631243,0.008276852038910138,-0.3707930993108701,1.021886690035715,1.0652219204440716,3999.60009765625
2025-11-18,4020.0,4026.800048828125,3978.89990234375,3999.60009765625,3960.912353515625,1748928,-0.0069766501617006815,0.011276889420037906,0.041725321505245105,3949.4449951171873,3789.23,3934.2424477379755,53.25402005894249,56.866752147484476,58.61099056650041,-1.744238419015936,0.008340162444340885,0.45002914272306627,1.0126992786584117,1.0555179014354499,4019.60009765625
2025-11-19,4007.0,4026.5,3980.300048828125,4019.60009765625,3980.718994140625,923032,0.005000499927910296,0.01643655449220338,0.03793223031387272,3956.790002441406,3798.55,3942.371747730192,57.37234830880605,56.888069557016934,58.26640636460372,-1.3783368075867841,0.008226993983523953,-0.4722298459399129,1.0158740027082784,1.0581932836625159,4037.39990234375
2025-11-20,4035.0,4048.0,4007.699951171875,4037.39990234375,3998.3466796875,1463574,0.004428252625896523,0.008719525882260992,0.038372499625927814,3964.25,3808.70599609375,3951.4220481695784,56.15290043373447,57.67640158164204,58.148405408011385,-0.47200382636934535,0.008233283086455444,0.5856156666291092,1.0184523938560257,1.06004504062129,4024.89990234375
2025-11-21,4026.0,4057.0,4015.199951171875,4024.89990234375,3985.967529296875,1241149,-0.003096051989485482,0.005119368819283432,0.027100812130338436,3969.5599975585938,3818.703994140625,3958.419939043309,49.19914387646169,56.639608705417686,57.84664606749265,-1.2070373620749635,0.00818200954129744,-0.15197386671258162,1.013941067730225,1.053996305688922,4013.300048828125
2025-11-24,4025.0,4038.0,4003.699951171875,4013.300048828125,3974.47998046875,1584741,-0.0028820228569834683,-0.0035752172501232193,0.02776003206108113,3974.9800048828124,3827.9699951171874,3963.6466161656726,54.88388020354318,54.256496528150365,57.128616159624194,-2.8721196314738293,0.008163114345345545,0.2768338048050636,1.0096403111206196,1.0484147090879337,3996.699951171875
2025-11-25,4013.0,4055.5,3981.60009765625,3996.699951171875,3958.040283203125,1749083,-0.004136271261625968,-0.0007251091143023469,0.018578903470252595,3978.625,3837.1099951171873,3966.79455283293,62.200518934347144,50.44685388075368,55.7922637038501,-5.345409823096418,0.008210744084214228,0.10370275016548436,1.0045430145268466,1.0415911861421148,4062.0
2025-11-26,3999.0,4074.60009765625,3998.0,4062.0,4022.708740234375,2058237,0.016338491662097,0.010548288713713827,0.02245266564527615,3983.084997558594,3846.753994140625,3975.8617382774128,78.29364635679835,52.09631890534229,55.05307474414854,-2.9567558388062523,0.00853423183103156,0.1767520466438699,1.0198125328708216,1.0559552303545374,4081.300048828125
2025-11-27,4071.0,4140.0,4059.60009765625,4081.300048828125,4041.822021484375,2225064,0.004751366033511895,0.010873370868932364,0.031126032220566202,3989.2449951171875,3856.65599609375,3985.9034821393852,79.47810876149117,54.33454959858409,54.90936971503565,-0.5748201164515621,0.008490803478641949,0.08105334808382114,1.0230758085361045,1.0582484030107708,4069.60009765625
2025-11-28,4085.0,4104.2001953125,4054.699951171875,4069.60009765625,4030.2353515625,1318133,-0.0028667216406288443,0.011105914779761417,0.020589366183385582,3993.35,3864.6919970703125,3993.8745883790866,74.14515509863955,54.5356225599362,54.83462028401576,-0.2989977240795625,0.00842868480762579,-0.4075977140432815,1.0190942686356694,1.0530205513767388,4073.199951171875
2025-12-01,4087.0,4103.39990234375,4050.0,4073.199951171875,4033.80029296875,1251770,0.000884571807853618,0.014925348619583279,0.01049394672478221,3995.4650024414063,3872.44599609375,4001.429384835543,71.10718934986053,54.35883758150203,54.73946374351302,-0.38062616201099075,0.008105221732389985,-0.05034620937340917,1.019455795178526,1.05184164098883,4030.5
2025-12-02,4066.5,4088.60009765625,4023.800048828125,4030.5,3991.513427734375,1490917,-0.010483146342862515,0.008456989326460329,0.012561236025624867,3997.9650024414063,3879.33599609375,4004.1980148512052,61.77475385149128,50.194592988317254,53.830489592473874,-3.6358966041566205,0.007944941406608997,0.1910470773384887,1.008137889535983,1.0389664633479705,3988.0
2025-12-03,4032.0,4046.89990234375,3970.10009765625,3988.0,3949.424560546875,1123990,-0.01054459744448577,-0.018217626784835073,0.016206324339745892,4001.1450073242186,3885.587998046875,4002.6553467701383,47.712207824224585,42.96967664906015,51.65832700379113,-8.688650354730981,0.007631654273966436,-0.24610826759638527,0.9967146885953505,1.0263568865264674,3983.60009765625
2025-12-04,3990.0,4009.199951171875,3961.699951171875,3983.60009765625,3945.067138671875,1026968,-0.0011032854422643457,-0.023938438733493217,0.026277822916788596,4006.245007324219,3892.37,4000.8405611402445,46.74391940439973,36.4684573740833,48.620353077849565,-12.151895703766264,0.007136870840133212,-0.08631927330314326,0.9943475974069061,1.0234381874426763,4038.199951171875
2025-12-05,3999.0,4048.0,3975.10009765625,4038.199951171875,3999.138916015625,1073758,0.013706158293285808,-0.007715781828897317,0.04010301382405013,4014.0300048828126,3899.9819970703124,4004.398598286114,51.49700932289288,35.314858423435,45.95925414696666,-10.644395723531659,0.007646351881807466,0.04556130278645498,1.0060213666214903,1.0354406646506042,3996.699951171875
2025-12-08,4047.0,4047.89990234375,3976.89990234375,3996.699951171875,3958.040283203125,1127841,-0.0102768561492248,-0.018781302395427635,0.019956603591138267,4017.9400024414062,3906.4399951171877,4003.6653937990436,49.60173694857884,30.69805174217572,42.90701366600847,-12.208961923832746,0.007912086319207295,0.05036796000588595,0.994713696258126,1.0231054249310132,3997.5
2025-12-09,3990.0,4019.89990234375,3949.10009765625,3997.5,3958.832763671875,1788464,0.00020017735579336282,-0.008187569780424231,0.01074589127686476,4020.0650024414062,3913.5019970703124,4003.07821343723,46.79615320363443,26.794881721870297,39.68458727718084,-12.889705555310542,0.0076677804596114,0.5857412525347101,0.9943869060754733,1.0214636412585376,3991.300048828125
2025-12-10,4000.0,4030.0,3970.0,3991.300048828125,3952.692626953125,957277,-0.00155095714118203,0.0008274946911046577,0.009280319189195918,4021.9,3918.737998046875,4001.956483474458,43.08432128743513,22.936904755248634,36.335050772794396,-13.398146017545763,0.0076812255449113485,-0.46474908077545873,0.9923916678256856,1.0185166884893595,4003.89990234375
2025-12-11,3993.199951171875,4015.0,3984.60009765625,4003.89990234375,3965.170654296875,841371,0.0031568294444124234,0.005095844007897199,0.00034975698782013787,4021.9699951171874,3925.047998046875,4002.141570985819,46.85062433912027,20.658000520478254,33.19964072233117,-12.541640201852914,0.0072149062303425845,-0.12107885178480216,0.9955071537591341,1.0200894114762704,4074.10009765625
2025-12-12,4061.0,4114.0,4048.60009765625,4074.10009765625,4034.69189453125,2207898,0.01753295462541593,0.008890135931470367,0.017405902760037728,4025.4550048828123,3933.35,4008.99476400205,57.75511309883778,24.237131010809662,31.40713878002687,-7.170007769217207,0.008208578185729868,1.624166984600135,1.012084371260996,1.0357837715067946,4092.300048828125
2025-12-15,4072.800048828125,4096.0,4063.800048828125,4092.300048828125,4052.7158203125,1064975,0.004467232207265859,0.02391975850681982,0.01603895484753126,4028.685009765625,3941.79,4016.9286006521525,62.144333401150234,28.216934411409056,30.76909790630331,-2.552163494894252,0.008171394654369314,-0.5176520835654546,1.0157905219465646,1.0381831728296345,4063.800048828125
2025-12-16,4083.699951171875,4103.7998046875,4051.199951171875,4063.800048828125,4024.491455078125,2199214,-0.006964298721977014,0.016585378068324053,0.016051592560340167,4031.8950073242186,3948.4039990234373,4021.392548097483,50.252249305655816,28.739949219156188,30.363268168873887,-1.6233189497176994,0.008170774238048054,1.0650381464353624,1.007913162779772,1.0292259986144348,4062.39990234375
2025-12-17,4079.0,4079.0,4040.0,4062.39990234375,4023.104736328125,1087334,-0.0003445411849873903,0.017813707976302107,0.010647776805572162,4034.0349975585937,3954.9119970703123,4025.298010406651,47.21154240984113,28.710505269558325,30.032715589010774,-1.3222103194524486,0.008114338666858959,-0.5055806301705973,1.007031397794596,1.0271783304794295,4031.10009765625
2025-12-18,4067.0,4071.800048828125,4023.39990234375,4031.10009765625,3992.107666015625,1004303,-0.007704757148463415,0.006793425404211018,-0.0015603618268883457,4033.720007324219,3960.94,4025.850590144708,44.6303971495777,25.863400886460113,29.198852648500644,-3.335451762040531,0.008262186070454827,-0.07636200100429125,0.9993504978870096,1.0177129917787824,4073.5
2025-12-19,4040.10009765625,4091.5,4040.10009765625,4073.5,4034.097412109375,1327935,0.01051819635250495,-0.00014729575657579375,0.012074858713368108,4036.150012207031,3967.8139990234376,4030.388629178545,50.037761031966916,26.720352330126843,28.703152584825883,-1.9828002546990398,0.008553352298368348,0.3222453781378727,1.0092538651140337,1.0266358254198846,4072.39990234375
2025-12-22,4081.0,4098.5,4068.5,4072.39990234375,4033.008056640625,764774,-0.0002700620243647478,-0.004862826832571443,0.014725999251633759,4039.1050048828124,3973.877998046875,4034.3897028133265,55.889785894604195,26.999490516203423,28.36242017110139,-1.3629296548979681,0.008516688977694396,-0.4240877753805721,1.0082431373833283,1.02479238274182,4058.800048828125
2025-12-23,4089.0,4095.0,4053.300048828125,4058.800048828125,4019.539794921875,1867147,-0.003339518181354917,-0.001230375495822389,0.015537843324476164,4042.210009765625,3979.3739990234376,4036.7144976718787,60.83233537854921,25.825613424091443,27.855058821699405,-2.0294453976079616,0.008494387822810022,1.4414362935978473,1.0041042001831721,1.0199594332737207,4053.60009765625
2025-12-24,4065.0,4080.699951171875,4048.10009765625,4053.60009765625,4014.39013671875,1021436,-0.0012811548017440666,-0.0021661591421423543,-0.002067922782803988,4041.7900146484376,3985.0560009765627,4038.3226500513424,60.68377342292123,24.1967892450607,27.12340490637167,-2.9266156613109686,0.007672543999214349,-0.4529429123684423,1.0029219932171167,1.0172002844283468,4047.300048828125
2025-12-26,4052.0,4061.5,4030.199951171875,4047.300048828125,4008.15087890625,594330,-0.0015541860756732584,0.004018741975991613,-0.008330678850667295,4040.0900146484373,3991.1160009765626,4039.177640411036,51.62909130323808,22.14233006158156,26.12718993741365,-3.9848598758320897,0.007592895067825754,-0.4181426932279654,1.0017846221627602,1.0140772775929878,4038.699951171875
2025-12-29,4053.0,4061.10009765625,4033.39990234375,4038.699951171875,3999.634033203125,952143,-0.002124897475476284,-0.008543033958052004,-0.007592919634086592,4038.5450073242187,3995.3160009765625,4039.1321461977827,58.52273065055972,19.59432912118882,24.82061777416869,-5.226288652979868,0.007581968190524,0.6020443188127809,1.000038366255019,1.0108587030874925,4052.0
2025-12-30,4039.0,4063.89990234375,4006.199951171875,4052.0,4012.805419921875,1362208,0.003293151011197537,-0.005009307247063166,-0.00520474109447433,4037.485009765625,3999.12,4040.357656083708,60.52530331348649,18.435707446244578,23.543635708583867,-5.107928262339289,0.007621697727384446,0.43067585436221245,1.0035950573684527,1.013222909039989,4083.5
2025-12-31,4058.0,4094.5,4048.0,4083.5,4044.000732421875,1160164,0.007773938795656576,0.006085530421486629,0.013149733283711607,4040.135009765625,4004.002001953125,4044.4664507424027,66.2209653435365,19.830682402385264,22.80104504734415,-2.970362644958886,0.0074201310808766656,-0.14832096126289085,1.0107335497773107,1.019854634939767,4140.39990234375
2026-01-01,4090.0,4146.7998046875,4088.300048828125,4140.39990234375,4100.35009765625,1360716,0.013934101222909279,0.021413016231592863,0.03821461944427029,4047.7550048828125,4009.3560009765624,4053.6029699425308,70.77625570776256,25.236644365217217,23.288164910918766,1.9484794542984503,0.0074898298595419965,0.1728652156074486,1.0228879705785503,1.0326845262269724,4163.39990234375
2026-01-02,4138.10009765625,4172.7001953125,4127.10009765625,4163.39990234375,4123.1279296875,984027,0.005555018969781278,0.02868575398783224,0.045135003584643174,4056.7449951171875,4014.86,4064.0598206474087,65.87271004093026,31.019245397462782,24.83438100822757,6.184864389235212,0.007497125197300812,-0.2768314622595751,1.0262907595510526,1.0369975297628684,4150.39990234375
2026-01-05,4162.89990234375,4195.0,4132.7998046875,4150.39990234375,4110.25341796875,1167460,-0.0031224480724711956,0.02765740275889117,0.027784644774540013,4062.3549926757814,4019.4939990234375,4072.28268557087,60.521529217750384,34.159240560646595,26.699352918711377,7.459887641935218,0.007074528666255765,0.18641053548327435,1.0216733667605882,1.0325677568748994,4140.60009765625
2026-01-06,4153.0,4185.0,4129.89990234375,4140.60009765625,4100.54833984375,1205337,-0.0023611711926762036,0.021865769411710367,0.036004740971906646,4069.55,4024.2080029296876,4078.7891057694774,64.918444213224,35.4483208352417,28.44914650201744,6.999174333224261,0.006592162403264089,0.03244393812207691,1.0174589568026562,1.028922981774756,4157.0
2026-01-07,4106.0,4180.0,4094.0,4157.0,4116.7900390625,1213160,0.003960754952653689,0.01799926533610874,0.039899937460913026,4077.525,4028.872001953125,4086.2377623628604,67.36422561366905,37.36256886315596,30.231830974245145,7.1307378889108115,0.006598037684038426,0.006490301052734626,1.0194909902453082,1.0318024494163034,4028.39990234375
2026-01-08,4160.0,4169.89990234375,3991.300048828125,4028.39990234375,3989.43359375,2328813,-0.030935794480695167,-0.027050527157195692,0.009295180282554272,4079.379992675781,4029.9839990234377,4080.729394741993,49.63481235430466,28.177854327112072,29.821035644818533,-1.6431813177064605,0.009880551081213723,0.9196256058557817,0.9875029807412984,0.9996069223401206,4025.199951171875
2026-01-09,4029.0,4094.0,4006.199951171875,4025.199951171875,3986.2646484375,1718127,-0.0007943479419739718,-0.03319401316555648,0.005319825507040354,4080.4449951171873,4031.32599609375,4075.440876306744,42.69287677648448,20.40547100080721,27.93792271601627,-7.53245171520906,0.009864319866925812,-0.26223058699861257,0.9864610247138681,0.998480389596919,4019.0
2026-01-12,4026.0,4026.89990234375,3944.300048828125,4019.0,3980.124755859375,1386513,-0.0015402840224297831,-0.03165957629035887,-0.01352448303563969,4077.689990234375,4031.95599609375,4070.065554753721,42.04410540834677,13.588872905224434,25.068112753857903,-11.479239848633469,0.008995519615071826,-0.19300901504952772,0.9856070494875945,0.9967866722488286,3887.39990234375
2026-01-13,4028.0,4028.0,3837.0,3887.39990234375,3849.797607421875,4978634,-0.03274448809560837,-0.06115060361801705,-0.05006967818575536,4067.4449829101563,4029.08599609375,4052.6688259527714,31.106679691810044,-2.404639067086009,19.57356238966912,-21.97820145675513,0.011408021935330128,2.590758975934593,0.9557350913600832,0.9648341847537217,3865.800048828125
2026-01-14,3900.0,3904.89990234375,3856.60009765625,3865.800048828125,3828.40673828125,1914244,-0.005556375484447096,-0.07005050545390301,-0.04872286963456707,4057.5449829101562,4026.7919970703124,4034.8717995599477,30.021261023344536,-16.63083033362318,12.33268384501066,-28.96351417863384,0.011383356428762452,-0.6155081895957807,0.9527436085392434,0.9600198002878428,3865.800048828125
2026-01-15,3865.800048828125,3865.800048828125,3865.800048828125,3865.800048828125,3828.40673828125,0,0.0,-0.04036338433555797,-0.04839500252109574,4047.714990234375,4025.62,4018.769728061679,30.42914441740544,-27.58718155004226,4.348710766000076,-31.935892316042334,0.011386941813127046,-1.0,0.9550573738899248,0.9602992952211399,3856.39990234375
2026-01-19,3820.0,3878.39990234375,3808.5,3869.800048828125,3832.367919921875,1709380,0.0034747813566302632,-0.03712365045331545,-0.050006125241653376,4028.7949829101562,4024.8619970703126,3990.591088821111,30.39173389819554,-42.18715132706757,-11.511327823694387,-30.67582350337318,0.01100925793757882,-0.054180268909422846,0.9605353623710128,0.9614739714417396,3810.5
2026-01-20,3858.0,3874.300048828125,3800.0,3810.5,3773.6416015625,1658119,-0.015323801767505474,-0.019781834716152136,-0.06431094897950007,4015.699987792969,4022.7019970703127,3973.4395565524337,22.27862975799134,-50.8090205747244,-19.37086637390039,-31.43815420082401,0.01135763298931077,-0.029988065848436274,0.9489005681657641,0.9472488896207433,3766.5
2026-01-21,3800.0,3830.0,3722.0,3766.5,3730.067138671875,2537185,-0.011547041070725572,-0.02568680417349234,-0.07201637067894473,4001.0849853515624,4018.9319970703127,3953.7310273569638,11.011480464676751,-60.49499767103998,-27.595692633328312,-32.89930503771167,0.011508093934262085,0.5301585712485051,0.9413696569279569,0.9371892838061633,3793.800048828125
2026-01-22,3798.89990234375,3801.300048828125,3755.10009765625,3793.800048828125,3757.10302734375,1856812,0.007248121287169784,-0.018624863958451754,-0.06409118871354347,3988.0949829101564,4015.71599609375,3938.4995055923127,11.802416679072195,-65.21654280954499,-35.11986266857165,-30.09668014097334,0.01175649075544655,-0.2681605795399232,0.9512812671426767,0.9447381369893957,3743.800048828125
2026-01-23,3798.0,3799.39990234375,3720.10009765625,3743.800048828125,3707.586669921875,1898703,-0.01317939779547539,-0.02919817870734609,-0.07498826287610594,3972.9199829101562,4010.5419970703124,3919.9567001861997,10.963919412974988,-72.16115460968877,-42.52812105679507,-29.633033552893693,0.011954481156826022,0.022560711585233095,0.9423295875407485,0.9334898005214654,3787.800048828125
2026-01-27,3743.800048828125,3815.0,3739.0,3787.800048828125,3751.1611328125,2162193,0.01175276441747286,-0.021189725299846307,-0.06212392734720207,3960.3749877929686,4006.21,3907.3703524378116,18.21622579874638,-73.26976893048914,-48.67645063153389,-24.593318298955246,0.012450578444096977,0.13877367866380363,0.9564245962827334,0.9454821511673439,3794.0
2026-01-28,3804.300048828125,3828.199951171875,3769.10009765625,3794.0,3757.301025390625,2111741,0.0016368211341548644,-0.004330140401522131,-0.06367226061204345,3947.474987792969,4001.5360009765627,3896.573176015163,16.68503994170743,-72.80877528286965,-53.502915561801046,-19.3058597210686,0.012411070959094791,-0.023333717202858373,0.9611207193794592,0.9481359155769399,3932.89990234375
2026-01-29,3860.0,3960.89990234375,3843.60009765625,3932.89990234375,3894.857421875,4227139,0.03661041179329194,0.044178920043475456,-0.036880151256581395,3939.9449829101563,4000.2019970703127,3900.032864236933,41.39794782929951,-60.53753420067051,-54.90983928957494,-5.627694911095567,0.015131183348788898,1.0017317464594382,0.9982118835169108,0.983175325952076,3932.300048828125
2026-01-30,3902.5,3942.39990234375,3891.800048828125,3932.300048828125,3894.263427734375,2208465,-0.00015252193814230264,0.03650693189346699,-0.05026081016904338,3929.539990234375,3998.45599609375,3903.1059294360944,41.59276901866516,-50.281279112437005,-53.98412725414735,3.702848141710348,0.014683015602579442,-0.477550891986282,1.0007023872006924,0.9834546266533244,3921.300048828125
2026-02-02,3830.699951171875,3934.800048828125,3825.0,3921.300048828125,3883.369873046875,3034613,-0.002797345030493781,0.04741172009321404,-0.0581495554581094,3917.4349975585938,3996.1339990234374,3904.838702711526,41.234528744675714,-42.55023846937729,-51.69734949719334,9.147111027816052,0.014560949663335118,0.3740824509331142,1.0009866280543112,0.9812734132004582,4038.800048828125
2026-02-03,4117.0,4122.0,4030.60009765625,4038.800048828125,3999.733154296875,3742190,0.02996455219873173,0.0662653774656492,-0.026888939895310826,3911.8550048828124,3996.412001953125,3917.596926151202,63.93594993498722,-26.635032968753876,-46.68488619150545,20.049853222751572,0.016307963494170984,0.23316877638104105,1.0324513673913933,1.0106065257671841,4087.10009765625
2026-02-04,4029.0,4107.0,4016.89990234375,4087.10009765625,4047.566162109375,1403373,0.01195900966727459,0.07725358398952298,-0.012920832424817674,3909.1800048828127,3997.8880029296874,3933.7400853421586,69.41568625603016,-10.009326382617473,-39.349774229727856,29.340447847110383,0.016568243127066496,-0.6249861711992175,1.045513404998287,1.0223148058828029,4063.300048828125
2026-02-05,4088.0,4088.5,4035.89990234375,4063.300048828125,4023.996337890625,1433240,-0.005823211631585279,0.03315623324322714,-0.02254028173487488,3904.495007324219,3999.2200048828126,3946.0791294836795,66.6329741475025,1.2319991146205211,-31.23341956085818,32.4654186754787,0.0165734277267217,0.02128229629613787,1.0406723638283601,1.0160231354781868,4068.10009765625
2026-02-06,4055.0,4078.0,4042.300048828125,4068.10009765625,4028.749755859375,1630836,0.001181317837827267,0.03453450833910687,0.009855078014822327,3906.480017089844,3999.3420068359374,3957.700174071543,67.96810051082615,10.408175417952407,-22.905100565096067,33.31327598304847,0.015002631153921949,0.13786665178197643,1.0413723044427106,1.017192350817406,4113.60009765625
2026-02-09,4073.89990234375,4124.7001953125,4062.39990234375,4113.60009765625,4073.809814453125,1830267,0.011184582214733174,0.04903987107173635,0.02196167831579121,3910.9000244140625,3999.9880078125,3972.547785841515,69.62331519571143,21.1085052804724,-14.102379395982371,35.21088467645477,0.015182208036285168,0.12228758747047519,1.0518295205647852,1.0284031076147855,4169.0
2026-02-10,4140.0,4174.60009765625,4122.39990234375,4169.0,4128.673828125,1890409,0.013467498305271386,0.032237285727886755,0.037322717093804414,3918.4000244140625,4001.976005859375,3991.257520523276,79.03775420611755,33.67076726536152,-4.547750063713593,38.21851732907511,0.01540904673865976,0.032859686592174864,1.0639546687486077,1.0417353811957097,4170.39990234375
