Date,Open,High,Low,Close,Adj Close,Volume,Daily_Return,Return_5D,Return_20D,SMA_20,SMA_50,EMA_20,RSI_14,MACD,MACD_Signal,MACD_Histogram,Volatility_20,Volume_Change,Price_vs_SMA20,Price_vs_SMA50,Target_Next_Day_Close
2024-11-06,2900.0,2939.60009765625,2877.0,2896.39990234375,2765.51611328125,1687168,0.013542342384827766,-0.03678087717201528,-0.000948553918435513,2968.660009765625,3011.277998046875,2958.6802821901024,35.300698721776115,-29.57909983718264,-15.410189744809514,-14.168910092373125,0.023969904003854906,2.842918413877772,0.9756590154533796,0.9618507172776358,2839.14990234375
2024-11-07,2914.0,2914.0,2796.5,2839.14990234375,2710.85302734375,451977,-0.019765916976338005,-0.014030020593257753,-0.005220702590864823,2967.915002441406,3006.2719970703124,2947.2964364904497,30.761723254535227,-35.367566798500775,-19.401665155547768,-15.965901642953007,0.02413367540431051,-0.7321090727183066,0.9566142898325141,0.944408857585266,2858.35009765625
2024-11-08,2862.60009765625,2883.949951171875,2839.14990234375,2858.35009765625,2729.185546875,815466,0.006762656419321056,-0.012369713351236045,-0.006257930845993687,2967.015002441406,3001.37,2938.8253566014782,38.95980891023037,-37.96800177975001,-23.11493248038822,-14.853069299361792,0.024116935011894172,0.8042201262453621,0.9633756807108352,0.9523484600886429,2861.5
2024-11-11,2854.5,2888.0,2819.60009765625,2861.5,2732.193359375,630602,0.0011020001875672314,-0.003013745845360405,-0.034125462203363766,2961.959997558594,2996.5010009765624,2931.4610369251473,39.83192487058814,-39.321421572056806,-26.356230298721936,-12.96519127333487,0.0230661579695694,-0.22669737303578563,0.9660832699829173,0.9549471196797313,2853.449951171875
2024-11-12,2889.0,2903.75,2844.89990234375,2853.449951171875,2724.507080078125,612297,-0.0028132269187925996,-0.0014872100194623927,-0.026059832201446254,2958.1424926757813,2991.52,2924.03140971055,19.51941701197407,-40.57585497314949,-29.200155233607447,-11.375699739542043,0.022959182738378665,-0.02902781786293096,0.9646086888095756,0.9538461889513943,2845.35009765625
2024-11-13,2854.0,2882.10009765625,2823.14990234375,2845.35009765625,2716.773193359375,530900,-0.0028386176923476114,-0.017625261154784133,-0.02266989464892344,2954.842492675781,2985.92,2916.5379514196648,20.117901631943752,-41.74241242000244,-31.708606670886446,-10.033805749115992,0.02293075971726837,-0.13293712038438865,0.9629447609167217,0.9529224150868911,2839.300048828125
2024-11-14,2855.0,2887.550048828125,2828.949951171875,2839.300048828125,2710.996337890625,330713,-0.0021262932927335054,5.288431028271923e-05,-0.07820917672961414,2942.797497558594,2980.932001953125,2909.181960696661,22.908525358916933,-42.663309899751766,-33.899547316659515,-8.763762583092252,0.018270767333712183,-0.3770710114899227,0.9648302512094928,0.9524873586407868,2758.14990234375
2024-11-18,2840.0,2849.0,2752.0,2758.14990234375,2633.513427734375,790762,-0.028581039371963657,-0.03505525631540407,-0.10905276513163209,2925.9174926757814,2974.3410009765626,2894.797955139241,20.05639404188682,-49.372135167257966,-36.994064886779206,-12.37807028047876,0.018938665035700082,1.391082297944139,0.9426615443695898,0.9273146224451633,2789.25
2024-11-19,2760.449951171875,2848.75,2751.050048828125,2789.25,2663.2080078125,514635,0.011275709717525784,-0.02524899528219471,-0.06573438285044386,2916.1049926757814,2969.0960009765627,2884.7457689355033,23.89479574706212,-51.58477241375385,-39.91220639217414,-11.672566021579712,0.017899703810402796,-0.34919103345886626,0.9564984823953884,0.9394273540103083,2786.199951171875
2024-11-21,2797.699951171875,2807.39990234375,2758.050048828125,2786.199951171875,2660.2958984375,468794,-0.001093501417271714,-0.023567961993649633,-0.06429565511418323,2906.5324951171874,2964.9460009765626,2875.3604529580152,24.579780796259243,-52.973768198137805,-42.52451875336688,-10.449249444770928,0.017905764639208604,-0.08907478115557632,0.9585992779549293,0.9397135564203145,2883.550048828125
2024-11-22,2830.0,2894.5,2822.050048828125,2883.550048828125,2753.246826171875,1224485,0.034940097395129266,0.013425395772330706,-0.07574083415278277,2894.717492675781,2961.00900390625,2876.1404144694543,50.49480431310869,-45.692503336423215,-43.15811566997815,-2.5343876664450633,0.01612868786841834,1.6119894879200674,0.9961421299743716,0.973840351388348,2982.39990234375
2024-11-25,2948.89990234375,3016.25,2898.0,2982.39990234375,2847.629638671875,920408,0.03428060961029544,0.050399693957912994,-0.03754742965913671,2888.8999877929687,2959.325,2886.2603656955775,59.033674348675355,-31.581637955355745,-40.84282012705367,9.261182171697925,0.018209571905465606,-0.24833052262788025,1.032365230691912,1.007797353228777,2999.10009765625
2024-11-26,2990.14990234375,3021.10009765625,2931.050048828125,2999.10009765625,2863.5751953125,531802,0.005599582839100892,0.08735935458321231,-0.013794561252959525,2886.802490234375,2957.3460009765627,2897.007006834689,63.400196469236725,-18.834002626680558,-36.44105662697905,17.60705400029849,0.017830263454148284,-0.4222105848710572,1.0389003431311152,1.0141187729355643,3017.0
2024-11-27,3005.10009765625,3047.85009765625,2996.0,3017.0,2880.66650390625,641475,0.005968424447633014,0.08165277404320159,0.0013774008693556716,2887.0099853515626,2954.7630029296874,2908.434910945671,66.36867416079855,-7.203994103838795,-30.593644122351,23.389650018512206,0.017763081532687405,0.20622901004509187,1.045025827866199,1.0210632788513339,2957.60009765625
2024-11-28,3024.0,3026.85009765625,2938.64990234375,2957.60009765625,2823.95068359375,569713,-0.019688399848773575,0.06151753265672277,-0.02147225883995041,2883.764990234375,2951.4000048828125,2913.117309680012,56.03194953371237,-2.748521013890695,-25.02461950065894,22.276098486768245,0.018290378928490333,-0.11187029892045675,1.0256037186358498,1.0021007294040727,2974.550048828125
2024-11-29,2960.0,2992.199951171875,2938.0,2974.550048828125,2840.134521484375,408266,0.005730981407968905,0.031558321672614076,-0.010791470293273986,2882.1424926757813,2947.3350048828124,2918.968046741737,64.49679611340875,2.12568928982364,-19.594557742562426,21.720247032386066,0.01832020652976875,-0.2833830367219986,1.032062105321709,1.0092337803134783,3050.0
2024-12-02,2974.949951171875,3056.85009765625,2953.550048828125,3050.0,2912.17529296875,296057,0.025365164456251144,0.022666342499249037,0.05919325876667503,2890.664990234375,2948.2470068359376,2931.447280385381,68.31341637302914,11.939090170663349,-13.287828159917272,25.22691833058062,0.01629698753977539,-0.2748428720491053,1.0551205381128257,1.0345130489162317,3018.949951171875
2024-12-03,3066.10009765625,3066.10009765625,2997.800048828125,3018.949951171875,2882.5283203125,279243,-0.010180343878073761,0.006618603204053608,0.0431214874969188,2896.904992675781,2949.061005859375,2939.780868079333,64.28376207247717,17.01466713465379,-7.227329101003059,24.24199623565685,0.016550090289914696,-0.05679311754155447,1.042129430825194,1.0236987112757723,3017.699951171875
2024-12-04,3024.949951171875,3059.0,3006.0,3017.699951171875,2881.334716796875,446699,-0.0004140512496786375,0.00023200237715448324,0.05140848173387602,2904.2824951171874,2948.8480029296875,2947.201733135765,65.08679806499472,20.697644332826712,-1.642334414237105,22.339978747063817,0.016379014048964555,0.5996784162897548,1.0390517989366979,1.0233487613379133,3051.300048828125
2024-12-05,3019.64990234375,3072.699951171875,3019.64990234375,3051.300048828125,2913.41650390625,525393,0.011134340126559561,0.031681075222484534,0.06774682470665239,2913.9625,2949.026005859375,2957.1158584397995,68.07052975720478,26.02764685858574,3.8916618403274637,22.135985018258275,0.016397651311435425,0.17616784456647538,1.0471308566352946,1.03468061752102,3053.949951171875
2024-12-06,3051.300048828125,3097.0,3048.449951171875,3053.949951171875,2915.946533203125,303227,0.0008684502675402328,0.026693079975248946,0.05439512986471118,2921.8400024414063,2948.6620068359375,2966.3381529857115,68.94693515158306,30.118351624324532,9.136999797126878,20.981351827197656,0.016229506583303802,-0.42285679481835503,1.0452146416710297,1.0357070237591988,3104.60009765625
2024-12-09,3054.0,3124.949951171875,3051.550048828125,3104.60009765625,2964.30810546875,346936,0.016585126571880826,0.01790167136270493,0.09349636491309177,2935.112512207031,2950.3840087890626,2979.5059572400487,82.32111848662477,37.02055819310908,14.713711476323319,22.306846716785763,0.015595209698286084,0.14414613474393767,1.0577448342250342,1.0522698362002318,3181.800048828125
2024-12-10,3105.0,3201.89990234375,3105.0,3181.800048828125,3038.019287109375,820084,0.024866310875321984,0.05394262915588777,0.11315966908220698,2951.285009765625,2952.9460107421874,2998.772061200818,83.72133114828087,48.16478385252731,21.40392595156412,26.760857900963188,0.01623978442626444,1.3637904397352827,1.0781066682139269,1.0775002445874104,3184.550048828125
2024-12-11,3173.60009765625,3192.0,3130.85009765625,3184.550048828125,3040.645263671875,517726,0.0008642906398259598,0.0552904862497865,0.11289535167853404,2967.4375122070314,2954.985009765625,3016.465202879609,84.23722369198539,56.566501575974144,28.436441076446126,28.130060499528017,0.01624325851369028,-0.3686914998951327,1.073164990240895,1.0776873785497505,3190.35009765625
2024-12-12,3208.64990234375,3237.949951171875,3174.64990234375,3190.35009765625,3046.18310546875,695231,0.0018213087372451753,0.04557075561334201,0.11806765573232303,2984.28251953125,2958.584013671875,3033.0256690488127,81.29335775071856,62.96709341310088,35.342571543777076,27.624521869323807,0.016151410888286706,0.3428551009607399,1.0690509617559156,1.078336826979854,3195.39990234375
2024-12-13,3161.0,3210.949951171875,3137.050048828125,3195.39990234375,3051.004638671875,621349,0.0015828371598496371,0.046317049536976684,0.12302521400647337,3001.785009765625,2962.180009765625,3048.4898817435687,76.86680782974697,67.66706182565758,41.80746960015318,25.8595922255044,0.016058104654991617,-0.10626971467037571,1.064499919863762,1.0787325185536505,3197.300048828125
2024-12-16,3207.449951171875,3227.449951171875,3176.89990234375,3197.300048828125,3052.81884765625,394375,0.0005946506047587174,0.029858902356492578,0.1260874137440171,3019.685009765625,2967.7060107421876,3062.6622786087646,75.96960524825772,70.72981728922741,47.59193913796803,23.13787815125938,0.015997581034932398,-0.36529229144973274,1.058819061752499,1.0773641449843339,3181.199951171875
2024-12-17,3197.25,3228.449951171875,3154.60009765625,3181.199951171875,3037.4462890625,405555,-0.005035529168477937,-0.00018860319537394865,0.153381818902822,3040.837512207031,2974.3980078125,3073.9515807576327,71.61663112978985,71.03903594720441,52.28135849981531,18.7576774473891,0.01406220061659747,0.02834865293185418,1.0461591381984003,1.0695273271486172,3176.550048828125
2024-12-18,3192.0,3212.85009765625,3152.0,3176.550048828125,3033.006591796875,339580,-0.0014616818858044223,-0.002512128833693117,0.13885454829367205,3060.2025146484375,2980.440009765625,3083.722863431013,83.67942136314645,70.10080723361398,55.845248246575046,14.255558987038931,0.014158544723509105,-0.162678305038774,1.0380195538114751,1.0657990224329064,3117.10009765625
2024-12-19,3081.25,3147.949951171875,3035.5,3117.10009765625,2976.2431640625,485378,-0.018715257199806157,-0.022959862635079542,0.11876396248775989,3076.747521972656,2984.760009765625,3086.9016476429406,69.39192353294786,63.8244119117212,57.44108097960428,6.38333093211692,0.015175375698870107,0.4293480181400553,1.0131153353973361,1.044338602587019,2950.60009765625
2024-12-20,3190.0,3197.0,2935.300048828125,2950.60009765625,2817.26708984375,835981,-0.05341503153048932,-0.07661006827594419,0.023252604495411555,3080.1000244140623,2985.789013671875,3073.9205476442085,39.162681947545444,44.897613161957,54.932387416074825,-10.034774254117828,0.018681635607588835,0.7223298130529197,0.9579559346348021,0.9882145336276288,2977.64990234375
2024-12-23,2976.949951171875,3010.0,2940.5,2977.64990234375,2843.094482421875,345080,0.009167560425754173,-0.06869863420071609,-0.0015926770907774834,3079.8625244140626,2988.2610107421874,3064.7519147584508,45.457538260435726,31.715090148899435,50.28892796263975,-18.57383781374031,0.017128914826712367,-0.5872154989168414,0.9668126024262208,0.9964490690872408,2930.64990234375
2024-12-24,2977.64990234375,3010.0,2910.0,2930.64990234375,2798.21826171875,376812,-0.015784259916857835,-0.0787596041348575,-0.02282357810130875,3076.4400146484377,2989.3470068359375,3051.980294528479,41.30108181140833,17.27618932500718,43.68638023511323,-26.410190910106053,0.017429810708202303,0.09195548858235769,0.9526107736180425,0.9803645731465899,2908.449951171875
2024-12-26,2931.050048828125,2951.39990234375,2875.35009765625,2908.449951171875,2777.021484375,284062,-0.007575094914653913,-0.0843997713038257,-0.03597946596888468,3071.0125122070312,2988.26400390625,3038.3107380183264,35.39214814918377,3.9958442632323568,35.74827304073706,-31.752428777504704,0.017407609927803405,-0.24614396569111385,0.9470654839767071,0.9732908295150489,2883.949951171875
2024-12-27,2928.89990234375,2945.0,2880.199951171875,2883.949951171875,2753.628662109375,88411,-0.008423730994624234,-0.07479713168649305,-0.02490199623091005,3067.3300048828123,2987.347001953125,3023.6097106996167,33.359429815756926,-8.40893713004698,26.916831006580253,-35.32576813662723,0.016971188318402122,-0.6887616083812689,0.9402150882301484,0.9653883359671143,2935.25
2024-12-30,2885.050048828125,2949.64990234375,2853.0,2935.25,2802.610595703125,835227,0.017788120354612857,-0.005202364654038671,-0.013212098698291541,3065.3650024414064,2987.825,3015.1945001567965,33.444110405375355,-13.939643020200947,18.745536201224013,-32.68517922142496,0.017435210371405926,8.447093687437084,0.9575531780594557,0.982403587894204,2847.199951171875
2024-12-31,2915.10009765625,2915.10009765625,2812.5,2847.199951171875,2718.539306640625,514316,-0.029997461486457766,-0.04380970075400603,-0.06649181928790981,3055.225,2983.165,2999.19501930109,17.96857909448707,-25.137896339002054,9.9688496931788,-35.10674603218085,0.01750421952547375,-0.3842200982487396,0.9319117090138616,0.9544225516094065,2854.89990234375
2025-01-01,2859.449951171875,2863.949951171875,2816.89990234375,2854.89990234375,2725.891357421875,198476,0.0027043942483582217,-0.025847509093262833,-0.05434010218170238,3047.022497558594,2978.347998046875,2985.452627209914,18.738710371987594,-33.01074375923508,1.3729310026960233,-34.383674761931104,0.017474222392388238,-0.614097169833332,0.9369474313469032,0.9585514870041785,2898.699951171875
2025-01-02,2860.10009765625,2908.10009765625,2847.300048828125,2898.699951171875,2767.712158203125,250308,0.015342061132219476,-0.0033523011101055378,-0.0394340066691482,3041.0724975585936,2976.6119970703126,2977.190467587244,24.20165657206114,-35.308717258778415,-5.963398649598865,-29.34531860917955,0.01792921444247932,0.2611499627158951,0.9531834421898798,0.9738252597331727,2869.25
2025-01-03,2899.0,2909.0,2832.0,2869.25,2739.593017578125,517777,-0.010159710100374197,-0.0050971589038505405,-0.05966310946641995,3031.9699951171874,2974.4439990234373,2966.910423055125,22.34376694989993,-39.05602915664622,-12.581924751008337,-26.47410440563788,0.017748647966257598,1.068559534653307,0.9463319243332755,0.9646340630188451,2897.64990234375
2025-01-06,2960.199951171875,2960.199951171875,2875.0,2897.64990234375,2766.70947265625,421827,0.009898022948070073,-0.01280984504088234,-0.0511796366434063,3024.154992675781,2969.9999951171876,2960.3141829873753,25.68365554577734,-39.28135505311957,-17.921810811430582,-21.359544241688987,0.017963607385844977,-0.18531143716310305,0.9581684501494088,0.9756396993628336,2926.199951171875
2025-01-07,2914.5,2937.949951171875,2892.75,2926.199951171875,2793.969482421875,555628,0.009852828944253211,0.027746558497756535,-0.057463164617901796,3015.2349853515625,2966.548994140625,2957.065208528756,29.71681844874675,-36.73274489394635,-21.683997627933735,-15.048747266012612,0.017648098572413996,0.31719401555614035,0.970471610135783,0.9863986595035358,2924.85009765625
2025-01-08,2919.0,2932.0,2868.050048828125,2924.85009765625,2792.6806640625,384582,-0.00046129913818238055,0.024501803112282117,-0.08075615916421619,3002.387487792969,2964.2249951171875,2953.9971027313745,29.873650402717132,-34.42504439562481,-24.232206981471954,-10.192837414152855,0.016424318345817947,-0.30784265731748583,0.9741747557728746,0.9867166299704653,2871.949951171875
2025-01-09,2924.10009765625,2942.949951171875,2869.300048828125,2871.949951171875,2742.1708984375,202661,-0.018086447071856804,-0.009228274899299449,-0.09816146484219423,2986.7574829101563,2961.4069921875,2946.1830882971367,30.189879336284463,-36.44466344673992,-26.67469827452555,-9.769965172214373,0.01666944710755562,-0.4730356594952442,0.9615611470314562,0.9697923854263795,2915.0
2025-01-10,2885.0,2956.449951171875,2885.0,2915.0,2783.275634765625,1295966,0.014989832538884862,0.01594493334495084,-0.08630717295212598,2972.9899780273436,2959.2569921875,2943.2132703640764,46.406207178023095,-34.177470335863745,-28.17525268679319,-6.002217649070555,0.0172052783909397,5.394747879463735,0.9804943916878518,0.9850445593930032,2777.5
2025-01-13,2885.0,2897.89990234375,2768.050048828125,2777.5,2651.989013671875,327553,-0.047169811320754707,-0.041464602830924235,-0.13078172219922468,2952.0949829101564,2954.6669921875,2927.4310541389264,33.47916612928188,-42.98035356425544,-31.13627286228564,-11.844080701969798,0.01960525641948483,-0.7472518569159994,0.9408572610566744,0.9400382538350511,2780.25
2025-01-14,2791.39990234375,2801.39990234375,2736.5,2780.25,2654.61474609375,736104,0.000990099009900991,-0.04987695769505618,-0.13043819549590985,2931.24248046875,2952.6809912109375,2913.4138108876,36.607310566006234,-49.16802158006976,-34.74262260584247,-14.425398974227292,0.019613301621909,1.2472821192295598,0.9484885738812697,0.9416018893594662,2779.75
2025-01-15,2798.0,2816.60009765625,2768.10009765625,2779.75,2654.13720703125,346009,-0.00017983994245118762,-0.049609413409775094,-0.1261945043800189,2911.1699829101562,2950.3929931640623,2900.6839241364,38.078923718951565,-53.49547633228758,-38.493193351131495,-15.002282981156085,0.019665983646214823,-0.5299454968319695,0.9548566440016731,0.942162622552509,2821.39990234375
2025-01-16,2798.0,2872.300048828125,2793.050048828125,2821.39990234375,2693.905029296875,468033,0.01498332668180602,-0.017601298660339992,-0.11180373078503669,2893.4124755859375,2949.4179931640624,2893.1330649180522,44.38458979155005,-52.95379794455448,-41.38531426981609,-11.568483674738388,0.02022510143972792,0.35266134695918305,0.9751115425644232,0.956595473711416,2817.199951171875
2025-01-17,2819.050048828125,2833.85009765625,2785.25,2817.199951171875,2689.89501953125,294222,-0.0014886054147751349,-0.033550617093696444,-0.09621126594871632,2878.4174682617186,2948.6079931640625,2885.9013397993685,38.42305749289509,-52.26098280041742,-43.56044797593636,-8.70053482448106,0.020007859606609467,-0.371364839658742,0.9787322312469104,0.9554338717466552,2805.25
2025-01-20,2820.0,2833.0,2751.60009765625,2805.25,2678.485107421875,276667,-0.004241783110532915,0.00999099909991008,-0.04926119868690637,2871.1499633789062,2946.7849951171875,2878.2202598184763,45.16426803644409,-52.075884615155246,-45.26353530378014,-6.812349311375108,0.01642687921482454,-0.05966583056331609,0.9770475369731813,0.9519696905774563,2773.550048828125
2025-01-21,2805.25,2854.199951171875,2769.35009765625,2773.550048828125,2648.217529296875,322108,-0.011300223214285698,-0.002409837666351944,-0.06854393908262191,2860.944970703125,2945.472998046875,2868.2516682955857,41.114156537025394,-53.86617832855927,-46.98406390873596,-6.88211441982331,0.01630590335974045,0.16424438042845724,0.9694524282116754,0.9416314631528616,2808.949951171875
2025-01-22,2773.85009765625,2813.949951171875,2753.89990234375,2808.949951171875,2682.017822265625,421294,0.012763390499734184,0.010504524209686172,-0.04152660850910472,2854.859973144531,2944.4849951171873,2862.6038857123754,40.01334393893952,-51.83104668253873,-47.95346046349651,-3.8775862190422146,0.016415359323565377,0.30792777577706865,0.9839186431542953,0.9539698642818459,2918.949951171875
2025-01-23,2808.949951171875,2948.0,2803.60009765625,2918.949951171875,2787.047119140625,830570,0.039160541096187496,0.034575052174308896,0.003610170426267656,2855.384973144531,2945.633994140625,2867.970177660899,54.68956248626449,-40.870974348106756,-46.536963240418565,5.665988892311809,0.018740117383023665,0.9714736027572195,1.022261438869079,0.9909411545963182,3009.300048828125
2025-01-24,2861.0,3078.39990234375,2754.550048828125,3009.300048828125,2873.314453125,4727360,0.030952945123289055,0.06818830788930752,0.04346472712028682,2861.652478027344,2948.75099609375,2881.430165391111,59.432303296280814,-24.610841801849347,-42.15173895270472,17.540897150855372,0.019808061449899675,4.691705696088229,1.0515952135818256,1.0205337964496104,2937.10009765625
2025-01-27,2963.35009765625,3043.949951171875,2928.050048828125,2937.10009765625,2804.376953125,1054296,-0.023992273950877996,0.04700119335397912,0.0006303032642023254,2861.744982910156,2950.58599609375,2886.7320637020766,50.85760430148671,-17.350496546533577,-37.191490471470495,19.840993924936917,0.020287889216188487,-0.7769799634468286,1.0263318762489675,0.9954294169174008,2883.75
2025-01-28,2924.699951171875,3002.85009765625,2867.050048828125,2883.75,2753.437744140625,843006,-0.018164208192571474,0.03973245451923124,0.012837190732980064,2863.5724853515626,2951.4749951171875,2886.4480576352125,47.01090198863637,-15.72031364903296,-32.89725510698299,17.17694145795003,0.019517959407059207,-0.20040861389970177,1.0070462734055639,0.977053847574779,3009.25
2025-01-29,2900.10009765625,3018.449951171875,2900.10009765625,3009.25,2873.2666015625,636180,0.04351972258344161,0.07130780267001957,0.05406497703458357,2871.289990234375,2956.4969970703123,2898.1434807175733,59.03171130694755,-4.252559941315667,-27.168316073849525,22.915756132533858,0.021733447969960396,-0.24534344951281484,1.0480480934474903,1.017843076783762,2867.60009765625
2025-01-30,2998.75,3011.199951171875,2837.5,2867.60009765625,2738.017578125,1251426,-0.04707149699883695,-0.017591892418371002,-0.010728897105425461,2869.734997558594,2958.0639990234376,2895.2345870926856,47.24001871925496,-6.51909770837392,-23.038472400754404,16.519374692380485,0.024189107885807127,0.9670942186173725,0.9992560637465967,0.9694178687827399,2867.949951171875
2025-01-31,2900.0,2901.39990234375,2853.35009765625,2867.949951171875,2738.351806640625,434230,0.00012200219825309055,-0.04697108808119488,-0.00045309709092100636,2869.6699951171877,2959.6989990234374,2892.636050338323,56.267757345962586,-8.19267490686434,-20.069312901976392,11.876637995112052,0.024076639672762287,-0.6530118440882642,0.9994006126320311,0.969000547730754,2798.5
2025-02-01,2850.0,2869.0,2776.25,2798.5,2672.0400390625,301341,-0.024215886732436576,-0.04718943619485427,-0.03421735050309327,2864.7125,2957.997998046875,2883.6707122108637,51.15762837329303,-14.950685342105771,-19.04558739000227,4.0949020478965,0.02456096179207961,-0.30603366879303595,0.9768868603742958,0.9460790716720602,2817.75
2025-02-03,2790.0,2838.550048828125,2728.10009765625,2817.75,2690.420166015625,606662,0.0068786850098268015,-0.022886866059817934,-0.03706170220132887,2859.290002441406,2954.705,2877.3925491431623,52.3544004332213,-18.539432146444597,-18.944356341290735,0.4049241948461386,0.024497836375308644,1.0132076285669722,0.9854719170122872,0.953648502980839,2805.449951171875
2025-02-04,2840.0,2874.949951171875,2763.199951171875,2805.449951171875,2678.676025390625,550653,-0.004365202316786498,-0.0677245323014456,-0.04082265500719273,2853.3199951171873,2950.8319970703124,2870.540873145897,48.97447706665687,-22.121053256971663,-19.57969572442692,-2.541357532544744,0.024503833225691662,-0.09232323765127859,0.9832230370139938,0.9507318457835696,2841.89990234375
2025-02-05,2824.0,2862.800048828125,2805.800048828125,2841.89990234375,2713.478759765625,327625,0.012992550858606178,-0.00896226615890594,-0.010463291261695984,2851.817492675781,2947.3299951171875,2867.8131616409305,51.52487724384742,-21.767386475075455,-20.017233874556627,-1.7501526005188275,0.02440160862217799,-0.4050245799078549,0.9965223614913991,0.9642286093012651,2825.64990234375
2025-02-06,2859.5,2896.699951171875,2817.85009765625,2825.64990234375,2697.963134765625,389617,-0.00571800575614867,-0.014749228385537494,-0.030651834530445954,2847.349987792969,2944.6909912109377,2863.797613136437,51.25275790248884,-22.538532028004738,-20.52149350524625,-2.0170385227584866,0.024159422861620723,0.18921632964517365,0.9923788485636642,0.9595743359074037,2868.5
2025-02-07,2834.0,2889.35009765625,2817.800048828125,2868.5,2738.876953125,211878,0.01516468746560129,0.02501340003573338,0.03276327632763287,2851.8999877929687,2942.569990234375,2864.2454595043955,55.752103230371354,-19.46761511794375,-20.31071782778575,0.8431027098420003,0.02183647529196783,-0.45618902665951433,1.0058206852547722,0.9748281296688969,2786.949951171875
2025-02-10,2870.0,2888.5,2769.949951171875,2786.949951171875,2661.011962890625,359767,-0.028429509788434726,-0.010930724453242835,0.002409837666351944,2852.2349853515625,2937.3089892578123,2856.883982520346,48.737808376362594,-23.34518992264202,-20.917612246757006,-2.427577675885015,0.022863460233152437,0.6979912968783923,0.9771109202029368,0.9488106158950852,2713.60009765625
2025-02-11,2789.0,2794.0,2688.89990234375,2713.60009765625,2590.9765625,249486,-0.026319042250752434,-0.032739794013169954,-0.02379706892481337,2848.927490234375,2931.2019921875,2843.237898247575,37.70139009722053,-31.968404196257325,-23.127770636657072,-8.840633559600253,0.023630691390056892,-0.30653450705595564,0.9524988287550302,0.925763596261458,2666.60009765625
2025-02-12,2729.0,2744.449951171875,2657.60009765625,2666.60009765625,2546.1005859375,732007,-0.017320164471026578,-0.06168401798491496,-0.05486631106739148,2841.1875,2924.1799951171874,2826.4152505722104,28.351228245182043,-42.109459206112206,-26.924108350548103,-15.185350855564103,0.023589098438740193,1.9340604282404623,0.9385512563518775,0.9119138021971814,2601.949951171875
2025-02-13,2675.0,2698.35009765625,2594.5,2601.949951171875,2484.371826171875,559365,-0.024244410154037666,-0.0791676106039626,-0.07640565232526786,2830.425,2915.1929931640625,2805.037603010274,28.62426383320893,-54.732126990864344,-32.48571207861136,-22.246414912252988,0.02407874331851069,-0.235847471403962,0.9192788896267786,0.8925480945080747,2554.25
2025-02-14,2630.050048828125,2630.050048828125,2530.85009765625,2554.25,2438.827392578125,469018,-0.01833238612079824,-0.10955203067805475,-0.08947509134658227,2817.875,2905.198994140625,2781.1530693902478,28.832064583884886,-67.80307789016933,-39.54918524092295,-28.25389264924638,0.02430081270297342,-0.16151707740026633,0.9064454597879608,0.879199671055773,2591.35009765625
2025-02-17,2544.0,2594.89990234375,2507.0,2591.35009765625,2474.2509765625,227875,0.01452484982137614,-0.07018420027004002,-0.06569196443700653,2808.765002441406,2894.933994140625,2763.076595891772,19.71300467473273,-74.31161478866898,-46.50167115047216,-27.809943638196813,0.024598929773114512,-0.5141444464817981,0.9225941278119826,0.895132705236516,2578.949951171875
2025-02-18,2591.0,2615.35009765625,2530.0,2578.949951171875,2462.4111328125,276630,-0.004785206945055576,-0.04962048262036589,-0.0818811313829374,2797.265002441406,2882.8769921875,2745.5407249660675,24.257551853469508,-79.55322530005105,-53.111981980387945,-26.44124331966311,0.02431446515557945,0.2139550191991224,0.9219541047848562,0.8945750922293053,2611.25
2025-02-19,2572.39990234375,2630.0,2552.300048828125,2611.25,2493.25146484375,251079,0.012524496186305578,-0.020756804781076332,-0.10541460330566554,2781.8800048828125,2871.4109912109375,2732.7511321121565,28.341224846959022,-80.17666866826312,-58.52491931796298,-21.651749350300136,0.022487865616907056,-0.09236525322633116,0.9386637796801734,0.9093961150085235,2637.25
2025-02-20,2601.35009765625,2642.10009765625,2589.5,2637.25,2518.07666015625,279331,0.009956917185256042,0.0135667670364783,-0.12363341733670186,2763.2775024414063,2860.3489892578127,2723.655786196713,35.31822950936282,-77.67735314571382,-62.35540608351315,-15.321947062200671,0.021156373120378037,0.11252235352219819,0.9543920209497386,0.9220028779370376,2567.550048828125
2025-02-21,2640.0,2650.949951171875,2555.5,2567.550048828125,2451.5263671875,248774,-0.026429026892359486,0.005207027044386914,-0.12582140088552618,2744.8,2847.7919921875,2708.7885731139904,29.13610669216108,-80.39409802186356,-65.96314447118323,-14.430953550680329,0.021269949413171917,-0.10939351522029417,0.9354233637525957,0.9015932539566872,2487.89990234375
2025-02-24,2536.550048828125,2539.0,2463.050048828125,2487.89990234375,2375.4755859375,430982,-0.031021847663973978,-0.03992135042118228,-0.13726921461855224,2725.0074951171873,2833.6039892578124,2687.751556850158,26.193879631558204,-87.96028762418928,-70.36257310178445,-17.59771452240483,0.021828491259771935,0.7324238063463224,0.9129882786750865,0.8779984471278888,2452.89990234375
2025-02-25,2470.5,2495.25,2440.0,2452.89990234375,2342.05712890625,268308,-0.014068090105646136,-0.048876500597015426,-0.18487998592880284,2697.189990234375,2819.03798828125,2665.3847326114524,20.7738756883073,-95.67784030265875,-75.42562654195932,-20.252213760699433,0.018310602579252065,-0.3774496382679555,0.9094279272965131,0.8701194920183634,2376.39990234375
2025-02-27,2445.0,2449.0,2360.0,2376.39990234375,2269.01416015625,775514,-0.031187575133785117,-0.08993780666586881,-0.17129312965011,2672.62998046875,2803.0349853515627,2637.862367824052,19.0492802103426,-106.73657427806756,-81.68781608918097,-25.048758188886595,0.01690925563930914,1.890387166987194,0.8891615823028953,0.8477953057177761,2247.25
2025-02-28,2340.0,2364.550048828125,2227.050048828125,2247.25,2145.7001953125,1097369,-0.05434687243353886,-0.14788131576452745,-0.216426353925127,2641.5949829101564,2785.6379833984374,2600.6611899360473,11.748058871526837,-124.48700963917963,-90.24765479918071,-34.239354839998924,0.019512547372302496,0.4150215212104489,0.8507170912038454,0.8067272249276225,2265.39990234375
2025-03-03,2260.0,2285.25,2238.300048828125,2265.39990234375,2163.030029296875,442636,0.008076494534987155,-0.11768033367929154,-0.1904949428823477,2614.939978027344,2771.9339794921875,2568.731543498686,15.167304696506179,-135.5275350526381,-99.30363084987219,-36.223904202765894,0.019777290223443742,-0.5966388698787737,0.8663295989121403,0.8172632967105394,2246.60009765625
2025-03-04,2240.0,2269.89990234375,2183.050048828125,2246.60009765625,2145.07958984375,541824,-0.008298669329000141,-0.09698935413767296,-0.20269715281474576,2586.3824829101563,2757.3129833984376,2538.0523581803586,16.359318952921413,-144.13274553622932,-108.26945378714363,-35.86329174908569,0.01936951283114046,0.22408480105549478,0.8686263971013334,0.8147787759978105,2307.85009765625
2025-03-05,2173.0,2336.0,2173.0,2307.85009765625,2203.56201171875,582517,0.027263419094434527,-0.05913400891284015,-0.17736900040144032,2561.502490234375,2744.8569873046877,2516.1283333685387,24.677069913097185,-144.34614126512588,-115.48479128274008,-28.861349982385804,0.021155533792436704,0.07510372371840313,0.9009751528467513,0.8407906526024307,2343.0
2025-03-06,2315.800048828125,2369.89990234375,2315.800048828125,2343.0,2237.123291015625,560584,0.015230582947933557,-0.014054832400392292,-0.1755515392826824,2536.5574951171875,2733.54798828125,2499.6399206667734,30.92730300884459,-140.06438056643947,-120.40070913947997,-19.663671426959496,0.02128628352094877,-0.03765212002396501,0.9236928413845217,0.8571278097346257,2302.25
2025-03-07,2320.10009765625,2329.949951171875,2275.0,2302.25,2198.21484375,314701,-0.01739223218096453,0.024474357548114334,-0.18523168843727356,2510.3875,2721.9139892578123,2480.840880603271,31.24720668056635,-138.36426172198207,-123.9934196559804,-14.370842066001671,0.021340345655033635,-0.43861936837298243,0.9170894931559371,0.8458202607010948,2265.0
2025-03-10,2276.14990234375,2317.5,2248.5,2265.0,2162.648193359375,352043,-0.016179824085134076,-0.00017652615917229664,-0.2103887048980303,2480.2125,2708.5089892578126,2460.2846062601025,25.719798192040145,-138.42696904644436,-126.88012953407319,-11.546839512371164,0.020532870831910844,0.11865866330262698,0.9132282012125976,0.8362534549389319,2277.85009765625
2025-03-11,2232.300048828125,2284.14990234375,2200.0,2277.85009765625,2174.91748046875,281705,0.005673332298565148,0.013909907701242119,-0.1826727650066179,2454.7575073242188,2697.1219921875,2442.9098911549736,27.61338566354904,-135.8735043845254,-128.67880450416365,-7.194699880361753,0.020472311584475045,-0.19979945631641594,0.927932836893203,0.8445484128097597,2225.050048828125
2025-03-12,2261.0,2279.39990234375,2170.25,2225.050048828125,2124.503662109375,436694,-0.023179773279397353,-0.03587756800678388,-0.1800375999581103,2430.3300048828123,2684.5249951171877,2422.161334742893,22.13563584211107,-136.53648036065533,-130.250339675462,-6.286140685193345,0.020350939584144894,0.5501819279033031,0.9155341226737701,0.8288431111184327,2205.14990234375
2025-03-13,2226.0,2292.449951171875,2199.85009765625,2205.14990234375,2105.50244140625,869498,-0.008943684882439351,-0.05883486882469058,-0.173048143108553,2407.2574951171873,2670.653994140625,2401.4935792763076,18.547084066987452,-137.08741076964589,-131.61775389429877,-5.469656875347113,0.020271398379435056,0.9910921606433796,0.91604238716324,0.8256965923634496,2200.199951171875
2025-03-17,2207.10009765625,2236.199951171875,2181.550048828125,2200.199951171875,2100.7763671875,449847,-0.0022447232120654803,-0.04432622383673579,-0.15440343109561294,2387.1699951171877,2657.2729931640624,2382.322757552076,20.47736435605178,-136.35166960784045,-132.5645370370071,-3.787132570833336,0.02001059642886187,-0.48263595775953483,0.9216771137674532,0.8279916880320443,2200.199951171875
2025-03-18,2200.199951171875,2200.199951171875,2200.199951171875,2200.199951171875,2100.7763671875,0,0.0,-0.028609293080849918,-0.13861213617622592,2369.467492675781,2643.323994140625,2364.977728373009,23.48386353500483,-134.22136904394347,-132.89590343839438,-1.325465605549084,0.019939759410643663,-1.0,0.9285630454829509,0.8323610560222623,2285.85009765625
2025-03-20,2300.25,2369.60009765625,2294.5,2305.85009765625,2201.65234375,637186,0.008749480125799458,0.036313811849167266,-0.10589575551535169,2340.5375,2618.1369970703126,2352.5282715536428,43.42683149858197,-113.32039883310517,-127.58789821864156,14.267499385536382,0.02223069227986917,0.1571566590635034,0.9851797280138643,0.8807217117501831,2429.949951171875
2025-03-21,2280.0,2438.0,2240.39990234375,2429.949951171875,2320.144287109375,1232731,0.053819566866798674,0.10194320512596255,-0.06943036814863568,2331.4724975585937,2609.2969970703125,2359.9017648506174,67.18397305450961,-93.61302847173101,-120.79292426925944,27.17989579752843,0.025634771255815057,0.9346485955435304,1.0422383080720026,0.9312661432946091,2482.949951171875
2025-03-24,2436.25,2508.0,2405.39990234375,2482.949951171875,2370.749267578125,433340,0.021811148815818138,0.12851104730249685,-0.05850793395701015,2323.7574951171873,2600.65599609375,2371.620639738356,69.20293649757195,-72.87804567040666,-111.2099485494889,38.331902879082236,0.026089930686764833,-0.6484715643558895,1.0685064841702252,0.9547398636733684,2534.39990234375
2025-03-25,2513.300048828125,2559.800048828125,2475.050048828125,2534.39990234375,2419.874267578125,966857,0.020721300140420507,0.15189526342543225,-0.012911197777626726,2322.099987792969,2595.793994140625,2387.123426653156,74.01934216113523,-51.69790012665044,-99.30753886492121,47.609638738270775,0.025961623441957758,1.2311741357825263,1.0914258282015499,0.9763486270730817,2515.14990234375
2025-03-26,2530.0,2572.300048828125,2505.10009765625,2515.14990234375,2401.494140625,781651,-0.007595486403782603,0.10031270419814842,0.010953013010824408,2323.4624877929687,2590.4919921875,2399.3164243379747,68.60525653824342,-36.05023167924492,-86.65607742778596,50.60584574854104,0.02501520136568678,-0.19155469733373187,1.0825007571922811,0.9709159147872415,2528.199951171875
2025-03-27,2497.0,2539.5,2488.0,2528.199951171875,2413.954345703125,458236,0.005188576957565916,0.09642858126017373,0.03069837817522658,2327.227490234375,2585.4609912109377,2411.591045941203,67.30839875310366,-22.338803995652142,-73.7926227413592,51.45381874570705,0.024780608874569964,-0.41375882586985757,1.0863570328989454,0.9778526768596715,2500.199951171875
2025-03-28,2518.0,2559.0,2477.10009765625,2500.199951171875,2387.2197265625,390216,-0.0110750733884879,0.02891006045870248,0.052095629488128514,2333.4174926757814,2579.0369921875,2420.029989296505,68.95163797363142,-13.575277417388406,-61.749153676565044,48.17387625917664,0.023758285919708216,-0.1484387957297113,1.0714756184950172,0.9694315974317389,2446.75
2025-04-01,2402.0,2497.14990234375,2402.0,2446.75,2336.18505859375,379487,-0.02137827062464437,-0.014579412345701814,0.08877516965179666,2343.3924926757813,2571.6279931640624,2422.5747522206475,66.87714124558148,-10.818376318015908,-51.56299820485522,40.74462188683931,0.020504768763845296,-0.02749502839453022,1.044105930887489,0.9514401019525317,2474.39990234375
2025-04-02,2461.0,2502.949951171875,2437.35009765625,2474.39990234375,2362.58544921875,294985,0.011300665104219787,-0.023674243336465395,0.09225744195705654,2353.842492675781,2565.0109912109374,2427.5104808038004,67.76319970063263,-6.329434513957494,-42.516285466675676,36.18685095271818,0.020547338692742122,-0.22267429450811227,1.0512172798490533,0.9646741908016503,2374.050048828125
2025-04-03,2390.050048828125,2418.449951171875,2354.0,2374.050048828125,2266.7705078125,556470,-0.0405552285305919,-0.056099977732595896,0.05673014583451508,2360.214990234375,2557.0209912109376,2422.4190110918316,62.40013718692043,-10.745443528958731,-36.16211707913229,25.416673550173556,0.022761405633897152,0.8864349034696679,1.00586177896971,0.9284437073407981,2229.199951171875
2025-04-04,2360.0,2369.949951171875,2220.0,2229.199951171875,2128.4658203125,705009,-0.061013919115879944,-0.11826596225563846,-0.03407939994207099,2356.2824829101564,2545.4259912109374,2404.0171958613596,51.65691056965267,-25.637818000140214,-34.057257263333874,8.41943926319366,0.026121405493053793,0.2669308318507737,0.9460665125425342,0.8757669477993254,2102.199951171875
2025-04-07,2063.5,2120.949951171875,2044.550048828125,2102.199951171875,2007.2047119140625,573919,-0.05697111196025151,-0.15918726812767614,-0.10277424192408235,2344.24248046875,2529.0909912109373,2375.272696367123,44.220333653171636,-47.144518021719705,-36.674709415011044,-10.46980860670866,0.02857508148071735,-0.18594088869787473,0.8967502161941556,0.8312077179023656,2168.89990234375
2025-04-08,2155.5,2215.64990234375,2128.75,2168.89990234375,2070.890625,645228,0.031728642717688604,-0.11355884240574232,-0.05792164085405582,2337.5749755859374,2512.28298828125,2355.6181445553734,48.28867921354929,-58.13644338079348,-40.967056208167534,-17.169387172625946,0.029549786752765324,0.12424924074651655,0.9278418553398882,0.8633183094662351,2117.60009765625
2025-04-09,2110.0,2150.85009765625,2051.0,2117.60009765625,2021.9090576171875,1248075,-0.023652453777172733,-0.14419649966423753,-0.06507721957781454,2330.20498046875,2495.89298828125,2332.9497591364093,40.441963755709985,-70.1781192539338,-46.80926881732079,-23.36885043661301,0.02977741642597797,0.9343162417006081,0.9087612958540103,0.8484338501685906,2160.550048828125
2025-04-11,2220.0,2220.0,2145.050048828125,2160.550048828125,2062.91796875,480772,0.020282371170747382,-0.08993070727611141,-0.05149594740620489,2324.339978027344,2481.4289892578126,2316.5307391070487,41.955478299421884,-75.38652311514534,-52.52471967688571,-22.861803438259628,0.030176194199296943,-0.6147891753300082,0.9295327143414593,0.8706878408293032,2269.699951171875
2025-04-15,2202.89990234375,2278.0,2185.0,2269.699951171875,2167.1357421875,747484,0.05051949729327143,0.018167953026694272,0.020066920457481707,2326.572473144531,2466.63798828125,2312.070664065604,40.97843237507766,-69.90096101756035,-55.999967945020636,-13.900993072539713,0.031928912369354516,0.5547577645952759,0.9755552330180418,0.9201593269685265,2267.10009765625
2025-04-16,2270.10009765625,2283.5,2235.0,2267.10009765625,2164.6533203125,368946,-0.0011454613259707092,0.07844170407883944,0.02809341679976307,2329.6699829101562,2454.62798828125,2307.7877529789985,37.117275904064236,-65.01395952904568,-57.80276626182565,-7.211193267220025,0.031842405823551315,-0.5064161908482322,0.9731421678980704,0.9236023171249227,2273.699951171875
2025-04-17,2253.0,2284.5,2191.10009765625,2273.699951171875,2170.955078125,868626,0.0029111434128770153,0.04831944928158105,0.03340605473645808,2333.3449829101564,2442.74298828125,2304.5412956640344,33.560333957875,-59.91772834415906,-58.22575867829234,-1.691969665866722,0.031828200038560565,1.354344538225106,0.9744379711636588,0.9307978621081557,2380.699951171875
2025-04-21,2273.699951171875,2418.5,2260.199951171875,2380.699951171875,2273.119873046875,1063680,0.04705985939123214,0.12424435274952184,0.08203799836640391,2342.369982910156,2434.3869873046874,2311.7945009504956,42.36642946113249,-46.706518973160655,-55.921910737266,9.215391764105348,0.03336496704270606,0.22455464146824977,1.016363754889865,0.9779463838687974,2401.800048828125
2025-04-22,2381.699951171875,2428.60009765625,2352.0,2401.800048828125,2293.266357421875,610522,0.008862980673336684,0.11166137999480874,0.050725089668286705,2348.16748046875,2426.06798828125,2320.366457891222,42.888488046521644,-34.14038966463568,-51.56560652273994,17.425216858104264,0.03239446517703251,-0.42602850481347776,1.0228401801853881,0.9899970076805977,2507.300048828125
2025-04-23,2459.0,2523.89990234375,2435.39990234375,2507.300048828125,2393.9990234375,1447072,0.043925388398370346,0.1046834836179884,0.08736472131325268,2358.2399780273436,2420.104990234375,2338.16965702807,50.36742410459799,-15.490112973743635,-44.350507812940684,28.86039483919705,0.033654677139994565,1.3702208929407949,1.0632081858460687,1.0360294528318401,2468.10009765625
2025-04-24,2529.800048828125,2539.0,2447.10009765625,2468.10009765625,2356.570556640625,823663,-0.015634327925848512,0.08865951715488696,0.015699972119169292,2360.1474853515624,2412.628994140625,2350.5439847069442,51.1213884751271,-3.8286089592779717,-36.24612804220815,32.41751908293018,0.03185893062890759,-0.43080717476393715,1.0457397738805323,1.0229919741702282,2538.60009765625
2025-04-25,2502.0,2571.60009765625,2440.0,2538.60009765625,2423.884765625,3212180,0.028564481670313224,0.1165062023016028,0.022412915112570042,2362.9299926757812,2406.887998046875,2368.4540907021164,53.22679128612722,10.97545953022427,-26.801810527721667,37.77727005794594,0.032122857445790735,2.8998716708168266,1.0743441851959143,1.054722986576964,2503.39990234375
2025-04-28,2532.0,2532.39990234375,2424.0,2503.39990234375,2390.275146484375,1011111,-0.013865986747971237,0.051539443730184153,-0.012231692390507143,2361.379992675781,2399.58599609375,2381.306072763224,56.95691395001634,19.64101943832202,-17.51324453451293,37.15426397283495,0.031970044166130654,-0.6852259213369114,1.0601427597881188,1.0432632572531249,2511.89990234375
2025-04-29,2503.39990234375,2539.89990234375,2471.5,2511.89990234375,2398.390869140625,669660,0.0033953824125509957,0.04584055761400463,-0.0012921695032854785,2361.217492675781,2394.0849951171876,2393.743580342322,67.81798233803323,26.88450917328919,-8.633693792952505,35.518202966241695,0.03192934944649719,-0.3376988283185526,1.063815557073996,1.049210828966745,2469.0
2025-04-30,2503.199951171875,2548.5,2454.0,2469.0,2357.4296875,664812,-0.017078667149006188,-0.015275415021040573,-0.023415850136550564,2358.2574951171873,2389.1929931640625,2400.910858404958,75.86014711101762,28.831017363596857,-1.1407515616426318,29.971768925239488,0.03214192317815944,-0.007239494668936475,1.0469594627016374,1.03340333203064,2457.800048828125
2025-05-02,2464.0,2521.60009765625,2447.0,2457.800048828125,2346.73583984375,316115,-0.004536229717243878,-0.004173270297224252,-0.016958604580356362,2356.1375,2385.0169921875,2406.3288765404977,72.0973216963399,29.134057392279374,4.914210229141769,24.219847163137604,0.0320639002877356,-0.5245046719974971,1.0431479694322277,1.0305167874606502,2456.10009765625
2025-05-05,2469.89990234375,2507.5,2446.10009765625,2456.10009765625,2345.11279296875,267130,-0.0006916556017995124,-0.03249822611925668,0.003821435641667481,2356.6050048828124,2382.0999951171875,2411.068992837236,78.01690273812719,28.903861225629953,9.712140428439406,19.19172079719055,0.031681718032682604,-0.15495942932160767,1.0422196730327258,1.0310650697664865,2357.699951171875
2025-05-06,2463.0,2480.0,2352.0,2357.699951171875,2251.1591796875,556788,-0.04006357337727151,-0.058200829613944904,-0.04716293072164157,2350.7700073242186,2378.168994140625,2405.9862269643445,64.94579339896562,20.5445350367595,11.878619350103424,8.665915686656074,0.03283549121793933,1.0843334705948413,1.0029479463435662,0.9913929401067872,2402.199951171875
2025-05-07,2340.0,2407.5,2330.10009765625,2402.199951171875,2293.648193359375,435576,0.018874327065189878,-0.04367210296458013,0.01185733315000892,2352.1775024414064,2374.3859912109374,2405.6256292698235,61.136327260937904,17.31093719605724,12.965082919294188,4.345854276763051,0.0318266092826396,-0.21769865729864868,1.0212664429782823,1.011714169500618,2374.89990234375
2025-05-08,2407.0,2427.89990234375,2362.60009765625,2374.89990234375,2267.581787109375,430111,-0.011364603023493958,-0.0381126357457473,0.06535974984894533,2359.4625,2370.304990234375,2402.699369562579,58.699143616606285,12.402434283906587,12.852553192216668,-0.45011890831008117,0.028490377656943656,-0.012546604955277596,1.0065427623213974,1.0019385320152072,2387.300048828125
2025-05-09,2350.5,2394.0,2311.10009765625,2387.300048828125,2279.421630859375,344612,0.005221334369561292,-0.02868418854235688,0.13561987645243767,2373.7175048828126,2365.8259912109374,2401.2327675878687,59.08218953482925,9.40458831121532,12.1629602160164,-2.758371904801079,0.024674915641697673,-0.19878356982267364,1.0057220557700621,1.009076769676622,2532.39990234375
2025-05-12,2440.0,2550.0,2415.0,2532.39990234375,2417.964599609375,691719,0.060779898021973144,0.03106542960537717,0.1675964850232119,2391.8925048828123,2363.7289892578124,2413.7248756598574,61.431793168995654,18.523590883018187,13.435086349416759,5.088504533601428,0.026975796986300874,1.0072400264645456,1.058743190663504,1.071357974561584,2490.60009765625
2025-05-13,2532.10009765625,2532.10009765625,2484.0,2490.60009765625,2378.0537109375,284561,-0.016506004698868426,0.05636855801702767,0.17614279505031893,2410.5425048828124,2362.189990234375,2421.0463253738,56.489334636463454,22.1225561606916,15.17258031167173,6.9499758490198715,0.026577198851875875,-0.5886176323044473,1.033211442076326,1.0543606178811784,2571.60009765625
2025-05-14,2475.0,2582.5,2473.10009765625,2571.60009765625,2455.3935546875,626343,0.03252228251184297,0.07051875361238591,0.19025250030707563,2431.095007324219,2363.863994140625,2435.38477987689,54.873431376939166,31.151687860741276,18.36840182148564,12.783286039255636,0.027000932790321574,1.2010851803304035,1.0577949812363268,1.0878798881959988,2624.300048828125
2025-05-15,2580.0,2630.0,2556.699951171875,2624.300048828125,2505.7119140625,642884,0.020493058473557202,0.10501501399627244,0.15623214754583103,2448.8250122070312,2367.2919970703124,2453.376710253198,61.6013044044321,42.07477361254587,23.109676179697686,18.965097432848182,0.0253609254661668,0.026408852657409776,1.0716568296004723,1.1085662656215953,2600.39990234375
2025-05-16,2630.0,2643.10009765625,2580.0,2600.39990234375,2482.891845703125,412947,-0.009107246137897818,0.08926395893144279,0.147015919161253,2465.4900024414064,2371.7719970703124,2467.3789190237267,54.931359324604124,48.246697788424626,28.137080501443076,20.10961728698155,0.025566851180035415,-0.3576648353357682,1.054719305196432,1.0963953978526797,2534.5
2025-05-19,2600.0,2600.0,2531.0,2534.5,2419.969970703125,377534,-0.025342218435077668,0.0008292914773477822,0.11470293109418739,2478.5300048828126,2377.5169970703123,2473.771402926229,52.36574675927645,47.275458733120104,31.964756147778484,15.31070258534162,0.02657623581984743,-0.08575676781766184,1.022581931631622,1.066028130660319,2532.39990234375
2025-05-20,2552.0,2594.39990234375,2524.199951171875,2532.39990234375,2417.964599609375,562623,-0.000828604322844706,0.016783025394897955,0.06372073519689136,2486.1150024414064,2382.8569970703124,2479.3550695374215,51.574742900266536,45.80823562908472,34.73345204403974,11.074783585044983,0.024755832097755216,0.49025783108276344,1.0186173607644422,1.0627578178032917,2557.60009765625
2025-05-21,2544.0,2568.60009765625,2510.0,2557.60009765625,2442.026123046875,497535,0.009951112100887727,-0.005444081298938919,0.0648680346659758,2493.9050048828126,2389.0769970703127,2486.80697697731,56.996215281687,46.146942673597096,37.01615016995121,9.130792503645885,0.024769705915659534,-0.11568670317423924,1.0255403043214273,1.0705389992840726,2543.699951171875
2025-05-22,2545.10009765625,2554.89990234375,2501.0,2543.699951171875,2428.754150390625,398695,-0.005434839675331982,-0.030712988666155683,0.014517569351447435,2495.725,2393.793994140625,2492.225355472031,56.75419480866513,44.77757676187139,38.56843548833525,6.20914127353614,0.02291247581032222,-0.19865939079662742,1.0192228515448918,1.0626227475706682,2541.39990234375
2025-05-23,2545.699951171875,2594.199951171875,2535.199951171875,2541.39990234375,2426.557861328125,493482,-0.000904213890111305,-0.022688817957123852,0.029698878403313866,2499.389990234375,2397.7619921875,2496.90864565029,56.700686508335295,43.010946277655876,39.45693764619938,3.5540086314564974,0.022585144489923745,0.23774313698441163,1.0168080660775294,1.0599049908307239,2546.0
2025-05-26,2554.0,2556.199951171875,2524.800048828125,2546.0,2430.9501953125,293829,0.0018100644656544596,0.0045373840994278325,0.00291495393488006,2499.7599853515626,2402.6369921875,2501.584012731215,67.34843342101155,41.50364019818335,39.866278156596174,1.6373620415871741,0.02168484415289676,-0.4045801062652741,1.0184977817548089,1.0596690254410734,2537.800048828125
2025-05-27,2546.10009765625,2553.699951171875,2514.199951171875,2537.800048828125,2423.120849609375,396746,-0.003220719234829139,0.0021324224816852144,0.013741370866144242,2501.4799926757814,2408.0929931640626,2505.033159026159,63.3886249069528,39.19559927094633,39.73214237946621,-0.5365431085198793,0.02144645968184141,0.35026154668191367,1.0145194270026892,1.053862976235663,2531.5
2025-05-28,2549.800048828125,2563.0,2522.10009765625,2531.5,2417.10546875,358982,-0.0024824843198478774,-0.010204917367718225,0.007802897574844536,2502.459997558594,2413.1659912109376,2507.553810547477,66.13102303591188,36.43806360353483,39.073326624279936,-2.635263020745107,0.021450715282218823,-0.09518432447964187,1.0116045820791293,1.0490368293022736,2566.39990234375
2025-05-29,2560.0,2586.199951171875,2538.800048828125,2566.39990234375,2450.42822265625,563264,0.013786254135394138,0.008923989309909341,0.039449130151377076,2507.3299926757813,2419.99298828125,2513.15820024236,67.63140400286682,36.646390391776094,38.587939377779165,-1.9415489860030704,0.021220595097259445,0.5690591728833201,1.0235588892728595,1.0604989001089968,2558.800048828125
2025-05-30,2574.89990234375,2576.5,2538.60009765625,2558.800048828125,2443.171875,466811,-0.0029612896683344214,0.006846677875578688,0.041093660181248826,2512.379992675781,2427.0659912109377,2517.505042964814,53.563733267244885,35.78573058198026,38.027497618619385,-2.241767036639125,0.02119739557137534,-0.17123941881604365,1.0184765267545794,1.0542770810905975,2491.10009765625
2025-06-02,2461.5,2503.89990234375,2386.699951171875,2491.10009765625,2378.531005859375,1782200,-0.026457694966388723,-0.021563198092596214,0.014250233544389701,2514.129992675781,2432.883994140625,2514.9902862687604,50.06308347594881,29.303043964218887,36.28260688773929,-6.979562923520405,0.022145852926399624,2.817819203060768,0.9908398153291109,1.0239288448014099,2501.39990234375
2025-06-03,2520.0,2533.699951171875,2480.699951171875,2501.39990234375,2388.365478515625,470919,0.004134641035577147,-0.014343189291521785,0.06094921073415227,2521.314990234375,2438.9079931640626,2513.695963990188,39.219874960447136,24.71171500555465,33.96842851130236,-9.256713505747712,0.019933747148590374,-0.7357653462013243,0.9921013090519192,1.0256229055605393,2503.300048828125
2025-06-04,2512.0,2550.0,2490.300048828125,2503.300048828125,2390.1796875,606388,0.0007596332288151153,-0.011139621241112008,0.04208646228925694,2526.3699951171875,2443.2569921875,2512.705876831896,27.984011826770512,20.984483603581793,31.37163952975825,-10.387155926176458,0.019590164812725262,0.28766942934984563,0.9908683421930871,1.0245750065722177,2529.800048828125
2025-06-05,2510.0,2542.5,2467.10009765625,2529.800048828125,2415.482421875,362691,0.010586026238606605,-0.014261165410036192,0.0652238632590394,2534.1150024414064,2447.7359912109373,2514.3338932124893,37.274726706101134,19.93910876039945,29.085133375886493,-9.146024615487043,0.01940169534307681,-0.40188295282888187,0.9982972542251933,1.033526515078364,2545.199951171875
2025-06-06,2539.0,2562.0,2506.300048828125,2545.199951171875,2430.186279296875,801312,0.006087399022260076,-0.005315029465658538,0.06614162405821578,2542.0099975585936,2450.0409912109376,2517.2735177800496,52.35785461967779,20.121338813699367,27.29237446344907,-7.1710356497497045,0.01940708121990406,1.2093517622438936,1.0012548942043284,1.038839741988931,2603.0
2025-06-09,2560.10009765625,2632.300048828125,2553.60009765625,2603.0,2485.37451171875,691277,0.022709433418585556,0.044919873934022636,0.027878731787546407,2545.540002441406,2452.4419921875,2525.43794465814,62.491166535640545,24.645638747004796,26.763027320160216,-2.11738857315542,0.014801706126412005,-0.1373185475819656,1.0225728126462301,1.061391057685408,2671.39990234375
2025-06-10,2616.300048828125,2685.0,2605.10009765625,2671.39990234375,2550.68359375,1221722,0.026277334745966163,0.0679619439661423,0.0725928682238628,2554.5799926757813,2455.1819921875,2539.3390834853412,67.46468276686879,33.36585866807627,28.08359358974343,5.282265078332841,0.015152963004386413,0.767340733164853,1.0457295954727988,1.0880659400583197,2679.89990234375
2025-06-11,2675.0,2703.199951171875,2655.0,2679.89990234375,2558.799560546875,844643,0.003181852328639545,0.0705468182283211,0.042113781526997185,2559.994982910156,2458.4769921875,2552.725828138523,71.25469670219307,40.49576477526216,30.566027826847176,9.929736948414984,0.013542089761746055,-0.30864550200454766,1.0468379509467975,1.0900650731570332,2664.300048828125
2025-06-12,2679.89990234375,2701.0,2646.0,2664.300048828125,2543.904296875,804368,-0.005821058279819269,0.05316625717605783,0.015242159530447719,2561.994982910156,2461.198994140625,2563.3519443946752,68.41479537002692,44.37595059274872,33.32801238002749,11.047938212721235,0.012930833652865653,-0.04768286719951509,1.0399317979154514,1.0825211838502382,2644.199951171875
2025-06-13,2635.0,2684.60009765625,2592.10009765625,2644.199951171875,2524.712646484375,267645,-0.007544231988844796,0.03889674756374961,0.01684358193855018,2564.1849853515623,2464.078994140625,2571.0517545639323,64.06072483030033,45.30684678381067,35.72377926078413,9.583067523026543,0.012872165370923333,-0.6672605076283492,1.031204833612791,1.0730986942624658,2707.39990234375
2025-06-16,2644.89990234375,2718.10009765625,2621.0,2707.39990234375,2585.056640625,389765,0.023901351009353755,0.04010753067374173,0.06821854501627533,2572.82998046875,2469.2919921875,2584.0372924477247,70.97972277136822,50.561455610646135,38.69131453075653,11.870141079889606,0.012281589844025293,0.4562760372881989,1.0523042419812298,1.096427603908161,2693.39990234375
2025-06-17,2720.0,2725.0,2667.199951171875,2693.39990234375,2571.689208984375,439638,-0.005171012966307842,0.00823538249765532,0.06357605678747413,2580.87998046875,2473.6719921875,2594.452779104489,69.6528444586697,52.98530633696282,41.550112891997784,11.435193444965037,0.012397677557787192,0.12795658922684172,1.0435975026837798,1.0888266151899717,2687.39990234375
2025-06-18,2691.0,2709.800048828125,2671.199951171875,2687.39990234375,2565.96044921875,262836,-0.0022276677127591737,0.002798611990485478,0.05075062548146092,2587.369970703125,2479.9389892578124,2603.3048860796566,65.79636478608026,53.80188105032221,44.00046652366267,9.801414526659535,0.012345513225601866,-0.4021535899990447,1.038660853597772,1.0836556520078044,2648.300048828125
2025-06-19,2696.199951171875,2704.0,2625.10009765625,2648.300048828125,2528.62744140625,369450,-0.014549324602388003,-0.006005329620076938,0.04112124058030542,2592.5999755859375,2488.3209912109373,2607.590139674749,60.79615264549797,50.70944408033665,45.34226203499747,5.3671820453391845,0.012815093453928965,0.40562936584029585,1.0214842527835784,1.0642919696382636,2696.10009765625
2025-06-20,2651.199951171875,2705.89990234375,2647.199951171875,2696.10009765625,2574.267578125,418896,0.018049332759434433,0.019627920521431585,0.06087203952822651,2600.3349853515624,2500.198994140625,2616.019659482511,75.97569728017423,51.521818508029355,46.57817332960385,4.9436451784255055,0.01327423346269783,0.13383678440925695,1.0368279905643543,1.0783542045952068,2673.199951171875
2025-06-23,2690.39990234375,2697.699951171875,2650.0,2673.199951171875,2552.402099609375,303383,-0.008493804256111348,-0.012632027925489897,0.04996070352391002,2606.6949829101563,2510.2849951171875,2621.4654015481647,71.09529339747021,49.74435865623673,47.211410394930425,2.532948261306302,0.013522217414714746,-0.27575579618807533,1.0255131377847175,1.06489898811154,2682.800048828125
2025-06-24,2701.0,2728.10009765625,2677.300048828125,2682.800048828125,2561.568359375,327260,0.0035912381533755866,-0.0039354919061225235,0.05713610103639022,2613.9449829101563,2521.588994140625,2627.3067965272085,71.63172357790553,48.55069438417786,47.479267192779915,1.0714271913979445,0.013455443813955713,0.07870249816238872,1.0263414365520849,1.063932328013052,2752.60009765625
2025-06-25,2700.0,2763.300048828125,2688.10009765625,2752.60009765625,2628.21435546875,509014,0.026017611285870768,0.02426144142359954,0.08733956059895309,2624.9999877929686,2533.4299951171874,2639.2394918728314,74.3125351997856,52.63029813014464,48.50947338025286,4.120824749891781,0.014339136822225724,0.555381042596101,1.0486095658882515,1.0865112132411319,2802.5
2025-06-26,2762.0,2809.0,2740.800048828125,2802.5,2675.859375,551408,0.018128278926618613,0.058226012282901474,0.09199661262480285,2636.8049926757812,2544.08599609375,2654.7881116944664,76.11123141134306,59.207412384405416,50.64906118108337,8.558351203322047,0.014522139519250665,0.08328651078359339,1.0628393103716307,1.1015743981543962,2800.0
2025-06-27,2810.0,2883.0,2792.0,2800.0,2673.472412109375,967905,-0.000892060660124927,0.038537108631119255,0.09426291486993654,2648.864990234375,2554.743994140625,2668.617815342612,72.51943804106966,63.48626358208094,53.216501661282884,10.269761920798054,0.014473399551047922,0.7553336186634942,1.057056516780892,1.09600022797661,2845.39990234375
2025-06-30,2813.89990234375,2871.0,2802.5,2845.39990234375,2716.82080078125,412320,0.016214250837053523,0.06441716082494553,0.1422262417398814,2666.57998046875,2566.1779931640626,2685.4542045808157,70.9942134416413,69.73679432469453,56.52056019396522,13.216234130729312,0.012686984073817742,-0.5740077796891223,1.0670596506329302,1.1088084731158536,2881.5
2025-07-01,2845.39990234375,2888.60009765625,2845.39990234375,2881.5,2751.28955078125,451128,0.012687178918687092,0.07406439076914029,0.15195495022611372,2685.5849853515624,2576.193994140625,2704.1252327159764,72.8054409113405,76.71899236257195,60.56024662768657,16.158745734885386,0.012738330901262604,0.09412107101280554,1.0729505920375075,1.118510487391001,2888.5
2025-07-02,2885.0,2932.0,2875.0,2888.5,2757.97314453125,741113,0.0024292903001907895,0.049371466076552295,0.15387686000813194,2704.8449829101564,2585.9279931640626,2721.684734362074,75.8652371244593,81.87348948783074,64.8228951997154,17.050594288115335,0.012699488648200925,0.6427998262134029,1.067898536977246,1.1170071276678202,2882.800048828125
2025-07-03,2899.89990234375,2912.89990234375,2880.0,2882.800048828125,2752.53076171875,196536,-0.0019733256610264815,0.028653005826271283,0.13953671957731184,2722.494982910156,2593.4379931640624,2737.0290500255073,78.47256535277447,84.52418498265297,68.76315315630292,15.761031826350049,0.012836050703633788,-0.7348096713996382,1.0588816754206152,1.1115746959930333,2924.199951171875
2025-07-04,2902.5,2927.89990234375,2882.89990234375,2924.199951171875,2792.06005859375,221365,0.01436100376111038,0.04435712541852688,0.14890775077435414,2741.4449829101563,2602.559990234375,2754.854850134685,77.29104676227817,88.94025844923544,72.79857421488943,16.141684234346016,0.012950450963993656,0.12633308910326857,1.066663737335964,1.1235859930777365,2874.60009765625
2025-07-07,2950.0,2950.39990234375,2865.10009765625,2874.60009765625,2744.701416015625,341950,-0.016961854299924917,0.010262246543428777,0.1043411823496927,2755.0249877929687,2609.279990234375,2766.259159422453,70.93348857254387,87.42989739816903,75.72483885154536,11.705058546623675,0.013453109462230035,0.5447338106746775,1.0434025500288011,1.1016832645077859,2909.60009765625
2025-07-08,2879.89990234375,2937.0,2863.199951171875,2909.60009765625,2778.11962890625,450522,0.012175606627348401,0.009751899238677808,0.08916680542793887,2766.9349975585938,2617.403994140625,2779.9106773494814,74.05806510278441,88.04223677527489,78.18831843629127,9.853918338983618,0.012626740082752285,0.3175084076619388,1.0515606981094738,1.1116358438245457,2863.89990234375
2025-07-09,2858.0,2875.0,2830.800048828125,2863.89990234375,2789.12451171875,444794,-0.01570669294014415,-0.008516564880128086,0.06865928083324291,2776.1349975585936,2624.443994140625,2787.9096511584594,73.01449467232575,83.87305988881599,79.32526672679622,4.547793162019772,0.013401724441682127,-0.01271414048592523,1.0316140623068903,1.0912406241999213,2861.10009765625
2025-07-10,2840.0,2871.10009765625,2814.0,2861.10009765625,2786.397705078125,406584,-0.000977619603677038,-0.0075273868476227745,0.07386557265375804,2785.975,2632.28599609375,2794.8801698725347,69.48512494767178,79.42744617206017,79.345702615849,0.08174355621116547,0.013269230597623773,-0.0859049357680185,1.0269654600835434,1.0869260034441754,2838.800048828125
2025-07-11,2834.0,2882.89990234375,2816.0,2838.800048828125,2764.679931640625,509645,-0.007794221826210368,-0.02920453586271554,0.07359507648807195,2795.7050048828123,2639.90599609375,2799.063015487353,69.58374812621406,73.26033812652258,78.12862971798373,-4.868291591461144,0.01328044631004464,0.2534802156503946,1.015414732194579,1.0753413390585411,2829.5
2025-07-14,2828.0,2846.89990234375,2784.5,2829.5,2755.622802734375,371224,-0.003276049270171111,-0.015689172797642925,0.045098656297708484,2801.810009765625,2647.373994140625,2801.9617759171288,67.36095099907024,66.8517984335981,75.8732634611066,-9.021465027508498,0.012463492390909934,-0.271602782328876,1.0098828936072974,1.0687949667340053,2884.800048828125
2025-07-15,2829.5,2889.60009765625,2819.0,2884.800048828125,2809.47900390625,348866,0.01954410631847492,-0.008523524881684619,0.07106265442343784,2811.380017089844,2657.91599609375,2809.8511352419855,66.20098410272581,65.48041882647203,73.7946945341797,-8.314275707707665,0.012903181146697314,-0.06022778699653042,1.026115299707608,1.0853616341027403,2876.800048828125
2025-07-16,2884.0,2911.0,2857.89990234375,2876.800048828125,2801.687744140625,305648,-0.0027731558044203908,0.004504398520988051,0.07047709807505553,2820.8500244140623,2667.407998046875,2816.2272222501892,60.14751141179491,63.02158387699819,71.6400724027434,-8.618488525745207,0.012916533373310989,-0.12388137565712909,1.0198344555470242,1.0785001960459633,2844.0
2025-07-17,2890.89990234375,2898.800048828125,2829.39990234375,2844.0,2769.744140625,333929,-0.011401574065422526,-0.005976756168110997,0.07389644208120316,2830.6350219726564,2676.79,2818.872248702552,55.54995091318717,57.76042343881909,68.86414260995855,-11.10371917113946,0.012702561385065215,0.09252800607234457,1.0047215476116131,1.0624666111275072,2832.699951171875
2025-07-18,2857.0,2862.0,2800.199951171875,2832.699951171875,2758.7392578125,217302,-0.0039732942433632346,-0.002148829629183724,0.05066572032483996,2837.4650146484373,2685.697998046875,2820.1891727472494,48.247315834906246,52.0787648022324,65.50706704841332,-13.42830224618092,0.012337693087027564,-0.3492568779590871,0.9983206617695857,1.0547351017247302,2802.89990234375
2025-07-21,2832.60009765625,2832.60009765625,2781.199951171875,2802.89990234375,2729.71728515625,194145,-0.01052001600656538,-0.009400988745803196,0.04851861197850815,2843.9500122070312,2691.107998046875,2818.542575565964,38.96066044153792,44.65662078098467,61.33697779492759,-16.680357013942924,0.01244100596378532,-0.10656597730347628,0.9855658117452548,1.0415412181071924,2777.199951171875
2025-07-22,2809.800048828125,2814.89990234375,2770.0,2777.199951171875,2704.688232421875,119617,-0.009169057785611612,-0.037298979421454104,0.03518708089519573,2848.6700073242187,2696.8399951171873,2814.605182766527,35.148110043778516,36.28250476451876,56.32608318884583,-20.043578424327066,0.01270355010319687,-0.3838780293079914,0.9749110792164108,1.029797821227876,2736.39990234375
2025-07-23,2798.0,2798.0,2708.39990234375,2736.39990234375,2664.95361328125,406908,-0.014691073579671143,-0.0488042770096474,-0.005885415511789671,2847.859997558594,2700.1359912109374,2807.1570608215006,32.137612366930554,26.053407070007324,50.27154796507813,-24.218140895070803,0.011853025168553332,2.4017572753036776,0.960861806651171,1.0134304017467466,2653.5
2025-07-24,2750.0,2750.0,2626.199951171875,2653.5,2584.218017578125,654406,-0.030295243861376275,-0.06698312236286919,-0.05316681534344336,2840.4099975585937,2700.719990234375,2792.523055028977,20.00887193843741,11.129154192810802,42.443069210624664,-31.313915017813862,0.012812790540072753,0.6082406833977214,0.9341961203772527,0.9825157771242041,2625.0
2025-07-25,2621.0,2792.0,2604.0,2625.0,2556.462158203125,1931951,-0.01074053137365738,-0.07332225606384835,-0.0625,2831.6599975585937,2701.2119921875,2776.5684783595507,20.990238919471082,-2.963968764454421,33.361661615608845,-36.32563038006327,0.012930395155596455,1.9522207925966448,0.9270180750030822,0.9717860010958334,2703.800048828125
2025-07-28,2690.0,2750.300048828125,2661.5,2703.800048828125,2633.204833984375,1505713,0.0300190662202382,-0.03535618715201316,-0.049764482454290326,2824.5800048828123,2704.5979931640627,2769.6381517375103,28.291145271323018,-7.685768112040478,25.152175670078982,-32.83794378211946,0.01431262530136985,-0.22062567839453484,0.9572396760417844,0.9997049674894551,2774.300048828125
2025-07-29,2703.800048828125,2782.0,2687.0,2774.300048828125,2701.864013671875,633100,0.026074413317122236,-0.0010441820519715428,-0.03720282879468162,2819.220007324219,2709.43599609375,2770.0821419366166,41.01845982913095,-5.673664830382222,18.98700756998674,-24.660672400368963,0.015334465533383017,-0.579534745333274,0.9840665296147894,1.0239400572030086,2806.60009765625
2025-07-30,2782.0,2857.0,2772.0,2806.60009765625,2733.32080078125,867993,0.01164259390103406,0.025654216422231535,-0.02835378305132419,2815.1250122070314,2714.41599609375,2773.5600424813438,44.84194872448956,-1.4559314145271856,14.898419773083956,-16.354351187611144,0.015603678306943118,0.37102037592797354,0.996971745654699,1.0339609336576119,2790.199951171875
2025-07-31,2791.39990234375,2818.39990234375,2747.39990234375,2790.199951171875,2717.348876953125,537398,-0.00584342119066783,0.05151684611715668,-0.03212158182593772,2810.495007324219,2719.34599609375,2775.144795689966,45.348386168116676,0.5568785953173574,12.030111537530637,-11.47323294221328,0.015636145863523708,-0.3808728872237449,0.9927788321632116,1.0260555130461164,2757.39990234375
2025-08-01,2790.89990234375,2799.89990234375,2735.699951171875,2757.39990234375,2685.4052734375,604083,-0.011755447423884124,0.05043805803571422,-0.05704125969952223,2802.1550048828126,2723.66599609375,2773.4548058474693,43.39622219598499,-0.48900781169504626,9.5262876676855,-10.015295479380546,0.01532797508891722,0.12408866426745169,0.9840283273191255,1.0123854783583526,2747.300048828125
2025-08-04,2674.699951171875,2775.0,2642.699951171875,2747.300048828125,2675.569091796875,506319,-0.003662817825967224,0.016088467791415928,-0.04428443766210011,2795.790002441406,2727.6919970703125,2770.963876607532,36.26922844376137,-2.108548065595187,7.199320521029363,-9.30786858662455,0.01496644646357994,-0.16183868772999732,0.9826560816188135,1.0071885138713874,2705.199951171875
2025-08-05,2746.89990234375,2746.89990234375,2694.0,2705.199951171875,2634.568115234375,228414,-0.015324171698758549,-0.02490721855606004,-0.0702502542012643,2785.5699951171873,2731.0399951171876,2764.7006456136596,33.95661895549138,-6.711801945752995,4.4170960276728914,-11.128897973425886,0.01484317599476031,-0.5488733387449414,0.9711477205433026,0.9905383868447508,2654.10009765625
2025-08-06,2709.0,2716.5,2646.10009765625,2654.10009765625,2584.802490234375,168222,-0.018889492251206397,-0.05433620562022734,-0.07325668209136937,2775.0800048828123,2733.4919970703127,2754.1672600939064,32.83313426010528,-14.318193705575595,0.6700380810231938,-14.988231786598789,0.01499685148384886,-0.2635215004334235,0.9564048939080331,0.9709558690864458,2702.699951171875
2025-08-07,2647.10009765625,2707.0,2640.0,2702.699951171875,2632.133544921875,200594,0.018311236097893202,-0.03135975970584126,-0.05536337110824363,2767.1599975585937,2736.217998046875,2749.2656116251414,38.99051308410365,-16.237535758827562,-2.7114766869469578,-13.526059071880605,0.015780256546151242,0.19243618551675756,0.9767053417787225,0.9877502279062103,2695.89990234375
2025-08-08,2699.0,2704.0,2653.10009765625,2695.89990234375,2625.510986328125,302616,-0.002516020627882365,-0.02230362014146947,-0.050338221793171045,2760.014990234375,2738.9599951171876,2744.1831631221517,40.57102410856815,-18.098704672777785,-5.788922284113124,-12.309782388664662,0.015735104417932404,0.5085994596049732,0.9767700218594898,0.9842786704259274,2672.199951171875
2025-08-11,2695.89990234375,2704.89990234375,2650.0,2672.199951171875,2602.4296875,297006,-0.008791109473786807,-0.027335964882424957,-0.05559287818629621,2752.1499877929687,2742.5819921875,2737.327619126887,40.71453677611688,-21.241226796588762,-8.879383186608251,-12.361843609980511,0.01579831918578825,-0.018538345626140096,0.9709499711223195,0.9743373065176849,2717.800048828125
2025-08-12,2674.89990234375,2732.800048828125,2674.89990234375,2717.800048828125,2646.83935546875,438682,0.017064627830807533,0.004657732472156617,-0.0578896274172761,2743.7999877929688,2746.9099951171875,2735.467850527005,48.369006041003814,-19.823636889143017,-11.068233927115205,-8.755402962027812,0.015623020373267594,0.47701393237847056,0.9905241128797594,0.9894026574074843,2695.199951171875
2025-08-13,2731.5,2741.39990234375,2691.60009765625,2695.199951171875,2624.829345703125,257068,-0.008315585124076708,0.015485419540852696,-0.06312572809160844,2734.7199829101564,2750.7479931640623,2731.632812493183,54.089031103382204,-20.289935926951784,-12.91257432708252,-7.377361599869264,0.015670450521397584,-0.41399920671465895,0.985548783061794,0.9798062046649745,2720.199951171875
2025-08-14,2700.5,2746.89990234375,2698.199951171875,2720.199951171875,2649.176513671875,463745,0.009275749648604004,0.006475006591986743,-0.04353025626867968,2728.52998046875,2754.5559912109375,2730.5439685578203,59.39967650412325,-18.42974359558366,-14.01600818078275,-4.413735414800909,0.015778348412397863,0.8039779357990882,0.9969470633064313,0.9875275579263287,2698.10009765625
2025-08-18,2747.199951171875,2753.89990234375,2680.60009765625,2698.10009765625,2627.65380859375,143263,-0.008124348912698198,0.0008161264854777972,-0.04751645279618888,2721.7999877929688,2757.613994140625,2727.454076091004,49.366249522929515,-18.52525366090822,-14.917857276807844,-3.607396384100376,0.015831430990575223,-0.6910737582076356,0.991292567329337,0.9784183367901272,2742.60009765625
2025-08-19,2701.0,2750.0,2673.60009765625,2742.60009765625,2670.99169921875,176937,0.016493087131443263,0.026345388732419428,-0.021513363583579248,2718.7849975585937,2760.40599609375,2728.8965543353133,46.259150952909145,-14.839111932476953,-14.902108207941666,0.06299627546471243,0.01624135898912139,0.23505022231839345,1.0087594642897624,0.9935495363860616,2835.5
2025-08-20,2734.10009765625,2840.800048828125,2708.39990234375,2835.5,2761.466064453125,489453,0.033872930444048155,0.04330706787006844,0.020992384363079264,2721.7,2763.687998046875,2739.049263446236,52.983678917896526,-4.371184044517577,-12.795923375256848,8.424739330739271,0.017866947549782967,1.7662557859577137,1.0418121027299114,1.0259841204954667,2854.39990234375
2025-08-21,2845.0,2887.5,2815.10009765625,2854.39990234375,2779.87255859375,456237,0.006665456654470159,0.059067955645611736,0.04312235207249193,2727.6,2767.177998046875,2750.0350385793326,56.59408475017441,5.387682539504567,-9.159202192304566,14.546884731809133,0.01750230970257686,-0.06786351294199855,1.0464877189997617,1.0315201639932225,2848.60009765625
2025-08-22,2850.0,2878.0,2824.0,2848.60009765625,2774.22412109375,283753,-0.002031882317098499,0.04720246628526681,0.07352556911861696,2737.3550048828124,2770.8639990234374,2759.422187062849,59.91739135513646,12.50945760844479,-4.825470232154695,17.334927840599484,0.01579312280700677,-0.37805789534825107,1.0406396293410982,1.0280548228495552,2917.699951171875
2025-08-25,2900.0,2967.60009765625,2900.0,2917.699951171875,2841.519775390625,1159563,0.02425747775985765,0.08139055096821068,0.11150474330357141,2751.9900024414064,2776.3339990234376,2774.496259835137,66.4225257199758,23.458877015744747,0.8313992174251936,22.627477798319553,0.01604907681404005,3.0865224332429966,1.0602145896545627,1.0509182080391488,2873.199951171875
2025-08-26,2900.0,2930.0,2865.39990234375,2873.199951171875,2798.181640625,757495,-0.015251739639001172,0.04761899251270063,0.06265252580980274,2760.459997558594,2779.65,2783.896611391017,66.11667803368134,28.220286784817745,6.309176730903705,21.91111005391404,0.015582919254698185,-0.346740970520791,1.0408410024825538,1.0336552987505172,2831.800048828125
2025-08-28,2880.0,2880.0,2822.5,2831.800048828125,2757.86279296875,393518,-0.014408987556492336,-0.0013048672798007255,0.020725948523227844,2763.334997558594,2782.4180029296876,2788.4588435278843,67.37049908333775,28.32658101197012,10.712657587116988,17.613923424853134,0.01507032214007933,-0.48050086139182435,1.0247762400613825,1.0177478890110838,2788.0
2025-08-29,2840.0,2852.10009765625,2780.39990234375,2788.0,2715.206298828125,220828,-0.015467210986965907,-0.023262298421895644,-0.0066272703659430166,2762.404992675781,2784.4300048828127,2788.4151441442764,58.417223134745825,24.593028935707025,13.488731856834997,11.104297078872028,0.015292874154989006,-0.4388363429372989,1.0092654796787877,1.0012821278002777,2921.5
2025-09-01,2808.0,2932.800048828125,2808.0,2921.5,2845.220703125,682684,0.047883787661405997,0.025591483481212318,0.047057576921316846,2768.9699951171874,2789.89400390625,2801.089892321012,67.80867590398412,32.037191509168224,17.198423787301643,14.838767721866581,0.018612125009203125,2.0914739072943647,1.0550854668529397,1.0471724000659104,2902.60009765625
2025-09-02,2910.0,2947.5,2886.89990234375,2902.60009765625,2826.814208984375,309527,-0.006469246052969391,-0.005175259200165594,0.052658373995401186,2776.2300048828124,2794.02400390625,2810.757530924368,68.3264698651477,35.99673189674695,20.958085409190705,15.038646487556246,0.018436266926228802,-0.5466028206315074,1.0455185962802718,1.0388601148731016,2892.89990234375
2025-09-03,2902.60009765625,2919.0,2842.699951171875,2892.89990234375,2817.367431640625,373223,-0.0033418986378221938,0.0068564497795706725,0.05299743418187308,2783.5099975585936,2798.4180029296876,2818.58061391669,64.7713862150013,37.914911982920785,24.349450723936723,13.565461258984062,0.01843055017609407,0.2057849557550715,1.039299267788189,1.033762611345106,2861.199951171875
2025-09-04,2892.89990234375,2915.0,2850.39990234375,2861.199951171875,2786.4951171875,261264,-0.010957845843954872,0.01038205446599827,0.05766671699532666,2791.3099975585938,2801.9860009765625,2822.6395984171836,63.791973127462,36.45690982609358,26.770942544368094,9.685967281725485,0.018230023528657144,-0.29997883303011874,1.0250384062230316,1.0211328501194064,2797.39990234375
2025-09-05,2861.199951171875,2874.60009765625,2760.800048828125,2797.39990234375,2724.36083984375,614253,-0.022298353808511084,0.003371557512105383,0.05399186142754875,2798.474987792969,2802.8819970703125,2820.2358178387612,56.02560315866298,29.809674499543235,27.378688935403126,2.4309855641401086,0.018459578337148595,1.351081664523241,0.9996158316747842,0.9980441221812789,2787.10009765625
2025-09-08,2819.89990234375,2849.89990234375,2760.60009765625,2787.10009765625,2714.329833984375,338468,-0.0036819207289134903,-0.046003731762365274,0.031228085991483967,2802.6949951171873,2802.5739990234374,2817.0800349642363,57.07697970384716,23.44037836264988,26.591026820852477,-3.150648458202596,0.018138744363957012,-0.44897623617629867,0.9944357493455026,0.9944786823211165,2853.300048828125
2025-09-09,2800.0,2876.39990234375,2787.60009765625,2853.300048828125,2778.801513671875,391809,0.023752268972163648,-0.016984788523893846,0.05838501138248309,2810.5650024414062,2803.64,2820.5295600941304,58.50884518164196,23.4639700484513,25.965615466372242,-2.5016454179209404,0.018758393492543882,0.15759540045144593,1.015205144285792,1.0177127052075605,2968.39990234375
2025-09-10,2869.0,2988.39990234375,2867.300048828125,2968.39990234375,2890.89599609375,1090464,0.04033920427082238,0.026098379670458582,0.11084498038478685,2825.375,2806.1,2834.612449832189,59.878107379900236,32.39681258930341,27.251854890958477,5.144957698344932,0.02028682530330914,1.7831519949771444,1.0506215643388046,1.0578382460866504,2925.5
2025-09-11,2980.199951171875,2982.699951171875,2895.800048828125,2925.5,2849.1162109375,355515,-0.01445219773450257,0.022473105663862958,0.07642208677618956,2835.7599975585936,2806.98,2843.2684069910283,55.10263939895153,35.604069520220946,28.922297816810975,6.6817717034099715,0.020560422117190974,-0.6739782331191126,1.0316458383356373,1.0422233147368345,2904.199951171875
2025-09-12,2947.0,2949.5,2895.39990234375,2904.199951171875,2828.372314453125,270909,-0.007280823390232394,0.038178327216871866,0.07754526706232934,2846.209997558594,2807.2939990234377,2849.0714111987277,53.90339058175924,36.0119840807165,30.340235069592083,5.671749011124419,0.02052937815849989,-0.23798151976709847,1.0203744466019806,1.0345193457408264,2939.199951171875
2025-09-15,2911.60009765625,2944.0,2878.39990234375,2939.199951171875,2862.45849609375,449163,0.01205151180650521,0.05457279903349366,0.08050878756381641,2857.1599975585937,2808.4219970703125,2857.6550816723607,51.58531281413186,38.71320507163773,32.01482907000121,6.698376001636518,0.020576686468531745,0.6579847845586526,1.0287138115063152,1.046566347307487,2950.699951171875
2025-09-16,2939.800048828125,2960.0,2930.10009765625,2950.699951171875,2873.658203125,274021,0.0039126293518803035,0.03413587799283602,0.09362137962748318,2869.789990234375,2808.9519970703127,2866.5164978151715,56.00682428525149,41.30574909504776,33.873013075010526,7.4327360200372325,0.020376068260544486,-0.3899297137119486,1.0281936870686805,1.0504629321716437,2978.10009765625
2025-09-17,2960.0,3008.199951171875,2951.800048828125,2978.10009765625,2900.343017578125,580704,0.009285981949297417,0.0032678195767494866,0.08586742201360376,2881.564990234375,2811.0219970703124,2877.1435073238454,61.59087963759944,45.05199043869425,36.10880854774727,8.943181890946974,0.020219269091923658,1.1191952441601192,1.0335009301365865,1.0594367816260666,3000.60009765625
2025-09-18,2995.89990234375,3037.199951171875,2973.199951171875,3000.60009765625,2922.255615234375,451516,0.0075551523663384135,0.025670858880960434,0.058226096863428056,2889.8199951171873,2812.8419970703126,2888.9012778316933,67.43195849047538,49.268538608916515,38.74075455998112,10.527784048935395,0.019015177258556896,-0.22246790103047331,1.0383346030985472,1.0667503189946308,2993.800048828125
2025-09-19,3002.199951171875,3012.800048828125,2971.0,2993.800048828125,2915.633056640625,229066,-0.0022662296230132606,0.0308519038505235,0.04883693639770437,2896.790002441406,2815.44,2898.891636974211,57.482930112892966,51.46818312512141,41.286240273009184,10.181942852112229,0.019029514495516868,-0.49267357081476626,1.0334888087520873,1.0633506836686717,2852.39990234375
2025-09-22,2919.10009765625,2924.89990234375,2817.0,2852.39990234375,2777.9248046875,778252,-0.04723099210975157,-0.029531862503439865,0.0013339200158795084,2896.9799926757814,2815.26599609375,2894.463852723691,45.85533460886308,41.32523556926208,41.294039332259764,0.031196237002312444,0.02204769674391907,2.3975011568718188,0.984611529784555,1.0131901945683017,2766.60009765625
2025-09-23,2840.0,2840.0,2753.39990234375,2766.60009765625,2694.365234375,845283,-0.03007986524505213,-0.062391926174164,-0.05178731742273113,2889.425,2813.8219970703126,2882.286352241078,40.73640465260533,26.063110066731497,38.24785347915411,-12.184743412422613,0.022286281545143245,0.08613019947266443,0.957491576232728,0.9832178796444022,2740.89990234375
2025-09-24,2750.0,2751.800048828125,2704.300048828125,2740.89990234375,2669.3359375,518369,-0.009289450735678106,-0.07964816075160652,-0.04604623801909946,2882.8099975585938,2812.0499951171873,2868.82097606038,41.098116211234945,11.758430801167833,32.949968943556854,-21.19153814238902,0.022145037418792868,-0.3867509461328337,0.9507736911780432,0.9746981408947275,2717.39990234375
2025-09-25,2742.5,2758.39990234375,2684.5,2717.39990234375,2646.449462890625,353350,-0.008573826420988584,-0.09438118579470345,-0.04039838424740361,2877.089990234375,2808.7019921875,2854.3999214207006,43.70475194401902,-1.4575820798431778,26.06845873887685,-27.526040818720027,0.02201268429396728,-0.31834272497005034,0.9444959704310062,0.9674931373646226,2642.39990234375
2025-09-26,2717.0,2717.39990234375,2631.0,2642.39990234375,2573.40771484375,405140,-0.02759991267215134,-0.11737595722931626,-0.05222385138315999,2869.8099853515623,2804.0139892578127,2834.209443413372,39.66574952660926,-17.778303487132234,17.299106293675035,-35.07740978080727,0.022568434600633486,0.14656855808688274,0.9207577908751496,0.9423633093368269,2678.10009765625
2025-09-29,2652.0,2689.0,2634.0,2678.10009765625,2608.17578125,458764,0.01351051946408055,-0.06110637030392618,-0.08331333299460897,2857.639990234375,2800.6959912109373,2819.3418866745983,36.91757304799716,-27.51471290110976,8.336342454718075,-35.85105535582784,0.019655465595618215,0.13235918447943917,0.9371719694602259,0.9562266329728702,2654.800048828125
2025-09-30,2705.0,2710.0,2634.10009765625,2654.800048828125,2585.484130859375,504534,-0.008700215816621726,-0.04041062852663002,-0.08537174963516847,2845.2499877929686,2797.1379931640627,2803.6712354511246,22.862620110695573,-36.68808926699785,-0.6685438896251101,-36.01954537737274,0.01967560633229182,0.09976807247299257,0.933063899558234,0.9491130059783257,2691.0
2025-10-01,2655.0,2698.0,2630.0,2691.0,2620.739013671875,161664,0.013635660127343519,-0.018205663877429612,-0.0697915272423274,2835.154992675781,2794.8999951171877,2792.9406415986364,29.46946599476408,-40.569364226367725,-8.648707956973634,-31.92065626939409,0.020079720581622478,-0.6795775904101606,0.9491544578521509,0.9628251474833784,2736.89990234375
2025-10-03,2698.89990234375,2742.199951171875,2680.0,2736.89990234375,2665.4404296875,617247,0.01705681989734309,0.007175977294759273,-0.04344332830608877,2828.939990234375,2794.093994140625,2787.6034283362665,35.95770308800573,-39.486389557696384,-14.816244277118184,-24.6701452805782,0.020498858354345898,2.8180856591448933,0.9674648143091225,0.9795303622867325,2792.300048828125
2025-10-06,2736.89990234375,2796.800048828125,2720.0,2792.300048828125,2719.39404296875,276653,0.0202419337429669,0.056728788988910095,-0.0018230691691066836,2828.6849975585938,2795.2119970703125,2788.050725525967,38.07825331636252,-33.76853288055099,-18.60670199780475,-15.161830882746244,0.020490772538827504,-0.5517953104672846,0.9871371507389928,0.9989582370692314,2817.699951171875
2025-10-07,2798.0,2822.0,2778.10009765625,2817.699951171875,2744.130859375,207553,0.009096408659380995,0.05212645100076596,0.010979101016629134,2830.214990234375,2798.49599609375,2790.874461301768,39.44445262551726,-26.877701019120195,-20.26090180206784,-6.616799217052357,0.02056542012269511,-0.24977137424860751,0.9955780606400281,1.0068622413985693,2799.800048828125
2025-10-08,2782.0,2885.0,2782.0,2799.800048828125,2726.6982421875,742778,-0.006352664461773294,0.054618049319384854,-0.01875021872374516,2827.539990234375,2801.9919970703127,2791.724517256659,35.63255611002495,-22.600514978251795,-20.72882443730463,-1.8716905409471636,0.01988349628294652,2.5787389245156658,0.9901893725634096,0.9992177178791091,2807.199951171875
2025-10-09,2800.0,2829.0,2790.699951171875,2807.199951171875,2733.905029296875,472352,0.0026430110060349232,0.04318095547078227,-0.05430533502059376,2819.4799926757814,2804.0599951171876,2793.1983681057272,34.027081294291804,-18.401581967491893,-20.263375943342087,1.861793975850194,0.01741645567927777,-0.3640737878612452,0.9956445722133845,1.0011197891843095,2783.199951171875
2025-10-10,2828.0,2828.0,2756.10009765625,2783.199951171875,2710.531494140625,299386,-0.008549444434829523,0.0169169682780419,-0.04864127459515466,2812.364990234375,2804.2379931640626,2792.246137921551,33.087049098687544,-16.81664491384754,-19.57402973744318,2.7573848235956397,0.017255050531409237,-0.36618030621231623,0.9896297105234305,0.9924977687188205,2750.199951171875
2025-10-13,2770.0,2775.0,2733.0,2750.199951171875,2678.393310546875,290341,-0.011856855626238838,-0.015077211230905774,-0.05302665194862333,2804.664990234375,2803.109990234375,2788.2417391834865,40.06223639860732,-18.01572106938147,-19.26236800383084,1.2466469344493696,0.017353976010286938,-0.030211833552671097,0.9805805544504804,0.9811245226741616,2745.300048828125
2025-10-14,2775.0,2791.300048828125,2732.60009765625,2745.300048828125,2673.621337890625,145319,-0.0017816531273161518,-0.02569468133526387,-0.06597029993364045,2794.9699951171874,2802.2119921875,2784.1520543877377,47.542113267038424,-19.140736237813144,-19.238041650627302,0.09730541281415839,0.017012630473099526,-0.49948853244977454,0.9822288087615123,0.9796903505095103,2781.89990234375
2025-10-15,2758.199951171875,2800.0,2748.0,2781.89990234375,2709.265625,359169,0.013331822702312035,-0.006393366016215096,-0.057206781991197,2786.529992675781,2802.7019921875,2783.937563716882,54.61504131486467,-16.884383895733208,-18.767310099648483,1.8829262039152752,0.01734890094168925,1.4715900880132673,0.9983384028364306,0.9925778445579532,2783.60009765625
2025-10-16,2795.89990234375,2797.39990234375,2748.60009765625,2783.60009765625,2710.92138671875,191036,0.0006111633675487393,-0.008406901512581277,-0.06531009490012463,2776.8049926757812,2803.4279931640626,2783.9054240920595,57.836199173482065,-14.788543729336652,-17.97155682558612,3.183013096249468,0.01713809463643891,-0.46811668044847965,1.00244709477201,0.9929272677749664,2693.699951171875
2025-10-17,2775.0,2775.0,2689.10009765625,2693.699951171875,2623.368408203125,465225,-0.032296358431683325,-0.03215722965298118,-0.10227958958079508,2761.4599853515624,2803.1979931640626,2775.3144266710897,55.865543459873685,-20.149494956933268,-18.40714445185555,-1.7423505050777166,0.018107433057326122,1.435273979773446,0.9754622429659936,0.960938170525517,2747.5
2025-10-20,2705.5,2753.300048828125,2687.699951171875,2747.5,2675.763671875,202423,0.019972546981232853,-0.0009817290450916394,-0.0822700396856948,2749.144982910156,2805.0659912109377,2772.6654336547954,57.61966592291502,-19.828304759138064,-18.691376513312054,-1.1369282458260095,0.018961215947169947,-0.5648922564350582,0.9994016383565137,0.9794778477970543,2740.699951171875
2025-10-21,2756.0,2764.0,2732.0,2740.699951171875,2669.141357421875,30806,-0.0024749950238853735,-0.0016756265524467961,-0.03915998983175317,2743.5599853515623,2805.8259912109374,2769.6211019897555,59.785819259134,-19.893150467847136,-18.93173130421907,-0.9614191636280651,0.0160167274776563,-0.8478137365813173,0.9989575463285083,0.9767889953820852,2799.199951171875
2025-10-23,2775.0,2824.0,2769.5,2799.199951171875,2726.11376953125,420173,0.021344912264104732,0.006218789113709544,0.011783363104498568,2745.189978027344,2807.8919921875,2772.4381352451956,61.73026481214351,-15.050586274182479,-18.15550229821175,3.104916024029272,0.015364639097298693,12.639323508407452,1.0196744027104974,0.9969044247286544,2818.89990234375
2025-10-24,2805.10009765625,2833.5,2795.800048828125,2818.89990234375,2745.299560546875,237956,0.007037707743467125,0.012681349133886632,0.02845780684413257,2749.089978027344,2810.8259912109374,2776.863065445058,59.42528735632184,-9.513531769433484,-16.4271081924561,6.913576423022615,0.015239265577552568,-0.4336713686981315,1.0253938302763372,1.002872433639812,2888.699951171875
2025-10-27,2843.199951171875,2897.0,2835.0,2888.699951171875,2813.277099609375,377691,0.02476144994367857,0.0723911361824714,0.06303821851188673,2757.65498046875,2814.2439892578127,2787.5141974190406,60.72540312547874,0.5011277264957243,-13.041461008665737,13.542588735161461,0.01588698818182502,0.5872304123451395,1.0475204373394273,1.0264568254203497,2830.89990234375
2025-10-28,2925.0,2927.5,2820.0,2830.89990234375,2756.986083984375,235233,-0.020009017829863862,0.03035483251819837,0.07133666627553414,2767.07998046875,2816.95798828125,2791.646169316632,51.36985780760929,3.7308299580827224,-9.687002815316045,13.417832773398768,0.015188211727480123,-0.3771813466563937,1.023063996098945,1.0049492800817403,2874.60009765625
2025-10-29,2845.0,2897.39990234375,2801.0,2874.60009765625,2799.54541015625,574786,0.015436856413156841,0.0488561859634149,0.0733729109572745,2776.90498046875,2820.0459912109377,2799.546543444215,57.36800615257047,9.704762330174617,-5.808649786217913,15.51341211639253,0.015260562680890892,1.4434751926812988,1.0351812963981968,1.0193451123192097,2893.699951171875
2025-10-30,2883.0,2907.0,2854.0,2893.699951171875,2818.146484375,325329,0.006644351515606495,0.03375964620192207,0.08998790792142874,2788.8499755859375,2823.95798828125,2808.513534656373,58.328514461786106,15.798233132003588,-1.4872732025736126,17.2855063345772,0.014989904404611641,-0.43399978426753605,1.037596133353824,1.024696529898829,2764.39990234375
2025-10-31,2950.0,2961.199951171875,2752.0,2764.39990234375,2692.222412109375,1346667,-0.044683295092762365,-0.019333783350975464,0.02727606924702708,2792.519970703125,2824.393984375,2804.312236340885,48.49503373837098,10.077749288092946,0.8257312955596989,9.252017992533247,0.01839042057028755,3.1394004223416907,0.9899302176333963,0.9787586001233727,2784.199951171875
2025-11-03,2764.39990234375,2790.0,2731.0,2784.199951171875,2711.505615234375,570679,0.007162512490084261,-0.03617544285193308,0.017282345177337177,2794.884973144531,2823.3679833984374,2802.396780610503,52.780501985388305,7.060533655499967,2.0726917675477528,4.987841887952214,0.01808062527515989,-0.5762285702404529,0.9961769367700902,0.9861271954428638,2766.60009765625
2025-11-04,2785.0,2812.5,2755.0,2766.60009765625,2694.365234375,225861,-0.006321332456103668,-0.022713556432802595,-0.009203864456708621,2793.5999755859375,2821.6119873046873,2798.987572710098,51.70646027582672,3.2121794332133504,2.3005893006808726,0.9115901325324778,0.01756204872136762,-0.6042240909513054,0.9903350951583452,0.9805033825005164,2773.89990234375
2025-11-06,2763.89990234375,2786.0,2743.60009765625,2773.89990234375,2701.474365234375,354396,0.002638547108302358,-0.035031027583490304,-0.0155446107062992,2791.4099731445312,2820.1179833984374,2796.598270770446,49.32750537494941,0.742801662239799,1.989031772992658,-1.246230110752859,0.01743885594907791,0.5690889529400827,0.9937271590453421,0.9836112952270913,2736.0
2025-11-07,2761.0,2764.800048828125,2705.300048828125,2736.0,2664.56396484375,268774,-0.013663038926432503,-0.05449768594978566,-0.022787358995450036,2788.219970703125,2816.483984375,2790.8270068875463,46.228201453545964,-4.223715030898347,0.7464824122144571,-4.970197443112804,0.017640408894441316,-0.24159979232271245,0.9812712155956775,0.9714239509894248,2776.199951171875
2025-11-10,2736.0,2804.0,2726.60009765625,2776.199951171875,2703.71435546875,430038,0.014692964609603454,0.004268575186289203,-0.01104303239498805,2786.669970703125,2814.543984375,2789.4339539622442,57.096166155117764,-4.859893371859016,-0.3747927446002376,-4.485100627258778,0.01797409776647995,0.5999985117608102,0.9962428204124193,0.9863764668749209,2777.5
2025-11-11,2785.0,2798.89990234375,2758.5,2777.5,2704.98046875,590878,0.0004682835714251432,-0.002406418823854617,-0.0020479847915616523,2786.384973144531,2813.4579833984376,2788.297386918221,52.836612242862756,-5.199232696899344,-1.339680735060059,-3.859551961839285,0.017871722979675465,0.37401345927569185,0.9968112901734091,0.9872192925536414,2825.800048828125
2025-11-12,2795.0,2859.0,2788.0,2825.800048828125,2752.01953125,558402,0.01738975655378039,0.021398087573996305,0.027488945894292627,2790.1649780273438,2814.213984375,2791.869069004879,57.46099656327966,-1.5528509772721009,-1.3823147835024674,-0.17053619376963347,0.01804183504665456,-0.05496227647670082,1.0127716715969877,1.004116980626723,2822.0
2025-11-13,2835.89990234375,2843.89990234375,2801.10009765625,2822.0,2748.318603515625,312058,-0.0013447691848192944,0.017340242744739554,0.027938640515675406,2793.9999755859376,2812.223984375,2794.7386814806046,52.211021654938655,1.0185593065425564,-0.9021399654934626,1.920699272036019,0.018037899936330384,-0.4411588783707795,1.0100214834140042,1.003476257822747,2772.10009765625
2025-11-14,2790.0,2814.0,2744.10009765625,2772.10009765625,2699.7216796875,430174,-0.017682460079287754,0.013194480137518338,-0.0035227021213968257,2793.5099853515626,2809.613984375,2792.5826258782854,45.71273163845346,-0.9590295105576843,-0.9135178745063071,-0.0455116360513772,0.018301570998486758,0.3785065596780086,0.9923358470857164,0.9866480281891481,2688.699951171875
2025-11-17,2785.89990234375,2798.89990234375,2676.89990234375,2688.699951171875,2618.4990234375,794655,-0.030085546533795027,-0.03151790272277222,-0.03409259345991533,2788.7649780273437,2805.5299853515626,2782.6890378110083,32.1237008478149,-9.15049648555123,-2.5609135967152916,-6.589582888835938,0.01949452038239956,0.8472873767359255,0.9641185156713168,0.9583572320418284,2658.5
2025-11-18,2651.0,2708.0,2626.800048828125,2658.5,2589.087646484375,4967271,-0.011232176040585129,-0.04284428442844279,-0.013067510045638664,2787.00498046875,2801.475986328125,2770.861510400436,33.790902062754895,-17.873146243367955,-5.623360126045824,-12.249786117322131,0.01827701198114162,5.250852256639674,0.9538913703530101,0.9489640507268732,2713.699951171875
2025-11-19,2674.5,2725.89990234375,2665.39990234375,2713.699951171875,2642.84619140625,814207,0.02076357012295471,-0.039670215768712436,-0.01230211058348496,2785.314978027344,2799.8019873046874,2765.4175523786685,35.1923176302208,-20.100033609787715,-8.518694822794203,-11.581338786993513,0.01832443423120071,-0.8360856494441313,0.9742883561031976,0.9692470980007765,2740.39990234375
2025-11-20,2736.800048828125,2758.89990234375,2702.89990234375,2740.39990234375,2668.84912109375,1216126,0.009838947434238188,-0.028915697255935457,-0.00010947890446622033,2785.2999755859373,2798.8679833984374,2763.0349190420093,36.08639100193442,-19.48577508703511,-10.712110875642384,-8.773664211392724,0.018459464602440006,0.49363245464605443,0.983879627459968,0.9791100968672004,2747.10009765625
2025-11-21,2734.89990234375,2777.199951171875,2713.5,2747.10009765625,2675.374267578125,2115723,0.002444969913613537,-0.009018433360735045,-0.018612408696925598,2782.6949829101563,2796.743984375,2761.5173170052703,47.98040945872922,-18.247969779756204,-12.219282656465149,-6.028687123291055,0.01778936120045835,0.7397235154909936,0.9872084847701558,0.9822493989453082,2765.300048828125
2025-11-24,2757.10009765625,2821.60009765625,2751.699951171875,2765.300048828125,2693.09912109375,1388293,0.006625150349418574,0.028489641480025973,-0.01901445789935996,2780.014990234375,2792.6819873046875,2761.8775771788755,47.785339193780395,-15.61837726854992,-12.899101578882103,-2.7192756896678176,0.017780047076681817,-0.3438210011423991,0.9947068841506465,0.9901951104346866,2797.199951171875
2025-11-25,2782.89990234375,2809.0,2760.0,2797.199951171875,2724.166015625,599773,0.011535783379915232,0.052172259233355334,-0.03167514852585529,2775.439990234375,2790.115986328125,2765.2416127972565,53.46937306756498,-10.835446455783767,-12.486370554262436,1.6509240984786686,0.017008210528188353,-0.5679780853177248,1.00784018426414,1.0025389499499169,2800.199951171875
2025-11-26,2802.300048828125,2820.89990234375,2775.89990234375,2800.199951171875,2727.087646484375,671295,0.0010725010912226995,0.031875299980252514,-0.010844590847757685,2773.904992675781,2788.035986328125,2768.570978356744,53.0112264447877,-6.725338879333776,-11.334164219276705,4.608825339942928,0.016442580483034663,0.11924844899653708,1.0094794012648318,1.0043629152935611,2791.5
2025-11-27,2810.0,2827.0,2783.0,2791.5,2718.614990234375,683457,-0.00310690355102472,0.018646949159699666,-0.028908402850192694,2769.7499877929686,2785.0819873046876,2770.754694703721,56.809815950920246,-4.122540286090498,-9.891839432639465,5.769299146548967,0.016019042894934627,0.01811722119187542,1.0078526987283651,1.0023044250490893,2811.39990234375
2025-11-28,2805.10009765625,2819.5,2787.300048828125,2811.39990234375,2737.995361328125,295505,0.007128748824556608,0.023406429471703127,-0.028441113528303252,2765.6349853515626,2782.295986328125,2774.625666859914,54.545448813376794,-0.4488735057161648,-8.003246247254806,7.554372741538641,0.016032114348172415,-0.5676319066159246,1.0165477068501756,1.0104603953564388,2832.300048828125
2025-12-01,2822.0,2842.60009765625,2809.89990234375,2832.300048828125,2758.349609375,312556,0.0074340710003408805,0.024228835503182777,0.024562345855535295,2769.029992675781,2779.3799853515625,2780.1184651426006,56.735501751534734,4.1017189734525346,-5.582253203113337,9.683972176565872,0.012447304756356746,0.05770122332955441,1.0228491769029935,1.0190402405412258,2838.10009765625
2025-12-02,2820.10009765625,2849.0,2810.0,2838.10009765625,2763.998291015625,309489,0.0020478228747426996,0.014621817245220603,0.01935929438605455,2771.725,2776.1299853515625,2785.6405253819958,51.68817556677409,8.082936702982352,-2.8492152218942,10.932151924876552,0.012372575221420806,-0.009812641574629799,1.0239472161402197,1.0223224822438708,2861.0
2025-12-03,2838.10009765625,2875.0,2829.300048828125,2861.0,2786.30029296875,474601,0.008068743721428628,0.021712752620640652,0.034121267625097484,2776.4449951171873,2773.473984375,2792.817618202758,55.08607328295995,12.936783980571363,0.3079846185989128,12.628799361972451,0.012340807887738612,0.5334987673229097,1.0304544138391056,1.0315582609096383,2908.39990234375
2025-12-04,2865.0,2933.10009765625,2865.0,2908.39990234375,2832.462646484375,866476,0.016567599560905366,0.041877092009224404,0.04848769052061219,2783.1699951171877,2774.593984375,2803.825454787614,67.89181407619446,20.37341683253635,4.321071061386401,16.052345771149948,0.01277875984043983,0.8256935826093919,1.0449954215683075,1.0482254047699489,2953.60009765625
2025-12-05,2911.89990234375,2968.89990234375,2911.89990234375,2953.60009765625,2876.482666015625,810701,0.015541258709325101,0.05057985354340855,0.07953219943576384,2794.05,2778.333984375,2818.089706489389,88.64899098738405,29.57337647843451,9.371532144796024,20.201844333638487,0.01250652234077378,-0.06436993061550467,1.0571035227201553,1.0630831693622598,2896.800048828125
2025-12-08,2968.300048828125,2968.300048828125,2868.699951171875,2896.800048828125,2821.165771484375,789218,-0.019230785126665317,0.022773010940944305,0.04344071024327434,2800.0800048828123,2781.4519873046875,2825.5859295692685,82.26374456005442,31.91324550840818,13.879874817518456,18.033370690889726,0.01324550372161532,-0.026499288887024908,1.0345418858663507,1.0414704485462694,2878.800048828125
2025-12-09,2890.0,2919.10009765625,2841.800048828125,2878.800048828125,2803.6357421875,368244,-0.006213753002138223,0.014340562267513235,0.03647166474459951,2805.1450073242186,2784.679990234375,2830.653940927255,74.85697818540567,31.946895084502557,17.493278870915276,14.453616213587281,0.013375443613679526,-0.5334064859139047,1.026257124430856,1.0337992368688038,2857.5
2025-12-10,2878.800048828125,2896.60009765625,2840.0,2857.5,2782.8916015625,263746,-0.007398933050871581,-0.0012233484795526328,0.011218044668454663,2806.7300048828124,2788.9819921875,2833.210708457993,67.9216448805976,29.91004233778085,19.97663156428839,9.933410773492461,0.013005821683922749,-0.28377380215292036,1.0180886636865192,1.0245673898233953,2894.89990234375
2025-12-11,2857.5,2916.300048828125,2848.0,2894.89990234375,2819.315185546875,267730,0.013088329779090024,-0.0046417275661166935,0.02583270813031535,2810.375,2793.31798828125,2839.085869780446,70.67709080476259,30.956830346114657,22.17267132065364,8.784159025461015,0.0132873509309515,0.01510544235741973,1.0300760227171641,1.0363660401317232,2912.699951171875
2025-12-12,2919.0,2926.39990234375,2885.199951171875,2912.699951171875,2836.650390625,140084,0.006148761417869242,-0.013847557263026333,0.05071961637839095,2817.404992675781,2798.475986328125,2846.096734674868,70.64424402573529,32.84412592473245,24.306962241469403,8.53716368326305,0.01253715374658065,-0.47677137414559445,1.0338236635286109,1.0408164891897547,2897.89990234375
2025-12-15,2895.699951171875,2903.5,2860.300048828125,2897.89990234375,2822.23681640625,207272,-0.005081212990088568,0.00037967878247924247,0.07780710193441065,2827.864990234375,2802.613984375,2851.0303696909523,64.81316678051272,32.767853597762496,25.999140512728022,6.768713085034474,0.010126111421420517,0.4796265098084007,1.0247660027445549,1.0339989447351592,2863.10009765625
2025-12-16,2892.0,2892.0,2842.10009765625,2863.10009765625,2788.345703125,242376,-0.012008628958976364,-0.005453644193964102,0.0769607288532066,2838.0949951171874,2805.13798828125,2852.179867592409,58.46114537896319,29.558620448025067,26.711036499787433,2.8475839482376344,0.010188084129701576,0.1693619977613956,1.0088105234610127,1.0206628371285629,2865.300048828125
2025-12-17,2863.0,2896.60009765625,2856.699951171875,2865.300048828125,2790.488037109375,247800,0.0007683808099046008,0.002729675880358773,0.05586472358183281,2845.675,2806.59798828125,2853.4294086624773,60.10406060999065,26.882908296579444,26.745410859145835,0.1374974374336091,0.009381151781889027,0.022378453312209112,1.006896447706827,1.020915735275227,2887.89990234375
2025-12-18,2879.300048828125,2916.0,2860.300048828125,2887.89990234375,2812.497802734375,426920,0.007887429983072236,-0.0024180456099129888,0.05382426115029748,2853.05,2808.0019873046876,2856.7123128225985,60.39684972904962,26.28303201054996,26.65293508942666,-0.3699030788766997,0.009313591126346216,0.7228410008071025,1.0122149637558928,1.0284536533094673,2890.199951171875
2025-12-19,2913.699951171875,2913.699951171875,2870.0,2890.199951171875,2814.73779296875,410473,0.0007964434038236767,-0.00772479156012873,0.05209124110101193,2860.2049926757813,2809.8099853515623,2859.901611713006,58.28799523600506,25.69700141364774,26.461748354270874,-0.7647469406231338,0.009322940042317507,-0.038524782160592186,1.010486996062486,1.028610463426143,2887.0
2025-12-22,2902.89990234375,2905.0,2817.0,2887.0,2811.62158203125,923952,-0.0011071729381828543,-0.0037613108496032943,0.044009673099831836,2866.289990234375,2811.405986328125,2862.4824105974812,57.05219839417723,24.689750551495763,26.107348793715854,-1.417598242220091,0.00930682919203656,1.2509446419131098,1.0072253714160762,1.0268883306215784,2938.39990234375
2025-12-23,2891.800048828125,2945.0,2863.300048828125,2938.39990234375,2861.679443359375,453003,0.017803914909508167,0.026300095043530147,0.0504790339041441,2873.349987792969,2814.5099853515626,2869.7126479066496,60.314493973912334,27.71950632450762,26.42978029987421,1.28972602463341,0.009733619753416236,-0.5097115434568029,1.0226390501773668,1.0440182900885009,2891.89990234375
2025-12-24,2934.0,2945.0,2884.300048828125,2891.89990234375,2816.3935546875,351406,-0.015824939268106575,0.009283444338230584,0.03274764401502783,2877.9349853515623,2817.343984375,2871.825719757802,47.79588450309562,26.067953083140765,26.357414856527523,-0.2894617733867584,0.01056299976589695,-0.22427445292856785,1.004852408780347,1.0264631931287898,2850.60009765625
2025-12-26,2900.0,2913.0,2843.800048828125,2850.60009765625,2776.171875,151986,-0.014281201314757963,-0.012915892499330894,0.02117144820213146,2880.889990234375,2819.4499853515626,2869.8042319386063,36.09609031635507,21.182359108900528,25.322403707002128,-4.1400445981016,0.011110070341892537,-0.5674917332088809,0.9894859252936413,1.0110482939816374,2812.300048828125
2025-12-29,2850.60009765625,2874.699951171875,2791.0,2812.300048828125,2738.871826171875,331924,-0.013435784577294885,-0.02695311869760575,0.0003201773193577395,2880.9349975585938,2820.05798828125,2864.327643070941,37.993728232665916,14.057945585997004,23.069512082801104,-9.0115664968041,0.011469215517712442,1.1839116760754278,0.9761761550369472,0.9972490142098627,2795.699951171875
2025-12-30,2810.89990234375,2811.0,2773.199951171875,2795.699951171875,2722.705322265625,308588,-0.005902676587858147,-0.031624540640154186,-0.012922394176207885,2879.1049926757814,2820.2999853515626,2857.791672413887,38.145475973882135,6.991711296772792,19.853951925595442,-12.86224062882265,0.011406582250491158,-0.07030525059953485,0.9710309135248342,0.9912775115032236,2791.199951171875
2025-12-31,2795.89990234375,2818.300048828125,2776.199951171875,2791.199951171875,2718.32275390625,137856,-0.0016096147936454086,-0.050095275001358464,-0.016525191103409553,2876.7599853515626,2822.2499853515624,2851.449603724172,40.06590417410174,1.0168358702098885,16.086528714518334,-15.069692844308445,0.011391403047506925,-0.553268435584015,0.9702581951169515,0.9889981276141917,2828.60009765625
2026-01-01,2788.89990234375,2840.89990234375,2788.89990234375,2828.60009765625,2754.746337890625,96465,0.013399307515992387,-0.021888656877853352,-0.011324677505679781,2875.139990234375,2823.8719873046875,2849.273460289132,40.065948022949385,-0.6924347401127307,12.730736023592122,-13.423170763704853,0.011668119074611188,-0.3002480849582173,0.983812999458739,1.0016743359376128,2807.199951171875
2026-01-02,2842.0,2844.300048828125,2800.199951171875,2807.199951171875,2733.905029296875,124901,-0.007565631671336948,-0.015224915806344885,-0.03479574837364097,2870.0799926757813,2825.2019873046875,2845.266459420822,34.361093820118995,-3.7308500690037363,9.438418805072953,-13.169268874076689,0.011040665262480091,0.2947804903332816,0.9780911885158702,0.9936280534228327,2801.89990234375
2026-01-05,2802.0,2817.300048828125,2761.60009765625,2801.89990234375,2728.743408203125,166865,-0.0018880197065807014,-0.0036980927723941903,-0.05136111534966348,2862.494982910156,2825.255986328125,2841.1363111277674,35.356916229477434,-6.491654007340912,6.25240424259018,-12.744058249931093,0.010268039516874015,0.3359780946509636,0.9788313758004208,0.9917331087528356,2816.0
2026-01-06,2805.0,2837.0,2793.10009765625,2816.0,2742.475341796875,378512,0.005032334540022498,0.007261168645660954,-0.02789286366548216,2858.45498046875,2825.19798828125,2838.7423767346468,42.33147465342537,-7.455903957878036,3.510742602496537,-10.966646560374572,0.00960980714123704,1.2683726365624906,0.9851475777093442,0.9967443031180813,2874.800048828125
2026-01-07,2819.89990234375,2881.0,2806.199951171875,2874.800048828125,2799.739990234375,376876,0.020880699157714844,0.02995131094823611,-0.0013894678102525093,2858.25498046875,2824.919990234375,2842.1764407435494,51.30602074489366,-3.4358006911502343,2.1214339437671828,-5.5572346349174175,0.010734905696146302,-0.004322187935917432,1.0057885207836361,1.0176571579960436,2817.199951171875
2026-01-08,2881.699951171875,2891.0,2801.39990234375,2817.199951171875,2743.643798828125,404363,-0.020036210059106496,-0.004030313968319876,-0.014103254183070901,2856.2399780273436,2824.6459912109376,2839.797727451009,41.13370037052754,-4.841872295880876,0.7287726958375711,-5.570644991718447,0.011534546300495059,0.0729338031607214,0.9863316713036027,0.9973639032777093,2838.199951171875
2026-01-09,2817.199951171875,2852.39990234375,2795.300048828125,2838.199951171875,2764.095703125,317088,0.007454209982952875,0.011043032394988161,-0.01958615257334806,2853.40498046875,2823.91798828125,2839.6455582815674,43.770968934392094,-4.213103640944155,-0.2596025715187742,-3.9535010694253807,0.011246648864132392,-0.21583329829880582,0.9946712683965466,1.0050574991730965,2832.199951171875
2026-01-12,2838.800048828125,2849.39990234375,2789.300048828125,2832.199951171875,2758.252197265625,219456,-0.0021140159619559284,0.010814108242332088,-0.02763758758179402,2849.37998046875,2822.68798828125,2838.936452842549,43.479296582906336,-4.151098527920567,-1.0379017627991327,-3.113196765121434,0.011124083802624994,-0.3079019073569482,0.9939706078463958,1.0033698244120905,2873.699951171875
2026-01-13,2832.0,2878.5,2805.0,2873.699951171875,2798.668701171875,314103,0.014652920244147438,0.02049003947864869,-0.008350858203315714,2848.1699829101562,2824.8739892578124,2842.2472622072464,42.11554149700909,-0.7446717467437338,-0.9792557595880529,0.23458401284431907,0.011638250246105089,0.43128007436570437,1.008963639254295,1.0172842973172374,2788.800048828125
2026-01-14,2876.10009765625,2882.89990234375,2773.699951171875,2788.800048828125,2715.985595703125,363314,-0.029543760234650995,-0.029915124022297457,-0.025950908558505348,2844.45498046875,2824.9659912109373,2837.157051409235,38.51128231105781,-4.839974350203647,-1.7513994777111719,-3.088574872492475,0.01312758081108296,0.15667153768031516,0.9804338855693707,0.9871977423815607,2788.800048828125
2026-01-15,2788.800048828125,2788.800048828125,2788.800048828125,2788.800048828125,2715.985595703125,0,0.0,-0.010080896931698557,-0.026698774542403547,2840.62998046875,2825.409990234375,2832.5516225919864,42.41532246707492,-7.993388363168378,-2.9997972548026133,-4.993591108365765,0.013122542816414938,-1.0,0.9817540714570392,0.9870426092026335,2886.5
2026-01-19,2875.0,2908.0,2830.5,2889.800048828125,2814.348388671875,273546,0.0011432699906894772,0.02033758161475041,-0.0001383649403177145,2840.539990234375,2830.7379931640626,2842.65246668138,60.37486177940909,1.9553460633710529,-1.9414715638568842,3.896817627227937,0.015337665498896022,-0.7708050553494404,1.0173417937304539,1.0208645433829238,2815.699951171875
2026-01-20,2876.10009765625,2881.10009765625,2802.5,2815.699951171875,2742.18310546875,335776,-0.025641946295315243,-0.020183039630267574,-0.024696934128204062,2836.974987792969,2831.5279931640625,2840.0855604423796,52.34180582651147,-0.4253561355508282,-1.6382484781956732,1.212892342644845,0.016385087474024774,0.22749373048774246,0.9925008021880218,0.9944100704529851,2798.89990234375
2026-01-21,2806.0,2832.39990234375,2721.10009765625,2798.89990234375,2725.821533203125,1448566,-0.0059665621761768595,0.0036215767852805225,-0.04747481780431961,2829.9999877929686,2831.9559912109376,2836.163116813939,47.044759556942275,-3.625906127997496,-2.0357800081560375,-1.5901261198414582,0.015791351010147465,3.314084389593062,0.9890105704652414,0.9883274708470831,2810.10009765625
2026-01-22,2810.0,2889.89990234375,2780.10009765625,2810.10009765625,2736.7294921875,344252,0.0040016419676607295,0.007637711006594161,-0.02828583541954721,2825.9099975585937,2831.6419921875,2833.6809245132063,50.29455040831396,-5.198675799396369,-2.668359166404104,-2.5303166329922653,0.015518284951586178,-0.7623497997329773,0.9944053774125848,0.9923924371122183,2752.800048828125
2026-01-23,2847.89990234375,2879.0,2732.10009765625,2752.800048828125,2680.925537109375,1589967,-0.020390750093178478,-0.04631905462389574,-0.03430858257127534,2821.0199951171876,2830.2579931640626,2825.97798397177,45.48963760201484,-10.942602647329295,-4.323207862589142,-6.619394784740153,0.01584359063256901,3.6186136899713004,0.975817276585369,0.9726321965972635,2806.10009765625
2026-01-27,2765.800048828125,2825.0,2752.800048828125,2806.10009765625,2732.833740234375,508935,0.01936212143370719,-0.028963924755215142,-0.0022045838154639563,2820.709997558594,2830.9379931640624,2824.0848519417204,49.151680029188064,-11.066272463297082,-5.67182078273073,-5.394451680566352,0.016248950746922314,-0.6799084509301137,0.9948204884887177,0.9912262664997293,2833.699951171875
2026-01-28,2816.0,2858.0,2809.0,2833.699951171875,2759.713134765625,222958,0.009835662504939613,0.006392726608710042,0.013592302701894488,2822.609997558594,2833.8379931640625,2825.0005756779256,46.279189221924284,-8.835355685805553,-6.304527763345695,-2.5308279224598573,0.016328181810475725,-0.5619126214546062,1.0039289712793737,0.9999512879732291,2772.800048828125
2026-01-29,2830.39990234375,2832.0,2757.5,2772.800048828125,2700.4033203125,647094,-0.02149130232315699,-0.009325039989379169,-0.006592111875046713,2821.6900024414062,2836.123994140625,2820.0290969303255,46.00432914509491,-11.844910469485512,-7.412604304573659,-4.432306164911854,0.017071042797947012,1.9023134401994994,0.9826735206309055,0.9776723636049319,2759.0
2026-01-30,2752.0,2789.60009765625,2725.0,2759.0,2686.963623046875,550213,-0.004976936160238976,-0.01818444036882161,-0.02460584573758584,2818.209997558594,2837.0299951171874,2814.21680198458,42.77899981613776,-15.168697622822947,-8.963822968223518,-6.204874654599429,0.016793281200258955,-0.1497170426553175,0.978990210945995,0.972495886454678,2761.39990234375
2026-02-02,2770.0,2798.0,2718.0,2761.39990234375,2689.30078125,265952,0.0008698449959223531,0.0031240385654911496,-0.016315207190355507,2815.9199951171877,2837.4499951171874,2809.1866210664057,43.502198744253306,-17.408496514707622,-10.65275767752034,-6.755738837187282,0.016728441904189973,-0.5166381019714184,0.9806386215276088,0.9731977328572106,2819.300048828125
2026-02-03,2975.0,2975.0,2811.10009765625,2819.300048828125,2745.689208984375,614479,0.02096767890635176,0.004704020067887171,0.0062101242338528095,2816.790002441406,2838.893994140625,2810.14980466276,45.15325343806609,-14.346122177519192,-11.39143057752011,-2.954691599999082,0.01740906946741636,1.3104883588015883,1.0008911017095854,0.9930980355895848,2688.10009765625
2026-02-04,2757.5,2759.0,2615.10009765625,2688.10009765625,2617.914794921875,1037616,-0.04653635615209162,-0.05138153510410026,-0.04541899941184302,2810.3950073242186,2837.3499951171875,2798.526023043092,41.71194150593914,-22.24943044354677,-13.563030550725443,-8.686399892821328,0.020277758502361524,0.6886110021660625,0.9564847968526653,0.9473981363886081,2648.699951171875
2026-02-05,2673.10009765625,2685.89990234375,2630.0,2648.699951171875,2579.54345703125,500168,-0.014657246773930765,-0.044756237547203814,-0.07864898212604965,2799.0900024414063,2834.3799951171877,2784.2568733410717,39.17143197881725,-31.330957944816873,-17.116616029543728,-14.214341915273145,0.019704689993035433,-0.5179642565264992,0.9462718057874671,0.9344900668699379,2610.5
2026-02-06,2637.0,2637.0,2577.0,2610.5,2542.3408203125,857784,-0.0144221511972219,-0.053823849220732134,-0.07337070664291812,2788.7550048828125,2830.58599609375,2767.708599689541,26.506655051222126,-41.136356417416664,-21.920564107118317,-19.215792310298347,0.019501691386854203,0.71499176276771,0.9360807942717424,0.9222471967297683,2615.10009765625
2026-02-09,2640.89990234375,2642.800048828125,2605.60009765625,2615.10009765625,2546.82080078125,389909,0.0017621519464661173,-0.05298030341904747,-0.07860610857367833,2777.6000122070313,2827.057998046875,2753.1744566387515,26.668953107368296,-47.98289892431285,-27.133031070557223,-20.849867853755626,0.019372662565183794,-0.5454461729293155,0.9414962867811691,0.9250252734337038,2614.10009765625
2026-02-10,2633.5,2657.0,2600.699951171875,2614.10009765625,2545.846923828125,442632,-0.00038239454042166,-0.07278400582342015,-0.07700722310420993,2766.69501953125,2823.112001953125,2739.929279592799,30.449988375391058,-52.87995759582054,-32.282416375609884,-20.59754122021066,0.019384956799835023,0.13521873052430178,0.9448457741826369,0.9259640056249013,2588.199951171875
