Date,Open,High,Low,Close,Adj Close,Volume,Daily_Return,Return_5D,Return_20D,SMA_20,SMA_50,EMA_20,RSI_14,MACD,MACD_Signal,MACD_Histogram,Volatility_20,Volume_Change,Price_vs_SMA20,Price_vs_SMA50,Target_Next_Day_Close
2024-11-06,5470.0,5745.7998046875,5443.14990234375,5717.64990234375,5643.53076171875,690288,0.05487799275172356,0.017764768185811075,0.0719052506824962,5512.18251953125,5373.494013671875,5489.635662763136,55.346577028886415,46.735599186800755,55.996666158930495,-9.26106697212974,0.034336903139088715,1.6254778087547876,1.0372751413953492,1.0640469474416894,5737.39990234375
2024-11-07,5755.0,5799.25,5655.4501953125,5737.39990234375,5663.02490234375,517587,0.0034542163891329025,0.06791994459632389,0.0946938229455756,5536.997509765625,5388.2830078125,5513.232257008908,56.84718799752715,61.108103808953274,57.01895368893505,4.089150120018225,0.03396565396275272,-0.2501868785202698,1.0361933326183865,1.0647918630155586,5668.7001953125
2024-11-08,5757.35009765625,5830.0,5653.7001953125,5668.7001953125,5595.21533203125,376081,-0.01197401404827747,0.051902058881518,0.03641074635691677,5546.955029296875,5400.0980078125,5528.038727323536,64.0457864318424,66.19190597129273,58.85354414540659,7.338361825886139,0.03290453215758044,-0.2733955837376132,1.0219481076324963,1.049740243068071,5721.64990234375
2024-11-11,5690.0,5750.0,5610.7998046875,5721.64990234375,5647.47802734375,277838,0.009340713956796476,0.06777081316483158,0.018685296238321047,5552.2025146484375,5411.11400390625,5546.47788684927,69.26522534542993,73.64452639189949,61.81174059470517,11.832785797194319,0.032444096391611194,-0.2612282992227738,1.0305189494166067,1.0573885337128963,5680.14990234375
2024-11-12,5750.0,5765.0,5656.25,5680.14990234375,5606.5166015625,250857,-0.007253152623511672,0.04795942911039708,0.00874638172479325,5554.665014648437,5420.581005859375,5559.208554991602,47.95398464809095,75.33367884232575,64.5161282442293,10.81755059809646,0.032499989774393695,-0.09711054643353323,1.0225909010470282,1.0478858071125206,5640.60009765625
2024-11-13,5690.0,5700.0,5589.0,5640.60009765625,5567.4794921875,283558,-0.006962810025696875,-0.013475782183850815,0.01745177057382974,5559.502514648438,5427.580009765625,5566.960130483473,47.35161028657474,72.64361524474134,66.14162564433171,6.50198960040963,0.032329724095343466,0.13035713573868768,1.014587201425691,1.0392477103068674,5713.7998046875
2024-11-14,5670.0,5783.89990234375,5660.0,5713.7998046875,5639.73046875,379197,0.012977290671903008,-0.004113378543930568,0.0321170167426843,5568.392504882812,5436.861005859375,5580.944861360047,52.12755189266129,75.54746096143663,68.0227927077527,7.524668253683927,0.032425125653661846,0.3372819670049867,1.0261129759939125,1.050937259299008,5646.10009765625
2024-11-18,5728.7998046875,5755.0,5582.0,5646.10009765625,5572.90771484375,411485,-0.011848456254226925,-0.003986821824681797,0.025417069603014042,5575.3900146484375,5444.490009765625,5587.150121959686,49.04806671803918,71.56106760351759,68.73044768690568,2.8306199166119086,0.0325352068977018,0.08514835296692747,1.0126825357189422,1.0370301143962066,5710.2998046875
2024-11-19,5655.0,5798.14990234375,5632.0498046875,5710.2998046875,5636.275390625,361445,0.011370628561456098,-0.001983710616687784,0.08816325611529785,5598.522509765625,5454.897001953125,5598.8786631718585,51.75841064357269,72.74365835290064,69.53308982010468,3.2105685327959606,0.03049111927343856,-0.12160832108096287,1.0199654988841966,1.0468208295487391,5725.5
2024-11-21,5668.9501953125,5792.0,5654.14990234375,5725.5,5651.2783203125,443952,0.002661890939600564,0.007983961415795937,0.10998018363130457,5626.8875,5466.032001953125,5610.937838107871,54.91889634233682,74.05375320024723,70.43722249613319,3.616530704114041,0.03006838690975475,0.22826986125136606,1.0175252304226805,1.0474691692171143,5796.25
2024-11-22,5780.0,5868.75,5752.2001953125,5796.25,5721.111328125,688598,0.012356999388699608,0.027594564345808648,0.013551912568305902,5630.7625,5476.472998046875,5628.586615430931,73.03869515354883,79.8801380156865,72.32580560004385,7.554332415642648,0.017982618887382507,0.5510640789995316,1.0293898916887367,1.0583910487766799,5917.7001953125
2024-11-25,5875.0,5947.0,5805.4501953125,5917.7001953125,5840.9873046875,960293,0.020953236197972736,0.035685602855340504,0.03979828370587879,5642.0875,5489.026005859375,5656.1212420863185,75.80035627518016,93.22298912945644,76.50524230592637,16.717746823530064,0.018473567719572762,0.3945625749711734,1.0488494188210482,1.0780965856229372,5968.9501953125
2024-11-26,5940.0,6011.75,5921.2998046875,5968.9501953125,5891.5732421875,334966,0.008660459014229183,0.057181079341874996,0.05255784762583571,5656.990014648438,5502.271005859375,5685.914475726908,79.19840214790781,106.70273870144683,82.54474158503047,24.157997116416368,0.01847798419962329,-0.6511835450221963,1.0551459662923675,1.0848157404381134,5910.89990234375
2024-11-27,5968.9501953125,6042.0,5900.89990234375,5910.89990234375,5834.275390625,313105,-0.009725377339274477,0.03512952113154899,0.04313066308016422,5669.210009765625,5513.291005859375,5707.341659214226,73.55286095099885,111.41701783069675,88.31919683416373,23.097820996533017,0.01867456004366652,-0.06526334015989688,1.042632023185205,1.0721182495286041,5820.64990234375
2024-11-28,5932.0,5938.7998046875,5802.0498046875,5820.64990234375,5745.19580078125,299071,-0.015268402695199579,0.016618618870622548,0.026479129237942045,5676.717504882812,5523.68400390625,5718.132920464656,56.17136731782612,106.64140156067151,91.98363777946528,14.657763781206228,0.01908250201701528,-0.044822024560450924,1.0253548634993963,1.0537622894842449,5905.64990234375
2024-11-29,5842.7998046875,5933.9501953125,5810.85009765625,5905.64990234375,5829.09375,333871,0.014603180302215746,0.01887425531054565,0.051229527254130325,5691.107495117188,5534.677998046875,5735.991680643618,59.34982954230943,108.46516201508803,95.27994262658984,13.185219388498183,0.019120841959133984,0.11636032915260919,1.0376978307667943,1.0670268269315373,5932.39990234375
2024-12-02,5905.64990234375,5975.0,5853.64990234375,5932.39990234375,5855.4970703125,278981,0.004529560749848116,0.002484023614933051,0.10421589620172167,5719.102490234375,5549.7319921875,5754.69722556744,65.37071095696484,110.7918670774925,98.38232751677037,12.409539560722123,0.015704062235476168,-0.16440481503335125,1.037295609315201,1.068952502696516,6041.2998046875
2024-12-03,5940.0,6048.14990234375,5856.0,6041.2998046875,5962.98486328125,443857,0.01835680401463269,0.012120993978441463,0.12104282885275564,5751.71748046875,5564.8869921875,5781.992709293159,67.49111207416642,120.03937046631381,102.71373610667908,17.325634359634734,0.015970643149116257,0.590993651897441,1.0503471050520288,1.085610509821463,6011.35009765625
2024-12-04,6079.9501953125,6079.9501953125,5963.5,6011.35009765625,5933.423828125,336960,-0.0049574939167911225,0.01699406130573622,0.12183448682583742,5784.3599853515625,5578.012998046875,5803.836270089644,68.35515861848002,123.52744497681397,106.87647788070606,16.650967096107905,0.01594476392136472,-0.24083657574398964,1.0392420445614592,1.0776866421360272,6101.75
2024-12-05,6130.60009765625,6148.0,6075.4501953125,6101.75,6022.6513671875,618889,0.01503820287875035,0.04829359304758429,0.1257425519590436,5818.437475585937,5593.457998046875,5832.209006271583,74.19339138097544,132.0639349372277,111.91396929201039,20.14996564521732,0.01602950462534345,0.8366838793922127,1.0486922005440185,1.090872587606917,6174.25
2024-12-06,6090.0,6188.9501953125,6065.0,6174.25,6094.21142578125,328550,0.011881837177858845,0.04548188634576045,0.0798580020558941,5841.26748046875,5609.162998046875,5864.784339007622,74.1744308382024,143.0305417730251,118.13728378821335,24.893257984811754,0.011332725258401096,-0.46912935922273624,1.057005182632816,1.1007435516047384,6234.25
2024-12-09,6178.7998046875,6276.89990234375,6178.7998046875,6234.25,6153.43408203125,530525,0.009717779487387057,0.05088161665180335,0.08659847772739093,5866.1099853515625,5627.38599609375,5899.971544816421,81.13057551186446,154.77895975807405,125.4656189821855,29.31334077588855,0.011405784456107576,0.6147466139096027,1.0627570938096509,1.1078411902662275,6345.35009765625
2024-12-10,6200.7001953125,6383.4501953125,6200.7001953125,6345.35009765625,6263.09375,601991,0.01782092435437299,0.05032862178646291,0.11936597086282275,5899.94248046875,5645.763994140625,5942.388549848785,82.02310046560413,171.08238380716557,134.5889719471815,36.493411859984064,0.011121158531839287,0.13470807219263947,1.0754935524646188,1.1239134516146407,6359.75
2024-12-11,6358.0,6372.5,6262.0,6359.75,6277.306640625,221150,0.002269362938550623,0.05795701409565002,0.11152379270791557,5931.847485351563,5664.218994140625,5982.137259386996,82.0085793590714,183.0547751003187,144.28213257780897,38.77264252250973,0.01111214823223996,-0.6326357038560377,1.0721364660344224,1.1227938055676996,6435.9501953125
2024-12-12,6407.64990234375,6509.0,6390.0,6435.9501953125,6352.51904296875,642487,0.011981633761154242,0.05477120421395498,0.13305992024205038,5969.6375,5683.93,6025.357538998949,82.10701013323086,196.42740750477878,154.71118756320294,41.716219941575844,0.0107908494934906,1.9052091340718968,1.0781140723054792,1.1323063787401497,6477.64990234375
2024-12-13,6420.0498046875,6492.7001953125,6345.0,6477.64990234375,6393.677734375,233247,0.006479184233218804,0.049139555791189116,0.14839729642158228,6011.489990234375,5703.727998046875,6068.433002174645,80.54994195181494,207.9925245363538,165.3674549578331,42.62506957852071,0.010328654501133029,-0.6369623042956511,1.0775448204798892,1.135687028652469,6508.60009765625
2024-12-16,6492.9501953125,6520.4501953125,6438.2001953125,6508.60009765625,6424.22705078125,218943,0.004777997542179779,0.04400691304587556,0.13910187968376309,6051.230004882813,5728.895,6110.353677934798,80.10935452497256,217.15218993318467,175.72440195290343,41.42778798028124,0.010240974032207258,-0.06132554759546749,1.0755829959205616,1.136100434316958,6549.35009765625
2024-12-17,6515.0,6575.0,6484.10009765625,6549.35009765625,6464.44921875,317724,0.006260946960725766,0.03214952632406365,0.1599776809438691,6096.392504882812,5757.056005859375,6152.162860765413,86.32306304184047,225.1046093759087,185.6004434375045,39.504165938404185,0.009281166940676756,0.45117222290733205,1.074299283126972,1.1376213972889095,6548.25
2024-12-18,6540.0,6597.0,6514.0498046875,6548.25,6463.36328125,194969,-0.00016797050697348048,0.02963952985573326,0.14674364288625252,6138.290014648437,5783.4180078125,6189.885445454421,96.06815041071413,228.6820856575896,194.21677188152154,34.46531377606806,0.009385190030069632,-0.3863573415920736,1.066787327476094,1.1322456704935266,6674.2001953125
2024-12-19,6352.0,6699.7998046875,6331.0,6674.2001953125,6587.68115234375,785692,0.019234176354369525,0.037018620836053895,0.1656973531241812,6185.725024414062,5810.729013671875,6236.0106597266185,96.26198659629162,238.92619706380628,203.1586569179785,35.76754014582778,0.009715993156366027,3.029830383291703,1.078968135339108,1.1485994579353112,6368.7001953125
2024-12-20,6748.0,6788.89990234375,6353.0,6368.7001953125,6286.14111328125,553867,-0.04577327485839611,-0.016819326248525668,0.09876216438430019,6214.3475341796875,5831.421015625,6248.647758353845,69.66379715948277,219.85903423888976,206.49873238216077,13.360301856728995,0.015333185677876313,-0.2950583689282823,1.0248381121724934,1.09213520653849,6403.14990234375
2024-12-23,6413.14990234375,6491.5,6368.7001953125,6403.14990234375,6320.14404296875,256100,0.005409221030157063,-0.016201670671159074,0.0820335081212431,6238.62001953125,5854.66201171875,6263.362248257647,67.4815305129278,205.16298262369673,206.23158243046797,-1.068599806771232,0.014859755111203994,-0.537614625893942,1.0263728007632147,1.093683954688954,6350.89990234375
2024-12-24,6437.89990234375,6439.9501953125,6275.85009765625,6350.89990234375,6268.57177734375,224656,-0.008160046351698647,-0.030300746234884768,0.06398942771062166,6257.717504882812,5872.289013671875,6271.699167694418,66.05816054327263,187.14285121437206,202.41383618724882,-15.27098497287676,0.015060113079511314,-0.12278016399843816,1.014890796426689,1.0815032924226944,6395.7998046875
2024-12-26,6364.9501953125,6412.7998046875,6299.2998046875,6395.7998046875,6312.8896484375,153355,0.0070698488457012765,-0.023281059109304003,0.08203486953847428,6281.9625,5887.871005859375,6283.518275979473,64.53174226278725,174.47359116651933,196.82578718310293,-22.352196016583605,0.014765931229934056,-0.31737856990242863,1.018121296440006,1.086266971257124,6393.60009765625
2024-12-27,6400.0,6422.7998046875,6356.10009765625,6393.60009765625,6310.71826171875,143250,-0.0003439299381505778,-0.042042505385637696,0.09843405889809587,6310.610009765625,5903.125009765625,6294.002258996309,61.649591901618656,162.3837544864591,189.9373806437742,-27.55362615731508,0.014100086399425575,-0.06589286296501584,1.0131508820482011,1.083087362554448,6637.7001953125
2024-12-30,6410.0498046875,6768.7998046875,6288.9501953125,6637.7001953125,6551.654296875,2234552,0.038178818494721156,0.04223781803985527,0.12395761771760716,6347.2125244140625,5925.00201171875,6326.735395788328,67.9223608601005,170.5335055674077,186.0566056285009,-15.523100061093203,0.01584069219472159,14.598966841186737,1.0457661800012366,1.120286572423797,6457.7001953125
2024-12-31,6490.0,6523.14990234375,6273.7998046875,6457.7001953125,6373.9873046875,573708,-0.027117826160198533,0.00851929031815768,0.08854768754905007,6373.4775390625,5943.436015625,6339.20823383825,54.70300662283601,160.61626204886397,180.9685369125735,-20.35227486370954,0.017488219888656512,-0.7432559188597982,1.0132145529240209,1.086526409695591,6436.7998046875
2025-01-01,6457.64990234375,6502.0498046875,6344.0,6436.7998046875,6353.35791015625,189395,-0.003236506804724537,0.013525626866209839,0.06546604419352398,6393.2525390625,5962.049013671875,6348.502669157226,53.207868444013656,149.3486895323531,174.64456743652943,-25.295877904176336,0.017245952355436217,-0.6698756161671093,1.0068114414938136,1.0796287970674092,6481.14990234375
2025-01-02,6435.0,6513.0,6400.0,6481.14990234375,6397.13330078125,249756,0.006890084980420319,0.013344710632389845,0.07815212839968666,6416.742529296875,5986.719013671875,6361.135738984513,51.9330982488952,142.3567394873544,168.18700184669441,-25.830262359340026,0.01714994076540722,0.31870429525594646,1.0100373940130543,1.082587956365205,6405.9501953125
2025-01-03,6499.0,6527.85009765625,6311.7001953125,6405.9501953125,6322.908203125,246196,-0.01160283409029872,0.0019316343636783806,0.049854581933461706,6431.9525390625,6011.674013671875,6365.403782444322,47.01897134504704,129.25757989419435,160.4011174561944,-31.143537562000063,0.017274320239263927,-0.01425391181793434,0.9959573172233341,1.0655850900670851,6311.14990234375
2025-01-06,6405.9501953125,6488.85009765625,6267.5,6311.14990234375,6229.3369140625,314015,-0.014798787077383024,-0.04919630042938028,0.022172717713689893,6438.797534179687,6023.52201171875,6360.236746244267,42.20458111802104,109.95926818245334,150.3127476014462,-40.35347941899286,0.01754612622600404,0.27546751368828093,0.9801752375100579,1.047750782692488,6334.2998046875
2025-01-07,6319.9501953125,6404.39990234375,6300.0,6334.2998046875,6252.1865234375,367951,0.003668095783171399,-0.019109030598009724,0.016048410745077568,6443.800024414062,6036.38400390625,6357.766561334099,41.390067816291946,95.43312707751556,139.3368234966601,-43.903696419144524,0.017444213425739357,0.17176249542219324,0.9830068873472654,1.0493533546885792,6230.2001953125
2025-01-08,6330.0,6333.25,6092.10009765625,6230.2001953125,6149.4365234375,454176,-0.01643427254547758,-0.03209663429714671,-0.01814713145398905,6438.042529296875,6047.570009765625,6345.617383617756,38.23649455968169,74.66044794740719,126.40154838680951,-51.74110043940232,0.01738128739265103,0.2343382678671888,0.967716532930845,1.0301989369700497,6179.35009765625
2025-01-09,6223.35009765625,6296.0,6142.7001953125,6179.35009765625,6099.24560546875,377541,-0.008161872181010943,-0.04656578064617234,-0.028365879530445337,6429.022534179688,6057.82701171875,6329.782404002374,30.62070542756321,53.47830752876234,111.81690021520008,-58.338592686437735,0.017441660079626633,-0.16873414711477486,0.9611647905733628,1.0200605077864415,6319.64990234375
2025-01-10,6175.10009765625,6410.0,6175.10009765625,6319.64990234375,6237.7265625,705635,0.02270462143595231,-0.01347189571219265,-0.018070415313880983,6423.20751953125,6070.810009765625,6328.8174038444095,47.79360698419866,47.46518127807121,98.94655642777431,-51.4813751497031,0.018026188296371145,0.8690287942236736,0.9838775850114434,1.040989570119611,6003.39990234375
2025-01-13,6289.25,6306.64990234375,5985.10009765625,6003.39990234375,5925.576171875,540037,-0.05004232906679107,-0.048762904504250804,-0.07321328061098309,6399.49501953125,6078.521005859375,6297.825260844346,35.655071874627666,16.985208502994283,82.55428684281831,-65.56907833982403,0.021014984189740734,-0.23467940224053507,0.9381052542460587,0.987641549080243,5880.10009765625
2025-01-14,6047.5,6069.0,5850.0,5880.10009765625,5803.875,839681,-0.0205383293955419,-0.0717048010097554,-0.09656454392186775,6368.07001953125,6088.6730078125,6258.04191196929,33.92515729771364,-16.92455753235663,62.658517967783325,-79.58307550013996,0.021246087685091335,0.5548582782290843,0.9233724000555321,0.9657441104344697,6111.25
2025-01-15,5940.0,6219.39990234375,5914.7998046875,6111.25,6032.02783203125,1295234,0.03931053868213641,-0.01909251574323345,-0.0668921482473549,6346.165014648437,6103.1180078125,6244.061729876976,41.38067107820371,-24.859857144799207,45.15484294526682,-70.01470009006603,0.023337895332412175,0.5425310326183397,0.9629831537462077,1.0013324324021082,6071.60009765625
2025-01-16,6155.2001953125,6215.0,6051.10009765625,6071.60009765625,5992.892578125,284470,-0.0064880183831049765,-0.017437108805482326,-0.0727904252806093,6322.33251953125,6117.380009765625,6227.636812522622,40.46264810998869,-33.95662418316806,29.332549519579842,-63.2891737027479,0.02333752994891979,-0.7803717320576822,0.9603417850768802,0.9925164184607964,5961.2001953125
2025-01-17,6095.0,6095.0,5930.35009765625,5961.2001953125,5883.923828125,281302,-0.01818299963239778,-0.056719867804435276,-0.10682927978407997,6286.68251953125,6128.200009765625,6202.261896597848,28.239183768349037,-49.50358060608414,13.565323494447044,-63.068904100531185,0.022914073848044936,-0.011136499455127069,0.9482266961616794,0.9727489614916287,6090.89990234375
2025-01-20,5994.0,6152.39990234375,5840.0,6090.89990234375,6011.94189453125,500440,0.021757314430278285,0.01457507436175276,-0.0436196216573701,6272.792504882813,6135.665009765625,6191.655992383173,37.80664492703046,-50.77368572575051,0.6975216504075341,-51.47120737615805,0.021586027724854948,0.7790133024294175,0.9710029301308029,0.9927041148187481,5896.7001953125
2025-01-21,6095.39990234375,6143.75,5881.7001953125,5896.7001953125,5820.25927734375,281341,-0.03188358208883435,0.00282309780115253,-0.07909383893165989,6247.47001953125,6138.851015625,6163.564964090728,33.900676270452294,-66.6818793493403,-12.778358549542036,-53.90352079979827,0.02250301145922852,-0.43781272480217404,0.9438541004403141,0.960554374149794,5683.14990234375
2025-01-22,5750.0,5872.5,5445.0,5683.14990234375,5609.4775390625,1209268,-0.03621521968142605,-0.07005115118122318,-0.10514257983401254,6214.08251953125,6139.140009765625,6117.811148686254,28.39270576127879,-95.42100736134853,-29.306888311903336,-66.1141190494452,0.023630650673397938,3.29822883973541,0.9145597736240635,0.9257241068461504,6287.7001953125
2025-01-23,5790.0,6359.10009765625,5783.14990234375,6287.7001953125,6206.19091796875,2738505,0.10637591887545161,0.03559195173932306,-0.01690165619251771,6208.6775390625,6150.461015625,6133.991057888754,47.51152088885527,-68.62376511272123,-37.170263672066916,-31.453501440654314,0.034358686261179994,1.2645972604914708,1.0127277758834827,1.0223136410976104,6360.64990234375
2025-01-24,6287.7001953125,6501.0,6230.0498046875,6360.64990234375,6278.1953125,1433020,0.011601969681320767,0.06700826913099678,-0.0051536215605005875,6207.030029296875,6164.071015625,6155.577614503515,51.05135781717142,-41.02738768907966,-37.94168847546947,-3.085699213610191,0.03446170972211919,-0.47671448472798117,1.0247493362077833,1.031891080784185,6061.25
2025-01-27,6298.7998046875,6312.39990234375,6017.85009765625,6061.25,5982.67626953125,571171,-0.047070646386846104,-0.004867901758218163,-0.08684486770276023,6178.20751953125,6172.484013671875,6146.594032169847,44.809627110237074,-42.82249858186333,-38.917850496748244,-3.9046480851150847,0.03479908066972956,-0.6014214735314232,0.981069344278011,0.9819790519626305,5910.2998046875
2025-01-28,6000.0,6059.0,5871.25,5910.2998046875,5833.6826171875,681360,-0.024904136162095303,0.0023063084309102866,-0.08476708024047719,6150.8375,6176.414013671875,6124.089820028671,44.02546533734677,-55.78252983524726,-42.29078636444805,-13.491743470799207,0.03472503252358184,0.19291770765672633,0.9608935051019476,0.9569144477045556,6275.9501953125
2025-01-29,5970.0,6310.0,5970.0,6275.9501953125,6194.59326171875,724783,0.06186664005352149,0.10430840346552839,-0.02498906510310661,6142.79501953125,6189.011015625,6138.552712912846,51.61430670823803,-36.132010000033915,-41.05903109156523,4.927021091531316,0.03770993393652856,0.06372989315486666,1.0216766431824402,1.0140473460893848,6056.7001953125
2025-01-30,6310.0,6338.60009765625,6025.5,6056.7001953125,5978.185546875,454129,-0.03493494900003469,-0.036738392866156544,-0.06548987655381311,6121.572534179688,6195.9390234375,6130.757235046147,45.71875588797172,-37.81457126874011,-40.41013912700021,2.5955678582600967,0.03842521482733758,-0.3734276328225138,0.9894026676144121,0.977527405031215,6032.60009765625
2025-01-31,6080.39990234375,6137.2001953125,5964.0,6032.60009765625,5974.12548828125,354309,-0.003979080502433008,-0.05157488774325114,-0.05828176714977362,6102.905029296875,6202.081025390625,6121.408936247109,50.52541020161372,-40.62439690462179,-40.45299068252453,-0.17140622209726075,0.038370009114212206,-0.21980538569437313,0.9884800875479584,0.9726735386009085,5933.5498046875
2025-02-01,6047.75,6138.89990234375,5833.10009765625,5933.5498046875,5876.03466796875,317096,-0.016419171064767313,-0.02106829372035468,-0.05983063364031682,6084.0250244140625,6204.827021484375,6103.517590384288,50.970207499345456,-50.26431902819422,-42.41525635165847,-7.849062676535752,0.03839945027611507,-0.10502979038071292,0.9752671596315378,0.9562796487544986,6076.75
2025-02-03,5830.0,6107.9501953125,5477.5498046875,6076.75,6017.84716796875,557306,0.02413398387578569,0.028162732993762374,-0.04065955395684118,6071.147534179688,6208.008017578125,6100.968296061976,49.353108969863385,-45.820774410301055,-43.09635996338699,-2.724414446914068,0.03883979465461248,0.7575308423947322,1.0009228017913865,0.978856661072849,6111.89990234375
2025-02-04,6128.85009765625,6253.9501953125,6008.0498046875,6111.89990234375,6052.65673828125,440631,0.00578432588863298,-0.026139514792720808,-0.018988200902076535,6065.23251953125,6210.86701171875,6102.009401422145,50.75691739261061,-39.013209928288234,-42.279729956367234,3.2665200280790003,0.03870391134881017,-0.20935536312187564,1.0076942446414416,0.9840654921143428,6189.4501953125
2025-02-05,6157.64990234375,6246.7001953125,6120.0,6189.4501953125,6129.455078125,342294,0.012688410184697574,0.021917875364334538,0.0016344918958517418,6065.737524414062,6216.438017578125,6110.3370960783695,54.34058981121718,-27.048704870191614,-39.23352493913211,12.184820068940496,0.038760753767073414,-0.22317313125948923,1.020395322151759,0.9956586356705701,6228.60009765625
2025-02-06,6240.0,6295.0,6210.5,6228.60009765625,6168.22509765625,270778,0.006325263328461617,0.03249013639676668,-0.014407412767237782,6061.185034179687,6224.597021484375,6121.600239085787,52.71202055677155,-14.243488414115745,-34.23551763412884,19.992029220013094,0.03844484393043829,-0.20893150332754884,1.027620846836467,1.0006431060770775,6254.10009765625
2025-02-07,6230.0,6303.9501953125,6190.0,6254.10009765625,6193.478515625,246917,0.0040940178531601035,0.0540233592908439,0.04175970273355034,6073.720043945313,6231.566025390625,6134.219273235355,57.540077667574614,-2.0144044281405513,-27.791294992931185,25.776890564790634,0.036600626089740754,-0.08812015747217272,1.0296984471470252,1.0036161170681348,5993.89990234375
2025-02-10,6280.0,6284.89990234375,5956.10009765625,5993.89990234375,5935.80029296875,265630,-0.041604737891868915,-0.013633948682478247,0.0193533788196667,6079.4100341796875,6232.796025390625,6120.855523626631,56.429351047885135,-13.166967832398768,-24.866429560824702,11.699461728425934,0.037593240690469175,0.07578660035558515,0.9859344687469372,0.9616711148457802,5828.35009765625
2025-02-11,6026.35009765625,6038.39990234375,5783.85009765625,5828.35009765625,5771.85498046875,255594,-0.027619714607307055,-0.046393070766549416,-0.046291659209449776,6065.2650390625,6228.53703125,6092.997864010405,38.38647148099527,-34.9609324936273,-26.885330147385222,-8.075602346242075,0.03703570082598885,-0.037781877047020296,0.9609390620392625,0.9357494494155015,5705.2001953125
2025-02-12,5839.9501953125,5860.0,5683.0498046875,5705.2001953125,5649.89892578125,283805,-0.021129462074227834,-0.07823796697915764,-0.060346514337330515,6046.945043945312,6222.414033203125,6056.064752705843,33.838810567394134,-61.461484680204194,-33.80056105394902,-27.660923626255176,0.0372785337024965,0.1103742654365909,0.9434847106846135,0.9168789098361593,5663.2998046875
2025-02-13,5721.9501953125,5788.25,5618.0,5663.2998046875,5608.40478515625,233733,-0.007344245458630216,-0.09075880360042154,-0.04997322365708323,6032.050024414062,6213.645029296875,6018.658567180286,38.76070144083317,-84.86609109071196,-44.013667061301604,-40.85242402941036,0.03711645060454557,-0.17643100015855961,0.9388681761202102,0.9114295679887509,5562.7001953125
2025-02-14,5700.0,5728.85009765625,5490.10009765625,5562.7001953125,5508.7802734375,370089,-0.017763426420005834,-0.11055146088929002,-0.08671948570817933,6005.6400390625,6201.414033203125,5975.233960335735,39.89536592968413,-110.26093855802355,-57.263121360646,-52.99781719737756,0.03684032901052943,0.5833836043690879,0.9262460219278902,0.8970051290768729,5531.2998046875
2025-02-17,5562.7001953125,5562.7001953125,5388.5,5531.2998046875,5477.6845703125,331116,-0.0056448108872486635,-0.07717848232256308,-0.061966927013767825,5987.37001953125,6187.355029296875,5932.954516940665,23.131882884463735,-131.4055261271933,-72.09160231395546,-59.313923813237835,0.0362538717858958,-0.10530710180524139,0.9238279556205788,0.8939683885112492,5797.25
2025-02-18,5594.25,5814.0,5562.10009765625,5797.25,5741.056640625,836676,0.048080958310580124,-0.0053360036948975065,0.020076911504515182,5993.075024414063,6176.39302734375,5920.03027723203,40.94383807257828,-125.25889937010834,-82.72506172518604,-42.5338376449223,0.0370304103231108,1.5268365165078102,0.9673247834181404,0.9386141675788391,5899.7998046875
2025-02-19,5787.89990234375,5969.64990234375,5739.10009765625,5899.7998046875,5842.6123046875,509368,0.017689388018025776,0.034109164045617035,-0.0616919348212851,5973.680004882813,6167.1940234375,5918.103565561122,45.60526124437478,-110.83510311105147,-88.34707000235912,-22.48803310869235,0.028047092070887653,-0.39120041688777973,0.9876323806874617,0.9566424831562282,5917.89990234375
2025-02-20,5848.7998046875,5949.9501953125,5838.2001953125,5917.89990234375,5860.537109375,215467,0.003067917260831221,0.044956139783650206,-0.06960766695190335,5951.542504882813,6156.833017578125,5918.084169064229,49.45278174543689,-96.82744750404345,-90.04314550269599,-6.784302001347456,0.02788075623849027,-0.5769914874903803,0.9943472465312209,0.9611922047337963,5710.2998046875
2025-02-21,5925.0,5937.39990234375,5680.0,5710.2998046875,5654.94921875,335451,-0.035080028571289446,0.02653380627979507,-0.0579006302845948,5933.9949951171875,6141.486015625,5898.295181980731,37.738814480318126,-101.31003340840653,-92.29652308383811,-9.013510324568415,0.027003633470202133,0.5568555741714509,0.9623027672565015,0.9297912248207538,5639.7998046875
2025-02-24,5628.0,5690.0,5465.7001953125,5639.7998046875,5585.1328125,649930,-0.012346111834991125,0.01961564258513926,-0.04576755984281278,5920.469995117188,6124.110009765625,5873.6765746194715,34.56887341688514,-109.29143224050404,-95.6955049151713,-13.595927325332738,0.026601568306630432,0.9374811820504336,0.9525932585316426,0.9209174550578231,5508.10009765625
2025-02-25,5520.0,5670.0,5470.0,5508.10009765625,5454.70947265625,338075,-0.023351840773104815,-0.049877080054120504,-0.12234802281091339,5882.077490234375,6103.285009765625,5838.859767289641,28.49070127708113,-124.80513807167154,-101.51743154647136,-23.28770652520018,0.022311102002898972,-0.4798285969258228,0.936420866063221,0.9024812193503919,5473.25
2025-02-27,5525.0,5550.2998046875,5400.0,5473.25,5420.197265625,354670,-0.0063270632411126515,-0.07229903027363715,-0.09633136468667436,5852.90498046875,6081.785009765625,5804.039789452532,26.089710437881138,-138.31753489691255,-108.87745221655959,-29.44008268035296,0.021269189502808792,0.04908674110774247,0.935133923797556,0.8999413808958242,5303.89990234375
2025-02-28,5370.0,5472.60009765625,5149.2001953125,5303.89990234375,5252.48828125,1607716,-0.030941414635956677,-0.10375302220925176,-0.12079371805129435,5816.469970703125,6054.37900390625,5756.407419251696,22.43240164962755,-160.8373118818945,-119.26942414962659,-41.567887732267906,0.02205200963244038,3.53299123128542,0.9118760913507453,0.8760435874466572,5292.5498046875
2025-03-03,5303.89990234375,5354.85009765625,5105.0,5292.5498046875,5241.24853515625,505746,-0.0021399532165443658,-0.07315727970308583,-0.10802976651407059,5784.419970703125,6032.85599609375,5712.230503578916,26.21816966838739,-177.55352885544744,-130.92624509079076,-46.62728376465668,0.021934078118572564,-0.6854257841559082,0.9149663806385352,0.8772876077457186,5153.0
2025-03-04,5186.7001953125,5225.2001953125,5085.0498046875,5153.0,5103.0517578125,527077,-0.026367216150503414,-0.08631508591544301,-0.1520138231785082,5738.232470703125,6007.852998046875,5658.970455619019,26.68875906710339,-199.7590561590241,-144.69280730443745,-55.06624885458666,0.021242468561957027,0.042177298485801096,0.8980117181220763,0.8577107332145472,5391.10009765625
2025-03-05,5085.0498046875,5466.0,5085.0498046875,5391.10009765625,5338.84375,890952,0.04620611248908402,-0.021241444041618762,-0.11793383664727441,5702.19248046875,5988.657001953125,5633.458992955899,39.95522866764376,-195.8863525962688,-154.93151636280373,-40.95483623346507,0.02432231151075067,0.6903640265084607,0.9454433739516758,0.9002185458105233,5303.25
2025-03-06,5431.2001953125,5492.7001953125,5267.89990234375,5303.25,5251.8447265625,701133,-0.016295393530986857,-0.031060156214315127,-0.14317914634544637,5657.882470703125,5966.806005859375,5602.010517436289,38.81450927353516,-197.62784502997783,-163.47078209623857,-34.15706293373927,0.02401324573085934,-0.21305188158284616,0.9373206367330119,0.8887920932559621,5278.7998046875
2025-03-07,5270.0,5323.14990234375,5168.0,5278.7998046875,5227.6318359375,370208,-0.004610417255927923,-0.004732385248288451,-0.152490170837288,5610.3924560546875,5944.51,5571.228544793547,40.742182026622515,-198.69053593567605,-170.51473286412607,-28.17580307154998,0.02380730220551309,-0.47198605685369255,0.9408967101741099,0.8880126040140398,5167.0
2025-03-10,5279.4501953125,5309.0,5120.0,5167.0,5116.916015625,233490,-0.021179019630224172,-0.023721988327120358,-0.17382198568642115,5556.037451171875,5915.09599609375,5532.730588146544,38.71228355348399,-206.177351851843,-177.64725666166947,-28.53009519017354,0.0238039106955194,-0.3693005013397873,0.9299793324665551,0.8735276660619232,5239.9501953125
2025-03-11,5105.0,5267.0,4989.9501953125,5239.9501953125,5189.15869140625,405424,0.014118481771337343,0.016873703728410572,-0.1257861691578197,5518.3399658203125,5890.74099609375,5504.846741209968,30.38643879524085,-203.8741025663403,-182.89262584260365,-20.981476723736648,0.023065388878325002,0.7363655831084843,0.9495518992609892,0.8895231005381495,5185.2001953125
2025-03-12,5232.0,5273.39990234375,5033.0,5185.2001953125,5134.93896484375,542214,-0.010448572593109273,-0.03819255784793607,-0.11034853630401842,5486.182470703125,5865.70900390625,5474.404213029256,23.974819504214537,-204.11373229916444,-187.13684713391584,-16.976885165248603,0.02254968949717171,0.3373998579265165,0.9451381216359634,0.8839852423397466,5125.75
2025-03-13,5170.2001953125,5241.35009765625,5075.0,5125.75,5076.06591796875,401647,-0.01146536162022127,-0.033470041955404706,-0.10156526948670219,5457.2099609375,5838.601005859375,5441.199049883613,21.994002869093705,-206.7178596954036,-191.0530496462134,-15.664810049190208,0.022301360113817736,-0.25924634922742684,0.9392620105676568,0.8779072238120078,5167.2998046875
2025-03-17,5125.75,5218.35009765625,5034.7998046875,5167.2998046875,5117.21240234375,840748,0.008106092705945533,-0.02112222552955878,-0.08758144846745741,5432.4099609375,5813.827998046875,5415.113407483984,28.248681500003528,-203.08785702854857,-193.46001112268044,-9.627845905868128,0.022486616625021393,1.0932510388475452,0.95119842608413,0.8887947504507232,5167.2998046875
2025-03-18,5167.2998046875,5167.2998046875,5167.2998046875,5167.2998046875,5117.21240234375,0,0.0,5.802297029222636e-05,-0.07108065808727038,5412.63994140625,5790.95099609375,5391.512111979557,29.93971632675907,-197.9294463120259,-194.35389816054953,-3.5755481514763687,0.02227813237593054,-1.0,0.9546727402201802,0.8923059110969976,5280.60009765625
2025-03-20,5340.0,5385.0,5184.60009765625,5194.0498046875,5143.70361328125,621056,-0.016390238110847388,0.0017067054388759662,-0.10404936742636595,5369.9449462890625,5749.153994140625,5363.149133633633,38.47233814356506,-175.4027689217919,-188.68211263906667,13.27934371727477,0.019885630159997565,-0.07639364984942554,0.9672445167760768,0.9034459348246939,5275.5498046875
2025-03-21,5104.64990234375,5323.0,5028.2001953125,5275.5498046875,5224.4130859375,789021,0.01569103167367558,0.029224953360483807,-0.10580867498317859,5338.732446289063,5731.07798828125,5354.806340400668,48.73792122729503,-161.26817938583827,-183.199325988421,21.931146602582743,0.019768759981096166,0.2704506517930749,0.9881652354304661,0.9205161429446255,5421.2998046875
2025-03-24,5306.0,5508.39990234375,5232.25,5421.2998046875,5368.75,569197,0.027627452189058266,0.04915526669646386,-0.08391492013232171,5313.90244140625,5713.110986328125,5361.1390512851285,55.11907757204139,-136.72947613817269,-173.90535601837135,37.175879880198664,0.02104355897357312,-0.2786034845713866,1.0202106388789534,0.9489225428424286,5558.2998046875
2025-03-25,5499.0,5633.0,5435.14990234375,5558.2998046875,5504.42236328125,827076,0.025270692441975662,0.07566814676502909,-0.02661856736054835,5306.30244140625,5704.208984375,5379.916265894879,66.14739001230234,-105.01705078871146,-160.12769497243937,55.11064418372791,0.020701141371146776,0.45305755300888806,1.0474901998263157,0.9744207864601078,5517.0
2025-03-26,5574.0,5623.60009765625,5477.7998046875,5517.0,5463.5234375,416614,-0.007430294539468751,0.04476762071959861,-0.021773787889675655,5300.162451171875,5696.946982421875,5392.971859619176,55.94877249163088,-82.26892929866517,-144.55594183768454,62.28701253901937,0.020590043092577996,-0.49628087382538,1.0409114910770674,0.9684134356564827,5641.4501953125
2025-03-27,5440.60009765625,5669.0,5440.60009765625,5641.4501953125,5586.767578125,593246,0.02255758479472547,0.08613710061486746,0.024209817412902845,5306.8299560546875,5687.550986328125,5416.636463018541,65.44574141271421,-53.58113842770217,-126.36098115568807,72.7798427279859,0.020514230447579666,0.423970389857278,1.0630546375197185,0.9918944390781826,5513.75
2025-03-28,5665.0,5700.4501953125,5466.5,5513.75,5460.30419921875,317428,-0.022636058263637016,0.04515172903890541,0.007399625451057323,5308.854956054687,5676.393984375,5425.885371302489,59.805519056018724,-40.68124790213187,-109.22503450497683,68.54378660284496,0.02115160342934625,-0.4649302313037087,1.0385949598626032,0.9713473052042021,5211.5498046875
2025-04-01,5494.0,5509.64990234375,5189.7998046875,5211.5498046875,5161.033203125,453706,-0.054808468884606665,-0.038689983501491776,-0.017411734639909304,5304.237451171875,5661.4009765625,5405.4724601963,51.6042985734723,-54.21803018876835,-98.22363364173515,44.005603452966795,0.023559797495267897,0.4293194047154001,0.9825257358220458,0.9205406623312272,5317.5
2025-04-02,5253.64990234375,5411.9501953125,5218.75,5317.5,5265.95703125,525175,0.020329882526922027,-0.04332256501968923,0.004714210774247718,5305.4849609375,5645.932978515625,5397.094130653795,52.727839204817926,-55.754034574296384,-89.7297138282474,33.975679253951014,0.02401453640982313,0.15752271294626907,1.0022646448253012,0.9418283958089113,4793.35009765625
2025-04-03,5120.39990234375,5145.0,4771.5498046875,4793.35009765625,4746.8876953125,2581937,-0.09857073856958154,-0.13116728336845207,-0.06979427563433926,5287.502465820313,5623.8659765625,5339.5946989397435,39.63826123064314,-98.13461102258043,-91.41069326711401,-6.723917755466417,0.03227449802549891,3.9163364592754792,0.9065433309282818,0.852322960332371,4609.9501953125
2025-04-04,4750.0,4772.35009765625,4498.60009765625,4609.9501953125,4565.26513671875,2694235,-0.038261320080380745,-0.18284305706661685,-0.14489619710146928,5248.444970703125,5602.401982421875,5270.104746213339,37.1997318671007,-144.85061485395545,-102.0986775844823,-42.751937269473146,0.030983614143117122,0.043493702596151707,0.8783459140841317,0.8228524496772461,4573.5498046875
2025-04-07,4148.9501953125,4630.0,4148.9501953125,4573.5498046875,4529.2177734375,1802134,-0.007896048565126046,-0.17051919207662658,-0.13759490789845852,5211.9599609375,5568.118974609375,5203.766180353736,35.22753723122257,-182.70448816367752,-118.21983970032136,-64.48464846335617,0.030912445621326747,-0.33111476912741467,0.8775105409414607,0.8213814800910126,4595.2998046875
2025-04-08,4718.5498046875,4920.0,4576.35009765625,4595.2998046875,4550.75732421875,1299383,0.004755605804862562,-0.11824697510243831,-0.12948018968119634,5177.7849609375,5532.81197265625,5145.817001718856,35.92104915258719,-208.54493604834715,-136.28485896992652,-72.26007707842064,0.031019769569206553,-0.27897537031097575,0.8875030228863475,0.8305541246292056,4402.75
2025-04-09,4518.5498046875,4535.14990234375,4341.4501953125,4402.75,4360.07373046875,1279395,-0.04190146734084399,-0.17202632816173014,-0.14790981227017608,5139.5724609375,5499.64197265625,5075.04871584087,29.204279911248136,-241.77381911199518,-157.38265099834024,-84.39116811365494,0.03187252832792239,-0.015382685474567559,0.8566374019361335,0.8005521126448043,4544.60009765625
2025-04-11,4525.0,4584.89990234375,4413.0,4544.60009765625,4500.548828125,1076005,0.032218521981999926,-0.05189481154769571,-0.1327016616070681,5104.804956054688,5472.327978515625,5024.529799823287,35.007744821925456,-253.7369098005429,-176.65350275878077,-77.08340704176211,0.03276236986773845,-0.15897357735492168,0.890259302123974,0.8304692473657214,4716.0
2025-04-15,4641.5,4728.0,4562.0,4716.0,4670.287109375,583389,0.0377150681381504,0.023004544560011553,-0.0904883471493857,5081.344946289062,5441.128974609375,4995.146009363926,37.59780882263177,-246.54518625217588,-190.63183945745982,-55.91334679471606,0.03420054020586718,-0.4578194339245636,0.9281007390462882,0.8667318900189398,4705.5
2025-04-16,4716.0,4737.0,4647.5,4705.5,4659.88916015625,389526,-0.0022264631043257266,0.028850717920959834,-0.08198800175584064,5060.332446289062,5414.104970703125,4967.56067513879,33.12271039076765,-238.93862009602435,-200.29319558517273,-38.645424510851626,0.03415901594088233,-0.3323048600504981,0.9298796175833715,0.8691187233092935,4836.0
2025-04-17,4650.0,4855.0,4555.0,4836.0,4789.12451171875,632950,0.02773350334714686,0.05237964997778177,-0.06411468604685222,5043.7674560546875,5390.17296875,4955.031087030334,32.91708990830264,-219.84585606945438,-204.20372768202907,-15.642128387425316,0.03479201131861544,0.6249236251238686,0.9588070905598002,0.8971882772662647,4900.5
2025-04-21,4818.5,5006.0,4715.0,4900.5,4852.99853515625,743849,0.013337468982630218,0.11305434103685186,-0.05163234470070299,5030.427465820312,5369.51197265625,4949.8376501703015,35.57760317573458,-197.23647278858698,-202.81027670334066,5.573803914753682,0.034974130976175404,0.1752097322063355,0.9741716848710937,0.912652774582746,4961.0
2025-04-22,4863.0,5025.0,4863.0,4961.0,4912.91259765625,461798,0.012345679012345734,0.09162520208510672,-0.06052344274244548,5014.4474609375,5347.19697265625,4950.900731106463,33.59056591953977,-172.4486485908874,-196.73795108085002,24.289302489962637,0.034692958083207104,-0.37917776322882735,0.9893413060254683,0.9277758095257889,5163.5
2025-04-23,5050.0,5249.0,5033.0,5163.5,5113.44921875,1465607,0.04081838339044541,0.09488973706530968,-0.005881692674554184,5012.919970703125,5328.228974609375,4971.148280524895,41.847637820690586,-134.9089156885193,-184.3721440023839,49.46322831386459,0.035829573987724884,2.173697157631692,1.0300383868437768,0.9690837283092828,5156.5
2025-04-24,5272.0,5387.5,5131.0,5156.5,5106.51708984375,2537811,-0.0013556696039508376,0.09584528742960363,-0.022566331300999276,5006.96748046875,5307.569970703125,4988.800825236811,48.51453631007563,-104.5184250591592,-168.40140021373895,63.88297515457975,0.03564730676309119,0.7315767460171791,1.0298648873024536,0.9715368857053217,5273.5
2025-04-25,5233.0,5329.0,5138.0,5273.5,5222.38330078125,1391012,0.02268980897895867,0.09046732837055416,-0.0272627985930064,4999.577490234375,5288.46796875,5015.915032357115,48.81974248927039,-70.18378510670755,-148.75787719233267,78.57409208562513,0.03545871414929749,-0.45188510885956445,1.0547891317417672,0.9971696966232098,5287.0
2025-04-28,5293.5,5315.0,5172.5,5287.0,5235.75244140625,605942,0.0025599696596187993,0.07886950311192731,-0.04880985449160258,4986.0125,5269.125966796875,5041.732648323104,68.23807096178068,-41.40668787778668,-127.28763932942347,85.88095145163679,0.034940900875396835,-0.5643876544558926,1.0603663749338776,1.0033922197563234,5404.0
2025-04-29,5258.5,5444.0,5252.0,5404.0,5351.61865234375,733031,0.02212975222243241,0.08929651279983863,-0.02048214609389165,4980.3625,5257.32796875,5076.234300863761,80.85005960524708,-9.055324659940197,-103.64117639552683,94.58585173558663,0.03531787500050048,0.20973789570618973,1.0850615793529086,1.0278985888120031,5321.5
2025-04-30,5400.0,5433.5,5277.0,5321.5,5269.91796875,568446,-0.015266469282013362,0.03059939963203262,-0.05671417529810818,4964.364990234375,5247.190966796875,5099.592938876736,78.05409792951578,9.813182985494677,-80.95030451932253,90.7634875048172,0.03503409092572221,-0.22452665712636988,1.0719397164527913,1.014161678824601,5406.5
2025-05-02,5332.0,5487.0,5332.0,5406.5,5354.09375,509581,0.015972939960537502,0.04848249781828762,-0.01945137157107235,4959.002490234375,5241.216962890625,5128.8221827932375,79.04820986829728,31.26499743151271,-58.50724412915548,89.77224156066819,0.0349189221627055,-0.10355425141526198,1.090239420255761,1.0315352404374076,5533.0
2025-05-05,5490.0,5568.0,5459.5,5533.0,5479.3681640625,402811,0.02339776195320442,0.0492083056793402,0.06168034603130401,4975.075,5238.610966796875,5167.3153082415,92.48261604961473,57.80684638572711,-35.244426026178964,93.05127241190607,0.032819306350002665,-0.20952508040919893,1.1121440380295775,1.0561960097951553,5425.0
2025-05-06,5560.0,5630.5,5405.0,5425.0,5372.41455078125,368401,-0.01951924814747874,0.026101759031586846,0.02021626704278323,4980.45,5235.856962890625,5191.856707456595,83.95556806013649,69.32759019446166,-14.33002278205084,83.6576129765125,0.03295480991537446,-0.08542467807482912,1.0892590027005593,1.0361245615474095,5504.0
2025-05-07,5325.0,5518.0,5310.5,5504.0,5450.64892578125,411265,0.01456221198156693,0.01850481125092518,0.1482574583256977,5015.982495117188,5235.310966796875,5221.584640079776,82.72425249169436,83.86575027031449,5.3091318284222275,78.55661844189227,0.02310528116272889,0.11635147570174897,1.0972925055774962,1.0513224591446795,5469.5
2025-05-08,5555.0,5585.0,5450.0,5469.5,5416.4833984375,330638,-0.006268168604651181,0.027811707225406268,0.18645533428137884,5058.959985351563,5228.755966796875,5245.195626738845,81.10749185667753,91.54817482808721,22.556940428355226,68.99123439973198,0.020783743766089442,-0.19604634481417094,1.0811510697529083,1.0460423157500318,5443.0
2025-05-09,5315.5,5488.0,5315.5,5443.0,5390.240234375,299463,-0.004845049821738723,0.006751132895588707,0.19010401820078293,5102.4324951171875,5219.619970703125,5264.034138478002,77.0017793594306,94.40992426989669,36.92753719666352,57.48238707323317,0.020665684845789723,-0.09428740798093382,1.066746106922281,1.0427962247348794,5876.5
2025-05-12,5640.0,5929.0,5556.5,5876.5,5819.5380859375,936725,0.07964357890869,0.06208205313573112,0.2788066611030675,5166.492504882813,5218.79197265625,5322.3642205277165,82.68586738111185,130.15733566424933,55.57349689018069,74.58383877406864,0.025970642456934874,2.128015814975473,1.1374254379438593,1.1260268718871718,5761.0
2025-05-13,5955.0,5955.0,5748.0,5761.0,5705.15771484375,620746,-0.0196545562835021,0.06193548387096781,0.3085003690875021,5234.405004882812,5219.8059765625,5364.139056667935,75.83979328165374,147.4676171194924,73.95232093604304,73.51529618344935,0.023903683559585494,-0.3373231204462356,1.1006026462656144,1.1036808697234188,5758.5
2025-05-14,5799.0,5817.5,5640.0,5758.5,5702.6826171875,495296,-0.0004339524388127236,0.046239098837209225,0.26710818911652634,5295.1,5222.17998046875,5401.697241747179,72.06973293768546,159.14983060015857,90.99182286886614,68.15800773129243,0.023693607923174015,-0.2020955431045871,1.0875148722403731,1.1027004089359458,5653.5
2025-05-15,5770.0,5798.5,5552.0,5653.5,5598.69970703125,1002976,-0.018233915082052632,0.03364110064905379,0.19879134860050884,5341.975,5225.087978515625,5425.678456818876,67.1853388658368,158.11282030039365,104.41602235517165,53.696797945222,0.023820968407323197,1.0250032303915235,1.0583164466325656,1.0819913508147438,5699.0
2025-05-16,5667.0,5708.0,5625.0,5699.0,5643.7587890625,410772,0.008048111789157097,0.047032886275950814,0.2111359047922643,5391.65,5229.602978515625,5451.709079978983,65.478355765733,159.12812197094445,115.35844227832622,43.769679692618226,0.023668028673182923,-0.590446830233226,1.0570048129978764,1.0897576782430258,5669.5
2025-05-19,5650.0,5732.0,5605.5,5669.5,5614.54443359375,287926,-0.005176346727496006,-0.03522504892367906,0.17235318444995862,5433.325,5236.91498046875,5472.451072361937,63.75404530744336,155.7568839980604,123.43813062227306,32.31875337578734,0.023505132286685597,-0.29906127973669094,1.043467858079537,1.0826030250910297,5647.0
2025-05-20,5718.0,5815.0,5619.0,5647.0,5592.2626953125,554900,-0.00396860393332743,-0.019788231209859397,0.15233139475563728,5470.65,5244.003984375,5489.074779756038,59.375,149.54572166604976,128.6596488310284,20.886072835021366,0.02362574630250255,0.9272313024874448,1.032235657554404,1.076848914841744,5670.0
2025-05-21,5690.0,5715.0,5575.0,5670.0,5615.04052734375,256723,0.004072959093323947,-0.015368585569158655,0.1429147349324733,5506.1,5254.343984375,5506.305753112606,64.09219571370804,144.8099594781097,131.88971096044466,12.920248517665044,0.02360650146376732,-0.5373526761578663,1.0297669857067615,1.079107119149612,5582.5
2025-05-22,5625.0,5685.5,5487.0,5582.5,5528.38818359375,530747,-0.015432098765432056,-0.012558592022640869,0.08114650915076993,5527.05,5258.171982421875,5513.562348054263,57.10250201775625,132.469291559034,132.00562708016253,0.4636644788714648,0.022693301080913702,1.0673917023406552,1.0100324766376276,1.0616807549586351,5662.0
2025-05-23,5610.0,5733.0,5595.5,5662.0,5607.1171875,279220,0.01424093148231087,-0.006492367081944228,0.09803161058857746,5552.325,5265.346982421875,5527.69926728719,55.411073825503365,127.63293587817225,131.1310888397645,-3.4981529615922398,0.02276216185765591,-0.4739112986036662,1.0197529863615693,1.0753327404447102,5691.0
2025-05-26,5690.0,5705.5,5632.5,5691.0,5635.8369140625,176868,0.0051218650653479525,0.003792221536290663,0.07916943206599036,5573.2,5273.590986328125,5543.251718021744,61.94968553459119,124.70265224355808,129.8454015205232,-5.142749276965134,0.022376276657858945,-0.3665639997134875,1.0211368693030933,1.0791508129382834,5645.5
2025-05-27,5700.0,5725.0,5614.0,5645.5,5590.77734375,346050,-0.00799507995079951,-0.0002656277669559337,0.06780783052770945,5591.125,5283.160986328125,5552.989649638721,56.553960166743856,117.35610350141269,127.34754191670112,-9.991438415288428,0.02253710353820874,0.9565438632200285,1.0097252341881107,1.0685837540460235,5584.0
2025-05-28,5699.0,5716.0,5571.0,5584.0,5529.87353515625,237413,-0.010893632096359962,-0.015167548500881867,0.033308660251665456,5600.125,5290.041982421875,5555.943016339796,55.173971983732486,105.35688607094107,122.94941074754912,-17.59252467660805,0.022310478123837157,-0.3139344025429851,0.9971205999866074,1.055568182361295,5670.0
2025-05-29,5645.0,5725.0,5628.0,5670.0,5615.04052734375,319452,0.015401146131805099,0.01567398119122254,0.06548905383820358,5617.55,5299.737978515625,5566.805586212196,59.734133790737566,101.61554037959195,118.68263667395769,-17.06709629436574,0.022123911239218995,0.3455539502891585,1.0093368105312814,1.0698642127186972,5638.0
2025-05-30,5676.0,5694.5,5590.0,5638.0,5583.3505859375,568563,-0.005643738977072266,-0.00423878488166729,0.04281882918708968,5629.125,5309.982978515625,5573.586006572939,34.40156965336821,94.9735682239234,113.94082298395084,-18.967254760027444,0.02200516230199702,0.7798072949926749,1.0015766215886128,1.0617736483923852,5519.0
2025-06-02,5632.0,5635.0,5449.0,5519.0,5465.50341796875,465790,-0.021106775452288007,-0.03022315937445086,-0.002530272908006559,5628.425,5317.016982421875,5568.387339280279,34.24479166666667,79.19454652675995,106.99156769251266,-27.79702116575271,0.02201187819259266,-0.18075921225967928,0.9805585043773346,1.037988033185879,5485.0
2025-06-03,5562.0,5630.0,5475.5,5485.0,5431.83349609375,327547,-0.006160536329045119,-0.02842972278806133,0.011059907834101379,5631.425,5323.370986328125,5560.445687920253,32.89555972482802,63.21731247312255,98.23671664863465,-35.01940417551211,0.021583859540941778,-0.2967925459971231,0.9739985882791655,1.0303621547487454,5504.0
2025-06-04,5500.0,5528.0,5469.0,5504.0,5450.64892578125,245070,0.003463992707383845,-0.014326647564469885,0.0,5631.425,5327.838984375,5555.069908118324,39.52347582340575,51.494780807473035,88.88832948040235,-37.39354867292931,0.021351859050012047,-0.2518020314641868,0.9773725122859667,1.0330642529065965,5623.0
2025-06-05,5515.0,5646.5,5486.0,5623.0,5568.49609375,386683,0.02162063953488369,-0.008289241622574939,0.028064722552335608,5639.1,5336.41798828125,5561.5394406784835,45.1715374841169,51.216503510368966,81.35396428639568,-30.137460776026714,0.02181229827155312,0.5778471457134695,0.9971449344753595,1.0537030668040028,5676.5
2025-06-06,5622.0,5693.0,5556.0,5676.5,5621.47705078125,252969,0.009514494042326183,0.006828662646328532,0.04289913650560351,5650.775,5344.4369921875,5572.488065375771,50.43156596794082,54.682622397134764,76.0196959085435,-21.337073511408732,0.021825193665925228,-0.34579746200376016,1.0045524728908868,1.062132458161245,5790.5
2025-06-09,5725.0,5815.0,5694.0,5790.5,5734.3720703125,335979,0.020082797498458538,0.049193694509874986,-0.014634561388581657,5646.475,5351.82099609375,5593.2511067685555,57.95013850415512,65.86909591358017,73.98957590955084,-8.120479995970669,0.012997608936911905,0.32814297404029746,1.0255070641417876,1.0819681757342852,5946.0
2025-06-10,5815.0,6050.0,5801.5,5946.0,5888.3642578125,908647,0.026854330368707435,0.08404740200546956,0.032112480472140215,5655.725,5359.575,5626.846239457265,63.33333333333333,86.28734045309011,76.4491288182587,9.83821163483141,0.013567754793435473,1.7044755773426314,1.0513241008005163,1.1094163249884552,5965.5
2025-06-11,5960.5,5993.5,5904.5,5965.5,5907.67578125,346228,0.0032795156407670056,0.08384811046511631,0.035946861161760824,5666.075,5368.545,5659.0989785565735,69.80351602895553,102.85676463130312,81.7306559808676,21.126108650435526,0.013562872229228473,-0.618963139701116,1.0528452235453996,1.1111949327052302,5922.0
2025-06-12,5970.0,5995.0,5837.5,5922.0,5864.59765625,428130,-0.007291928589388985,0.053174462030944225,0.04749270363491642,5679.5,5374.15599609375,5684.137171074995,63.963480128893664,111.19626488909034,87.62377776251215,23.572487126578196,0.012915117375657684,0.23655510241805988,1.0426974205475834,1.1019404729420685,5882.5
2025-06-13,5760.0,5965.5,5736.0,5882.5,5825.48046875,301316,-0.006670043904086431,0.036289967409495194,0.032198631338831385,5688.675,5381.53099609375,5703.0288690678535,60.16994158258099,113.31187033448987,92.7613962769077,20.550474057582164,0.01299551615933121,-0.29620442388993995,1.0340720818116695,1.093090424317891,6019.0
2025-06-16,5911.0,6041.5,5841.0,6019.0,5960.6572265625,540382,0.023204419889502725,0.03946118642604257,0.06164564776435322,5706.15,5397.68,5733.121357728058,68.08716707021792,124.56698149160275,99.12251331984672,25.44446817175603,0.013737415564084806,0.7934062578820906,1.0548268096702682,1.1151087133731528,6068.0
2025-06-17,6045.0,6145.0,6004.0,6068.0,6009.18212890625,672714,0.008140887190563273,0.020517995290951996,0.07455285992562422,5727.2,5412.69,5765.0145617539565,73.72549019607843,135.87435369171635,106.47288139422065,29.4014722974957,0.01367690772547073,0.2448860250711533,1.0595055175303814,1.121069191104608,6025.5
2025-06-18,6065.0,6128.0,6010.0,6025.5,5967.09423828125,265478,-0.007003955174686882,0.010057832537088363,0.0626984126984127,5744.975,5437.332998046875,5789.82269872977,68.20276497695852,139.7946669118428,113.13723849774509,26.65742841409771,0.013883314488854917,-0.6053627544543446,1.0488296293717552,1.1081719663232688,5898.5
2025-06-19,6039.0,6041.5,5867.5,5898.5,5841.3251953125,419777,-0.021077089038254115,-0.003968253968253954,0.05660546350201523,5760.775,5463.103994140625,5800.172917898363,62.15585627624825,131.14198163516903,116.73818712522989,14.403794509939146,0.014330850376005523,0.5812120025011489,1.0239073735738682,1.0796975503900992,6106.5
2025-06-20,5900.0,6130.0,5895.5,6106.5,6047.30908203125,662959,0.03526320250911241,0.038079048023799356,0.07850582832921238,5783.0,5493.762998046875,5829.346925717567,75.31236535975873,139.46090933424057,121.28273156703203,18.17817776720854,0.01589552216515267,0.579312349175872,1.055939823620958,1.1115332063234187,6080.0
2025-06-23,6066.0,6155.0,6044.5,6080.0,6021.06591796875,442534,-0.004339638090559261,0.010134573849476691,0.06835354067826382,5802.45,5523.457001953125,5853.218647077799,75.80225498699046,142.27532950491695,125.48125115460903,16.794078350307927,0.015997872285927774,-0.3324866243613859,1.0478332428543116,1.100759904141569,6082.5
2025-06-24,6180.0,6180.0,6060.0,6082.5,6023.54150390625,358910,0.0004111842105263275,0.0023895847066579545,0.07740678416437863,5824.3,5557.052001953125,5875.054966403723,75.45094588649363,143.0584184761883,128.9966846189249,14.06173385726342,0.0157909331334977,-0.18896627151812062,1.0443315076489879,1.094555170234541,6108.5
2025-06-25,6138.0,6176.5,6090.0,6108.5,6049.2900390625,292512,0.004274558158651853,0.013774790473819687,0.09392908309455583,5850.525,5588.33,5897.287826746225,73.26305701964543,144.11572842830992,132.0204933808019,12.095235047508027,0.015404963214130016,-0.18499902482516506,1.0440943334145227,1.0930814751455264,6055.5
2025-06-26,6140.0,6140.0,6006.0,6055.5,5996.8037109375,555658,-0.008676434476549089,0.026616936509282096,0.06798941798941804,5869.8,5615.12,5912.355652770393,68.16874400767018,139.07384045999243,133.43116279664002,5.642677663352401,0.015458060404422444,0.8996075374685484,1.031636512317285,1.0784275313795608,6010.5
2025-06-27,6065.0,6133.0,5984.5,6010.5,5952.23974609375,1074099,-0.007431260837255427,-0.015720953082780653,0.06606952820148981,5888.425,5641.22,5921.7027334589275,61.29363449691992,129.94901267330533,132.73473277197309,-2.7857200986677526,0.015518195155756845,0.9330217507891545,1.0207313500638966,1.0654610172976766,6041.5
2025-06-30,6025.0,6084.0,5985.0,6041.5,5982.93896484375,362533,0.00515764079527492,-0.0063322368421052655,0.09467294799782566,5914.55,5665.33,5933.111996939029,55.62095350206003,123.79196511765895,130.94617924111026,-7.154214123451311,0.014414570383826698,-0.6624771087208907,1.0214640167045674,1.066398603435281,6038.5
2025-07-01,6059.5,6097.5,5987.0,6038.5,5979.96826171875,412381,-0.0004965654224944327,-0.007233867653103188,0.10091157702825893,5942.225,5688.09,5943.148949611503,54.38175270108042,117.31801657556844,128.2205467080019,-10.90253013243347,0.014246051006209483,0.13749920696874485,1.0162018435855256,1.061604158865278,6014.5
2025-07-02,6039.5,6113.0,5975.5,6014.5,5956.201171875,320897,-0.003974496977726227,-0.015388393222558694,0.09275072674418605,5967.75,5709.16,5949.9442877437405,55.68531038721573,108.99434730099074,124.37530682659968,-15.380959525608944,0.014382347134336006,-0.22184339239683692,1.0078337731976037,1.0534824737789799,5950.5
2025-07-03,6039.5,6088.0,5921.0,5950.5,5892.8212890625,222105,-0.010640951034998736,-0.017339608620262625,0.058242930819847105,5984.125,5724.9,5949.9972127205265,54.05727923627684,96.12544006534063,118.72533347434788,-22.59989340900725,0.014173724982516994,-0.30786202426323717,0.9943809663066865,1.039406801865535,5896.0
2025-07-04,5965.0,5975.0,5838.5,5896.0,5838.849609375,153281,-0.00915889421057059,-0.019049995840612288,0.03866819342904959,5995.1,5739.69,5944.854621032857,41.86507936507937,80.59993792840305,111.10025436515892,-30.500316436755867,0.014331250443120995,-0.3098714571936697,0.9834698336975196,1.0272331780984687,5840.5
2025-07-07,5885.0,5895.0,5805.0,5840.5,5783.88720703125,289291,-0.009413161465400277,-0.03326988330712566,0.008634832915983104,5997.6,5751.03,5934.9160856963945,35.08196721311475,63.090214739310795,101.4982464399893,-38.40803170067851,0.013882606809221917,0.8873245868698665,0.9738061891423235,1.0155572132296302,5784.0
2025-07-08,5845.5,5950.0,5735.0,5784.0,5727.93505859375,360059,-0.00967382929543703,-0.042146228367972216,-0.0272452068617558,5989.5,5760.97,5920.543125153881,34.44945267224726,44.145671332023994,90.02773141839624,-45.88206008637225,0.012577239028633084,0.244625653753487,0.9656899574254946,1.0039975906835132,5724.0
2025-07-09,5791.0,5803.5,5711.0,5724.0,5668.51611328125,276308,-0.010373443983402453,-0.04829994180729902,-0.04048277596178018,5977.425,5767.37,5901.824732282083,37.70260747004934,24.01367098349965,76.82491933141692,-52.81124834791727,0.01268531605652941,-0.23260354553003815,0.9576029812168283,0.9924801079174737,5680.5
2025-07-10,5748.0,5748.0,5637.0,5680.5,5625.4384765625,287650,-0.007599580712788212,-0.045374338290899874,-0.04078014184397161,5965.35,5774.55,5880.746186350456,10.917431192660544,4.496990699231901,62.35933360497992,-57.86234290574802,0.012692270277735888,0.04104839526904769,0.9522492393572883,0.9837130165986959,5578.5
2025-07-11,5600.0,5665.0,5560.0,5578.5,5524.4267578125,261377,-0.01795616583047266,-0.053850067842605154,-0.051678708032299236,5950.15,5777.99,5851.9608352694595,9.589041095890408,-18.98185557134002,46.091095769715935,-65.07295134105595,0.013153175419426627,-0.09133669389883536,0.9375393897632833,0.9654741527763115,5605.0
2025-07-14,5550.0,5625.0,5500.0,5605.0,5565.63525390625,263267,0.0047503809267723796,-0.04032189024912247,-0.06878218973251371,5929.45,5779.43,5828.4407557199875,12.955779674166024,-35.046685491915014,29.863539517389743,-64.91022500930475,0.011830872522652306,0.007230934626994756,0.9452816028468071,0.9698188229635102,5581.5
2025-07-15,5629.0,5665.0,5565.5,5581.5,5542.30029296875,526331,-0.004192685102586968,-0.03501037344398339,-0.08017468688200391,5905.125,5782.56,5804.92258850856,8.956386292834878,-49.10834214772876,14.069163184366044,-63.17750533209481,0.011509744166326637,0.9992289196898965,0.9451959103321268,0.9652299327633435,5592.5
2025-07-16,5600.0,5625.0,5561.5,5592.5,5553.22314453125,461144,0.001970796380901252,-0.0229734451432565,-0.07186125632727569,5883.475,5784.33,5784.691865793459,11.416666666666671,-58.68817750886228,-0.4823049542796216,-58.20587255458266,0.011565693358303658,-0.12385172068527217,0.9505436837923166,0.9668362627996674,5494.5
2025-07-17,5614.5,5614.5,5475.0,5494.5,5455.9111328125,408609,-0.017523468931604835,-0.03274359651439129,-0.06849198948885304,5863.275,5784.83,5757.054545241701,10.49004594180704,-73.34259920195655,-15.054363803815008,-58.28823539814154,0.011308452798276395,-0.11392319969467235,0.9371042634022795,0.9498118354385522,5547.5
2025-07-18,5503.0,5629.5,5415.0,5547.5,5508.5390625,780185,0.00964600964600959,-0.0055570493860356285,-0.09154179972160814,5835.325,5786.92,5737.096969504396,13.407407407407405,-79.76025039510023,-27.995541122072055,-51.764709273028174,0.007497813392404647,0.9093681245395966,0.9506754122521025,0.9586273872802803,5779.0
2025-07-21,5560.0,5806.0,5560.0,5779.0,5738.41357421875,688971,0.04173050923839572,0.03104371097234604,-0.04950657894736843,5820.275,5784.97,5741.087734313501,35.63918096292197,-65.41213950203473,-35.478860798064595,-29.93327870397014,0.012821402826697005,-0.11691329620538715,0.9929084106850622,0.9989680153916096,5713.5
2025-07-22,5825.0,5849.0,5703.5,5713.5,5673.37353515625,376423,-0.011334140854819208,0.023649556570814356,-0.060665844636251576,5801.825,5784.02,5738.460331045548,34.074074074074076,-58.65037581656088,-40.113163801763854,-18.537212014797028,0.012951373599601758,-0.4536446381632899,0.9847763419268937,0.9878077876632514,5605.5
2025-07-23,5732.0,5774.5,5567.5,5605.5,5566.1318359375,456892,-0.018902599107377238,0.002324541797049662,-0.08234427437177705,5776.675,5780.96,5725.797442374544,32.55813953488372,-61.29970197960483,-44.35047143733205,-16.949230542272787,0.013294274151136232,0.21377280346843852,0.9703679019505165,0.9696486396723035,5174.0
2025-07-24,5525.0,5525.0,5086.0,5174.0,5137.662109375,3549027,-0.07697796806707702,-0.05833105833105834,-0.1455701428453472,5732.6,5771.37,5673.245305005539,23.572474377745237,-97.09846519019993,-54.90007018790563,-42.198395002294305,0.021027207024501705,6.767759120317274,0.9025573038411889,0.8964942466000274,5150.5
2025-07-25,5174.0,5247.5,5116.5,5150.5,5114.3271484375,836047,-0.004541940471588735,-0.07156376746282112,-0.1430829381914982,5689.6,5760.4,5623.460037862154,24.13793103448276,-125.91403790288496,-69.1028637309015,-56.81117417198345,0.02103849219057011,-0.7644292365203196,0.905248172103487,0.8941219359766683,5149.5
2025-07-28,5149.5,5209.5,5087.0,5149.5,5113.33447265625,506242,-0.00019415590719351616,-0.10892888042913995,-0.14764545228833903,5645.0,5750.0,5578.320986637187,25.185764567852956,-147.13519557917334,-84.70933010055587,-62.42586547861747,0.020902955561329442,-0.3944814107340855,0.912223206377325,0.8955652173913043,5176.5
2025-07-29,5142.0,5206.5,5091.5,5176.5,5140.14501953125,406100,0.0052432274978153615,-0.09398792333945916,-0.14275068311666805,5601.9,5740.59,5540.052321243169,28.020875150541954,-159.93085819644512,-99.75363571973372,-60.17722247671139,0.021046589182141365,-0.1978144839819691,0.9240614791410058,0.901736581083129,5162.5
2025-07-30,5185.0,5195.5,5099.5,5162.5,5126.2431640625,365158,-0.0027045300878972833,-0.07902952457407908,-0.1416576606534209,5559.3,5730.44,5504.094957315248,28.700657894736835,-169.2501852248315,-113.65294562075329,-55.597239604078226,0.021059557066594726,-0.10081753262743165,0.9286241073516449,0.9008906820418677,5160.5
2025-07-31,5100.0,5195.0,5082.0,5160.5,5124.25732421875,549977,-0.0003874092009684693,-0.002609199845380772,-0.13276195277707759,5519.8,5722.0,5471.37162804713,31.272401433691755,-174.78241938980955,-125.87884037456453,-48.903579015245015,0.021101075733243147,0.5061343308923809,0.934907061850067,0.9018699755330304,5061.5
2025-08-01,5135.0,5160.5,5040.0,5061.5,5025.95263671875,329351,-0.019184187578722978,-0.017279875740219386,-0.14153663500678426,5478.075,5709.99,5432.336234899784,27.135044173327728,-185.02240434083433,-137.7075531678185,-47.314851173015825,0.021276418699355634,-0.4011549573891272,0.9239559516801067,0.8864288729052066,5177.5
2025-08-04,5055.0,5187.5,5017.5,5177.5,5141.1376953125,468127,0.022918107280450517,0.005437421108845486,-0.11351767828096915,5444.925,5699.72,5408.066117290282,34.23106947697113,-181.68310589117118,-146.50266371248904,-35.18044217868214,0.022316702711056673,0.4213620119568484,0.9508854575591031,0.9083779554083358,5191.5
2025-08-05,5177.5,5202.0,5113.5,5191.5,5155.03955078125,404213,0.0027040077257363127,0.002897710808461351,-0.10243775933609955,5415.3,5690.64,5387.440772786445,34.38473520249221,-175.8795745600546,-152.37804588200214,-23.501528678052466,0.022374136597889633,-0.13653132590087735,0.9586726497146972,0.9122875458647884,5047.0
2025-08-06,5192.0,5196.0,5036.0,5047.0,5011.55419921875,414065,-0.02783395935664068,-0.022372881355932184,-0.11827393431167021,5381.45,5679.9,5355.017842044879,33.18301390454715,-180.85538819453632,-158.07351434450896,-22.781873850027353,0.02292278850418118,0.02437328834055319,0.9378513225989278,0.8885719819010899,5182.5
2025-08-07,5025.0,5195.0,5008.5,5182.5,5146.1025390625,469097,0.026847632256786103,0.004263152795271674,-0.08766833905466065,5356.55,5670.15,5338.587571373938,37.084217975937726,-171.88367080622902,-160.835545636853,-11.048125169376021,0.024063492637134573,0.13290666924275185,0.9675070707824999,0.9139969842067671,5105.5
2025-08-08,5187.0,5193.5,5085.5,5105.5,5069.6435546875,250504,-0.014857694163048718,0.008693075175343346,-0.08478981805144747,5332.9,5659.5,5316.388755052611,23.2419547079857,-169.03820936745524,-162.47607838297347,-6.562130984481769,0.023980750936033957,-0.46598677885384043,0.957359035421628,0.9021114939482286,5171.0
2025-08-11,5090.5,5201.0,5066.0,5171.0,5134.68310546875,322296,0.01282930173342467,-0.001255432158377645,-0.07743086529884036,5311.2,5652.54,5302.542206952362,28.446563369090185,-159.6574266519774,-161.91234803677426,2.2549213847968588,0.024205399808763434,0.2865902340880784,0.9736029522518452,0.9148099792305759,5232.5
2025-08-12,5214.5,5290.0,5180.0,5232.5,5195.75146484375,553305,0.01189325082189141,0.007897524800154043,-0.06252799426677413,5293.75,5647.49,5295.871520575946,34.61221122112211,-145.58236980478523,-158.64635239037648,13.063982585591248,0.024455430698999355,0.7167603693499143,0.9884297520661157,0.9265177981722854,5247.5
2025-08-13,5275.0,5277.5,5202.0,5247.5,5210.64599609375,242009,0.002866698518872335,0.03972657023974646,-0.06168976307554763,5276.5,5642.36,5291.264709092523,54.619736015084854,-131.69926407203093,-153.25693472670736,21.55767065467643,0.024465704034376503,-0.5626119409728811,0.9945039325310339,0.9300186446805947,5289.0
2025-08-14,5265.0,5330.0,5247.5,5289.0,5251.85498046875,506273,0.007908527870414517,0.020549927641099863,-0.037401037401037396,5266.225,5635.68,5291.049022512282,58.512599877074365,-116.010799306232,-145.80770764261229,29.796908336380284,0.024325511797142173,1.0919593899400435,1.00432472976373,0.9384847968656843,5232.5
2025-08-18,5324.0,5329.5,5219.0,5232.5,5195.75146484375,376172,-0.010682548685951976,0.024875134658701503,-0.056782334384858024,5250.475,5626.8,5285.47292513016,54.77560414269275,-106.90432919848263,-138.02703195378638,31.12270275530375,0.024254748740897458,-0.2569779545818165,0.9965765002214084,0.9299246463353948,5236.5
2025-08-19,5245.5,5265.5,5180.0,5236.5,5199.7236328125,450569,0.0007644529383659115,0.012666795590794866,-0.0938743727288458,5223.35,5615.72,5280.808837022525,53.54609929078014,-98.23225912319776,-130.06807738766867,31.835818264470902,0.021929402600208276,0.1977738906670352,1.0025175414245646,0.932471704429708,5345.0
2025-08-20,5200.0,5370.0,5200.0,5345.0,5307.46142578125,628849,0.020719946529170308,0.02150023889154329,-0.06449636825063443,5204.925,5603.7,5286.922281115618,59.70228601807549,-81.66317562691256,-120.38709703551744,38.72392140860488,0.022579292845923995,0.39567746560460226,1.0269120112201424,0.9538340739154487,5347.5
2025-08-21,5360.0,5373.0,5275.0,5347.5,5309.94384765625,307013,0.000467726847521055,0.01905669366364937,-0.04602622424404601,5192.025,5591.34,5292.691587676036,59.93623804463337,-67.55163527367677,-109.82000468314932,42.268369409472555,0.022278242326507706,-0.5117858182170918,1.0299449636702442,0.9563897026473082,5369.0
2025-08-22,5370.0,5420.0,5330.5,5369.0,5331.29296875,477641,0.004020570359981379,0.015125732652675472,0.03768844221105527,5201.775,5580.28,5299.959055516413,67.80544296467863,-54.010666218877304,-98.65813699029492,44.647470771417616,0.013639005385505299,0.5557679967949241,1.0321476803591083,0.9621381005971027,5450.0
2025-08-25,5401.0,5509.5,5381.0,5450.0,5411.72412109375,639042,0.015086608306947191,0.0415671285236503,0.058149694204446156,5216.75,5571.63,5314.248669276755,66.44538322269162,-36.32460025037199,-86.19142964231034,49.86682939193835,0.013852581920057701,0.33791278386905654,1.044711745818757,0.9781697636059824,5376.5
2025-08-26,5410.0,5475.0,5355.0,5376.5,5338.740234375,460418,-0.013486238532110062,0.026735414876348784,0.044081949703854706,5228.1,5558.78,5320.177367440874,60.416666666666664,-27.917288163931516,-74.53660134663458,46.61931318270307,0.014320859292620511,-0.2795184041111539,1.0283850729710602,0.9672086321099235,5313.5
2025-08-28,5400.0,5400.0,5287.5,5313.5,5276.1826171875,316243,-0.011717660187854584,-0.005893358278765248,0.026465758717280075,5234.95,5543.69,5319.5414276846,66.52200867947923,-26.037858031661926,-64.83685268364005,38.79899465197812,0.014633473081552698,-0.31313936466428327,1.0150049188626444,0.9584771154231208,5305.5
2025-08-29,5308.5,5329.5,5228.0,5305.5,5268.23876953125,487634,-0.0015055989460807107,-0.007854137447405374,0.027699757869249497,5242.1,5529.29,5318.204148857496,59.05743740795287,-24.90681894761383,-56.85084593643481,31.94402698882098,0.014618184289262866,0.5419598220355866,1.0120943896530017,0.9595264491462737,5420.0
2025-09-01,5335.5,5434.0,5315.5,5420.0,5381.93505859375,155910,0.021581377815474534,0.009498975600670478,0.050285825016955776,5255.075,5519.72,5327.898991823448,71.94696441032798,-14.602935688629259,-48.4012638868737,33.79832819824444,0.01528171186004818,-0.6802724994565597,1.0313839478979843,0.9819338662106049,5402.5
2025-09-02,5425.5,5449.0,5375.5,5402.5,5364.5576171875,260470,-0.0032287822878228623,-0.008715596330275188,0.06737133260891048,5272.125,5505.64,5335.003849745024,67.31488406881077,-7.759688853941952,-40.27294888028735,32.5132600263454,0.014481987542401134,0.670643319864024,1.0247291177656068,0.9812664830973329,5367.0
2025-09-03,5391.0,5406.5,5301.5,5367.0,5329.30712890625,263011,-0.006571031929662241,-0.0017669487584860422,0.03660067600193151,5281.6,5491.38,5338.05110215026,60.46692607003891,-5.1416500079167236,-33.246689105813225,28.1050390978965,0.013874890153839338,0.009755442085460864,1.0161693426234473,0.9773499557488281,5293.5
2025-09-04,5374.0,5412.5,5269.0,5293.5,5256.3232421875,208090,-0.013694801565120152,-0.003763997365201832,0.019647500722334676,5286.7,5475.6,5333.808140040711,53.28102710413695,-8.89513353302118,-28.376377991254817,19.481244458233636,0.014302239695268655,-0.20881636129287373,1.0012862466188739,0.9667433705895244,5132.0
2025-09-05,5300.0,5332.5,5090.0,5132.0,5095.95751953125,720110,-0.03050911495230002,-0.032701913109037806,0.016841688131563393,5290.95,5456.07,5314.58831717969,40.438489646772226,-24.617718818693902,-27.624646156742635,3.006927338048733,0.014596273926755634,2.4605699456965735,0.9699581360625219,0.9406037679135348,5011.0
2025-09-08,5132.0,5169.0,5002.5,5011.0,4975.80712890625,482061,-0.023577552611067865,-0.07546125461254616,-0.03309213699951763,5282.375,5435.18,5285.675144114958,37.492941840767934,-46.307861491871336,-31.361289223768374,-14.946572268102962,0.014235617489341977,-0.3305731068864479,0.9486263281194538,0.9219565865343926,5131.0
2025-09-09,5024.5,5136.0,5024.5,5131.0,5094.96435546875,479409,0.02394731590500898,-0.05025451180009255,0.004994613651944091,5283.65,5417.59,5270.944178008772,44.73290064902646,-53.201188526505575,-35.72926908431582,-17.47191944218976,0.014957514821122155,-0.005501378456253425,0.9711089871584985,0.9471000943223832,5419.0
2025-09-10,5150.5,5430.0,5150.5,5419.0,5380.94189453125,825208,0.056129409471837866,0.00968883920253405,0.047959775672016924,5296.05,5405.14,5285.044732484126,53.13293818797629,-35.02130300063254,-35.587675867579165,0.5663728669466224,0.019347508237213408,0.721302687267031,1.023215415262318,1.0025642259034917,5407.5
2025-09-11,5419.0,5450.5,5309.5,5407.5,5369.5224609375,604933,-0.0021221627606569093,0.02153584584868229,0.03344481605351168,5304.8,5392.52,5296.707138914209,52.52100840336135,-21.296078694028438,-32.72935643286902,11.43327773884058,0.01924370474691037,-0.2669327006039689,1.019359825064093,1.0027779220104884,5411.0
2025-09-12,5440.0,5449.0,5362.0,5411.0,5372.99755859375,197972,0.0006472491909386147,0.05436477007014817,0.03115769414006664,5312.975,5380.45,5307.592173303332,51.791808873720136,-10.020805192341868,-28.18764618476359,18.166840992421722,0.019243749648226064,-0.6727373114047341,1.0184501150485368,1.0056779637390925,5363.5
2025-09-15,5461.0,5466.5,5331.5,5363.5,5325.83154296875,299865,-0.008778414341156893,0.07034524047096391,0.014085838532803985,5316.7,5368.71,5312.9167282268245,46.20114185331577,-4.8618780307087945,-23.522492553952635,18.66061452324384,0.0193223912539275,0.5146838946921788,1.0088024526491997,0.9990295620363179,5490.5
2025-09-16,5369.5,5555.0,5352.5,5490.5,5451.939453125,579399,0.02367856809918889,0.07006431494835308,0.04930721452460585,5329.6,5360.6,5329.82942077665,54.78187919463088,9.366476617644366,-16.944698719633237,26.311175337277604,0.01976328936345225,0.9321994897703967,1.0301898829180425,1.0242323620490243,5535.5
2025-09-17,5534.5,5690.0,5515.5,5535.5,5496.62353515625,818900,0.008195974865677025,0.021498431444916033,0.05709920748591624,5344.55,5354.5,5349.417094988398,59.45485519591141,23.997051038802965,-8.756348767945997,32.75339980674896,0.019796941461916705,0.41336108622900625,1.035727984582425,1.033803342982538,5567.5
2025-09-18,5578.5,5644.0,5526.0,5567.5,5528.39892578125,517640,0.005780868936862138,0.029588534442903436,0.04162768942937323,5355.675,5350.17,5370.186895465694,60.93489148580968,37.738987681717845,0.542718521986771,37.196269159731074,0.01936894735129621,-0.36788374648919286,1.039551503778702,1.040621139141373,5506.0
2025-09-19,5550.5,5593.5,5476.0,5506.0,5467.33056640625,659556,-0.01104625056129327,0.017556828682313785,0.029640018700327175,5363.6,5345.81,5383.121476849913,53.75545851528384,43.1694054198224,9.068055901553898,34.1013495182685,0.019593495897221928,0.27415964763155865,1.0265493325378476,1.0299655244013535,5271.0
2025-09-22,5350.0,5360.5,5187.0,5271.0,5233.98095703125,1437841,-0.042680711950599304,-0.01724620117460618,-0.018252933507170832,5358.7,5337.62,5372.443240959446,45.174311926605505,28.185608429223976,12.891566407087915,15.294042022136061,0.02193764622632154,1.1800135242496466,0.9836340903577361,0.987518781779145,5240.5
2025-09-23,5275.5,5296.5,5194.5,5240.5,5203.6953125,450288,-0.005786378296338435,-0.045533193698205965,-0.0384403669724771,5348.225,5330.86,5359.877218010926,45.34069981583794,13.691914394660671,13.051636004602466,0.6402783900582047,0.02164192526083912,-0.6868304631736054,0.9798578032898765,0.9830496392702116,5191.5
2025-09-24,5211.0,5229.5,5132.0,5191.5,5155.03955078125,608045,-0.009350252838469575,-0.06214434107126732,-0.03440900213893794,5338.975,5322.59,5343.841292486077,46.174043510877716,-1.7284090158345862,10.095627000515057,-11.824036016349643,0.021543284424489505,0.3503468891020858,0.9723776567599586,0.9753710129842802,5102.5
2025-09-25,5180.0,5237.5,5079.0,5102.5,5066.66455078125,353200,-0.01714340749301746,-0.08352043107319262,-0.039710172202879424,5328.425,5313.01,5320.856407487403,48.829829432764775,-20.88987711219488,3.8985261779730696,-24.78840329016795,0.021711824083892012,-0.4191219399879943,0.9576000412879978,0.9603783919096708,4951.0
2025-09-26,5090.0,5099.5,4936.5,4951.0,4916.228515625,364067,-0.029691327780499766,-0.10079912822375592,-0.06681745358590141,5310.7,5300.18,5285.631987726698,47.67621998450813,-47.749832149375834,-6.431145487496712,-41.31868666187912,0.022588638910205537,0.03076727066817675,0.932268815786996,0.9341192185925761,4870.5
2025-09-29,4980.0,4980.0,4854.0,4870.5,4836.2939453125,597302,-0.016259341547162243,-0.07598178713716564,-0.10138376383763836,5283.225,5287.7,5246.0956079432035,39.59248901318418,-74.67145125657498,-20.079206641312368,-54.592244615262615,0.021979283237818427,0.6406375749518634,0.9218801016424626,0.9210999111144732,4822.5
2025-09-30,4877.5,4917.0,4785.0,4822.5,4788.630859375,831690,-0.009855251000923881,-0.07976338135674077,-0.1073577047663119,5254.225,5273.2,5205.75316909147,20.514087988136424,-98.74199099860925,-35.81176351277175,-62.930227485837506,0.02199947910718638,0.3924112090701186,0.9178327917057225,0.9145300766138209,4955.39990234375
2025-10-01,4859.60009765625,4974.89990234375,4803.5,4955.39990234375,4920.59765625,285409,0.02755830012312077,-0.04547820430631799,-0.07669090696035963,5233.644995117187,5256.727998046875,5181.910000829782,30.046776563359984,-105.87370951553112,-49.82415271332363,-56.04955680220749,0.023197714916411285,-0.6568324736380142,0.9468353140052429,0.9426776322048463,5068.7998046875
2025-10-03,4975.0,5077.10009765625,4953.7001953125,5068.7998046875,5033.20068359375,362977,0.02288410715149647,-0.006604643863302284,-0.042448322529989646,5222.409985351563,5243.833994140625,5171.137601197184,36.23269033267407,-101.20855421201668,-60.10103301306224,-41.10752119895444,0.02380457929138889,0.27177839521528746,0.9705863421112232,0.9666209514548506,5189.2998046875
2025-10-06,5094.0,5235.0,5090.0,5189.2998046875,5152.8544921875,499790,0.023772886017033867,0.04813165111846085,0.011165199666309356,5225.274975585938,5235.509990234375,5172.867334862928,43.38044455197832,-86.78760855585006,-65.43834812161981,-21.349260434230246,0.02346293083858715,0.3769191987371101,0.993115162155767,0.9911736992894542,5271.2001953125
2025-10-07,5200.0,5290.0,5176.0,5271.2001953125,5234.18017578125,260970,0.015782551347489848,0.08227085418591518,0.05192580229744559,5238.284985351563,5237.453994140625,5182.232369191459,41.37090694183894,-67.96674978898682,-65.94402845509322,-2.0227213338935996,0.022954450487336693,-0.4778406930910982,1.0062835851911422,1.0064432453649481,5263.60009765625
2025-10-08,5262.0,5335.0,5209.10009765625,5263.60009765625,5226.6328125,327033,-0.001441815407240421,0.0914671016394506,0.025842934643588,5244.914990234375,5239.71599609375,5189.981676664296,38.97673567849223,-53.05278846229521,-63.365780456533614,10.312991994238402,0.02241818930312716,0.25314403954477527,1.003562518640753,1.0045582817046395,5345.2998046875
2025-10-09,5270.0,5355.0,5254.10009765625,5345.2998046875,5307.7587890625,233688,0.015521640230159006,0.07868182387446465,-0.013600331299594037,5241.22998046875,5243.6319921875,5204.773879333173,41.34060033856196,-34.2461151985799,-57.54184740494287,23.29573220636297,0.018750198012529338,-0.28542991074295254,1.019855992697623,1.0193888153576518,5357.7001953125
2025-10-10,5380.0,5403.5,5280.0,5357.7001953125,5320.07275390625,277817,0.0023198681230425233,0.05699581789713459,-0.009209395226537187,5238.739990234375,5247.25599609375,5219.338290378822,43.99060873088861,-18.13206805950267,-49.65989153585483,31.52782347635216,0.01875648693571627,0.18883725308958943,1.0227077895257028,1.0210479914265607,5329.7001953125
2025-10-13,5327.89990234375,5338.60009765625,5202.0,5329.7001953125,5292.26904296875,291416,-0.005226122959343216,0.027055748542062608,-0.015024913082147484,5234.675,5250.6,5229.848947991554,52.85812508439954,-7.534087331627234,-41.23473069500931,33.70064336338208,0.018786919808316455,0.04894948833224744,1.0181530267518994,1.015064982156801,5337.89990234375
2025-10-14,5360.0,5438.0,5287.39990234375,5337.89990234375,5300.41162109375,406572,0.0015384931104496236,0.01265360915158631,-0.004773020911018944,5233.394995117187,5254.147998046875,5240.139515072716,54.84769524564977,1.5091401509016578,-32.685956525827116,34.195096676728774,0.018691597564686004,0.39516018338045944,1.01996885526968,1.0159401494453542,5724.60009765625
2025-10-15,5522.0,5738.39990234375,5465.5,5724.60009765625,5684.3955078125,3470286,0.07244425755205874,0.08758264143305117,0.04263730036540392,5245.1,5267.41,5286.278618175909,69.85770622448419,39.424970537914305,-18.263771113078832,57.68874165099314,0.024294022594549183,7.535477111065198,1.0914186760321538,1.086795996069463,5841.5
2025-10-16,5722.10009765625,5850.0,5703.2001953125,5841.5,5800.474609375,940813,0.020420623336049326,0.09282925438108491,0.05527955920874361,5260.4,5280.69,5339.156845016299,76.96686230698782,78.00716637809091,0.9904163851551182,77.0167499929358,0.024600280481755856,-0.7288946789976388,1.1104668846475554,1.1062001367245569,5755.7001953125
2025-10-17,5800.0,5825.0,5725.0,5755.7001953125,5715.27734375,469353,-0.014687974781734114,0.07428560492209213,0.033803357936686096,5269.810009765625,5291.97400390625,5378.827640282604,80.8432424420276,100.50198307121445,20.892729722366987,79.60925334884746,0.024901435988154787,-0.5011197761935687,1.0922026002164136,1.087628206613251,5844.7001953125
2025-10-20,5783.39990234375,5859.89990234375,5768.7001953125,5844.7001953125,5803.65234375,373324,0.015462931872734176,0.09662832450743575,0.06151474669678536,5286.74501953125,5307.9280078125,5423.196455047356,87.0982557240099,124.08052055931694,41.53028788975698,82.55023266955996,0.024878560681424845,-0.20459867093637407,1.105538506911143,1.1011265010960867,5800.10009765625
2025-10-21,5825.0,5860.0,5785.0,5800.10009765625,5759.365234375,33872,-0.007630861492608276,0.08658839689173603,0.10037945316946506,5313.200024414063,5320.280009765625,5459.092040057727,87.32437479982744,137.58186811662745,60.74060393513108,76.84126418149637,0.0226008935864326,-0.9092691603004361,1.0916397031929703,1.0901869989943935,5835.89990234375
2025-10-23,5910.0,5977.0,5816.7998046875,5835.89990234375,5794.91357421875,906223,0.006172273596099842,0.019442372006573505,0.11361509442681994,5342.97001953125,5334.8880078125,5494.978503132586,86.30927835051546,149.44778731048427,78.48204061020172,70.96574670028255,0.02245736115958015,25.754339867737365,1.0922576546397589,1.0939123546356662,5826.0
2025-10-24,5843.89990234375,5929.2998046875,5800.0,5826.0,5785.08349609375,383009,-0.0016963797373862333,-0.0026534280578618397,0.12221901184628714,5374.69501953125,5347.9880078125,5526.5043599771025,84.13887264709197,156.25160316075107,94.0359531203116,62.21565004043947,0.02225294014613269,-0.5773567874573918,1.083968481714542,1.089381649975506,5878.10009765625
2025-10-27,5880.0,5900.0,5845.10009765625,5878.10009765625,5836.8173828125,232662,0.008942687548274986,0.02126585787832269,0.15200393878613427,5413.475024414062,5360.900009765625,5559.989668327497,83.096301572532,163.9577162107662,108.02030573840253,55.937410472363666,0.021578560456123684,-0.39254168962087055,1.0858275084205227,1.0964763541473397,5826.89990234375
2025-10-28,5782.0,5874.7998046875,5782.0,5826.89990234375,5785.97705078125,425499,-0.008710330627563656,-0.0030455442321961623,0.1769137350724601,5457.27001953125,5372.4880078125,5585.409690614759,77.51261316797815,164.0424591029623,119.2247364113145,44.817722691647816,0.020147244534693753,0.8288289449931661,1.0677316463157616,1.0845812766581255,5891.10009765625
2025-10-29,5830.0,5915.5,5815.39990234375,5891.10009765625,5849.72607421875,307900,0.011017899121053443,0.01568938440161949,0.2095472944577046,5508.300024414062,5384.530009765625,5614.523062713948,79.4186591654946,167.36080647530525,128.85195042411266,38.508856051192595,0.01929788760775868,-0.27637902791780944,1.0694951385265017,1.0940787936870788,5961.7001953125
2025-10-30,5891.10009765625,5967.0,5881.0,5961.7001953125,5919.83056640625,241544,0.011984195903298023,0.02155628010655697,0.23622606434681193,5565.260034179688,5399.114013671875,5647.587551532858,79.20220591637134,173.68532224700903,137.81862478869195,35.86669745831708,0.018741221720209592,-0.2155115297174407,1.0712347956246482,1.1041997224389075,5916.60009765625
2025-10-31,5961.7001953125,5965.0,5875.10009765625,5916.60009765625,5875.046875,336904,-0.007564972437176687,0.015550995134955281,0.19397025754831243,5613.320043945312,5412.716015625,5673.2077940208,75.68237534155227,173.06337869674007,144.86757557030157,28.195803126438506,0.018735965149961144,0.39479349518100215,1.0540286410424904,1.093092650820157,5931.0
2025-11-03,5920.0,5940.0,5853.0,5931.0,5889.345703125,135144,0.0024338136947017475,0.008999489880215261,0.17009947690480076,5656.4300537109375,5424.436015625,5697.759432685486,77.98044693752908,171.7525789090305,150.24457623804736,21.50800267098313,0.01849864544021275,-0.5988649585638639,1.048541207737366,1.0933855580406608,5858.5
2025-11-04,5920.0,5955.0,5814.5,5858.5,5817.35498046875,338741,-0.012223908278536477,0.005423140638393331,0.12895770537443418,5689.890063476562,5434.656015625,5713.068058144011,72.85739215517289,162.9848288883577,152.79262676810941,10.192202120248282,0.018638262806217568,1.5065189723554133,1.0296332503163366,1.0779891097350818,5842.0
2025-11-06,5926.5,5926.5,5796.5,5842.0,5800.970703125,341274,-0.0028164205854740443,-0.008334622878973685,0.10828649710460492,5718.4300537109375,5444.116015625,5725.347290701724,57.63725523206062,152.9418927879624,152.82247997208003,0.11941281588235597,0.018601193849077054,0.007477689444147506,1.0216090684206014,1.0730851405872037,5781.0
2025-11-07,5842.0,5842.0,5699.0,5781.0,5740.3994140625,279260,-0.010441629578911371,-0.030310178202952787,0.09829772261272951,5744.300048828125,5450.736015625,5730.647548730131,45.75557854495379,138.46447113907197,149.95087820547843,-11.486407066406457,0.018879973707663388,-0.18171322749462304,1.0063889335271339,1.0605907135161692,5864.5
2025-11-10,5789.0,5889.0,5766.5,5864.5,5823.31298828125,304472,0.014443867842933722,-0.008805749382468586,0.09713210002873796,5770.26005859375,5460.496015625,5743.395401232024,57.657639700323045,132.2047878399244,146.40166013236762,-14.196872292443231,0.0188494633223227,0.09028145813936828,1.016332009380738,1.0739866823854387,6031.0
2025-11-11,5899.5,6040.0,5880.5,6031.0,5988.6435546875,766563,0.028391167192429068,0.016860563142808926,0.1256695559928076,5803.925048828125,5474.846015625,5770.786315400403,61.822548059642294,139.0759215760345,144.936512421101,-5.860590845066525,0.01955649610451031,1.5176797866470482,1.0391243769107121,1.1015834934512785,6134.5
2025-11-12,6045.5,6168.0,6045.5,6134.5,6091.41650390625,505785,0.01716133311225332,0.047111035247930255,0.15100282852595082,5844.1650390625,5491.426015625,5805.425713933698,69.74490946214698,151.1307879325177,146.17536752338435,4.955420409133353,0.019513987707020654,-0.3401912171602334,1.0496794595972043,1.1171050984835693,6137.0
2025-11-13,6135.0,6185.5,6077.5,6137.0,6093.89892578125,301945,0.000407531176134901,0.05049640534063671,0.1497030877827783,5884.120043945312,5505.766015625,5837.004217368584,68.50644848981032,159.05262581372426,148.75081918145236,10.301806632271905,0.019532984423450726,-0.4030170922427514,1.0429766820129542,1.1146496205221217,6101.0
2025-11-14,6100.0,6136.5,6034.0,6101.0,6058.15234375,198063,-0.0058660583346912265,0.05535374502681201,0.06575130068873358,5902.9400390625,5519.736015625,5862.1466728572905,66.37683468818298,160.57483354613578,151.11562205438904,9.459211491746743,0.012253161138266383,-0.3440427892496978,1.0335527651690253,1.1053064825436554,6116.5
2025-11-17,6129.0,6135.0,6069.0,6116.5,6073.54296875,239271,0.002540567120144166,0.04297041521016287,0.047076949413678015,5916.6900390625,5534.726015625,5886.370799251834,64.84431864132631,161.17400104536318,153.12729785258387,8.046703192779319,0.011568342899824464,0.208055012798958,1.0337705642205925,1.1051134207425268,6079.5
2025-11-18,6110.0,6125.0,6062.0,6079.5,6036.802734375,255511,-0.006049211150167544,0.008041784115403683,0.05625723955379147,5932.880029296875,5550.446015625,5904.764056465945,66.01166352927922,156.85512656703395,153.8728635954739,2.9822629715600613,0.011047626879583694,0.06787283038897307,1.0247131190887238,1.0953173822221973,6316.0
2025-11-19,6080.0,6342.0,6076.0,6316.0,6271.64208984375,874803,0.03890122542972274,0.029586763387399184,0.0806371223395661,5956.44501953125,5574.126015625,5943.929384421569,72.1048724987083,170.5499670576064,157.2082842879004,13.341682769706011,0.01344487647631416,2.423739095381412,1.0603640223807598,1.13309243140457,6350.5
2025-11-20,6316.0,6419.0,6315.0,6350.5,6305.8994140625,481898,0.005462317922735993,0.03478898484601589,0.09489489717016442,5983.965014648437,5600.916015625,5982.650395429038,71.01620565878379,182.08809032449153,162.18424549521865,19.903844829272884,0.013166162825495063,-0.4491354053426886,1.0612528623503485,1.1338323913952413,6296.5
2025-11-21,6324.5,6370.0,6262.5,6296.5,6252.27880859375,342405,-0.008503267459255226,0.03204392722504501,0.0789252909343543,6006.99501953125,5624.226015625,6012.540833959606,70.3394336689799,184.7451602307474,166.69642844232442,18.04873178842297,0.013480557309072461,-0.289465820567838,1.0481946429999438,1.1195318222467083,6374.5
2025-11-24,6300.0,6426.5,6297.0,6374.5,6329.73095703125,1378541,0.012387834511236484,0.04218098585792518,0.09414692756608312,6034.42001953125,5643.336015625,6047.013135487263,72.23057644110276,190.94377442817586,171.5458976394947,19.397876788681145,0.013541068253810993,3.0260539419693053,1.0563566969763514,1.1295623691998116,6370.5
2025-11-25,6421.5,6421.5,6324.0,6370.5,6325.75927734375,225848,-0.0006275001960938109,0.04786577843572659,0.08376854666698907,6059.040014648437,5662.596015625,6077.821408297999,77.55651237890206,193.30515279450083,175.89774867049593,17.4074041240049,0.013548434473024618,-0.836168819063053,1.0514041802989536,1.1250140363927879,6415.0
2025-11-26,6404.5,6421.5,6360.0,6415.0,6369.94677734375,167018,0.006985322973078967,0.01567447751741602,0.10092847097299518,6088.44501953125,5682.676015625,6109.933655126762,79.9373040752351,196.5021853858434,180.01863601356544,16.483549372277963,0.013216872722884472,-0.26048492791612055,1.053635202325255,1.1288695646842108,6432.0
2025-11-27,6425.0,6478.0,6383.5,6432.0,6386.82763671875,445809,0.0026500389711614503,0.012833635146838773,0.0918164508117838,6115.490014648438,5704.046015625,6140.606640352784,85.65169769989046,198.12376721227065,183.63966225330648,14.484104958964167,0.01314530438659241,1.6692272689171226,1.0517554577954384,1.1276206367166266,6353.0
2025-11-28,6440.0,6455.0,6318.5,6353.0,6308.38232421875,208808,-0.012282338308457708,0.008973239101087938,0.06563560592918893,6135.055004882813,5721.296015625,6160.834579366805,76.88497523390204,190.83442229323555,185.0786142612923,5.755808031943246,0.013530740459325036,-0.531620043561256,1.0355245380756535,1.11041274261108,6406.0
2025-12-01,6375.5,6425.0,6331.0,6406.0,6361.009765625,199542,0.008342515347080193,0.004941564044238733,0.08271640710306194,6159.525,5738.706015625,6184.183667046156,73.58490566037736,187.17656604848435,185.4982046187307,1.678361429753636,0.013326340258609194,-0.044375694417838396,1.040015260917035,1.1162795206024028,6393.5
2025-12-02,6390.0,6447.0,6337.5,6393.5,6348.59765625,253320,-0.0019512956603184861,0.0036103916490071164,0.07798010453549153,6182.65,5755.226015625,6204.118555898904,68.39488636363637,181.18050698438037,184.63466509186065,-3.454158107480282,0.013390507060419055,0.26950717142255765,1.034103499308549,1.1109033741928005,6331.0
2025-12-03,6393.5,6408.0,6295.0,6331.0,6286.53662109375,342367,-0.00977555329631652,-0.013094310210444271,0.08065204403857651,6206.275,5771.726015625,6216.202502956151,62.696335078534034,169.43224980328068,181.59418203414467,-12.161932230863982,0.013246280279330454,0.3515198168324649,1.0200965957841057,1.0968989142694845,6452.0
2025-12-04,6380.0,6528.5,6334.0,6452.0,6406.6865234375,668828,0.01911230453324908,0.003109452736318463,0.10441629578911327,6236.775,5795.346015625,6238.6594074365175,70.67137809187278,167.94934460665445,178.86521454864663,-10.915869941992185,0.013559017296916349,0.9535410831067246,1.0345090210886236,1.1133071230957696,6520.5
2025-12-05,6453.0,6531.5,6428.0,6520.5,6474.7060546875,204572,0.010616862988220621,0.026365496615772033,0.1279190451478982,6273.75,5820.946015625,6265.501368633039,72.39467849223946,170.33795911520428,177.15976346195816,-6.821804346753879,0.013101445218010474,-0.6941336188078251,1.0393305439330545,1.1201787445712788,6347.0
2025-12-08,6551.0,6553.0,6311.0,6347.0,6302.42431640625,354529,-0.026608388927229498,-0.009210115516703143,0.08227470372580781,6297.875,5844.056015625,6273.263143048941,62.87915262397689,156.42775157500637,173.0133610845678,-16.585609509561436,0.014830074169640618,0.7330279803687698,1.007800250084354,1.0860607740634758,6302.0
2025-12-09,6336.5,6358.0,6217.0,6302.0,6257.740234375,482730,-0.007089963762407447,-0.014311410025807492,0.04493450505720453,6311.425,5868.046015625,6275.999986568089,49.17355371900827,140.15704479479427,166.4420978266131,-26.28505303181882,0.013857165879652527,0.3616093464850547,0.9985066763844932,1.0739520418243993,6033.5
2025-12-10,6321.5,6373.0,6013.5,6033.5,5991.1259765625,518858,-0.04260552205649004,-0.04699099668298845,-0.016464259515852953,6306.375,5889.696015625,6252.9047497520805,35.337650323774284,104.39330535394674,154.03233933207983,-49.639033978133085,0.016645424075701406,0.0748410084312141,0.956730292759311,1.024416198050544,6204.0
2025-12-11,6041.5,6229.5,6019.0,6204.0,6160.4287109375,578216,0.028258887876025485,-0.03843769373837569,0.01091738634511974,6309.725,5916.366015625,6248.2471545375965,46.137787056367436,88.78475387916387,140.98282224149665,-52.198068362332776,0.01786323229509444,0.11440124272922447,0.9832441191969539,1.0486166649621347,6336.5
2025-12-12,6240.0,6357.0,6204.0,6336.5,6291.998046875,311443,0.021357188910380298,-0.02821869488536155,0.038600229470578507,6321.5,5946.646015625,6256.652187438778,48.48242811501598,86.11384028633802,130.00902585046492,-43.895185564126905,0.01836706566595444,-0.4613725666532922,1.0023728545440165,1.0655586331102687,6297.5
2025-12-15,6321.0,6336.5,6259.0,6297.5,6253.27197265625,185159,-0.006154817328178019,-0.0077989601386482255,0.029592086977846765,6330.55,5973.488017578125,6260.542455301752,47.163947163947164,79.92877875023441,119.99297643041882,-40.06419768018441,0.01845768548274877,-0.4054802965550679,0.9947792845803287,1.0542416727828712,6263.0
2025-12-16,6260.0,6310.0,6190.0,6263.0,6219.01416015625,235762,-0.005478364430329452,-0.006188511583624212,0.030183403240398032,6339.725,5997.372021484375,6260.776507177776,44.04855129209084,71.41992679174564,110.2783665026842,-38.858439710938555,0.018445637164996864,0.2732948438909262,0.9878977400439293,1.044290728933284,6282.5
2025-12-17,6240.0,6348.5,6232.5,6282.5,6238.37744140625,194752,0.003113523870349688,0.041269578188447786,-0.005303989867004422,6338.05,6019.236025390625,6262.845411256083,44.1578741695975,65.49510059302429,101.32171332075221,-35.82661272772792,0.01624650604584224,-0.17394660717163923,0.9912354746333651,1.0437371077490336,6318.5
2025-12-18,6260.0,6339.5,6230.0,6318.5,6274.1240234375,167343,0.0057302029446877345,0.018455834945196647,-0.005038973309188233,6336.45,6040.182021484375,6268.145848279313,48.604933279417715,62.97855470407558,93.6530815974169,-30.674526893341323,0.01625147714982475,-0.14073796418008544,0.9971671835175848,1.0460777469165123,6358.0
2025-12-19,6382.5,6417.0,6290.5,6358.0,6313.3466796875,261141,0.006251483738229036,0.0033930403219442073,0.00976733105693639,6339.525,6062.07001953125,6276.703386538426,48.037612428454615,63.44019476596441,87.61050423112641,-24.170309465162006,0.016185945286802592,0.5605134364747852,1.0029142561942732,1.0488166549570195,6563.5
2025-12-22,6370.0,6595.5,6365.5,6563.5,6517.40380859375,359560,0.03232148474363017,0.04223898372369983,0.02964938426543262,6348.975,6086.4340234375,6304.017349725242,56.00282485875706,79.47207578578036,85.9828185420572,-6.510742756276841,0.017508915623250663,0.3768806889764533,1.0337889186837246,1.0783818529413816,6489.0
2025-12-23,6580.0,6599.0,6448.0,6489.0,6443.4267578125,215867,-0.011350651329321226,0.03608494331789869,0.018601365669884684,6354.9,6109.06001953125,6321.634744989505,55.53221288515406,85.1839817040327,85.82305117445232,-0.6390694704196136,0.01774359305640075,-0.3996356658137724,1.0211018269366945,1.062192870794205,6352.5
2025-12-24,6487.0,6487.0,6338.5,6352.5,6307.88525390625,200947,-0.021035598705501646,0.011142061281337101,-0.009742790335152018,6351.775,6129.516015625,6324.574293085742,46.55351576030481,77.79947515332879,84.21833597022761,-6.418860816898828,0.01834808883345995,-0.06911663200025941,1.0001141413227013,1.0363787261190902,6300.5
2025-12-26,6353.0,6399.5,6275.0,6300.5,6256.2509765625,287268,-0.008185753640299054,-0.0028487773996992427,-0.020444651741293507,6345.2,6148.768017578125,6322.281503268053,42.29152067274001,66.97914124433555,80.7704970250492,-13.791355780713644,0.01841535438410857,0.4295709814030566,0.9929553047973272,1.0246768103769899,6228.5
2025-12-29,6300.0,6324.5,6207.5,6228.5,6184.75634765625,250243,-0.011427664471073684,-0.020368040264234,-0.01959704076814106,6338.975,6158.846015625,6313.349931528238,45.52998868351565,51.994786857012514,75.01535499144187,-23.020568134429354,0.018388451372376408,-0.1288866145898604,0.9825721035340886,1.0113095836782227,6183.0
2025-12-30,6205.5,6279.0,6126.5,6183.0,6139.57568359375,1231316,-0.007305129645982178,-0.057972118534318606,-0.034811114580081126,6327.825,6165.676015625,6300.9356523350725,45.51282051282052,36.03274525034067,67.21883304322162,-31.186087792880954,0.018310453628770262,3.9204812921839975,0.9771129890602221,1.0028097461383143,6272.0
2025-12-31,6205.0,6286.5,6177.5,6272.0,6227.951171875,229337,0.01439430697072619,-0.033441208198489725,-0.019003675608039394,6321.75,6176.00201171875,6298.179875922208,60.401221107719145,30.21595772089222,59.81825797875574,-29.60230025786352,0.018655964204996094,-0.8137464306481845,0.9921303436548424,1.0155437106560357,6282.5
2026-01-01,6285.0,6299.0,6213.5,6282.5,6238.37744140625,113350,0.0016741071428572063,-0.011019283746556474,-0.007660717106302339,6319.325,6184.7580078125,6296.686554405807,53.978712620375056,26.151910993024103,53.084988581609416,-26.933077588585313,0.01854113769715748,-0.5057491813357635,0.9941726371091849,1.0158036890148383,6289.5
2026-01-02,6285.0,6329.0,6229.0,6289.5,6245.328125,147711,0.0011142061281337323,-0.0017458931830807156,-0.025185988840669582,6311.2,6194.546005859375,6296.002120652874,47.27061556329849,23.228205881526264,47.11363204159279,-23.885426160066523,0.01798175506078593,0.30314071460079406,0.996561668145519,1.0153286445932936,6204.0
2026-01-05,6289.5,6300.0,6110.5,6204.0,6160.4287109375,307929,-0.01359408538039586,-0.003933531347836583,-0.04853922245226594,6295.375,6201.9080078125,6287.240013924029,44.84848484848485,13.85233200919538,40.46137203511331,-26.609040025917928,0.01796494231967258,1.084672096187826,0.985485376169013,1.000337314288581,6249.0
2026-01-06,6204.0,6294.0,6177.5,6249.0,6205.1123046875,173690,0.00725338491295946,0.010674429888403614,-0.01544036552702066,6290.475,6210.3680078125,6283.598107836026,49.23747276688453,9.938444137605984,34.35678645561185,-24.418342318005863,0.017132891706829953,-0.4359414020764527,0.9934066982223122,1.0062205640855586,6513.5
2026-01-07,6206.0,6542.5,6206.0,6513.5,6467.7548828125,633821,0.042326772283565406,0.03850446428571419,0.033560774357346945,6301.05,6223.076005859375,6305.493526137357,59.931212381771275,27.858464248040036,33.05712201409749,-5.198657766057451,0.019546733010825292,2.649150785882895,1.0337166027884241,1.046668881091469,6444.5
2026-01-08,6520.0,6598.0,6412.0,6444.5,6399.2392578125,354203,-0.010593382973823617,0.02578591325109425,0.0681196652026188,6321.6,6235.4280078125,6318.732237933798,55.2675585284281,36.076617163645096,33.661021044007015,2.4155961196380815,0.016839522867525582,-0.4411624102072983,1.0194412806884332,1.033529693859916,6417.0
2026-01-09,6436.0,6468.0,6350.0,6417.0,6371.9326171875,337174,-0.004267204593063845,0.020271881707607964,0.034332688588007754,6332.25,6245.946005859375,6328.091072416293,52.49155405405405,39.91047922386497,34.91091267997861,4.99956654388636,0.015857797420729115,-0.04807695022345948,1.0133838682932608,1.027386402953237,6325.5
2026-01-12,6417.0,6418.0,6287.0,6325.5,6281.0751953125,268990,-0.014258999532491767,0.019584139264990252,-0.0017359741182040311,6331.7,6253.222001953125,6327.844303614742,38.87850467289719,35.16025173003254,34.960780489989396,0.19947124004314531,0.01554352146536807,-0.20222199813746022,0.9990208001010787,1.011558521035124,6357.5
2026-01-13,6340.0,6424.5,6278.0,6357.5,6312.8505859375,228016,0.005058888625405045,0.01736277804448716,0.009527590313616496,6334.7,6262.04,6330.668655651433,43.60097323600973,33.59058344591813,34.68674108117514,-1.0961576352570148,0.01551103421582485,-0.1523253652552139,1.003599223325493,1.0152442335085692,6274.0
2026-01-14,6325.0,6350.0,6230.0,6274.0,6229.93701171875,327713,-0.013134093590247753,-0.036769785829431134,0.00175634679865877,6335.25,6268.9,6325.271640827487,45.972293483837866,25.317019024507317,32.81279666984158,-7.495777645334265,0.015761047736687402,0.43723686057118805,0.9903318732488852,1.0008135398554772,6274.0
2026-01-15,6274.0,6274.0,6274.0,6274.0,6229.93701171875,0,0.0,-0.026456668476995904,-0.0013529645841623417,6334.825,6277.21,6320.388627415346,48.56368563685637,18.546368619988243,29.959511059870913,-11.41314243988267,0.015746169592321564,-1.0,0.9903983140812888,0.9994886263164686,6403.0
2026-01-19,6395.0,6467.5,6250.0,6438.0,6392.78515625,383374,0.005466187724504135,0.01778515532368985,0.012582573136206365,6343.05,6301.57,6338.7081507867115,63.15789473684211,29.588014236810523,28.823045390018194,0.7649688467923283,0.016352024385189522,-0.27817275322151847,1.014969139451841,1.021650160198173,6342.5
2026-01-20,6419.5,6491.0,6300.0,6342.5,6297.9560546875,573688,-0.014833799316557927,-0.0023594180102241014,-0.033671059648053614,6332.0,6311.13,6339.069279283215,53.61353152229626,26.54267137026727,28.36697058606801,-1.824299215800739,0.01489504416307813,0.49641864080506237,1.0016582438408086,1.0049705837148022,6242.0
2026-01-21,6330.0,6392.0,6027.5,6242.0,6198.16162109375,2130647,-0.015845486795427632,-0.005100414408670706,-0.03806441670519345,6319.65,6315.35,6329.824586018148,48.099483810417645,15.83714437943945,25.8610053447423,-10.023860965302848,0.015082529453261224,2.713947302366443,0.9877129271399524,0.9883854418203266,6320.5
2026-01-22,6336.0,6394.0,6176.0,6320.5,6276.1103515625,455070,0.012576097404678022,0.007411539687599555,-0.0050373868555686485,6318.05,6319.07,6328.936530206895,51.363236587511,13.531251217059435,23.39505451920573,-9.863803302146295,0.01469778550777419,-0.7864169897688355,1.0003877778745023,1.0002262991231305,6155.0
2026-01-23,6360.0,6360.0,6105.5,6155.0,6111.7724609375,499112,-0.026184637291353563,-0.038731844447915,-0.0230934052852948,6310.775,6319.43,6312.371146377667,47.98685291700904,-1.6318417302991293,18.389675269304757,-20.021516999603886,0.015730404696031954,0.09678071505482677,0.9753160269539003,0.9739802482185893,6216.0
2026-01-27,6125.0,6238.5,6060.0,6216.0,6194.4853515625,491985,0.009910641754671046,-0.03448275862068961,-0.002006903748896227,6310.15,6321.73,6303.192941960747,48.661800486618006,-8.62706450409496,12.986327314624813,-21.613391818719773,0.01571318951482337,-0.014279360143615083,0.9850795939874647,0.9832751477839137,6213.0
2026-01-28,6199.0,6299.5,6079.5,6213.0,6191.49560546875,372879,-0.0004826254826254539,-0.02041781631848638,0.004852013585638026,6311.65,6323.66,6294.603137964485,34.53422542460113,-14.248654261295087,7.539330999440832,-21.78798526073592,0.015619665969923834,-0.24209274673008319,0.984370172617303,0.9825006404518902,6070.0
2026-01-29,6202.5,6213.0,5993.5,6070.0,6048.99072265625,637802,-0.023016256236922605,-0.027555270746555616,-0.03220663265306123,6301.55,6323.47,6273.212362920249,32.089909134385465,-29.898063281764735,0.05185214319971809,-29.949915424964452,0.016083328889114065,0.7104798071224177,0.9632550721647848,0.9599159954898181,6035.0
2026-01-30,6026.5,6085.0,5979.5,6035.0,6014.11181640625,486262,-0.005766062602965416,-0.045170477019223165,-0.039395145244727425,6289.175,6317.85,6250.525471213558,31.8613485280152,-44.6103003971557,-8.880578364871365,-35.72972203228433,0.016091763345497976,-0.23759724804876747,0.9595853192191345,0.9552300228717047,6082.5
2026-02-02,6119.5,6120.0,5992.0,6082.5,6061.447265625,180834,0.007870753935377062,-0.011779041429731962,-0.03291199618411633,6278.825,6312.49,6234.523045383696,37.9583746283449,-51.839428616939585,-17.472348415285012,-34.367080201654574,0.016228395211720884,-0.6281140619665941,0.9687322070610346,0.9635658828766461,6278.5
2026-02-03,6400.0,6552.5,6241.5,6278.5,6256.76904296875,353120,0.03222359227291416,0.010054697554697567,0.012008381689232683,6282.55,6312.13,6238.711326775725,46.63256606990622,-41.27718515817196,-22.2333157638624,-19.04386939430956,0.017613200787384587,0.9527301281838592,0.9993553572991858,0.9946721629624231,5986.0
2026-02-04,6060.0,6060.0,5798.0,5986.0,5965.28125,1427211,-0.04658756072310266,-0.03653629486560439,-0.042086733877420346,6269.4,6304.36,6214.643581368513,39.58031837916063,-55.864861249927344,-28.95962486107539,-26.905236388851954,0.020451679152663306,3.041716696873584,0.9547963122467861,0.9495016147555025,5980.5
2026-02-05,5961.0,6009.5,5910.0,5980.5,5959.80029296875,1381637,-0.0009188105579686079,-0.01474464579901158,-0.08183004529055038,6242.75,6296.56,6192.34419266675,39.42342342342342,-67.09606204831289,-36.58691229852289,-30.509149749789998,0.017613358295245313,-0.031932209042671356,0.9579912698730527,0.949804337606566,5852.0
2026-02-06,5937.0,5960.5,5741.0,5852.0,5831.7451171875,601645,-0.021486497784466208,-0.030323115161557612,-0.09193886259601214,6213.125,6285.3,6159.930460031821,30.13698630136986,-85.38152065618397,-46.34583397005511,-39.035686686128855,0.017988781869310917,-0.5645419165815624,0.9418770747409717,0.9310613654081746,5875.0
2026-02-09,5881.5,5929.5,5830.0,5875.0,5854.66552734375,328310,0.003930280246069673,-0.03411426222770242,-0.08446314477170014,6186.025,6274.16,6132.794225743076,29.52727272727273,-96.89996804803468,-56.456660785651025,-40.443307262383655,0.01809119887507302,-0.45431275918523384,0.949721347715213,0.9363803282032973,5872.5
2026-02-10,5875.0,5948.0,5776.0,5872.5,5852.17431640625,347608,-0.00042553191489358433,-0.0646651270207852,-0.071614892103391,6163.375,6264.55,6108.0042994818305,31.66926677067083,-105.01954970207225,-66.16923856893527,-38.850311133136984,0.017952132195627905,0.058779811763272516,0.9528058896302756,0.9374176916139227,5724.0
