Date,Open,High,Low,Close,Adj Close,Volume,Daily_Return,Return_5D,Return_20D,SMA_20,SMA_50,EMA_20,RSI_14,MACD,MACD_Signal,MACD_Histogram,Volatility_20,Volume_Change,Price_vs_SMA20,Price_vs_SMA50,Target_Next_Day_Close
2024-11-06,1310.0,1328.300048828125,1300.199951171875,1325.3499755859375,1314.0023193359375,21625209,0.015360396849607882,-0.013803146432870061,-0.035828605321345686,1343.498760986328,1419.3110034179688,1349.5636640256419,39.70170724622906,-28.610253168479176,-30.034833996795676,1.4245808283165005,0.010463015953930819,0.32935220017803624,0.9864914014605666,0.9337981403612349,1305.6500244140625
2024-11-07,1324.0,1324.0,1302.5999755859375,1305.6500244140625,1294.4710693359375,9611974,-0.014863961621280897,-0.019819093462207338,-0.04770068347976186,1340.228759765625,1415.4580029296876,1345.3814126340628,34.00415054043647,-28.682920108872395,-29.764451219211022,1.0815311103386271,0.01086584388564825,-0.5555199489632678,0.9741993782034573,0.9224222984444987,1283.75
2024-11-08,1297.6500244140625,1301.6500244140625,1275.0,1283.75,1272.7584228515625,19814406,-0.016773273085864293,-0.041011484266093134,-0.0643903339100409,1335.811260986328,1410.714501953125,1339.5117542879616,26.224269785653433,-30.159992507067273,-29.843559476782275,-0.3164330302849976,0.011297425688888104,1.061429421261439,0.9610264844242387,0.9099998605122841,1272.699951171875
2024-11-11,1278.949951171875,1286.0,1267.0,1272.699951171875,1261.802978515625,9056552,-0.008607632972249313,-0.022616497861250195,-0.07273096771754917,1330.8200073242188,1405.9760009765625,1333.1487254197627,28.577921784698788,-31.855024719782023,-30.245852525382226,-1.6091721943997968,0.011325009422951456,-0.5429309362087362,0.956327635718972,0.9052074504030533,1274.25
2024-11-12,1275.550048828125,1289.300048828125,1267.5,1274.25,1263.33984375,10671091,0.0012179216528591663,-0.0237876715441796,-0.051914974160902516,1327.3312561035157,1401.1360009765624,1327.539322998833,30.116016745806192,-32.696370567160784,-30.73595613373794,-1.9604144334228444,0.010627656048552364,0.1782730337108427,0.9600090362828192,0.9094406246873069,1252.050048828125
2024-11-13,1270.25,1275.449951171875,1249.5,1252.050048828125,1241.3299560546875,14633633,-0.01742197462968409,-0.05530609130271913,-0.07534656944613982,1322.2300109863281,1395.994501953125,1320.3498683159087,25.965495335852083,-34.753872728337456,-31.539539452657845,-3.2143332756796106,0.010840310575274915,0.3713342899990264,0.946923030353961,0.8968875214597131,1267.5999755859375
2024-11-14,1253.5999755859375,1272.5999755859375,1251.0999755859375,1267.5999755859375,1256.746826171875,12612633,0.012419572821682934,-0.029142609517585516,-0.06548468956609688,1317.7887573242188,1391.0555004882813,1315.3260690082925,33.816805907117654,-34.72937031862648,-32.17750562585157,-2.551864692774906,0.011380014474569048,-0.13810651121290252,0.9619143952630238,0.9112504678217304,1260.75
2024-11-18,1267.5999755859375,1272.9000244140625,1243.9000244140625,1260.75,1249.9554443359375,13620611,-0.005403893750290711,-0.017916260954235597,-0.07250058507177026,1312.8612548828125,1386.4110009765625,1310.12834815036,30.26809014489396,-34.860833772931755,-32.714171255267615,-2.14666251766414,0.011314947948631934,0.07991812653234254,0.9603071118985349,0.9093623745858557,1241.6500244140625
2024-11-19,1260.75,1281.5,1235.1500244140625,1241.6500244140625,1231.0189208984375,14183746,-0.015149693108021056,-0.024396894750583153,-0.0931565376179313,1306.4837585449218,1381.9475024414062,1303.6066030326174,25.406336672590598,-36.090202522927484,-33.38937750879959,-2.7008250141278936,0.011281254809728554,0.041344327358001864,0.9503753998418879,0.8984784315037379,1223.0
2024-11-21,1241.6500244140625,1243.949951171875,1217.25,1223.0,1212.5286865234375,19433843,-0.015020355210691116,-0.04021973710025506,-0.0895894426420365,1300.466259765625,1377.1585034179689,1295.9297836961775,21.84440599697183,-38.12985004358529,-34.33747201575673,-3.792378027828562,0.011058862587924292,0.37014883092238104,0.9404319341744505,0.8880604498063491,1265.4000244140625
2024-11-22,1229.4000244140625,1268.8499755859375,1222.449951171875,1265.4000244140625,1254.5655517578125,20471957,0.03466886705974037,0.010662493562803244,-0.05463102942883746,1296.810009765625,1373.2360034179687,1293.0221875740713,36.411812927961805,-35.91099814732547,-34.65217724207048,-1.2588209052549928,0.014129677701157837,0.05341784432446017,0.9757790384751586,0.9214730907611629,1287.0
2024-11-25,1290.0,1304.449951171875,1282.449951171875,1287.0,1275.9805908203125,28923341,0.017069681657339464,0.01530453201933435,-0.039408902003181256,1294.1700073242187,1369.9460034179688,1292.4486459003504,40.076839838515326,-32.04026429984128,-34.12979465362464,2.08953035378336,0.014793595718266838,0.4128273618394176,0.9944597639540086,0.9394530855880295,1295.699951171875
2024-11-26,1294.949951171875,1297.8499755859375,1284.199951171875,1295.699951171875,1284.606201171875,9247557,0.006759868820415793,0.027721555559686584,-0.024212090978030676,1292.5625061035157,1366.2640014648437,1292.758294021448,48.612588086832,-27.94849365006894,-32.89353445291351,4.9450408028445665,0.014817729529161985,-0.6802735548427825,1.0024273062645281,0.9483525510316357,1293.199951171875
2024-11-27,1293.5,1303.8499755859375,1286.0,1293.199951171875,1282.1275634765625,9572746,-0.0019294590524132627,0.041517275999039205,-0.0308390041345733,1290.5050048828125,1362.6755004882812,1292.800356607203,47.389968107919096,-24.623619281727997,-31.239551418676406,6.615932136948409,0.014750328719352416,0.03516485489086474,1.002088288134386,0.949015338360812,1270.800048828125
2024-11-28,1289.949951171875,1296.5999755859375,1269.050048828125,1270.800048828125,1259.91943359375,15027412,-0.017321298476273173,0.03908425905815616,-0.05164175460587683,1287.0450073242187,1358.664501953125,1290.7050891996716,38.35148880043584,-23.524936481740497,-29.696628431289227,6.17169194954873,0.015095678908687337,0.5698120476611412,0.987378096023334,0.935330279845619,1292.199951171875
2024-11-29,1280.0,1299.5,1275.25,1292.199951171875,1281.1361083984375,13202307,0.01683970846828653,0.021179015521374023,-0.038470178066057126,1284.4600036621093,1355.0625,1290.8474570065482,47.14859263146835,-20.68893995311214,-27.89509073565381,7.20615078254167,0.015670737058367416,-0.12145171770095875,1.0060258376965405,0.9536091148355703,1309.1500244140625
2024-12-02,1288.0,1311.3499755859375,1277.050048828125,1309.1500244140625,1297.941162109375,11024152,0.01311722170149876,0.01721058618031268,-0.01719156456186377,1283.3150024414062,1351.9765014648438,1292.5905586644067,55.50022706474279,-16.879091360614893,-25.691890860646026,8.812799500031133,0.015922487445354797,-0.1649829079114733,1.0201314735068998,0.9683230610854704,1323.300048828125
2024-12-03,1317.0,1326.800048828125,1307.0,1323.300048828125,1311.9698486328125,16869482,0.010808558339519214,0.02130130330813662,-0.01146675778283146,1282.5475036621094,1349.0490014648437,1295.5152720133322,60.81199795923265,-12.573036055849116,-23.068119899686646,10.49508384383753,0.01608577127808777,0.5302294453124377,1.0317746867462243,0.9809132562206713,1308.949951171875
2024-12-04,1326.0,1328.4000244140625,1304.050048828125,1308.949951171875,1297.74267578125,19608540,-0.010844175263923006,0.012179091087753058,0.005222076281780508,1282.8875,1345.5094995117188,1296.7947652665266,57.02997946368158,-10.20080067505387,-20.49465605476009,10.293855379706219,0.015029544650126883,0.16236764116408553,1.0203154611545244,0.9728284725205499,1322.050048828125
2024-12-05,1314.3499755859375,1329.949951171875,1306.1500244140625,1322.050048828125,1310.7305908203125,16858723,0.010008096676669576,0.040328925110807434,0.012832298608306925,1283.725,1342.0830004882812,1299.2000303676311,64.72444559935664,-7.180941225498827,-17.831913088907836,10.650971863409008,0.015179128871228709,-0.14023568302382539,1.029854562954001,0.9850732393951285,1311.550048828125
2024-12-06,1323.9000244140625,1323.9000244140625,1310.0,1311.550048828125,1300.3204345703125,9037514,-0.00794221066691636,0.01497453829703499,-0.010412288838434147,1283.0350036621094,1338.5265014648437,1300.3762226019637,59.44553376963474,-5.570727226838699,-15.379675916494008,9.80894868965531,0.01488994712404335,-0.463926538208143,1.0222246821673815,0.9798461572429111,1295.1500244140625
2024-12-09,1303.0,1315.0,1293.0999755859375,1295.1500244140625,1284.0609130859375,14650002,-0.012504306967710432,-0.010693961531464624,-0.008041971281478766,1282.5100036621093,1334.5505029296876,1299.8784894412113,57.10157184380044,-5.55394353753627,-13.414529440702461,7.860585903166191,0.014778392088253867,0.6210212233142876,1.0098556897925635,0.9704765923589024,1284.8499755859375
2024-12-10,1289.25,1294.9000244140625,1280.199951171875,1284.8499755859375,1273.8489990234375,16043729,-0.007952784336922591,-0.029056201786010427,0.0008568456365627419,1282.5650024414062,1330.2885034179687,1298.4472024073757,59.254482446258244,-6.299157436337509,-11.991455039829471,5.692297603491962,0.014387367729101075,0.09513493581775623,1.0017815651761757,0.9658431026688692,1278.199951171875
2024-12-11,1285.0,1290.0,1276.050048828125,1278.199951171875,1267.2559814453125,11724373,-0.005175720543583173,-0.02349211287449926,0.004321521341252188,1282.8400024414063,1325.3290014648437,1296.5188927658994,62.46610538619735,-7.3417154876729,-11.061507129398159,3.7197916417252586,0.014297724395109958,-0.2692239441341847,0.9963829852041558,0.964439735159437,1262.9000244140625
2024-12-12,1270.0,1278.199951171875,1260.5999755859375,1262.9000244140625,1252.0870361328125,20906813,-0.01196990090931016,-0.04474113855711703,-0.008907181154355515,1282.2725036621093,1321.0555029296875,1293.31709578001,49.356665112778366,-9.295375178229051,-10.708280739164337,1.412905560935286,0.014555532097595804,0.7831924146391454,0.9848920731024646,0.9559780203128072,1272.8499755859375
2024-12-13,1260.0,1275.199951171875,1239.5999755859375,1272.8499755859375,1261.951904296875,28630222,0.007878653083795317,-0.029507126530753602,0.01661269593598158,1283.3125,1317.2160034179688,1291.3678462377175,46.12646522784339,-9.926361734860166,-10.551896938303504,0.6255352034433379,0.014085300138359146,0.36942067640821197,0.99184725122364,0.9663183352488063,1268.300048828125
2024-12-16,1275.0,1281.0,1266.550048828125,1268.300048828125,1257.44091796875,9486781,-0.003574597827774695,-0.020731170196352067,0.0005522824673958038,1283.3475036621094,1314.4425048828125,1289.1709131510897,42.32495732668067,-10.670560610509483,-10.5756296727447,-0.0949309377647829,0.01384998345719419,-0.668644518369435,0.9882748399860166,0.9648957973564608,1245.300048828125
2024-12-17,1261.050048828125,1263.9000244140625,1242.800048828125,1245.300048828125,1234.6376953125,17462791,-0.018134510064279685,-0.030781746903778662,-0.012254571621554633,1282.5750061035155,1311.6180053710937,1284.9927355965217,37.96484865734924,-12.966778412109306,-11.053859420617622,-1.9129189914916847,0.01439879573496183,0.8407498813348806,0.9709374055333945,0.9494380556904558,1253.25
2024-12-18,1240.6500244140625,1259.949951171875,1240.6500244140625,1253.25,1242.5196533203125,12670179,0.006383964394248709,-0.019519599534486343,0.009342387434343014,1283.1550048828126,1309.268505859375,1281.9696179206626,45.24517903420614,-13.983855759627886,-11.639858688419675,-2.3439970712082108,0.01404797194129973,-0.2744470800801544,0.9766941602775857,0.9572138903451239,1230.449951171875
2024-12-19,1239.0,1244.9000244140625,1229.0,1230.449951171875,1219.914794921875,14244653,-0.018192737943846016,-0.025694886859506605,0.006091538161794752,1283.5275024414063,1305.9305053710937,1277.0629829922068,33.39609165340602,-16.440158365658135,-12.599918623867367,-3.840239741790768,0.014249595194634288,0.12426612126000736,0.9586471258554474,0.9422017068375548,1205.300048828125
2024-12-20,1224.0,1239.5,1201.5,1205.300048828125,1194.980224609375,20312896,-0.020439597985921654,-0.05306982602306831,-0.0474948430744393,1280.5225036621093,1302.5445068359375,1270.228417833723,23.255224690454497,-20.183519758309558,-14.116638850755805,-6.066880907553752,0.012494242300658926,0.4260014617414689,0.9412564366351556,0.9253426984663788,1222.300048828125
2024-12-23,1215.0,1227.199951171875,1213.199951171875,1222.300048828125,1211.834716796875,10052824,0.014104371784045444,-0.03626902012855926,-0.0502719123324592,1277.2875061035156,1299.5695068359375,1265.663811261761,24.365482233502533,-21.5302157809474,-15.599354236794127,-5.930861544153274,0.012267123631139139,-0.5051013897772134,0.956949819823154,0.9405422660339726,1222.75
2024-12-24,1222.300048828125,1233.550048828125,1221.0,1222.75,1212.28076171875,6734917,0.0003681184274730853,-0.01810812490479341,-0.056301577464672015,1273.6400085449218,1296.5825073242188,1261.5767816177838,26.460944802307267,-22.30406737721296,-16.940296864877894,-5.363770512335066,0.012095128747406442,-0.3300472583624263,0.9600436479668526,0.9430560670785323,1216.550048828125
2024-12-26,1224.25,1227.699951171875,1214.25,1216.550048828125,1206.1339111328125,10016178,-0.005070497789306905,-0.029283822997705933,-0.05927150111186685,1269.8075134277344,1293.4630078125,1257.288521352102,20.06237928043518,-23.15076695634889,-18.182390883172094,-4.968376073176795,0.012103297101077716,0.48720140129418077,0.9580586316930465,0.9405371792468576,1221.050048828125
2024-12-27,1218.300048828125,1227.9000244140625,1217.0,1221.050048828125,1210.595458984375,7000397,0.003698984685697626,-0.007639402427378372,-0.03914856632707653,1267.3200134277345,1291.0035083007813,1253.8372382545804,23.41358525858581,-23.19133480944538,-19.18417966842675,-4.007155141018629,0.011698354083344175,-0.30109099498830794,0.9634899124851168,0.9458146635366398,1210.699951171875
2024-12-30,1216.4000244140625,1223.199951171875,1208.0999755859375,1210.699951171875,1200.333984375,8818766,-0.00847639100967501,0.004480131191399339,-0.06307073446805889,1263.2450134277344,1288.1360083007812,1249.7289251990846,24.276519559906745,-23.784478840040265,-20.104239502749454,-3.6802393372908107,0.01090316978177168,0.2597522683356386,0.9584046944992233,0.939885185547251,1215.449951171875
2024-12-31,1208.0,1219.0999755859375,1206.1500244140625,1215.449951171875,1205.043212890625,6405475,0.003923350286255678,-0.005604268495953635,-0.07157321276766959,1258.560009765625,1285.3165063476563,1246.464261006017,28.121014524544563,-23.599227253297613,-20.80323705285909,-2.795990200438524,0.010359461440613766,-0.27365404638245305,0.9657465212153228,0.9456425286450935,1221.25
2025-01-01,1214.8499755859375,1226.300048828125,1211.5999755859375,1221.25,1210.7935791015625,5892590,0.004771935547434936,-0.0012267429973420452,-0.07711784558498092,1253.4575073242188,1282.5555053710937,1244.0629028149679,31.949274386629583,-22.722468100719652,-21.187083262431205,-1.5353848382884472,0.00999748667154687,-0.08006978405192433,0.974305066477305,0.9522005050741601,1241.800048828125
2025-01-02,1221.25,1244.449951171875,1220.0,1241.800048828125,1231.167724609375,15486276,0.016827061476458516,0.020755414069748124,-0.051300588142145664,1250.1000122070313,1280.0075073242188,1243.8473929114589,43.52761000378194,-20.137282896875377,-20.977123189320043,0.8398402924446664,0.010870781930502038,1.6280932493182116,0.9933605605168718,0.9701505981195655,1251.1500244140625
2025-01-03,1243.9000244140625,1262.050048828125,1235.5,1251.1500244140625,1240.437744140625,15521102,0.007529372860599404,0.02465089421586386,-0.05362885049390442,1246.5550109863282,1278.1635083007814,1244.5428816259925,43.31897653302064,-17.136501190177796,-20.208998789491595,3.072497599313799,0.010733049487448815,0.0022488298671674567,1.0036861697937411,0.978865392642424,1218.0
2025-01-06,1253.949951171875,1262.0,1215.0,1218.0,1207.5714111328125,14816766,-0.02649564302217655,0.00602961024410642,-0.07132785280417797,1241.877508544922,1275.7530078125,1242.014988137803,36.83244795075262,-17.23462002063684,-19.614123035720645,2.379503015083806,0.011943742132891445,-0.0453792520659938,0.9807730566173964,0.9547302593379516,1240.8499755859375
2025-01-07,1222.0,1244.5,1221.25,1240.8499755859375,1230.2257080078125,10070505,0.018760242681393757,0.020897630864662897,-0.0419256825885409,1239.1625061035156,1273.7740063476563,1241.9040345614349,48.83414361764389,-15.292297746811755,-18.749757977938867,3.4574602311271114,0.01273989316521916,-0.32033042838093007,1.001361782231233,0.9741523766400892,1265.5
2025-01-08,1249.0,1271.050048828125,1245.3499755859375,1265.5,1254.664794921875,19346579,0.019865434902734735,0.036233367451381726,-0.015060105034530036,1238.1950073242188,1272.5270068359375,1244.1512693651075,52.95109542714307,-11.629880368228214,-17.325782455996737,5.695902087768523,0.013555346303496554,0.92111309214384,1.0220522555124723,0.9944779114327721,1254.75
2025-01-09,1267.0,1269.75,1248.050048828125,1254.75,1244.0067138671875,12794704,-0.008494666139865714,0.010428370641550444,-0.0183460742197461,1237.022509765625,1270.9350073242188,1245.1606722827164,56.21484624760231,-9.485480651466332,-15.757722095090658,6.272241443624326,0.0136334881000949,-0.3386580645601478,1.014330774173005,0.9872652753831259,1241.9000244140625
2025-01-10,1253.8499755859375,1256.75,1236.0,1241.9000244140625,1231.266845703125,8120332,-0.010241064423939017,-0.007393198113337274,-0.016628394642515865,1235.972509765625,1268.9730078125,1244.8501343904636,59.98907231263847,-8.722368035201043,-14.350651283112736,5.628283247911693,0.013564491084838776,-0.3653364704646548,1.0047958304910531,0.9786654379314916,1239.8499755859375
2025-01-13,1230.0,1245.25,1226.4000244140625,1239.8499755859375,1229.234375,13764861,-0.0016507357982316062,0.01793922461899622,-0.025926071911820503,1234.322509765625,1266.8920068359375,1244.3739287900326,55.21542764482462,-8.188624233416931,-13.118245873173576,4.929621639756645,0.013411939551871952,0.6951106186298788,1.0044781374207963,0.9786548252699632,1238.75
2025-01-14,1244.0999755859375,1253.3499755859375,1227.25,1238.75,1228.143798828125,13095266,-0.0008871844235974757,-0.0016923686402506855,-0.023298941646677784,1232.8450073242188,1265.026005859375,1243.8383165243151,54.73652638349848,-7.76487857524603,-12.047572413588068,4.282693838342038,0.01340063791528795,-0.04864524240382817,1.004789728344358,0.9792288808785993,1252.199951171875
2025-01-15,1244.949951171875,1257.0,1241.8499755859375,1252.199951171875,1241.478515625,9578856,0.010857680058022234,-0.010509718552449643,0.005540754896976807,1233.1900024414062,1263.2970043945313,1244.6346626812256,60.11918044215542,-6.271464891170581,-10.892350909104572,4.620886017933991,0.013022884173110132,-0.2685252823424893,1.0154152634166949,0.9912158002559541,1266.449951171875
2025-01-16,1258.9000244140625,1275.0,1251.300048828125,1266.449951171875,1255.6065673828125,14117603,0.011379971694348123,0.009324527732117893,0.010532576239277835,1233.85,1262.5830029296876,1246.7123092041445,62.21083016940115,-3.893189612864262,-9.492518649856509,5.599329036992247,0.013191399378643004,0.47382975587063836,1.026421324449386,1.0030627279420161,1302.3499755859375
2025-01-17,1322.25,1326.0,1285.0,1302.3499755859375,1291.19921875,29366277,0.028346974454729557,0.04867537642604991,0.058433928454859396,1237.445001220703,1262.5240014648436,1252.0111345738392,71.67178828760437,0.878317918700759,-7.418351336145056,8.296669254845815,0.013791750793191521,1.0801177792009025,1.0524507952282385,1.031544726337785,1305.449951171875
2025-01-20,1316.0,1316.0,1300.25,1305.449951171875,1294.272705078125,14040244,0.002380293810458234,0.052909607515163826,0.08309126216424079,1242.4524963378906,1262.1260009765624,1257.1005456784142,71.4489940547466,4.853960699076879,-4.96388892910067,9.817849628177548,0.0126532391327002,-0.5218922711925655,1.050704115464912,1.0343261688308385,1273.699951171875
2025-01-21,1310.5,1313.0,1270.199951171875,1273.699951171875,1262.7945556640625,14562976,-0.024321116233907425,0.02821388591069618,0.04205178785113306,1245.0224914550781,1261.4869995117188,1258.681441439696,61.12406175437434,5.380701217045498,-2.8949708998714367,8.275672116916935,0.013905509660226889,0.037230976897552504,1.0230336880768163,1.0096813932009474,1277.0999755859375
2025-01-22,1278.300048828125,1282.9000244140625,1268.699951171875,1277.0999755859375,1266.1654052734375,10273590,0.0026694076661730737,0.019885022668112873,0.044448967970507125,1247.739990234375,1261.3539990234376,1260.435587548862,58.07409210892962,6.003298143447182,-1.115317091207713,7.118615234654895,0.013899477589030351,-0.294540484032934,1.023530531666335,1.0124833921125163,1263.6500244140625
2025-01-23,1270.0,1277.3499755859375,1261.5999755859375,1263.6500244140625,1252.83056640625,8720682,-0.010531635290106478,-0.002210846749389206,0.0387160196420262,1250.094989013672,1261.1730004882813,1260.7417243931668,52.80646671322185,5.349743526279553,0.17769503228974015,5.172048493989813,0.014103391351044296,-0.1511553410248998,1.0108432043320847,1.001964063554185,1246.300048828125
2025-01-24,1266.0,1273.0,1243.5,1246.300048828125,1235.6292724609375,14235970,-0.01373004807559941,-0.04303753047071335,0.020678923050069242,1251.357489013672,1260.6140014648438,1259.3663267203058,56.83906771041062,3.3926899358734772,0.8206940130064876,2.5719959228669897,0.014524776853890366,0.6324376923731423,0.9959584369535094,0.9886452533288652,1229.3499755859375
2025-01-27,1239.0999755859375,1240.449951171875,1220.0,1229.3499755859375,1218.82421875,9536019,-0.013600314994872464,-0.05829405831883805,0.015404332341808269,1252.289990234375,1260.16,1256.5076266122708,47.13930348258707,0.46858011283529777,0.7502712329722497,-0.28169112013695197,0.014746526059782307,-0.3301461719854706,0.9816815475430383,0.9755507043438432,1234.4000244140625
2025-01-28,1238.0,1244.75,1218.5,1234.4000244140625,1223.8311767578125,10568025,0.004107901678460646,-0.030854933080317948,0.015590994284805149,1253.2374938964845,1259.4960009765625,1254.402140688632,41.4277917860284,-1.4248761680744337,0.3152417527629131,-1.740117920837347,0.014748596173985466,0.1082218900780294,0.9849689547478717,0.980074588134427,1235.5
2025-01-29,1236.0,1242.75,1228.050048828125,1235.5,1224.921630859375,5928156,0.000891101396777394,-0.03257378152156909,0.011668372569089147,1253.9499938964843,1258.9910009765624,1252.6019368135244,44.395924308588064,-2.8043680659991423,-0.30868021098949805,-2.495687855009644,0.014720159514440874,-0.4390478826460006,0.9852864994726357,0.9813414067627639,1253.050048828125
2025-01-30,1235.550048828125,1257.0,1232.4000244140625,1253.050048828125,1242.3214111328125,9269259,0.014204814915520059,-0.008388379204006702,0.009059429503660121,1254.5124938964843,1259.2190014648438,1252.6446141482484,53.15954088575483,-2.453204055964534,-0.7375849799845052,-1.7156190759800287,0.01457980681943019,0.5635990348432127,0.9988342522888576,0.9951009692281149,1265.0999755859375
2025-01-31,1255.8499755859375,1267.0,1249.0,1265.0999755859375,1254.2681884765625,6584612,0.009616476827148057,0.015084591206980802,0.011149702992978794,1255.2099914550781,1260.0610009765626,1253.8308390470759,56.771254119751376,-1.1888710981236272,-0.8278422036123296,-0.3610288945112976,0.014639721766314886,-0.2896290846981404,1.0078791470735464,1.0039989925927948,1264.5999755859375
2025-02-01,1265.0999755859375,1270.550048828125,1241.0,1264.5999755859375,1253.7724609375,7118453,-0.000395225681486866,0.028673689917469547,0.03825942166333118,1257.539990234375,1260.045,1254.856471098396,56.95452757107961,-0.22463449470842534,-0.7072006618315488,0.4825661671231235,0.013182761439502318,0.08107402531842434,1.0056141239295673,1.0036149308841649,1245.9000244140625
2025-02-03,1251.0,1256.0,1237.550048828125,1245.9000244140625,1235.232666015625,9252345,-0.014787246190804848,0.009316266828055753,0.00406983029978325,1257.7924926757812,1259.2230004882813,1254.0034761760787,48.35166730437926,-0.9583525257469319,-0.7574310346146256,-0.20092149113230628,0.013066558670400278,0.29976906499207057,0.9905449680046833,0.9894196849413864,1285.199951171875
2025-02-04,1248.050048828125,1288.800048828125,1246.5999755859375,1285.199951171875,1274.196044921875,16691069,0.03154340315250814,0.040226589374241284,0.015566930993184513,1258.777490234375,1259.0130004882812,1256.9745690328211,54.33726774721862,1.6127554537008564,-0.28339373695152925,1.8961491906523857,0.014199447991422703,0.8039825579353126,1.0209905731096132,1.0207995871952376,1278.199951171875
2025-02-05,1282.6500244140625,1290.5,1276.699951171875,1278.199951171875,1267.2559814453125,10112028,-0.005446623300613407,0.020070947977912423,0.018688942954273813,1259.9499877929688,1258.7130004882813,1258.9960339984455,43.551391146131785,3.050372754365526,0.38335956131188187,2.667013193053644,0.014109744548372372,-0.39416534674921067,1.0144846728487011,1.0154816472667194,1281.550048828125
2025-02-06,1273.699951171875,1288.0,1270.3499755859375,1281.550048828125,1270.577392578125,9956001,0.0026209496043076985,0.013002982815305542,0.03192690525372166,1261.9324890136718,1258.9280004882812,1261.144035410796,43.62669270833333,4.409193270149899,1.1885263030794855,3.2206669670704136,0.013860363867530777,-0.015429842559771423,1.015545649220733,1.017969294773863,1266.699951171875
2025-02-07,1276.1500244140625,1283.699951171875,1262.0,1266.699951171875,1255.8544921875,8764283,-0.011587606484685709,0.001660584869902726,0.021655826200463135,1263.2749877929687,1258.4180004882812,1261.6731702451846,47.94841852491063,4.2389258467455875,1.798606211812706,2.4403196349328815,0.014160273360087934,-0.11969846125969652,1.0027111780190392,1.0065812398427074,1253.6500244140625
2025-02-10,1264.5,1266.5,1245.550048828125,1253.6500244140625,1242.916259765625,6970972,-0.010302303040068406,0.006220402799690827,0.012028273997225059,1264.0199890136719,1257.3080004882813,1260.909061118411,43.49515917562413,3.0161987981932725,2.0421247290888194,0.9740740691044532,0.014386834168855944,-0.20461582539039413,0.9917960438207143,0.9970906284913496,1234.8499755859375
2025-02-11,1264.550048828125,1264.550048828125,1230.0999755859375,1234.8499755859375,1224.2772216796875,8859714,-0.014996249720420907,-0.03917676431595507,-0.013855595162498235,1263.152490234375,1255.5389990234376,1258.4272434486516,42.24137023853684,0.5241301351386483,1.7385258102987853,-1.214395675160137,0.014585855616992782,0.2709438511587767,0.9775937467033882,0.9835217994394503,1216.550048828125
2025-02-12,1219.449951171875,1226.9000244140625,1193.3499755859375,1216.550048828125,1206.1339111328125,21131654,-0.014819554698641935,-0.048231814034438325,-0.03940140097725653,1260.6574951171874,1253.6910009765625,1254.4389391990776,42.02626850357737,-2.8941415232641248,0.8119923435862034,-3.7061338668503283,0.01463002790949033,1.3851395203050574,0.9650123475568102,0.9703747158434523,1216.0999755859375
2025-02-13,1217.050048828125,1228.0,1212.0,1216.0999755859375,1205.687744140625,8511216,-0.0003699586733986182,-0.0510710239541845,-0.0662264380672295,1256.3449951171874,1251.5719995117188,1250.7876093311595,46.10408815189691,-5.575196197762352,-0.4654453646835076,-5.109750833078845,0.012799162786154257,-0.5972290668775857,0.9679665858600439,0.9716580237176765,1217.25
2025-02-14,1219.0,1224.0,1205.449951171875,1217.25,1206.827880859375,10298145,0.0009456660119644411,-0.03903840931400282,-0.06756287446539011,1251.9349975585938,1249.6859985351562,1247.5935512996205,44.838994314161845,-7.520462770703489,-1.876448845887504,-5.644013924815985,0.012769386451287912,0.209949906100374,0.9722948894102065,0.9740446811653675,1224.9000244140625
2025-02-17,1211.0999755859375,1227.5,1204.5,1224.9000244140625,1214.412353515625,8166683,0.006284678097401963,-0.022933035089627407,-0.03831351859039789,1249.4950012207032,1248.2809985351562,1245.4322630248055,46.93110275318977,-8.348570385752282,-3.1708731538604598,-5.177697231891822,0.01193895320630118,-0.2069753339072231,0.9803160662646809,0.9812694624459308,1225.4000244140625
2025-02-18,1224.8499755859375,1229.9000244140625,1216.0999755859375,1225.4000244140625,1214.908203125,6673250,0.0004081965793405473,-0.007652711955872249,-0.040482305348220615,1246.9100036621094,1247.0919995117188,1243.5244307761634,41.11788625856315,-8.862346205112544,-4.309167764110877,-4.553178441001667,0.011904218457080916,-0.18286898120081307,0.9827493731024106,0.9826059544074138,1227.449951171875
2025-02-19,1219.5,1232.75,1217.550048828125,1227.449951171875,1216.9405517578125,6217338,0.00167286332378902,0.008959682632251553,-0.028647230279580715,1245.1,1246.0769995117187,1241.9935279567073,37.07517401197655,-9.00035479851681,-5.247405170992064,-3.752949627524746,0.011755587023323192,-0.06831933465702622,0.9858243925563208,0.9850514467828692,1233.0
2025-02-20,1223.949951171875,1239.3499755859375,1222.0,1233.0,1222.4429931640625,7795582,0.0045216090666884146,0.013896903834670127,-0.010671626660554878,1244.4349975585938,1245.4789990234376,1241.13700148464,39.515607090928974,-8.563174105652479,-5.910558957924147,-2.6526151477283317,0.011451466682439258,0.253845616886198,0.9908110929208616,0.9899805624717701,1228.1500244140625
2025-02-21,1228.699951171875,1240.0,1222.1500244140625,1228.1500244140625,1217.634521484375,6904025,-0.003933475738797654,0.008954630859776103,-0.0009760858955587537,1244.375,1244.585,1239.9001465255374,43.514801851078786,-8.509960229429907,-6.430439212225299,-2.079521017204608,0.011065803909814148,-0.11436695810524478,0.9869613455863887,0.9867948146683935,1214.550048828125
2025-02-24,1216.550048828125,1223.25,1210.5,1214.550048828125,1204.1510009765625,7172498,-0.01107354583364184,-0.008449649260876213,-0.01608066687730325,1243.382501220703,1243.51,1237.4858515067363,18.218709296221377,-9.456187179649987,-7.035588805710237,-2.4205983739397503,0.011288292566117509,0.0388864466742227,0.9768112770090688,0.9767111232142283,1204.0
2025-02-25,1211.0,1221.0,1201.5,1204.0,1193.6912841796875,11552182,-0.008686384590165241,-0.017463704902646038,-0.025495750708215303,1241.8075012207032,1242.6839990234375,1234.296722791809,17.65482788860224,-10.931369600674088,-7.814744964703008,-3.11662463597108,0.01141741528078373,0.6106218502953922,0.9695544589773066,0.9688706066434931,1207.0999755859375
2025-02-27,1212.800048828125,1215.0,1200.6500244140625,1207.0999755859375,1196.7647705078125,11509215,0.0025747305531043096,-0.016579067493960875,-0.0366705809438026,1239.5099975585938,1241.7609985351562,1231.70655639125,17.474868677172495,-11.715273791479603,-8.594850730058328,-3.120423061421276,0.010873176567771812,-0.003719383922448638,0.9738525529955443,0.9720872027788708,1200.0999755859375
2025-02-28,1202.0,1217.3499755859375,1193.300048828125,1200.0999755859375,1189.82470703125,23007298,-0.0057990225677886365,-0.0266829070673662,-0.05137933859329569,1236.2599975585938,1241.1539990234376,1228.696405838363,18.761730375704104,-12.754340906310517,-9.426748765308766,-3.3275921410017517,0.01056245747939216,0.9990327750415646,0.9707504715480026,0.9669226997860039,1171.25
2025-03-03,1204.0,1206.449951171875,1156.0,1171.25,1161.2216796875,17944938,-0.02403964350707677,-0.04632986466063782,-0.07381779012188017,1231.5924987792969,1240.472998046875,1223.2253195680428,16.33986602187491,-15.724498767733621,-10.686298765793737,-5.0382000019398845,0.01157919059117501,-0.22003279133429754,0.9510044930940178,0.9441962879031895,1161.9000244140625
2025-03-04,1162.199951171875,1174.0,1159.550048828125,1161.9000244140625,1151.9517822265625,11377373,-0.00798290338180363,-0.043349407021030184,-0.06742114002245447,1227.3924987792968,1239.2649975585937,1217.3848152676637,17.70695763255901,-18.61821595641345,-12.27268220391768,-6.34553375249577,0.011335646019609187,-0.36598426809833506,0.9466409690214256,0.9375718887429698,1175.5999755859375
2025-03-05,1161.0,1183.0,1157.0,1175.5999755859375,1165.5345458984375,8664095,0.011790989658326145,-0.023588060144570155,-0.08527854011043312,1221.9125,1238.3219970703126,1213.405306726547,31.102869188139294,-19.580326299002763,-13.734211022934698,-5.8461152760680655,0.008677674199519439,-0.2384801834307445,0.9620983299425594,0.9493491824963409,1209.5999755859375
2025-03-06,1197.0,1213.949951171875,1185.1500244140625,1209.5999755859375,1199.243408203125,14468014,0.028921402437979582,0.0020710794884959416,-0.053669205293775724,1218.4825012207032,1238.1829956054687,1213.0428942369651,47.709653110171324,-17.398728119561156,-14.46711444225999,-2.931613677301165,0.011428608494739407,0.6698817360612968,0.9927101738220557,0.9769153508641474,1249.800048828125
2025-03-07,1216.0,1254.800048828125,1212.0,1249.800048828125,1239.0992431640625,16474965,0.03323418820566215,0.041413277437925,-0.02477468595864274,1216.895001220703,1238.7579956054688,1216.5435756265995,58.99421321125624,-12.284379223247925,-14.030567398457578,1.746188175209653,0.013949689813844495,0.13871641263272205,1.027040169919684,1.0089138098497272,1238.4000244140625
2025-03-10,1245.0,1258.0,1235.4000244140625,1238.4000244140625,1227.7967529296875,11931051,-0.009121478611520129,0.057331931196638264,-0.02234146036844098,1215.4800048828124,1239.3119970703126,1218.6251421777865,53.654575952604716,-9.046821446081594,-13.033818207982382,3.9869967619007873,0.013863314150611535,-0.2758072020183351,1.0188567639444301,0.9992641298894822,1247.300048828125
2025-03-11,1240.0,1249.5,1229.75,1247.300048828125,1236.62060546875,10089838,0.007186712078977475,0.07350032069852919,-0.005065190014976739,1215.1625061035156,1239.9489990234374,1221.356085668295,55.67064401422363,-5.697202192238819,-11.56649500483367,5.86929281259485,0.013799659098677863,-0.15432110716817826,1.0264471151497754,1.0059285098100625,1257.050048828125
2025-03-12,1258.0,1263.0,1244.0,1257.050048828125,1246.287109375,11977555,0.007816884164448146,0.06928383373059499,0.01797795171972494,1216.272509765625,1240.665,1224.755510731136,57.370540452802935,-2.2301534641030685,-9.69922669668755,7.469073232584481,0.013447482360509492,0.18709091265885536,1.0335266469768012,1.01320666644753,1247.9000244140625
2025-03-13,1260.050048828125,1264.1500244140625,1243.8499755859375,1247.9000244140625,1237.215576171875,9505270,-0.0072789658793558365,0.0316634007946075,0.025769573242084176,1217.8400085449218,1240.7869995117187,1226.95975012951,53.64481962680172,-0.21830636866138775,-7.803042631082318,7.584736262420931,0.013082036159291714,-0.20640982237192818,1.0246830582492166,1.005732672009896,1238.8499755859375
2025-03-17,1242.1500244140625,1257.4000244140625,1233.0999755859375,1238.8499755859375,1228.2427978515625,16640917,-0.007252222654915319,-0.008761460085119133,0.018707343521686015,1218.9775085449219,1240.5409985351562,1228.0921525539316,52.56470425759515,0.6384737154799041,-6.114739361769874,6.753213077249778,0.01321955360975129,0.7507042935129671,1.0163025707215363,0.9986368665354749,1238.8499755859375
2025-03-18,1238.8499755859375,1238.8499755859375,1238.8499755859375,1238.8499755859375,1228.2427978515625,0,0.0,0.00036333265746502086,0.017744896763965956,1220.0575073242187,1240.957998046875,1229.1167071284083,56.23074655026383,1.3024641094311846,-4.631298667529663,5.933762776960847,0.013221485072006075,-1.0,1.0154029364590638,0.9983012942708333,1247.1500244140625
2025-03-20,1251.8499755859375,1273.0,1250.050048828125,1269.1500244140625,1258.2835693359375,15971477,0.01764021935559512,0.009625691194409924,0.03570262700208415,1223.3575073242187,1241.1569995117188,1234.4832952981415,64.65863592792405,5.111491771236842,-1.5465401905799268,6.65803196181677,0.013742393536770018,-0.011812726563674159,1.0374318355964507,1.0225539757769213,1276.3499755859375
2025-03-21,1275.0,1281.0,1270.0999755859375,1276.3499755859375,1265.4217529296875,21780769,0.005673049705214428,0.02279826157166176,0.0398387114418608,1225.802508544922,1241.5889990234375,1238.4705981826935,67.99621544751987,7.69717729105696,0.30220330574745047,7.394973985309509,0.013768846946293581,0.36372916543660927,1.041236224178573,1.0279971686200835,1302.0999755859375
2025-03-24,1291.0,1306.0,1284.25,1302.0999755859375,1290.9512939453125,20299319,0.02017471735225196,0.05105541530166691,0.05604215375988453,1229.2575073242188,1242.792998046875,1244.5305388877644,81.34129319020562,11.689413213525313,2.579645287303023,9.10976792622229,0.014349686329891616,-0.06801642311159906,1.0592572897279093,1.0477207206930415,1285.449951171875
2025-03-25,1307.699951171875,1307.699951171875,1282.5999755859375,1285.449951171875,1274.4439697265625,13713899,-0.012787055315449214,0.037615511566602144,0.04665547825490601,1232.1225036621095,1243.7049975585937,1248.4276257719655,78.59287873831208,13.35581361874165,4.734878953590748,8.620934665150902,0.014701479209768647,-0.3244158092200039,1.043280962202432,1.0335649962774347,1273.050048828125
2025-03-26,1291.0,1293.800048828125,1268.75,1273.050048828125,1262.150146484375,12074747,-0.009646351717113255,0.020767368726333446,0.048165985466341654,1235.0475036621094,1244.3909985351563,1250.7726184439807,72.68917761319848,13.520028978669188,6.4919089586064365,7.028120020062752,0.014636034603188583,-0.11952487035233383,1.0307701080754643,1.0230305830938224,1278.199951171875
2025-03-27,1278.1500244140625,1285.0,1271.300048828125,1278.199951171875,1267.2559814453125,15028056,0.004045325907249708,0.007130698958927706,0.06162786642182305,1238.757501220703,1244.9109985351563,1253.3847453704468,68.45077099966971,13.905431752715685,7.974613517428287,5.930818235287399,0.014400889531355883,0.24458558013679288,1.0318403318747247,1.0267400261351123,1275.0999755859375
2025-03-28,1280.0,1295.75,1269.0,1275.0999755859375,1264.1824951171875,18147129,-0.002425266550116323,-0.0009793552112743464,0.05633336208708983,1242.1575012207031,1245.0839990234374,1255.4528625338269,58.50132365958446,13.80162753461218,9.140016320865065,4.661611213747115,0.01445365482671139,0.20754999848283773,1.0265203682567314,1.0241075916050986,1252.5999755859375
2025-04-01,1264.5999755859375,1277.9000244140625,1249.300048828125,1252.5999755859375,1241.8751220703125,12099648,-0.01764567518688931,-0.038015514114210225,0.043746355360408495,1244.7825012207031,1244.0889990234375,1255.1811590149803,54.44026261546683,11.768144143965856,9.665641885485224,2.102502258480632,0.015056607783058274,-0.3332472591118959,1.0062801930116854,1.0068411315984473,1251.1500244140625
2025-04-02,1247.550048828125,1255.550048828125,1243.9000244140625,1251.1500244140625,1240.437744140625,10142590,-0.001157553249349852,-0.026683206706370144,0.0682177369597119,1248.7775024414063,1243.0030004882813,1254.7972414339406,51.26270249321586,9.925183625971158,9.717550233582411,0.20763339238874678,0.013768012798842263,-0.1617450358886473,1.0018998756528026,1.006554307529894,1248.699951171875
2025-04-03,1233.050048828125,1251.800048828125,1233.050048828125,1248.699951171875,1238.0086669921875,7434366,-0.0019582569591004573,-0.019127368699027092,0.07470515959545243,1253.117498779297,1242.5030004882813,1254.2165471232677,47.12362959898004,8.172713746388354,9.408582936143599,-1.2358691897552454,0.013570478316320219,-0.2670150326494515,0.9964747538744569,1.0049874734154836,1204.699951171875
2025-04-04,1241.0999755859375,1245.449951171875,1193.1500244140625,1204.699951171875,1194.38525390625,17908652,-0.035236647489820916,-0.05750274042227432,0.02475329720165531,1254.5724975585938,1241.055,1249.5006808421826,37.99997151690776,3.1965881855026055,8.166183986015401,-4.969595800512796,0.01595816431595959,1.4089010414606977,0.9602473779046081,0.970706335474153,1165.699951171875
2025-04-07,1132.199951171875,1171.25,1114.8499755859375,1165.699951171875,1155.7191162109375,22156106,-0.03237320625941975,-0.08579721316659161,-0.03629301033409582,1252.3774963378905,1239.0959985351562,1241.51965896882,32.579165525617924,-3.84962515348775,5.763022158114771,-9.612647311602522,0.016266044559136408,0.23717329478511284,0.9307896018417198,0.9407664559888426,1182.199951171875
2025-04-08,1172.0,1196.5999755859375,1163.300048828125,1182.199951171875,1172.0780029296875,19555040,0.01415458582065865,-0.0562031181432292,-0.05408873020899241,1248.997491455078,1237.8139965820312,1235.8701629881587,37.49170519606464,-8.010052981431727,3.0084071302054713,-11.018460111637198,0.014580237287648302,-0.11739725383151711,0.946519075706562,0.9550707573482583,1185.3499755859375
2025-04-09,1169.5,1189.800048828125,1168.0,1185.3499755859375,1175.2010498046875,10223104,0.0026645445306776594,-0.05259165371390251,-0.04283757088362872,1246.344989013672,1236.9339965820313,1231.0587165688994,36.03703041776436,-10.927080779623111,0.22130954823975513,-11.148390327862867,0.014544090942246369,-0.47721385381978254,0.951060890872595,0.9582968685971653,1218.949951171875
2025-04-11,1195.1500244140625,1222.6500244140625,1195.1500244140625,1218.949951171875,1208.5133056640625,11224242,0.02834603811362002,-0.023824778700503924,-0.022729172249200014,1244.9274841308593,1236.6249951171876,1229.905500816802,39.222816530086504,-10.4076363493607,-1.904479631280336,-8.503156718080364,0.015955183897124577,0.0979289656057496,0.9791332962842246,0.9857070300090145,1240.0999755859375
2025-04-15,1251.0,1251.0,1237.0999755859375,1240.0999755859375,1229.4822998046875,13378535,0.017351019534254997,0.02938493056269076,-0.013484008260442049,1244.07998046875,1236.7169946289061,1230.8764031757673,42.657479945049786,-8.19487724020587,-3.162559153065443,-5.0323180871404265,0.016370364835983028,0.19193215898231708,0.9968008448449489,1.002735452792938,1239.300048828125
2025-04-16,1234.0999755859375,1240.9000244140625,1229.0,1239.300048828125,1228.689208984375,8248464,-0.0006450502165638028,0.06313811507177292,-0.00689155815184439,1243.6499816894532,1236.4419946289063,1231.6786551426585,35.849484240041406,-6.431656970235281,-3.8163787164994103,-2.6152782537358705,0.016293889001916726,-0.38345536338620034,0.9965022852688673,1.0023115149854454,1274.5
2025-04-17,1240.199951171875,1280.199951171875,1227.5999755859375,1274.5,1263.5877685546875,15398401,0.028403090280807897,0.07807482036911861,0.028776708331613055,1245.4324829101563,1236.6299951171875,1235.7568784624052,47.72302671792154,-2.1689480387956337,-3.4868925809586555,1.3179445421630218,0.01739708253340867,0.8668204165042122,1.0233392957777387,1.0306235535546944,1295.5
2025-04-21,1270.0,1300.9000244140625,1267.0,1295.5,1284.4078369140625,10429964,0.0164770498234601,0.09292616246911689,0.045727913412008325,1248.2649841308594,1237.2479956054688,1241.4466995612238,54.50712081465884,2.8707122127743787,-2.215371622212049,5.086083834986428,0.01770651654378867,-0.322659281311092,1.0378405358394551,1.047081914540524,1291.199951171875
2025-04-22,1300.0,1303.9000244140625,1286.300048828125,1291.199951171875,1280.144775390625,13051707,-0.0033192194736588743,0.05927232691591655,0.035320471391169006,1250.46748046875,1238.153994140625,1246.185104476524,52.618856276687524,6.443425469592285,-0.4836122038511823,6.927037673443467,0.01771982221313321,0.2513664476694262,1.032573794472333,1.0428427782669054,1300.0
2025-04-23,1297.0,1306.0,1285.4000244140625,1300.0,1288.869384765625,10480888,0.006815403625238803,0.04830257688357764,0.02430758774966746,1252.0099792480469,1238.4499951171874,1251.310332621617,54.90350965336169,9.871128634646993,1.587335963848453,8.28379267079854,0.017375286853537068,-0.19697185969620679,1.0383303819836769,1.0496992249388224,1301.5999755859375
2025-04-24,1292.4000244140625,1304.5,1290.300048828125,1301.5999755859375,1290.4556884765625,10468940,0.0012307504507211853,0.050270252806592586,0.01978297526774231,1253.272479248047,1238.9179956054688,1256.0998224277428,60.51502145922747,12.57179294307366,3.7842273596934946,8.787565583380166,0.01734542301585653,-0.0011399797421745017,1.0385610448949512,1.0505941314944218,1300.4000244140625
2025-04-25,1303.5,1325.199951171875,1288.0999755859375,1300.4000244140625,1289.2659912109375,14431012,-0.000921904728320877,0.020321713938064034,-0.0013055458134926257,1253.187481689453,1239.2949951171875,1260.3188892835828,60.580021482277125,14.448707131770107,5.917123314108817,8.53158381766129,0.016757383306736984,0.3784597103431675,1.0376739661179515,1.0493062826345854,1368.800048828125
2025-04-28,1340.0,1374.5999755859375,1320.199951171875,1368.800048828125,1357.0804443359375,31104496,0.052599218032837625,0.056580508551234976,0.0648411846608763,1257.3549865722657,1241.3369970703125,1270.650428287825,70.10380269314861,21.210978519115315,8.975894355110118,12.235084164005197,0.0201518187885165,1.155392567063211,1.0886345252104777,1.1026820694611044,1399.699951171875
2025-04-29,1371.0,1410.9000244140625,1370.0,1399.699951171875,1387.7156982421875,32538970,0.022574445676126542,0.08403036253333718,0.09948540708225462,1263.687481689453,1244.2579956054688,1282.9408590386868,84.13867297192638,28.732283314182496,12.927172146924594,15.805111167257902,0.0203461692469578,0.04611789884009054,1.1076314131881593,1.1249274315418536,1405.0
2025-04-30,1402.0,1412.4000244140625,1369.0,1405.0,1392.9703369140625,25480745,0.003786560700875574,0.0807692307692307,0.09920204480673989,1270.0274841308594,1247.66099609375,1294.5655391302405,97.49903564900337,34.720405971088894,17.285818911757456,17.434587059331438,0.02034685636383886,-0.21691605481058562,1.106275271642258,1.1261071752654415,1419.800048828125
2025-05-02,1414.0,1426.699951171875,1409.0999755859375,1419.800048828125,1407.6436767578125,13007841,0.010533842582295394,0.09081136713219262,0.11348135519781066,1277.2624877929688,1251.72599609375,1306.4926352919438,97.48204317055011,40.19691159488525,21.868037448383017,18.328874146502233,0.020306399665444622,-0.4895031130369226,1.1115961381449888,1.1342738372925723,1431.300048828125
2025-05-05,1431.0,1439.5,1426.9000244140625,1431.300048828125,1419.0452880859375,12685649,0.00809973207811332,0.10066135185828196,0.1426633216710671,1286.197491455078,1256.0299975585938,1318.3790556287229,97.5633616157572,44.946915583957434,26.483813075497903,18.46310250845953,0.019558575668981688,-0.024769060445926416,1.1128151456810043,1.1395428864041561,1420.9000244140625
2025-05-06,1431.0,1432.0,1410.5999755859375,1420.9000244140625,1408.7342529296875,14084117,-0.007266138516922038,0.03806251733446531,0.1356751761880013,1294.684991455078,1260.102998046875,1328.1429574178028,92.90420526694423,47.326581541408586,30.652366768680043,16.674214772728543,0.01973743138146658,0.11024016193416664,1.0974870596260895,1.1276062564857146,1406.0
2025-05-07,1420.9000244140625,1424.4000244140625,1402.699951171875,1406.0,1393.9617919921875,13440169,-0.010486328494650254,0.004500999534114758,0.12597105387927865,1302.5499938964845,1263.7249975585937,1335.5579138542025,86.20690573837095,47.463051993088584,34.01450381356175,13.448548179526831,0.02002135277350227,-0.0457215741675534,1.079421140523023,1.112583831700939,1407.0
2025-05-08,1404.0999755859375,1420.800048828125,1398.0,1407.0,1394.9532470703125,16106175,0.0007112375533429027,0.00142348754448407,0.16792567197445063,1312.6649963378907,1267.3569970703124,1342.3619220585642,86.5677966552848,47.10885588550923,36.63337422795125,10.475481657557978,0.017575570155436874,0.19836104739456784,1.0718652542158797,1.1101844257399403,1377.199951171875
2025-05-09,1385.5,1394.800048828125,1374.5,1377.199951171875,1365.4083251953125,13668904,-0.02117984991337951,-0.030004293697138085,0.18143605461026202,1323.2399963378907,1270.3519970703126,1345.6798295931653,72.93431978148392,43.917286881765676,38.09015675871414,5.827130123051539,0.01636062533203413,-0.15132525258169616,1.0407786606989815,1.0841089354351985,1436.5
2025-05-12,1400.0,1439.0,1400.0,1436.5,1424.2005615234375,10674081,0.043058416301616775,0.0036330266153015156,0.2151074770186261,1335.9549987792968,1274.4219970703125,1354.3293696319115,76.8878518248148,45.6467761798599,39.601480642943294,6.045295536916605,0.018073642523569248,-0.21909752237633684,1.0752607694964083,1.1271776564609512,1415.699951171875
2025-05-13,1433.5,1447.699951171875,1412.4000244140625,1415.699951171875,1403.57861328125,11407896,-0.01447967200008704,-0.0036597038164819518,0.1943307717807745,1347.4724975585937,1278.1729956054687,1360.1741869214318,72.33582934170553,44.82233482677998,40.64565147971064,4.176683347069343,0.018827782914413522,0.0687473703825181,1.0506336520685198,1.1075965116140323,1424.4000244140625
2025-05-14,1420.0,1429.9000244140625,1415.5,1424.4000244140625,1412.204345703125,5570160,0.0061454217293615,0.01308678834570598,0.16854676686657388,1357.7450012207032,1282.3699951171875,1366.2909333493014,72.3259020642836,44.35963208996259,41.38844760176103,2.9711844882015583,0.01827884559006835,-0.511727666521504,1.0490924460288433,1.110755889359292,1454.199951171875
2025-05-15,1425.0,1461.4000244140625,1412.699951171875,1454.199951171875,1441.7491455078125,20177211,0.02092103780331711,0.03354651824582455,0.1726473508595765,1368.45,1287.373994140625,1374.663220760975,74.86960407144849,45.868794962424545,42.28451707389374,3.5842778885308064,0.01839231089637526,2.622375479339911,1.0626621003119405,1.1295862412869488,1456.4000244140625
2025-05-16,1453.199951171875,1461.0,1447.300048828125,1456.4000244140625,1443.9302978515625,9036695,0.001512909720849942,0.057508042441328344,0.17517951023339817,1379.304998779297,1292.3599951171875,1382.4476782517454,75.34110648423558,46.70397063438668,43.16840778599233,3.535562848394349,0.018344248483504046,-0.5521335926952442,1.0558941102243489,1.126930599768372,1440.800048828125
2025-05-19,1452.0999755859375,1454.5999755859375,1438.199951171875,1440.800048828125,1428.4638671875,6195791,-0.010711326094775098,0.002993420694831217,0.13048258048499406,1387.6200012207032,1297.1739965820314,1388.0050468780673,64.11763354240048,45.58162906984444,43.65105204276276,1.9305770270816822,0.018168003165031695,-0.31437422641795476,1.0383246476417454,1.1107222721273622,1424.5999755859375
2025-05-20,1438.199951171875,1445.0,1421.800048828125,1424.5999755859375,1412.4024658203125,11270560,-0.01124380392363522,0.006286660112331921,0.09965262492160365,1394.075,1302.24099609375,1391.4902781835788,55.18101985175823,42.89053933391915,43.49894950099404,-0.6084101670748865,0.01840698162011903,0.8190671699545709,1.0218962219291914,1.093960319064766,1429.199951171875
2025-05-21,1423.9000244140625,1436.199951171875,1418.0999755859375,1429.199951171875,1416.9630126953125,6136364,0.0032289594726726545,0.003369788455168665,0.10687732746175604,1400.975,1307.5869946289063,1395.0816756110355,55.05006607886872,40.66030423902225,42.93122044859968,-2.270916209577429,0.01831071880414326,-0.45554045229340867,1.0201466487067044,1.0930056333096847,1409.4000244140625
2025-05-22,1421.199951171875,1423.800048828125,1396.9000244140625,1409.4000244140625,1397.332763671875,12134466,-0.013853853508445368,-0.030807267406184558,0.0841538649338942,1406.445001220703,1312.2629956054689,1396.4453278779904,47.87407704995346,36.87012242343394,41.71900084356653,-4.848878420132593,0.018794406960166612,0.9774684161500198,1.0021010584777896,1.0740225314086338,1426.800048828125
2025-05-23,1406.5999755859375,1433.800048828125,1406.5999755859375,1426.800048828125,1414.5838623046875,6474883,0.012345696120798832,-0.0203240696853505,0.09618936354529861,1412.7050048828125,1316.6069970703124,1399.3362536827651,49.10179728258592,34.86847055623525,40.348894786100274,-5.480424229865022,0.018865779578814523,-0.46640560861928326,1.0099773440998616,1.0836947183199026,1434.800048828125
2025-05-26,1432.0,1441.0,1425.0999755859375,1434.800048828125,1422.5152587890625,4842944,0.005606952429368484,-0.004164352996017806,0.10335283135250695,1419.4250061035157,1320.3069970703125,1402.7137579823234,52.801292241776736,33.541039941692134,38.98732381721865,-5.446283875526518,0.01881855626386113,-0.25204146545968475,1.0108318809789152,1.0867169923448607,1422.0999755859375
2025-05-27,1426.0999755859375,1437.0,1413.9000244140625,1422.0999755859375,1409.9239501953125,12640414,-0.008851458607462614,-0.0017548785924776933,0.03893916193489644,1422.0900024414063,1323.98099609375,1404.5600644207627,53.27367995174777,31.105684871756466,37.41099602812622,-6.305311156369754,0.01535147529199264,1.6100681734085711,1.000007013019228,1.0741090542701714,1412.9000244140625
2025-05-28,1420.0999755859375,1422.5999755859375,1410.699951171875,1412.9000244140625,1400.8028564453125,5944611,-0.0064692717318164394,-0.011404930950667413,0.009430644925818576,1422.7500061035157,1327.2929956054688,1405.3543463248866,51.160964051981445,28.109263172235842,35.55064945694815,-7.4413862847123085,0.014663321582088749,-0.5297139001934589,0.9930768008102637,1.0644974614437277,1417.800048828125
2025-05-29,1412.0999755859375,1420.0,1408.5999755859375,1417.800048828125,1405.660888671875,13771917,0.003468061667062816,0.005960000190545323,0.009110355037811324,1423.3900085449218,1330.5079956054688,1406.539651325195,58.85690729907414,25.832190988579214,33.606957763274366,-7.774766774695152,0.014659817461086603,1.3167061730363856,0.9960727842100626,1.0656080636200405,1420.9000244140625
2025-05-30,1418.0,1430.5999755859375,1409.699951171875,1420.9000244140625,1408.7342529296875,13788484,0.0021864688102526397,-0.004135144527720125,0.0007747397859616534,1423.4450073242188,1333.9679956054688,1407.9073059050872,45.49133971720633,24.001067632301556,31.685779737079805,-7.684712104778249,0.014478454582009092,0.0012029552603316507,0.998212096078836,1.0651680018523506,1413.699951171875
2025-06-02,1412.0999755859375,1417.5,1395.5999755859375,1413.699951171875,1401.5958251953125,8098668,-0.005067262381923454,-0.014705949915100436,-0.012296581468476897,1422.5650024414062,1337.4649951171875,1408.458986406686,49.37264800437431,21.71854556880612,29.692332903425072,-7.973787334618951,0.014396458361383091,-0.4126498605648018,0.9937682627828486,1.0569995897709517,1405.5
2025-06-03,1422.300048828125,1426.5,1403.4000244140625,1405.5,1393.466064453125,11252626,-0.005800347637472614,-0.011672861170747062,-0.010838218136010713,1421.7950012207032,1340.7979956054687,1408.177178177478,44.05285666765767,19.028612854991252,27.559588893738308,-8.530976038747056,0.014364008387033163,0.3894415723672091,0.9885391345399914,1.048256340333589,1423.5
2025-06-04,1414.699951171875,1425.699951171875,1406.0999755859375,1423.5,1411.3118896484375,8126827,0.012806830309498363,0.007502282824528583,0.012446657183499354,1422.6700012207032,1344.3249951171874,1409.6364945415276,39.564945346394,18.140162861489898,25.675703687288628,-7.53554082579873,0.014451296241334507,-0.27778395905098063,1.0005834092084493,1.0588957321855872,1442.4000244140625
2025-06-05,1428.0,1454.699951171875,1423.5999755859375,1442.4000244140625,1430.0501708984375,13716817,0.013277150975807839,0.017350807404944435,0.02515993206401035,1424.4400024414062,1347.7899951171876,1412.7568307198642,45.72649700040988,18.745052559309897,24.289573461692882,-5.544520902382985,0.014721676906250002,0.687844099548323,1.0126084790808134,1.0701964175721965,1443.5
2025-06-06,1441.0,1451.5,1437.0,1443.5,1431.140625,8182161,0.0007626009202157391,0.015905394607377055,0.04814119313009679,1427.7550048828125,1351.1329956054688,1415.6847516036864,50.90420304382592,19.09309749683007,23.250278268720322,-4.157180771890253,0.013739535904314376,-0.4034941925666866,1.0110277989314278,1.0683626295079411,1448.800048828125
2025-06-09,1457.0,1457.5,1445.300048828125,1448.800048828125,1436.3953857421875,7885125,0.0036716652775372616,0.024828534249544232,0.0085625122367734,1428.3700073242187,1354.0669970703125,1418.8385894345854,58.742799484552904,19.570993038192455,22.51442122261475,-2.943428184422295,0.009896806801284977,-0.03630287890937367,1.0143030457088482,1.069961864488817,1438.5
2025-06-10,1450.0,1453.9000244140625,1436.0,1438.5,1426.1834716796875,7913181,-0.0071093653237078724,0.023479188900747072,0.016105142060117927,1429.510009765625,1357.127998046875,1420.7111047265296,53.226940501563796,18.900725045413083,21.791681987174417,-2.8909569417613348,0.00943728633433875,0.0035580919769819808,1.0062888613391725,1.0599589737078834,1448.9000244140625
2025-06-11,1445.800048828125,1468.5999755859375,1443.0999755859375,1448.9000244140625,1436.4945068359375,8195700,0.007229770187043849,0.017843361021469883,0.017200224361185512,1430.735009765625,1360.6449975585938,1423.3957637443898,64.66219106377734,18.98982500381112,21.23131059050176,-2.24148558669064,0.009472411552023044,0.03570233007434043,1.0126962816485585,1.0648626401550918,1441.5999755859375
2025-06-12,1453.5,1457.0,1434.4000244140625,1441.5999755859375,1429.2569580078125,8828114,-0.0050383385362128275,-0.0005546650128835928,-0.00866454133476191,1430.1050109863281,1363.912998046875,1425.1294982054894,55.938964951382594,18.26088432391566,20.637225337184542,-2.376341013268881,0.008288554308541883,0.0771641226496822,1.0080378465296624,1.056958895215685,1427.9000244140625
2025-06-13,1424.0,1435.5,1414.300048828125,1427.9000244140625,1415.67431640625,9757276,-0.009503295923896427,-0.010807049245540323,-0.019568799452242547,1428.6800109863282,1366.9689990234374,1425.3933578444012,47.35225811045147,16.388802110014467,19.78754069175053,-3.398738581736062,0.008517451484297282,0.10525033999334399,0.9994540508957446,1.0445738165489884,1437.800048828125
2025-06-16,1426.9000244140625,1442.4000244140625,1424.4000244140625,1437.800048828125,1425.489501953125,8458093,0.006933275610892187,-0.007592490080944869,-0.002082176498008903,1428.530010986328,1370.6730004882813,1426.5749474618988,56.15688557283474,15.525049592438563,18.935042471888135,-3.4099928794495717,0.008365976791106622,-0.1331501742904475,1.0064892146265771,1.048973787559783,1431.199951171875
2025-06-17,1448.0,1448.0,1425.800048828125,1431.199951171875,1418.9459228515625,10366599,-0.004590414127214282,-0.005074764565954126,0.004632862346654942,1428.860009765625,1374.2739990234375,1427.0154240057059,57.325815616561265,14.144893253184364,17.97701262814738,-3.8321193749630176,0.00802358914822546,0.22564258870173215,1.0016376281722896,1.0414225636145988,1430.0999755859375
2025-06-18,1430.0,1442.800048828125,1425.699951171875,1430.0999755859375,1417.85546875,6681735,-0.0007685687698890664,-0.012975394099898452,0.0006297400257566643,1428.905010986328,1377.9019995117187,1427.3091908228707,55.078408109244165,12.81463147907084,16.944536398332072,-4.129904919261232,0.007995523143982207,-0.3554554391464356,1.0008362799419288,1.0378822123000881,1433.300048828125
2025-06-19,1430.0999755859375,1439.9000244140625,1425.699951171875,1433.300048828125,1421.028076171875,10007230,0.0022376570147666364,-0.00575744096724129,0.016957587625981985,1430.1000122070313,1382.4740014648437,1427.879748728133,55.11550822713479,11.88164440495052,15.931957999655763,-4.050313594705242,0.007300977030095277,0.4976993251004418,1.0022376313501005,1.0367645592679695,1466.199951171875
2025-06-20,1431.0,1471.0,1428.0999755859375,1466.199951171875,1453.6463623046875,29010635,0.022953953270739902,0.026822554872865778,0.02761417227039642,1432.0700073242188,1388.4840014648437,1431.5292918180135,67.8692810240268,13.6397619052982,15.473518780784252,-1.833756875486051,0.00847050693150157,1.8989675464639064,1.023832594547125,1.0559718006293493,1456.800048828125
2025-06-23,1453.0,1463.800048828125,1442.0,1456.800048828125,1444.326904296875,5989078,-0.006411064422855217,0.013214633019025035,0.015333146955193167,1433.1700073242187,1393.9760034179687,1433.9360305808814,67.31938386266151,14.111915749598666,15.201198174547136,-1.08928242494847,0.008581669782938076,-0.7935557770452112,1.0164879542434917,1.0450682402395124,1450.800048828125
2025-06-24,1465.0,1475.0,1443.0999755859375,1450.800048828125,1438.378173828125,16402744,-0.004118616006930087,0.013694870266171666,0.020181473690246365,1434.6050109863281,1399.2850048828125,1435.5421275568094,60.029400896198155,13.84238482134856,14.929435503907422,-1.0870506825588624,0.008364137091697685,1.7387761521890348,1.0112888479531117,1.0368152619127273,1467.300048828125
2025-06-25,1464.0,1472.4000244140625,1460.5,1467.300048828125,1454.737060546875,7525851,0.011373035183813052,0.026012218640131035,0.0385023876240802,1437.3250122070312,1404.2520068359374,1438.566691487411,59.31189632520171,14.789705207234192,14.901489444572777,-0.11178423733858445,0.008472705722519043,-0.5411834141897234,1.0208547380491673,1.0448979539892185,1495.300048828125
2025-06-26,1469.0999755859375,1498.800048828125,1465.0999755859375,1495.300048828125,1482.4971923828125,14657893,0.019082668212518916,0.04325681845241802,0.05466215074830694,1441.2000122070312,1409.3560083007812,1443.9698683770027,66.12702905666916,17.596982373301444,15.44058803031851,2.1563943429829333,0.0093013085363461,0.9476724957748963,1.0375381877344323,1.060981072221038,1515.4000244140625
2025-06-27,1499.4000244140625,1522.0,1496.9000244140625,1515.4000244140625,1502.425048828125,11117052,0.013442101872256362,0.03355618256763937,0.0665071422171093,1445.9250122070312,1414.8780078125,1450.7727403805322,68.98516713678346,21.199297494616303,16.59232992317807,4.606967571438233,0.009603852585368524,-0.2415654828425886,1.0480488349122519,1.0710464195828278,1500.5999755859375
2025-06-30,1513.800048828125,1524.800048828125,1496.0,1500.5999755859375,1487.7518310546875,8409527,-0.009766430374611779,0.030065846574515165,0.06146992106919669,1450.2700134277343,1419.4000073242187,1455.5181913524757,67.25957953263159,22.599406045031174,17.79374514754869,4.805660897482483,0.009872244417311741,-0.24354703027385316,1.034703856311038,1.0572072480222068,1528.4000244140625
2025-07-01,1500.5999755859375,1531.4000244140625,1500.0999755859375,1528.4000244140625,1515.3138427734375,10368523,0.018525955804624017,0.053487712278903254,0.08744220876133935,1456.4150146484376,1424.0580078125,1462.4593183107222,70.14697930187926,25.656481812471156,19.366292480533186,6.29018933193797,0.010219094105033338,0.232949605845846,1.049426165647572,1.0732709033123184,1518.800048828125
2025-07-02,1528.4000244140625,1530.0,1508.699951171875,1518.800048828125,1505.796142578125,6361002,-0.006281062177827312,0.035098479033740304,0.06694769850939575,1461.1800170898437,1428.610009765625,1467.8251021695226,69.33869806736251,26.993435067143082,20.891720997855167,6.101714069287915,0.010269055069046873,-0.38650837732625953,1.0394339034645712,1.0631313223664844,1517.800048828125
2025-07-03,1520.800048828125,1531.9000244140625,1513.0,1517.800048828125,1504.8045654296875,11283291,-0.0006584145166255162,0.015047147238197,0.05227400383932457,1464.950018310547,1432.9660107421876,1472.5846208989133,74.05029766472795,27.653515992402845,22.244079996764704,5.409435995638141,0.010026008887525372,0.7738228977132848,1.036076336978737,1.0592017099149467,1527.300048828125
2025-07-04,1524.0,1530.0,1517.199951171875,1527.300048828125,1514.223388671875,6603501,0.006259058963224318,0.007852728139333243,0.05805337639634578,1469.1400207519532,1437.4800122070312,1477.7956140350288,73.99463806970509,28.613368386923867,23.517937674796535,5.095430712127332,0.0100483474177143,-0.4147539933163117,1.0395878046031335,1.0624843725535973,1541.5
2025-07-07,1526.5999755859375,1544.800048828125,1525.0,1541.5,1528.3016357421875,7251074,0.009297420754206254,0.027255781073894925,0.06398395088877606,1473.7750183105468,1442.30201171875,1483.8626984126452,78.41322309891538,30.172070859169253,24.84876431167108,5.323306547498174,0.010150103139746318,0.09806510213294439,1.0459534059459694,1.0687775427582178,1537.5999755859375
2025-07-08,1536.0,1544.9000244140625,1530.199951171875,1537.5999755859375,1524.43505859375,7171261,-0.002530019081454782,0.006019334614576488,0.06889118914559433,1478.7300170898438,1445.6780102539062,1488.980534333911,77.29813441256191,30.73832217779318,26.0266758848955,4.7116462928976794,0.009956182672448596,-0.011007059092211668,1.039811160804019,1.0635839825189615,1519.0
2025-07-09,1536.699951171875,1551.0,1510.0999755859375,1519.0,1505.9942626953125,8870660,-0.012096758507588734,0.00013165075417886918,0.04838151315118244,1482.2350158691406,1448.0640112304689,1491.8395310640149,70.1837093769406,29.3479133672638,26.690923381369164,2.6569899858946364,0.010486964849965951,0.23697352529771254,1.024803748216204,1.048986776979047,1517.199951171875
2025-07-10,1519.699951171875,1524.699951171875,1507.5,1517.199951171875,1504.209716796875,10047129,-0.0011850222699967272,-0.0003953733278064808,0.052441715362272934,1486.0150146484375,1450.3080102539063,1494.2548091695253,64.072851474343,27.780518941189484,26.908842493333232,0.8716764478562524,0.010377611191283026,0.13262474269107383,1.0209856133457813,1.0461225756494703,1495.199951171875
2025-07-11,1512.0,1515.0,1490.300048828125,1495.199951171875,1482.3980712890625,7234991,-0.014500395931997812,-0.0210175450991964,0.047132100011994194,1489.3800109863282,1451.8160083007813,1494.3448226935586,59.90709305182004,24.480930499778424,26.42326009462227,-1.942329594843848,0.01073848063022156,-0.2798946843421638,1.003907626087779,1.029882535130516,1483.699951171875
2025-07-14,1492.199951171875,1500.0,1479.0999755859375,1483.699951171875,1470.9964599609375,10311846,-0.007691279009865437,-0.03749597718334419,0.031923703425355,1491.6750061035157,1452.8640063476562,1493.3310254057792,58.25386208814295,20.699418980157134,25.278491871729244,-4.57907289157211,0.010907268076595766,0.42527419868248617,0.9946536243491317,1.0212242472037951,1485.4000244140625
2025-07-15,1486.199951171875,1496.5,1482.4000244140625,1485.4000244140625,1472.6820068359375,8132454,0.0011458335904404038,-0.033948980229388304,0.03787037108113944,1494.385009765625,1454.1540063476561,1492.5756919779965,54.905139189837406,17.636423843304556,23.75007826604431,-6.113654422739753,0.010810112480305976,-0.21134838514849819,0.9939875030244236,1.021487420128825,1485.5999755859375
2025-07-16,1473.0,1491.0,1471.5,1485.5999755859375,1472.8802490234375,10409983,0.0001346109927216066,-0.021988166171206358,0.03880847559434475,1497.160009765625,1455.746005859375,1491.9113380358958,46.90489192458909,15.051606962406595,22.010384005316766,-6.958777042910171,0.010800191650030244,0.28005433538265323,0.9922786915865477,1.0205076775800177,1476.4000244140625
2025-07-17,1487.4000244140625,1489.5999755859375,1473.9000244140625,1476.4000244140625,1463.759033203125,11854613,-0.006192751294470389,-0.02689159509021799,0.030070448697170127,1499.315008544922,1457.1340063476562,1490.4340700719117,36.625518882378856,12.121038008249798,20.032514805903375,-7.911476797653577,0.010952256391340053,0.1387735215321677,0.9847163644729346,1.0132218574149519,1476.0
2025-07-18,1484.800048828125,1484.800048828125,1469.0999755859375,1476.0,1463.3624267578125,10296318,-0.0002709458191869629,-0.012841059255537579,0.00668397841664925,1499.8050109863282,1459.1100073242187,1489.0593967317295,40.63928043558842,9.65496593411899,17.957005031546498,-8.302039097427507,0.009724626702930823,-0.13145051635173577,0.9841279294228568,1.0115755444010386,1428.5999755859375
2025-07-21,1465.0,1476.0,1423.0999755859375,1428.5999755859375,1416.3682861328125,22442744,-0.03211383767890408,-0.037136872278264677,-0.019357545508645546,1498.3950073242188,1458.9520068359375,1483.3013566226064,16.953626215852637,3.83163155316106,15.131930335869411,-11.300298782708351,0.012081717565288813,1.1796863694380844,0.9534201386169067,0.9791960043183153,1412.800048828125
2025-07-22,1427.4000244140625,1431.9000244140625,1410.699951171875,1412.800048828125,1400.70361328125,20396320,-0.011059727724923252,-0.048875706471444014,-0.026192444665751324,1496.4950073242187,1458.8940087890626,1476.5869463564654,16.284976805080376,-2.0348682479636864,11.698570619102792,-13.733438867066479,0.012276938530485483,-0.09118421526351683,0.9440726777660668,0.9684048603371829,1424.5999755859375
2025-07-23,1426.0,1426.0,1414.4000244140625,1424.5999755859375,1412.4024658203125,8354596,0.008352156249994636,-0.0410608515094657,-0.029101118940390136,1494.3600036621094,1458.8980078125,1471.6358062830818,22.26186280885446,-5.66663469553805,8.225529556174624,-13.892164251712675,0.012131124191166512,-0.5903870894357414,0.9533177896188224,0.97649045235315,1402.9000244140625
2025-07-24,1419.199951171875,1423.0,1396.0,1402.9000244140625,1390.8883056640625,14740507,-0.015232311907733775,-0.04978325574680875,-0.06179363431872886,1489.7400024414062,1457.8720092773438,1465.0895413431754,15.482757382652863,-10.178508960818363,4.544721852776027,-14.72323081359439,0.011490659724224292,0.7643590426155855,0.9417079638829399,0.9622929965638545,1391.699951171875
2025-07-25,1398.9000244140625,1401.0,1384.0999755859375,1391.699951171875,1379.7841796875,11854722,-0.007983514895771204,-0.057113854219596916,-0.08162865992431056,1483.554998779297,1456.5780078125,1458.1000565649565,7.731351550196948,-14.490911917770063,0.7375950986668087,-15.228507016436872,0.010845860031231927,-0.1957724384921089,0.93808450129385,0.9554585773692552,1387.5999755859375
2025-07-28,1392.300048828125,1407.800048828125,1385.0,1387.5999755859375,1375.7193603515625,7748361,-0.0029460197814084044,-0.028699426501938685,-0.07530321327366207,1477.9049987792969,1455.5140063476563,1451.3857631383833,7.722637380785272,-18.03150018528254,-3.016223958123061,-15.015276227159479,0.010768321669694892,-0.3463903244631127,0.9388965980438875,0.9533401736668021,1417.0999755859375
2025-07-29,1383.0,1420.199951171875,1383.0,1417.0999755859375,1404.966796875,10750072,0.021259729402591798,0.0030435494119491757,-0.07282128176541591,1472.3399963378906,1455.3640063476562,1448.1204500381502,22.942096641087858,-18.246701817262192,-6.062319529950887,-12.184382287311305,0.011080155576693994,0.3873994771281306,0.9624814778588165,0.9737082746345053,1410.0999755859375
2025-07-30,1418.0999755859375,1423.300048828125,1401.300048828125,1410.0999755859375,1398.0267333984375,7209849,-0.004939665599179577,-0.010178295836370643,-0.07156970618091452,1466.9049926757812,1454.9820068359375,1444.499452471273,22.325570245358335,-18.765772021038174,-8.603010028168345,-10.162761992869829,0.01106785616716779,-0.329320864083515,0.9612755990514248,0.9691528616579924,1390.199951171875
2025-07-31,1388.0999755859375,1402.5999755859375,1382.199951171875,1390.199951171875,1378.2969970703125,17065827,-0.014112491850652997,-0.009052728648637598,-0.08406910894143693,1460.5249877929687,1454.5980053710937,1439.3280713951397,22.570518920270317,-20.54606233883851,-10.991620490302378,-9.554441848536133,0.011283382473196553,1.367015869541789,0.9518494806943609,0.955727937229785,1393.699951171875
2025-08-01,1386.9000244140625,1405.9000244140625,1384.300048828125,1393.699951171875,1381.76708984375,10321171,0.0025176234519714846,0.0014370913775745287,-0.08747468957311921,1453.8449829101562,1453.9360034179688,1434.9825361357812,25.4634547647383,-21.427531250632683,-13.07880264236844,-8.348728608264242,0.011128706716455213,-0.39521413172651987,0.9586303681305216,0.9585703551569749,1411.5
2025-08-04,1395.0999755859375,1416.0999755859375,1391.699951171875,1411.5,1399.4146728515625,6312820,0.0127717941104597,0.01722400175451888,-0.08433344145313004,1447.3449829101562,1453.4700024414062,1432.7461041228496,31.47867929019283,-20.45400549152555,-14.553843212199862,-5.900162279325688,0.011379824806759404,-0.3883620376021286,0.9752339743921431,0.9711242733796303,1391.699951171875
2025-08-05,1411.0,1411.0,1388.0999755859375,1391.699951171875,1379.7841796875,9315972,-0.014027664773733628,-0.017923946688066406,-0.0948881547415894,1440.049981689453,1452.862001953125,1428.8369466989475,28.571420612223633,-21.03766862960765,-15.85060829568142,-5.187060333926231,0.01157269675287998,0.47572273563953993,0.966424755298525,0.9579023673968842,1392.800048828125
2025-08-06,1391.9000244140625,1395.9000244140625,1383.300048828125,1392.800048828125,1380.8748779296875,5834312,0.0007904704281433972,-0.012268581701537773,-0.08308094218029949,1433.7399841308593,1452.4600024414062,1425.4048611874407,30.18959070599989,-21.167451974562482,-16.913977031457634,-4.253474943104848,0.01151000225535584,-0.3737301915463035,0.9714453556740609,0.9589248905215977,1389.4000244140625
2025-08-07,1387.699951171875,1393.699951171875,1366.0,1389.4000244140625,1377.50390625,9976705,-0.0024411432329595195,-0.0005754041043795066,-0.0842340699122095,1427.3499877929687,1451.892001953125,1421.9758291137855,29.766372386113886,-21.299136577292302,-17.791008940624568,-3.5081276366677336,0.011495734378246721,0.71000539566619,0.9734122929180207,0.9569582465810154,1367.800048828125
2025-08-08,1385.0,1397.199951171875,1365.0,1367.800048828125,1356.0888671875,8793606,-0.015546261124507077,-0.01858355689972757,-0.08520592997872911,1420.9799926757812,1450.8300024414064,1416.8162309913416,33.84699705202256,-22.882658046944016,-18.80933876188846,-4.0733192850555575,0.011546713958894107,-0.11858614642810428,0.9625751635337838,0.942770721949807,1386.199951171875
2025-08-11,1370.0,1388.0,1361.199951171875,1386.199951171875,1374.331298828125,9997486,0.01345218722540209,-0.017924228712805523,-0.06571409530814587,1416.1049926757812,1450.2800024414062,1413.900394818059,43.02932629744459,-22.39473926159212,-19.526418861829193,-2.868320399762929,0.012178161232584502,0.13690401866992907,0.9788821862371945,0.9558153934677037,1380.4000244140625
2025-08-12,1381.9000244140625,1401.9000244140625,1375.199951171875,1380.4000244140625,1368.5810546875,12244664,-0.004184047729124063,-0.00811951365543806,-0.07068802899839643,1410.8549926757812,1449.7780029296875,1410.7098833510117,38.04114191198521,-22.219928225126296,-20.065120734488616,-2.1548074906376797,0.01213347866960722,0.2247743082610969,0.978413821108604,0.9521457917174718,1382.5999755859375
2025-08-13,1388.0,1391.800048828125,1377.5,1382.5999755859375,1370.7620849609375,7457021,0.0015937055440207182,-0.00732342969887867,-0.06933225746680272,1405.7049926757813,1448.9600024414062,1408.0327492781475,43.859636167067166,-21.654254775721483,-20.382947542735188,-1.2713072329862953,0.012161397736504733,-0.39099831567448484,0.9835633954419817,0.9542016158184793,1373.800048828125
2025-08-14,1377.300048828125,1380.699951171875,1370.0999755859375,1373.800048828125,1367.4774169921875,7126128,-0.006364767042674857,-0.01122785037557228,-0.06949334454708933,1400.5749938964843,1447.5880029296875,1404.772492092431,44.505858479283255,-21.66627965187422,-20.639613964562994,-1.026665687311226,0.012163451347945607,-0.04437334962580897,0.9808828908233826,0.9490269648876425,1381.699951171875
2025-08-18,1390.0,1394.9000244140625,1377.0,1381.699951171875,1375.3409423828125,11785109,0.005750401851047249,0.010162232671112159,-0.0638889219702744,1395.8599914550782,1446.352001953125,1402.5751072428543,48.23034479223494,-20.798600041359805,-20.671411179922355,-0.12718886143744967,0.012321704452623615,0.6537885651226023,0.9898556872681461,0.9552999195949913,1420.0999755859375
2025-08-19,1390.0,1421.0,1389.0999755859375,1420.0999755859375,1413.564208984375,14384719,0.027791869270527236,0.02445536402263171,-0.005949881104060473,1395.434991455078,1445.7780004882814,1404.2441423231478,50.85421483558728,-16.818523184805372,-19.900833580898958,3.082310396093586,0.012209769207936812,0.22058429837178428,1.017675480607764,0.9822393030647363,1413.0
2025-08-20,1413.0,1424.9000244140625,1410.0,1413.0,1406.4969482421875,8725641,-0.0049996308062804085,0.02361632498505295,0.00014152828777214133,1395.4449890136718,1445.2680004882814,1405.078033530467,50.82527809756325,-14.074945088265622,-18.735655882372292,4.66071079410667,0.012000209005516127,-0.3934090057650761,1.0125802243187934,0.9776733446825228,1424.800048828125
2025-08-21,1425.0,1431.9000244140625,1420.300048828125,1424.800048828125,1418.24267578125,11021323,0.00835106074177272,0.030522258055373896,0.00014044169985694133,1395.4549926757813,1444.7860009765625,1406.9563207016727,60.32223385953744,-10.823705418496502,-17.153265789597135,6.329560371100634,0.012000169238642115,0.2630960865797711,1.0210290237280062,0.9861668426085741,1409.199951171875
2025-08-22,1420.0,1423.4000244140625,1407.9000244140625,1409.199951171875,1402.71435546875,5818868,-0.010948973274587437,0.025767870931396875,0.004490645554335648,1395.7699890136719,1444.1380004882812,1407.169999794073,54.31274463318439,-9.397543035346871,-15.602121238747083,6.204578203400212,0.011748176669245772,-0.4720354353102617,1.00962190207836,0.9758069870714619,1412.5999755859375
2025-08-25,1414.699951171875,1419.5,1405.699951171875,1412.5999755859375,1406.0987548828125,5979407,0.0024127338432242684,0.022363773254717723,0.015017622438273204,1396.814990234375,1443.8319995117188,1407.687140345679,50.3327211353061,-7.901857818534154,-14.0620685547045,6.160210736170345,0.011591830704798547,0.027589386801694094,1.011300698705212,0.9783686578934783,1384.9000244140625
2025-08-26,1408.0,1410.0,1381.5999755859375,1384.9000244140625,1378.5262451171875,12145259,-0.01960919697764063,-0.024786952874463197,-0.0019457705530262492,1396.6799926757812,1442.7739990234375,1405.516938828382,48.036970708029656,-8.84965772427472,-13.019586388618546,4.169928664343825,0.012443474892636436,1.0311811856928288,0.9915657356563471,0.9598870130397776,1385.9000244140625
2025-08-28,1389.9000244140625,1392.199951171875,1366.5,1385.9000244140625,1379.521728515625,13161813,0.0007220737832127622,-0.019179034384952276,-0.022016760785684597,1395.1199951171875,1441.8680004882813,1403.6486612651136,48.00692226485562,-9.411613117953948,-12.297991734485628,2.8863786165316796,0.011398121612593053,0.08369965597275453,0.9933912704746587,0.9611837033242533,1357.199951171875
2025-08-29,1381.0999755859375,1403.5,1350.0,1357.199951171875,1350.9537353515625,18758842,-0.02070861731481788,-0.04744532238881516,-0.03751508781643731,1392.4749938964844,1440.41,1399.224974589567,41.88505319970393,-12.03410124208881,-12.245213636006266,0.21111239391745684,0.012198562639227318,0.4252475703765126,0.974667377957071,0.9422316917904451,1353.9000244140625
2025-09-01,1356.0,1363.199951171875,1340.5999755859375,1353.9000244140625,1347.6689453125,11232238,-0.002431422691227758,-0.039242072575879416,-0.026111299117233644,1390.6599975585937,1438.8219995117188,1394.9083126680903,46.141020227372394,-14.214858445471918,-12.639142597899397,-1.5757158475725213,0.011854810345080877,-0.4012296707867149,0.9735665272539182,0.9409781229877806,1366.5
2025-09-02,1354.800048828125,1384.5,1354.5,1366.5,1360.2109375,11517006,0.009306429838784158,-0.03263484099015046,-0.019516360855867387,1389.3,1436.8280004882813,1392.202759080653,44.34883154137929,-14.75630995755796,-13.06257606983111,-1.6937338877268502,0.012063878346517702,0.025352739142457725,0.9835888576981214,0.9510532920680962,1372.5999755859375
2025-09-03,1369.699951171875,1376.5,1360.5,1372.5999755859375,1366.2828369140625,7847563,0.004463941153265649,-0.008881542791024932,-0.027559351338336868,1387.354998779297,1435.1439990234376,1390.3358273192516,47.76630716719731,-14.525753289715112,-13.355211513807912,-1.1705417759071999,0.011705473134546604,-0.31861084382520943,0.9893646375971961,0.9564196878640339,1359.300048828125
2025-09-04,1371.800048828125,1374.0,1357.0999755859375,1359.300048828125,1353.0440673828125,13223177,-0.009689586911244885,-0.019193286036042534,-0.023280810146229958,1385.7350036621094,1433.3139990234374,1387.3800388915251,43.72645444248918,-15.240544892003072,-13.732278189446946,-1.508266702556126,0.011496147248694405,0.6850042490898129,0.9809235136847058,0.9483616637765762,1375.0
2025-09-05,1363.0,1381.0,1359.300048828125,1375.0,1368.671875,5777575,0.011550026195769059,0.0131152737021214,-0.012780046097142006,1384.8450012207031,1431.467998046875,1386.2009875685228,50.31151404063183,-14.374467622056272,-13.860716075968812,-0.5137515460874607,0.01183669188179283,-0.5630720968190928,0.9928909002725756,0.9605523852968274,1378.5
2025-09-08,1380.0,1386.0,1372.4000244140625,1378.5,1372.15576171875,6986720,0.0025454545454546285,0.01816971352562291,-0.007845130432223235,1384.3,1429.1319970703125,1385.4675601810443,49.149853346945704,-13.252903178399492,-13.73915349645495,0.4862503180554576,0.011847860626757887,0.20928244116259842,0.9958101567579283,0.9645715041199084,1376.199951171875
2025-09-09,1376.5999755859375,1381.199951171875,1368.699951171875,1376.199951171875,1369.8662109375,9754452,-0.0016685156533369216,0.007098390905140972,0.006141177104757922,1384.7199951171874,1426.3479956054687,1384.5849307515996,35.56869445739697,-12.40663404013253,-13.472649605190465,1.0660155650579348,0.011303497425917765,0.3961418233448599,0.9938470997924809,0.9648416483297918,1377.0
2025-09-10,1383.9000244140625,1388.5,1374.0999755859375,1377.0,1370.66259765625,7790815,0.0005813463570054633,0.0032056130644939618,-0.006636813948880493,1384.2599975585938,1423.87599609375,1383.8625563943044,37.65432512219586,-11.538394962151187,-13.085798676582609,1.5474037144314217,0.010877660946630757,-0.2013067469090012,0.9947553222867105,0.9670785965755802,1383.300048828125
2025-09-11,1376.0,1385.5,1375.0,1383.300048828125,1376.9337158203125,9766072,0.0045751988584785686,0.017656145911780774,0.002100857985201321,1384.4049987792969,1420.9739965820313,1383.8089842451445,35.21026886781782,-10.224090992119955,-12.513457139690079,2.2893661475701244,0.010888394314947999,0.2535366325602648,0.999201859317074,0.9734872363290771,1395.0
2025-09-12,1383.300048828125,1396.300048828125,1380.5,1395.0,1388.579833984375,7403368,0.008457999536533478,0.014545454545454639,0.008968627681920305,1385.025,1418.4979956054688,1384.8747952694166,44.7947355797628,-8.144522363802025,-11.63967018451247,3.4951478207104447,0.011043013247095758,-0.24192981579492756,1.007202036064331,0.9834345937193666,1399.300048828125
2025-09-15,1393.0,1400.800048828125,1388.5999755859375,1399.300048828125,1392.8599853515625,5396697,0.0030824722782258895,0.015088900129216487,0.01856165314723346,1386.3,1416.1279956054686,1386.2486289416745,45.156615494313904,-6.079391795624815,-10.527614506734938,4.448222711110123,0.010935248028009362,-0.2710483931097306,1.009377514843919,0.9881169309345171,1405.300048828125
2025-09-16,1404.699951171875,1408.0,1398.199951171875,1405.300048828125,1398.8323974609375,8686961,0.004287858065198158,0.02114525409732093,0.017080479474747,1387.4800048828124,1413.6879956054688,1388.0630498832413,58.82354183496217,-3.9134987089259994,-9.20479134717315,5.2912926382471515,0.010906497536131663,0.6096810697358033,1.0128434600012977,0.9940666209210107,1413.800048828125
2025-09-17,1407.0,1416.199951171875,1406.9000244140625,1413.800048828125,1407.2933349609375,7519417,0.006048530352708692,0.02672479943945172,-0.00443625580319662,1387.1650085449219,1411.1339965820312,1390.514192639897,61.33226236693491,-1.4939129719521134,-7.662615672128943,6.16870270017683,0.009002736013038555,-0.13440189267570102,1.0192010612429896,1.0018892977226481,1415.0
2025-09-18,1420.4000244140625,1422.0,1410.699951171875,1415.0,1408.4876708984375,9332642,0.0008487417813216602,0.022916178741358317,0.0014154281670204494,1387.2650085449218,1408.6819970703125,1392.8461742932402,80.23019738135795,0.514521108868621,-6.027188315929431,6.541709424798052,0.008932779879651631,0.24113904043358692,1.0199925690363725,1.0044850455552263,1407.4000244140625
2025-09-19,1414.9000244140625,1417.0,1403.5999755859375,1407.4000244140625,1400.9227294921875,13461373,-0.005371007481227874,0.008888906390009055,-0.012212257030994489,1386.3950073242188,1406.4499975585939,1394.2322552571281,76.77680295217381,1.4759512267717128,-4.526560407389202,6.002511634160915,0.008792273445219148,0.44239680467760367,1.015150817031853,1.000675478585885,1390.5999755859375
2025-09-22,1403.9000244140625,1410.699951171875,1388.0,1390.5999755859375,1384.199951171875,7757970,-0.011936939417859782,-0.0062174465365548715,-0.013198961276197907,1385.4650085449218,1403.917998046875,1393.8863238598717,61.57539924975404,0.8722136493609014,-3.4468055960391815,4.319019245400083,0.008856156106135365,-0.4236865734275397,1.0037063130496588,0.9905136749586048,1389.800048828125
2025-09-23,1391.0,1395.0,1376.800048828125,1389.800048828125,1383.40380859375,14014702,-0.0005752385818038608,-0.011029672996115902,-0.016140398663362032,1384.3250122070312,1401.81,1393.4971548092292,58.70449695997747,0.3254483000612254,-2.6923548168191003,3.0178031168803257,0.008827341090976229,0.8064908732567926,1.0039550225364815,0.9914325399505818,1383.0
2025-09-24,1385.300048828125,1396.0,1380.4000244140625,1383.0,1376.635009765625,5922759,-0.0048928252908457814,-0.021785293368503322,-0.0013719578168586155,1384.2300109863281,1399.7960009765625,1392.497425779779,62.83853663826737,-0.6490919604664214,-2.2837022455485645,1.6346102850821431,0.007718563037402006,-0.57738958702083,0.9991114114153242,0.9880011080437116,1372.4000244140625
2025-09-25,1381.300048828125,1384.5,1369.0,1372.4000244140625,1366.0838623046875,11411143,-0.007664479816296144,-0.030105989813383416,-0.009740962379813478,1383.5550109863282,1397.5360009765625,1390.5833875544727,48.509189562997044,-2.250805693257007,-2.277122935090253,0.02631724183324602,0.007900632525060217,0.926660024491964,0.9919374463005173,0.9820140758127621,1377.5999755859375
2025-09-26,1372.0,1382.699951171875,1366.0,1377.5999755859375,1371.2598876953125,9879109,0.0037889471578049783,-0.021173829978105574,0.015030964594751284,1384.5750122070312,1395.3760009765624,1389.3468721288978,49.49379968116177,-3.0652484879346957,-2.4347480456591417,-0.630500442275554,0.00634116651736957,-0.1342577163391958,0.9949623266637064,0.9872607631361122,1372.800048828125
2025-09-29,1381.5999755859375,1389.0,1368.0,1372.800048828125,1366.48193359375,14231999,-0.003484267452727674,-0.012800177671736579,0.013959689839168066,1385.5200134277343,1393.3040014648439,1387.7709841954909,48.14009519891873,-4.051313228115077,-2.758061082150329,-1.2932521459647486,0.006373390094467805,0.44061564661347496,0.9908193570094015,0.9852839347226721,1364.0
2025-09-30,1377.0999755859375,1377.0999755859375,1362.800048828125,1364.0,1357.722412109375,14604684,-0.00641029175052632,-0.018563856613675878,-0.0018294914013904373,1385.3950134277343,1391.0640014648438,1385.5070809387776,43.460758162999646,-5.479700458384968,-3.3023889573972567,-2.1773115009877118,0.006225229275384917,0.026186412744970022,0.9845567414200526,0.9805443880106562,1368.699951171875
2025-10-01,1367.0,1378.5999755859375,1362.699951171875,1368.699951171875,1362.4007568359375,12045916,0.0034457120028408283,-0.010339876231471479,-0.0028413408738388046,1385.2000122070312,1389.8660009765624,1383.9064019133582,42.53572248794273,-6.161435654049228,-3.874198296727651,-2.287237357321577,0.00619023637963311,-0.17520187359069184,0.9880883187339373,0.9847711579462944,1363.4000244140625
2025-10-03,1363.199951171875,1371.5999755859375,1356.9000244140625,1363.4000244140625,1357.125244140625,12842347,-0.003872234198061264,-0.0065578547361527795,0.003016240299168693,1385.405010986328,1388.8780004882813,1381.953413580092,32.71331971947801,-7.0481290597765565,-4.508984449337432,-2.5391446104391244,0.005844109641916174,0.06611626712323071,0.9841165677922593,0.9816557134138049,1375.0
2025-10-06,1360.0,1377.4000244140625,1359.0,1375.0,1368.671875,12396580,0.008508123352075403,-0.0018873226132510856,0.0,1385.405010986328,1387.8860009765624,1381.2911837153215,37.6899083294993,-6.737157133649816,-4.954618986199909,-1.7825381474499071,0.005565192855747698,-0.03471071136763393,0.992489552943857,0.9907153750614277,1384.800048828125
2025-10-07,1376.0,1395.9000244140625,1375.9000244140625,1384.800048828125,1378.4267578125,11244040,0.007127308238636276,0.008741258430347232,0.004570220404878533,1385.7200134277343,1387.5240014648436,1381.6253613451124,39.99997618134571,-5.634971163829505,-5.090689421725829,-0.5442817421036761,0.005765553788435711,-0.09297241658586486,0.9993361107650213,0.9980368248521518,1367.4000244140625
2025-10-08,1384.800048828125,1389.0,1364.5,1367.4000244140625,1361.1068115234375,8525081,-0.012565008521473686,0.0024926865205736615,-0.006394366422058928,1385.2800170898438,1387.0380029296875,1380.2705673516791,29.17409518215797,-6.095255087584064,-5.2916025548974766,-0.8036525326865878,0.006432086604364746,-0.24181335178458985,0.9870928675392697,0.9858417876985736,1377.800048828125
2025-10-09,1374.0,1380.0,1369.0999755859375,1377.800048828125,1371.458984375,8826633,0.00760569272222944,0.006648716286179912,0.0005810085897786088,1385.32001953125,1386.8420043945312,1380.0352798732454,34.577115938596336,-5.556783221739124,-5.344638688265806,-0.2121445334733183,0.006670174165467689,0.03537233253267624,0.9945716725398442,0.9934801833678569,1381.699951171875
2025-10-10,1377.800048828125,1388.0,1375.0999755859375,1381.699951171875,1375.3409423828125,6373084,0.002830528527754783,0.01342227257600137,-0.0011567249329641482,1385.2400146484374,1386.13400390625,1380.1938199969245,39.007646899731945,-4.760475068977712,-5.227805964408187,0.4673308954304751,0.006619094045961097,-0.27797111310734224,0.9974444403575355,0.9968011370315717,1375.0
2025-10-13,1376.9000244140625,1377.699951171875,1367.800048828125,1375.0,1368.671875,7600682,-0.00484906376828953,0.0,-0.014336917562724039,1384.2400146484374,1385.4320043945313,1379.699170473408,42.696618939471,-4.6168055263201495,-5.10560587679058,0.4888003504704308,0.006384900996736381,0.19262228459565267,0.9933248464495631,0.9924702155274012,1375.9000244140625
2025-10-14,1380.0,1388.0,1370.0999755859375,1375.9000244140625,1369.5677490234375,9768174,0.0006545632102272769,-0.006426938258410675,-0.016722663901612367,1383.0700134277345,1385.146005859375,1379.3373470391846,43.49857203704824,-4.379833931078338,-4.9604514876481325,0.5806175565697949,0.0063320144936974245,0.28517072546910915,0.9948158886071846,0.9933249048070019,1374.300048828125
2025-10-15,1383.0,1384.0,1372.699951171875,1374.300048828125,1367.97509765625,10882743,-0.0011628574442528183,0.005046090603237463,-0.022059345992231916,1381.5200134277343,1384.7580078125,1378.857604352417,45.72272554865783,-4.271893167518101,-4.822739823622126,0.5508466561040253,0.006216677459355239,0.11410208294815383,0.9947738979316734,0.9924478075408314,1398.300048828125
2025-10-16,1375.0999755859375,1400.5,1375.0,1398.300048828125,1391.8646240234375,12315932,0.017463435310553166,0.01487879175025153,-0.010963360775696485,1380.7450134277344,1384.4940087890625,1380.709265731056,61.251122869199925,-2.2241117354692506,-4.303014205991551,2.0789024705223005,0.007331240797824417,0.13169372831831083,1.01271417620898,1.0099719030573038,1416.800048828125
2025-10-17,1401.0,1423.300048828125,1399.0999755859375,1416.800048828125,1410.279541015625,19335561,0.013230350678671732,0.02540356003232125,0.001272119313162623,1380.8350158691405,1384.9960107421875,1384.146483168872,65.26485215111265,0.8814049048592096,-3.266130383821399,4.147535288680609,0.00795006075640067,0.5699632800830663,1.0260458581551446,1.0229632705359883,1466.800048828125
2025-10-20,1440.0,1473.800048828125,1433.300048828125,1466.800048828125,1460.04931640625,24721978,0.035290794944111026,0.06676367187499999,0.04220550190681727,1383.8050170898437,1386.4760107421876,1392.0182513268962,77.07375556383735,7.293061476001185,-1.1542920118568825,8.447353487858067,0.01106721962801902,0.2785756772198127,1.0599759581106454,1.057933954474221,1465.199951171875
2025-10-21,1468.0,1474.0,1460.0,1465.199951171875,1458.4566650390625,2066169,-0.0010908764678105864,0.06490291821590866,0.053645891626385556,1387.5350158691406,1387.9920092773436,1398.987937026418,80.40865702036756,12.105684201884742,1.4977032308914426,10.6079809709933,0.010597592935097802,-0.9164237990989232,1.0559733155664441,1.0556256386048861,1448.4000244140625
2025-10-23,1475.0,1482.9000244140625,1444.5999755859375,1448.4000244140625,1441.7340087890625,18707090,-0.011465961860274265,0.053918338756607787,0.04216432114486457,1390.4650146484375,1389.6040087890624,1403.6938501109555,72.32496575532168,14.398135950008964,4.077789774714947,10.320346175294016,0.011043479564780308,8.053998003067512,1.0416659241011348,1.042311345716566,1451.5999755859375
2025-10-24,1450.0,1459.800048828125,1441.0,1451.5999755859375,1444.9193115234375,9700837,0.0022093006889927214,0.038117660656939556,0.04960229615758305,1393.8950134277343,1390.9120092773437,1408.25633825143,75.0,16.285401818232913,6.519312183418541,9.76608963481437,0.010919452502707906,-0.48143527400573793,1.0413983561188735,1.043631779655224,1484.0999755859375
2025-10-27,1463.0,1485.0,1458.0,1484.0999755859375,1477.2696533203125,14113867,0.022389088279559433,0.047501358299273155,0.08139022820227981,1399.4800109863281,1392.9860083007814,1415.4795418070973,77.64825547042872,20.171032890850256,9.249656324904885,10.921376565945371,0.011502370012680653,0.4549122926196987,1.0604652899186253,1.0654091044290535,1486.9000244140625
2025-10-28,1484.0999755859375,1492.0,1477.5999755859375,1486.9000244140625,1480.056884765625,17631577,0.0018866982509178065,0.013703282599421884,0.07934091954497613,1404.9450134277345,1395.0720092773438,1422.2814925315704,76.82606801942606,23.208827137556227,12.041490487435155,11.167336650121072,0.011511912638586025,0.2492378594753657,1.0583332516241166,1.0658231363872652,1504.199951171875
2025-10-29,1490.0,1508.300048828125,1488.0999755859375,1504.199951171875,1497.277099609375,11884745,0.011634895738622308,0.0266175275045617,0.09571670867575954,1411.5150085449218,1397.6800073242186,1430.0832504973137,85.96215816912337,26.70442844386048,14.974078078720222,11.730350365140257,0.0114987912514907,-0.3259397613724513,1.0656634481857183,1.0762119678964164,1488.5
2025-10-30,1500.0,1503.0999755859375,1484.0,1488.5,1481.6494140625,9318663,-0.01043740970716267,0.02768570485364341,0.09127565982404695,1417.740008544922,1399.8160083007813,1435.6467504499506,78.31204332845884,27.886405687865135,17.556543600549205,10.32986208731593,0.01173535929715737,-0.2159139300001809,1.0499104144826255,1.0633540345112005,1486.4000244140625
2025-10-31,1490.4000244140625,1497.5,1482.300048828125,1486.4000244140625,1479.5592041015625,8758053,-0.0014107998561890822,0.02397358047218079,0.0859940654936191,1423.6250122070312,1401.1420092773437,1440.48039558939,77.02637212635076,28.327143018188508,19.710663484077067,8.616479534111441,0.011807077558839788,-0.06015991779078178,1.0440951877557363,1.060848946482371,1484.699951171875
2025-11-03,1486.0,1495.0,1479.300048828125,1484.699951171875,1477.866943359375,8452085,-0.0011437521624487745,0.0004042689817447265,0.08896869927073858,1429.690008544922,1402.5760083007813,1444.6917818353409,79.06729718015563,28.214015220425154,21.411333831346685,6.802681389078469,0.011724386223391461,-0.034935618681458114,1.038476832249069,1.0585522227566024,1473.0999755859375
2025-11-04,1483.9000244140625,1492.800048828125,1470.0999755859375,1473.0999755859375,1466.3203125,10007806,-0.007813010013761779,-0.009281087229494944,0.07134543678977279,1434.5950073242188,1403.5420068359374,1447.3973240973023,74.37311905105896,26.87850091366454,22.504767247810257,4.373733665854282,0.011983787020013322,0.18406357721201339,1.026840305497464,1.0495588791865287,1496.0999755859375
2025-11-06,1484.0,1501.5999755859375,1476.199951171875,1496.0999755859375,1489.2144775390625,16772678,0.015613332686976289,-0.005384906161994607,0.08037256126037762,1440.1600036621094,1405.2800073242188,1452.0356718581247,77.58151430263165,27.360607927870433,23.475935383822293,3.88467254404814,0.012265185895419441,0.6759595459784093,1.0388428867497925,1.0646276669335446,1478.0
2025-11-07,1494.5999755859375,1498.4000244140625,1475.9000244140625,1478.0,1471.19775390625,7821765,-0.012098105662256109,-0.007054081289889158,0.08088340910578107,1445.6900024414062,1406.5880078125,1454.5084650144938,68.54350567465322,25.98265260248263,23.97727882755436,2.0053737749282696,0.012232511205334716,-0.533660337365327,1.0223491879338105,1.050769658059689,1489.300048828125
2025-11-10,1477.9000244140625,1501.0,1475.5,1489.300048828125,1482.44580078125,7068438,0.007645499883710993,0.0019510389978671938,0.08092611122697768,1451.2650024414063,1408.6760083007812,1457.8219491872208,67.45306139720878,25.50838776571868,24.283500615187226,1.2248871505314547,0.012233137669083096,-0.09631163810214194,1.026208202032526,1.0572339133003315,1493.4000244140625
2025-11-11,1497.0,1498.800048828125,1480.199951171875,1493.4000244140625,1486.5269775390625,7127506,0.002752954711284339,0.005859819174453662,0.08084249633753715,1456.8500061035156,1410.8260083007813,1461.2103373040627,58.220020898326254,25.17318245299316,24.461436982748413,0.7117454702447468,0.012233529871827083,0.008356584580638593,1.02508838806838,1.0585288445403231,1511.5
2025-11-12,1505.0,1524.699951171875,1500.0,1511.5,1504.5435791015625,12384459,0.012119978096986506,0.026067493754990068,0.09927272727272718,1463.6750061035157,1413.9120092773437,1465.9998289893902,62.98376319291923,26.06755603018587,24.78266079223591,1.2848952379499607,0.012178380117470312,0.7375585513361897,1.0326745990039143,1.06901984712085,1510.9000244140625
2025-11-13,1515.0,1522.0999755859375,1506.800048828125,1510.9000244140625,1503.9464111328125,7196443,-0.0003969405133559256,0.009892419670903818,0.09811759401450026,1470.4250061035157,1417.0520092773438,1470.2760380774541,69.27824074004347,26.423348603408613,25.11079835447045,1.3125502489381624,0.01219953052976902,-0.418913413981184,1.027526067730446,1.066227643390858,1518.9000244140625
2025-11-14,1505.5,1520.9000244140625,1505.5,1518.9000244140625,1511.9095458984375,7682823,0.0052948572842219654,0.027672546964859546,0.10521717998135771,1477.6550048828126,1420.100009765625,1474.906893919036,70.16179994207326,27.039159324840284,25.49647054854442,1.542688776295865,0.012119693317191964,0.06758616722177879,1.0279124825449502,1.0695725751489458,1518.300048828125
2025-11-17,1520.9000244140625,1523.699951171875,1511.5,1518.300048828125,1511.3123779296875,5871416,-0.00039500663394154145,0.019472234639902775,0.08581849088868188,1483.6550048828126,1423.0140112304687,1479.0395753389494,62.66670524694847,27.165632244179733,25.830302887671483,1.3353293565082502,0.011813607516278492,-0.23577362123271617,1.0233511455367272,1.0669607163707848,1519.4000244140625
2025-11-18,1521.699951171875,1527.800048828125,1510.5,1519.4000244140625,1512.4072265625,11045042,0.0007244783972617519,0.017409936771764167,0.0724166939934825,1488.7850036621094,1426.2160107421876,1482.8834276318173,62.19056549864834,27.042888199301842,26.072819949997555,0.9700682493042869,0.011639648791326554,0.881154733372665,1.0205637621796608,1.0653365359595024,1518.9000244140625
2025-11-19,1517.4000244140625,1522.300048828125,1512.0,1518.9000244140625,1511.9095458984375,5692366,-0.0003290772620546667,0.004895815027497585,0.03551948040059161,1491.3900024414063,1429.0940112304688,1486.313579706317,56.3090509206626,26.59865411058763,26.177986782115575,0.42066732847205657,0.008942452686570273,-0.4846225120737432,1.0184458940502634,1.0628412214157061,1549.0999755859375
2025-11-20,1530.0,1550.9000244140625,1526.699951171875,1549.0999755859375,1541.9705810546875,18171724,0.019882777461620593,0.025282911214915993,0.05726182583268491,1495.5850036621093,1432.5060107421875,1492.2932364567569,73.1297832271507,28.35660180851869,26.6137097873962,1.7428920211224899,0.009778242734444395,2.1922971924152455,1.0357819661154604,1.0813916060173054,1546.5999755859375
2025-11-21,1541.0,1557.800048828125,1540.0999755859375,1546.5999755859375,1539.4820556640625,9615271,-0.0016138403197988316,0.018236849513884712,0.06779891571156305,1500.4950012207032,1435.9140112304688,1497.4653068500122,72.9071521736707,29.211328901672232,27.13323361025141,2.078095291420823,0.009254085045219856,-0.4708663305694055,1.0307265098035823,1.0770839782116335,1535.9000244140625
2025-11-24,1550.0,1550.0,1531.800048828125,1535.9000244140625,1528.831298828125,18433951,-0.006918370193185419,0.011591895554190268,0.05807388415950987,1504.7100036621093,1439.09201171875,1501.1257561418265,68.2336728527894,28.694536885142725,27.445494265229677,1.2490426199130482,0.009532919060018635,0.9171535570864304,1.0207282603797703,1.0672702036471537,1539.699951171875
2025-11-25,1535.9000244140625,1559.5999755859375,1525.0999755859375,1539.699951171875,1532.61376953125,15033482,0.002474071682668333,0.01336048863474315,0.03746376692984321,1507.4900024414062,1442.220009765625,1504.7994890018313,75.11316382771295,28.26576764620404,27.60954894142455,0.6562187047794907,0.008353891386840766,-0.184467724797576,1.0213666085203246,1.0675902017349568,1569.9000244140625
2025-11-26,1542.300048828125,1571.5999755859375,1540.5,1569.9000244140625,1562.6748046875,14054299,0.019614258751649682,0.033576930133814464,0.05582083437836216,1511.6400024414063,1445.7180102539062,1510.9995399934724,76.39490412489958,30.016842972381255,28.09100774761589,1.9258352247653647,0.009247980781791362,-0.06513348005472053,1.0385409369152458,1.0858964288190245,1563.4000244140625
2025-11-27,1575.0,1575.5,1556.0,1563.4000244140625,1556.2047119140625,9794643,-0.004140391043325198,0.009231198149568076,0.03935651852406097,1514.6000061035156,1449.000009765625,1515.990062319243,83.30738621593906,30.528177282379147,28.578441654568543,1.949735627810604,0.009123098823667762,-0.3030856252595736,1.0322197399405078,1.0789510102673785,1567.5
2025-11-28,1568.0,1581.300048828125,1563.0,1567.5,1560.285888671875,8959508,0.0026224737891213934,0.013513529512467759,0.0530735639905946,1518.5500061035157,1452.2440087890625,1520.895770669791,82.3140946097273,30.90795945481841,29.044345214618517,1.8636142401998939,0.008642941383266612,-0.08526446548383637,1.0322346934244768,1.079364067273407,1566.0999755859375
2025-12-01,1575.0,1577.5,1563.5999755859375,1566.0999755859375,1558.892333984375,8920233,-0.0008931575209329967,0.01966270635577083,0.05361944958477283,1522.5350036621094,1455.2900073242188,1525.2009330427575,80.72699543499616,30.741599272504345,29.383796026195682,1.357803246308663,0.008630988812789325,-0.004383611242938734,1.0286134452206632,1.0761428771612749,1546.300048828125
2025-12-02,1561.0999755859375,1567.5,1542.0,1546.300048828125,1539.1834716796875,11389150,-0.012642824255459595,0.004286612889236485,0.04148993041161542,1525.615008544922,1457.9160083007812,1527.2103726413638,64.50004984547903,28.681447145880156,29.24332625013258,-0.5618791042524229,0.009257302554097466,0.276777187322349,1.0135584929142325,1.060623547600905,1538.800048828125
2025-12-03,1545.199951171875,1552.4000244140625,1533.0,1538.800048828125,1531.718017578125,6090883,-0.004850287630582373,-0.019810163132868985,0.04459987396039078,1528.9000122070313,1460.5440087890624,1528.3141513258174,60.992936455029664,26.14222314757467,28.623105629621,-2.480882482046333,0.009113327916279496,-0.4652030221746135,1.006475267540094,1.0535800630231913,1535.5999755859375
2025-12-04,1536.0,1560.5,1517.5999755859375,1535.5999755859375,1528.53271484375,11867930,-0.0020795900316122884,-0.017781788661890285,0.026401978908214385,1530.8750122070312,1463.4440087890625,1529.0080393505907,56.83864504789841,23.599609065222694,27.618406316741343,-4.018797251518649,0.008588772616736384,0.9484744658533089,1.003086446209671,1.049305587616284,1540.5999755859375
2025-12-05,1530.4000244140625,1545.800048828125,1520.5999755859375,1540.5999755859375,1533.5096435546875,10183266,0.0032560563164194534,-0.017161100104665095,0.042354516634599104,1534.0050109863282,1466.4600073242189,1530.1120332777666,58.81420880508971,21.73745148998728,26.442215351390534,-4.704763861403254,0.007989844378173145,-0.14195095522134016,1.0042991806104784,1.0505571020630822,1543.0
2025-12-08,1539.199951171875,1551.0,1535.0,1543.0,1535.898681640625,11301491,0.0015578504816928795,-0.01475000060407694,0.036057174116209456,1536.690008544922,1469.6600073242187,1531.339458679884,59.23317257867474,20.222230818887738,25.198218444889974,-4.975987626002237,0.007882962666879887,0.10981005504520858,1.0041062227384774,1.0499026933510356,1529.4000244140625
2025-12-09,1540.300048828125,1542.5,1520.0999755859375,1529.4000244140625,1522.3612060546875,11503971,-0.008813982881359372,-0.01092933058294232,0.024106066299365958,1538.490008544922,1472.8000073242188,1531.1547506545678,53.72604942421585,17.71974100625448,23.702522957162877,-5.982781950908397,0.008226357821928276,0.017916220081049428,0.9940916196527941,1.0384302123902582,1536.9000244140625
2025-12-10,1534.0,1547.5,1531.4000244140625,1536.9000244140625,1529.8267822265625,7991629,0.004903883797748421,-0.0012347441862310404,0.01680451499441782,1539.760009765625,1475.9860083007814,1531.7019195840435,44.83927402214617,16.155457067510724,22.193109779232447,-6.037652711721723,0.007873998155942738,-0.30531561666836604,0.9981425771981195,1.0412700498315752,1545.0
2025-12-11,1536.9000244140625,1550.0,1524.0,1545.0,1537.889404296875,4706197,0.005270333435660968,0.006121401773580892,0.022569313015374126,1541.4650085449218,1479.4300073242186,1532.9684034331822,49.35380592386476,15.391922608768937,20.832872345139744,-5.440949736370808,0.0079280643911096,-0.4111091743623234,1.0022932674017784,1.0443211185058865,1556.5
2025-12-12,1550.800048828125,1559.800048828125,1546.0999755859375,1556.5,1549.3365478515625,5106655,0.007443365695792847,0.010320670301202206,0.02475474026043445,1543.3450073242188,1483.2800073242188,1535.2095078681173,58.26644447122285,15.535684242418483,19.773434724595493,-4.23775048217701,0.008001453547448986,0.08509163556051735,1.0085236888792537,1.0493635674412327,1556.199951171875
2025-12-15,1551.199951171875,1558.5999755859375,1546.5,1556.199951171875,1549.037841796875,5774543,-0.000192771492531274,0.008554731802900228,0.024962063574325954,1545.2400024414062,1487.0300073242188,1537.2085977065703,56.812546116534214,15.447337647251516,18.908215309126696,-3.4608776618751804,0.007999387935819044,0.1307877661600403,1.0070927161561651,1.046515499691981,1542.300048828125
2025-12-16,1545.0,1551.699951171875,1538.800048828125,1542.300048828125,1535.201904296875,11731856,-0.00893195140719727,0.008434696095290573,0.015071754670330284,1546.3850036621093,1490.6080078125,1537.6934978133852,36.832063513880264,14.093258074929963,17.94522386228735,-3.8519657873573863,0.008318696030927778,1.0316509895241928,0.9973583843452243,1.0346784941075717,1544.4000244140625
2025-12-17,1550.0,1550.0,1539.300048828125,1544.4000244140625,1537.292236328125,7116649,0.001361586928259051,0.004879953074930388,0.016788465066907232,1547.6600036621094,1493.9960083007813,1538.3322146324972,40.537839402000785,13.039282011448677,16.964035492119613,-3.9247534806709368,0.00831541200700759,-0.3933910371896825,0.9978936076138603,1.0337377180616492,1544.4000244140625
2025-12-18,1535.199951171875,1551.5,1535.199951171875,1544.4000244140625,1537.292236328125,6580829,0.0,-0.00038833371258095717,-0.003033988280903066,1547.4250061035157,1497.1880078125,1538.9101012783606,38.006234083629,12.064921482949558,15.984212690285602,-3.9192912073360446,0.007007891999990407,-0.07529105341572984,0.9980451513465779,1.0315337929205983,1565.0999755859375
2025-12-19,1554.4000244140625,1574.199951171875,1551.0,1565.0999755859375,1557.8968505859375,13937275,0.013403231575140895,0.005525201147406067,0.011961722676861575,1548.3500061035156,1501.1420068359375,1541.4043750219394,49.56747350036009,12.815319777944978,15.35043410781748,-2.535114329872501,0.0076182996133732,1.1178600750756478,1.0108179477614199,1.0426062081127212,1575.4000244140625
2025-12-22,1573.5,1577.5,1565.300048828125,1575.4000244140625,1568.1495361328125,10184852,0.006581080434985509,0.012337793242911399,0.025717819761783778,1550.3250061035155,1505.0940063476562,1544.6420559164274,63.71346950139846,14.078851456576103,15.096117577569206,-1.0172661209931029,0.0075123332933996105,-0.2692364899164291,1.0161740397734853,1.046712044410445,1570.699951171875
2025-12-23,1580.9000244140625,1580.9000244140625,1568.0999755859375,1570.699951171875,1563.4710693359375,7506564,-0.0029834157479688983,0.018413993026408226,0.020133792935698835,1551.8750061035157,1508.8740063476562,1547.12376022647,65.44041009933423,14.533420559185515,14.98357817389247,-0.4501576147069546,0.007566257845379167,-0.26296778784807084,1.012130451869075,1.0409748889331543,1558.199951171875
2025-12-24,1572.699951171875,1575.699951171875,1553.5999755859375,1558.199951171875,1551.0286865234375,8815745,-0.00795823542916263,0.008935461369892206,-0.007452750532031094,1551.2900024414062,1512.5380053710937,1548.1786355546037,60.03551531353972,13.726790419529834,14.732220623019945,-1.0054302034901106,0.006426931251515792,0.17440482756158482,1.0044543242846882,1.030188957658342,1559.199951171875
2025-12-26,1554.699951171875,1561.0,1554.300048828125,1559.199951171875,1552.0240478515625,2311495,0.0006417661605289116,0.009582962007157025,-0.0026864994093636074,1551.0799987792968,1516.20400390625,1549.2282846610105,58.56352659638443,13.018156658608632,14.389407830137682,-1.3712511715290496,0.006367342783039869,-0.737799244420069,1.0052350313323417,1.0283576267803363,1545.5999755859375
2025-12-29,1554.9000244140625,1558.0999755859375,1543.5999755859375,1545.5999755859375,1538.4866943359375,5972105,-0.00872240636982824,-0.012459267972769417,-0.013971307441188241,1549.9849975585937,1519.6300024414063,1548.8827314157654,51.08513237708134,11.229705868597193,13.757467437829584,-2.527761569232391,0.006611278998057523,1.583654734273706,0.9971709261834385,1.0170896686053896,1539.800048828125
2025-12-30,1547.0,1553.5999755859375,1537.800048828125,1539.800048828125,1532.71337890625,8815884,-0.003752540663449322,-0.022597419724668444,-0.016793261712409358,1548.6700012207032,1522.4600024414062,1548.0177140264664,54.642873102322284,9.23785190863623,12.853544331990914,-3.615692423354684,0.006646896036320926,0.47617699286934845,0.9942725355397943,1.0113894922421032,1570.4000244140625
2025-12-31,1541.0,1577.0,1541.0,1570.4000244140625,1563.172607421875,5771830,0.019872694256131362,-0.00019095102001420727,0.01558557513090797,1549.875,1525.532001953125,1550.1493626348088,62.39823698111025,10.013031594626,12.285441784517932,-2.272410189891932,0.007523096791579711,-0.34529197525738764,1.0132430192203001,1.029411393798028,1575.5999755859375
2026-01-01,1573.699951171875,1592.5,1571.0999755859375,1575.5999755859375,1568.3485107421875,6408128,0.003311227133873107,0.01116674686132324,0.023914690401678484,1551.7149963378906,1527.7080004882812,1552.5732305349163,61.57337940370145,10.92106840397446,12.012567108409238,-1.0914987044347786,0.007421119489209502,0.11024198564406773,1.0153926328639062,1.0313489063894077,1592.300048828125
2026-01-02,1580.0,1594.5999755859375,1578.199951171875,1592.300048828125,1584.9718017578125,6602230,0.01059918348626332,0.02122889859724042,0.03692372632433294,1554.55,1530.2500024414062,1556.3567370390315,63.02768350539277,12.840236209490286,12.178100928625447,0.6621352808648382,0.007663053586537831,0.03028996923906635,1.0242835861362614,1.0405489601618836,1578.0999755859375
2026-01-05,1593.0,1611.800048828125,1575.300048828125,1578.0999755859375,1570.8370361328125,8704973,-0.008917963202122792,0.021027433044361388,0.024341166165303685,1556.425,1532.8440014648438,1558.4275216625463,57.23728850481142,13.064760855922259,12.35543291408481,0.709327941837449,0.00802004330711546,0.31848981329035797,1.0139261291651942,1.0295241877698222,1507.5999755859375
2026-01-06,1569.0,1569.0,1496.300048828125,1507.5999755859375,1500.6614990234375,27417125,-0.04467397572439846,-0.02091185363105652,-0.022942335978005546,1554.6549987792969,1533.9640014648437,1553.5868029885837,41.654625019890005,7.467852691663438,11.377916869600536,-3.910064177937098,0.013023534182192173,2.1495933416450574,0.9697328196736211,0.9828131391259963,1504.199951171875
2026-01-07,1510.0,1520.0,1498.0,1504.199951171875,1497.277099609375,11199340,-0.002255256347255541,-0.042154910986382355,-0.016477097449924538,1553.3949951171876,1534.3660009765624,1548.8832932917542,40.391955265797506,2.7264799294650857,9.647629481573446,-6.921149552108361,0.012900480076683271,-0.5915202633390627,0.9683306280115822,0.9803397300347584,1470.5999755859375
2026-01-08,1500.0,1503.9000244140625,1468.800048828125,1470.5999755859375,1463.831787109375,16518684,-0.02233743962015211,-0.06664128054517926,-0.04313881695291255,1550.0799926757813,1534.04,1541.4277392245335,34.80229942614899,-3.699681739277594,6.978167237403238,-10.677848976680831,0.013686281173624387,0.47496941784069424,0.9487252158176407,0.9586451302351552,1475.300048828125
2026-01-09,1465.0,1479.9000244140625,1465.0,1475.300048828125,1468.51025390625,8335311,0.003196024289552124,-0.07347861358549079,-0.0451132370044498,1546.5949951171874,1533.462001953125,1535.129863948685,30.20285293391038,-8.317327554564827,3.9190682790096254,-12.236395833574452,0.013635156539852998,-0.4954010258928617,0.9539019934021833,0.9620714741865655,1483.199951171875
2026-01-12,1475.300048828125,1485.300048828125,1451.0,1483.199951171875,1476.373779296875,8883745,0.005354776711371523,-0.060135622509484454,-0.04709286786259237,1542.9299926757812,1533.3560009765624,1530.184157969941,29.45631390127211,-11.210165227957305,0.8932215776162393,-12.103386805573544,0.013565103188278898,0.06579646518288285,0.9612879120974755,0.9672900162957956,1452.800048828125
2026-01-13,1485.0,1485.800048828125,1444.699951171875,1452.800048828125,1446.11376953125,13499760,-0.020496159212876952,-0.03634911624120596,-0.06644384114386204,1537.7599975585938,1532.6840014648437,1522.8142428135775,26.42943394679274,-15.77394575472681,-2.4402118888523705,-13.33373386587444,0.014144844416057295,0.5196023748993246,0.9447508396203865,0.9478796982545844,1458.800048828125
2026-01-14,1444.0,1467.0,1440.199951171875,1458.800048828125,1452.086181640625,8321764,0.004129955808330088,-0.030182092685470674,-0.05413991918332961,1533.5849975585938,1532.1660034179688,1516.7176529102012,29.597708925269473,-18.691164734335416,-5.69040245794898,-13.000762276386435,0.014174356068892117,-0.38356207814064847,0.951235211058061,0.9521161842605969,1458.800048828125
2026-01-15,1458.800048828125,1458.800048828125,1458.800048828125,1458.800048828125,1452.086181640625,0,0.0,-0.008023886137432434,-0.05542603874175256,1529.304998779297,1531.8800048828125,1511.2016906166702,29.307509693676792,-20.763730433637647,-8.705068053086713,-12.058662380550935,0.014157170516346336,-1.0,0.9538973912937906,0.9522939422005982,1457.9000244140625
2026-01-19,1450.5999755859375,1450.5999755859375,1403.300048828125,1413.5999755859375,1407.0941162109375,20392765,-0.030386204874322198,-0.04692555142747046,-0.09679892809613133,1517.4049987792969,1529.8280053710937,1497.313401847986,26.490301459977175,-26.64643941405211,-14.456164809492098,-12.190274604560013,0.014884246065860777,0.18789385152268334,0.9315904301904454,0.9240254267949798,1394.0
2026-01-20,1410.699951171875,1416.0,1390.0,1394.0,1387.5843505859375,13189498,-0.01386529140099435,-0.04047360053130156,-0.11514537362123656,1508.3349975585938,1527.9220043945313,1487.4740302434159,15.734264241890799,-31.372193084353285,-17.839370464464338,-13.532822619888947,0.01475063345913701,-0.35322659776641374,0.92419787531042,0.9123502351498626,1404.5999755859375
2026-01-21,1389.5,1412.9000244140625,1373.0,1404.5999755859375,1398.1356201171875,17352720,0.0076039997029679895,-0.03715387402524917,-0.10574901683928417,1500.0299987792969,1526.1460034179688,1479.5812631331798,17.465759469505187,-33.87160667577541,-21.045817706726552,-12.825788969048858,0.015051243929560929,0.31564673651718955,0.9363812568608502,0.9203575361991475,1402.5
2026-01-22,1410.0999755859375,1419.5,1395.0,1402.5,1396.0452880859375,15721693,-0.0014950702138959437,-0.038593396588759155,-0.09992295985812205,1492.2450012207032,1523.9660034179688,1472.2401904538292,11.764688523912895,-35.61135490182755,-23.958925145746754,-11.6524297560808,0.01506424287071471,-0.09399258444785596,0.9398590706302993,0.9202961200279118,1386.0999755859375
2026-01-23,1401.800048828125,1407.0,1381.0,1386.0999755859375,1379.720703125,9837802,-0.011693422042112323,-0.04924895234635984,-0.11101845882937444,1483.5900024414063,1521.4700024414062,1464.036360466411,11.66132690091436,-37.87684215581817,-26.74250854776104,-11.134333608057126,0.015067559498096477,-0.3742530146085412,0.9342877569307972,0.9110268183807443,1380.5
2026-01-27,1380.0,1391.5999755859375,1368.0,1380.5,1374.146484375,26302396,-0.0040400950036596495,-0.023415376455575787,-0.1068193440695081,1475.3350036621093,1518.702001953125,1456.080516612467,15.741223928429235,-39.666873331403394,-29.327381504489516,-10.339491826913878,0.015055434100168064,1.673604937363041,0.9357196816813078,0.9089999211330527,1396.699951171875
2026-01-28,1385.0,1409.9000244140625,1384.9000244140625,1396.699951171875,1390.2718505859375,11121657,0.011734843297265485,0.001936837282550119,-0.09293420776623385,1468.179998779297,1516.27,1450.4252246657438,22.894577438084497,-39.32497147142567,-31.326899497876745,-7.9980719735489245,0.01554173566178249,-0.5771618296675329,0.9513138391294982,0.921141980763238,1391.0
2026-01-29,1402.9000244140625,1402.9000244140625,1384.0,1391.0,1384.59814453125,20846683,-0.004081013368041231,-0.009682454664905027,-0.11423842436642795,1459.2099975585938,1513.7019995117187,1444.7656794594827,26.643169533961597,-39.063648780351286,-32.874249354371656,-6.18939942597963,0.01442750740063124,0.8744223994679929,0.9532555302713687,0.9189391309839723,1395.4000244140625
2026-01-30,1382.5999755859375,1398.0,1378.5,1395.4000244140625,1388.9779052734375,11239835,0.0031632094996854043,-0.00506237118426911,-0.11436910000259548,1450.2,1511.2319995117186,1440.064188502776,26.513771146149466,-38.06273989499368,-33.91194746249606,-4.150792432497624,0.014422545660513174,-0.46083340932463934,0.962212125509628,0.923352618833454,1390.4000244140625
2026-02-02,1340.0,1392.9000244140625,1335.5,1390.4000244140625,1384.0009765625,15711165,-0.003583201886569798,0.0031022645580145447,-0.12679772544292367,1440.104998779297,1508.0580004882813,1435.3342681133747,22.24879736526438,-37.24364900310388,-34.57828777061763,-2.665361232486255,0.013905218432464393,0.39781099989457136,0.9654851733676595,0.9219804702232121,1437.0999755859375
2026-02-03,1473.9000244140625,1489.5,1430.199951171875,1437.0999755859375,1430.4859619140625,25456171,0.0335874211391467,0.040999620127444736,-0.08934795144879693,1433.054998779297,1505.8680004882813,1435.5024307298092,45.72204804185119,-32.45212984613909,-34.15305618572192,1.7009263395828356,0.016540890075567093,0.6202599234366133,1.0028226249586276,0.9543332982173434,1456.800048828125
2026-02-04,1444.0,1464.0,1440.300048828125,1456.800048828125,1450.095458984375,8333387,0.013708213469390218,0.04303007070761633,-0.03369589253148453,1430.5150024414063,1504.2860009765625,1437.5307753106013,49.492900482957815,-26.756749964853725,-32.67379494154829,5.917044976694562,0.014048764254889564,-0.6726378448667711,1.0183745338859496,0.9684328963258249,1443.4000244140625
2026-02-05,1457.0,1461.5,1439.5,1443.4000244140625,1436.757080078125,11763658,-0.00919825917416861,0.03767075802592568,-0.04042010951432695,1427.4750061035156,1502.3600024414063,1438.0897514156927,46.34377345694934,-23.0585853391583,-30.75075302107029,7.692167681911993,0.0141507366923152,0.4116298691036431,1.0111560750573254,0.9607550933654178,1450.800048828125
2026-02-06,1441.5,1452.800048828125,1433.5,1450.800048828125,1444.123046875,8277304,0.00512680080982153,0.03970189439929617,-0.013463842708091645,1426.485009765625,1499.9780029296876,1439.3002559311624,48.364814282734216,-19.308071672444157,-28.462216751345064,9.154145078900907,0.013381462140137926,-0.2963664873630294,1.0170454220661562,0.9672142164715013,1461.5999755859375
2026-02-09,1458.0,1465.9000244140625,1453.0,1461.5999755859375,1454.873291015625,5775864,0.007444117999951816,0.05120824936829238,-0.009286296203318,1425.8000061035157,1497.942001953125,1441.4240387554266,63.07190585419368,-15.28806741530775,-25.827386884137603,10.539319468829852,0.013478128937279303,-0.3022046792047266,1.0251086893878318,0.9757386959443007,1458.5
2026-02-10,1471.0,1471.0,1452.199951171875,1458.5,1451.7874755859375,10259630,-0.00212094665963225,0.014891117373610152,-0.016653149935960787,1424.565008544922,1495.762001953125,1443.0503207787194,69.29983738554529,-12.21155993961679,-23.104221495233443,10.892661555616652,0.013414223387512383,0.7762935553884234,1.023821300713921,0.9750882814883187,1468.699951171875
