Date,Open,High,Low,Close,Adj Close,Volume,Daily_Return,Return_5D,Return_20D,SMA_20,SMA_50,EMA_20,RSI_14,MACD,MACD_Signal,MACD_Histogram,Volatility_20,Volume_Change,Price_vs_SMA20,Price_vs_SMA50,Target_Next_Day_Close
2024-11-06,7030.0,7265.0,7029.9501953125,7232.35009765625,7025.46240234375,106190,0.028549689574484338,0.018497408485600664,-0.05016215762821885,7245.480029296875,7551.920009765625,7231.170965592317,45.11643095944801,-153.49737300271863,-170.43845956145097,16.941086558732337,0.01653226658909007,1.1708199603409857,0.9981878451686383,0.9576836206294388,7164.9501953125
2024-11-07,7349.25,7390.0,7136.64990234375,7164.9501953125,6959.99072265625,121246,-0.009319225622884564,0.020379258409975787,-0.0765983560805249,7215.762548828125,7530.669013671875,7224.864225565668,44.11034532174978,-140.38951169055235,-164.42866998727126,24.03915829671891,0.015792446767875303,0.14178359544213204,0.9929581450093757,0.9514360785614909,6940.7998046875
2024-11-08,7159.35009765625,7238.5498046875,6821.64990234375,6940.7998046875,6742.25244140625,126103,-0.03128429151840373,-0.02345412526380586,-0.09567892575388037,7179.0450439453125,7511.036005859375,7197.810471196318,34.73071944612637,-146.40088214608568,-160.82311241903415,14.422230272948468,0.016891526566570243,0.04005905349454819,0.9668137979634569,0.9240802199953465,6524.89990234375
2024-11-11,6940.7998046875,7011.0498046875,6494.0,6524.89990234375,6338.2490234375,498013,-0.05992103418151751,-0.07252209467246584,-0.13845647291955498,7126.6150390625,7481.52,7133.723750353216,31.955600663734643,-182.6194593891405,-165.18238181305543,-17.437077576085073,0.020865283112935548,2.9492557671110124,0.9155678911487963,0.8721355957537705,6635.5
2024-11-12,6560.0,6694.9501953125,6483.2998046875,6635.5,6445.68603515625,387058,0.01695046656831045,-0.05633143127526219,-0.11160649700193837,7084.935034179687,7458.312001953125,7086.273869367195,32.76030696352659,-200.09190431765364,-172.16428631397508,-27.92761800367856,0.021478627463190667,-0.22279538887539085,0.9365646922644332,0.8896785221994395,6417.2998046875
2024-11-13,6630.0,6719.89990234375,6379.60009765625,6417.2998046875,6233.72705078125,328149,-0.03288376087898426,-0.11269508278268758,-0.1328559145074657,7035.7750244140625,7429.31099609375,7022.562053683416,33.40485583690037,-228.90717556215623,-183.5128641636113,-45.394311398544914,0.022319629365466588,-0.15219682838230963,0.9120956514981704,0.8637812857829812,6374.5498046875
2024-11-14,6445.2998046875,6511.0,6338.2001953125,6374.5498046875,6192.2001953125,241446,-0.006661680348606036,-0.11031484784668855,-0.13449244135649518,6986.247509765625,7401.828994140625,6960.846601398091,31.585864856794856,-252.28487040543223,-197.2672654119755,-55.01760499345673,0.022314377289194345,-0.2642183885978625,0.9124425946514102,0.8612127907485662,6456.0
2024-11-18,6405.0498046875,6565.0,6286.0,6456.0,6271.32080078125,251620,0.012777403551323063,-0.0698478299806441,-0.1190798057028839,6942.6125,7376.407998046875,6912.765972693511,32.07715133531157,-261.2282354525232,-210.05945942008503,-51.16877603243819,0.022746106506838653,0.04213778650298616,0.929909310075998,0.8752227373688413,6549.0
2024-11-19,6492.2001953125,6598.0,6473.85009765625,6549.0,6361.66015625,118483,0.014405204460966603,0.0036935582180490645,-0.11609892736556282,6899.602490234375,7355.598994140625,6878.121594341747,36.056798974163435,-257.83938202272293,-219.61544394061264,-38.223938082110294,0.022893482479024507,-0.529119306891344,0.9491851174425463,0.8903421740658849,6496.10009765625
2024-11-21,6555.0,6617.2001953125,6458.0,6496.10009765625,6310.2734375,112613,-0.008077554182890467,-0.021008198680393386,-0.08845855642233214,6868.082495117187,7328.74,6841.738594657414,32.69539418269896,-256.4658921205546,-226.98553357660103,-29.48035854395357,0.021615192135714105,-0.04954297240954397,0.9458389735817245,0.8863870321032333,6586.4501953125
2024-11-22,6500.0498046875,6620.0,6497.60009765625,6586.4501953125,6398.0390625,107055,0.013908359830977268,0.02635849902188525,-0.0873890269102533,6836.547509765625,7303.455,6817.4254137674225,37.62365601247823,-245.2596926164133,-230.6403653845635,-14.619327231849809,0.02166628185338524,-0.04935487021924645,0.9634176001708648,0.901826627988055,6791.39990234375
2024-11-25,6690.0,6875.0,6610.14990234375,6791.39990234375,6597.1259765625,275298,0.031116868867711256,0.0653928685833971,-0.025120579130279874,6827.797509765625,7284.94099609375,6814.946793631834,41.58547494137272,-217.3356600495208,-227.97942431755496,10.643764268034147,0.02180581961650689,1.5715566764747093,0.9946692022764564,0.9322518749273823,6713.75
2024-11-26,6848.0,6879.0,6689.0,6713.75,6521.697265625,93554,-0.011433563545117154,0.03992410161090465,-0.03961003715132605,6813.9525146484375,7263.447998046875,6805.309003762135,41.46956418270745,-199.17539130174737,-222.21861771439347,23.043226412646106,0.021897837982292195,-0.6601718864648489,0.9852945094006709,0.9243199650916909,6755.0
2024-11-27,6736.0,6830.9501953125,6670.0,6755.0,6561.76708984375,112698,0.006144107242599173,0.03145518399755698,-0.043201133144475934,6798.7025146484375,7244.25,6800.517670070503,42.801747372118136,-179.38685719677596,-213.65226561087,34.265408414094026,0.021807667048752186,0.2046304807918422,0.9935719330924869,0.9324636780895192,6757.0
2024-11-28,6748.0,6803.5498046875,6706.0,6757.0,6563.7099609375,81096,0.00029607698001488103,0.04016254343708181,-0.04005571676018693,6784.605004882813,7225.615,6796.373130063788,36.20214168501861,-161.6791811065932,-203.25764871001462,41.578467603421416,0.021812030899935737,-0.2804131395410744,0.9959312288831927,0.9351453128903214,6670.75
2024-11-29,6769.89990234375,6779.2998046875,6654.2998046875,6670.75,6479.92724609375,144216,-0.012764540476542852,0.012798973982600659,-0.06059005773834669,6763.092504882812,7204.877998046875,6784.4090224386655,35.8102651758586,-152.84348979825518,-193.17481692766276,40.33132712940758,0.021792373382929064,0.7783367860313701,0.9863461124010735,0.9258657817395841,6712.9501953125
2024-12-02,6670.75,6775.0,6613.0,6712.9501953125,6520.92041015625,101706,0.006326154527227068,-0.011551330824176143,-0.04399124134633048,6747.647509765625,7186.347001953125,6777.603419855221,42.69455318099015,-140.8127361294919,-182.7024007680286,41.889664638536715,0.021794256077937415,-0.2947661840572474,0.9948578649962214,0.9341255290745125,7098.5498046875
2024-12-03,6750.0498046875,7178.0,6740.0,7098.5498046875,6895.48974609375,1080035,0.057441154508230285,0.0573151822286353,-0.0012592606841365095,6747.2,7177.855,6808.1697422202,68.75715067124905,-99.02214562827248,-165.9663497400774,66.94420411180491,0.02539762703597961,9.619186675319057,1.052073423744294,0.9889514074451908,7138.9501953125
2024-12-04,7124.25,7199.0,7060.39990234375,7138.9501953125,6934.734375,248591,0.005691358338899333,0.056839407152109445,0.014761708606086277,6752.392504882812,7163.446005859375,6839.672642514704,67.25385132851171,-61.928949309616655,-145.15886965398525,83.2299203443686,0.0253023978746871,-0.7698306073414287,1.0572475148845626,0.9965804431935638,7367.75
2024-12-05,7200.0,7474.0,7151.0,7367.75,7156.98876953125,548868,0.03204950285795971,0.09038774604114241,0.04780560579032289,6769.2,7154.141005859375,6889.9657241799705,82.3381416635489,-13.909748978792777,-118.90904551894675,104.99929654015398,0.026228142345625503,1.2079158135250272,1.088422561011641,1.029858091134306,7396.4501953125
2024-12-06,7385.5498046875,7429.0,7324.4501953125,7396.4501953125,7184.86865234375,169740,0.0038953812646329578,0.10878839640407745,0.022689733688283198,6777.405004882812,7143.665009765625,6938.202340478307,85.10478841034009,26.160121550101394,-89.89521210513713,116.05533365523853,0.0255173056618197,-0.6907453158136383,1.091339559902897,1.0353859237802039,7356.0
2024-12-09,7400.0,7460.0,7320.0,7356.0,7145.5751953125,130211,-0.005468866043083165,0.09579242895866069,0.026664498632871236,6786.957495117187,7134.2030078125,6977.992593766087,81.81336161187699,54.0289775059282,-61.11037418292406,115.13935168885226,0.025446342310602176,-0.23287969836220102,1.0838435344986623,1.0310892459808916,7403.14990234375
2024-12-10,7325.0,7417.14990234375,7325.0,7403.14990234375,7191.37646484375,164865,0.00640972027511566,0.04291018673350844,0.06661337463500971,6810.075,7125.580009765625,7018.483766011579,81.20410489494273,79.0090821881322,-33.08648290871281,112.09556509684501,0.02424829361455661,0.2661372695087205,1.0870878664836658,1.0389540068594718,7350.25
2024-12-11,7410.0,7415.0,7326.64990234375,7350.25,7139.98974609375,117885,-0.007145593840670816,0.02959816204156196,0.12649237689604753,6851.342504882812,7116.35701171875,7050.0805502009525,81.20410489494273,93.46006564462459,-7.777173198045329,101.23723884266992,0.019361375467430834,-0.2849604221635884,1.0728189394650212,1.032866955367204,7319.7001953125
2024-12-12,7360.0498046875,7448.9501953125,7286.5,7319.7001953125,7110.31396484375,236072,-0.004156294641338709,-0.006521638856842316,0.10311207826275348,6885.552514648438,7108.26201171875,7075.758611640147,78.01123959345261,101.27996780048488,14.034255001660714,87.24571279882417,0.019316803386455347,1.0025618187216354,1.0630519743681353,1.0297454122041607,7364.39990234375
2024-12-13,7314.0,7414.0,7211.9501953125,7364.39990234375,7153.73486328125,170937,0.006106767468410101,-0.00433319932162346,0.14758545283554358,6932.90751953125,7100.245009765625,7103.248258373824,74.94341785088159,109.81827269659425,33.191058540647425,76.62721415594683,0.017125515679903346,-0.27591158629570645,1.0622383006836467,1.0372036306091985,7357.0
2024-12-16,7372.5,7424.35009765625,7317.35009765625,7357.0,7146.54638671875,76612,-0.0010048208193303987,0.00013594344752587695,0.1541207183901927,6982.030029296875,7095.58701171875,7127.415090909651,79.82567037664255,114.66603192741604,49.48605321800115,65.17997870941488,0.016932888631702274,-0.5518114861030672,1.0537050068718892,1.0368416295719456,7273.64990234375
2024-12-17,7352.0,7400.0,7232.60009765625,7273.64990234375,7065.5810546875,135615,-0.011329359474819944,-0.017492554076069977,0.12664961312635525,7022.912524414062,7089.5380078125,7141.342215808137,73.144720333676,110.50838784306143,61.69052014301322,48.81786770004821,0.017376590144811997,0.7701535007570615,1.0357027625017452,1.02596951935773,7230.5498046875
2024-12-18,7265.0,7363.5,7214.5498046875,7230.5498046875,7023.71337890625,159943,-0.005925511708002595,-0.016285186940920404,0.10406929373759355,7056.990014648438,7085.536005859375,7149.8381766537905,70.38439517515576,102.55343511102546,69.86310313661566,32.6903319744098,0.017460896333360086,0.1793901854514619,1.0245940251692007,1.020466172031051,7235.2998046875
2024-12-19,7150.0,7308.39990234375,7095.0498046875,7235.2998046875,7028.32763671875,134846,0.0006569348290665911,-0.011530580265985413,0.11379130492431111,7093.95,7079.24,7157.977379323667,76.13535978791487,95.53113955047229,74.99671041938699,20.534429131085304,0.017221443391967718,-0.15691214995342095,1.0199254018829425,1.022044711676324,6921.60009765625
2024-12-20,7301.0498046875,7325.0,6900.0,6921.60009765625,6723.60205078125,258016,-0.04335683599842188,-0.06012707220673574,0.05088475467138154,7110.707495117187,7065.386005859375,7135.4652572601035,57.71891561080979,63.91618902560276,72.78060614063014,-8.86441711502738,0.02025101604200174,0.913412337036323,0.9734052627546845,0.9796492494417316,6900.75
2024-12-23,7037.7001953125,7037.7001953125,6825.0,6900.75,6703.34765625,113431,-0.0030123233590612086,-0.06201576729645231,0.016101260304007825,7116.175,7048.215009765625,7113.111423235331,39.97771362803728,36.754995621568014,65.57548403681773,-28.820488415249713,0.0191356666499418,-0.5603722249782959,0.9697274167653268,0.9790776800138326,6857.75
2024-12-24,6930.0,7015.0,6828.0498046875,6857.75,6661.578125,150784,-0.006231206752889129,-0.057178982756612595,0.021448519828709767,7123.375,7031.86701171875,7088.79128768911,35.78934900729905,11.625798560041403,54.785546941462464,-43.15974838142106,0.01899299963995383,0.3293015136955506,0.9627107936897888,0.9752388645250855,6896.2001953125
2024-12-26,6865.0,6918.5,6764.39990234375,6896.2001953125,6698.9287109375,122161,0.005606823712223319,-0.04624124283857978,0.020903063702812696,7130.435009765625,7018.321015625,7070.449278891338,20.493090548221943,-5.127554481013249,42.80292665696733,-47.93048113798058,0.01898606351045177,-0.1898278331918506,0.9671499965805278,0.9825997100958164,6886.35009765625
2024-12-27,6920.0,6974.7998046875,6831.0,6886.35009765625,6689.35986328125,89937,-0.0014283369648905309,-0.04822878338851666,0.01914312530061424,7136.902514648437,7006.666015625,7052.916023535615,17.309645654877272,-18.980729987398263,30.446195328094216,-49.42692531549248,0.01899431842762228,-0.26378304041388,0.9648933950718914,0.9828283640606755,6925.5498046875
2024-12-30,6881.0,6965.7001953125,6814.0498046875,6925.5498046875,6727.4384765625,112066,0.00569237788891841,0.0005706349652572218,0.03819657530075338,7149.642504882812,6997.16701171875,7040.785907454842,22.3698166099162,-26.49101074930968,19.05875411261344,-45.54976486192312,0.018730871548683876,0.24605001278672844,0.9686567964702754,0.9897648281209658,6796.5498046875
2024-12-31,6906.2998046875,6925.5498046875,6724.10009765625,6796.5498046875,6602.12841796875,104133,-0.018626679994805273,-0.015099836294967917,0.01245348273749669,7153.822485351562,6985.796005859375,7017.525326238904,14.7653009188748,-42.36384028357952,6.7742352333748475,-49.138075516954366,0.019254140032185285,-0.07078864240715288,0.9500584923101423,0.9729098586598944,6743.75
2025-01-01,6810.5,6840.0,6711.60009765625,6743.75,6550.83935546875,91883,-0.007768618814664507,-0.016623528125113918,-0.04998201244614908,7136.082495117187,6974.097001953125,6991.451485644723,14.767018094844758,-58.52898926375019,-6.28640966605016,-52.24257959770003,0.013946166749092747,-0.11763802060826056,0.9450213061037849,0.9669710642268647,6705.25
2025-01-02,6743.75,6779.9501953125,6508.2001953125,6705.25,6513.4404296875,381285,-0.005708989805375375,-0.027689189684819926,-0.06075125661995395,7114.397485351563,6960.017998046875,6964.194201297607,14.631864975373716,-73.5982200685703,-19.748771746554187,-53.849448322016116,0.013827628140179156,3.149679483691216,0.9424902128122598,0.9633954972360175,6647.5498046875
2025-01-03,6710.0,6759.7998046875,6607.0,6647.5498046875,6457.39111328125,227250,-0.008605226548227152,-0.034677338442323014,-0.09775035734281157,7078.387475585938,6950.438994140625,6934.037592096644,9.346102361572392,-89.1687359084599,-33.63276457893533,-55.535971329524564,0.011121673257017232,-0.40398914198040836,0.9391333587791796,0.9564215742763201,6486.4501953125
2025-01-06,6690.0,6710.89990234375,6470.14990234375,6486.4501953125,6300.8994140625,175457,-0.024234434356761203,-0.06340285201296203,-0.12303199182990676,7032.887475585938,6935.825,6891.410220974345,7.95865489276531,-113.20294096497219,-49.546799856142705,-63.65614110882948,0.01169226466437847,-0.22791199119911987,0.9223025702927357,0.9352096102932961,6542.35009765625
2025-01-07,6540.0,6577.75,6422.5,6542.35009765625,6355.20068359375,208512,0.008617949827803617,-0.03740128658454489,-0.1106103728036637,6992.20498046875,6927.34400390625,6858.166399705955,13.721587963828696,-126.28384512752564,-64.8942089104193,-61.38963621710634,0.012170667598457861,0.18839373749693666,0.9356633731320699,0.9444240236903341,6473.5
2025-01-08,6575.0,6591.85009765625,6338.0,6473.5,6288.31982421875,380865,-0.01052375623874291,-0.04007414272474519,-0.12557491265298215,6945.722485351563,6917.001005859375,6821.531504495863,13.379759404491637,-140.585600109197,-80.03248715017484,-60.55311295902216,0.011863742635506637,0.826585520257827,0.932012474390177,0.9358824719725085,6439.9501953125
2025-01-09,6525.0,6635.0,6425.0,6439.9501953125,6255.72998046875,346979,-0.005182637628408093,-0.03956598257894928,-0.12384610111050642,6900.207495117187,6904.600009765625,6785.190427430782,12.56999415413236,-152.86490139345096,-94.59896999883007,-58.26593139462089,0.011867274796402613,-0.08897115775931108,0.9332980493513593,0.9327043110685715,6000.60009765625
2025-01-10,5950.0,6200.0,5921.0,6000.60009765625,5828.94775390625,1431569,-0.06822259246291118,-0.09732152838855834,-0.1802123123158781,6834.252490234375,6883.8330078125,6710.467538880826,11.240623566718767,-195.79125746744194,-114.83742749255245,-80.95382997488949,0.018168972187326327,3.1258087665247754,0.8780184967164514,0.8716946054394602,5941.60009765625
2025-01-13,5975.0,6088.9501953125,5920.0,5941.60009765625,5771.6357421875,368080,-0.009832349938307727,-0.08399819334926695,-0.1931996936009257,6763.1125,6860.645009765625,6637.242068288009,10.890916033908326,-231.89833122948767,-138.2496082399395,-93.64872298954816,0.017783514636642402,-0.7428835075361369,0.8785304248090283,0.8660410339259381,6084.7998046875
2025-01-14,5959.89990234375,6125.0,5959.89990234375,6084.7998046875,5910.73876953125,230728,0.02410120248377834,-0.06993668729722424,-0.1729237726400027,6699.502490234375,6841.90400390625,6584.628519373675,20.8639356717741,-246.1212946561809,-159.8239455231878,-86.2973491329931,0.01931107817364925,-0.3731580091284503,0.9082465173432049,0.889343054391512,6115.75
2025-01-15,6093.89990234375,6135.0498046875,6026.60009765625,6115.75,5940.80322265625,119683,0.0050864771736052194,-0.05526376766818564,-0.15919104134646977,6641.607495117188,6822.06900390625,6539.973422290467,20.413940725778986,-251.99087954212337,-178.2573323269749,-73.73354721514846,0.019565932631622585,-0.4812809888700115,0.9208237620931694,0.8964655732004735,6184.25
2025-01-16,6140.0,6245.2001953125,6130.0,6184.25,6007.34423828125,144322,0.011200588644074694,-0.03970530633895564,-0.1447054280725918,6589.292504882813,6805.052001953125,6506.095001119947,24.51725662038696,-248.2534787599743,-192.2565616135748,-55.99691714639951,0.020050752659141264,0.20586883684399626,0.9385301981081174,0.9087733639985487,6212.10009765625
2025-01-17,6190.0,6250.85009765625,6150.0,6212.10009765625,6034.3974609375,131996,0.004503391301491799,0.03524647477884901,-0.1414177345309664,6538.13251953125,6788.662001953125,6478.095486504357,23.89021182032387,-240.27455606907552,-201.86016050467495,-38.414395564400564,0.020152195216387014,-0.0854062443702277,0.9501337085320541,0.9150698761948974,6199.7998046875
2025-01-20,6218.0,6229.0498046875,6121.4501953125,6199.7998046875,6022.44921875,91944,-0.0019800538908557597,0.043456258042863016,-0.10428228773476256,6502.042504882813,6768.01099609375,6451.591135855132,26.12139997295901,-232.2663117353186,-207.9413907508037,-24.324920984514904,0.01830541871834078,-0.3034334373768902,0.9535157298697542,0.9160445821181141,6153.9501953125
2025-01-21,6220.2001953125,6275.0,6140.0,6153.9501953125,5977.9111328125,87671,-0.007395337078518915,0.011364447943172928,-0.10822009269825739,6464.7025146484375,6747.79099609375,6423.244379612977,26.26750401989277,-227.00265539279917,-211.7536436792028,-15.24901171359636,0.018302480137689005,-0.04647394065953192,0.9519309173729494,0.911994784496879,6167.35009765625
2025-01-22,6170.0,6178.0,6060.7001953125,6167.35009765625,5990.927734375,124965,0.0021774473173274966,0.008437247705718853,-0.10067440521216875,6430.18251953125,6732.322001953125,6398.873495617099,27.909646075159642,-219.2228451894125,-213.24748398124476,-5.9753612081677545,0.018382330267823602,0.4253858174310776,0.9591252004003519,0.9160806770482799,6353.9501953125
2025-01-23,6167.5,6425.0,6150.0,6353.9501953125,6172.18994140625,221641,0.030256122111044448,0.027440707492824457,-0.07863025791632028,6403.07001953125,6728.9030078125,6394.59508606428,39.096860622914264,-195.74380837726312,-209.74674886044843,14.002940483185313,0.01990321279526546,0.7736246148921697,0.9923287073124423,0.9442772749042948,6372.7001953125
2025-01-24,6353.9501953125,6392.9501953125,6290.0,6372.7001953125,6190.4033203125,108179,0.002950920202968055,0.025852786518498316,-0.07458957140714784,6377.387524414063,6723.64701171875,6392.509858373634,45.276358188957026,-173.62212644891497,-202.52182437814176,28.89969792922679,0.01995578189563217,-0.5119179213232209,0.9992650079544926,0.9478040986097903,6156.0498046875
2025-01-27,6319.9501953125,6327.5498046875,6128.14990234375,6156.0498046875,5979.95068359375,161634,-0.03399663941265574,-0.007056679470024418,-0.11111031206203592,6338.912524414062,6718.42201171875,6369.9898532606685,35.84773556399013,-171.5943768802781,-196.33633487856903,24.74195799829093,0.02092511403992268,0.4941347211566016,0.9711523516025384,0.916294003852345,6125.39990234375
2025-01-28,6150.0,6203.89990234375,6078.0498046875,6125.39990234375,5950.17724609375,148138,-0.004978826246729184,-0.00463934417124412,-0.09874861828877735,6305.355029296875,6713.439013671875,6346.695572220961,36.87999125466482,-170.4951991786511,-191.16810773858546,20.67290855993437,0.02070131023191817,-0.08349728398727996,0.9714599533068335,0.9124086611749079,6173.85009765625
2025-01-29,6129.2001953125,6221.9501953125,6094.9501953125,6173.85009765625,5997.24169921875,143522,0.007909719542386284,0.0010539372497224697,-0.08450786318350323,6276.860034179687,6707.796015625,6330.234098452894,40.08199773385169,-163.82608198944308,-185.699702588757,21.87362059931391,0.020886053369652054,-0.031160134469211176,0.9835889384242261,0.920399201656552,6135.7001953125
2025-01-30,6195.0,6215.9501953125,6090.0,6135.7001953125,5960.18310546875,138349,-0.00617927253501549,-0.03434871116254734,-0.08494087538682371,6248.382543945312,6699.53001953125,6311.70706005857,57.183880440455205,-159.77732333028416,-180.51522673706242,20.73790340677826,0.020888114748204692,-0.03604325469266034,0.9819661571870305,0.9158403914043213,6336.0
2025-01-31,6145.0,6350.0,6130.10009765625,6336.0,6154.75341796875,122121,0.0326449791077672,-0.005758970952296716,-0.04686686280527175,6232.8050537109375,6696.328017578125,6314.020673386326,68.23224236011009,-138.8060627723362,-172.17339394411718,33.36733117178099,0.022412838260875513,-0.1172975590716232,1.016556742173032,0.9461902080315885,6381.25
2025-02-01,6370.0,6400.0,6269.0498046875,6381.25,6198.70849609375,80662,0.00714172979797989,0.0365819319949332,-0.016218454184466546,6227.5450439453125,6692.224013671875,6320.423466397152,65.0688800684631,-117.18406589334609,-161.17552833396297,43.991462440616885,0.021877654778965014,-0.3394911604064821,1.0246814683747854,0.953532037625075,6396.25
2025-02-03,6330.0,6420.0,6250.7001953125,6396.25,6213.27978515625,71348,0.002350636630754188,0.04421753713624721,-0.022331439845842183,6220.2400390625,6684.321015625,6327.645041025995,64.49312511037667,-97.71174280133619,-148.48277122743764,50.77102842610145,0.021783580154083295,-0.11546948997049411,1.0282963293751004,0.956903473823053,6371.10009765625
2025-02-04,6415.0,6467.0,6312.64990234375,6371.10009765625,6188.84912109375,87790,-0.003931976133476622,0.03194926939915188,-0.015818321208581176,6215.120043945312,6677.468017578125,6331.783617847924,60.10710650272124,-83.34838509226756,-135.45589400040365,52.10750890813608,0.021679902906872852,0.2304479452822783,1.0250968690239364,0.9541191482886364,6384.5
2025-02-05,6371.10009765625,6443.9501953125,6345.0498046875,6384.5,6201.86572265625,66079,0.002103232116644982,0.04054953742322276,-0.008610345364605587,6212.3475341796875,6670.058017578125,6336.804225671931,59.47356417445901,-70.07626493275802,-122.37996818687452,52.3037032541165,0.021659498970277594,-0.24730607130652693,1.0277113385677712,0.9571880759019529,6421.89990234375
2025-02-06,6400.0,6478.14990234375,6372.0498046875,6421.89990234375,6238.19580078125,82289,0.005857921895802365,0.01355743408203125,0.07020961201064768,6233.412524414062,6663.356015625,6344.908575831152,61.87701677233914,-55.89582228540348,-109.08313900658032,53.18731672117684,0.014598926416947905,0.2453124290621831,1.0302382326200055,0.9637635880905875,6436.60009765625
2025-02-07,6421.89990234375,6455.25,6332.0498046875,6436.60009765625,6252.4755859375,64931,0.0022890726320936583,0.008673864471106851,0.08331089131953862,6258.162524414062,6658.673017578125,6353.641101719257,65.63588381948965,-42.97613429134708,-95.86173806353368,52.8856037721866,0.014264097312645593,-0.21093949373549326,1.0285127739246265,0.966649072670241,6377.39990234375
2025-02-10,6415.0,6425.0,6335.25,6377.39990234375,6194.96875,60322,-0.009197432559785224,-0.002947054548563588,0.04808705414282355,6272.792529296875,6651.96201171875,6355.9038446358745,61.059322818224636,-37.08663780479219,-84.10671801178539,47.0200802069932,0.013741082008260519,-0.07098304353852547,1.0166763642442038,0.9587246426105104,6116.75
2025-02-11,6399.9501953125,6399.9501953125,6100.0,6116.75,5941.775390625,100616,-0.04087087313561111,-0.03992247708520835,0.00016351224297928013,6272.842529296875,6632.326015625,6333.127288003887,38.41456725325274,-52.842304985996634,-77.85383540662764,25.011530420631004,0.01678158721091517,0.6679818308411525,0.9751161409571728,0.9222631676412827,6154.0498046875
2025-02-12,6110.0,6170.0,6032.5,6154.0498046875,5978.0078125,130838,0.006097977633138463,-0.036095261228365594,-0.0048834046670979125,6271.33251953125,6612.6280078125,6316.072289592802,39.5106552830415,-61.608814170148435,-74.6048311593318,12.99601698918336,0.016642841047491867,0.30036972250934246,0.9812985973110996,0.9306511416363945,6134.35009765625
2025-02-13,6199.9501953125,6199.9501953125,6082.0,6134.35009765625,5958.87158203125,135495,-0.003201096457855268,-0.04477643829087952,-0.012515896198989851,6267.44501953125,6587.960009765625,6298.765414170273,48.71644832723246,-69.3465536739559,-73.55317566225662,4.206621988300725,0.016619528991343356,0.03559363487671785,0.9787640862488245,0.9311456184559456,6174.0
2025-02-14,6145.0498046875,6225.0,6081.0498046875,6174.0,5997.38720703125,130626,0.0064635864781990016,-0.04079795135196762,-0.004161393190146745,6266.155029296875,6563.511005859375,6286.882993773104,52.84444203120133,-71.45565590536808,-73.13367171087891,1.6780158055108387,0.016686997169416948,-0.035934905347060786,0.9852932094935392,0.9406550845253934,6146.85009765625
2025-02-17,6156.0,6176.35009765625,6042.85009765625,6146.85009765625,5971.01416015625,73576,-0.004397457457685494,-0.03615106598580575,-0.0011537463630528766,6265.800024414062,6539.3280078125,6273.546527476261,48.379349840736886,-74.45958113511733,-73.3988535957266,-1.0607275393907258,0.01663115495283445,-0.43674306799565166,0.9810160033364717,0.9399819202084131,6097.4501953125
2025-02-18,6146.85009765625,6175.64990234375,6045.0498046875,6097.4501953125,5923.02734375,72228,-0.008036620636411085,-0.0031552384334000427,-0.01133386320493035,6262.305029296875,6513.214013671875,6256.77544822257,47.73467312735176,-79.90527452333936,-74.70013778124917,-5.20513674209019,0.016719768136496407,-0.01832119169294333,0.9736750552371474,0.9361661051691766,6017.60009765625
2025-02-19,6120.0,6130.7998046875,5967.14990234375,6017.60009765625,5845.46142578125,159802,-0.013095653937056473,-0.022172343637407166,-0.05293558925035102,6245.487524414062,6486.561015625,6233.99684340673,28.004959722493,-89.63105035821809,-77.68632029664296,-11.944730061575129,0.015279389820164921,1.2124660796367062,0.9635116672850624,0.9277026891693295,6023.64990234375
2025-02-20,6024.0,6080.0,5980.60009765625,6023.64990234375,5851.337890625,79633,0.001005351733136317,-0.018045953287667005,-0.054772746602059996,6228.035009765625,6460.640009765625,6213.963801400731,23.88251849601194,-95.74691822690511,-81.29843988269539,-14.448478344209718,0.015248325354160265,-0.5016770753807838,0.9671830509781341,0.9323611736977544,5960.4501953125
2025-02-21,6024.7998046875,6080.25,5931.0498046875,5960.4501953125,5789.9462890625,101884,-0.010491928989209587,-0.03458856570902169,-0.03177355862619269,6218.255029296875,6432.561015625,6189.819648439948,20.264703765795204,-104.48899169658034,-85.93655024547239,-18.552441451107953,0.013516810022837035,0.2794193362048396,0.9585406464080766,0.9266060875029836,5851.7998046875
2025-02-24,5960.4501953125,5960.4501953125,5782.0,5851.7998046875,5684.40380859375,151226,-0.01822855439853288,-0.048000242120960546,-0.04466648741604007,6204.575024414063,6402.45701171875,6157.627282368287,18.19179665279124,-118.81470444550996,-92.51218108547991,-26.30252336003005,0.014010632291966547,0.4842958658866947,0.9431427264013336,0.9139928302488632,5695.64990234375
2025-02-25,5851.7998046875,5877.7001953125,5675.0,5695.64990234375,5532.720703125,162406,-0.026684081403240856,-0.06589644525143301,-0.07745575090882706,6180.665014648437,6370.89701171875,6113.629436651665,14.086826095788837,-141.14094220562038,-102.23793330950801,-38.90300889611237,0.014810901040996312,0.07392908626823425,0.9215270345253819,0.894010669434314,5563.14990234375
2025-02-27,5695.64990234375,5721.5498046875,5513.4501953125,5563.14990234375,5404.01123046875,182977,-0.023263368056642086,-0.07552017215127016,-0.09331458101654999,6152.0375,6337.549013671875,6061.202814336626,9.268108081067282,-167.5943656107711,-115.30921976976063,-52.28514584101046,0.015427980073539068,0.12666403950592953,0.9042776319786331,0.8778077913626342,5411.10009765625
2025-02-28,5514.10009765625,5563.0,5302.5498046875,5411.10009765625,5256.31103515625,337674,-0.027331603022856088,-0.10169080451524282,-0.14597536337496053,6105.792504882813,6301.06501953125,5999.288269890876,6.965973961044014,-198.53940408718972,-131.95525663324645,-66.58414745394327,0.013477949509168625,0.8454450559359921,0.8862240394394313,0.8587596034771268,5456.10009765625
2025-03-03,5416.0498046875,5477.0,5362.85009765625,5456.10009765625,5300.0234375,162308,0.008316238692293032,-0.08461610803373343,-0.144979416625857,6059.535009765625,6271.75501953125,5947.556063011389,10.872304351360455,-216.9317914509138,-148.95056359677992,-67.98122785413389,0.013548719565047726,-0.5193352168067427,0.9004156406165043,0.869947898262142,5389.0498046875
2025-03-04,5443.0,5481.0,5350.0,5389.0498046875,5234.8916015625,141837,-0.012289051111351923,-0.07907823497812083,-0.15746729651162794,6009.175,6241.521015625,5894.364990790066,13.012057881005603,-234.21836570260984,-166.0041240179459,-68.21424168466393,0.01337073640752725,-0.12612440545136405,0.896803605268194,0.8634193157720007,5553.39990234375
2025-03-05,5410.0,5569.0,5400.14990234375,5553.39990234375,5394.5400390625,141754,0.030497045604086948,-0.024975200800432695,-0.1283452124089699,5968.289990234375,6215.434013671875,5861.892125223751,22.96195514800104,-231.98227374258386,-179.1997539628735,-52.782519779710356,0.01594984869053281,-0.000585178761536076,0.9304842612256626,0.8934854573515105,5638.2998046875
2025-03-06,5647.0,5694.35009765625,5603.0,5638.2998046875,5477.01123046875,107832,0.015287914401395541,0.01350851651725038,-0.11687684161837264,5930.97998046875,6190.276005859375,5840.597618506012,28.908524318567316,-220.81403542462795,-187.5226102552244,-33.29142516940354,0.016593337933220785,-0.2393018891883122,0.9506523075874355,0.9108317301765859,5624.14990234375
2025-03-07,5688.0,5689.0,5601.0,5624.14990234375,5463.26611328125,110794,-0.0025096044612573642,0.03937273398061514,-0.12422336257668098,5891.09248046875,6165.032001953125,5819.983550300081,26.10281899783584,-210.67635903285736,-192.153360010751,-18.522999022106376,0.016381063079204557,0.027468654944728943,0.954687084100272,0.9122661326919277,5503.5
2025-03-10,5659.0,5689.0,5465.0,5503.5,5346.0673828125,106381,-0.02145211355292498,0.008687506001605616,-0.14496785313663008,5844.437475585937,6136.591005859375,5789.842259795311,24.14083165823328,-209.95735852504185,-195.71415971360918,-14.243198811432677,0.016571115301513287,-0.03983067675144858,0.9416646209305616,0.8968334364706914,5420.0498046875
2025-03-11,5453.0498046875,5480.0,5389.9501953125,5420.0498046875,5265.0048828125,96855,-0.015163113530026306,0.005752405548940187,-0.15011605235927195,5796.569970703125,6109.061005859375,5754.623930737424,23.497637299491387,-213.65835822589725,-199.30299941606683,-14.35535880983042,0.016653560956629336,-0.08954606555681932,0.935044316221727,0.8872148763106107,5303.85009765625
2025-03-12,5421.0498046875,5450.0,5242.0,5303.85009765625,5152.12890625,171254,-0.021438863334937497,-0.04493640095721907,-0.13289735600502717,5755.924975585937,6080.2630078125,5711.693089491599,22.84778741862287,-223.39264107976305,-204.12092774880608,-19.27171333095697,0.015130033665455492,0.7681482628671725,0.9214592129245626,0.872306031966275,5236.75
2025-03-13,5310.89990234375,5373.9501953125,5225.0,5236.75,5086.9482421875,126288,-0.012651205524436104,-0.07121824283867706,-0.14905628550305172,5710.059985351562,6050.8930078125,5666.460414301922,21.393777874971732,-233.82614522468975,-210.06197124398284,-23.764173980706914,0.014854385040864478,-0.26256904948205584,0.9171094547928079,0.8654507678847843,5174.4501953125
2025-03-17,5236.75,5283.2998046875,5157.7001953125,5174.4501953125,5026.4306640625,139134,-0.01189665435384546,-0.0799586986192965,-0.15647947819451957,5662.064990234375,6021.431015625,5619.602298207692,21.407784648963258,-244.30564263268388,-216.91070552172306,-27.394937110960825,0.014835834495550393,0.10171987837324203,0.9138803959751634,0.8593389481479284,5174.4501953125
2025-03-18,5174.4501953125,5174.4501953125,5174.4501953125,5174.4501953125,5026.4306640625,0,0.0,-0.05978918954983192,-0.16189663179259794,5612.0875,5995.191015625,5577.206859836721,23.24525740030704,-249.7319651872922,-223.4749574548369,-26.257007732455293,0.014563646986718812,-1.0,0.9220188023284562,0.8631001383986866,5366.2998046875
2025-03-20,5400.0,5498.9501953125,5359.60009765625,5377.35009765625,5223.5263671875,139775,0.002059201567362612,0.013857857715940947,-0.11809856162660204,5537.05498046875,5949.74701171875,5539.999485443864,42.12779145033771,-221.3747326022076,-225.03222598555786,3.657493383350271,0.01790074203896306,-0.23967558040862513,0.9711570711550024,0.9037947474178154,5462.9501953125
2025-03-21,5395.0,5512.0,5322.0,5462.9501953125,5306.677734375,252810,0.015918639497465303,0.043194766852055144,-0.0921712798030192,5509.322485351562,5930.20701171875,5532.661457812305,52.327935267049725,-200.69561271752264,-220.16490333195082,19.46929061442819,0.018471629363428048,0.8086925415846897,0.9915829414302105,0.9212073346709653,5629.9501953125
2025-03-24,5470.0,5664.7998046875,5403.64990234375,5629.9501953125,5468.900390625,291530,0.03056956297044322,0.08802867605386067,-0.06535899552828672,5489.6375,5922.794013671875,5541.927051859942,57.03476354129497,-168.88495625268297,-209.90891391609728,41.02395766341431,0.020063400894496455,0.15315849847711727,1.0255595556742134,0.9505564742445222,5496.9501953125
2025-03-25,5700.0,5742.9501953125,5479.0,5496.9501953125,5339.705078125,331857,-0.023623654807947703,0.06232546218961588,-0.07776258249158963,5466.4625,5913.901015625,5537.643541712567,54.14491483586152,-152.6471489796295,-198.45656092880373,45.80941194917423,0.02052472051602978,0.13832881693136212,1.0055772257309916,0.9294964830809845,5567.0
2025-03-26,5520.0,5625.0,5474.89990234375,5567.0,5407.7509765625,218301,0.012743394463940128,0.0374001085696305,-0.04866875392069381,5452.222509765625,5903.54501953125,5540.439394882798,50.563244651572134,-132.5976329475552,-185.28477533255403,52.68714238499882,0.020550394762602654,-0.3421835308581709,1.0210515051483673,0.9429927241313776,5417.7998046875
2025-03-27,5500.0,5582.14990234375,5400.0,5417.7998046875,5262.81884765625,356071,-0.026800825455811084,0.007522237960455591,-0.04878286102906626,5438.330004882812,5889.586015625,5528.759433911817,41.32981803492464,-127.28024841233946,-173.68386994851113,46.40362153617167,0.02055770317931157,0.6311010943605389,0.9962249072459967,0.9198948432562396,5214.60009765625
2025-03-28,5398.0498046875,5437.0498046875,5200.0,5214.60009765625,5065.431640625,529718,-0.037505946021748726,-0.04546080208993075,-0.06265331885819869,5420.902514648437,5870.193017578125,5498.839497125573,35.980557663442994,-137.87338247513526,-166.52177245383598,28.64838997870072,0.02154516195413437,0.4876752108427813,0.9619431604913178,0.8883183367295213,5069.60009765625
2025-04-01,5195.60009765625,5199.0,5042.0,5069.60009765625,4924.57958984375,424060,-0.027806542646515053,-0.09953020510248878,-0.0631110114092911,5403.8275146484375,5847.343017578125,5457.959554318971,35.39057087495097,-156.16859141350687,-164.45113624577016,8.282544832263284,0.021573623288899828,-0.19946084520442953,0.938149873198917,0.866992082115955,5229.9501953125
2025-04-02,5092.14990234375,5238.2001953125,5044.35009765625,5229.9501953125,5080.34326171875,278492,0.031629733029708174,-0.04857238841779632,-0.041449001722108414,5392.52001953125,5827.946025390625,5436.244377270736,43.914473375703786,-155.9312847412084,-162.7471659448578,6.815881203649411,0.02281337173819702,-0.34327217846531155,0.9698527175365255,0.8973916663824896,5194.39990234375
2025-04-03,5180.0,5244.5498046875,5111.4501953125,5194.39990234375,5045.8095703125,306377,-0.006797443883999721,-0.06693014148666243,-0.03611952188202816,5382.787524414062,5808.75501953125,5413.211570134833,46.305478639240505,-156.80428681892408,-161.55859011967107,4.754303300746983,0.022714173135997176,0.10012854947359351,0.965001846865427,0.8942363526914453,5056.64990234375
2025-04-04,5180.0,5183.25,5004.35009765625,5056.64990234375,4912.0,323433,-0.026518943976155174,-0.06665988322995653,-0.08944970805908503,5357.950024414063,5786.541015625,5379.253316059492,44.19743189028318,-166.68992335481016,-162.5848567666989,-4.105066588111271,0.022042669640294957,0.05566997522659989,0.9437657834251146,0.8738640041934594,4808.2998046875
2025-04-07,4790.0,4900.0,4700.0,4808.2998046875,4670.75439453125,345270,-0.04911356381250365,-0.0779159063705317,-0.1472074967191288,5316.450024414063,5755.6280078125,5324.876791166922,39.46602751872407,-192.34688372040637,-168.53726215744038,-23.809621562965987,0.02365358489311768,0.06751630167608136,0.9044192614633734,0.8354083686716501,4869.39990234375
2025-04-08,4910.0498046875,5014.25,4760.0,4869.39990234375,4730.1064453125,246320,0.012707214636800579,-0.03949033285782355,-0.13419805892539838,5278.7125244140625,5725.562001953125,5281.498039850429,41.52190758198974,-205.38242170126796,-175.9062940662059,-29.476127635062056,0.024069190790203036,-0.286587308483216,0.9224597626452965,0.8504667141291427,4755.75
2025-04-09,4857.0,4870.0,4729.0498046875,4755.75,4619.70751953125,206934,-0.023339611579046515,-0.09067011684690918,-0.13586808394657945,5241.325024414063,5697.556005859375,5231.426797959913,32.260231955150275,-222.32099869145804,-185.18923499125634,-37.1317637002017,0.024132855326178124,-0.15989769405651189,0.9073564371314016,0.8347000003350875,4752.0498046875
2025-04-11,4762.0,4897.0,4709.0,4752.0498046875,4616.11328125,308561,-0.0007780466409084141,-0.08515903780466705,-0.12324609995691993,5207.925024414062,5670.08900390625,5185.771846219683,31.75371710585371,-233.35356321079416,-194.8221006351639,-38.53146257563026,0.024091012265909158,0.4911082760686982,0.912465095486306,0.8380908661951705,4931.0
2025-04-15,4849.0,4973.5,4801.0,4931.0,4789.9443359375,334703,0.03765747470406988,-0.02484844803780295,-0.07029800819993215,5189.28251953125,5645.232001953125,5161.507860865428,35.27962966466059,-225.0627812199782,-200.87023675212677,-24.192544467851434,0.025703838119799458,0.08472230774465994,0.9502277013134023,0.8734804873022017,4929.0
2025-04-16,4948.0,4948.0,4853.0,4929.0,4788.001953125,333482,-0.0004055972419387821,0.025102468692745017,-0.05876736525516779,5173.89501953125,5621.097998046875,5139.36425506872,28.65365456162212,-216.16188044404134,-203.9285654905097,-12.233314953531647,0.02561565105264358,-0.0036480103255722707,0.952667184276685,0.8768749453776907,4900.5
2025-04-17,4906.0,4936.0,4826.5,4900.5,4760.31689453125,363566,-0.005782105903834434,0.00638684402184353,-0.052942860588487184,5160.197509765625,5592.387998046875,5116.6152783955085,30.601360523475662,-208.9983612555543,-204.94252464351865,-4.055836612035648,0.025536618999317848,0.0902117655525636,0.9496729516119974,0.8762804014513095,5342.0
2025-04-21,4805.0,5396.5,4805.0,5342.0,5189.1875,2852407,0.09009284766860515,0.12327182883877419,0.032380214005979235,5168.575,5571.602998046875,5138.080489976888,44.10624717335205,-165.78479652092028,-197.110979018999,31.32618249807871,0.03287503270357708,6.845637380833192,1.0335537357975846,0.9587904956388024,5480.0
2025-04-22,5335.0,5495.5,5268.5,5480.0,5323.23974609375,888502,0.02583302134032195,0.153186566898865,0.021187820183505623,5174.260009765625,5553.277998046875,5170.644252836233,51.63891695052809,-119.03018259468809,-181.49481973413683,62.46463713944874,0.03233717092855882,-0.6885079864128787,1.0590886406282902,0.9868045507405451,5664.5
2025-04-23,5480.0,5678.5,5465.0,5664.5,5502.4619140625,820053,0.033667883211678795,0.14875278848103823,0.05339988974660703,5188.617504882813,5539.14599609375,5217.678133518497,61.972422478338686,-66.32465678245717,-158.4607871438009,92.13613036134373,0.03312681307162033,-0.07703865607505667,1.0917166267641336,1.0226305650717007,5918.0
2025-04-24,5678.0,5940.0,5664.0,5918.0,5748.71044921875,1253303,0.04475240533145031,0.20064921890850074,0.08329744706037356,5211.3699951171875,5529.81599609375,5284.375454135783,71.34445826577928,-4.05309488646526,-127.57924869233378,123.52615380586852,0.034319216074074635,0.5283195110559926,1.135593904394601,1.0701983581696863,5612.5
2025-04-25,5949.5,5958.0,5593.0,5612.5,5451.94970703125,610205,-0.051622169651909466,0.14529129680644837,-0.0030995292510809236,5210.497485351562,5513.627998046875,5315.625410884756,58.969301177983375,20.41098460340254,-97.98120203318652,118.39218663658906,0.035924170104999244,-0.5131225250398348,1.077152424653999,1.0179322946684377,5689.0
2025-04-28,5612.5,5708.0,5568.0,5689.0,5526.26123046875,332068,0.013630289532293949,0.06495694496443272,0.034937519508775994,5220.0999755859375,5498.67599609375,5351.184895562398,61.37796150318253,45.447958738161105,-69.295369878917,114.7433286170781,0.035574384150943286,-0.4558091133307659,1.0898258705019208,1.034612696591226,5764.0
2025-04-29,5702.5,5817.0,5702.5,5764.0,5599.11572265625,246518,0.01318333626296364,0.05182481751824808,0.03538710256870847,5229.949975585938,5486.407998046875,5390.50061979455,66.75589089244352,70.5288021914539,-41.330535464842825,111.85933765629673,0.03558130901882348,-0.2576279557199128,1.102113792083495,1.0505963103823022,5766.0
2025-04-30,5765.0,5800.0,5655.0,5766.0,5601.05859375,216288,0.00034698126301169196,0.017918615941389326,0.06426966810608903,5247.3599853515625,5479.392998046875,5426.262465528403,75.68386597986745,89.5348327922784,-15.157461813418585,104.69229460569699,0.03492308258126574,-0.12262796225833406,1.0988382760276145,1.0523063416066865,5820.0
2025-05-02,5750.0,5879.0,5727.5,5820.0,5653.51416015625,203862,0.009365244536940764,-0.016559648529908766,0.11609709105322441,5277.62998046875,5472.712001953125,5463.7612783352215,75.59091013055271,107.71294984087581,9.416620517440295,98.29632932343551,0.0335589998423434,-0.05745117620949847,1.1027677236824924,1.0634581169122244,5817.0
2025-05-05,5845.0,5857.0,5785.0,5817.0,5650.599609375,118811,-0.0005154639175257714,0.036436525612472126,0.1474277828520012,5314.999975585937,5466.365,5497.403061350915,80.3795769804928,120.48825009443954,31.630946432840144,88.85730366159939,0.03265314911157429,-0.41719888944482053,1.094449675770454,1.0641440884390267,5700.0
2025-05-06,5830.0,5857.5,5680.0,5700.0,5536.94677734375,148067,-0.02011346054667351,0.0019335559852347028,0.08987653555645636,5338.502465820313,5456.885,5516.698007888924,75.48321448879523,119.79096966524503,49.26295107932113,70.5280185859239,0.032682156506573794,0.24623982627871155,1.0677151572925498,1.044551974249045,5758.0
2025-05-07,5589.0,5775.0,5575.0,5758.0,5593.28759765625,132215,0.010175438596491171,-0.001040943789035409,0.10850148395427728,5366.682470703125,5449.107998046875,5539.67914999474,73.77803335250144,122.50630870601526,63.911622604659954,58.59468610135531,0.03258503822504207,-0.10705964191886108,1.0729160950797982,1.056686709469484,5711.5
2025-05-08,5758.0,5933.0,5656.5,5711.5,5548.11767578125,235617,-0.008075720736366754,-0.009451959764134599,0.1295027558369679,5399.424975585937,5441.388994140625,5556.043040471432,71.93720213064199,119.52822608888619,75.03494330150521,44.49328278738098,0.031879745121308416,0.7820746511364065,1.0577978258472231,1.049640083837093,5738.0
2025-05-09,5400.0,5775.0,5400.0,5738.0,5573.859375,311908,0.0046397618839184585,-0.01408934707903775,0.19335320863440275,5445.909985351563,5435.7969921875,5573.372274712248,73.50547291608196,117.9467855644807,83.61731175410031,34.32947381038039,0.029079933755611305,0.323792425843636,1.0536347489095674,1.0555949768261832,6100.0
2025-05-12,5851.5,6120.0,5794.0,6100.0,5925.50390625,462268,0.0630881840362496,0.048650507134261556,0.25272109958845945,5507.439990234375,5437.323994140625,5623.527296168225,72.26792009400705,144.24113517567912,95.74207643841608,48.49905873726304,0.031476624089092506,0.4820652243610295,1.1075926402859286,1.1218753943251292,5986.0
2025-05-13,6109.5,6124.5,5973.0,5986.0,5814.76513671875,222313,-0.018688524590163902,0.050175438596491206,0.2586868527571886,5568.952490234375,5437.834990234375,5658.048506056966,65.07747318235995,154.10433062404718,107.41452727554231,46.68980334850487,0.031219552169770553,-0.5190820043784126,1.074887963310327,1.1008057454391418,6100.5
2025-05-14,6040.5,6134.0,5981.0,6100.5,5925.990234375,419269,0.019127965252255352,0.05948245918721784,0.2837617976946214,5636.375,5442.808994140625,5700.18674357535,63.55721393034826,169.20963383146955,119.77354858672777,49.436085244741776,0.031107086644833432,0.8859400934718167,1.0823445920471935,1.1208366868224482,6180.5
2025-05-15,6100.5,6210.0,6061.5,6180.5,6003.701171875,257339,0.01311367920662243,0.08211503107765039,0.25339687690123713,5698.85,5452.50599609375,5745.930863234841,59.149529452771,185.49772456285154,132.9183837819525,52.57934078089903,0.030563261464288755,-0.3862198254581187,1.0845170516858664,1.1335154889197363,6212.0
2025-05-16,6219.5,6228.0,6165.0,6212.0,6034.30029296875,140760,0.005096675026292408,0.08260718020216107,0.26029620612700355,5763.0,5465.482998046875,5790.318400069618,75.82938388625593,198.65793553971343,146.0662941335047,52.59164140620874,0.030472327940143533,-0.45301722630460206,1.0779108103418358,1.1365875627496962,6245.0
2025-05-19,6229.5,6275.5,6175.5,6245.0,6066.3564453125,145251,0.005312298776561475,0.023770491803278615,0.27435975920824407,5830.225,5482.16099609375,5833.621409586797,74.88809310653536,209.3372126806771,158.7204778429392,50.61673483773791,0.030230343833457837,0.03190537084398981,1.0711421943406987,1.1391493253207634,6195.5
2025-05-20,6309.0,6319.5,6170.0,6195.5,6018.27197265625,250930,-0.007926341072858278,0.034998329435349085,0.159771621115687,5872.9,5496.948994140625,5868.086037245198,69.76637654603756,211.36984049561124,169.25035037347362,42.11949012213762,0.024390924353805177,0.7275612560326608,1.0549302729486285,1.127079768541419,6184.5
2025-05-21,6195.5,6216.5,6126.0,6184.5,6007.5869140625,105149,-0.00177548220482604,0.013769363166953541,0.1285583941605839,5908.125,5512.857998046875,5898.220700364703,69.01408450704226,209.67608917687903,177.3354981341547,32.34059104272433,0.024091245713503726,-0.580962818315865,1.0467788003808314,1.121831906824206,6202.5
2025-05-22,6180.0,6215.0,6135.0,6202.5,6025.072265625,104618,0.002910502061605591,0.0035595825580454488,0.09497749139376821,5935.025,5525.84,5927.19968128235,67.96618130577735,207.39550236958803,183.3474989812414,24.048003388346643,0.02322087237424549,-0.00504997669973084,1.0450672069620601,1.1224537807826502,6290.5
2025-05-23,6210.0,6304.5,6202.5,6290.5,6110.5546875,158757,0.014187827488915783,0.012636831938184212,0.06294356201419404,5953.65,5538.88400390625,5961.799711636411,70.59591126576773,210.2651793454188,188.7310350540769,21.534144291341903,0.02138651142445915,0.5174922097535797,1.0565787374131836,1.1356980928944675,6431.5
2025-05-26,6300.0,6453.5,6278.0,6431.5,6247.521484375,211742,0.02241475240441937,0.02986389111289034,0.14592427616926495,5994.6,5555.031005859375,6006.533072432943,81.16744780570941,221.36518063023868,195.25786416930927,26.10731646092941,0.017425209700776594,0.333749063033441,1.0728822607012978,1.1577793163019499,6410.0
2025-05-27,6445.0,6470.0,6365.0,6410.0,6226.63671875,148800,-0.0033429215579569016,0.03462190299410861,0.1267358059412902,6030.65,5573.161005859375,6044.958494105997,78.67194371152155,225.82398299720353,201.37108793488812,24.452895062315406,0.017497186796496762,-0.2972579837727045,1.0629036671005614,1.1501551800245515,6471.0
2025-05-28,6420.0,6500.0,6354.5,6471.0,6285.89111328125,175553,0.009516380655226309,0.04632549114722284,0.12265787647467041,6066.0,5594.180009765625,6085.533875619711,82.97872340425532,231.6099508573925,207.418860519389,24.191090338003505,0.01743845940653126,0.17979166666666657,1.0667655786350148,1.1567378934363448,6499.5
2025-05-29,6475.0,6535.0,6421.0,6499.5,6313.576171875,171811,0.004404265183124645,0.04788391777509071,0.12721123829344427,6102.675,5618.0930078125,6124.959220798786,83.00823580407456,235.7771911939244,213.0905266542961,22.68666453962831,0.01739347664559289,-0.02131550016234418,1.0650247637306591,1.1568872197312894,6439.5
2025-05-30,6512.5,6520.0,6395.5,6439.5,6255.29248046875,209158,-0.009231479344564919,0.023686511406088462,0.10644329896907223,6133.65,5642.1480078125,6154.9154854846165,69.93540810334703,231.56887873743017,216.78619707092292,14.782681666507244,0.017706570010737475,0.21737257800722887,1.0498642733119758,1.141320644386399,6417.0
2025-06-02,6412.5,6469.0,6357.5,6417.0,6233.43603515625,114010,-0.0034940600978337066,-0.0022545284925755693,0.10314595152140282,6163.65,5666.99900390625,6179.8759154384625,78.35526315789474,223.83793446254185,218.19654454924674,5.641389913295114,0.017769727629355386,-0.45490968550091315,1.0411038913630724,1.1323453552006584,6407.0
2025-06-03,6417.0,6436.5,6359.5,6407.0,6223.72216796875,127200,-0.0015583606046438714,-0.00046801872074886397,0.12403508771929816,6199.0,5691.65,6201.5067806348,73.37909992372235,214.43234639005095,217.4437049174076,-3.0113585273566343,0.01684625037956138,0.1156916059994737,1.0335537989998387,1.1256841162053184,6447.5
2025-06-04,6418.0,6464.0,6371.5,6447.5,6263.06396484375,81617,0.006321211175277064,-0.0036315870808221185,0.1197464397360195,6233.475,5713.27400390625,6224.934706288628,71.67207792207792,207.8503916735408,215.52504226863425,-7.674650595093453,0.016817929796165136,-0.35835691823899374,1.0343347811613905,1.1285123023316839,6491.5
2025-06-05,6467.0,6500.0,6446.0,6491.5,6305.80517578125,91106,0.006824350523458644,-0.0012308639126086263,0.1365665762059003,6272.475,5735.557001953125,6250.321877118283,72.23548130469372,203.83489562301475,213.18701293951037,-9.352117316495622,0.01649779098169469,0.11626254334268604,1.0349184333138035,1.131799404624425,6473.0
2025-06-06,6520.0,6520.0,6430.5,6473.0,6287.833984375,71389,-0.0028498806131094234,0.00520226725677464,0.128093412338794,6309.225,5755.757998046875,6271.529317392732,68.56677524429968,196.8901634395761,209.9276430395235,-13.037479599947403,0.01662785333087563,-0.21641823809628347,1.02595802178556,1.1246129531847082,6631.5
2025-06-09,6505.5,6643.0,6500.0,6631.5,6441.7998046875,161923,0.024486327823265874,0.033426834969612074,0.0871311475409835,6335.8,5775.788994140625,6305.812239545805,80.15214384508991,201.8492460486832,208.31196364135548,-6.462717592672277,0.010941770947086846,1.2681785709282942,1.0466712964424383,1.148154824687583,6705.0
2025-06-10,6680.0,6735.0,6651.5,6705.0,6513.19775390625,223010,0.011083465279348559,0.04651162790697683,0.12011359839625801,6371.75,5799.949990234375,6343.830121493824,83.13176320814767,209.29753873617483,208.50907866031937,0.7884600758554541,0.00960091950318456,0.3772595616434973,1.0523011731470946,1.1560444506055219,6624.5
2025-06-11,6670.0,6680.0,6590.0,6624.5,6507.794921875,167351,-0.012005965697240883,0.02745250096936802,0.0858945988033768,6397.95,5821.099990234375,6370.560586113459,74.88207547169812,206.32628612681765,208.07252015361905,-1.7462340268014032,0.009835580686953928,-0.24958073628985245,1.0354097796950585,1.1380151536846008,6473.5
2025-06-12,6647.0,6647.0,6426.0,6473.5,6359.455078125,173877,-0.022794173145142982,-0.0027728568127551867,0.047407167704878184,6412.6,5842.213994140625,6380.364339816939,60.04390779363337,189.60150090721527,204.3783163043383,-14.776815397123045,0.011287991103986022,0.038995882904792945,1.0094969279231512,1.1080559538716857,6392.5
2025-06-13,6300.0,6459.5,6299.5,6392.5,6279.8818359375,90117,-0.012512551170155262,-0.01243627375251044,0.029056664520283215,6421.625,5865.7719921875,6381.520116977231,47.708578143360754,167.87579737724354,197.0778125189194,-29.202015141675844,0.011742463083133084,-0.4817198364361014,0.9954645436318689,1.0897968772932256,6377.0
2025-06-16,6361.0,6420.0,6229.0,6377.0,6264.65478515625,121345,-0.0024247164646069574,-0.03837744100128171,0.02113690952762215,6428.225,5891.919990234375,6381.089629646066,48.04733727810651,147.70465304604386,187.2031806243443,-39.49852757830044,0.01173765189985772,0.34652729229779067,0.9920312372388956,1.0823297007715016,6418.0
2025-06-17,6377.0,6450.0,6362.0,6418.0,6304.9326171875,112049,0.006429355496314848,-0.042803877703206594,0.03591316277943668,6439.35,5915.680986328125,6384.604903013107,46.78787878787879,133.4884612988526,176.46023675924596,-42.97177546039336,0.011593930267732096,-0.0766080184597635,0.9966844479644684,1.084913134233032,6449.5
2025-06-18,6419.0,6470.0,6350.0,6449.5,6335.8779296875,98354,0.004908071050171436,-0.0264170880821194,0.04284905812919404,6452.6,5940.78298828125,6390.78538844043,46.98067632850241,123.34200381830306,165.83659017105737,-42.49458635275431,0.011580869300390902,-0.12222331301484168,0.9995195735052537,1.0856313069711925,6220.0
2025-06-19,6485.5,6487.0,6208.0,6220.0,6110.4208984375,202630,-0.03558415381037294,-0.039159650884374786,0.0028214429665458507,6453.475,5964.049990234375,6374.520113350865,38.99749373433583,95.67920090541338,151.80511231792858,-56.125911412515194,0.014324176859437395,1.0602110742826931,0.9638218169280891,1.0429154702232075,6319.0
2025-06-20,6246.0,6335.0,6200.5,6319.0,6207.6767578125,189963,0.01591639871382644,-0.01149784904184592,0.004530641443446504,6454.9,5994.263994140625,6369.232483507926,45.43761638733706,80.81313935365688,137.60671772507425,-56.79357837141737,0.014417680748901466,-0.06251295464639983,0.9789462268973959,1.0541744584784394,6313.0
2025-06-23,6221.0,6345.0,6164.5,6313.0,6201.7822265625,107858,-0.0009495173286911962,-0.010036067116198866,-0.018424939749669633,6448.975,6023.13599609375,6363.877008888124,45.607476635514026,67.76636019654234,123.63864621936787,-55.872286022825534,0.013447575363327002,-0.4322157472771013,0.9789152539744688,1.048125096975104,6266.0
2025-06-24,6410.0,6410.0,6204.0,6266.0,6155.6103515625,203298,-0.007444954855061026,-0.02368339046431911,-0.022464898595943805,6441.775,6053.34099609375,6354.5553889940165,41.56990246168138,53.022970712231654,109.51551111794063,-56.49254040570898,0.013518805781599566,0.8848671401286876,0.9727132661417079,1.0351308482445447,6266.5
2025-06-25,6266.0,6302.5,6210.5,6266.5,6156.1015625,134175,7.979572294924964e-05,-0.02837429258082025,-0.031602534384175596,6431.55,6083.63,6346.169161470777,39.10939012584705,40.9075177463219,95.79391244361689,-54.88639469729499,0.013293483613975672,-0.3400082637310746,0.9743374458723013,1.0300593560094877,6274.5
2025-06-26,6275.0,6295.0,6201.0,6274.5,6163.9609375,126030,0.0012766296975983416,0.00876205787781359,-0.03461804754211861,6420.3,6110.5,6339.343527044989,40.293398533007334,31.587347841448718,82.95259952318325,-51.365251681734534,0.013238408260033209,-0.06070430408049188,0.9772907808046353,1.0268390475411178,6345.0
2025-06-27,6295.0,6380.0,6282.0,6345.0,6233.21875,191698,0.011235955056179803,0.004114575090995443,-0.014675052410901501,6415.575,6138.82,6339.88223875499,34.67094703049759,29.54918227106191,72.27191607275898,-42.722733801697075,0.01341356294283129,0.5210505435213837,0.9889994271752727,1.03358625924852,6310.0
2025-06-30,6358.5,6376.5,6282.0,6310.0,6198.83544921875,95468,-0.005516154452324673,-0.0004752098843655572,-0.016674458469689846,6410.225,6167.01,6337.036311254515,27.957589285714292,24.823563294023188,62.78224551701182,-37.958682222988635,0.013443692717077762,-0.5019875011737212,0.9843648233876345,1.0231862766559483,6208.5
2025-07-01,6330.0,6343.0,6130.5,6208.5,6099.12353515625,243499,-0.01608557844690972,-0.009176508139163708,-0.030981738723271368,6400.3,6184.34,6324.794757801703,27.317339149400212,12.741399556524811,52.77407632491442,-40.03267676838961,0.013874976619023344,1.550582394100641,0.97003265471931,1.0039066416141416,6185.0
2025-07-02,6208.0,6208.0,6062.5,6185.0,6076.03759765625,262330,-0.0037851332850125097,-0.013005665044283132,-0.04071345482745248,6387.175,6198.44,6311.480971344398,31.72894236858771,1.2554718470146327,42.47035542933447,-41.214883582319835,0.013759448870107186,0.07733501985634428,0.9683467260565116,0.9978317124954021,6215.0
2025-07-03,6160.0,6260.0,6159.0,6215.0,6105.5087890625,126180,0.004850444624090455,-0.00948282731691763,-0.0425941615959331,6373.35,6209.45,6302.292307406837,37.982396750169265,-5.364619342453807,32.903360474976814,-38.26797981743062,0.013699880154614628,-0.5190027827545458,0.9751543536758533,1.0008937989677025,6209.0
2025-07-04,6230.0,6244.0,6151.0,6209.0,6099.61474609375,97329,-0.0009654062751407455,-0.021434200157604444,-0.04078479839332616,6360.15,6215.27,6293.407325749043,38.477366255144034,-10.968797689273742,24.128928842126705,-35.09772653140045,0.01370081810727235,-0.22864954826438422,0.9762348372286818,0.9989911942683101,6175.0
2025-07-07,6209.0,6210.0,6155.5,6175.0,6066.2138671875,150035,-0.005475922048639115,-0.021394611727416746,-0.0688381210887431,6337.325,6226.52,6282.1304375824675,33.171745152354575,-17.946785879071285,15.713785897887107,-33.66057177695839,0.012210433930484505,0.541524108950056,0.9743858804779619,0.9917257151667384,6171.5
2025-07-08,6187.5,6195.5,6092.0,6171.5,6062.775390625,169573,-0.0005668016194332326,-0.005959571555126053,-0.07956748695003724,6310.65,6236.17,6271.594205431757,29.971181556195972,-23.48855114595881,7.873318489117923,-31.361869635076733,0.011747819086458661,0.13022294797880485,0.9779499734575678,0.9896298529385825,6152.0
2025-07-09,6171.5,6187.5,6110.5,6152.0,6043.61865234375,126766,-0.0031596856517864813,-0.005335489086499612,-0.07132613782172237,6287.025,6243.93,6260.204281104923,42.97520661157025,-29.118269789292754,0.47500083343578847,-29.593270622728543,0.011598917415452758,-0.25243995211501835,0.9785232283949882,0.9852769009261795,6137.5
2025-07-10,6130.0,6174.0,6052.5,6137.5,6029.37451171875,218296,-0.0023569570871261325,-0.01246983105390187,-0.051903915965088476,6270.225,6251.36,6248.5181590949305,27.284105131414265,-34.35388103647074,-6.490775540545518,-27.863105495925222,0.010685870495034415,0.7220390325481596,0.9788324980363543,0.9817863632873487,6066.0
2025-07-11,5666.0,6084.5,5660.0,6066.0,5959.1337890625,1578498,-0.011649694501018382,-0.02303108391045261,-0.05107547907704346,6253.9,6256.28,6231.135477276365,23.44086021505376,-43.76806214424323,-13.946232861285061,-29.82182928295817,0.01064543663915687,6.230998277568073,0.9699547482371002,0.9695857602281228,6179.0
2025-07-14,6026.0,6202.5,6002.0,6179.0,6070.14306640625,423728,0.018628420705572024,0.0006477732793521707,-0.031049082640740133,6244.0,6263.52,6226.170193726236,41.80790960451978,-41.63081871421673,-19.483150031871396,-22.147668682345333,0.011653085111267336,-0.7315625360310878,0.9895900064061499,0.9865059902419087,6380.0
2025-07-15,6185.0,6425.0,6180.0,6380.0,6267.60205078125,770631,0.03252953552354754,0.033784331199870454,-0.005920847616079805,6242.1,6277.12,6240.820651466594,57.758031442241965,-23.447726924717244,-20.276065410440566,-3.1716615142766784,0.013844489615205553,0.8186926518898916,1.0220919241921789,1.0163896818923328,6311.0
2025-07-16,6439.5,6439.5,6296.0,6311.0,6199.81787109375,160852,-0.01081504702194358,0.025845253576072924,-0.021474532909527833,6235.175,6288.18,6247.504398945966,52.30283911671924,-14.438777779956581,-19.10860788434377,4.669830104387188,0.013984528322344477,-0.7912723469468527,1.0121608455255866,1.0036290309755764,6196.5
2025-07-17,6313.0,6321.5,6184.0,6196.5,6087.3349609375,151809,-0.018142925051497394,0.009613034623217942,-0.0037781350482315457,6234.0,6297.88,6242.646837141589,41.123729826658696,-16.349842948249716,-18.556854897124957,2.207011948875241,0.012135413870353492,-0.056219381791957845,0.9939846005774784,0.9839025195780167,6166.0
2025-07-18,6196.5,6225.0,6125.0,6166.0,6057.3720703125,148243,-0.004922133462438527,0.01648532805802838,-0.02421269188162689,6226.35,6306.44,6235.347138366199,41.34615384615385,-20.093841664738648,-18.864252250647695,-1.2295894140909525,0.011567391548186201,-0.02349004340981098,0.990307322909891,0.9777307006805742,6198.5
2025-07-21,6166.0,6234.5,6124.5,6198.5,6089.2998046875,94884,0.005270840090820572,0.003155850461239673,-0.018137177253286896,6220.625,6308.41,6231.837887093227,49.344692005242464,-20.205591751278007,-19.132520150773757,-1.0730716005042495,0.011656678700741104,-0.35994279662446116,0.9964432834321311,0.9825772262741325,6210.0
2025-07-22,6208.0,6229.0,6175.0,6210.0,6100.59716796875,117799,0.0018552875695732052,-0.026645768025078342,-0.00893712097031596,6217.825,6312.89,6229.758088322444,51.664447403462056,-19.14550316664372,-19.13511675394775,-0.01038641269597207,0.011564917850259857,0.24150541714092988,0.9987415213519197,0.9837016010099969,6235.5
2025-07-23,6210.0,6259.0,6190.0,6235.5,6125.64794921875,98161,0.004106280193236778,-0.011963238789415298,-0.004946940078193518,6216.275,6315.59,6230.30493705364,51.37307434695245,-16.062579025785453,-18.520609208315292,2.458030182529839,0.011608413366990202,-0.16670769700931243,1.0030926881452318,0.9873186828150655,6226.0
2025-07-24,6235.5,6259.5,6176.5,6226.0,6116.31494140625,99684,-0.001523534600272658,0.004760752037440419,-0.007729699577655569,6213.85,6316.5,6229.894943048531,51.13333333333333,-14.221968043338165,-17.660880975319866,3.438912931981701,0.011606750694611348,0.015515326860973344,1.001955309510207,0.9856724451832503,6062.0
2025-07-25,6226.0,6257.0,6031.0,6062.0,5955.20458984375,102809,-0.026341150016061632,-0.016866688290625986,-0.04460204885736796,6199.7,6313.5,6213.90494847248,43.57954545454545,-25.700441284517183,-19.26879303715933,-6.4316482473578525,0.012632962970776056,0.03134906303920393,0.9777892478668323,0.9601647263799794,6035.5
2025-07-28,6090.0,6131.5,6016.5,6035.5,5929.17138671875,157018,-0.004371494556252076,-0.026296684681777815,-0.04350237717908079,6185.975,6309.31,6196.9140009989105,42.46954595791805,-36.51462469245416,-22.717959368218295,-13.796665324235867,0.012619750158645304,0.5272787401881158,0.9756748127821402,0.9566022275018979,6090.5
2025-07-29,6009.5,6106.5,5977.5,6090.5,5983.2021484375,108186,0.009112749565073353,-0.01924315619967798,-0.019006201175807313,6180.075,6307.21,6186.77933423711,46.72349493873202,-40.183690044058494,-26.211105503386335,-13.972584540672159,0.012410957054804885,-0.3109961915194436,0.9855058393304289,0.9656409093719727,6101.0
2025-07-30,6070.0,6169.5,6062.0,6101.0,5993.51708984375,95734,0.0017239963878170617,-0.02157004249859673,-0.013581244947453497,6175.875,6305.54,6178.609873833576,48.04708400214018,-41.762773267748344,-29.32143905625874,-12.441334211489604,0.012404362791675434,-0.11509807183923981,0.9878762118728115,0.9675618583023817,6093.5
2025-07-31,6084.0,6138.5,6001.0,6093.5,5986.1494140625,138299,-0.001229306671037489,-0.021281721811757137,-0.01954947707160093,6169.8,6303.36,6170.504171563712,51.57955198161976,-43.122308291804075,-32.08161290336781,-11.040695388436262,0.01233780455170052,0.444617377316314,0.9876333106421602,0.9667066453447051,6054.5
2025-08-01,6087.5,6087.5,6021.0,6054.5,5947.83642578125,126921,-0.006400262574874915,-0.0012372154404487468,-0.024883234015139366,6162.075,6298.64,6159.45615522431,42.18455743879472,-46.807159854333804,-35.02672229356101,-11.780437560772796,0.01239868311324429,-0.08227102148244025,0.9825424065757071,0.9612392516479747,6031.0
2025-08-04,6022.0,6078.0,5973.0,6031.0,5924.75048828125,145412,-0.003881410521100026,-0.0007455886007787793,-0.023319838056680142,6154.875,6290.63,6147.222235679138,21.809369951534734,-51.035380766807975,-38.228453988210404,-12.806926778597571,0.012374752403141856,0.14568905066931404,0.9798736773695648,0.9587275042404337,5961.5
2025-08-05,6036.0,6055.0,5941.5,5961.5,5856.47509765625,86273,-0.011523793732382659,-0.02118052705032425,-0.034027383942315526,6144.375,6281.66,6129.534403709697,21.79176755447942,-59.31064922225778,-42.44489303501988,-16.8657561872379,0.012590258945193533,-0.40669958462850386,0.9702370053911098,0.9490325805599157,5816.0
2025-08-06,5968.5,5972.0,5800.0,5816.0,5713.5380859375,120782,-0.024406609074897223,-0.046713653499426355,-0.0546163849154746,6127.575,6268.56,6099.673984308773,20.753266717909298,-76.72505443126101,-49.30092531426811,-27.4241291169929,0.013581330985047428,0.39999768177761297,0.9491519891637393,0.9278047908929642,5865.0
2025-08-07,5805.0,5892.0,5733.0,5865.0,5761.6748046875,107906,0.008425034387895547,-0.037498974316895084,-0.04439918533604892,6113.95,6255.87,6077.32408104127,27.503736920777285,-85.58562769265882,-56.55786578994626,-29.027761902712555,0.01380846078953217,-0.1066052888675465,0.9592816428004809,0.9375194817027848,5759.5
2025-08-08,5850.0,5871.0,5735.0,5759.5,5658.03369140625,66575,-0.017988064791133795,-0.04872408952019158,-0.050527530497856854,6098.625,6242.27,6047.055120942101,20.417789757412393,-99.96829189811069,-65.23995101157915,-34.72834088653154,0.014106806186043992,-0.38302782051044426,0.9443932033860092,0.9226611473069892,5676.5
2025-08-11,5759.5,5769.5,5665.0,5676.5,5576.49560546875,101170,-0.014410973174754704,-0.05877963853423973,-0.08132383880886873,6073.5,6227.46,6011.764157042853,17.209588199139517,-116.71860383231888,-75.5356815757271,-41.18292225659178,0.013420860152946601,0.5196395043184379,0.9346340660245328,0.9115273321707406,5617.5
2025-08-12,5683.0,5730.0,5611.0,5617.5,5518.53515625,92704,-0.010393728529903945,-0.057703598087729624,-0.11951410658307215,6035.375,6211.67,5974.215189705438,13.518299881936244,-133.2184937655893,-87.07224401369953,-46.14624975188977,0.010321243837428296,-0.08368093308292968,0.9307623801337945,0.9043461742172395,5671.0
2025-08-13,5639.5,5733.0,5581.5,5671.0,5571.0927734375,114397,0.00952380952380949,-0.02493122420907845,-0.10141023609570587,6003.375,6196.14,5945.337552590634,18.855218855218865,-140.359792217404,-97.72975365444043,-42.63003856296356,0.010841112966250706,0.23400284777355895,0.9446353093051825,0.9152472345686185,5681.5
2025-08-14,5694.5,5767.5,5665.0,5681.5,5581.40771484375,88786,0.0018515253041790913,-0.03128729752770676,-0.08311143387396114,5977.625,6179.94,5920.210166629622,24.20338983050847,-143.51767798771652,-106.88733852109566,-36.63033946662087,0.010508930063593555,-0.22387824855546912,0.950461094498233,0.9193454952637081,5677.5
2025-08-18,5725.0,5800.0,5663.5,5677.5,5577.47802734375,120374,-0.000704039426207892,-0.014237346991926358,-0.0792247810574116,5953.2,6164.03,5897.094912664896,24.965034965034974,-144.67536424094942,-114.44494366506642,-30.230420575883002,0.010537570997792976,0.35577681165949593,0.9536887724249143,0.9210694951192645,5726.5
2025-08-19,5692.0,5744.0,5617.0,5726.5,5625.61474609375,90475,0.008630559225011103,0.008808244516867791,-0.07614745502944265,5929.6,6145.93,5880.847778125381,24.330042313117062,-140.02482937677632,-119.56092080740841,-20.463908569367916,0.010719446676616168,-0.248384202568661,0.9657481111710738,0.9317548361273232,5745.5
2025-08-20,5744.5,5824.5,5690.5,5745.5,5644.2802734375,136215,0.0033179079717104987,0.02278593680462837,-0.07479871175523345,5906.375,6126.74,5867.957513542012,25.226480836236945,-133.26985386351498,-122.30270741862972,-10.967146444885259,0.010765647303751244,0.5055540204476374,0.9727624812173288,0.9377744118405548,5659.0
2025-08-21,5760.0,5770.0,5650.0,5659.0,5559.30419921875,124725,-0.015055260638760726,-0.0021160289190619297,-0.09245449442707077,5877.55,6107.43,5848.056797966582,22.72441933458883,-133.35903425781453,-124.5139727864667,-8.845061471347833,0.010874821025918068,-0.08435194361854426,0.962816139377802,0.926576317698279,5579.5
2025-08-22,5659.0,5659.0,5555.5,5579.5,5481.20458984375,163567,-0.014048418448489142,-0.01795300536830058,-0.10383874076453581,5845.225,6089.55,5822.479960065003,21.624850657108723,-138.25102420482744,-127.26138307013885,-10.989641134688597,0.01103671653452196,0.31142112647825226,0.9545398166879803,0.9162417584222151,5546.5
2025-08-25,5600.0,5638.0,5525.5,5546.5,5448.7861328125,149309,-0.005914508468500723,-0.023073535887274343,-0.08503794127350706,5819.45,6072.63,5796.196154344527,21.382161842882454,-143.1407482464483,-130.43725610540073,-12.703492141047576,0.009882437273837148,-0.08716917226579934,0.9530969421508906,0.913360438557923,5478.5
2025-08-26,5540.0,5579.5,5455.0,5478.5,5381.98388671875,156243,-0.012259983773550864,-0.04330743036758933,-0.09228730014083342,5791.6,6054.66,5765.939377740286,21.42011834319527,-150.76499644718842,-134.50280417375828,-16.262192273430145,0.010037978350273324,0.04644060304469244,0.9459389460598107,0.9048402387582457,5338.0
2025-08-28,5490.0,5490.0,5320.0,5338.0,5243.95947265625,146049,-0.02564570594140736,-0.07092507179531804,-0.1235530744602249,5753.975,6033.06,5725.183246526925,21.547619047619037,-166.22826787002305,-140.84789691301125,-25.38037095701179,0.010503918774108868,-0.06524452295462835,0.9277064985510016,0.8847914656907108,5234.0
2025-08-29,5338.0,5343.0,5221.0,5234.0,5141.79150390625,201277,-0.019482952416635446,-0.07510160805796073,-0.14210785117193903,5710.625,6008.75,5678.4038897148375,14.74860335195531,-184.74532362443642,-149.62738225529628,-35.11794136914014,0.01069659227898747,0.3781470602332093,0.9165371566159571,0.871063033076763,5357.0
2025-09-01,5274.5,5384.0,5251.0,5357.0,5262.62451171875,162133,0.023500191058463793,-0.039878125280042975,-0.12086649708705999,5673.8,5991.49,5647.793995456282,27.945205479452056,-187.3356627639414,-157.1690383570253,-30.1666244069161,0.012709268823560362,-0.19447825633331184,0.9441644048080651,0.894101467247713,5425.5
2025-09-02,5395.0,5439.0,5304.5,5425.5,5329.91796875,162068,0.012787007653537463,-0.021815559361759718,-0.10388966884135764,5642.35,5973.62,5626.623138746159,36.02449888641425,-181.76586393860816,-162.08840347334188,-19.67746046526628,0.013409627213887209,-0.0004009054294931147,0.9615674320097122,0.9082432427908036,5427.5
2025-09-03,5449.0,5474.5,5394.0,5427.5,5331.88232421875,102124,0.0003686296193898819,-0.009309117459158522,-0.10006632399270432,5612.175,5955.91,5607.659030294144,38.7039239001189,-175.17111142373324,-164.70494506342015,-10.466166360313082,0.01346823850377597,-0.3698694375200533,0.9670938628962924,0.9112797204793223,5428.0
2025-09-04,5473.0,5493.0,5366.5,5428.0,5332.37353515625,149976,9.212344541675854e-05,0.016860247283626784,-0.08949089994128989,5585.5,5939.15,5590.548646456607,34.58121827411168,-167.96814450839065,-165.35758495241427,-2.61055955597638,0.013430292569371102,0.4685676236731817,0.9718019872885149,0.913935495820109,5451.0
2025-09-05,5438.0,5486.5,5360.0,5451.0,5354.96826171875,129172,0.004237288135593209,0.041459686664119255,-0.06275790921595603,5567.25,5922.84,5577.258299175025,35.602748282323546,-158.57586963729864,-164.00124188939117,5.425372252092529,0.012714103926361056,-0.13871552781778418,0.9791189546005659,0.9203355147192901,5469.5
2025-09-08,5480.0,5500.0,5448.5,5469.5,5373.142578125,67959,0.0033938726839111144,0.021000560014933667,-0.06743393009377663,5547.475,5906.74,5566.995604015499,37.23926380368098,-147.93433383074807,-160.78786027766256,12.853526446914486,0.012521161551876851,-0.473887529805221,0.9859440556289122,0.9259760883329892,5553.5
2025-09-09,5489.0,5681.5,5475.5,5553.5,5455.66259765625,401718,0.015357893774567977,0.023592295640954664,-0.03576699366264435,5537.175,5890.91,5565.710308394975,39.8235294117647,-131.21023217227412,-154.87233465658488,23.662102484310765,0.01269672329425392,4.911181741932636,1.0029482542993493,0.9427236199500587,5843.5
2025-09-10,5590.0,5860.0,5590.0,5843.5,5740.5537109375,596016,0.052219321148825104,0.07664670658682637,0.029419536686338343,5545.525,5881.58,5592.1664695002155,54.37109723461195,-93.47812708746096,-142.5934931427601,49.11536605529915,0.01715619992429345,0.48366764745418434,1.0537325140541247,0.9935255492571724,5752.5
2025-09-11,5843.5,5850.0,5746.0,5752.5,5651.15673828125,133727,-0.015572858731924377,0.059782608695652106,0.024032042723631575,5552.275,5872.46,5607.436329547814,54.15370946246113,-70.10991795163864,-128.09677810453582,57.98686015289718,0.017384156200929837,-0.7756318622318864,1.0360617944896462,0.9795724449378965,5721.5
2025-09-12,5752.5,5786.0,5661.0,5721.5,5620.703125,141104,-0.005388961321164731,0.04962392221610723,0.008904955034385376,5554.8,5863.19,5618.299536257546,56.59238625812442,-53.475453039508466,-113.17251309153035,59.69706005202188,0.017333948852337203,0.05516462644043463,1.0300100813710664,0.9758339743382016,5685.0
2025-09-15,5721.5,5749.5,5660.0,5685.0,5584.84619140625,108324,-0.0063794459494888045,0.03940031081451689,0.0006160344979317944,5554.975,5852.59,5624.651961375875,56.40906987505784,-42.74502664921329,-99.08701580306695,56.34198915385366,0.01739986142828162,-0.2323109196053974,1.0234069460258597,0.9713648145521897,5707.0
2025-09-16,5707.0,5722.0,5640.0,5707.0,5606.45849609375,114558,0.003869832893579561,0.027640226883947072,0.005195948921180138,5556.45,5842.55,5632.494631721029,61.04398260028999,-32.095888860244486,-85.68879041450246,53.59290155425798,0.017417781437729533,0.05754957350171708,1.02709463776332,0.9767995139108779,5683.0
2025-09-17,5722.0,5768.0,5664.0,5683.0,5582.88134765625,126105,-0.004205361836341348,-0.02746641567553687,-0.0075962629878634225,5554.275,5832.71,5637.304666795217,68.79084967320262,-25.30131208700277,-73.61129474900252,48.309982661999754,0.017334884753937383,0.10079610328392596,1.0231758420315884,0.9743326858355721,5733.5
2025-09-18,5710.0,5782.0,5691.0,5733.5,5632.49169921875,164737,0.008886151680450372,-0.0033029117774880934,-0.002088591071273127,5553.675,5823.95,5646.466127100434,78.88953152111047,-15.661101656834035,-62.02125613056883,46.360154473734795,0.01743944297724593,0.30634788469925844,1.0323794604473615,0.9844693034795972,5722.5
2025-09-19,5735.0,5753.0,5690.0,5722.5,5621.685546875,155191,-0.0019185488793930228,0.00017477934108178772,0.011221063792189456,5556.85,5815.36,5653.707448328964,74.28571428571429,-8.807249021724601,-51.378454708799985,42.571205687075384,0.01708484041407344,-0.05794690931606139,1.029810054257358,0.9840319429923513,5607.0
2025-09-22,5699.5,5699.5,5565.0,5607.0,5508.22021484375,188343,-0.020183486238532056,-0.013720316622691242,0.0049287570570839545,5558.225,5804.75,5649.259119916682,61.35084427767354,-12.550729162059724,-43.61290959945193,31.062180437392207,0.017415361934148145,0.2136206352172485,1.0087752834762895,0.96593307205306,5555.5
2025-09-23,5595.0,5640.0,5501.0,5555.5,5457.62744140625,136231,-0.009184947387194553,-0.02654634659190469,0.0016226449112053398,5558.675,5794.54,5640.329679924616,57.53828032979976,-19.448889053637686,-38.78010549028908,19.331216436651395,0.01749283594389427,-0.2766866833383773,0.9994288207171673,0.9587473725265508,5504.5
2025-09-24,5570.0,5581.0,5492.0,5504.5,5407.52587890625,136459,-0.009180091800918055,-0.03140946683089918,0.004745824587021996,5559.975,5781.05,5627.393519931796,54.25236242356864,-28.70016658631357,-36.76411770949398,8.06395112318041,0.01739040356149264,0.0016736278820532746,0.9900224371512462,0.952162669411266,5461.5
2025-09-25,5500.0,5549.5,5430.0,5461.5,5365.28369140625,135297,-0.0078117903533472255,-0.04744048138135515,0.023136005994754516,5566.15,5762.68,5611.594137081148,50.570962479608475,-39.05145050409374,-37.221584268413935,-1.829866235679802,0.016415678969980696,-0.00851537824548032,0.9811988537858305,0.9477361227762082,5303.0
2025-09-26,5451.0,5460.0,5295.0,5303.0,5209.57568359375,155688,-0.02902133113613481,-0.07330712101354309,0.01318303400840648,5569.6,5742.52,5582.2042192638955,42.14252005663049,-59.36027465045572,-41.649322344822295,-17.710952305633427,0.017171503578967625,0.15071287611698714,0.9521330077563918,0.9234621734012245,5301.0
2025-09-29,5303.0,5369.5,5258.5,5301.0,5207.611328125,131890,-0.0003771450122571629,-0.054574638844301804,-0.010453612096322562,5566.8,5724.61,5555.422865048286,37.084398976982094,-74.75482035315599,-48.27042194648904,-26.484398406666955,0.016318555192364366,-0.15285699604336878,0.9522526406553136,0.9260019459840932,5227.0
2025-09-30,5315.0,5322.0,5210.0,5227.0,5134.91455078125,270642,-0.013959630258441824,-0.05913059130591303,-0.036586489724449334,5556.875,5705.83,5524.14449694845,9.520682862770855,-91.86730122731478,-56.98979780265419,-34.877503424660595,0.016276840520543255,1.0520282053226175,0.9406365988077832,0.9160805702237886,5226.0
2025-10-01,5266.5,5266.5,5176.0,5226.0,5133.9326171875,172390,-0.00019131432944330395,-0.05059496775365613,-0.037125748502993994,5546.8,5686.38,5495.7497829533595,10.796723752792246,-104.30736685547708,-66.45331161321877,-37.85405524225831,0.01627350763704116,-0.36303308429585945,0.9421648518064469,0.9190381226720691,5355.5
2025-10-03,5222.5,5369.0,5190.0,5355.5,5261.15087890625,170657,0.02477994642173753,-0.019408587384418197,-0.013356669123065545,5543.175,5669.29,5482.392660767326,26.233766233766232,-102.53468474813326,-73.66958624020167,-28.86509850793159,0.017324260911818684,-0.010052787284645315,0.966143049786449,0.9446509174870222,5394.0
2025-10-06,5389.5,5435.0,5297.5,5394.0,5298.97265625,163367,0.007188871253851259,0.017160098057703133,-0.010456796917996725,5540.325,5652.46,5473.974312122818,31.152849740932638,-96.90611973812702,-78.31689293978674,-18.589226798340277,0.017379506512218767,-0.04271726328249059,0.9735890945025788,0.954274775938264,5389.5
2025-10-07,5420.0,5427.5,5313.5,5389.5,5294.5517578125,158874,-0.0008342602892101869,0.016694963214487935,-0.014626565499588629,5536.325,5635.73,5465.929139539692,28.95957587806494,-91.75090647116303,-81.003695646062,-10.747210825101035,0.017356834927601327,-0.027502494383810694,0.973479699981486,0.9563091205575853,5460.0
2025-10-08,5389.5,5553.0,5346.5,5460.0,5363.81005859375,378764,0.013080990815474536,0.04457623876028305,-0.016836229404879832,5531.65,5623.69,5465.364459583531,36.079900124843945,-81.0423957181738,-81.01143566048437,-0.03096005768942689,0.017253850396501794,1.3840527713785766,0.9870472643786212,0.9708927768066875,5573.0
2025-10-09,5460.0,5604.0,5433.0,5573.0,5474.8193359375,361874,0.020695970695970622,0.06639877535399918,-0.04629075040643449,5518.125,5614.44,5475.615463432719,40.70642733063115,-62.71473178670749,-77.352094885729,14.637363099021513,0.013105399509887006,-0.044592411105596086,1.0099445010759995,0.9926190323522917,5407.5
2025-10-10,5549.5,5622.0,5400.0,5407.5,5312.23486328125,791616,-0.029696752198097975,0.00970964429091592,-0.059973924380704036,5500.875,5600.78,5469.128276439126,34.52848722986248,-60.843032332860275,-74.05028237515526,13.207250042294987,0.014194384944405615,1.1875459414050193,0.9830254277728543,0.9654905209631516,5352.0
2025-10-13,5369.5,5390.5,5295.0,5352.0,5257.71240234375,232299,-0.010263522884882081,-0.007786429365962189,-0.0645809665297562,5482.4,5585.8,5457.973202492542,36.6910229645094,-63.110583674343616,-71.86234263499294,8.751758960649326,0.014279312434266021,-0.7065509034683484,0.9762147964395156,0.9581438648000287,5335.0
2025-10-14,5370.0,5410.0,5312.5,5335.0,5241.01220703125,174112,-0.003176382660687649,-0.01011225531125337,-0.06156552330694809,5464.9,5570.63,5446.261468921824,38.061721710882516,-65.52407166354806,-70.59468844070396,5.070616777155905,0.014260141915925001,-0.25048321344474145,0.9762301231495545,0.9577013730942461,5367.5
2025-10-15,5335.0,5382.5,5320.5,5367.5,5272.939453125,141704,0.006091846298031944,-0.016941391941391992,-0.059488347643245176,5447.925,5556.89,5438.760376643555,42.430939226519335,-64.07567539681531,-69.29088583192623,5.215210435110919,0.01432560354976458,-0.18613306377504135,0.9852374986806903,0.9659179864996428,5403.5
2025-10-16,5388.0,5430.0,5355.0,5403.5,5308.30517578125,122296,0.0067070330693992375,-0.030414498474789164,-0.049181770191800145,5433.95,5544.34,5435.402245534645,46.770601336302896,-59.33888999812916,-67.30048666516682,7.961596667037654,0.014482785003205522,-0.1369615536611528,0.9943963415195208,0.974597517468265,5369.5
2025-10-17,5403.5,5420.0,5335.5,5369.5,5274.904296875,193891,-0.006292218006847428,-0.007027276930189563,-0.06348652655446063,5415.75,5532.5,5429.125841198012,54.29864253393666,-57.66375739234354,-65.37314081060217,7.709383418258625,0.014255126506600668,0.5854238895793811,0.9914600932465494,0.9705377315860823,5397.5
2025-10-20,5369.5,5425.0,5351.5,5397.5,5302.4111328125,91698,0.005214638234472435,0.008501494768310858,-0.05679335954565312,5399.5,5524.13,5426.113856322011,56.035021888680426,-53.46057649160048,-62.99062794680183,9.530051455201352,0.01437699295451504,-0.527064175232476,0.9996295953329012,0.977076933381365,5354.5
2025-10-21,5424.5,5445.0,5270.0,5354.5,5260.16845703125,46044,-0.00796665122742013,0.0036551077788191666,-0.045032994471196686,5386.875,5513.92,5419.293489053248,58.295380611581,-52.988448133564816,-60.99019198415443,8.001743850589612,0.013850350553755766,-0.49787345416475826,0.9939900220443206,0.971087719807324,5471.0
2025-10-23,5401.5,5490.0,5364.5,5471.0,5374.6162109375,289323,0.021757400317490072,0.019282720074522697,-0.01521015210152099,5382.65,5508.15,5424.217918667225,63.85746606334842,-42.72124274611633,-57.336402136546816,14.615159390430485,0.01473041403777458,5.283620015637217,1.0164138481974492,0.9932554487441337,5544.0
2025-10-24,5499.5,5569.0,5462.0,5544.0,5446.330078125,216677,0.013343081703527604,0.02600166558711936,0.007175946952493462,5384.625,5505.5,5435.625735937013,61.389728096676734,-28.36692236853014,-51.542506182943484,23.175583814413343,0.014904907409515175,-0.25108961264745633,1.0295981614318546,1.006993006993007,5585.5
2025-10-27,5549.0,5625.0,5520.0,5585.5,5487.09912109375,212923,0.00748556998557004,0.04022720923735923,0.022704385242149572,5390.825,5504.86,5449.899475371583,61.52919927754365,-13.48684888331627,-43.93137472301804,30.444525839701768,0.014850304751801177,-0.017325327561300896,1.0361122833703562,1.0146488739041502,5545.0
2025-10-28,5600.0,5600.0,5521.5,5545.0,5447.3125,138538,-0.007250917554381897,0.02732746641963879,0.04563454648312271,5402.925,5502.34,5458.9566681933375,58.9728793998846,-4.905744598509955,-36.12624869811643,31.220504099606472,0.013225291893668749,-0.3493516435518943,1.026295941550179,1.0077530650595927,5538.5
2025-10-29,5556.5,5574.5,5492.0,5538.5,5440.9267578125,81128,-0.0011722272317402638,0.03436361938556365,0.04480286738351258,5414.8,5499.48,5466.532223603496,54.890965732087224,1.3547302069482612,-28.63005291710349,29.984783124051752,0.013235007357616943,-0.4143989374756385,1.022844795744995,1.0070952162749933,5539.5
2025-10-30,5555.0,5587.0,5502.5,5539.5,5441.9091796875,123485,0.0001805543017061595,0.012520562968378668,0.05978572795102344,5430.425,5496.72,5473.481535641258,47.57422157856626,6.323994168980789,-21.63924349988664,27.96323766886743,0.012688392074234953,0.5221008776254807,1.0200859048785316,1.007782823210933,5454.5
2025-10-31,5539.5,5539.5,5412.5,5454.5,5358.40673828125,87662,-0.015344345157505157,-0.016143578643578627,0.04372368924607728,5441.85,5491.28,5471.673770342091,53.852459016393446,3.364597054686783,-16.638475388971955,20.003072443658738,0.013324449200709246,-0.29010001214722436,1.0023245771199132,0.9933021080695211,5434.0
2025-11-03,5453.0,5455.0,5394.5,5434.0,5338.26806640625,67952,-0.0037583646530388037,-0.027123802703428512,0.014657828400709505,5445.775,5485.05,5468.085792214273,57.130434782608695,-0.6276895397559201,-13.436318219128749,12.808628679372829,0.012268300962283905,-0.22484086605370623,0.9978377733196837,0.9906928833830138,5381.0
2025-11-04,5440.0,5464.0,5360.0,5381.0,5286.20166015625,89899,-0.009753404490246642,-0.029576194770063124,-0.002410085279940688,5445.125,5479.49,5459.791907241485,53.764320785597384,-7.976316477967885,-12.344317870896576,4.368001392928692,0.012388239728141693,0.32297798445961856,0.9882234108491541,0.9820256994720312,5242.5
2025-11-06,5379.5,5379.5,5221.0,5242.5,5150.1416015625,222332,-0.025738710276900223,-0.053444073305046524,-0.02727525744503201,5437.775,5472.75,5439.097439885154,41.28312412831241,-24.691322580806627,-14.813718812878587,-9.87760376792804,0.013658049518529908,1.4731309580751732,0.9640891725016206,0.957927915581746,5180.0
2025-11-07,5213.0,5213.0,5126.5,5180.0,5088.74267578125,172150,-0.011921793037672823,-0.06489755393086016,-0.05128205128205132,5423.775,5465.42,5414.421493229424,34.969737726967054,-42.49149747527281,-20.34927454535743,-22.142222929915377,0.01341526165371394,-0.22570750049475563,0.9550543671151551,0.9477771150250118,5207.0
2025-11-10,5180.0,5249.0,5151.0,5207.0,5115.26708984375,110874,0.005212355212355302,-0.04537537812815107,-0.0656737843172438,5405.475,5459.99,5394.667065302812,38.96809232858113,-53.799423703413595,-27.039304376968666,-26.76011932644493,0.012412908315934414,-0.3559453964565785,0.9632825977365541,0.9536647503017405,5283.5
2025-11-11,5206.5,5306.5,5174.0,5283.5,5190.41943359375,102792,0.01469176109083925,-0.027695988222304013,-0.022931114193250113,5399.275,5458.9,5384.079725750164,42.738853503184714,-55.94324711630452,-32.82009292483584,-23.12315419146868,0.011372740222132917,-0.07289355484604143,0.9785573063050133,0.9678689845939659,5388.0
2025-11-12,5283.5,5480.0,5269.0,5388.0,5293.07861328125,208841,0.019778555881518,0.0013008734435977498,0.006726457399103047,5401.075,5461.98,5384.453085202529,51.978735971647964,-48.649168626503524,-35.98590806516938,-12.663260561334141,0.012061521028371113,1.0316853451630479,0.997579185625084,0.9864554612063758,5307.5
2025-11-13,5408.5,5422.5,5300.0,5307.5,5213.99658203125,72589,-0.014940608760207863,0.012398664759179834,-0.005154639175257714,5399.7,5460.99,5377.124219945145,39.913633559531156,-48.80168070855052,-38.54906259384561,-10.252618114704909,0.012523352255819529,-0.6524197834716363,0.9829249773135544,0.9718933746445242,5266.5
2025-11-14,5300.0,5306.5,5234.5,5266.5,5173.71875,125968,-0.00772491756947713,0.016698841698841616,-0.018816953889147614,5394.65,5457.81,5366.588579950369,32.17726396917148,-51.63568099267923,-41.16638627361234,-10.469294719066887,0.012540023584325467,0.7353593519679291,0.9762449834558313,0.964947478933858,5303.0
2025-11-17,5266.5,5312.0,5200.0,5303.0,5209.57568359375,135921,0.006930599069590704,0.01843671980026884,-0.018599056167298955,5389.625,5455.32,5360.532524717001,31.73884938590821,-50.35592986494248,-43.00429499187837,-7.351634873064114,0.012547235256071754,0.07901213006477836,0.9839274532087112,0.9720786315009936,5277.0
2025-11-18,5302.0,5349.0,5260.0,5277.0,5184.03369140625,134520,-0.004902885159343784,-0.001230245102678107,-0.01722692988173946,5385.0,5452.3,5352.577046172525,32.34519104084322,-50.853493170960974,-44.57413462769489,-6.279358543266085,0.012519412778640736,-0.010307458008696258,0.9799442896935933,0.9678484309374026,5347.5
2025-11-19,5270.0,5385.0,5251.5,5347.5,5253.2919921875,137005,0.013359863558840335,-0.007516703786191514,-0.009263547938860639,5382.5,5450.23,5352.093517965618,38.39611178614824,-45.03986336033813,-44.66728037422354,-0.37258298611459395,0.012853198183816781,0.018473089503419526,0.9934974454249884,0.9811512541672555,5366.5
2025-11-20,5399.0,5399.0,5336.0,5366.5,5271.95703125,161695,0.0035530621785881955,0.011116344795101263,0.00224110561210189,5383.1,5448.17,5353.465563873655,39.714625445897745,-38.4560808778233,-43.42504047494349,4.968959597120197,0.012753372086166042,0.18021240100726255,0.9969162750088238,0.9850096454405791,5320.5
2025-11-21,5324.0,5366.5,5300.0,5320.5,5226.767578125,162673,-0.008571694773129579,0.010253489034463215,-0.027508682142204366,5375.575,5443.51,5350.325986361878,41.64588528678305,-36.52911647268775,-42.045855674492344,5.516739201804597,0.011823029962919058,0.006048424502922201,0.9897545843932974,0.9774024480528188,5231.0
2025-11-24,5326.0,5405.0,5129.0,5231.0,5138.84423828125,5075701,-0.016821727281270515,-0.013577220441259641,-0.05645743145743143,5359.925,5431.26,5338.961606708365,38.3467278989667,-41.74270143763624,-41.98522482712113,0.24252338948488728,0.011777013143841508,30.201865091318165,0.9759464917885977,0.9631282612137883,5164.0
2025-11-25,5165.0,5213.0,5150.0,5164.0,5073.0244140625,188860,-0.01280825845918565,-0.02141368201629712,-0.07546325306597435,5338.85,5419.49,5322.298596545664,37.740112994350284,-50.696448046212026,-43.72746947093931,-6.968978575272715,0.011715045785083896,-0.9627913464563811,0.9672495012970957,0.9528571876689504,5229.5
2025-11-26,5174.5,5244.0,5125.0,5229.5,5137.37060546875,169001,0.012683965917893003,-0.022066386161757823,-0.056898106402164084,5323.075,5409.65,5313.460634969886,49.199507389162555,-51.90868316066644,-45.36371220888474,-6.5449709517817,0.012246472430889636,-0.1051519644180875,0.9824208751520503,0.9666984000813362,5197.0
2025-11-27,5231.5,5261.5,5165.0,5197.0,5105.443359375,106818,-0.006214743283296631,-0.03158483182707539,-0.061659294032680334,5306.0,5399.89,5302.369145925135,51.086956521739125,-54.859480664461444,-47.26286590000009,-7.596614764461357,0.012261936141104917,-0.36794456837533507,0.979457218243498,0.9624270124021044,5158.5
2025-11-28,5205.5,5206.0,5150.0,5158.5,5067.62158203125,136784,-0.007408120069270718,-0.030448266140400304,-0.0687787706471703,5286.95,5388.92,5288.667322503694,46.943919344675486,-59.61740485502014,-49.7337736910041,-9.883631164016037,0.012272307100910948,0.28053324346083985,0.9757043285826422,0.9572418963354439,5123.0
2025-12-01,5183.5,5194.0,5106.0,5123.0,5032.7470703125,110148,-0.006881845497722194,-0.02064614796406039,-0.06077550646255381,5270.375,5377.72,5272.889482265246,39.33554817275748,-65.49763144471672,-52.88654524174663,-12.611086202970085,0.011984406990823652,-0.19473037782196745,0.9720370941346679,0.9526342018550612,5127.0
2025-12-02,5123.0,5166.5,5097.0,5127.0,5036.67626953125,227935,0.0007807925043918917,-0.007164988381099913,-0.05649613544350385,5255.025,5365.59,5258.995245859033,29.98466257668713,-69.03914650565002,-56.11706549452732,-12.922081011122707,0.012013467745588677,1.069352144387551,0.9756376040075928,0.9555333150687995,5174.5
2025-12-03,5130.0,5229.0,5130.0,5174.5,5083.33984375,289306,0.009264677199141813,-0.010517257864040563,-0.038375766586136395,5244.7,5354.63,5250.948079586745,39.25686591276253,-67.23789310318352,-58.34123101625856,-8.896662086924962,0.012188419787451775,0.26924781187619273,0.986615059011955,0.9663599539090469,5216.5
2025-12-04,5171.5,5258.0,5170.5,5216.5,5124.599609375,273807,0.008116726253744266,0.0037521647104099554,-0.004959465903671911,5243.4,5346.82,5247.667310102293,45.96774193548387,-61.70998353597133,-59.01498152020112,-2.695002015770214,0.010993420624446332,-0.05357303339716424,0.9948697410077432,0.975626634148896,5217.5
2025-12-05,5220.0,5269.0,5196.0,5217.5,5125.58203125,262396,0.0001916994153168261,0.011437433362411653,0.007239382239382142,5245.275,5340.06,5244.794232949694,42.68605645851155,-56.59598050142267,-58.53118131644543,1.9352008150227604,0.010641166072248076,-0.04167534065966172,0.9947047580918065,0.9770489470155765,5034.5
2025-12-08,5217.5,5229.5,5008.0,5034.5,4945.80615234375,242850,-0.0350742692860565,-0.01727503415967202,-0.03312848089110809,5236.65,5330.66,5224.766210764009,33.648010788941335,-66.54260512675864,-60.13346607850808,-6.409139048250566,0.013192369456633265,-0.07449046479367061,0.9613970763751636,0.9444421516285039,4979.5
2025-12-09,5034.0,5035.0,4948.0,4979.5,4891.77490234375,146223,-0.01092462012116402,-0.02876926077628239,-0.057537617109870376,5221.45,5321.02,5201.40752402458,24.655647382920122,-77.96468874915445,-63.699710612637354,-14.264978136517094,0.012763965482612553,-0.3978875849289685,0.9536622968715587,0.9358168170764252,4863.0
2025-12-10,5002.5,5003.0,4855.0,4863.0,4777.32763671875,183782,-0.023395923285470466,-0.060199053048603735,-0.09743875278396441,5195.2,5312.22,5169.178236022239,19.42926533090467,-95.31857547611253,-70.0234835853324,-25.295091890780128,0.012375037045239559,0.256861095723655,0.9360563597166616,0.9154364841817545,5016.5
2025-12-11,4895.0,5026.5,4864.0,5016.5,4928.123046875,139396,0.031564877647542566,-0.03833988306335667,-0.05482807348092322,5180.65,5306.53,5154.637451639168,33.673469387755105,-95.58365965847315,-75.13551879996055,-20.448140858512602,0.014588011565363612,-0.2415144029339108,0.9683147867545578,0.9453446979476231,5030.5
2025-12-12,5026.5,5040.0,4988.5,5030.5,4941.87646484375,82176,0.002790790391707265,-0.03584091998083372,-0.04481154466913506,5168.85,5302.6,5142.814837197342,38.28170660432495,-93.58526510438514,-78.82546806084547,-14.759797043539677,0.014587411382967614,-0.4104852363052024,0.9732338914845662,0.9486855504846678,5048.5
2025-12-15,5045.5,5126.0,5016.0,5048.5,4959.5595703125,114281,0.003578173143822694,0.002780812394478138,-0.04799170280973031,5156.125,5299.05,5133.832471749976,42.83942963422195,-89.51717518190253,-80.96380948505688,-8.553365696845646,0.014496087410833991,0.39068584501557635,0.9791267667094959,0.9527179400081146,4998.0
2025-12-16,5044.0,5044.0,4980.0,4998.0,4909.94921875,66003,-0.010002971179558284,0.003715232453057604,-0.05287094940306991,5142.175,5291.9,5120.896045869026,35.375868603916615,-89.33827652261334,-82.63870289256818,-6.699573630045165,0.014587817069978252,-0.42244992605945,0.9719622533266565,0.9444622914265198,4968.5
2025-12-17,5000.0,5052.5,4950.5,4968.5,4880.96875,72380,-0.005902360944377794,0.021694427308246,-0.0708742402992052,5123.225,5283.39,5106.382136738643,35.51046290424857,-90.53329009128902,-84.21762033231235,-6.315669758976668,0.014105798576750157,0.09661682044755548,0.9697992963416597,0.9404000083279863,5013.5
2025-12-18,4980.0,5049.5,4934.5,5013.5,4925.17626953125,105540,0.009057059474690599,-0.0005980265125087314,-0.06577844032423363,5105.575,5275.87,5097.53621895401,40.880503144654085,-86.84809228792892,-84.74371472343567,-2.104377564493248,0.014304457235165602,0.45813760707377726,0.9819657922956768,0.9502698133198885,5413.5
2025-12-19,5116.0,5450.0,5062.0,5413.5,5318.12890625,1773370,0.07978458162960012,0.07613557300467155,0.017479560191711263,5110.225,5274.94,5127.628007625057,62.52695127210004,-51.062275293410494,-78.00742683743064,26.94515154402015,0.023364898777280502,15.802823574000378,1.0593467019553933,1.0262675973565576,5458.5
2025-12-22,5410.5,5506.5,5397.5,5458.5,5362.33642578125,455234,0.00831255195344971,0.08121224125978022,0.04349072835021994,5121.6,5272.65,5159.13962594648,63.80674718867139,-18.853304425416354,-66.17660235502778,47.32329792961143,0.023022581657023533,-0.7432944055668023,1.0657802249297095,1.0352479303576,5429.0
2025-12-23,5440.0,5483.5,5402.5,5429.0,5333.35595703125,159234,-0.005404415132362339,0.08623449379751902,0.05131680867544541,5134.85,5273.08,5184.840613951577,60.76109936575052,4.2432203791431675,-52.0926378081936,56.33585818733677,0.022824252694126957,-0.6502150542358436,1.0572850229315365,1.0295690564148468,5387.5
2025-12-24,5429.5,5435.0,5363.0,5387.5,5292.58740234375,96729,-0.007644133357892824,0.08433128710878535,0.030213213500334568,5142.75,5273.79,5204.141507860952,57.23350253807107,18.979891147625494,-37.878132017029785,56.85802316465528,0.022811016470868587,-0.3925355137721843,1.047591269262554,1.0215613439291287,5348.0
2025-12-26,5370.0,5425.0,5335.0,5348.0,5253.783203125,84561,-0.007331786542923435,0.06671985638775313,0.02905522416778905,5150.3,5274.05,5217.842316636099,55.34616960262187,27.158423616975597,-24.87082089022871,52.02924450720431,0.02283284837678473,-0.12579474614645036,1.0383861134302856,1.0140214825418796,5315.5
2025-12-29,5349.0,5369.5,5279.5,5315.5,5221.85546875,96723,-0.006077038145100966,-0.01810289092084605,0.030435204032179808,5158.15,5273.01,5227.143048385042,63.13084112149533,30.66401545345161,-13.763853621492647,44.427869074944255,0.022806908656543542,0.14382516763046804,1.0305051229607516,1.008058016199476,5193.0
2025-12-30,5318.0,5342.0,5175.5,5193.0,5101.513671875,141898,-0.023045809425265684,-0.048639736191261385,0.013663868826859327,5161.65,5268.8,5223.891329491228,59.38461538461538,23.289034522446855,-6.353275992704747,29.6423105151516,0.023407024538693866,0.46705540564291836,1.0060736392432652,0.9856134224111752,5240.5
2025-12-31,5193.0,5264.0,5180.0,5240.5,5148.1767578125,82797,0.00914692855767374,-0.03472094308344076,0.022137702360054634,5167.325,5266.22,5225.47310763492,67.66495086569958,21.034687245763052,-0.8756833450111872,21.91037059077424,0.023478826858802995,-0.4165034038534722,1.01416109882773,0.9951160414870628,5211.5
2026-01-01,5250.0,5253.0,5185.0,5211.5,5119.68798828125,45872,-0.00553382310848205,-0.0326682134570766,0.007150449318774843,5169.175,5262.5,5224.142335479213,60.32838983050848,16.715358897981787,2.6425251035874076,14.072833794394379,0.023449445105539056,-0.4459702646231144,1.0081879603611794,0.9903087885985749,5337.5
2026-01-02,5211.5,5377.5,5197.5,5337.5,5243.46826171875,126422,0.02417730020147757,-0.0019633507853402676,0.02319562925333085,5175.225,5262.16,5234.938303528812,64.53598484848484,23.192063367407172,6.752432756351361,16.43963061105581,0.02398882702521672,1.7559731426578304,1.0313561246129395,1.0143173145628412,5363.5
2026-01-05,5368.5,5398.0,5292.5,5363.5,5269.01025390625,150166,0.004871194379391097,0.00903019471357358,0.02798275035936748,5182.525,5260.01,5247.1822746213065,64.80263157894737,30.07618153157364,11.417182511395817,18.658999020177824,0.02399910314206087,0.18781541187451545,1.0349202367571793,1.0196748675382745,5345.0
2026-01-06,5350.0,5392.5,5309.5,5345.0,5250.8359375,92573,-0.0034492402349212137,0.02927017138455623,0.06167444632038932,5198.05,5256.03,5256.498248466896,66.81201550387597,33.65118942051777,15.863983893220208,17.78720552729756,0.022443701565000456,-0.3835288946898765,1.0282702167158837,1.0169272245401948,5853.0
2026-01-07,5340.0,5923.0,5336.0,5853.0,5749.88623046875,2893997,0.09504209541627695,0.11687816048087019,0.175419218797068,5241.725,5261.38,5313.307939089097,79.2783846408474,76.59284871333239,28.009756857242643,48.583091856089744,0.03012136779302792,30.26178259319672,1.1166171441653272,1.112445784185898,5716.5
2026-01-08,5853.0,5950.0,5645.5,5716.5,5615.791015625,1039700,-0.023321373654536126,0.09690108414084242,0.17550894509561998,5284.4,5264.81,5351.707182985374,71.94132334581772,98.47485700584093,42.1027768869623,56.37208011887863,0.03011721379327542,-0.640739088533955,1.0817689803951254,1.0857941692102848,5691.0
2026-01-09,5662.0,5836.5,5646.0,5691.0,5590.740234375,533373,-0.004460771451062717,0.06622950819672124,0.13445629422904415,5318.125,5267.86,5384.020784605815,61.30346232179226,112.46247196999047,56.17471590356794,56.28775606642253,0.02974204214479139,-0.4869933634702318,1.0701139969444118,1.0803248377899186,5693.5
2026-01-12,5650.0,5762.5,5582.5,5693.5,5593.1962890625,301050,0.00043929010718679606,0.061526987974270586,0.13179604413080215,5351.275,5270.94,5413.494995595737,59.91561181434599,122.33923615022195,69.40761995289876,52.931616197323194,0.029763071839023162,-0.4355732292410752,1.0639520488107974,1.0801678637965904,5793.0
2026-01-13,5744.0,5824.0,5681.0,5793.0,5690.943359375,384976,0.01747606920172129,0.08381665107577185,0.1474695454095276,5388.5,5277.71,5449.638329348524,64.5019920318725,136.62058431250898,82.8502128248208,53.77037148768818,0.029850629104086465,0.2787776116924099,1.0750672728959823,1.0976351485776976,5505.0
2026-01-14,5700.0,5766.0,5467.0,5505.0,5408.01708984375,922269,-0.04971517348524079,-0.059456688877498665,0.10144057623049219,5413.85,5279.13,5454.910869410569,53.91275391275392,123.27838604293265,90.93584746844317,32.34253857448948,0.03228422696095338,1.3956532355263707,1.0168364472602676,1.0427854589676708,5505.0
2026-01-15,5505.0,5505.0,5505.0,5505.0,5408.01708984375,0,0.0,-0.03699816321175542,0.10798027573714397,5440.675,5281.61,5459.681262800039,55.36935704514364,111.42021490816114,95.03272095638677,16.387493951774374,0.03220310669849412,-1.0,1.0118229815234323,1.0422958151018344,5605.5
2026-01-19,5604.5,5614.5,5486.5,5563.0,5464.99560546875,260863,-0.0075818392650075506,-0.02292087468165449,0.027616144823127353,5477.75,5296.53,5482.086022382799,62.758620689655174,102.25332787781736,98.69192266221259,3.561405215604765,0.027356726005943653,-0.5621333458663654,1.0155629592442152,1.050310297496663,5387.0
2026-01-20,5565.0,5566.0,5361.0,5387.0,5292.09619140625,268719,-0.03163760560848461,-0.070084584843777,-0.01309883667674272,5474.175,5300.13,5473.030210727295,54.64048146974976,81.85869622321752,95.32527737441359,-13.466581151196067,0.028291631547085222,0.03011542457151828,0.9840752259472888,1.016390164014845,5347.5
2026-01-21,5367.0,5449.5,5280.5,5347.5,5253.2919921875,396287,-0.007332467050306324,-0.028610354223433276,-0.01501197273899424,5470.1,5301.41,5461.074952562791,54.27942101950912,61.79613642291042,88.61944918411297,-26.823312761202544,0.02831325362311351,0.47472638704371484,0.977587247033875,1.0086939135060295,5464.0
2026-01-22,5375.0,5547.5,5373.0,5464.0,5367.7392578125,377733,0.021785881252921913,-0.007447774750227065,0.014199535962877041,5473.925,5302.93,5461.353528509191,54.00443178220956,54.66682448337815,81.828924243966,-27.16209976058785,0.02867859815931675,-0.04681960296451815,0.998186858606941,1.030373774498249,5409.5
2026-01-23,5474.0,5507.5,5374.5,5409.5,5314.19970703125,194177,-0.00997437774524157,-0.03496565872803492,0.011499626028421917,5477.0,5304.97,5456.415097222602,51.43034825870646,44.11061912353489,74.28526321987978,-30.174644096344892,0.028725468559498046,-0.4859411277277865,0.9876757348913638,1.01970416420828,5415.0
2026-01-27,5404.0,5445.0,5340.0,5415.0,5319.6025390625,188198,0.0010167298271559488,-0.02660435017077112,0.018718841125011654,5481.975,5307.94,5452.47080224902,52.19435736677116,35.77614917922892,66.5834404117496,-30.807291232520683,0.028677848661682638,-0.030791494358240135,0.9877826878086821,1.0201697833811234,5391.0
2026-01-28,5438.0,5453.5,5350.5,5391.0,5296.025390625,121318,-0.004432132963988922,0.0007425283088917656,0.03812824956672434,5491.875,5309.7,5446.616440130067,29.207920792079207,26.9240584914769,58.651564027695066,-31.727505536218167,0.028142943699996942,-0.3553704077620379,0.9816319562990782,1.015311599525397,5332.0
2026-01-29,5395.0,5405.5,5263.0,5332.0,5238.06494140625,209744,-0.010944166202930816,-0.0028985507246376274,0.017460166014693357,5496.45,5310.8,5435.700588689108,31.39816158684083,14.975280220544846,49.91630726626503,-34.94102704572018,0.028241775399451607,0.7288778252196706,0.9700806884443596,1.0039918656322964,5323.5
2026-01-30,5324.0,5333.0,5241.5,5323.5,5229.71484375,166386,-0.0015941485371342434,-0.02571376281112736,0.02149093351242448,5502.05,5310.32,5425.014818337765,31.923266109198224,4.764980661032496,40.88604194521853,-36.121061284186034,0.02820580188682565,-0.2067186665649554,0.9675484592106578,1.0024819596559154,5440.0
2026-02-02,5448.0,5450.5,5344.0,5440.0,5344.162109375,192320,0.02188409880717579,0.0056382290415011305,0.019203747072599642,5507.175,5311.79,5426.441978496074,38.78814683768244,6.004603733653312,33.90975430290548,-27.90515056925217,0.028112977337431056,0.15586647915089014,0.987802276121605,1.0241368728808933,5508.0
2026-02-03,5600.0,5636.5,5450.0,5508.0,5410.96435546875,201609,0.012499999999999956,0.01717451523545699,0.02694136291600624,5514.4,5315.54,5434.209409115495,37.0336669699727,12.331891283613004,29.59418169904699,-17.262290415433988,0.028215315610649713,0.048299708818635656,0.9988394022921805,1.0362070457564048,5510.0
2026-02-04,5408.0,5531.5,5310.0,5510.0,5412.92919921875,360048,0.0003631082062454105,0.022073826748284286,0.030869971936389184,5522.65,5321.12,5441.4275606283045,50.307503075030745,17.308177640037684,27.136980887245134,-9.82880324720745,0.028191580455690906,0.7858726544945911,0.9977094329714902,1.035496286496076,5406.0
2026-02-05,5497.0,5565.0,5374.5,5406.0,5310.76123046875,207397,-0.01887477313974595,0.013878469617404354,-0.07637109174782164,5500.3,5325.96,5438.053507235133,44.601962922573605,12.713437006010281,24.252272110998163,-11.538835104987882,0.018071786759877802,-0.42397402568546416,0.9828554806101485,1.015028276592389,5198.5
2026-02-06,5390.0,5390.0,5120.0,5198.5,5106.9169921875,426399,-0.038383277839437624,-0.023480792711561893,-0.09061488673139162,5474.4,5325.34,5415.238887498454,30.126953125,-7.584020037812479,17.885013681236035,-25.469033719048515,0.019206021385148108,1.0559554863377967,0.949601782843782,0.9761818024764616,5233.0
2026-02-09,5229.0,5284.0,5200.5,5233.0,5140.80908203125,165677,0.006636529768202282,-0.038051470588235325,-0.0804779476366192,5451.5,5326.06,5397.882802974791,33.75984251968504,-20.64802176687226,10.178406591614376,-30.826428358486638,0.01936866606638187,-0.6114507773235867,0.9599192882692836,0.9825274217714407,5381.0
2026-02-10,5260.0,5394.5,5228.0,5381.0,5286.20166015625,213253,0.028282056181922366,-0.023057371096586787,-0.05488715201545624,5435.875,5330.51,5396.274916977192,49.69635627530364,-18.841777859246577,4.374369701442186,-23.21614756068876,0.020662366420823003,0.28716116298580974,0.9899050290891531,1.0094718891813352,5250.5
