Date,Adj Close,Close,Dividends,High,Low,Open,Stock Splits,Volume,Daily_Return,Return_5D,Return_20D,SMA_20,SMA_50,EMA_20,RSI_14,MACD,MACD_Signal,MACD_Histogram,Volatility_20,Volume_Change,Price_vs_SMA20,Price_vs_SMA50,Target_Next_Day_Close,Target_Next_Day_Return
2016-03-14,913.9918212890624,1177.5,0.0,1199.0,1170.0,1181.0,0.0,1636742,-0.004333579959835,-0.0010816520435663,0.057666350809427,1148.5762512207032,1158.6795043945312,1158.9135861556197,54.92196959918375,6.161600671978931,-0.3382701088982611,6.499870780877192,0.0161375791270404,0.0693969662756904,1.0251822626042952,1.0162430555939654,1164.949951171875,-0.0106582155652866
2016-03-15,904.2505493164062,1164.949951171875,0.0,1181.75,1160.050048828125,1174.5250244140625,0.0,1623356,-0.0106582155652866,-0.0103640767864403,0.0267721404995116,1150.0950012207031,1157.8145043945312,1159.4884780619295,58.8957774997726,5.755496651982412,0.8804832432778735,4.875013408704539,0.0159382589643175,-0.0081784422957313,1.01291628077281,1.0061628583423865,1163.5250244140625,-0.0012231656444803
2016-03-16,903.1444091796876,1163.5250244140625,0.0,1166.0,1153.449951171875,1157.5,0.0,1918246,-0.0012231656444803,-0.0128115181554248,0.0271457256182936,1151.632501220703,1157.38900390625,1159.872911047847,68.12932602791531,5.258064910313578,1.7559995766850147,3.502065333628564,0.0159348336434996,0.1816545477393744,1.0103266651303724,1.0053016060175992,1176.0250244140625,0.010743215433888
2016-03-17,912.8472900390624,1176.0250244140625,0.0,1180.9000244140625,1166.0,1167.0,0.0,2221088,0.010743215433888,0.0015968998518189,0.0336182454169251,1153.5450012207032,1157.4200048828125,1161.4112075589153,70.27383183219489,5.805569216296135,2.5659135046072388,3.239655711688896,0.0160589646318972,0.1578744332061685,1.0194877730557286,1.016074561915952,1212.925048828125,0.0313769041032501
2016-03-18,941.4892578125,1212.925048828125,0.0,1215.0,1180.0,1180.0,0.0,3204070,0.0313769041032501,0.0256210115870414,0.047498756552216,1156.2950012207032,1157.8625048828126,1166.3172876797923,75.9614648807933,9.111956939583251,3.8751221916024416,5.23683474798081,0.0170338696988111,0.4425677865982798,1.0489754323486975,1.0475553390088277,1223.125,0.0084093829060003
2016-03-21,949.406494140625,1223.125,0.0,1227.4749755859375,1210.0,1213.0,0.0,2336982,0.0084093829060003,0.0387473460721867,0.0545772435436635,1159.460003662109,1158.6125048828126,1171.7275459960026,83.5596352815755,12.412263004990791,5.582550354280112,6.829712650710679,0.0170839194401528,-0.270620804164703,1.0549091785286318,1.0556808206758588,1236.550048828125,0.0109760235692386
2016-03-22,959.8274536132812,1236.550048828125,0.0,1242.5,1218.25,1221.0,0.0,1951984,0.0109760235692386,0.0614619517209509,0.0678786657201415,1163.3900085449218,1159.3675048828125,1177.9011176943,79.90567370087636,15.927466660702066,7.651533615564503,8.275933045137563,0.0171446131892144,-0.1647415341667159,1.0628852231374293,1.066572975023234,1236.9000244140625,0.0002830258154686
2016-03-23,960.0990600585938,1236.9000244140625,0.0,1243.949951171875,1228.6500244140625,1243.949951171875,0.0,2278434,0.0002830258154686,0.0630626745969222,0.0926678660901612,1168.635009765625,1160.4820043945313,1183.5200611914202,76.99951929008078,18.5279522877222,9.826817349996045,8.701134937726158,0.0160613579491864,0.1672401003286912,1.0584143159138526,1.0658502413050357,1236.699951171875,-0.0001617537701014
2016-03-28,959.9437255859376,1236.699951171875,0.0,1258.574951171875,1230.7750244140625,1245.5,0.0,3320882,-0.0001617537701014,0.0515932276084369,0.1187046097686508,1175.196258544922,1161.9455029296876,1188.5848126181302,71.5082780555055,20.338264787717435,11.92910683754032,8.409157950177114,0.0147129643456037,0.4575282847780537,1.0523348267829786,1.0643355889357151,1234.699951171875,-0.0016172071472185
2016-03-29,958.391357421875,1234.699951171875,0.0,1243.4749755859375,1227.5,1239.0,0.0,1838796,-0.0016172071472185,0.0179523890324369,0.1159363686492933,1181.6100036621094,1163.8475024414065,1192.9767305756295,75.25398017108039,21.36528153514724,13.816341777061703,7.548939758085527,0.0147663999161435,-0.4462928824330404,1.0449301777618896,1.0608777770127455,1244.75,0.0081396689281361
2016-03-30,966.1922607421876,1244.75,0.0,1252.5,1230.0,1235.449951171875,0.0,2136504,0.0081396689281361,0.0176801226366887,0.1262157882831938,1188.585003662109,1165.954501953125,1197.9075181398557,78.36758780301145,22.72815859095953,15.598705139841272,7.129453451118264,0.0146910086428608,0.1619037674652327,1.047253663949017,1.06758025112891,1260.1500244140625,0.0123719818550411
2016-03-31,978.146240234375,1260.1500244140625,0.0,1275.0,1236.074951171875,1239.1500244140625,0.0,4363964,0.0123719818550411,0.0190853379596751,0.1578004374746877,1197.1725036621094,1168.5465014648437,1203.8353758802564,80.63121530870494,24.765421381781152,17.432048388229248,7.333372993551904,0.013857129250312,1.0425723518420746,1.052605218178088,1.0783909949962525,1226.949951171875,-0.0263461275236849
2016-04-01,952.3760375976562,1226.949951171875,0.0,1260.425048828125,1217.050048828125,1252.5,0.0,3041400,-0.0263461275236849,-0.0080443633646954,0.0778556245374073,1201.6037536621093,1170.3090014648435,1206.0367640032675,66.31640018197359,23.43090152755758,18.63181901609492,4.7990825114626645,0.012675356115277,-0.3030648282158148,1.0210936404222428,1.0483982859536545,1235.625,0.0070704178437264
2016-04-04,959.1094360351562,1235.625,0.0,1244.0,1223.5,1228.0,0.0,1752352,0.0070704178437264,-0.0008692093590335,0.0657221881215117,1205.413751220703,1172.2285009765626,1208.8546912410516,66.358000039183,22.81034540552264,19.46752429398046,3.342821111542179,0.0122266462474469,-0.4238337607680673,1.025062970078699,1.05408203176311,1231.375,-0.003439554881133
2016-04-05,955.8102416992188,1231.375,0.0,1242.449951171875,1221.0250244140625,1235.4000244140625,0.0,1491794,-0.003439554881133,-0.0026929224130277,0.0377557682166473,1207.6537536621097,1174.055,1210.9994825514275,66.71836101392641,21.7251764164007,19.91905471846451,1.806121697936192,0.0113387397990209,-0.1486904457551907,1.0196424233899477,1.0488222442730537,1240.949951171875,0.0077758206654146
2016-04-06,963.24267578125,1240.949951171875,0.0,1244.5,1229.675048828125,1235.0,0.0,1763150,0.0077758206654146,-0.0030528610790319,0.052745371652846,1210.7625,1176.3289990234375,1213.8519081343277,74.02779943283477,21.391206203119964,20.2134850153956,1.1777211877243658,0.0112267403366791,0.1818991093944606,1.024932595097614,1.0549344207293063,1235.4000244140625,-0.0044723211863391
2016-04-07,958.9346923828124,1235.4000244140625,0.0,1242.3499755859375,1228.5,1240.0,0.0,2390942,-0.0044723211863391,-0.0196405186053209,0.0494839220081522,1213.675,1178.0794995117187,1215.9041096847784,72.14602838362578,20.443044998893583,20.2593970120952,0.1836479867983875,0.0113059591366855,0.3560627286390834,1.0179001993235937,1.048655905587103,1216.0250244140625,-0.0156831792270599
2016-04-08,943.8954467773438,1216.0250244140625,0.0,1236.8499755859375,1213.5,1233.0,0.0,1399500,-0.0156831792270599,-0.0089041339847464,0.0317319116886731,1215.5450012207032,1179.3535009765626,1215.9156253732815,61.8238147679331,17.921630437190288,19.791843697114214,-1.8702132599239256,0.0120146191285101,-0.414665851367369,1.0003949036793185,1.0310945983601474,1253.324951171875,0.0306736506313143
2016-04-11,972.8485107421876,1253.324951171875,0.0,1258.5,1206.5,1216.5,0.0,2400648,0.0306736506313143,0.0143246949291855,0.0674316953639064,1219.5037475585937,1181.2225,1219.478418306481,61.913857478361415,18.717420816112053,19.576959120913784,-0.8595383048017311,0.0135670488712703,0.7153612004287245,1.0277335790734472,1.0610405331526236,1259.074951171875,0.0045877966401479
2016-04-12,977.3115844726562,1259.074951171875,0.0,1262.5,1244.050048828125,1249.0,0.0,1303628,0.0045877966401479,0.0224951385011673,0.0646442880641582,1223.3262451171877,1183.0919995117188,1223.2495166746137,60.88731977818855,19.586288824485337,19.57882506162809,0.0074637628572418,0.0135403561537295,-0.4569682852296546,1.0292225448422905,1.064224043177974,1263.0999755859375,0.0031968108096473
2016-04-13,980.4359741210938,1263.0999755859375,0.0,1272.5,1256.25,1265.0,0.0,1601468,0.0031968108096473,0.0178492487897239,0.072696369924363,1227.6062438964843,1184.4409985351565,1227.044798475692,58.52598402972963,20.364904866076586,19.7360410225178,0.6288638435587899,0.0134233446888725,0.2284700850242554,1.0289129611925028,1.066410211355451,1259.875,-0.0025532227442578
2016-04-18,977.9326171875,1259.875,0.0,1276.75,1220.0,1226.5,0.0,7121504,-0.0025532227442578,0.0198113769647574,0.0814842292002635,1232.352496337891,1185.6114990234375,1230.17148433515,57.24419516768831,20.48558998165231,19.8859508143447,0.5996391673076111,0.0130883954043669,3.446860005944546,1.0223333045893088,1.0626372981686931,1225.175048828125,-0.0275423761657902
2016-04-20,950.9979858398438,1225.175048828125,0.0,1267.449951171875,1220.0,1267.449951171875,0.0,6405024,-0.0275423761657902,0.0075245362803872,0.0529855595027779,1235.4349975585938,1186.1339990234376,1229.6956333344808,47.015433054935606,17.578602557276554,19.42448116293107,-1.845878605654516,0.014846770818277,-0.1006079614643199,0.9916952743359676,1.032914535656874,1212.199951171875,-0.0105904031172203
2016-04-21,940.9264526367188,1212.199951171875,0.0,1233.699951171875,1206.0999755859375,1225.5,0.0,2525724,-0.0105904031172203,-0.0328127194480151,0.0307603375836633,1237.2437438964844,1186.2149975585935,1228.0293778904231,44.48664674935899,14.065671827056349,18.352719295756128,-4.287047468699779,0.015003228732023,-0.6056651778353992,0.9797584001954712,1.0219057705953491,1208.5250244140625,-0.0030316176421718
2016-04-22,938.07421875,1208.5250244140625,0.0,1217.699951171875,1202.0999755859375,1209.5,0.0,1964126,-0.0030316176421718,-0.0401484651177942,-0.0036276144336483,1237.0237426757812,1186.1849975585938,1226.171820416484,40.8372356120006,10.859926563986164,16.854160749402133,-5.994234185415969,0.013286316410938,-0.2223512941239818,0.9769618663906372,1.0188335098668833,1225.625,0.0141494592503188
2016-04-25,951.34716796875,1225.625,0.0,1228.5250244140625,1201.1500244140625,1201.1500244140625,0.0,2267654,0.0141494592503188,-0.0296690494104026,0.0020439448134901,1237.1487426757812,1186.477998046875,1226.1197422815808,41.34168136613524,9.588643552037638,15.401057309929236,-5.812413757891598,0.0135393404691139,0.1545359106289515,0.9906852407651024,1.0329942923657809,1244.9000244140625,0.0157266899859764
2016-04-26,966.3088989257812,1244.9000244140625,0.0,1246.75,1221.0,1224.5,0.0,2554368,0.0157266899859764,-0.0118860804333267,0.0067526385962708,1237.5662414550782,1187.7464990234375,1227.9083405799124,54.83960360846627,10.020960592207985,14.325037966384986,-4.304077374177002,0.0137781086530198,0.1264363963814585,1.005925972051695,1.0481192960262282,1255.550048828125,0.0085549234518451
2016-04-27,974.5756225585938,1255.550048828125,0.0,1257.300048828125,1237.949951171875,1240.0,0.0,1848670,0.0085549234518451,0.024792375611186,0.0150780370652003,1238.4987426757812,1190.0435009765624,1230.5408842225993,55.315478082355945,11.095046139990473,13.679039601106084,-2.583993461115613,0.0138972024801953,-0.2762710776207657,1.0137677218109276,1.0550455069901288,1263.875,0.0066305211645247
2016-04-28,981.0376586914062,1263.875,0.0,1270.0,1249.050048828125,1250.6500244140625,0.0,4992744,0.0066305211645247,0.0426291461059447,0.0219738415954284,1239.8574951171877,1192.6330004882811,1233.7155619156852,58.48565050491915,12.474225552790358,13.438076791442942,-0.963851238652584,0.0139542974899373,1.700722140782292,1.0193711817506437,1.0597350563690182,1267.75,0.0030659677578874
2016-04-29,984.045166015625,1267.75,0.0,1271.0,1255.0,1258.5,0.0,2372178,0.0030659677578874,0.0490059985432671,0.0267676764680817,1241.5099975585938,1196.0085009765626,1236.9569369713342,57.21207669545199,13.721739616348032,13.49480935642396,0.226930259924071,0.0139441763727655,-0.5248748984526345,1.0211355546818042,1.0599841045986371,1263.3499755859375,-0.0034707350929303
2016-05-02,980.6298828125,1263.3499755859375,0.0,1265.0,1250.0,1264.5,0.0,1116692,-0.0034707350929303,0.0307801942567567,0.0149427399766519,1242.4399963378903,1199.0094995117188,1239.4705596965346,57.568363377696926,14.19176447509244,13.634200380157658,0.5575640949347829,0.0138910282983812,-0.5292545500379819,1.016829769896075,1.0536613563949415,1239.050048828125,-0.0192345171388809
2016-05-03,961.7679443359376,1239.050048828125,0.0,1265.0,1236.0,1262.5,0.0,2153118,-0.0192345171388809,-0.0046991529208868,-0.0167440187097948,1241.3849975585938,1201.0990014648437,1239.4305110424002,56.07280632222728,12.459832364082786,13.399326776942685,-0.939494412859899,0.0143010988107921,0.9281216306734532,0.9981190776954282,1.0315969352376422,1239.0,-4.039290275026364e-05
2016-05-04,961.729248046875,1239.0,0.0,1247.0250244140625,1228.5,1236.949951171875,0.0,1364892,-4.039290275026364e-05,-0.0131815126315132,0.0098211412915545,1241.9875,1203.2235009765625,1239.3895099907431,45.29789733669058,10.956920605759253,12.910845542706,-1.9539249369467484,0.0129705545937059,-0.3660858345896509,0.9975945812659146,1.0297338765361552,1235.1500244140625,-0.0031073249281173
2016-05-05,958.7406616210938,1235.1500244140625,0.0,1244.9749755859375,1231.7750244140625,1239.0,0.0,1246566,-0.0031073249281173,-0.0227277029658292,-0.0003844010811836,1241.9637512207032,1205.1710009765625,1238.9857494596306,42.04755246571196,9.34743988676155,12.19816441151711,-2.8507245247555613,0.012901512922912,-0.0866925734783411,0.994513747442352,1.0248753275785825,1236.699951171875,0.0012548489877153
2016-05-06,959.9437255859376,1236.699951171875,0.0,1242.1500244140625,1215.5,1232.5,0.0,885598,0.0012548489877153,-0.024492249124926,0.0043243944142725,1242.229998779297,1206.7464990234375,1238.7680543846063,41.07804835788631,8.103568068947652,11.37924514300322,-3.2756770740555687,0.0128771778262492,-0.2895699064469911,0.9955482900808575,1.0248216606989764,1256.2750244140625,0.0158284741772962
2016-05-09,975.1381225585938,1256.2750244140625,0.0,1259.0,1228.199951171875,1236.699951171875,0.0,1821276,0.0158284741772962,-0.0056001514296096,0.0123494692334009,1242.9962524414063,1208.6755004882812,1240.4353848636022,48.90445003324801,8.598220572100217,10.82304022882262,-2.224819656722403,0.01324407330918,1.0565493598675697,1.010682873698593,1.039381557669161,1261.449951171875,0.004119262627406
2016-05-10,979.1550903320312,1261.449951171875,0.0,1266.9749755859375,1248.0,1257.5,0.0,1158534,0.004119262627406,0.0180782869626092,0.021086228139074,1244.2987487792968,1210.745500488281,1242.4367721310568,63.45758806458976,9.300598080069904,10.518551799072076,-1.217953719002173,0.0132068576487635,-0.3638888339823288,1.013783829976044,1.041878702554042,1259.1500244140625,-0.0018232405936327
2016-05-11,977.3699340820312,1259.1500244140625,0.0,1262.800048828125,1245.0,1250.0,0.0,1598716,-0.0018232405936327,0.0162631351203086,0.0354639083359158,1246.4549987792968,1213.2885009765623,1244.028510443724,68.91626706012542,9.56143418591796,10.327128276441254,-0.7656940905232936,0.0126293830804268,0.379947416303708,1.010184904908078,1.0377993555535938,1283.0999755859375,0.0190207288309587
2016-05-12,995.9598388671876,1283.0999755859375,0.0,1284.949951171875,1260.2750244140625,1260.2750244140625,0.0,1513082,0.0190207288309587,0.0388211555066937,0.0237568272986365,1247.94375,1216.8410009765626,1247.74960236203,75.82686659034529,11.56736816078137,10.575176253309278,0.9921919074720922,0.0114410642897545,-0.0535642352988273,1.0281713222939235,1.0544516288949826,1261.699951171875,-0.0166783764486395
2016-05-13,979.3491821289062,1261.699951171875,0.0,1283.0,1255.074951171875,1282.5,0.0,1621730,-0.0166783764486395,0.0202150893402319,0.0020848639690249,1248.075,1219.9464990234376,1249.0782070105863,62.13216699618373,11.30002253927296,10.720145510502016,0.5798770287709427,0.0120834488256153,0.0718057580488037,1.010916772767562,1.0342256420112366,1275.574951171875,0.0109970678742699
2016-05-16,990.1189575195312,1275.574951171875,0.0,1282.4000244140625,1261.25,1269.0,0.0,1111526,0.0109970678742699,0.0153628197510446,0.0098764752015378,1248.698748779297,1223.352998046875,1251.6017064545188,60.7049289132637,12.068626140207698,10.989841636443153,1.0787845037645454,0.0123099183650221,-0.3146047739142767,1.0215233677609206,1.0426875588717028,1285.0999755859375,0.0074672400906836
2016-05-17,997.5128173828124,1285.0999755859375,0.0,1295.625,1276.0,1282.0999755859375,0.0,1756698,0.0074672400906836,0.0187482859641729,0.0200218081840957,1249.9599975585938,1227.2869970703125,1254.792017800368,60.3939403567739,13.29310525499386,11.450494360153296,1.8426108948405648,0.0123800968167426,0.5804380644267431,1.0281128820890095,1.0471063236664544,1275.550048828125,-0.0074312714491012
2016-05-18,990.099609375,1275.550048828125,0.0,1282.925048828125,1263.0250244140625,1282.925048828125,0.0,1500740,-0.0074312714491012,0.0130246786292953,0.0411165735444771,1252.4787475585938,1230.0314990234374,1256.7689731363448,54.07151480682421,13.339149090684714,11.82822530625958,1.5109237844251346,0.0106268245970835,-0.1457040424705897,1.0184205131739783,1.037006003375382,1278.4749755859375,0.0022930709465298
2016-05-19,992.3700561523438,1278.4749755859375,0.0,1280.0,1263.050048828125,1277.5,0.0,1038792,0.0022930709465298,-0.0036045515454771,0.0546733435766864,1255.792498779297,1232.4124975585937,1258.8362114648774,53.765139366595726,13.45653771652792,12.153887788313249,1.302649928214672,0.010200913185271,-0.3078134786838493,1.0180622808534765,1.0373758608571346,1264.6500244140625,-0.0108136267317542
2016-05-20,981.6390380859376,1264.6500244140625,0.0,1282.9000244140625,1261.4000244140625,1271.1500244140625,0.0,1230918,-0.0108136267317542,0.0023381733822271,0.0464409084348182,1258.5987487792968,1233.9739990234375,1259.3899079362284,50.42807117959535,12.292312897235206,12.181572810097638,0.1107400871375681,0.0105732505938172,0.1849513665873437,1.0048079466475195,1.0248595395161502,1245.7249755859375,-0.0149646530366323
2016-05-23,966.9490356445312,1245.7249755859375,0.0,1272.949951171875,1240.0999755859375,1272.0,0.0,1533016,-0.0149646530366323,-0.0234011929745988,0.0163997761027536,1259.6037475585938,1235.312998046875,1258.0884858076292,52.27852500289602,9.730397102130157,11.691337668504142,-1.9609405663739867,0.0108599630604029,0.2454249592580497,0.9889816364872234,1.0084286148980257,1233.8499755859375,-0.0095326016839427
2016-05-24,957.7316284179688,1233.8499755859375,0.0,1244.125,1229.800048828125,1242.0,0.0,1339158,-0.0095326016839427,-0.0398801657253419,-0.0088762540054779,1259.0512451171876,1236.4469970703126,1255.7800562627062,48.3733307834493,6.665016953804297,10.686073525564174,-4.0210565717598765,0.0105041719903946,-0.1264553011840711,0.9799839207268292,0.9978996095339884,1263.2249755859375,0.0238075945870568
2016-05-25,980.5325927734376,1263.2249755859375,0.0,1266.4749755859375,1240.5,1240.5,0.0,1548678,0.0238075945870568,-0.0096625555802462,0.0061128003339858,1259.434991455078,1238.1389965820313,1256.489096198252,57.636337798460985,6.530716074588327,9.855002035369004,-3.324285960780678,0.0116763216732732,0.156456519693718,1.0030092733301628,1.020261036178618,1274.3499755859375,0.0088068239743595
2016-05-26,989.1683959960938,1274.3499755859375,0.0,1282.449951171875,1252.550048828125,1265.0,0.0,1943248,0.0088068239743595,-0.003226500384264,0.0082879838480367,1259.958740234375,1240.1429956054687,1258.1901323304128,59.73372988346502,7.238534860677191,9.331708600430645,-2.093173739753452,0.0117476647866868,0.2547785918053979,1.0114219893810852,1.0275830933220471,1286.324951171875,0.0093969284853883
2016-05-27,998.4633178710938,1286.324951171875,0.0,1289.925048828125,1275.300048828125,1276.574951171875,0.0,1104676,0.0093969284853883,0.0171390711575361,0.0146519039020902,1260.8874877929688,1242.216994628906,1260.8696388867425,58.08664641793977,8.665872020614188,9.198541284467352,-0.5326692638531654,0.0119053014249319,-0.431531127267338,1.0201742531551576,1.0355074489671956,1318.199951171875,0.024779897156594
2016-05-30,1023.205322265625,1318.199951171875,0.0,1320.9749755859375,1291.0,1291.5,0.0,1349464,0.024779897156594,0.05817895362646,0.0434162952831009,1263.6299865722656,1245.0309936523438,1266.3296686281838,63.35295651764306,12.228134786711962,9.804459984916276,2.423674801795686,0.0129983298504636,0.2215925755606168,1.0431850820093598,1.058768783984154,1284.699951171875,-0.0254134435145583
2016-05-31,997.2015991210938,1284.699951171875,0.0,1323.5,1281.0,1320.0,0.0,3722608,-0.0254134435145583,0.0412124460769953,0.0368426621563229,1265.9124816894532,1247.4259936523438,1268.0792193466305,55.242089592759726,12.207364762580935,10.285040940449209,1.9223238221317285,0.0135945421539648,1.7585826668958937,1.0148410492464286,1.0298806964975906,1316.7750244140625,0.0249669763067472
2016-06-01,1022.0991821289062,1316.7750244140625,0.0,1322.5,1285.5,1285.5999755859375,0.0,1911942,0.0249669763067472,0.0423915374245085,0.0627724167990819,1269.8012329101562,1250.4909936523438,1272.7169150673385,56.6862017983955,14.610671985073395,11.150167149374044,3.46050483569935,0.0145250315787561,-0.486397171015589,1.0369930271655594,1.053006403963071,1325.074951171875,0.0063032231048776
2016-06-02,1028.5418701171875,1325.074951171875,0.0,1327.1500244140625,1300.0,1300.0,0.0,1408756,0.0063032231048776,0.0398045878743902,0.0728048617417722,1274.2974792480468,1253.4719921875,1277.7033946963418,63.27364936383801,16.98920402913018,12.317974525325273,4.671229503804906,0.0144640010457941,-0.2631805776535062,1.0398474239733972,1.0571237007533107,1314.7750244140625,-0.0077730899287646
2016-06-03,1020.5466918945312,1314.7750244140625,0.0,1329.0,1310.25,1325.699951171875,0.0,1554922,-0.0077730899287646,0.0221173298522032,0.063131783233439,1278.2012329101562,1255.5089916992188,1281.2340260980293,58.335128613899776,17.83747054417381,13.42187372909498,4.415596815078832,0.0146809202399843,0.1037553699860018,1.0286134847645518,1.0472047855544486,1306.25,-0.0064840176119573
2016-06-06,1024.447998046875,1306.25,13.5,1319.5,1301.5999755859375,1310.25,0.0,1322026,-0.0064840176119573,-0.0090653554957664,0.039780282672774,1280.6999816894531,1257.171491699219,1283.616499802979,54.516345133735285,17.61873187142919,14.261245357561824,3.357486513867368,0.0145150261673534,-0.1497798603402614,1.019950041911332,1.0390388333054277,1315.574951171875,0.0071387186004785
2016-06-07,1031.7618408203125,1315.574951171875,0.0,1319.5,1306.5,1307.0,0.0,1202194,0.0071387186004785,0.0240328490491779,0.0429069737960816,1283.406231689453,1258.7519897460938,1286.660161838112,58.5550787136959,17.990442897987123,15.007084865646885,2.98335803234024,0.0145533096744601,-0.0906426953781544,1.0250651108652291,1.0451423011750258,1306.550048828125,-0.0068600442230303
2016-06-08,1024.6837158203125,1306.550048828125,0.0,1314.2750244140625,1302.75,1308.625,0.0,938266,-0.0068600442230303,-0.0077651651925031,0.037644461339005,1285.7762329101563,1260.144990234375,1288.5544367895418,55.84836974128343,17.35671496376085,15.477010885269678,1.879704078491173,0.0146697671632901,-0.2195386102409428,1.0161566339354011,1.036825174050106,1288.625,-0.0137193740448001
2016-06-09,1010.6257934570312,1288.625,0.0,1311.199951171875,1277.5999755859375,1311.199951171875,0.0,1562138,-0.0137193740448001,-0.0275078410769438,0.0043059968195693,1286.0524841308593,1261.1834912109375,1288.5611570952997,54.91039172026596,15.232488727422606,15.428106453700265,-0.1956177262776588,0.0144903814945348,0.6649201825495116,1.0020003195055287,1.0217585378973797,1277.875,-0.0083422252400814
2016-06-10,1002.194580078125,1277.875,0.0,1301.625,1276.5999755859375,1283.0,0.0,1396832,-0.0083422252400814,-0.0280656566552192,0.0128200439518932,1286.8612365722656,1262.0469921875,1287.5434278481282,56.81289419375332,12.5370694399503,14.849899050950272,-2.312829610999972,0.0140902371908169,-0.1058203564601847,0.993016934291842,1.01254153602083,1273.5,-0.0034236525481756
2016-06-13,998.7638549804688,1273.5,0.0,1276.675048828125,1259.0,1270.0,0.0,1029978,-0.0034236525481756,-0.0250717703349282,-0.0016266791457206,1286.7574890136718,1262.6219921875,1286.2059585292589,58.67805954812844,9.93339826668921,13.86659889409806,-3.9332006274088513,0.0139050097609481,-0.2626328720991501,0.9896969793244926,1.0086154113264365,1267.425048828125,-0.0047702796795249
2016-06-14,993.99951171875,1267.425048828125,0.0,1279.4749755859375,1259.125,1279.4749755859375,0.0,977570,-0.0047702796795249,-0.0365998929219953,-0.0137537367470212,1285.8737426757812,1262.767492675781,1284.417300462484,51.02366018539951,7.29567234496244,12.552413584270935,-5.2567412393084965,0.0138286363044218,-0.0508826402117326,0.9856527952664572,1.0036883719127694,1278.425048828125,0.0086790142029864
2016-06-15,1002.6264038085938,1278.425048828125,0.0,1282.449951171875,1261.0,1265.0,0.0,1270844,0.0086790142029864,-0.0215261558676806,0.0022539295911134,1286.017492675781,1263.7969946289063,1283.8466098306403,50.99380017302119,6.023429274151567,11.246616722247063,-5.223187448095498,0.013878999071864,0.3000030688339454,0.99409615818533,1.0115746866477666,1279.1500244140625,0.0005670849351724
2016-06-16,1003.1947631835938,1279.1500244140625,0.0,1282.3499755859375,1258.2249755859375,1272.7750244140625,0.0,1145070,0.0005670849351724,-0.0073527795797361,0.0005280109826284,1286.0512451171876,1264.6674951171874,1283.3993159814424,48.14864278321259,5.015847379099341,10.00046285361752,-4.984615474518179,0.0138706876269485,-0.0989688742284655,0.9946337902713228,1.0114516498232076,1301.300048828125,0.0173162052857784
2016-06-17,1020.565673828125,1301.300048828125,0.0,1305.0,1279.5,1279.5,0.0,1878988,0.0173162052857784,0.0183312521397829,0.0289803690400773,1287.883746337891,1266.06599609375,1285.1041476811265,45.40887794680236,5.936224225076558,9.187615127909329,-3.251390902832769,0.0141277390265536,0.6409372352781926,1.0104173241788197,1.0278295545754204,1329.6500244140625,0.0217858868225417
2016-06-20,1042.80029296875,1329.6500244140625,0.0,1334.0,1295.9000244140625,1301.300048828125,0.0,1872838,0.0217858868225417,0.0440911067248233,0.0673704473081229,1292.0799987792968,1267.8399975585935,1289.3466121318822,62.5629201929382,8.851204430630787,9.12033298845362,-0.2691285578228317,0.0142596390703194,-0.0032730384653866,1.0290771667932792,1.0487522297565093,1325.5999755859375,-0.0030459510049719
2016-06-21,1039.623779296875,1325.5999755859375,0.0,1332.5,1320.699951171875,1331.75,0.0,1027690,-0.0030459510049719,0.0459000923262498,0.0743607422421266,1296.667498779297,1269.6439965820311,1292.7993134132207,52.92459501313143,10.71107158623613,9.438480708010122,1.2725908782260085,0.0140227311767476,-0.4512659397128849,1.0223129497992955,1.044072180197397,1333.824951171875,0.0062047191742757
2016-06-22,1046.0745849609375,1333.824951171875,0.0,1338.8499755859375,1315.875,1325.0,0.0,1761712,0.0062047191742757,0.0433344937933848,0.0558886793329829,1300.1974975585938,1271.9999951171876,1296.706517009283,52.9011973915127,12.702292377839512,10.091243041976,2.6110493358635125,0.0132229238027351,0.7142445679144489,1.0258633428201671,1.0486045253868037,1322.675048828125,-0.0083593445556359
2016-06-23,1037.3299560546875,1322.675048828125,0.0,1329.75,1312.6500244140625,1327.5,0.0,1397014,-0.0083593445556359,0.0340265204106922,0.0379213514089549,1302.613751220703,1273.3869970703124,1299.1797105158394,52.60469365660079,13.228159279704188,10.71862628952164,2.509532990182548,0.0133692073502474,-0.2070134051422707,1.015400802877002,1.0387062628024393,1286.9749755859375,-0.0269908117445909
2016-06-24,1009.33154296875,1286.9749755859375,0.0,1296.5999755859375,1257.074951171875,1282.574951171875,0.0,3766586,-0.0269908117445909,-0.0110082784174855,0.0005053345295606,1302.6462524414062,1273.9449975585935,1298.0173548082298,44.610640896204806,10.641545918202157,10.703210215257744,-0.0616642970555876,0.0147107136845853,1.6961691149838154,0.9879696603539928,1.0102280538424455,1247.925048828125,-0.0303424134102014
2016-06-27,978.7061767578124,1247.925048828125,0.0,1273.5,1241.324951171875,1273.5,0.0,4272566,-0.0303424134102014,-0.0614635235478232,-0.0533112615284774,1299.1325073242188,1273.6414990234375,1293.2466590006009,33.78087612090562,5.378631937277305,9.638294559661656,-4.259662622384351,0.0150096471537811,0.1343338503355558,0.960583344495348,0.9798087215161956,1231.9749755859375,-0.0127812750109996
2016-06-28,966.1964721679688,1231.9749755859375,0.0,1251.449951171875,1229.199951171875,1247.925048828125,0.0,4499524,-0.0127812750109996,-0.0706283959899864,-0.0410406924495038,1296.4962585449218,1273.0834985351562,1287.4112605801567,32.69518930460562,-0.0783991831920047,7.694955811090924,-7.773354994282929,0.0142467691264019,0.0531198347784446,0.9502341155759312,0.967709484101774,1251.449951171875,0.0158079311446037
2016-06-29,981.470458984375,1251.449951171875,0.0,1256.25,1232.6500244140625,1237.5,0.0,2531264,0.0158079311446037,-0.0617584788225972,-0.0496098969307652,1293.2300048828124,1273.6089965820313,1283.9863739698442,41.43530340835203,-2.799398171767507,5.596085014519238,-8.395483186286745,0.013459905162807,-0.4374373822653241,0.9676932536724406,0.9826013749356166,1276.550048828125,0.020056813005383
2016-06-30,1001.1555786132812,1276.550048828125,0.0,1281.449951171875,1250.175048828125,1261.0,0.0,5121812,0.020056813005383,-0.0348725108565903,-0.0366204962978399,1290.803759765625,1274.8959985351562,1283.2781525277758,49.71367883914101,-2.897046020189918,3.897458807577406,-6.794504827767325,0.0142585429827963,1.0234207099694066,0.9889574919272872,1.0012974001760686,1250.425048828125,-0.0204653158910477
2016-07-01,980.6668090820312,1250.425048828125,0.0,1282.300048828125,1247.175048828125,1281.0,0.0,2197296,-0.0204653158910477,-0.0283998736969783,-0.0489437161423228,1287.5862609863282,1275.7339990234375,1280.1492855087615,45.44198495370371,-5.02458155932186,2.113050734197553,-7.137632293519412,0.0148116581490366,-0.5709924534520205,0.97113885625827,0.9801612638569748,1247.0999755859375,-0.0026591543773885
2016-07-04,978.058837890625,1247.0999755859375,0.0,1262.925048828125,1241.0,1258.0,0.0,1883484,-0.0026591543773885,-0.0006611560870281,-0.045282315340909,1284.628759765625,1276.1634985351564,1277.0017321827784,45.94107571987931,-6.899441951929475,0.3105521969721472,-7.209994148901623,0.0147808311924895,-0.1428173536929025,0.9707862805542868,0.9772258625304836,1242.6500244140625,-0.0035682393224202
2016-07-05,974.5692138671876,1242.6500244140625,0.0,1248.5250244140625,1238.574951171875,1247.0999755859375,0.0,1559748,-0.0035682393224202,0.0086649883639462,-0.055431981806018,1280.9825134277344,1276.1184985351565,1273.7301409667102,42.66379295239096,-8.644705407689798,-1.480499323960242,-7.164206083729557,0.014617396012417,-0.1718814707212803,0.970075712500478,0.9737732239133656,1214.9000244140625,-0.0223313076528403
2016-07-07,952.8056030273438,1214.9000244140625,0.0,1245.925048828125,1212.5,1243.8499755859375,0.0,3316800,-0.0223313076528403,-0.0292060635134362,-0.0701465852733812,1276.4000122070313,1275.305498046875,1268.127272723601,38.13919571084242,-12.127237113397314,-3.609846881847657,-8.517390231549657,0.0152426043936343,1.1264973572654045,0.951817622058285,0.952634507006107,1213.300048828125,-0.0013169606994691
2016-07-08,951.551025390625,1213.300048828125,0.0,1221.0250244140625,1201.75,1217.5,0.0,2456356,-0.0013169606994691,-0.0495476068941156,-0.0584537403603647,1272.6337646484376,1274.2939990234374,1262.905632352603,32.421098115640504,-14.845147617734256,-5.856907029024977,-8.988240588709278,0.015056936213835,-0.2594199228171732,0.9533772264507664,0.9521351036400896,1232.074951171875,0.0154742451068752
2016-07-11,966.2755126953124,1232.074951171875,0.0,1235.9000244140625,1213.5,1215.0,0.0,1543632,0.0154742451068752,-0.0146750880218269,-0.0358407894575956,1270.3437622070312,1273.580498046875,1259.969377002058,29.73308066504429,-15.307676200631022,-7.747060863346186,-7.560615337284836,0.0155378988852438,-0.3715764327320632,0.9698752320642172,0.9674103467047024,1232.4749755859375,0.0003246753890111
2016-07-12,966.589111328125,1232.4749755859375,0.0,1237.5,1217.925048828125,1235.8499755859375,0.0,1465536,0.0003246753890111,-0.0117272073500992,-0.0322143890177168,1268.292510986328,1272.962998046875,1257.350862581475,30.35958680162585,-15.463698912597692,-9.290388473196488,-6.173310439401204,0.0155387234334963,-0.0505923691657078,0.9717592471057516,0.9681938732523576,1246.550048828125,0.0114201695945153
2016-07-13,977.6279907226562,1246.550048828125,0.0,1249.625,1225.625,1239.0,0.0,2102300,0.0114201695945153,0.0031384736952799,-0.0164704019533945,1267.248760986328,1273.112998046875,1256.3222136525844,32.03666053279278,-14.286916574589668,-10.289694093475124,-3.997222481114543,0.0157803795109053,0.4344922267347919,0.9836664175216135,0.9791354347497032,1260.949951171875,0.0115518044039124
2016-07-14,988.9210205078124,1260.949951171875,0.0,1264.5,1235.5,1243.0,0.0,2699988,0.0115518044039124,0.0379042932195363,-0.0136692390940467,1266.3750061035155,1273.5519970703126,1256.7629505591835,37.46316940931221,-12.053412087764627,-10.642437692333026,-1.4109743954316016,0.0158830921174966,0.2843019550016648,0.9957160754867288,0.99010480457223,1222.675048828125,-0.0303540218294777
2016-07-15,958.903564453125,1222.675048828125,0.0,1263.9000244140625,1213.2750244140625,1258.5,0.0,8336366,-0.0303540218294777,0.007726860317079,-0.044150392454401,1263.5512573242188,1273.3024975585938,1253.5164837276543,37.075385263910015,-13.21942315157412,-11.157834784181246,-2.061588367392874,0.0172158429422928,2.0875566854371206,0.9676497425338676,0.960239260641096,1216.7249755859375,-0.0048664387548353
2016-07-18,954.2369384765624,1216.7249755859375,0.0,1234.5,1215.300048828125,1223.5,0.0,2598850,-0.0048664387548353,-0.0124586378217799,-0.0649927534532491,1259.3225036621093,1272.902998046875,1250.0125305713004,42.76603994667738,-14.45696560377496,-11.81766094809999,-2.639304655674972,0.0166018011902086,-0.6882514515317586,0.966174250081057,0.9558662187557604,1233.0999755859375,0.0134582591206482
2016-07-19,967.079345703125,1233.0999755859375,0.0,1236.4000244140625,1213.75,1213.75,0.0,2362896,0.0134582591206482,0.0005071096877264,-0.0726131290605374,1254.4950012207032,1272.4394970703124,1248.4018110488848,50.260326334426686,-13.955530595057551,-12.245234877491503,-1.7102957175660496,0.0160363615467104,-0.0907916963272216,0.9829453081806248,0.9690833854380102,1247.4749755859375,0.0116576111301676
2016-07-20,978.3530883789062,1247.4749755859375,0.0,1251.25,1224.074951171875,1225.0,0.0,2815252,0.0116576111301676,0.0007419892676447,-0.0589355774282264,1250.5887512207032,1272.1599975585937,1248.3135410047946,49.05795093117137,-12.25690737631794,-12.247569377256792,-0.0093379990611488,0.0163979486166446,0.1914413499366878,0.9975101522129266,0.9805959769053976,1253.0250244140625,0.0044490261822831
2016-07-21,982.705810546875,1253.0250244140625,0.0,1259.75,1232.2249755859375,1244.75,0.0,2527148,0.0044490261822831,-0.0062848860499556,-0.0605776092933507,1246.5487548828123,1272.0374975585937,1248.7622537104392,43.85528707976836,-10.343658425189233,-11.86678718684328,1.523128761654048,0.0163512528569995,-0.1023368423146489,1.005195359993648,0.9850535277607604,1257.550048828125,0.0036112801627234
2016-07-22,986.254638671875,1257.550048828125,0.0,1262.0,1246.0,1249.449951171875,0.0,1517216,0.0036112801627234,0.0285235231007829,-0.0492373391769203,1243.2925048828124,1271.5264990234375,1249.59918657879,52.09774828458187,-8.365827146400306,-11.166595178754688,2.80076803235438,0.0163635181065291,-0.3996331041949265,1.0114675700925717,0.9890081329755638,1279.4749755859375,0.0174346355266286
2016-07-25,1006.0496215820312,1279.4749755859375,3.25,1281.5999755859375,1252.9000244140625,1256.0,0.0,1688796,0.0174346355266286,0.0515728708287437,-0.0058276191396692,1242.9175048828124,1271.8819995117187,1252.444499817566,58.59096021187165,-4.971910167849501,-9.927658176573653,4.95574800872415,0.0158561790378863,0.1130887098475101,1.0294126284001222,1.0059698746244807,1276.300048828125,-0.0024814293506276
2016-07-26,1003.5531616210938,1276.300048828125,0.0,1284.0,1266.5,1279.4749755859375,0.0,2311290,-0.0024814293506276,0.0350337151062385,0.0227377437664593,1244.3362548828125,1271.8965014648438,1254.7164568661908,58.99013195871716,-2.509468969689806,-8.444020335196882,5.934551365507076,0.0142038061403974,0.368602246807785,1.0256874247775758,1.003462190011695,1288.7750244140625,0.0097743282211668
2016-07-27,1013.3623657226562,1288.7750244140625,0.0,1290.199951171875,1272.5,1277.5,0.0,1750510,0.0097743282211668,0.0331069156787906,0.046104872220404,1247.1762573242188,1271.9700024414062,1257.960129965988,71.49093961781196,0.4435467618741313,-6.66650691578268,7.110053677656811,0.0139262471223937,-0.242626412090218,1.0333543609778884,1.013211806835382,1309.625,0.0161781344229703
2016-07-28,1029.7567138671875,1309.625,0.0,1314.7750244140625,1288.5250244140625,1290.25,0.0,4632080,0.0161781344229703,0.0451706665734028,0.046486116982664,1250.085009765625,1272.6515014648437,1262.880593778751,75.1994961978522,4.41535432751175,-4.450134667123795,8.865488994635545,0.0139453108049888,1.646131698762075,1.0476287530601922,1.029052335610023,1309.6500244140625,1.9108076023677256e-05
2016-07-29,1029.7764892578125,1309.6500244140625,0.0,1317.449951171875,1299.5,1307.0,0.0,2488084,1.9108076023677256e-05,0.0414297432014638,0.0259292423484087,1251.740008544922,1273.2750024414063,1267.3348252678284,72.50185008798984,7.478848193135946,-2.064338095071846,9.543186288207792,0.0133130052486441,-0.4628581544360201,1.046263613429164,1.0285680798750545,1354.125,0.033959435541442
2016-08-01,1064.7467041015625,1354.125,0.0,1362.5,1316.0,1316.0,0.0,3961704,0.033959435541442,0.0583442629504156,0.0829317608992723,1256.9250061035157,1275.064501953125,1275.600556194702,78.10120592818346,13.341653710743683,1.0168602660912598,12.324793444652425,0.0141517364955963,0.5922710004967678,1.0773315777985877,1.0620050969388382,1349.5999755859375,-0.003341659310671
2016-08-02,1061.18896484375,1349.5999755859375,0.0,1357.8499755859375,1344.9000244140625,1351.449951171875,0.0,2578162,-0.003341659310671,0.0574315787460129,0.0821906839921486,1262.0500061035157,1277.142001953125,1282.6481199462482,74.90334369171933,17.42200761075901,4.29788973502481,13.1241178757342,0.014169671151562,-0.3492290186243091,1.0693712365270895,1.0567344692461786,1328.1500244140625,-0.0158935622109523
2016-08-03,1044.3228759765625,1328.1500244140625,0.0,1349.5,1324.5250244140625,1343.0,0.0,2294702,-0.0158935622109523,0.0305522680484142,0.0688045695249675,1266.3250061035155,1279.0280029296875,1286.9816346574687,65.70463354057821,18.709217466168184,7.1801552812534855,11.529062184914698,0.0147737130609998,-0.109946543312639,1.0488223939451238,1.0384057435582787,1326.0,-0.0016188114102629
2016-08-04,1042.6322021484375,1326.0,0.0,1341.4749755859375,1318.125,1335.0,0.0,1415416,-0.0016188114102629,0.0125035792688745,0.0914478338573745,1271.8800048828125,1280.2835034179689,1290.6976694519954,79.05243344394546,19.33299284160762,9.610722793324314,9.722270048283306,0.0135474230714033,-0.3831809097651895,1.042551180071562,1.035708104072248,1324.550048828125,-0.0010934775051847
2016-08-05,1041.4920654296875,1324.550048828125,0.0,1342.1500244140625,1316.0,1336.949951171875,0.0,1868484,-0.0010934775051847,0.0113771039104348,0.0916920757626702,1277.4425048828125,1281.2875048828123,1293.9217055830554,81.10491260862736,19.48572111530234,11.58572245771992,7.899998657582421,0.0135424881996093,0.3200952935391433,1.03687644944117,1.0337648995876765,1324.75,0.0001509578079377
2016-08-08,1041.6495361328125,1324.75,0.0,1334.0,1314.5250244140625,1320.0,0.0,2058244,0.0001509578079377,-0.0216929751684666,0.0752186778409691,1282.076257324219,1282.056005859375,1296.8577336227645,79.1600867193684,19.39927104013828,13.148432174203592,6.250838865934682,0.0133195637391323,0.1015582686284709,1.0332848708740965,1.0333011927291014,1325.0999755859375,0.0002641823634175
2016-08-09,1041.9249267578125,1325.0999755859375,0.0,1329.9000244140625,1289.425048828125,1329.0,0.0,2261914,0.0002641823634175,-0.0181535272993489,0.0751536557210539,1286.7075073242188,1282.1940063476563,1299.5474709525904,77.11795018755149,19.138383466279265,14.346422432618729,4.791961033660538,0.013320381467516,0.0989532825068359,1.029837758809349,1.0334629307467278,1337.699951171875,0.0095086980741705
2016-08-10,1051.83251953125,1337.699951171875,0.0,1341.0,1324.0,1325.5,0.0,2062078,0.0095086980741705,0.0071903976073979,0.0731217350073023,1291.2650024414063,1283.2540063476563,1303.181040497284,78.19214440214887,19.7210093914357,15.421339824382123,4.299669567053577,0.0132689375823532,-0.0883481865358276,1.0359608203139354,1.0424280341654109,1354.949951171875,0.0128952684680061
2016-08-11,1065.3958740234375,1354.949951171875,0.0,1357.5,1332.7750244140625,1332.7750244140625,0.0,2233138,0.0128952684680061,0.0218325423618965,0.0745469714421578,1295.9650024414063,1284.0175048828123,1308.1114129424832,79.89567425067855,21.32881022292395,16.602833904090488,4.72597631883346,0.013314536015644,0.0829551549456422,1.0455143068056234,1.0552425851044267,1369.2249755859375,0.0105354625104168
2016-08-12,1076.619873046875,1369.2249755859375,0.0,1372.4000244140625,1351.0250244140625,1352.5,0.0,2327358,0.0105354625104168,0.0337283795333651,0.1198600780299503,1303.292498779297,1284.9005053710937,1313.9317522418598,78.90503740350337,23.484168260990373,17.979100775470464,5.505067485519909,0.0106940458739702,0.0421917499052902,1.0505891631144926,1.065627237177006,1345.8499755859375,-0.0170717014492063
2016-08-16,1058.240234375,1345.8499755859375,0.0,1370.0,1336.925048828125,1369.0,0.0,3183754,-0.0170717014492063,0.0159275150677014,0.1061250509284708,1309.7487487792969,1285.5220043945312,1316.971583036534,69.82046010359811,23.04054087473492,18.99138879532336,4.049152079411559,0.0116372261352812,0.3679691736294975,1.027563474933866,1.0469287736695103,1312.2750244140625,-0.0249470236511745
2016-08-17,1031.83984375,1312.2750244140625,0.0,1349.5,1309.0,1349.5,0.0,1848566,-0.0249470236511745,-0.0096784781587547,0.0642081342921956,1313.707501220703,1285.6425048828123,1316.5242917391556,55.97812855560027,19.7520556111117,19.143522158481023,0.6085334526306738,0.0132462712389994,-0.4193753663128495,0.9989095922758228,1.0207153383853604,1319.2750244140625,0.0053342476765687
2016-08-18,1037.3446044921875,1319.2750244140625,0.0,1328.7750244140625,1315.050048828125,1317.5,0.0,1292064,0.0053342476765687,-0.0137735870750922,0.0575563039205662,1317.2975036621094,1285.716506347656,1316.786266279623,52.64095058586455,17.508916950311686,18.81660111684716,-1.3076841665354737,0.013108512468582,-0.3010452426367249,1.001501195247433,1.026101024526578,1301.75,-0.0132838294440129
2016-08-19,1023.564208984375,1301.75,0.0,1323.2249755859375,1300.0,1320.0,0.0,2416244,-0.0132838294440129,-0.0392634068334872,0.0388858758896073,1319.7337524414063,1285.6205053710937,1315.3542409196589,48.026965245296296,14.153932667932622,17.884067427064252,-3.73013475913163,0.013587983666037,0.8700652599252049,0.9863731965571556,1.0125460776033983,1274.3499755859375,-0.0210486071934414
2016-08-22,1002.0198364257812,1274.3499755859375,0.0,1297.2249755859375,1268.1500244140625,1294.0,0.0,2265274,-0.0210486071934414,-0.0692910235291317,0.013359251008314,1320.573748779297,1285.3350048828124,1311.449072792638,28.21840884866204,9.178328417448938,16.14291962514119,-6.964591207692251,0.0145205971991161,-0.0624812725867089,0.9649972042560384,0.991453567159422,1300.5250244140625,0.0205399217872546
2016-08-23,1022.6013793945312,1300.5250244140625,0.0,1302.4749755859375,1270.0999755859375,1272.4749755859375,0.0,1503374,0.0205399217872546,-0.0336775658461798,0.0164520988919576,1321.6262512207031,1285.7880053710935,1310.4086872327737,38.017342308508525,7.26350472694935,14.367036645502822,-7.103531918553472,0.014723421590247,-0.3363390035819066,0.9840338924963464,1.01146146875022,1286.0250244140625,-0.0111493433250412
2016-08-24,1011.2002563476562,1286.0250244140625,0.0,1301.0,1284.5250244140625,1294.9000244140625,0.0,1116878,-0.0111493433250412,-0.020003428787133,0.0076196624726816,1322.1125,1286.038505859375,1308.0864336309917,39.35296084986752,4.5238165964788095,12.39839263569802,-7.87457603921921,0.0149545429962213,-0.2570857285013576,0.9727046861852244,0.9999895170749156,1275.5250244140625,-0.0081646933773967
2016-08-25,1002.9439086914062,1275.5250244140625,0.0,1294.8499755859375,1263.0,1290.0,0.0,1939690,-0.0081646933773967,-0.0331621528418086,-0.0102810806766092,1321.45,1286.2005053710936,1304.9853470389032,37.75918673049198,1.4881769888854706,10.216349506335511,-8.72817251745004,0.01490599484083,0.736707142588537,0.965246527991269,0.9916999869674666,1262.4749755859375,-0.0102311194044348
2016-08-26,992.6826171875,1262.4749755859375,0.0,1286.2750244140625,1258.5999755859375,1279.9000244140625,0.0,1250314,-0.0102311194044348,-0.0301709425112829,-0.036002691162785,1319.0924987792969,1285.88150390625,1300.9367402338587,35.7478897295031,-1.948161949095038,7.783447215249401,-9.73160916434444,0.0145238979716161,-0.3554052451680423,0.9570784283545288,0.9817972898364212,1250.2750244140625,-0.0096635192045788
2016-08-29,983.0900268554688,1250.2750244140625,0.0,1267.4749755859375,1233.375,1267.4749755859375,0.0,1488728,-0.0096635192045788,-0.0188919461946123,-0.0453365394518771,1316.1237487792969,1285.30400390625,1296.1118149176875,33.79393587796318,-5.591464493142894,5.108464873570942,-10.699929366713835,0.0146234975508174,0.1906833003549508,0.9499676801468638,0.9727465413740806,1272.074951171875,0.0174361051225742
2016-08-30,1000.2310791015624,1272.074951171875,0.0,1274.9000244140625,1250.625,1255.0,0.0,1444026,0.0174361051225742,-0.0218758368413598,-0.0605926696782977,1312.0212463378907,1284.719501953125,1293.8225897990387,39.4467052309606,-6.6431579188461,2.758140315087534,-9.401298233933634,0.01282879240028,-0.0300269760493522,0.9695536217286772,0.9901577342275673,1255.6500244140625,-0.0129119174484816
2016-08-31,987.3164672851562,1255.6500244140625,0.0,1275.0,1250.425048828125,1275.0,0.0,3231668,-0.0129119174484816,-0.0236192915560405,-0.0696131838110667,1307.323748779297,1283.239501953125,1290.187107381422,33.91492838268397,-8.701679313751583,0.4661763893197104,-9.167855703071291,0.0130176478616606,1.237956934293427,0.9604736589437128,0.9785001338432378,1253.75,-0.0015131799284192
2016-09-01,985.8219604492188,1253.75,0.0,1267.4749755859375,1243.5250244140625,1262.449951171875,0.0,1345736,-0.0015131799284192,-0.0170714207853862,-0.0560177864295755,1303.6037475585938,1281.8025024414062,1286.7169066784295,28.890285401161734,-10.366885438930012,-1.7004359763302344,-8.666449462599777,0.0126913249036947,-0.5835785111589433,0.9617569774159052,0.9781148013145742,1257.4000244140625,0.0029112856742272
2016-09-02,988.6924438476562,1257.4000244140625,0.0,1259.699951171875,1248.0250244140625,1256.0,0.0,1742330,0.0029112856742272,-0.0040198429830418,-0.0517345215580222,1300.1737487792968,1280.27400390625,1283.9248226532518,25.59206045885552,-11.262222929171005,-3.612793366898389,-7.649429562272614,0.0127538167357278,0.2947041618861352,0.9671015320795444,0.98213352811789,1242.0250244140625,-0.0122276122963848
2016-09-06,976.6028442382812,1242.0250244140625,0.0,1260.074951171875,1240.0,1259.949951171875,0.0,2239066,-0.0122276122963848,-0.0065985481905201,-0.0623041949128877,1296.0474975585937,1278.6610034179687,1279.934365678091,26.518155806092167,-13.061849476463522,-5.502604588811416,-7.559244887652106,0.0129275593237232,0.2850986896856508,0.9583175205798437,0.9713481689783492,1220.2750244140625,-0.0175117244600291
2016-09-07,959.5009765625,1220.2750244140625,0.0,1249.8499755859375,1211.5,1249.8499755859375,0.0,3854040,-0.0175117244600291,-0.0407208134317028,-0.078863918162625,1290.823748779297,1277.3270043945313,1274.2525236529452,28.01672640382317,-16.058003045123314,-7.613684280073796,-8.444318765049518,0.0132897279005662,0.7212712800783898,0.9453459665334244,0.9553348674347396,1161.050048828125,-0.0485341209162053
2016-09-08,912.93212890625,1161.050048828125,0.0,1180.0,1142.375,1180.0,0.0,7021516,-0.0485341209162053,-0.0753394447071998,-0.1238019242172819,1282.6212524414063,1275.589504394531,1263.4713355743909,19.7437631973438,-22.94691910098413,-10.680331244255864,-12.266587856728268,0.0165438840429622,0.8218586210833307,0.905216599692328,0.9102066494183224,1176.2249755859375,0.0130700022562584
2016-09-09,924.8643798828124,1176.2249755859375,0.0,1183.324951171875,1160.0250244140625,1164.8499755859375,0.0,2742438,0.0130700022562584,-0.0618345159833001,-0.1207109078866897,1274.5475036621094,1274.474504394531,1255.1621584326335,25.779048037193235,-26.87217918571082,-13.918700832546858,-12.953478353163964,0.0167427169915055,-0.6094236629240751,0.9228569136939458,0.9229097730320862,1179.5250244140625,0.0028056272368142
2016-09-12,927.4594116210938,1179.5250244140625,0.0,1181.9749755859375,1162.0,1168.5,0.0,2024454,0.0028056272368142,-0.0619333533385997,-0.129469672740377,1265.7762573242187,1273.036005859375,1247.9586218594363,29.826616195507867,-29.3780379873333,-17.010568263504148,-12.367469723829153,0.0162802512032367,-0.261805007077644,0.9318590213625222,0.9265449044528892,1164.2249755859375,-0.0129713643300831
2016-09-14,915.4286499023438,1164.2249755859375,0.0,1188.800048828125,1155.0,1181.0,0.0,2069858,-0.0129713643300831,-0.0626396789910315,-0.1497197346347509,1255.5262573242187,1270.7895043945311,1239.983988881008,19.59622837151652,-32.227041935151874,-20.053862997833694,-12.17317893731818,0.0158059011369976,0.0224277755878869,0.9272804680860576,0.916143052456696,1163.4749755859375,-0.0006442053861819
2016-09-15,914.83935546875,1163.4749755859375,0.0,1171.050048828125,1158.375,1169.9749755859375,0.0,2818964,-0.0006442053861819,-0.046546924006249,-0.1355091602394985,1246.4075073242188,1269.0505029296876,1232.6974161862393,20.876876019670505,-34.15173685797117,-22.87343776986119,-11.278299088109982,0.0157339685234102,0.3619117833204017,0.9334627469339296,0.9168074658179308,1180.8499755859375,0.014933711824141
2016-09-16,928.5007934570312,1180.8499755859375,0.0,1188.0,1160.0,1168.3499755859375,0.0,4358004,0.014933711824141,0.0170534653332101,-0.1001505373363383,1239.8362548828125,1267.7255029296875,1227.7595647004962,28.213072976477548,-33.88445525211182,-25.07564126631132,-8.808813985800501,0.0158842092530787,0.5459594375806147,0.9524241374096208,0.9314713420665732,1205.7249755859375,0.0210653347286196
2016-09-19,948.060302734375,1205.7249755859375,0.0,1213.5,1175.0,1182.5,0.0,2802546,0.0210653347286196,0.025080236019733,-0.0860700359870426,1234.1587524414062,1266.987001953125,1225.6610324038716,37.61457086742975,-31.30456846402149,-26.321426705853355,-4.983141758168131,0.0167936839615199,-0.3569198192567056,0.976961005381827,0.9516474705164704,1203.25,-0.0020526866707183
2016-09-20,946.1143188476562,1203.25,0.0,1208.449951171875,1192.699951171875,1205.5,0.0,1184552,-0.0020526866707183,0.020114007837793,-0.0756673708469368,1229.2337524414063,1266.7540014648437,1223.5266483654077,39.282039753627885,-29.123976372355628,-26.88193663915381,-2.2420397332018176,0.0166666871314934,-0.5773300420403448,0.9788618296643748,0.9498687184793504,1206.699951171875,0.0028671939928319
2016-09-21,948.8264770507812,1206.699951171875,0.0,1212.0,1200.3499755859375,1203.8499755859375,0.0,1678020,0.0028671939928319,0.0364834774005431,-0.0530859070978185,1225.851251220703,1266.6219995117187,1221.924105775547,33.739576729601,-26.80842832816733,-26.86723497695652,0.0588066487891794,0.0162153268966716,0.4165861861699613,0.9843771419821472,0.9526914514646488,1189.0,-0.0146680632204267
2016-09-22,934.9094848632812,1189.0,0.0,1214.0,1185.550048828125,1212.625,0.0,2857574,-0.0146680632204267,0.0219386105843899,-0.0857538473466198,1220.275,1265.7605004882812,1218.7884766540667,33.52692818968394,-26.100705272179084,-26.71392903600104,0.6132237638219493,0.0154650553667986,0.7029439458409316,0.974370531232714,0.9393562206604884,1199.050048828125,0.0084525221430824
2016-09-23,942.8117065429688,1199.050048828125,0.0,1201.925048828125,1185.574951171875,1191.0,0.0,1800726,0.0084525221430824,0.0154126888414902,-0.0676308578253094,1215.926251220703,1265.092001953125,1216.9086263849294,37.00404754971851,-24.4470641648486,-26.26055606177055,1.813491896921953,0.015632212179761,-0.3698409909944589,0.9861207023241454,0.9477967191136768,1200.550048828125,0.0012509903164308
2016-09-26,943.9912109375,1200.550048828125,0.0,1209.550048828125,1197.5,1200.550048828125,0.0,1753476,0.0012509903164308,-0.0042919628129106,-0.0587796978897993,1212.1775024414062,1264.172001953125,1215.3506666176147,36.353817672716666,-22.753219261215463,-25.559088701659533,2.80586944044407,0.0156222350383574,-0.02623941676857,0.990407796226326,0.9496730246938668,1218.050048828125,0.0145766517748111
2016-09-27,957.7513427734376,1218.050048828125,0.0,1224.0,1200.550048828125,1200.550048828125,0.0,2038792,0.0145766517748111,0.0123000613572616,-0.0351887582858377,1209.9562561035157,1263.31400390625,1215.6077506376632,44.30319973129149,-19.770825456246712,-24.40143605257697,4.630610596330261,0.0159905997314588,0.1627145167655559,1.0066893267287813,0.9641704636074911,1211.5250244140625,-0.0053569427794368
2016-09-28,952.6209106445312,1211.5250244140625,0.0,1218.75,1207.5999755859375,1215.5,0.0,1731328,-0.0053569427794368,0.0039985691865667,-0.0309931808948675,1208.0187561035157,1263.0910034179688,1215.2189195687488,47.75870845574763,-17.72939834913109,-23.067028511887795,5.337630162756707,0.0159060160635921,-0.150806948428285,1.0029024949263672,0.9591747713629764,1218.9000244140625,0.0060873691020677
2016-09-29,958.4193725585938,1218.9000244140625,0.0,1228.25,1209.800048828125,1217.5,0.0,3603958,0.0060873691020677,0.0251472030395816,-0.0418017245829941,1205.360009765625,1263.1345043945312,1215.569500982588,70.17788121326075,-15.339626133024694,-21.52154803611517,6.18192190309048,0.015390850762369,1.0816148066686382,1.0112331706201787,0.964980388211569,1215.4000244140625,-0.0028714414061009
2016-09-30,955.667724609375,1215.4000244140625,0.0,1224.9000244140625,1211.550048828125,1218.5250244140625,0.0,2175364,-0.0028714414061009,0.0136357740879264,-0.0320551102754784,1203.347509765625,1262.7805053710938,1215.5533603570143,64.87565380714614,-13.571689198661945,-19.93157626862453,6.359887069962589,0.0151791217361435,-0.3963958514499892,1.010015822154969,0.9624792426272786,1205.8499755859375,-0.0078575354914354
2016-10-03,948.1585083007812,1205.8499755859375,0.0,1228.824951171875,1200.550048828125,1225.0,0.0,1818880,-0.0078575354914354,0.0044145821017507,-0.0382054033212861,1200.9525085449218,1261.9480053710938,1214.6292284740546,59.54320893686244,-12.793717556049389,-18.504004526109505,5.7102869700601175,0.0152451972778439,-0.1638732644283899,1.0040779856040682,0.9555464808800423,1202.574951171875,-0.0027159468261971
2016-10-04,945.5830688476562,1202.574951171875,0.0,1212.5250244140625,1199.0,1210.0,0.0,1780718,-0.0027159468261971,-0.0127048126397912,-0.0436019342911461,1198.2112548828125,1260.93900390625,1213.4812020643233,65.23032889168128,-12.29965377157987,-17.263134375203578,4.963480603623708,0.0152048890626236,-0.0209810432793807,1.0036418421804003,0.953713817596593,1193.175048828125,-0.007816479409113
2016-10-05,938.1920166015624,1193.175048828125,0.0,1207.699951171875,1188.050048828125,1204.0,0.0,1176354,-0.007816479409113,-0.0151461795804112,-0.0393309109121878,1195.7687561035157,1259.65150390625,1211.547282708495,61.03682252300557,-12.522249526023188,-16.3149574053675,3.792707879344313,0.0150819766963733,-0.3393934356815621,0.997830929046982,0.947226312299888,1194.375,0.0010056790686776
2016-10-06,939.1357421875,1194.375,0.0,1201.199951171875,1186.375,1197.5,0.0,2267572,0.0010056790686776,-0.0201206201680502,-0.0212247435175516,1194.4737548828125,1257.9495043945312,1209.911827212448,55.71279339442956,-12.458221610226246,-15.543610246339252,3.085388636113006,0.0146345393150179,0.9276272278582808,0.999917323522255,0.9494617994025678,1183.9000244140625,-0.0087702569008372
2016-10-07,930.8992919921876,1183.9000244140625,0.0,1194.0,1179.0999755859375,1194.0,0.0,1816512,-0.0087702569008372,-0.0259173929301063,0.0196804397958558,1195.616253662109,1256.10150390625,1207.434512660221,39.50469732155226,-13.101693841340875,-15.055226965339576,1.9535331239987013,0.009702307593995,-0.1989176087903713,0.9902006775065488,0.9425193909348458,1190.1500244140625,0.0052791619825274
2016-10-10,935.8134155273438,1190.1500244140625,0.0,1193.449951171875,1177.5250244140625,1184.949951171875,0.0,1202142,0.0052791619825274,-0.0130198212793811,0.0118387630913789,1196.3125061035155,1254.12900390625,1205.7883709224914,43.92111813134214,-12.9579562008596,-14.63577281244358,1.6778166115839817,0.0093427598226244,-0.3382141158439911,0.9948487693156992,0.9489853282294632,1164.449951171875,-0.0215939778305178
2016-10-13,915.6058349609376,1164.449951171875,0.0,1184.949951171875,1160.449951171875,1181.6500244140625,0.0,5173334,-0.0215939778305178,-0.0317028056861223,-0.0127806302792737,1195.5587524414063,1251.2255029296875,1201.8513785652897,33.75,-14.74782051665852,-14.65818235328657,-0.0896381633719514,0.0105577589366975,3.3034300440380586,0.9739796967685568,0.9306475518964156,1183.0999755859375,0.0160161665989109
2016-10-14,930.2703857421876,1183.0999755859375,0.0,1193.5,1145.5,1157.5,0.0,7741214,0.0160161665989109,-0.0084439188131554,0.0162125022189121,1196.5025024414062,1248.694501953125,1200.0655306624942,47.74722370595752,-14.494318297810878,-14.625409542191433,0.1310912443805545,0.0107564246837768,0.4963684927360189,0.9887985801716908,0.9474695161509972,1181.2249755859375,-0.0015848195745853
2016-10-17,928.7957763671876,1181.2249755859375,0.0,1187.9000244140625,1172.199951171875,1184.449951171875,0.0,2728346,-0.0015848195745853,-0.0110099628793824,0.0152560221512807,1197.3900024414063,1245.2365014648435,1198.2711920837744,42.74075760633861,-14.2801006813595,-14.556347770025049,0.2762470886655475,0.0107653973917349,-0.6475557968039638,0.986499781338988,0.9485948847438974,1200.0999755859375,0.0159791744926804
2016-10-18,943.6370239257812,1200.0999755859375,0.0,1207.8499755859375,1177.4000244140625,1188.0,0.0,2128632,0.0159791744926804,0.013683546615258,0.0163018168251629,1198.3525024414062,1242.2465014648435,1198.445361941123,49.83943162191046,-12.44383217067707,-14.133844650155453,1.6900124794783835,0.010839855634562,-0.2198086313099584,1.00145822964526,0.9660723328025416,1197.550048828125,-0.0021247619445767
2016-10-19,941.6318969726562,1197.550048828125,0.0,1205.0,1185.1500244140625,1200.5,0.0,1985058,-0.0021247619445767,0.0062177240366865,-0.0067800924119032,1197.9437561035156,1239.634501953125,1198.3600940255997,41.81309584863275,-11.06676316810831,-13.520428353746023,2.453665185637716,0.00975091014283,-0.0674489531304612,0.9996713474456672,0.9660509181870196,1200.574951171875,0.0025259089143789
2016-10-20,944.0107421875,1200.574951171875,0.0,1204.675048828125,1193.0,1198.449951171875,0.0,1265854,0.0025259089143789,0.0310232311518796,-0.0022231862274049,1197.8100036621097,1237.1260009765624,1198.5710328014354,45.50119613025532,-9.620443242171175,-12.740431331431056,3.119988089259879,0.0097612113595614,-0.3623088091128823,1.002308335630285,0.9704548689657846,1214.324951171875,0.0114528459773199
2016-10-21,954.8225708007812,1214.324951171875,0.0,1215.949951171875,1199.125,1200.0,0.0,1259660,0.0114528459773199,0.0263925080130891,0.0063188864743013,1198.1912536621094,1234.9214990234375,1200.0714059795723,48.21390616943182,-7.280785827352247,-11.648502230615296,4.367716403263048,0.0100805641614064,-0.0048931393351839,1.01346504363177,0.9833215731786596,1213.8499755859375,-0.0003911437259681
2016-10-24,957.0101928710938,1213.8499755859375,3.25,1217.449951171875,1201.2750244140625,1214.0999755859375,0.0,1253190,-0.0003911437259681,0.0276196327323816,0.0208998953624368,1199.4337524414063,1232.7034985351563,1201.3836507039882,49.38022740939157,-5.402638773282888,-10.399329539148813,4.9966907658659245,0.0094456147893423,-0.0051363066224219,1.0120191908183236,0.9847055492487669,1199.2249755859375,-0.0120484411534798
2016-10-25,945.4795532226562,1199.2249755859375,0.0,1207.300048828125,1190.5,1202.5,0.0,1772466,-0.0120484411534798,-0.0007291059226735,0.0001458877867386,1199.4424987792968,1230.1859985351562,1201.1780625975073,47.45436602118985,-5.03625417225112,-9.326714465769276,4.290460293518155,0.0097117509600846,0.4143633447442127,0.9998186464181644,0.9748322424526978,1198.125,-0.0009172387236181
2016-10-26,944.612548828125,1198.125,0.0,1201.375,1186.25,1199.300048828125,0.0,1437130,-0.0009172387236181,0.0004801061737984,-0.0020199481316852,1199.321246337891,1227.3944995117188,1200.887294731078,48.26105456779664,-4.779554840152969,-8.417282540646013,3.637727700493045,0.0097097652685509,-0.1891917813938321,0.9990025638739052,0.976153144304164,1209.050048828125,0.0091184549426186
2016-10-27,953.2257080078124,1209.050048828125,0.0,1214.75,1182.75,1189.8499755859375,0.0,2941602,0.0091184549426186,0.0070591991345292,-0.0073888589460333,1198.8712463378906,1224.4765014648438,1201.664699883178,56.13053406470323,-3.652455401762154,-7.464317112869242,3.811861711107088,0.00934675437508,1.0468586697097688,1.0084903216432348,0.9874015935640544,1199.3499755859375,-0.008022888094326
2016-10-28,945.5780639648438,1199.3499755859375,0.0,1207.550048828125,1194.0,1205.0,0.0,1752102,-0.008022888094326,-0.0123319343570154,-0.0100493581088126,1198.2624938964843,1221.0790014648437,1201.4442499501074,51.80285430920003,-3.501571879302901,-6.671768066155975,3.170196186853074,0.0094407675466528,-0.4043714955320264,1.0009075488008616,0.9822050613819094,1175.0,-0.020302644000173
2016-11-01,926.3805541992188,1175.0,0.0,1199.8499755859375,1167.074951171875,1199.8499755859375,0.0,2934776,-0.020302644000173,-0.0320055825409431,-0.0360160993803947,1196.0674926757813,1217.662001953125,1198.9257499548592,47.06946794699165,-5.285902535179503,-6.394594959960681,1.108692424781179,0.0102837178051184,0.6750029393265917,0.9823860335601544,0.964964003241708,1152.0250244140625,-0.0195531707114361
2016-11-02,908.2669677734376,1152.0250244140625,0.0,1172.0,1147.5,1170.5,0.0,2325076,-0.0195531707114361,-0.0393587126125465,-0.0521433262522376,1192.8987426757812,1214.457001953125,1194.459014189069,38.69197358950184,-8.456405773446477,-6.806957122657841,-1.649448650788636,0.0110264168484716,-0.2077500974520713,0.9657358023783014,0.948592681800461,1159.7249755859375,0.0066838402019879
2016-11-03,914.3375854492188,1159.7249755859375,0.0,1167.5,1142.25,1147.0,0.0,1463310,0.0066838402019879,-0.0320500986241523,-0.0382510270214894,1190.5924926757812,1211.2660009765625,1191.15101051258,48.43102077082534,-10.229807866372768,-7.491527271400827,-2.73828059497194,0.0111414329510133,-0.3706399274690375,0.9740738184729596,0.9574486319693024,1165.2750244140625,0.0047856594838968
2016-11-04,918.7135009765624,1165.2750244140625,0.0,1168.074951171875,1147.0,1160.0,0.0,1183752,0.0047856594838968,-0.0362061309674414,-0.0310167168553318,1188.727496337891,1208.5365014648437,1188.6866308841495,43.517013942535655,-11.059907515665373,-8.205203320253737,-2.8547041954116352,0.0112379829894932,-0.1910449597146196,0.9802709435122194,0.9642034171095828,1138.5250244140625,-0.0229559541220328
2016-11-07,897.6234130859375,1138.5250244140625,0.0,1172.449951171875,1130.0250244140625,1168.949951171875,0.0,2048052,-0.0229559541220328,-0.0507149309292804,-0.0458021850756408,1185.9949951171875,1205.8200024414064,1183.9093350298556,36.84940261810417,-13.718134790573686,-9.307789614317729,-4.410345176255959,0.0121571520128779,0.7301360420087991,0.9599745606865444,0.944191522871496,1141.5999755859375,0.0027008200135587
2016-11-08,900.047607421875,1141.5999755859375,0.0,1153.5,1130.0,1140.2249755859375,0.0,1933634,0.0027008200135587,-0.0284255526928191,-0.0441863103414442,1183.3562438964843,1202.6415014648437,1179.879872225673,30.0409150579408,-15.399164216855752,-10.526064534825332,-4.87309968203042,0.0121870703254942,-0.0558667455709132,0.9647136958748328,0.9492437889391342,1084.925048828125,-0.0496451716624498
2016-11-09,855.364501953125,1084.925048828125,0.0,1137.5,1071.425048828125,1090.0,0.0,4500226,-0.0496451716624498,-0.0582452413480042,-0.0836007885335776,1178.4074951171874,1198.619501953125,1170.8365557116208,21.93843039354521,-21.061797791154504,-12.633211186091168,-8.428586605063337,0.0161366504058332,1.3273411617710489,0.920670526387168,0.9051455003529164,1077.7249755859375,-0.0066364706483315
2016-11-10,849.6881103515625,1077.7249755859375,0.0,1108.75,1070.4000244140625,1102.4000244140625,0.0,2172426,-0.0066364706483315,-0.0707064189581417,-0.0944629219190029,1172.7862426757813,1194.6635009765623,1161.9687861758414,20.01464724744372,-25.83267839670657,-15.273104628214249,-10.55957376849232,0.0159863564103844,-0.5172629107960356,0.9189440806596127,0.9021159303058685,1050.574951171875,-0.0251919785001749
2016-11-11,828.2828369140625,1050.574951171875,0.0,1073.5250244140625,1043.0999755859375,1073.5250244140625,0.0,2398424,-0.0251919785001749,-0.0984317614632325,-0.0977929535618074,1167.0924926757812,1190.4255004882812,1151.359849508797,12.485681557846505,-31.44197223298488,-18.506878149168376,-12.935094083816503,0.0162037539188978,0.1040302408459482,0.9001642609860615,0.8825205363468414,1060.6500244140625,0.0095900565980078
2016-11-15,836.2260131835938,1060.6500244140625,0.0,1078.7750244140625,1025.949951171875,1058.449951171875,0.0,6290324,0.0095900565980078,-0.0683999019170247,-0.1034992424129084,1160.9699951171874,1186.6330004882811,1142.7208185473935,16.381416390041935,-34.67469549584348,-21.7404416185034,-12.934253877340083,0.015824240360881,1.6226905668055356,0.913589523308052,0.8938315586854751,1094.800048828125,0.0321972598199185
2016-11-16,863.1502075195312,1094.800048828125,0.0,1104.449951171875,1069.0,1072.550048828125,0.0,4019958,0.0321972598199185,-0.0409950313232898,-0.0731655091486209,1156.648748779297,1183.0875024414063,1138.1569357169872,28.89340571439287,-34.08808419017123,-24.209970132836965,-9.878114057334264,0.0179101893582938,-0.3609298980465871,0.946527673144984,0.9253753814226824,1068.5999755859375,-0.023931377487818
2016-11-17,842.4937133789062,1068.5999755859375,0.0,1104.300048828125,1065.074951171875,1092.5,0.0,2504688,-0.023931377487818,-0.0150471899047965,-0.1095742043789279,1150.073748779297,1179.3465014648436,1131.532463323554,26.23177906892873,-35.33005457467448,-26.43398702120447,-8.896067553470008,0.017832679038942,-0.3769367739662951,0.9291577837683568,0.9060950062247608,1062.550048828125,-0.0056615449148734
2016-11-18,837.72412109375,1062.550048828125,0.0,1075.0,1052.0999755859375,1071.0,0.0,2140534,-0.0056615449148734,-0.0140805187794429,-0.1127301528083153,1143.323748779297,1175.5225024414062,1124.9627095620845,22.62706529573302,-36.38310183011163,-28.4238099829859,-7.959291847125726,0.0178135811133738,-0.1453889666098133,0.9293518567794884,0.9038959667903828,1066.449951171875,0.0036703234337536
2016-11-21,840.7986450195312,1066.449951171875,0.0,1070.0,1052.5,1063.0999755859375,0.0,1793366,0.0036703234337536,0.0151107733744195,-0.1117173066696762,1136.617498779297,1171.7035009765625,1119.390065905874,24.618017266099827,-36.48241328965514,-30.03553064431976,-6.446882645335389,0.0178435803051105,-0.1621875662801899,0.9382663493367114,0.9101704913256952,1067.5,0.0009846208225441
2016-11-22,841.6264038085938,1067.5,0.0,1088.7249755859375,1061.0250244140625,1066.0,0.0,1318860,0.0009846208225441,0.0064582807035917,-0.1209107587142821,1129.2762512207032,1168.2130004882813,1114.4481548672195,27.46331236897275,-36.06070283674467,-31.240565082804736,-4.820137753939932,0.017461763204944,-0.2645896041298876,0.9452957138220824,0.9137888377837038,1078.175048828125,0.0100000457406324
2016-11-23,850.0426635742188,1078.175048828125,0.0,1081.4749755859375,1063.5999755859375,1074.5,0.0,1275808,0.0100000457406324,-0.0151854213176144,-0.1117724014389182,1122.4925048828125,1165.3710009765623,1110.9935733396867,33.675961168485586,-34.46778388208713,-31.886008842661216,-2.581775039425917,0.0177974523054819,-0.0326433434936232,0.96051870648409,0.9251775167947645,1094.2249755859375,0.0148861975383842
2016-11-24,862.6965942382812,1094.2249755859375,0.0,1103.800048828125,1068.5,1077.449951171875,0.0,3026234,0.0148861975383842,0.023979974345357,-0.0875565487190569,1117.2425048828125,1164.0344995117186,1109.396564029806,36.03709521118081,-31.546639160497307,-31.81813490622844,0.27149574573113,0.0183080528473352,1.3720136572274195,0.9793979111998704,0.940027959691002,1150.175048828125,0.0511321478585582
2016-11-25,906.8082885742188,1150.175048828125,0.0,1153.625,1096.0999755859375,1106.0,0.0,4276148,0.0511321478585582,0.0824667036594093,-0.0400208251825769,1114.8450073242188,1163.5135009765625,1113.280229248693,47.3504173180009,-24.435233445795348,-30.34155461414182,5.906321168346473,0.0221309394008508,0.4130262233521928,1.0316905410813142,0.9885360572634162,1141.300048828125,-0.0077162167698233
2016-11-28,899.8111572265625,1141.300048828125,0.0,1159.7249755859375,1125.949951171875,1147.0,0.0,1924296,-0.0077162167698233,0.0701862263428307,-0.0560357282692034,1111.4575073242188,1162.7490014648438,1115.9487834943534,50.519521417774925,-19.29313229101968,-28.1318701495174,8.83873785849772,0.0220133383542174,-0.5499931246533095,1.0268499167149905,0.98155323925482,1129.925048828125,-0.0099667042086607
2016-11-29,890.8430786132812,1129.925048828125,0.0,1146.0,1126.2750244140625,1137.5,0.0,1442296,-0.0099667042086607,0.0584777974970724,-0.0578854614341366,1107.986260986328,1162.0630029296874,1117.279856383284,47.88017765184476,-15.95196321202434,-25.695888762018782,9.743925549994444,0.0220425834193266,-0.25048121494822,1.0198005955617782,0.9723440518968944,1138.0250244140625,0.0071685954695297
2016-11-30,897.2293090820312,1138.0250244140625,0.0,1147.375,1121.1500244140625,1132.5,0.0,3445832,0.0071685954695297,0.0555104439218741,-0.0314680643284575,1106.1375122070312,1161.55400390625,1119.2555866719294,61.7063350030975,-12.506297496986916,-23.057970509012414,10.551673012025496,0.0217449236504199,1.3891295545435889,1.0288278011143546,0.9797435337375096,1131.7249755859375,-0.0055359492919487
2016-12-01,892.2622680664062,1131.7249755859375,0.0,1145.0,1127.0250244140625,1138.5,0.0,1123052,-0.0055359492919487,0.0342708317180564,-0.0176211873856211,1105.122509765625,1160.57150390625,1120.4431475208826,61.95218348469177,-10.166747940189907,-20.479725995247914,10.312978055058007,0.0213504325492508,-0.674083936767666,1.0240719608778528,0.9751445488509576,1110.925048828125,-0.0183789588517683
2016-12-02,875.8630981445312,1110.925048828125,0.0,1135.4000244140625,1102.5999755859375,1129.0,0.0,1998032,-0.0183789588517683,-0.0341252403623174,-0.0420788788593234,1102.6825134277344,1158.6755053710938,1119.5366619310962,63.7440410463072,-9.87716055938904,-18.35921290807614,8.482052348687102,0.0216296515894897,0.7791090706396498,1.0074749851385312,0.9587887580935134,1093.0,-0.0161352458899306
2016-12-05,861.7308349609375,1093.0,0.0,1118.925048828125,1085.0,1114.5,0.0,2249526,-0.0161352458899306,-0.0423202021919818,-0.0620240054062813,1099.068762207031,1156.470505371094,1117.0093607948013,57.11301057888914,-10.967634050072093,-16.880897136475333,5.913263086403241,0.021793286062077,0.1258708569232124,0.9944782688620458,0.9451170565299224,1091.175048828125,-0.0016696717034537
2016-12-06,860.2923583984375,1091.175048828125,0.0,1101.9749755859375,1084.949951171875,1095.0,0.0,1593444,-0.0016696717034537,-0.0342943100873713,-0.0415888755807594,1096.7012634277344,1154.160007324219,1114.5489501313084,49.0708699455713,-11.842586490385427,-15.873235007257351,4.030648516871924,0.0212796548765215,-0.291653441658376,0.9949610575059088,0.9454278799331154,1077.2750244140625,-0.0127385834463411
2016-12-07,849.333251953125,1077.2750244140625,0.0,1092.2249755859375,1072.824951171875,1091.0999755859375,0.0,2065706,-0.0127385834463411,-0.053381954435737,-0.0563463144249452,1093.4850158691406,1151.9255078125,1110.9990524439515,52.37315099526345,-13.501966144853668,-15.398981234776617,1.8970150899229488,0.0213834960431705,0.2963781595085864,0.9851758449180084,0.9351950426549732,1097.875,0.0191222994305859
2016-12-08,865.5742797851562,1097.875,0.0,1099.5,1080.0,1080.25,0.0,3239546,0.0191222994305859,-0.0299100720724238,0.0119362634182544,1094.1325134277345,1149.9020068359375,1109.7491426873846,58.95095905563055,-13.004878463922523,-14.9201606806058,1.915282216683277,0.0188076717713863,0.5682512419482734,1.0034205057672043,0.9547552691215012,1097.625,-0.000227712626665
2016-12-09,865.37744140625,1097.625,0.0,1109.949951171875,1086.6500244140625,1102.5,0.0,1588718,-0.000227712626665,-0.0119720487373605,0.0184648448025834,1095.1275146484377,1147.843505859375,1108.5944624314432,58.048287328893615,-12.487161580413384,-14.43356086056732,1.9463992801539327,0.0187294633777153,-0.5095862197974654,1.0022805429670574,0.9562496929215302,1104.0999755859375,0.0058990780876324
2016-12-12,870.4822998046875,1104.0999755859375,0.0,1108.800048828125,1081.5,1097.4000244140625,0.0,1311758,0.0058990780876324,0.0101555128874084,0.0509483158287349,1097.8037658691403,1145.5645043945312,1108.1664160652049,59.19135612102068,-11.422716834849323,-13.831392055423722,2.4086752205743966,0.0176958880024396,-0.1743292390468289,1.005735277936319,0.9638042828234198,1100.1500244140625,-0.0035775303498025
2016-12-13,867.3679809570312,1100.1500244140625,0.0,1109.0,1091.5,1109.0,0.0,2147534,-0.0035775303498025,0.0082250557282961,0.0372413134311868,1099.778765869141,1143.3370043945313,1107.4029501936673,55.711498253417815,-10.77367256260709,-13.219848156860396,2.446175594253308,0.0176684123626373,0.6371419118465449,1.000337575661982,0.962227252494693,1103.800048828125,0.0033177515184863
2016-12-14,870.2457275390625,1103.800048828125,0.0,1112.3499755859375,1094.5,1107.0,0.0,1870366,0.0033177515184863,0.0246223330281787,0.0082206792095356,1100.2287658691407,1141.0350048828125,1107.0598167302824,52.66011238812904,-9.85121515887272,-12.546121557262865,2.694906398390144,0.0161865126811216,-0.1290633815343552,1.0032459458157896,0.9673673849659752,1129.6500244140625,0.0234190745084508
2016-12-15,890.626220703125,1129.6500244140625,0.0,1136.050048828125,1101.0,1101.0,0.0,4295410,0.0234190745084508,0.0289422970867014,0.0571308723778043,1103.281268310547,1139.3200048828126,1109.2112650811189,43.15261346745128,-6.9541212469962375,-11.42772149520954,4.473600248213302,0.0158799962409958,1.2965612078063866,1.0239003025437874,0.9915124983083706,1141.324951171875,0.0103349944721757
2016-12-16,899.830810546875,1141.324951171875,0.0,1145.0,1126.0,1138.5,0.0,1987230,0.0103349944721757,0.0398131886317048,0.0741375923238909,1107.2200134277343,1138.0295043945312,1112.2697113754764,50.00815535470996,-3.673735890948137,-9.87692437435726,6.2031884834091215,0.015828868913591,-0.5373596466926324,1.0308023132986537,1.002895748101977,1144.449951171875,0.0027380458096455
2016-12-19,902.2943115234376,1144.449951171875,0.0,1148.8499755859375,1130.6500244140625,1140.0,0.0,1334210,0.0027380458096455,0.0365455814492923,0.0731398598821155,1111.1200134277344,1136.8670043945312,1115.3344961179905,55.02853452880838,-0.8124797186490014,-8.064035443215607,7.251555724566606,0.0158303317811992,-0.3286081631215309,1.0299967036335884,1.0066700385779797,1169.6500244140625,0.022019375523048
2016-12-20,922.1625366210938,1169.6500244140625,0.0,1172.5,1143.5250244140625,1146.0,0.0,2922760,0.022019375523048,0.0631732022521343,0.0956908893808548,1116.2275146484376,1136.39650390625,1120.507403574759,59.78951218701161,3.4487664837388365,-5.761475057824718,9.210241541563557,0.0163344598090155,1.190629660997894,1.0478598753968635,1.0292622516819674,1156.800048828125,-0.010986171348455
2016-12-21,912.0313110351562,1156.800048828125,0.0,1171.9000244140625,1152.800048828125,1171.9000244140625,0.0,2034902,-0.010986171348455,0.0480159427935056,0.072924150939551,1120.1587646484377,1135.6450048828126,1123.9638459798418,57.45949687297775,5.72297823107624,-3.4645844000445267,9.187562631120766,0.0166474471451788,-0.303773830215276,1.0327107954122805,1.0186282190775764,1153.8499755859375,-0.0025502015194207
2016-12-22,909.7059326171876,1153.8499755859375,0.0,1162.5,1143.0999755859375,1153.0,0.0,1868300,-0.0025502015194207,0.0214225208240288,0.0544906224317096,1123.1400146484375,1135.04400390625,1126.8101440375651,64.28688092322469,7.204215458461249,-1.3308244283433717,8.53503988680462,0.0164840978499736,-0.0818722474104404,1.0273429497097142,1.0165684956838386,1144.050048828125,-0.0084932417256723
2016-12-23,901.9793090820312,1144.050048828125,0.0,1158.875,1139.4000244140625,1150.0,0.0,1118954,-0.0084932417256723,0.0023876615099425,-0.0053252763622724,1122.8337646484374,1134.1220043945314,1128.452039731904,67.96273802017384,7.500869095151529,0.4355142763556086,7.065354818795921,0.0120843276406606,-0.4010844082856072,1.0188953029804286,1.008753947454616,1146.550048828125,0.0021852190842182
2016-12-26,903.9503173828124,1146.550048828125,0.0,1150.800048828125,1133.0,1133.0,0.0,897408,0.0021852190842182,0.0018350279574039,0.0046000173270741,1123.0962646484377,1133.7640063476565,1130.17565964583,69.39241389452229,7.847240245320336,1.917859470148554,5.929380775171782,0.0119623086729795,-0.1979938406762029,1.020883146812913,1.0112775166691506,1161.699951171875,0.0132134679678697
2016-12-27,915.8945922851562,1161.699951171875,0.0,1165.0,1140.75,1140.75,0.0,1294692,0.0132134679678697,-0.0067969675340878,0.0281212478444516,1124.685009765625,1133.336005859375,1133.1779731245008,79.30916700498622,9.237725632614229,3.381832702641689,5.85589292997254,0.0120382174396576,0.4427016474112109,1.0329113850410112,1.0250269515535178,1156.699951171875,-0.0043040373677869
2016-12-28,911.9527587890624,1156.699951171875,0.0,1174.949951171875,1151.574951171875,1163.3499755859375,0.0,1350418,-0.0043040373677869,-8.652978217926766e-05,0.0164099438563996,1125.6187561035156,1132.845505371094,1135.4181615099649,72.90248808048241,9.823003635393206,4.670066889191993,5.152936746201213,0.0120250253076323,0.0430418972234322,1.0276125419017992,1.0210571041573466,1175.8499755859375,0.0165557406608871
2016-12-29,927.0504760742188,1175.8499755859375,0.0,1179.949951171875,1151.5,1151.5,0.0,1963516,0.0165557406608871,0.019066603514749,0.0389891545665985,1127.8250061035155,1132.3605053710935,1139.2688104695812,76.54846982106828,11.697248990995377,6.07550330955267,5.6217456814427065,0.0124127923386576,0.4540060929282637,1.0425819335646245,1.038406028829654,1182.7750244140625,0.0058893982837173
2016-12-30,932.5101318359376,1182.7750244140625,0.0,1189.300048828125,1172.824951171875,1177.449951171875,0.0,1405748,0.0058893982837173,0.03384902227451,0.0646758083830492,1131.4175048828124,1132.0650048828124,1143.4122594166747,76.61989538829579,13.584798404141113,7.577362328470358,6.0074360756707526,0.011467277640669,-0.2840659307079748,1.04539219104319,1.044794264739682,1180.675048828125,-0.0017754649384634
2017-01-02,930.8547973632812,1180.675048828125,0.0,1187.550048828125,1176.199951171875,1183.300048828125,0.0,823132,-0.0017754649384634,0.029763201383907,0.0802150492480557,1135.8012573242188,1131.6670068359374,1146.9610965034797,77.59125058452406,14.741315722067611,9.010153007189809,5.731162714877803,0.0106104385616153,-0.4144526615012079,1.0395084890200088,1.0433060623806738,1184.125,0.0029220158207792
2017-01-03,933.5746459960938,1184.125,0.0,1185.8499755859375,1171.6500244140625,1180.625,0.0,1475324,0.0029220158207792,0.0193036496261393,0.0851833546521241,1140.4487548828124,1131.0630078125,1150.5005158841009,77.5604844451816,15.754636611964996,10.359049728144846,5.395586883820151,0.0105325486007512,0.7923297842873318,1.038297420142894,1.046913383092709,1189.75,0.0047503430803335
2017-01-04,938.0096435546876,1189.75,0.0,1194.425048828125,1179.1500244140625,1184.8499755859375,0.0,1420066,0.0047503430803335,0.0285727070314487,0.104406927699,1146.0725036621093,1130.5810083007811,1154.238561990377,73.94423667073568,16.817726920437963,11.65078516660347,5.166941753834493,0.0097539839561691,-0.0374548234828417,1.0381105874177468,1.0523350306300896,1167.199951171875,-0.01895360271328
2017-01-05,920.2305908203124,1167.199951171875,0.0,1194.9749755859375,1160.199951171875,1192.0,0.0,2216404,-0.01895360271328,-0.0073564014063546,0.0631446668991233,1149.538751220703,1129.9405078125,1155.4729800076625,59.48670944087993,15.660113131152457,12.452650759513268,3.2074623716391883,0.0105412313412959,0.5607753442445633,1.0153637273492673,1.0329746947753091,1140.699951171875,-0.0227039077352546
2017-01-06,899.3382568359375,1140.699951171875,0.0,1164.675048828125,1128.550048828125,1160.5,0.0,3009896,-0.0227039077352546,-0.03557318371939,0.0392437774029152,1151.6924987792968,1128.7920068359374,1154.0660248804447,48.82629107981221,12.460727818964187,12.454266171403452,0.0064616475607355,0.0120122502056008,0.3580087384790859,0.990455310233354,1.0105492812350048,1151.8499755859375,0.0097747215668833
2017-01-09,908.1287231445312,1151.8499755859375,0.0,1155.6500244140625,1128.5,1137.5,0.0,1854578,0.0097747215668833,-0.0244140614903294,0.0432478951687862,1154.0799987792968,1127.648005371094,1153.854972566682,43.89153919237517,10.701544945648038,12.10372192625237,-1.402176980604331,0.0121094135236126,-0.3838398403134194,0.9980677048421964,1.021462344720664,1157.675048828125,0.0050571457790971
2017-01-10,912.7213745117188,1157.675048828125,0.0,1164.9000244140625,1145.75,1152.0,0.0,1533914,0.0050571457790971,-0.0223371275599071,0.0522883453506264,1156.95625,1126.8145068359374,1154.218789353486,50.315485737122216,9.665991044898192,11.616175749981537,-1.950184705083343,0.012046770674863,-0.1729040245274127,1.000621284364145,1.027387419850356,1162.199951171875,0.0039086117890598
2017-01-11,916.28857421875,1162.199951171875,0.0,1164.800048828125,1140.0999755859375,1157.5,0.0,1931296,0.0039086117890598,-0.0231561662770539,0.0529080447185625,1159.8762451171874,1126.558505859375,1154.9789000028566,52.97682098166376,9.105466767802,11.114033953545627,-2.008567185743628,0.0120492947320927,0.2590640674770554,1.0020034086088665,1.0316374561348784,1172.175048828125,0.0085829444805878
2017-01-12,924.1530151367188,1172.175048828125,0.0,1180.0,1152.0,1162.199951171875,0.0,2570374,0.0085829444805878,0.0042624210626935,0.0376444239321995,1162.0024963378903,1126.9615063476565,1156.616628462406,60.01423899607254,9.35827785356355,10.762882733549212,-1.404604879985662,0.0111245737217248,0.3309062929763226,1.0087543292912828,1.040119864099884,1124.6500244140625,-0.040544306468198
2017-01-13,886.68408203125,1124.6500244140625,0.0,1178.9749755859375,1118.925048828125,1174.0,0.0,10235580,-0.040544306468198,-0.0140702440999702,-0.0146101482673196,1161.16875,1126.2600073242188,1153.5721899816117,44.09543926535357,5.658532137256998,9.74201261429077,-4.083480477033772,0.0144242906496104,2.982136451738152,0.9685500272153056,0.9985705051234294,1129.2750244140625,0.0041123904322231
2017-01-16,890.33056640625,1129.2750244140625,0.0,1136.949951171875,1114.0,1125.0,0.0,3364808,0.0041123904322231,-0.0195988641319294,-0.013259580938663,1160.4100036621094,1125.5400073242188,1151.2581742132736,40.73177216541392,3.064332135737459,8.406476518580108,-5.342144382842649,0.0144444686221585,-0.6712635727530829,0.9731689841092468,1.0033184223266511,1139.375,0.0089437695579763
2017-01-17,898.2933349609375,1139.375,0.0,1143.9000244140625,1126.4000244140625,1127.449951171875,0.0,3009956,0.0089437695579763,-0.0158075868065478,-0.0258838317292634,1158.8962524414062,1125.5570068359375,1150.126443335819,45.188185786762105,1.802614151251646,7.085704045114416,-5.28308989386277,0.0136419885544641,-0.1054598063247591,0.983155306266388,1.0122765822434052,1147.550048828125,0.0071750291415249
2017-01-18,904.738525390625,1147.550048828125,0.0,1149.0,1132.7249755859375,1139.0,0.0,3136574,0.0071750291415249,-0.0126053200475341,-0.0079961960663561,1158.4337524414063,1125.6760083007812,1149.8810724303244,41.629725481077855,1.4456867006783796,5.957700576227209,-4.5120138755488295,0.0135619585529157,0.0420663956549531,0.9906048113754076,1.0194319150146611,1145.5,-0.0017864570091896
2017-01-19,903.12255859375,1145.5,0.0,1147.574951171875,1141.4749755859375,1147.5,0.0,2251676,-0.0017864570091896,-0.0227568816234343,-0.0072366215388592,1158.0162536621094,1126.8875073242189,1149.4638274369602,38.647788758166826,0.986030965927057,4.963366654167179,-3.977335688240122,0.0135564008084961,-0.2821224686552908,0.989191642498516,1.016516726429931,1142.675048828125,-0.0024661293512657
2017-01-20,900.8951416015624,1142.675048828125,0.0,1150.0,1132.5,1143.5,0.0,2037246,-0.0024661293512657,0.0160272298250769,-0.00120187049632,1157.9475036621093,1128.1865087890626,1148.8172770932615,38.47787560831529,0.3893127786541299,4.048555879064569,-3.659243100410439,0.0134304904620979,-0.0952312854957818,0.9868107536950648,1.0128423269789086,1153.3499755859375,0.009342049403074
2017-01-23,911.9048461914062,1153.3499755859375,3.25,1156.75,1129.9000244140625,1132.5,0.0,2318546,0.009342049403074,0.0213189441468135,0.0059307718531456,1158.2875,1130.2420092773436,1149.2489626639924,41.06027521029411,0.7689230253890855,3.3926293083294725,-2.623706282940387,0.0135854737748427,0.1380785629226907,0.9957372203239158,1.020445149020225,1159.175048828125,0.0050505686612845
2017-01-24,916.5105590820312,1159.175048828125,0.0,1161.5,1145.0,1152.0,0.0,2282638,0.0050505686612845,0.0173779912918266,-0.0021734548075025,1158.1612548828125,1132.212509765625,1150.1943042034336,41.128705492998456,1.5222540126590047,3.0185542491953794,-1.496300236536375,0.0132993827042547,-0.0154872924669167,1.0008753478335062,1.023814026810286,1176.5,0.0149459317549922
2017-01-25,930.2090454101562,1176.5,0.0,1180.0,1159.0250244140625,1161.300048828125,0.0,4111648,0.0149459317549922,0.0252276153022159,0.0171177052511026,1159.1512573242187,1133.8465087890625,1152.6996085650114,52.78277779563498,3.4771703609812903,3.110277471552562,0.3668928894287284,0.0136648401359964,0.8012702846443457,1.0149667634540027,1.0376183997395654,1178.9000244140625,0.0020399697527093
2017-01-27,932.1064453125,1178.9000244140625,0.0,1189.375,1172.5250244140625,1172.5250244140625,0.0,2871658,0.0020399697527093,0.0291575944251964,0.0025939098451783,1159.303759765625,1136.052509765625,1155.194886264921,63.35665756404204,5.160629044566804,3.52034778615541,1.6402812584113935,0.013168192494982,-0.301579804496883,1.0169034771804752,1.0377161392454273,1166.449951171875,-0.0105607540795288
2017-01-30,922.2626953125,1166.449951171875,0.0,1175.9749755859375,1159.074951171875,1170.5,0.0,2577956,-0.0105607540795288,0.0208063546746142,-0.0138023486336928,1158.4875061035157,1138.1305078125,1156.2667972084405,55.0588906080414,5.42759933239131,3.90179809540259,1.5258012369887195,0.0133080006447674,-0.1022761066951565,1.0068731384899785,1.0248824218004713,1114.9000244140625,-0.044193860787617
2017-01-31,881.5042114257812,1114.9000244140625,0.0,1166.0250244140625,1100.0250244140625,1160.0,0.0,4666804,-0.044193860787617,-0.0333376269005782,-0.0557096759852316,1155.1987548828124,1139.0995092773437,1152.327104561357,38.7448970087076,1.4626662343953285,3.413971723201138,-1.9513054888058097,0.0165007917050386,0.8102729449222562,0.9651153272989478,0.9787556006598286,1083.949951171875,-0.027760402336033
2017-02-01,857.0332641601562,1083.949951171875,0.0,1119.9749755859375,1077.7750244140625,1110.0,0.0,4864152,-0.027760402336033,-0.0648953734229349,-0.0845983733373799,1150.1900024414062,1139.4285083007812,1145.8149947147397,31.924248234789857,-4.129383103689179,1.905300757823075,-6.034683861512254,0.0173519918598491,0.0422876126788268,0.9424094704971098,0.9513101903939188,1103.824951171875,0.0183357174180531
2017-02-02,872.7477416992188,1103.824951171875,0.0,1109.5,1076.5,1085.0250244140625,0.0,6009482,0.0183357174180531,-0.0617722471977263,-0.0722210958841143,1145.89375,1139.9415063476563,1141.8159429487523,34.90168584772363,-6.8780897577019005,0.14862265471808,-7.026712412419981,0.0179780708695297,0.2354634476883123,0.9632873476898492,0.9683171855970946,1116.2750244140625,0.0112790286439619
2017-02-03,882.59130859375,1116.2750244140625,0.0,1121.5,1095.5,1104.8499755859375,0.0,2153372,0.0112790286439619,-0.0531215528909042,-0.0436299939069425,1143.3475036621094,1140.3825073242188,1139.3834745168774,47.81074537023446,-7.960083831894053,-1.4731186426043468,-6.486965189289706,0.017888626400363,-0.641670946014981,0.9763217401871832,0.9788601782688496,1120.375,0.0036729081062165
2017-02-06,885.8333740234375,1120.375,0.0,1129.25,1107.4749755859375,1129.0,0.0,2408910,0.0036729081062165,-0.0395001526860074,-0.0178179644445453,1142.3312561035157,1139.7865063476563,1137.5731436105082,47.66709863210943,-8.390023201321355,-2.8564995543477485,-5.533523646973607,0.0172484497582622,0.1186687669385503,0.9807794315473708,0.982969173402606,1122.300048828125,0.0017182183002342
2017-02-07,887.3552856445312,1122.300048828125,0.0,1126.300048828125,1113.0,1122.0,0.0,1814638,0.0017182183002342,0.0066373883326009,-0.0256543190381896,1140.853759765625,1139.4065063476562,1136.1185631550431,45.32385789245655,-8.47769233693316,-3.980738110864831,-4.496954226068329,0.0170828860555672,-0.246697468979746,0.9837369945282806,0.9849865193640456,1135.4749755859375,0.0117392196245285
2017-02-08,897.7720336914062,1135.4749755859375,0.0,1141.300048828125,1122.0250244140625,1122.449951171875,0.0,2212584,0.0117392196245285,0.0475345050372095,-0.0191764288818868,1139.7437561035156,1139.5175048828123,1136.0572691008426,46.78126921837936,-7.398775794844141,-4.664345647660693,-2.734430147183448,0.0172750876109441,0.2192977332118031,0.9962546138158528,0.9964524201870064,1158.6500244140625,0.020410004030398
2017-02-09,916.0958251953124,1158.6500244140625,0.0,1164.0,1135.0999755859375,1137.5,0.0,4033202,0.020410004030398,0.0496682677665354,-0.0030544888203041,1139.566259765625,1139.9300048828125,1138.208960083054,53.15045994229299,-4.62043243461244,-4.655563005051042,0.0351305704386026,0.0178958846537314,0.8228469517993441,1.0167465160405524,1.0164220780671305,1198.9749755859375,0.0348033921565467
2017-02-10,947.978759765625,1198.9749755859375,0.0,1212.2249755859375,1155.5,1155.5,0.0,5782160,0.0348033921565467,0.0740856414083837,0.0228634168459784,1140.9062561035155,1141.2750048828125,1143.9961996547572,61.43377538771691,0.8257920286771423,-3.559291998305405,4.385084026982548,0.01945051841671,0.4336400705940342,1.050897012065427,1.0505574646393396,1207.125,0.0067974933422438
2017-02-13,954.4230346679688,1207.125,0.0,1214.5,1191.175048828125,1198.0,0.0,3819812,0.0067974933422438,0.0774294321097845,0.0733339028102602,1145.0300048828126,1143.19900390625,1150.008466354304,61.03416162914596,5.733510669371299,-1.7007314647700646,7.434242134141363,0.0167867922817764,-0.3393797473608478,1.0542300156785345,1.0559185197636791,1203.125,-0.0033136584860722
2017-02-14,951.2598876953124,1203.125,0.0,1209.824951171875,1199.0,1209.824951171875,0.0,2033328,-0.0033136584860722,0.0720172392902149,0.0653959168398818,1148.7225036621094,1145.40150390625,1155.0671838443702,59.08619669741515,9.194161904452358,0.4782472090744198,8.715914695377938,0.0168586961376116,-0.4676889857406595,1.0473591282180477,1.0503958619723226,1206.8499755859375,0.003096083603896
2017-02-15,954.2051391601562,1206.8499755859375,0.0,1214.0,1187.550048828125,1198.5,0.0,1924972,0.003096083603896,0.0628591572114289,0.0592210427523314,1152.0962524414062,1147.7150024414063,1159.998878295948,56.64840292540745,12.097870617944409,2.802171890848418,9.29569872709599,0.0168064482480866,-0.0532899758425595,1.0475253027066989,1.0515240917986957,1223.875,0.0141069932124717
2017-02-16,967.6663818359376,1223.875,0.0,1239.0,1217.800048828125,1230.0,0.0,4175680,0.0141069932124717,0.0562939405442313,0.066511217745856,1155.9125,1150.647001953125,1166.082318458239,59.25886834406145,15.593110211483918,5.360359554975519,10.2327506565084,0.0169674368247367,1.1692159678166747,1.0587955403198772,1.0636407151129552,1203.949951171875,-0.0162802972755592
2017-02-17,951.912353515625,1203.949951171875,0.0,1237.800048828125,1201.0,1236.0,0.0,2723324,-0.0162802972755592,0.0041493573154069,0.0510257103202749,1158.8349975585938,1152.7685009765626,1169.6887596690613,57.48951175794834,16.56438394421889,7.601164432824193,8.963219511394696,0.0175001017231975,-0.347813050808491,1.0389313005806076,1.0443987237263634,1251.0999755859375,0.0391627777950143
2017-02-20,989.1918334960938,1251.0999755859375,0.0,1277.5,1204.050048828125,1212.5,0.0,3973948,0.0391627777950143,0.0364295127562908,0.0948869294634622,1164.2562438964844,1155.8380004882813,1177.442208804002,77.68852266997018,20.89784099356052,10.260499744971458,10.637341248589063,0.0192492874797842,0.4592270328466242,1.0745915962613248,1.0824181027595674,1232.675048828125,-0.0147269819497706
2017-02-21,974.6240844726562,1232.675048828125,0.0,1262.949951171875,1227.574951171875,1257.0,0.0,5501112,-0.0147269819497706,0.0245610795454545,0.0687779727934601,1168.2224975585937,1158.409501953125,1182.70247928249,81.857141811237,22.58505288921856,12.725410373820878,9.85964251539768,0.0196923728398342,0.3842939062111532,1.0551714689660807,1.0641099255054325,1205.75,-0.0218427791279802
2017-02-22,953.3358154296876,1205.75,0.0,1235.0,1200.074951171875,1232.949951171875,0.0,4505496,-0.0218427791279802,-0.0009114435167498,0.040179394146691,1170.5512451171876,1160.5215014648438,1184.8974812555862,71.19243319194385,21.50169588796939,14.480667476650584,7.021028411318808,0.0204843430675285,-0.1809844991339932,1.0300702382998097,1.0389725640395868,1240.9000244140625,0.0291520003434067
2017-02-23,981.1271362304688,1240.9000244140625,0.0,1246.625,1207.5,1207.5,0.0,4853352,0.0291520003434067,0.0139107542960372,0.0547386522856458,1173.7712463378907,1163.2635009765625,1190.2310567944887,73.67720658834006,23.21186889280807,16.22690775988208,6.984961132925989,0.0211849375432157,0.0772070378044947,1.057190681988173,1.06674027283786,1244.925048828125,0.0032436331169893
2017-02-27,984.3096313476562,1244.925048828125,0.0,1251.0,1235.0250244140625,1239.550048828125,0.0,2139892,0.0032436331169893,0.0340338878840988,0.0560056179885808,1177.0724975585938,1165.5690014648435,1195.4400084167398,73.66970782938557,24.60830987387135,17.903188182679937,6.705121691191412,0.0211841299983079,-0.5590898826213305,1.057645175985563,1.068083525954748,1233.125,-0.0094785214894925
2017-02-28,974.9796142578124,1233.125,0.0,1245.0,1225.0,1244.75,0.0,2354828,-0.0094785214894925,-0.0143673374923687,0.0571606597961102,1180.40625,1167.4050024414062,1199.029055234193,70.29946176838331,24.48063654939665,19.21867785602328,5.261958693373369,0.0211491775051228,0.1004424522359072,1.0446615307230032,1.0562957991623754,1239.7750244140625,0.0053928226368473
2017-03-01,980.2376098632812,1239.7750244140625,0.0,1250.949951171875,1235.0,1239.949951171875,0.0,1130374,0.0053928226368473,0.0057598112273686,0.1120055585841683,1186.65,1169.31150390625,1202.909623727514,69.5721471897964,24.632112256420896,20.301364736102805,4.330747520318091,0.0179976336331642,-0.519975981260627,1.044768907777409,1.0602606921016506,1250.7249755859375,0.0088322082283034
2017-03-02,988.8952026367188,1250.7249755859375,0.0,1255.0,1235.0250244140625,1243.3499755859375,0.0,1544942,0.0088322082283034,0.0373004151656126,0.1538586022664232,1194.988751220703,1170.9330029296875,1207.4634667616494,68.10894204009196,25.343582351060604,21.309808259094364,4.03377409196624,0.0162125380871037,0.3667529507932772,1.0466416309846422,1.0681439266436334,1247.0250244140625,-0.0029582452130546
2017-03-03,985.9700317382812,1247.0250244140625,0.0,1249.8499755859375,1237.699951171875,1246.0,0.0,1013970,-0.0029582452130546,0.0049359334994711,0.129730781216858,1202.1487548828125,1172.737502441406,1211.2312341571171,61.04090699996634,25.31703338755392,22.11125328478628,3.205780102767644,0.0161490880058639,-0.3436840994678117,1.0373300470087203,1.0633453964062756,1236.25,-0.008640583952295
2017-03-06,977.45068359375,1236.25,0.0,1242.0,1227.2750244140625,1240.0,0.0,1400694,-0.008640583952295,-0.0069683302109561,0.1074779717918645,1208.147503662109,1174.3855029296874,1213.6139737612014,56.61255240886788,24.14817360946745,22.51863734972252,1.6295362597449348,0.0164337278250785,0.3813958992869611,1.023260815631127,1.052678185243246,1249.9000244140625,0.0110414757646613
2017-03-07,988.2430419921876,1249.9000244140625,0.0,1252.5,1237.5250244140625,1241.449951171875,0.0,1511672,0.0110414757646613,0.0136036690636087,0.1156086349785228,1214.6237548828126,1176.5025024414062,1217.069788109093,60.17400752043,24.04609825386092,22.8241295305502,1.2219687233107202,0.0164791790051941,0.0792307241981474,1.029042960331904,1.0623862013215837,1256.0999755859375,0.0049603576692316
2017-03-08,993.14501953125,1256.0999755859375,0.0,1260.0,1246.0999755859375,1251.0,0.0,1791510,0.0049603576692316,0.0131676722392357,0.1192193895897293,1221.3137512207031,1178.6935009765623,1220.7869488211736,60.59823096628581,24.186678074388965,23.096639239317955,1.0900388350710095,0.016454780229566,0.1851182002444975,1.02848262727777,1.065671418859307,1259.875,0.0030053534650389
2017-03-09,996.130126953125,1259.875,0.0,1262.0,1252.0250244140625,1257.074951171875,0.0,858468,0.0030053534650389,0.0073157765237525,0.1095576979579568,1227.5337524414062,1180.657001953125,1224.5096203620142,58.21542308403738,24.322328849150608,23.341777161284487,0.9805516878661216,0.0164039770289152,-0.5208131687794095,1.026346524072573,1.0670965385508466,1271.125,0.0089294572874292
2017-03-10,1005.0245971679688,1271.125,0.0,1274.7750244140625,1256.9749755859375,1259.800048828125,0.0,1171420,0.0089294572874292,0.0193259759139647,0.0970741580425176,1233.1575012207031,1182.9455029296876,1228.9491803275366,65.9617519877573,25.048866306879745,23.683194990403543,1.3656713164762024,0.0160457666943918,0.3645470768858012,1.0307888479303842,1.0745423156450795,1283.75,0.0099321467204247
2017-03-14,1015.007080078125,1283.75,0.0,1293.574951171875,1275.5250244140625,1278.4000244140625,0.0,3402294,0.0099321467204247,0.0384226491405459,0.0707062500388158,1237.3962524414062,1185.1035034179688,1234.1683060106284,59.28084703877172,26.33975615203076,24.214507222728987,2.1252489293017724,0.0144828193655981,1.904418568916358,1.0374607143565668,1.083238718219568,1249.1500244140625,-0.0269522692003407
2017-03-15,987.6500244140624,1249.1500244140625,0.0,1286.074951171875,1246.925048828125,1286.0,0.0,3022496,-0.0269522692003407,-0.0006000479921196,0.0348141446942631,1239.4975036621097,1186.431003417969,1235.595136334765,54.28868132336053,24.290856911011133,24.229777160385417,0.0610797506257156,0.0159706862892791,-0.11162997671571,1.007787446705971,1.0528636059032574,1260.449951171875,0.0090460925725177
2017-03-16,996.5843505859376,1260.449951171875,0.0,1263.5,1253.0,1253.0,0.0,1571818,0.0090460925725177,0.0034630807025597,0.0476467126623376,1242.363751220703,1188.0265014648437,1237.962261557347,65.50013213622069,23.31019374945663,24.04586047819966,-0.7356667287430305,0.0160001539306304,-0.4799602712460165,1.0145578941219116,1.0609611398548204,1262.875,0.0019239548749003
2017-03-17,998.5018310546876,1262.875,0.0,1273.0,1254.875,1273.0,0.0,2593152,0.0019239548749003,0.0023811886099811,0.0464225260367276,1245.1650024414062,1189.6015014648438,1240.3349033137897,57.64480059793018,22.469675865587988,23.73062355567733,-1.260947690089342,0.0159998137189696,0.6497787911832031,1.0142230126319562,1.0615949950003671,1240.0,-0.0181134316539641
2017-03-20,980.4156494140624,1240.0,0.0,1262.9749755859375,1233.0,1262.9749755859375,0.0,3487540,-0.0181134316539641,-0.0244861834988691,0.0131753651312429,1245.9712524414062,1190.606501464844,1240.3030077600954,48.48529899820846,19.73029945098324,22.93055873473851,-3.200259283755273,0.0163759154525166,0.344903808184017,0.9952075519963194,1.04148599766118,1243.3499755859375,0.0027015932144658
2017-03-21,983.064208984375,1243.3499755859375,0.0,1246.0,1232.5,1241.0,0.0,3373700,0.0027015932144658,-0.0314703208678188,0.0327256331342611,1247.9412536621094,1192.129501953125,1240.5931951720804,53.31710744017659,17.626452170601624,21.869737421911136,-4.243285251309512,0.0158775069780745,-0.0326419195192026,0.996320918101955,1.0429655281149366,1239.4749755859375,-0.0031165802678959
2017-03-22,980.0006713867188,1239.4749755859375,0.0,1248.0,1234.9749755859375,1240.074951171875,0.0,1888716,-0.0031165802678959,-0.0077453057191134,-0.0092918233769092,1247.3600036621094,1194.1050024414062,1240.486698068638,49.90087574544827,15.468150715366846,20.58942008060228,-5.121269365235431,0.0132242905998166,-0.4401648042208851,0.9936786268174204,1.0379949611229915,1230.175048828125,-0.0075031178047109
2017-03-23,972.6470947265624,1230.175048828125,0.0,1242.5250244140625,1223.5999755859375,1241.0,0.0,2620638,-0.0075031178047109,-0.0240191229454233,-0.0020281095187062,1247.2350036621094,1195.67150390625,1239.5046362362082,43.13628917242431,12.859024070723764,19.043340878626573,-6.18431680790281,0.0129067473537752,0.3875235874530633,0.986321779950135,1.028857043769256,1213.5999755859375,-0.0134737517705119
2017-03-24,959.5420532226562,1213.5999755859375,0.0,1234.9000244140625,1211.6500244140625,1234.9000244140625,0.0,5099814,-0.0134737517705119,-0.039018132763783,0.0065104504133837,1247.6275024414062,1196.7900024414062,1237.0375256980872,39.72011106656034,9.346066878869124,17.10388607867508,-7.757819199805958,0.012282643553668,0.946020014973453,0.9727262129210182,1.014045883664001,1206.0250244140625,-0.0062417199441832
2017-03-27,953.5530395507812,1206.0250244140625,0.0,1220.0,1203.0,1213.4749755859375,0.0,2181270,-0.0062417199441832,-0.0273991738596269,-0.0281046009459686,1245.8837524414062,1197.66650390625,1234.0839541472278,40.51764745530596,5.882972496851835,14.859703362310434,-8.976730865458599,0.0103133423572361,-0.5722844009605056,0.9680076668876711,1.0069790049905802,1214.9749755859375,0.0074210327237804
2017-03-28,960.6293334960938,1214.9749755859375,0.0,1221.699951171875,1205.0,1205.0,0.0,1153158,0.0074210327237804,-0.0228214103487862,-0.024057732046102,1244.386248779297,1198.5225024414062,1232.264051427105,38.71016876385057,3.816635709873026,12.651089831822953,-8.834454121949927,0.0104531248664506,-0.4713364232763481,0.9763648359002594,1.0137272959923718,1222.300048828125,0.0060289910404573
2017-03-29,966.4212036132812,1222.300048828125,0.0,1225.4000244140625,1212.800048828125,1218.0,0.0,1717764,0.0060289910404573,-0.0138566143698813,-0.0087784702863659,1243.8450012207031,1200.4755029296875,1231.3150987986303,39.152778354525886,2.7385527797378018,10.668582421405922,-7.930029641668121,0.0103788511167982,0.4896172077026738,0.9826787482592816,1.0181799177452402,1220.5,-0.0014726734485945
2017-03-30,964.997802734375,1220.5,0.0,1232.5,1217.5,1222.449951171875,0.0,2986086,-0.0014726734485945,-0.0078647740720652,-0.0155471952850253,1242.88125,1202.300002441406,1230.285089389237,37.2013611250867,1.719098694000877,8.878685675924913,-7.159586981924036,0.0102907103996283,0.7383563749152968,0.981992446985583,1.01513765077072,1215.9000244140625,-0.0037689271494776
2017-03-31,961.3607788085938,1215.9000244140625,0.0,1220.425048828125,1207.5,1219.199951171875,0.0,1867044,-0.0037689271494776,0.0018952281430415,-0.0278438120703237,1241.1400024414063,1203.8305029296876,1228.9150832011253,31.23832068324573,0.5338406177620527,7.209716664292341,-6.675876046530289,0.0100573954763083,-0.3747521002409174,0.9796638751650136,1.0100259309387842,1205.8499755859375,-0.0082655223507936
2017-04-03,953.414794921875,1205.8499755859375,0.0,1217.5,1204.0999755859375,1217.5,0.0,1196888,-0.0082655223507936,-0.0001451452702733,-0.0330186227397255,1239.08125,1204.9965014648435,1226.718406285393,23.06361079993213,-1.202577332734336,5.527257864887006,-6.729835197621342,0.0101710874498231,-0.3589395857837308,0.9731807140055888,1.000708279335298,1200.625,-0.0043330229230204
2017-04-05,949.283447265625,1200.625,0.0,1209.949951171875,1197.5,1209.949951171875,0.0,2905568,-0.0043330229230204,-0.0118109227550279,-0.0288169868554094,1237.3,1206.0990014648437,1224.2333199724983,28.94335660853693,-2.9661213312012933,3.8285820256693466,-6.79470335687064,0.0100597730190007,1.4276022484977708,0.9703588458740808,0.9954613995549326,1200.0250244140625,-0.0004997193844351
2017-04-06,948.8089599609376,1200.0250244140625,0.0,1205.0,1196.2750244140625,1200.0,0.0,1720704,-0.0004997193844351,-0.0182238595469407,-0.0399031914759588,1234.80625,1207.2460009765623,1221.9277680145522,21.095473501901864,-4.3618746949043725,2.190490681554603,-6.552365376458976,0.0096295944054197,-0.4077908347008226,0.9718326453353006,0.994018636999701,1214.5250244140625,0.0120830813566408
2017-04-07,960.2738037109376,1214.5250244140625,0.0,1216.625,1196.074951171875,1197.449951171875,0.0,2277012,0.0120830813566408,-0.0048955146136316,-0.0330984411909421,1232.7275024414062,1208.469501953125,1221.2227448145054,29.26672997015245,-4.249010524644518,0.9025904403147788,-5.151600964959297,0.0100237987746278,0.3233025552332069,0.98523398075301,1.005010902179286,1211.125,-0.0027994683894658
2017-04-10,957.5855712890624,1211.125,0.0,1224.5,1202.5,1216.0,0.0,2543264,-0.0027994683894658,-0.0039271521656261,-0.0386943149121936,1230.2900024414062,1209.5085009765626,1220.2610548321716,35.13513513513513,-4.383389426848908,-0.1546055331179584,-4.228783893730949,0.0099662868029153,0.1169304333925337,0.9844223700075796,1.0013364924861068,1209.6500244140625,-0.0012178557836205
2017-04-11,956.4193115234376,1209.6500244140625,0.0,1221.550048828125,1203.0,1208.6500244140625,0.0,1557784,-0.0012178557836205,0.0031513446158826,-0.0483626516557674,1227.2162536621097,1210.1715014648437,1219.2504805066374,32.30973691765091,-4.556380756778026,-1.034960577849972,-3.5214201789280537,0.009637562267099,-0.3874863167960542,0.9856861175073032,0.9995690883067814,1196.625,-0.0107675973638504
2017-04-12,946.12060546875,1196.625,0.0,1214.0,1191.5,1211.25,0.0,1050538,-0.0107675973638504,-0.003331598125976,-0.0678675754625122,1222.8600036621094,1210.5260009765625,1217.0956728393387,29.477985840314773,-5.679023994091494,-1.9637732610982763,-3.715250732993218,0.0093470924110542,-0.325620240033278,0.978546192055065,0.9885165614242502,1164.324951171875,-0.026992624112086
2017-04-13,920.5824584960938,1164.324951171875,0.0,1204.5,1160.5250244140625,1200.0,0.0,2500472,-0.026992624112086,-0.0297494406498888,-0.0679062335062405,1218.61875,1210.4835009765625,1212.06988982339,24.15619233046715,-9.070511633613933,-3.385120935601408,-5.685390698012524,0.0093524320235028,1.3801823446653048,0.9554464439119084,0.9618676753814084,1157.425048828125,-0.0059260967797738
2017-04-17,915.1273803710938,1157.425048828125,0.0,1166.449951171875,1147.574951171875,1165.199951171875,0.0,2270882,-0.0059260967797738,-0.0470142437892416,-0.0817366070330399,1213.4675048828126,1211.3340014648438,1206.8656192524124,26.14145746124805,-12.174711975377932,-5.143039143556713,-7.0316728318212185,0.0088855921763752,-0.0918186646361167,0.9538162696329476,0.9554962111428164,1154.4000244140625,-0.0026135812570544
2017-04-18,912.7352905273438,1154.4000244140625,0.0,1167.0999755859375,1151.0250244140625,1165.0,0.0,1730620,-0.0026135812570544,-0.0468365986879451,-0.0858952592979808,1208.0437561035155,1212.7430029296877,1201.8688959344745,27.192410988750225,-14.709347102663967,-7.056300735378165,-7.653046367285804,0.0087778259829625,-0.2379084426227342,0.9555945457948656,0.9518917211852116,1149.574951171875,-0.004179723787373
2017-04-19,908.9203491210938,1149.574951171875,0.0,1174.3499755859375,1126.4000244140625,1131.75,0.0,5626812,-0.004179723787373,-0.0496631852434236,-0.0729234264742944,1203.522503662109,1213.6580029296874,1196.8885202427982,20.01379095729617,-16.912450585211673,-9.027530705344866,-7.884919879866807,0.0081674929116262,2.251327269995724,0.9551752856086352,0.9471984269018782,1162.75,0.0114608001981031
2017-04-20,919.3373413085938,1162.75,0.0,1166.0,1145.4749755859375,1152.6500244140625,0.0,1268842,0.0114608001981031,-0.0283087851248302,-0.0648248499365226,1199.4925048828125,1214.5875024414063,1193.637232600627,24.08617366896783,-17.394793286556933,-10.70098322158728,-6.693810064969654,0.0087458415291192,-0.7745007297204882,0.969368291395533,0.9573208992047018,1155.4000244140625,-0.0063212002459148
2017-04-21,913.526123046875,1155.4000244140625,0.0,1167.824951171875,1150.5,1164.550048828125,0.0,1161154,-0.0063212002459148,-0.0076653229399831,-0.0678311001253818,1195.2887573242188,1215.2880029296875,1189.995593725716,22.97636529658153,-18.16078868863701,-12.192944314997224,-5.967844373639787,0.0087714506952651,-0.0848710871802793,0.966628371039437,0.9507211637313514,1164.050048828125,0.0074866057047637
2017-04-24,920.3652954101562,1164.050048828125,0.0,1169.824951171875,1141.25,1150.0,0.0,2000020,0.0074866057047637,0.0057239127550485,-0.0537525127525478,1191.982507324219,1216.1230029296876,1187.5245894497548,29.17673704903888,-17.863936543975115,-13.327142760792803,-4.5367937831823095,0.0090447694714255,0.7224416399547346,0.976566385559804,0.9571811782392762,1155.75,-0.0071303195566898
2017-04-25,913.8027954101562,1155.75,0.0,1172.2249755859375,1151.3499755859375,1164.0,0.0,3148710,-0.0071303195566898,0.0011694174960041,-0.0476680757660752,1189.0900085449218,1216.5285034179688,1184.4984380735875,29.59269826337129,-18.089894610156307,-14.279693130665503,-3.810201479490802,0.0087543690408488,0.5743392566074339,0.9719617452797206,0.950039392215468,1155.175048828125,-0.0004974701898118
2017-04-26,913.3480834960938,1155.175048828125,0.0,1171.9749755859375,1151.5250244140625,1170.0,0.0,2187438,-0.0004974701898118,0.0048714506614304,-0.0421632839755067,1186.547509765625,1216.45900390625,1181.7057343359245,30.75786892904837,-18.10663968870813,-15.04508244227403,-3.0615572464340985,0.0087159261787013,-0.3052907381117982,0.9735598779827224,0.9496210271934096,1151.324951171875,-0.0033329127565174
2017-04-27,910.3038940429688,1151.324951171875,0.0,1163.9000244140625,1138.824951171875,1153.0250244140625,0.0,5773186,-0.0033329127565174,-0.0098258858981938,-0.0523879303632294,1183.365008544922,1215.5060034179687,1178.8123264155388,29.93408114467242,-18.22054587737444,-15.680175129294112,-2.5403707480803224,0.0084234614320244,1.6392455466166356,0.9729246199256444,0.9471980787708012,1136.574951171875,-0.012811326624153
2017-04-28,898.6415405273438,1136.574951171875,0.0,1149.375,1134.0,1147.0,0.0,2540510,-0.012811326624153,-0.0162931217278917,-0.0701342503736611,1179.0787536621094,1214.0950024414062,1174.7897192494754,17.948218589789278,-19.27878524596053,-16.399897152627396,-2.8788880933331384,0.0084548570205172,-0.5599466221944001,0.9639516848571636,0.9361499296894829,1144.949951171875,0.0073686297514869
2017-05-02,905.2632446289062,1144.949951171875,0.0,1151.0,1140.0,1147.0,0.0,2382696,0.0073686297514869,-0.016408313092275,-0.0619009003098115,1175.301251220703,1212.9315014648437,1171.947836575418,23.85939296212571,-19.22009773991317,-16.96393727008455,-2.2561604698286217,0.0087959189674494,-0.0621190233457061,0.974175727272217,0.943952688003512,1168.6500244140625,0.0206996587212655
2017-05-03,924.0021362304688,1168.6500244140625,0.0,1172.5,1134.25,1147.5,0.0,3514406,0.0206996587212655,0.0111616045114102,-0.0388601028466707,1172.9387512207031,1212.1675024414062,1171.6337592267175,36.22314540448837,-17.064480913976013,-16.984045998862843,-0.0804349151131695,0.0102818842177281,0.4749703696988621,0.9963436054933156,0.9640994516519408,1165.050048828125,-0.0030804565188302
2017-05-04,921.15576171875,1165.050048828125,0.0,1175.0,1154.4000244140625,1174.9749755859375,0.0,2708208,-0.0030804565188302,0.0085484879629436,-0.0338349940571897,1170.8987548828125,1210.9910034179688,1171.0067391887562,38.67268309857921,-15.468317853057442,-16.680900369701764,1.2125825166443214,0.0101785657692595,-0.2293980832038188,0.9950049429719712,0.9620633394796678,1160.25,-0.0041200365880874
2017-05-05,917.3602905273438,1160.25,0.0,1166.25,1151.25,1154.0,0.0,1682474,-0.0041200365880874,0.0077519807236354,-0.0336283185840707,1168.8800048828125,1210.1170043945312,1169.9822878374462,48.17879674669006,-14.424395499845788,-16.22959939573057,1.805203895884784,0.0101757442228065,-0.3787500812345285,0.9926168598600694,0.9587915844389926,1171.2249755859375,0.0094591472406271
2017-05-08,926.0380249023438,1171.2249755859375,0.0,1173.699951171875,1158.8499755859375,1160.5,0.0,1071782,0.0094591472406271,0.0304863523328016,-0.0239995402114111,1167.4400024414062,1208.5195043945312,1170.100639051588,55.95079300742737,-12.566630412840368,-15.497005599152532,2.930375186312164,0.0104747604429389,-0.3629726224595447,1.0032421136303502,0.9691403169969705,1176.2750244140625,0.004311766683082
2017-05-09,930.0308227539062,1176.2750244140625,0.0,1180.5,1166.2750244140625,1171.9749755859375,0.0,1790270,0.004311766683082,0.027359338467263,-0.0314937932369515,1165.5275024414063,1207.39150390625,1170.688675752776,59.27100513837182,-10.565054094420702,-14.510615298206169,3.9455612037854646,0.010094833050211,0.6703676680518986,1.009221165480989,0.9742283431749216,1166.2249755859375,-0.0085439617602449
2017-05-10,922.0850219726562,1166.2249755859375,0.0,1178.074951171875,1158.0,1177.5,0.0,1206388,-0.0085439617602449,-0.002075085592319,-0.0370729895048508,1163.2825012207031,1206.6010034179687,1170.2635614511726,56.75729769523521,-9.67818134013146,-13.544128506591226,3.865947166459767,0.0102132768810989,-0.3261418668692432,1.0025294581171356,0.9665373825169572,1174.7249755859375,0.0072884736461156
2017-05-11,928.80517578125,1174.7249755859375,0.0,1180.0,1161.375,1173.6500244140625,0.0,2071302,0.0072884736461156,0.0083043014053723,-0.0288720275478373,1161.5362487792968,1205.2775024414063,1170.688458035436,55.05165511623045,-8.194982671213666,-12.474299339515714,4.279316668302048,0.0104155495931564,0.7169451287645434,1.0113545546430438,0.9746510436031688,1180.324951171875,0.0047670524610616
2017-05-12,933.2332153320312,1180.324951171875,0.0,1184.949951171875,1160.0250244140625,1171.6500244140625,0.0,2314446,0.0047670524610616,0.0173022634534583,-0.0136216850125352,1160.7212463378903,1203.985500488281,1171.6062192865254,60.67217702271428,-6.492820616958625,-11.278003595004296,4.785182978045672,0.010259220424444,0.1173870348215759,1.016889244420945,0.98034814430339,1182.550048828125,0.0018851568409536
2017-05-15,934.9923706054688,1182.550048828125,0.0,1188.9749755859375,1170.800048828125,1187.550048828125,0.0,1817604,0.0018851568409536,0.0096694260097398,0.0156529305997494,1161.632501220703,1202.9740014648437,1172.6484887666777,58.38239361054879,-4.9077249424201455,-10.003947864487468,5.096222922067321,0.0081748422737156,-0.214669946933305,1.0180070268225456,0.9830221163451174,1214.574951171875,0.0270812236450253
2017-05-16,960.3131103515624,1214.574951171875,0.0,1217.5,1186.7249755859375,1190.0,0.0,3601026,0.0270812236450253,0.0325603502266749,0.04937676301512,1164.4899963378907,1202.47,1176.6414851862205,71.93729833276278,-1.0552193130961314,-8.2142021542092,7.158982841113069,0.0098946004797107,0.9811939234288656,1.0430102061773758,1.0100667386062645,1227.675048828125,0.0107857466051068
2017-05-17,970.6708374023438,1227.675048828125,0.0,1230.375,1211.5,1216.75,0.0,2876198,0.0107857466051068,0.0526914399267719,0.0634745520308306,1168.1537475585938,1202.0090014648438,1181.5018245806873,74.72709105291644,3.020172879757183,-5.967327147415924,8.987500027173107,0.0099862776875026,-0.2012837452437166,1.0509533110636584,1.021352624923776,1268.0999755859375,0.032928034821918
2017-05-18,1002.6332397460938,1268.0999755859375,0.0,1286.0,1221.125,1225.0,0.0,5138594,0.032928034821918,0.0794866900258299,0.103103346409243,1174.0799987792968,1202.4305004882813,1189.7492675335684,81.87523282803679,9.403506528572962,-2.8931604122181467,12.29666694079111,0.0118333082986376,0.7865925781187526,1.080079702323857,1.0546139465615596,1253.574951171875,-0.0114541634679482
2017-05-19,991.1484375,1253.574951171875,0.0,1270.2750244140625,1243.0,1268.0999755859375,0.0,1786044,-0.0114541634679482,0.0620591811833464,0.0781121919345302,1178.6212463378906,1202.7769995117187,1195.8279040705502,81.9759155764088,13.138839986453831,0.3132396675162487,12.825600318937582,0.0122743562131239,-0.6524255467546181,1.063594394778538,1.042233890139883,1265.675048828125,0.0096524724308972
2017-05-22,1000.715576171875,1265.675048828125,0.0,1276.875,1255.0,1255.0,0.0,1663940,0.0096524724308972,0.0702930079639121,0.0954431556897241,1184.1349975585938,1203.0925,1202.4800130950812,82.33558542652447,16.880902879179075,3.626772309848814,13.25413056933026,0.0120968939151658,-0.0683656169724822,1.0688604352017697,1.0520180691244647,1260.8499755859375,-0.0038122527947872
2017-05-23,996.9010620117188,1260.8499755859375,0.0,1282.074951171875,1257.0,1266.5999755859375,0.0,2748596,-0.0038122527947872,0.0380997684576109,0.083157873542691,1188.9749938964844,1203.1875,1208.0390571418295,77.47311984402963,19.235437446704736,6.748505337219999,12.486932109484735,0.0122200270649655,0.6518600430303977,1.0604512139098117,1.0479247628369954,1279.574951171875,0.0148510734413391
2017-05-24,1011.7056884765624,1279.574951171875,0.0,1285.0,1264.824951171875,1267.4000244140625,0.0,2534548,0.0148510734413391,0.0422749508457396,0.1071381796858101,1195.166241455078,1203.5814990234376,1214.8519994304052,81.30373620976374,22.35468124353929,9.86974051848386,12.48494072505543,0.012147730430008,-0.077875395292724,1.0706250785782168,1.063139431945487,1312.300048828125,0.0255749752105409
2017-05-25,1037.5804443359375,1312.300048828125,0.0,1318.7750244140625,1284.0,1288.5,0.0,4094094,0.0255749752105409,0.0348553537521869,0.1360183464483555,1203.022491455078,1204.405,1224.132766039712,86.05639135615063,27.1543281196939,13.326658038725869,13.827670080968034,0.0128840303029379,0.6153152356948852,1.0908358390214914,1.0895836938804846,1289.125,-0.0176598704304097
2017-05-26,1019.2569580078124,1289.125,0.0,1313.425048828125,1282.324951171875,1312.5,0.0,1362550,-0.0176598704304097,0.0283589336201173,0.1196882328380579,1209.9124938964844,1204.5125,1230.3225026073585,76.42900807725798,28.756562339854327,16.41263889895156,12.343923440902769,0.0138221747816042,-0.6671913248694339,1.0654696157805712,1.070246261454323,1286.425048828125,-0.0020944060287986
2017-05-29,1017.1216430664062,1286.425048828125,0.0,1298.25,1282.0,1289.5,0.0,1749290,-0.0020944060287986,0.0163944134153646,0.1318435686988752,1217.4049987792969,1205.2580004882811,1235.6656022474313,74.95465926834247,29.46878321840745,19.02386776284274,10.444915455564711,0.0132607124747956,0.2838354555796117,1.0566944033563483,1.0673441274042246,1275.550048828125,-0.0084536600168868
2017-05-30,1008.523681640625,1275.550048828125,0.0,1287.9749755859375,1262.5,1280.0,0.0,927634,-0.0084536600168868,0.0116588599173792,0.1140662065818498,1223.9350036621097,1205.560002441406,1239.464120969402,74.67553113815515,28.82344307233484,20.98378282474116,7.839660247593677,0.0136592322567603,-0.4697082816456963,1.0421713939151829,1.058056045526544,1273.300048828125,-0.0017639448973931
2017-05-31,1006.74462890625,1273.300048828125,0.0,1286.25,1264.0,1266.5,0.0,2502730,-0.0017639448973931,-0.0049038958898056,0.0895477878131496,1229.1675048828124,1205.7685034179688,1242.6865902892805,72.89512258049882,27.80987523057024,22.34900130590698,5.460873924663261,0.0132616794375617,1.697971398202308,1.0359044180471726,1.0560070570915776,1276.800048828125,0.0027487629512157
2017-06-01,1009.5118408203124,1276.800048828125,0.0,1282.0,1265.0,1265.0,0.0,1080064,0.0027487629512157,-0.0270517402111668,0.0959186260816904,1234.7550048828125,1206.5045043945313,1245.935491102504,72.6281142417364,26.978049995791253,23.27481104388384,3.703238951907416,0.0131526920190601,-0.5684456573421823,1.0340513249827263,1.0582638060426228,1282.449951171875,0.0044250486588996
2017-06-02,1013.9789428710938,1282.449951171875,0.0,1295.925048828125,1276.25,1278.125,0.0,1355648,0.0044250486588996,-0.0051779686439444,0.1053220867673991,1240.8650024414062,1207.28650390625,1249.4130587281584,73.06090888802224,26.46959736353369,23.91376830781381,2.555829055719883,0.0129898547043124,0.2551552500592557,1.0335128709800423,1.062258169061303,1301.9749755859375,0.0152247847147726
2017-06-05,1029.41650390625,1301.9749755859375,0.0,1309.949951171875,1280.074951171875,1282.5,0.0,1500188,0.0152247847147726,0.0120877052044172,0.1116352560144038,1247.4025024414063,1208.53650390625,1254.4189555717564,71.41105593398044,27.327141011023286,24.59644284845571,2.730698162567577,0.013154648167564,0.1066205976772731,1.0437488886207318,1.0773153904558732,1348.0,0.035350160546173
2017-06-06,1065.806640625,1348.0,0.0,1354.4749755859375,1315.0,1315.5,0.0,5946720,0.035350160546173,0.0567989874160064,0.1459904971386081,1255.988751220703,1210.8930029296876,1263.331435993494,75.38231764784649,31.35909720079325,25.94897371892322,5.410123481870038,0.0147546766717882,2.9639831807746764,1.0732580197791346,1.1132280034144963,1307.625,-0.0299517804154302
2017-06-07,1033.8841552734375,1307.625,0.0,1350.0,1288.2750244140625,1348.5,0.0,4927776,-0.0299517804154302,0.0269574725952974,0.1212459237061185,1263.0587524414063,1212.7735034179686,1267.54987066078,58.3394847063902,30.939870885646545,26.947153152267887,3.992717733378655,0.0165983568345456,-0.1713455484704173,1.035284382038801,1.078210396512383,1260.800048828125,-0.0358091587204856
2017-06-08,996.8614501953124,1260.800048828125,0.0,1302.4749755859375,1257.75,1299.0,0.0,3330714,-0.0358091587204856,-0.0125313278415717,0.0732725318956075,1267.3625061035157,1213.86900390625,1266.9070304862414,51.3415827176366,26.52350235852282,26.86242299351888,-0.3389206349960574,0.0190245777382811,-0.3240938711499873,0.9948219572191962,1.0386623637071628,1253.5,-0.0057900131229453
2017-06-09,991.089599609375,1253.5,0.0,1273.699951171875,1243.0,1260.0,0.0,3148034,-0.0057900131229453,-0.0225739422777638,0.061995680727984,1271.021258544922,1214.6395043945313,1265.6301704399327,47.69826177662491,22.178782354019404,25.925694865618983,-3.7469125115995774,0.0191399229495855,-0.0548470988502765,0.9862148186530094,1.031993439588349,1243.5999755859375,-0.0078979053961407
2017-06-12,983.2619018554688,1243.5999755859375,0.0,1256.449951171875,1235.199951171875,1248.5,0.0,1626506,-0.0078979053961407,-0.0448357311735035,0.0516256600034064,1274.0737548828124,1215.0655029296877,1263.532056644314,46.8002231728403,17.732304250748257,24.28701674264484,-6.554712491896581,0.0192992636069125,-0.4833264189649794,0.9760816207224378,1.023483896619112,1225.7750244140625,-0.0143333479589983
2017-06-13,980.00390625,1225.7750244140625,13.75,1240.550048828125,1223.5,1232.5,0.0,1175414,-0.0143333479589983,-0.0906713468738409,0.0092213932383351,1274.633758544922,1215.171003417969,1259.9361488128616,39.98698643799633,12.62458536694453,21.95453046750477,-9.329945100560249,0.0187594661200986,-0.2773380485531563,0.9616684135318724,1.0087263611181203,1235.0999755859375,0.0076073920467847
2017-06-14,987.459228515625,1235.0999755859375,0.0,1238.0,1227.5,1227.5,0.0,1489142,0.0076073920467847,-0.0554631675090813,0.0060479576944241,1275.0050048828125,1215.5550024414065,1257.570798981726,34.260935439829126,9.22281214272448,19.40818680254872,-10.18537465982424,0.0186821731475919,0.2669085105333099,0.96870206066325,1.0160790528649677,1205.5999755859375,-0.0238847061639727
2017-06-15,963.874267578125,1205.5999755859375,0.0,1234.8499755859375,1202.5,1234.5,0.0,2997198,-0.0238847061639727,-0.0437817822845852,-0.0492863348342241,1271.8800048828125,1215.550002441406,1252.6211967535558,33.39956650028313,4.099225575113678,16.346394557061714,-12.247168981948036,0.0177843266581937,1.0127012736193055,0.9478881427159618,0.9918143829250264,1199.8499755859375,-0.0047694095192772
2017-06-16,959.2769165039062,1199.8499755859375,0.0,1217.5,1193.25,1207.4749755859375,0.0,2450426,-0.0047694095192772,-0.0428001790299661,-0.0428574099504094,1269.1937561035156,1215.534501953125,1247.5953661661636,32.99948654936725,-0.4203847052096989,12.993038704607432,-13.413423409817131,0.0176671136895122,-0.1824277208245835,0.9453639129690752,0.9870966012548508,1215.8499755859375,0.0133350004796946
2017-06-19,972.0689086914062,1215.8499755859375,0.0,1223.175048828125,1202.574951171875,1208.449951171875,0.0,1644742,0.0133350004796946,-0.0223142493927158,-0.0393664023702766,1266.7025024414063,1215.8510009765623,1244.5719956347134,38.50816144399731,-2.680245925346753,9.858381778616597,-12.53862770396335,0.0178139576548755,-0.3287934424463338,0.9598544040471564,0.999999156647793,1222.5,0.0054694448719774
2017-06-20,977.3856201171876,1222.5,0.0,1224.5,1190.1500244140625,1215.5,0.0,1670958,0.0054694448719774,-0.0026717989425735,-0.0304159704393979,1264.7850036621094,1216.0105004882812,1242.4699008123596,40.38423857487999,-3.88976207418591,7.108753008056096,-10.998515082242005,0.0178810644350834,0.0159392780144241,0.9665674375173048,1.0053367133829132,1203.1500244140625,-0.0158282008882924
2017-06-21,961.9154663085938,1203.1500244140625,0.0,1221.074951171875,1198.5999755859375,1220.0,0.0,1657818,-0.0158282008882924,-0.025868311718424,-0.0597268074744822,1260.9637573242187,1215.8510009765623,1238.7251506791883,36.84820419233232,-6.336648709628207,4.419672664519235,-10.756321374147442,0.0177296643810786,-0.0078637524102939,0.9541511541673192,0.989553837968387,1197.425048828125,-0.0047583222954473
2017-06-22,957.3382568359376,1197.425048828125,0.0,1215.5,1192.5,1204.5,0.0,5775882,-0.0047583222954473,-0.0067807953909748,-0.0875371452607828,1255.2200073242188,1215.606501464844,1234.7918076457538,34.82104486888362,-8.638205821634983,1.808096967288391,-10.446302788923374,0.016411779288653,2.4840265939928265,0.9539563119143578,0.9850433075055048,1180.8499755859375,-0.0138422636626892
2017-06-23,944.08642578125,1180.8499755859375,0.0,1206.9749755859375,1177.0,1199.699951171875,0.0,1424756,-0.0138422636626892,-0.0158353130696372,-0.0839910981588771,1249.8062561035156,1215.2910009765626,1229.6544903067238,28.146143437077143,-11.665207056098096,-0.8865638373889064,-10.778643218709192,0.0162715531571625,-0.7533266780727168,0.9448264239510522,0.971660264609094,1171.425048828125,-0.0079814768621524
2017-06-27,936.5514526367188,1171.425048828125,0.0,1192.3499755859375,1165.800048828125,1175.300048828125,0.0,1974330,-0.0079814768621524,-0.0365381647817226,-0.0893950254659295,1244.0562561035156,1215.4330029296875,1224.108829213524,13.293831646687437,-14.655698396473326,-3.640390749205791,-11.015307647267536,0.0162837344199959,0.3857320130604819,0.9416174253221656,0.9637923653582836,1175.0250244140625,0.003073159131725
2017-06-28,939.4292602539062,1175.0250244140625,0.0,1179.0,1167.5,1174.949951171875,0.0,1789726,0.003073159131725,-0.0388343358576176,-0.0788091572780048,1239.0300048828126,1215.7850024414065,1219.4341811373847,17.46010919532999,-16.544481896789875,-6.221208978722608,-10.323272918067268,0.0163420020976689,-0.0935020994463944,0.948342671108434,0.9664743536517608,1166.625,-0.0071488046973733
2017-06-29,932.7134399414062,1166.625,0.0,1186.0250244140625,1161.550048828125,1179.5,0.0,2471826,-0.0071488046973733,-0.0303578304225612,-0.0837784062965385,1233.6962524414062,1216.029501953125,1214.4047353147766,21.518198505251988,-18.505844342925457,-8.678136051563177,-9.82770829136228,0.0163481214253266,0.3811197915211602,0.945633901125438,0.9593722834242312,1181.175048828125,0.0124719158496731
2017-06-30,944.3467407226562,1181.175048828125,0.0,1188.5,1161.550048828125,1162.199951171875,0.0,1753848,0.0124719158496731,-0.0135707867610613,-0.0748942640531433,1228.9150024414062,1216.66150390625,1211.2400032684288,29.04535082271488,-18.67094385326186,-10.676697611902917,-7.994246241358946,0.0167074541284973,-0.2904646200824815,0.96115276197423,0.97083292685419,1186.800048828125,0.0047622069273989
2017-07-03,948.8438110351562,1186.800048828125,0.0,1191.5250244140625,1171.550048828125,1178.699951171875,0.0,1475956,0.0047622069273989,0.0050388054072958,-0.0745837311283353,1224.1325073242188,1217.1425048828123,1208.9123885598283,33.12538577644514,-18.138803083830226,-12.169118706288376,-5.969684377541849,0.0167163067338379,-0.1584470261961127,0.9695029269521668,0.9750707448528314,1183.425048828125,-0.0028437814805725
2017-07-04,946.145263671875,1183.425048828125,0.0,1190.2249755859375,1175.0250244140625,1186.6500244140625,0.0,1215134,-0.0028437814805725,0.0102439332435348,-0.0910539211435002,1218.205010986328,1217.7030053710937,1206.4850228710948,36.2365998354411,-17.784404440157687,-13.29217585306224,-4.492228587095447,0.0161151417699521,-0.1767139399819506,0.9714498283584936,0.9718503145744288,1178.0,-0.0045841930027568
2017-07-05,941.80810546875,1178.0,0.0,1182.5,1172.5,1180.4000244140625,0.0,815856,-0.0045841930027568,0.0025318401941447,-0.1261127596439168,1209.705010986328,1217.9820043945313,1203.7721635500382,30.96033754724677,-17.736837837356916,-14.181108249921175,-3.5557295874357404,0.0130896320408197,-0.3285876290186926,0.9737911220517492,0.9671735672199798,1173.7750244140625,-0.0035865667113221
2017-07-06,938.4302368164062,1173.7750244140625,0.0,1180.949951171875,1170.050048828125,1179.5,0.0,1026788,-0.0035865667113221,0.0061288112410264,-0.1023611322710543,1203.0125122070312,1218.3425048828126,1200.9152931561357,37.23684030164353,-17.83447643931322,-14.911781887799586,-2.9226945515136347,0.0118905237278371,0.2585407228726638,0.9756964391506368,0.9634195800522968,1165.9749755859375,-0.0066452673347847
2017-07-07,932.1940307617188,1165.9749755859375,0.0,1178.2249755859375,1162.75,1175.0,0.0,1232090,-0.0066452673347847,-0.0128686033939405,-0.0752102391892548,1198.271258544922,1218.5585034179687,1197.5876438637358,36.634454963338,-18.329958140077224,-15.595417138255115,-2.734541001822109,0.0095028240486495,0.199945850555324,0.973047602762164,0.9568477609531768,1217.4749755859375,0.0441690440003823
2017-07-10,973.3682861328124,1217.4749755859375,0.0,1222.449951171875,1189.4749755859375,1203.0,0.0,783608,0.0441690440003823,0.0258467521871959,-0.028739548794625,1196.4700073242188,1219.88150390625,1199.4816754563265,50.50084728672604,-14.40100553366642,-15.356534817337378,0.9555292836709572,0.0143158252171794,-0.3640010064199855,1.0175557833737046,0.9980272441933038,1237.9000244140625,0.0167765656278027
2017-07-11,989.6978759765624,1237.9000244140625,0.0,1257.4000244140625,1213.0,1213.0,0.0,3537504,0.0167765656278027,0.0460316229066477,-0.0045834281792981,1196.185009765625,1221.908005371094,1203.1405658332535,54.37500390139223,-9.52930366447822,-14.191088586765549,4.661784922287328,0.0147785463180903,3.5143796387989914,1.0348733802111525,1.013087743899437,1219.7249755859375,-0.0146821621049145
2017-07-12,975.1671142578124,1219.7249755859375,0.0,1241.6500244140625,1215.050048828125,1241.25,0.0,2646450,-0.0146821621049145,0.0354201830101337,-0.0049356926904404,1195.8825073242188,1223.403505859375,1204.7200334287477,54.74043547963647,-7.053708617477469,-12.763612592907934,5.709903975430466,0.0147963890972538,-0.2518877717170072,1.0199371327163789,0.9969931994997404,1223.199951171875,0.0028489828899898
2017-07-13,977.9453125,1223.199951171875,0.0,1236.0,1213.300048828125,1222.5,0.0,3131960,0.0028489828899898,0.0421076660601846,-0.0096348673381011,1195.2875061035156,1224.4945043945313,1206.4800255947596,57.4677308917648,-4.756549675023507,-11.16220000933105,6.405650334307543,0.0147031437025956,0.1834570840182131,1.0233520763212445,0.9989427856000902,1198.7249755859375,-0.0200089736453058
2017-07-14,958.3775634765624,1198.7249755859375,0.0,1212.5,1187.5,1191.5,0.0,4508432,-0.0200089736453058,0.0280880813788839,-0.0057025548600053,1194.9437561035156,1225.1680029296874,1205.7414494034433,54.95220676761911,-4.854995283375047,-9.90075906413985,5.045763780764803,0.0143994874114696,0.4394922029655551,1.0031643493370364,0.9784168152608312,1197.7249755859375,-0.000834219708746
2017-07-17,957.578369140625,1197.7249755859375,0.0,1211.050048828125,1191.0999755859375,1198.8499755859375,0.0,2211822,-0.000834219708746,-0.0162220993417091,-0.0017710547512094,1194.8375061035156,1225.9175024414062,1204.977975706538,57.64309812087822,-4.956569531703053,-8.911921157652491,3.9553516259494383,0.014360432982382,-0.5094032692519261,1.0024166210615857,0.977002916754738,1204.175048828125,0.0053852707204606
2017-07-18,962.7348022460938,1204.175048828125,0.0,1221.5,1198.074951171875,1198.074951171875,0.0,1908002,0.0053852707204606,-0.027243698942409,-0.0096022757677699,1194.253759765625,1226.57650390625,1204.9015064800226,58.3333275171467,-4.465129615412934,-8.02256284920458,3.557433233791645,0.0140794110994807,-0.1373618672750338,1.0083075217317692,0.9817366018289247,1224.800048828125,0.0171279084548976
2017-07-19,979.2246704101562,1224.800048828125,0.0,1230.0,1207.550048828125,1207.75,0.0,3915576,0.0171279084548976,0.0041608340763452,0.0018814305342536,1194.3687622070313,1227.5470043945313,1206.7966057512706,65.5444149439309,-2.3839145286851817,-6.8948331851007,4.510918656415519,0.0145676284020317,1.0521865281063647,1.025478970636222,0.9977622400147836,1222.3499755859375,-0.0020003863034881
2017-07-20,977.2657470703124,1222.3499755859375,0.0,1228.449951171875,1215.25,1224.625,0.0,1182504,-0.0020003863034881,-0.0006948786951169,0.0159580690539613,1195.328759765625,1228.6695043945313,1208.277879068858,61.76256637050872,-0.921613229016657,-5.700189193883892,4.778575964867235,0.014087427816715,-0.6979999877412671,1.0226056769734302,0.9948566080740257,1245.5999755859375,0.0190207391208521
2017-07-21,995.8541870117188,1245.5999755859375,0.0,1250.0,1217.2750244140625,1217.449951171875,0.0,2148416,0.0190207391208521,0.0391040488474743,0.0402321020467706,1197.7375061035157,1230.0870043945313,1211.8323644514371,65.260795429704,2.089267996980197,-4.142297755711074,6.231565752691272,0.0145808920204456,0.8168361375521774,1.0399607336653656,1.0126112796379323,1265.3499755859375,0.0158558127706365
2017-07-24,1014.4945068359376,1265.3499755859375,3.5,1270.0,1241.0,1241.0,0.0,2271402,0.0158558127706365,0.0564612088571645,0.0715586245052604,1201.9625061035156,1231.7875048828123,1216.92927979758,69.5968954673005,5.99990977806624,-2.113856248955612,8.113766027021851,0.0143856009808871,0.0572449655932556,1.0527366445796296,1.0272469647322149,1285.75,0.0161220411804379
2017-07-25,1030.850341796875,1285.75,0.0,1290.0,1259.199951171875,1262.875,0.0,2678832,0.0161220411804379,0.067743432527739,0.0975947639895902,1207.678753662109,1233.85150390625,1223.4836341025723,74.05131307186336,10.622780246101,0.4334710500557108,10.18930919604529,0.0143775654945427,0.1793737964481848,1.0646457065682005,1.0420621897606357,1278.0,-0.0060276103441571
2017-07-26,1024.63671875,1278.0,0.0,1287.5,1273.5,1280.0,0.0,1459826,-0.0060276103441571,0.0434356213675661,0.0876364106690297,1212.8275024414063,1235.1200048828125,1228.6756689499464,72.90404407563334,13.505396364975695,3.047856113039708,10.457540251935988,0.0145765338951847,-0.4550513059422912,1.0537359990826414,1.0347172703443144,1240.8499755859375,-0.0290688766933195
2017-07-27,994.8518676757812,1240.8499755859375,0.0,1292.4000244140625,1233.25,1271.0999755859375,0.0,4255304,-0.0290688766933195,0.0151347816660543,0.0636236799193721,1216.538751220703,1235.3835034179688,1229.8351267248029,64.57419539405092,12.64641392519502,4.967567675470772,7.678846249724248,0.0162153356822607,1.91493917768282,1.0199839292754465,1.0044249191873167,1242.1500244140625,0.001047708307776
2017-07-28,995.8944091796876,1242.1500244140625,0.0,1246.5250244140625,1221.0,1240.5,0.0,1382752,0.001047708307776,-0.0027697103721057,0.0516223024237028,1219.5875,1234.8645043945312,1231.00797412378,55.96952070895479,11.933010906810296,6.360656321738677,5.5723545850716185,0.0160725962981028,-0.6750521231855585,1.0185001276366497,1.005899853784447,1245.9000244140625,0.0030189590035785
2017-07-31,998.9006958007812,1245.9000244140625,0.0,1259.5,1231.5,1235.5,0.0,2019662,0.0030189590035785,-0.0153712028665179,0.0497977529106896,1222.542498779297,1234.711005859375,1232.4262646276163,52.10526045273894,11.537233488910031,7.395971755172949,4.141261733737084,0.016065216683778,0.4606104348429798,1.0191056962503044,1.0090620546035385,1250.824951171875,0.0039529068635573
2017-08-01,1002.8492431640624,1250.824951171875,0.0,1260.375,1245.5,1250.0,0.0,1747460,0.0039529068635573,-0.0271631723337546,0.056953249730933,1225.9124938964844,1234.41400390625,1234.1785204889743,58.79772393412144,11.48854467221622,8.214486338581604,3.274058333634617,0.0160168270544143,-0.1347760169770981,1.020321562427517,1.0132945245385203,1236.9000244140625,-0.0111325943288599
2017-08-02,991.6846923828124,1236.9000244140625,0.0,1254.0,1231.0,1250.0,0.0,1251024,-0.0111325943288599,-0.0321596053098102,0.0500000207250106,1228.8574951171877,1233.9350048828126,1234.437711338983,53.65920616507004,10.20865420925793,8.61331991271687,1.5953342965410595,0.016243086237745,-0.284090050702162,1.0065447208718925,1.0024028976562922,1244.7249755859375,0.0063262600189386
2017-08-03,997.958740234375,1244.7249755859375,0.0,1251.0,1233.2249755859375,1240.0,0.0,1882548,0.0063262600189386,0.0031228593917409,0.0604459540339024,1232.4049926757812,1233.2380053710938,1235.417450791074,63.48577743485649,9.713765715417368,8.83340907325697,0.8803566421603968,0.0161966083485225,0.504805663200706,1.0099966999349843,1.00931447957719,1261.4000244140625,0.0133965728616278
2017-08-04,1011.3278198242188,1261.4000244140625,0.0,1264.1500244140625,1244.0,1245.4000244140625,0.0,1387890,0.0133965728616278,0.0154973228850359,0.0818414209791862,1237.1762451171876,1232.2200048828124,1237.891981612311,67.09625867552552,10.545537705502056,9.175834799705989,1.3697029057960677,0.0161843599607767,-0.2627598340122005,1.019579893642866,1.0236808519709313,1251.7249755859375,-0.0076700877127532
2017-08-07,1003.5704956054688,1251.7249755859375,0.0,1260.0,1240.5999755859375,1258.25,0.0,1885520,-0.0076700877127532,0.0046752958164635,0.0281319950609386,1238.8887451171877,1231.4720043945313,1239.2094096097992,62.5494611704441,10.305235082321817,9.401714856229152,0.9035202260926614,0.0133213687253308,0.3585514702173803,1.0103610840919666,1.0164461482836258,1251.5250244140625,-0.0001597404987316
2017-08-08,1003.410400390625,1251.5250244140625,0.0,1264.300048828125,1248.1500244140625,1256.0,0.0,1073958,-0.0001597404987316,0.0005596892207271,0.0110065431224537,1239.5699951171875,1230.77400390625,1240.3823253054434,57.90562689713596,9.983574699084327,9.51808682480019,0.4654878742841397,0.0128264415396607,-0.4304181339895626,1.0096444971594725,1.0168601387760487,1256.0,0.003575618144777
2017-08-09,1006.9984741210938,1256.0,0.0,1261.425048828125,1246.6500244140625,1250.0,0.0,992946,0.003575618144777,0.0154418103395101,0.0297403309271719,1241.383746337891,1230.3830029296876,1241.8697228954013,59.83631652228274,9.974766756690087,9.609422811178169,0.3653439455119187,0.0123192836874734,-0.0754331174962149,1.0117741622646723,1.0208203437541932,1255.7249755859375,-0.0002189684825338
2017-08-10,1006.7778930664062,1255.7249755859375,0.0,1260.300048828125,1243.175048828125,1254.5,0.0,1526172,-0.0002189684825338,0.0088372935513902,0.0265901125837213,1243.0099975585938,1230.0315014648438,1243.1892707706904,53.41887669719628,9.832254121992264,9.653989073340988,0.1782650486512764,0.0123212117157386,0.5370140974433655,1.010229184039,1.0208884683770256,1248.0250244140625,-0.0061318770603269
2017-08-11,1000.6043090820312,1248.0250244140625,0.0,1267.5,1241.5,1249.949951171875,0.0,1394736,-0.0061318770603269,-0.0106032977177187,0.0411270723745678,1245.475,1229.4560009765626,1243.649818736726,43.63169872818841,8.994309324720462,9.522053123616883,-0.527743798896422,0.0114100462970974,-0.0861213546048545,1.002047431232311,1.0151034469088365,1234.699951171875,-0.0106769279313477
2017-08-14,989.9210205078124,1234.699951171875,0.0,1254.949951171875,1231.5,1251.5,0.0,786504,-0.0106769279313477,-0.0136012500718003,0.030871006566302,1247.323748779297,1228.5010009765624,1242.7974503972166,30.205479581732703,7.172331810960031,9.052108861085513,-1.879777050125481,0.0117495402539455,-0.4360911312248339,0.9898792934715016,1.0050459463935193,1246.175048828125,0.0092938350287927
2017-08-16,999.1212158203124,1246.175048828125,0.0,1271.9000244140625,1232.5999755859375,1242.0,0.0,1373340,0.0092938350287927,-0.0042747651717489,0.0348786499445188,1249.4237487792968,1227.3850024414062,1243.1191264382555,38.0064294481237,6.578512981464655,8.557389685161342,-1.9788767036966863,0.0118481305721905,0.7461322510756462,0.997399841363392,1.0153090076458025,1242.824951171875,-0.0026883042309348
2017-08-17,996.435302734375,1242.824951171875,0.0,1252.5,1231.050048828125,1250.3499755859375,0.0,1752374,-0.0026883042309348,-0.0104896885574243,0.0147166081198282,1250.3249938964843,1225.2815014648438,1243.0911097462192,50.99872219855924,5.771057242398683,8.00012319660881,-2.2290659542101263,0.0113138497791286,0.2759942912898481,0.9940015253944204,1.0143178932237675,1256.9000244140625,0.0113250649087113
2017-08-18,1007.7201538085938,1256.9000244140625,0.0,1274.949951171875,1235.699951171875,1237.0,0.0,2837356,0.0113250649087113,0.0009357533305225,0.028265267327848,1252.0524963378907,1224.267001953125,1244.40624447649,56.60545483568362,6.195466055984298,7.639191768483908,-1.44372571249961,0.0115310494998099,0.619149793366028,1.003871665198025,1.0266551515387383,1264.4000244140625,0.0059670617028559
2017-08-21,1013.7329711914062,1264.4000244140625,0.0,1274.5,1247.1500244140625,1252.75,0.0,2304834,0.0059670617028559,0.0131207304979223,0.0150931673062062,1252.992498779297,1224.3390014648437,1246.310413994354,58.01558774559479,7.055667080235253,7.522486830834177,-0.4668197505989244,0.0108329408679834,-0.1876824762208196,1.0091042250020483,1.032720531569515,1248.7750244140625,-0.0123576397487343
2017-08-22,1001.2058715820312,1248.7750244140625,0.0,1269.75,1246.0,1261.5,0.0,1131326,-0.0123576397487343,0.0113995900209022,-0.0130991041938415,1252.163751220703,1224.244501953125,1246.545138796231,49.1871835107593,6.402768542765671,7.298543173220477,-0.895774630454806,0.0106044852978019,-0.5091507674739265,0.9972937031571654,1.020037273944708,1244.7249755859375,-0.003243217352161
2017-08-23,997.958740234375,1244.7249755859375,0.0,1258.4000244140625,1236.574951171875,1252.5,0.0,1562272,-0.003243217352161,-0.0011636192231189,-0.0319074660035485,1250.1125,1224.267001953125,1246.37178991906,53.36628443113143,5.495191508113749,6.937872840199132,-1.4426813320853835,0.0098543335465415,0.3809211491647853,0.9956903683356,1.0167103855614623,1248.300048828125,0.0028721792462664
2017-08-24,1000.8250122070312,1248.300048828125,0.0,1258.9749755859375,1243.074951171875,1248.8499755859375,0.0,1623908,0.0028721792462664,0.0044053650927167,-0.0232393984130477,1248.6275024414062,1224.7175024414062,1246.5554336246853,51.59636456001998,5.006694642642515,6.551637200687809,-1.5449425580452942,0.009843555756574,0.0394527969521312,0.9997377491584633,1.0192554987902993,1243.6500244140625,-0.0037250855020215
2017-08-28,997.0967407226562,1243.6500244140625,0.0,1252.699951171875,1230.5,1252.300048828125,0.0,2036796,-0.0037250855020215,-0.010541809008379,0.0022565571045789,1248.7675048828123,1224.8885034179686,1246.2787279855784,41.120599320464,4.195970710537267,6.080503902657702,-1.8845331921204345,0.0073805707545897,0.2542557829630743,0.9959019749883464,1.0153169214534556,1235.425048828125,-0.0066135773123251
2017-08-29,990.5025024414062,1235.425048828125,0.0,1248.0,1231.9749755859375,1241.0,0.0,1312602,-0.0066135773123251,-0.022915987841241,-0.0054139801584029,1248.4312561035156,1225.4850048828123,1245.245044256297,41.72595626552983,2.856847404048949,5.435772602935952,-2.578925198887003,0.0075282419568123,-0.3555554900932641,0.989581959589842,1.0081111102181646,1242.2750244140625,0.0055446306454893
2017-08-30,995.9942016601562,1242.2750244140625,0.0,1245.0,1230.050048828125,1240.5,0.0,970782,0.0055446306454893,-0.0052051008972171,-0.0029095432450166,1248.2500061035155,1226.333505859375,1244.9621852237033,45.60153797574159,2.32155685563248,4.812929453475258,-2.491372597842778,0.007606641557212,-0.2604140478225692,0.9952133133104444,1.0129993337689296,1248.175048828125,0.0047493705484784
2017-08-31,1000.724853515625,1248.175048828125,0.0,1252.199951171875,1233.324951171875,1242.5,0.0,1784664,0.0047493705484784,0.0027717554559096,-0.0021185237320916,1248.1175109863282,1226.9800073242188,1245.268172233648,46.32891442342274,2.346370403657147,4.319617643511636,-1.973247239854489,0.0076311223060427,0.8383777202296705,1.0000460996991791,1.0172741539205092,1228.2249755859375,-0.015983393724236
2017-09-01,984.7294921875,1228.2249755859375,0.0,1249.0250244140625,1218.2750244140625,1240.0,0.0,1702330,-0.015983393724236,-0.0160819293895193,-0.0070135408334514,1247.6837585449218,1227.0945068359374,1243.645010648152,39.10895301302208,0.7476131196424376,3.6052167387377967,-2.857603619095359,0.0080656644051682,-0.0461341742759421,0.9844040744894542,1.0009212564669652,1228.0999755859375,-0.0001017728856558
2017-09-04,984.6295166015624,1228.0999755859375,0.0,1230.5,1219.0,1226.550048828125,0.0,1062544,-0.0001017728856558,-0.0125035568872772,-0.0133563641174421,1246.852508544922,1227.593505859375,1242.1645311184172,41.60524177372736,-0.5234658136409962,2.7794802282620386,-3.3029460419030348,0.007913483024826,-0.3758295982565072,0.9849601032756724,1.0004125712006011,1242.175048828125,0.0114608529614799
2017-09-05,995.9138793945312,1242.175048828125,0.0,1245.0,1218.5250244140625,1230.0,0.0,1165994,0.0114608529614799,0.0054637066055951,-0.0152409824114818,1245.891259765625,1228.488505859375,1242.1655328050565,53.12960604456147,-0.3905620889036072,2.145471764828909,-2.5360338537325164,0.0077427385937902,0.0973606740050294,0.9970172268981172,1.011140961354926,1226.5999755859375,-0.012538549423353
2017-09-06,983.4268188476562,1226.5999755859375,0.0,1237.425048828125,1225.0,1234.074951171875,0.0,1228764,-0.012538549423353,-0.0126180181683346,-0.0200723006171854,1244.635009765625,1229.403505859375,1240.683098784188,42.07650597230417,-1.5244403741539827,1.411489337032331,-2.9359297111863136,0.008042824025676,0.0538338962293116,0.9855097807484272,0.997719601204913,1230.050048828125,0.0028127126291026
2017-09-07,986.1927490234376,1230.050048828125,0.0,1234.199951171875,1225.5250244140625,1229.0,0.0,870636,0.0028127126291026,-0.0145212003853282,-0.0171590460973736,1243.561260986328,1230.576005859375,1239.6704273598011,44.833224717104095,-2.1202144942851646,0.7051485707688318,-2.8253630650539963,0.0080861753718764,-0.2914538511870465,0.9891350650892046,0.9995725928112156,1235.300048828125,0.0042681190127196
2017-09-08,990.4020385742188,1235.300048828125,0.0,1237.0,1226.2750244140625,1226.875,0.0,1021134,0.0042681190127196,0.0057604049606727,-0.0164808528438494,1242.5262634277344,1231.7815063476562,1239.254200832975,40.59237913966261,-2.144023682487159,0.1353141201176336,-2.279337802604793,0.0081075052291469,0.1728598403925406,0.9941842560497076,1.0028564663963024,1227.2249755859375,-0.0065369326665598
2017-09-11,983.9282836914062,1227.2249755859375,0.0,1241.4749755859375,1225.0,1235.5999755859375,0.0,732764,-0.0065369326665598,-0.0007124827110126,-0.0226960525227282,1241.1012634277345,1232.993505859375,1238.1085603332572,33.88953781174749,-2.782409673389793,-0.4482306385838518,-2.334179034805941,0.0082061893017842,-0.2824017220071019,0.988819374977129,0.9953215242042844,1244.2249755859375,0.0138523908315044
2017-09-12,997.5578002929688,1244.2249755859375,0.0,1248.5,1228.5,1236.949951171875,0.0,1396460,0.0138523908315044,0.0016502720447866,-0.0030448498658183,1240.9112609863282,1234.2545043945313,1238.6910760716075,48.05137910123168,-1.89473590930038,-0.7375316927271575,-1.157204216573222,0.0087611024175995,0.9057431860735516,1.002670388047712,1.008078132310562,1244.5999755859375,0.0003013924389545
2017-09-13,997.858154296875,1244.5999755859375,0.0,1265.824951171875,1237.5999755859375,1250.0,0.0,1278980,0.0003013924389545,0.01467471087418,0.0080181621491652,1241.4062622070312,1235.4105029296877,1239.2538284063055,49.944727165950205,-1.1477580495802613,-0.8195769640977782,-0.328181085482483,0.0084011131498961,-0.0841270068602036,1.0025726576996867,1.0074383960913864,1243.4749755859375,-0.0009039048867651
2017-09-14,996.956298828125,1243.4749755859375,0.0,1248.800048828125,1235.949951171875,1241.0,0.0,1081510,-0.0009039048867651,0.0109141305027404,-0.0021666885761567,1241.271258544922,1236.6115014648435,1239.6558424234136,47.81918315506989,-0.6391827116278819,-0.7834981136037991,0.1443154019759172,0.0081404373454698,-0.1543964721887754,1.0017753710366248,1.00555022665806,1253.0250244140625,0.0076801294884321
2017-09-15,1004.613037109375,1253.0250244140625,0.0,1258.5,1242.5,1249.5,0.0,2944072,0.0076801294884321,0.0143487208656329,0.0082071680590012,1241.7812622070312,1238.112001953125,1240.9290978510944,54.05754957818391,0.5283851401416086,-0.5211214628547176,1.0495066029963265,0.0082940852796274,1.7221865724773695,1.0090545432993954,1.0120449704367716,1249.5250244140625,-0.002793240303909
2017-09-18,1001.8074340820312,1249.5250244140625,0.0,1259.4749755859375,1244.625,1252.4749755859375,0.0,726600,-0.002793240303909,0.0181711171722835,-0.0058676106744751,1241.412512207031,1239.627001953125,1241.747757523758,56.362781033341165,1.1579225152866002,-0.185312667226454,1.3432351825130542,0.0079109855523268,-0.7531989706773475,1.0065349044956928,1.0079846780082575,1249.125,-0.000320141178645
2017-09-19,1001.4864501953124,1249.125,0.0,1252.5,1245.75,1252.5,0.0,782754,-0.000320141178645,0.0039382141575763,-0.0120808479271748,1240.6487609863282,1241.2900024414062,1242.450352045305,53.28219699849914,1.6060433258562623,0.1729585313900892,1.433084794466173,0.007774064180243,0.0772832369942196,1.0068321021067503,1.0063119799105638,1246.7750244140625,-0.0018812973769138
2017-09-20,999.602294921875,1246.7750244140625,0.0,1257.0,1237.1500244140625,1257.0,0.0,1334642,-0.0018812973769138,0.0017475886797291,-0.001601569506836,1240.548760986328,1241.8760034179688,1242.8622256042345,49.30554630478458,1.7513702010614909,0.4886408653243695,1.262729335737121,0.007275600216198,0.7050593162091794,1.0050189590474332,1.003944855188932,1262.449951171875,0.0125723778956665
2017-09-21,1012.1695556640624,1262.449951171875,0.0,1270.5,1240.0,1245.5250244140625,0.0,2438740,0.0125723778956665,0.0152596360670598,0.0142400738585595,1241.435009765625,1242.367001953125,1244.7277232773429,67.72850575730175,3.0956931614487075,1.010051324549237,2.0856418368994705,0.0077545607957297,0.8272615427957459,1.0169279432599678,1.0161650697315507,1251.800048828125,-0.0084359006342106
2017-09-22,1003.6312255859376,1251.800048828125,0.0,1263.449951171875,1246.0,1259.949951171875,0.0,2435396,-0.0084359006342106,-0.00097761462227,0.0028038130762597,1241.610009765625,1243.0085034179688,1245.401278091703,61.06961018524326,3.26409423220548,1.4608599060804857,1.803234326124994,0.007998992327242,-0.0013711998819062,1.0082071173575862,1.0070727958706491,1255.375,0.0028558484042413
2017-09-25,1006.497314453125,1255.375,0.0,1267.0,1246.375,1248.2750244140625,0.0,1599558,0.0028558484042413,0.0046817594458987,0.0094278738839421,1242.196258544922,1243.652004394531,1246.351156368684,56.835807610710326,3.6440160280512814,1.897491130474645,1.7465248975766374,0.0079656002490716,-0.3432041442130972,1.0106092264925313,1.009426266804576,1237.324951171875,-0.0143782127476849
2017-09-26,992.025634765625,1237.324951171875,0.0,1263.199951171875,1233.0,1255.0,0.0,1449230,-0.0143782127476849,-0.009446651718703,0.0015378531830418,1242.2912536621093,1244.42400390625,1245.4915177785117,55.415285504546894,2.460258371520922,2.010044578683901,0.4502137928370211,0.0085017034244373,-0.093980962240819,0.9960023042297091,0.9942953103507398,1247.5,0.0082234249123387
2017-09-27,1000.1832885742188,1247.5,0.0,1256.0999755859375,1236.875,1245.0,0.0,2010356,0.0082234249123387,0.000581480677541,0.0042059733016059,1242.5525024414062,1245.4195043945313,1245.6828017996058,58.25056792996455,2.316460588488553,2.071327780644832,0.2451328078437216,0.0086121925822935,0.3871890590175472,1.0039817211336124,1.001670517924384,1238.2249755859375,-0.0074348893098696
2017-09-28,992.747314453125,1238.2249755859375,0.0,1257.0,1226.0,1247.3499755859375,0.0,4332866,-0.0074348893098696,-0.0191888601710116,-0.007971696959917,1242.054998779297,1246.1005029296875,1244.9725326363994,51.33223689697391,1.437512109053614,1.944564646326588,-0.507052537272974,0.0087072259315632,1.155272996424514,0.9969163819660776,0.9936798618367988,1217.9749755859375,-0.0163540555224365
2017-09-29,976.5120239257812,1217.9749755859375,0.0,1242.0,1210.75,1239.5,0.0,1985014,-0.0163540555224365,-0.0270211470864319,-0.0083453766237818,1241.542498779297,1245.9640014648437,1242.4013367268317,46.20746055610832,-0.882889259267813,1.379073865207708,-2.261963124475521,0.0087425438736277,-0.5418704386426906,0.9810175461439852,0.9775362483619108,1224.2249755859375,0.005131468318545
2017-10-03,981.5223388671876,1224.2249755859375,0.0,1227.1500244140625,1213.5250244140625,1220.0,0.0,1923006,0.005131468318545,-0.0248133222455939,-0.0031552805773416,1241.3487487792968,1246.0015014648438,1240.670254713413,41.007190295845,-2.192230624656304,0.6648129672349057,-2.85704359189121,0.008829275332728,-0.0312380668347931,0.9862055097649244,0.98252287348506,1221.1500244140625,-0.0025117533404375
2017-10-04,979.0574951171876,1221.1500244140625,0.0,1227.0,1212.5,1224.800048828125,0.0,1300778,-0.0025117533404375,-0.013072497036848,-0.0169259754765623,1240.2974975585937,1245.5125024414062,1238.811185161094,39.70589496156765,-3.4383804417377632,-0.1558257145596281,-3.2825547271781352,0.0084073366391242,-0.3235704932797921,0.9845621931978246,0.9804397964857122,1214.800048828125,-0.0051999962813613
2017-10-05,973.9664916992188,1214.800048828125,0.0,1221.7249755859375,1212.199951171875,1220.5,0.0,1684686,-0.0051999962813613,-0.0262123857089178,-0.0096200285281888,1239.707501220703,1244.50150390625,1236.52441027224,37.96434159842848,-4.882075582298285,-1.1010756881073591,-3.780999894190925,0.0080201835253094,0.2951372178803762,0.97990860556377,0.9761338536073296,1223.324951171875,0.007017535397676
2017-10-06,980.80078125,1223.324951171875,0.0,1227.5,1214.0250244140625,1215.0,0.0,1389188,0.007017535397676,-0.0120333741507772,-0.005467336603626,1239.3712463378906,1243.2530029296877,1235.267318929348,37.42585064389394,-5.277490384862404,-1.936358627458368,-3.341131757404036,0.0081641074380376,-0.1754024192045283,0.9870528744204536,0.983971040720712,1227.050048828125,0.0030450598205173
2017-10-09,983.7877197265624,1227.050048828125,0.0,1233.9749755859375,1220.5250244140625,1220.5250244140625,0.0,1773616,0.0030450598205173,0.0074509521329217,-0.0066785393620169,1238.9587463378907,1242.23400390625,1234.4847217768504,40.50284891320384,-5.229987179137652,-2.595084337794225,-2.634902841343427,0.0081330651174358,0.2767285637365137,0.9903881404082536,0.987776896276886,1229.625,0.0020984891156918
2017-10-10,985.8524169921876,1229.625,0.0,1234.9749755859375,1225.625,1227.5,0.0,1222010,0.0020984891156918,0.0044109738992033,0.0019556515405145,1239.0787475585937,1242.0095043945312,1234.0218911314362,41.90869729945479,-4.927759364028361,-3.0616193430410523,-1.866140020987309,0.0080130622341052,-0.3110064410785649,0.9923703416128952,0.9900286556981152,1250.175048828125,0.0167124520305987
2017-10-11,1002.3279418945312,1250.175048828125,0.0,1257.2249755859375,1228.375,1230.0,0.0,1527746,0.0167124520305987,0.0237685983161564,0.004782152230456,1239.3762512207031,1242.1700048828125,1235.5602871025494,51.22567721823681,-2.9954942534909605,-3.048394325131034,0.0529000716400736,0.0082915586673585,0.2501910786327444,1.0087130906347332,1.0064444028706585,1274.0999755859375,0.0191372614420988
2017-10-12,1021.510009765625,1274.0999755859375,0.0,1277.5,1253.5,1256.5,0.0,5006356,0.0191372614420988,0.048814557436853,0.0237023948085102,1240.851251220703,1242.73400390625,1239.2307336247768,53.96394622752869,0.4610665203849748,-2.3465021560278325,2.8075686764128074,0.0093031837824111,2.276955724315429,1.0267950927498566,1.0252394893686787,1279.300048828125,0.004081369862515
2017-10-13,1025.6793212890625,1279.300048828125,0.0,1304.4749755859375,1261.5,1274.0999755859375,0.0,4066320,0.004081369862515,0.0457565241374575,0.0288104497039085,1242.6425048828123,1243.303505859375,1243.046858882239,59.717314487632514,3.578764519004835,-1.161448821021299,4.740213340026134,0.0093102620964645,-0.1877685086717764,1.029499670099221,1.0289523377028276,1292.199951171875,0.010083562769787
2017-10-16,1036.0216064453125,1292.199951171875,0.0,1295.0,1277.5250244140625,1277.5250244140625,0.0,1218590,0.010083562769787,0.0530947392129361,0.0312642812350307,1244.601251220703,1244.4095043945313,1247.728105766966,62.20784455282553,7.0096737986900735,0.4727757029209755,6.536898095769098,0.0094097222573244,-0.7003211749198293,1.038244136348479,1.038404115854609,1297.2750244140625,0.0039274674461835
2017-10-17,1040.0904541015625,1297.2750244140625,0.0,1307.4749755859375,1288.7750244140625,1292.5,0.0,1443016,0.0039274674461835,0.0550167932614109,0.0382145207715158,1246.988751220703,1245.460505371094,1252.4468599238323,71.74468039887822,10.022674959658616,2.382755554268504,7.639919405390112,0.0093651323863064,0.1841685882864622,1.0403261642449726,1.0416026994188228,1293.300048828125,-0.0030640962873179
2017-10-18,1036.9034423828125,1293.300048828125,0.0,1306.824951171875,1290.0,1297.5,0.0,1514144,-0.0030640962873179,0.0344951693288264,0.035364794418593,1249.1975036621093,1246.098505859375,1256.3376398194791,67.39463836005623,11.951977817269608,4.296600006868725,7.655377810400883,0.0094195951809606,0.0492912067503063,1.0353047016478387,1.0378794635791633,1291.949951171875,-0.00104391680606
2017-10-19,1035.821044921875,1291.949951171875,0.0,1297.9000244140625,1285.5,1296.0,0.0,86822,-0.00104391680606,0.0140098704402915,0.0362334229297247,1251.45625,1246.9030053710935,1259.729288519707,71.7114512779277,13.21963491185329,6.081206987865638,7.138427923987653,0.0094043071166148,-0.9426593507618828,1.0323572647240964,1.0361270649013912,1293.949951171875,0.001548047583566
2017-10-23,1037.4248046875,1293.949951171875,0.0,1314.5,1273.7249755859375,1292.0,0.0,1886088,0.001548047583566,0.0114514983073514,0.0249514841921139,1253.03125,1247.75150390625,1262.9883992484852,86.0156402804927,14.221706596648572,7.709306909622225,6.512399687026348,0.0090578038174615,20.72361843772316,1.0326557706935682,1.0370253589124074,1289.199951171875,-0.0036709302362878
2017-10-24,1033.6165771484375,1289.199951171875,0.0,1310.449951171875,1284.5250244140625,1310.0,0.0,1339020,-0.0036709302362878,-0.0023216221276586,0.0298768979748498,1254.9012451171875,1248.4155029296876,1265.4847375269032,81.24548730104502,14.465817385628952,9.060609004823572,5.40520838080538,0.008849284136033,-0.2900543346863985,1.0273317969745774,1.0326689697031777,1279.949951171875,-0.0071749925150026
2017-10-25,1028.9937744140625,1279.949951171875,3.5,1307.0,1277.5,1289.25,0.0,1105106,-0.0071749925150026,-0.0133549732447926,0.0195757850617346,1256.1299926757813,1248.9000024414063,1266.8623769216624,76.69083691565015,13.754327919609295,9.999352787780715,3.754975131828578,0.0090509604392823,-0.1746904452510044,1.0189629724908909,1.024861837352687,1269.425048828125,-0.0082229014768224
2017-10-26,1020.5324096679688,1269.425048828125,0.0,1284.574951171875,1258.949951171875,1267.550048828125,0.0,3007552,-0.0082229014768224,-0.0184605266362074,0.0259431426044127,1257.7349975585937,1249.3280029296875,1267.106440912754,73.89023543857776,12.200555325709502,10.439593295366477,1.760962030343027,0.0085932936986167,1.7215054483461314,1.0092945265037732,1.016086284667685,1292.1500244140625,0.0179017860147916
2017-10-27,1038.8017578125,1292.1500244140625,0.0,1296.574951171875,1265.1500244140625,1269.0,0.0,1409270,0.0179017860147916,0.0001548614495523,0.0357916027367235,1259.9674987792969,1250.4770043945311,1269.491544103355,76.77496991576415,12.65699302309099,10.88307324091138,1.773919782179611,0.0092501298718014,-0.531422898091205,1.0255423458668145,1.0333256988117978,1308.0999755859375,0.0123437301168707
2017-10-30,1051.624267578125,1308.0999755859375,0.0,1310.0,1290.8499755859375,1293.0,0.0,1137252,0.0123437301168707,0.0109355268349038,0.0564315866484075,1263.461248779297,1251.7155029296875,1273.1685375778868,78.79218367716862,14.142722446168136,11.535003081962731,2.607719364205405,0.0092680740727878,-0.1930204999751644,1.035330507247269,1.0450457572222125,1312.0,0.0029814421579783
2017-10-31,1054.7598876953125,1312.0,0.0,1320.0,1300.6500244140625,1300.6500244140625,0.0,1592634,0.0029814421579783,0.0176854248306477,0.0771978294289907,1268.1625,1253.09900390625,1276.8667720942783,78.98998004945535,15.45669790245097,12.31934204606038,3.13735585639059,0.0081010828563317,0.4004231252176298,1.0345677308704524,1.0470042637574044,1301.425048828125,-0.0080601761980754
2017-11-01,1046.25830078125,1301.425048828125,0.0,1313.425048828125,1289.425048828125,1312.0,0.0,741882,-0.0080601761980754,0.0167780760775748,0.0630603645422591,1272.022503662109,1253.9895043945312,1279.2056555927402,69.39820470502568,15.466435298620354,12.948760696572377,2.517674602047979,0.0085099133817209,-0.5341792276191517,1.0231147995270262,1.037827704512166,1313.074951171875,0.008951650618866
2017-11-02,1055.6240234375,1313.074951171875,0.0,1337.0,1303.375,1304.25,0.0,1468422,0.008951650618866,0.0343855687927741,0.0752773409654725,1276.61875,1254.9630029296875,1282.431302790753,66.2633136546778,16.22714557889708,13.604437673037316,2.6227079058597624,0.0084983414248381,0.979320161427289,1.0285568429665275,1.046305706308892,1310.050048828125,-0.0023036783551848
2017-11-03,1053.1922607421875,1310.050048828125,0.0,1318.3499755859375,1301.4000244140625,1316.199951171875,0.0,666886,-0.0023036783551848,0.0138528994898865,0.0784079652382994,1281.38125,1256.1885034179688,1285.061659556217,63.06846125592196,16.396916174724538,14.16293337337476,2.233982801349777,0.0083628406503219,-0.5458485367285426,1.0223733559610968,1.0428769609525992,1332.7750244140625,0.0173466468752592
2017-11-06,1071.4615478515625,1332.7750244140625,0.0,1335.9000244140625,1305.875,1310.0,0.0,1377000,0.0173466468752592,0.0188632744351764,0.0894693377563669,1286.8537536621093,1257.9495043945312,1289.6057895426784,65.91494752808892,18.15588644697528,14.961523988094864,3.194362458880409,0.0088743594943684,1.0648206739982546,1.0356849180579153,1.059482133232006,1355.0250244140625,0.0166944905122168
2017-11-07,1089.349365234375,1355.0250244140625,0.0,1384.0,1333.0250244140625,1335.0,0.0,2696892,0.0166944905122168,0.0327934637302305,0.1042948294636865,1293.2525024414062,1260.08400390625,1295.8361928637626,69.96202435504696,21.102021145211665,16.189623419518224,4.912397725693442,0.0092855862717146,0.9585272331154684,1.0477652444948236,1.075344993042921,1367.5,0.0092064540220073
2017-11-08,1099.37841796875,1367.5,0.0,1379.5,1359.125,1361.5,0.0,1402252,0.0092064540220073,0.050771230530235,0.1121276812036189,1300.1462524414062,1262.5610034179688,1302.661317352928,74.22465451194881,24.164922210284203,17.78468317767142,6.380239032612785,0.0093041563547824,-0.4800488859027354,1.0518047469137548,1.0831159811668056,1368.199951171875,0.0005118472920475
2017-11-09,1099.9405517578125,1368.199951171875,0.0,1375.0,1359.6500244140625,1375.0,0.0,1152432,0.0005118472920475,0.0419816096185543,0.0944067012490634,1306.0474975585937,1265.2165014648438,1308.9030920023513,75.00008004636285,26.34508385377808,19.49676331289276,6.848320540885325,0.0089635731163418,-0.1781562800409626,1.047588203131558,1.0813959109668574,1354.375,-0.0101044815562475
2017-11-10,1088.8262939453125,1354.375,0.0,1363.0,1346.675048828125,1361.0999755859375,0.0,1356566,-0.0101044815562475,0.0338345479331303,0.0630052789830291,1310.0612487792969,1267.4585009765624,1313.2337499068892,68.38589573493513,26.650113721963635,20.92743339470693,5.722680327256704,0.0088445368030678,0.1771332278173462,1.0338257094941128,1.0685754199892694,1379.4749755859375,0.0185325154303184
2017-11-13,1109.005126953125,1379.4749755859375,0.0,1388.699951171875,1351.0250244140625,1351.0250244140625,0.0,1496996,0.0185325154303184,0.0350396355847124,0.0783044813056761,1315.0699951171875,1270.0844995117188,1319.5424380667987,74.44166749842847,28.58766949196206,22.45948061415796,6.128188877804099,0.0094955524681226,0.1035187377540053,1.048974564629931,1.0861285025652023,1357.300048828125,-0.0160749032423683
2017-11-14,1091.1781005859375,1357.300048828125,0.0,1378.2750244140625,1353.75,1378.2750244140625,0.0,1657252,-0.0160749032423683,0.0016789538001678,0.0503792757438288,1318.325,1272.6660009765626,1323.1384009964488,69.57245600574277,28.010972083309525,23.56977890798828,4.441193175321249,0.010350351825176,0.1070517222490908,1.029564067151973,1.0665013819703046,1352.6500244140625,-0.003425936968084
2017-11-15,1087.43994140625,1352.6500244140625,0.0,1377.5,1350.675048828125,1353.0,0.0,6670834,-0.003425936968084,-0.0108592143224406,0.0426856286892682,1321.09375,1275.157001953125,1325.9490317981265,71.70431559263393,26.86898815366135,24.22962075712289,2.639367396538457,0.0104277148452325,3.02523816534842,1.0238864761975162,1.0607713578345594,1373.324951171875,0.0152847568732854
2017-11-16,1104.061279296875,1373.324951171875,0.0,1381.5,1343.4749755859375,1355.0,0.0,1653482,0.0152847568732854,0.0037457975317207,0.0618765169121129,1325.0949951171874,1277.78,1330.4610241194357,71.39848874993322,27.317354011071306,24.84716740791257,2.4701866031587265,0.0107476858912284,-0.7521326418855573,1.0363973573460084,1.0747741795707204,1353.6500244140625,-0.0143264904209478
2017-11-17,1088.24365234375,1353.6500244140625,0.0,1374.050048828125,1351.800048828125,1374.050048828125,0.0,1325464,-0.0143264904209478,-0.0005352842351177,0.0477573246442106,1328.179998779297,1280.3210009765626,1332.6695003379714,61.77615998707338,25.78781909803638,25.03529774593734,0.7525213520990413,0.0114049789624371,-0.1983801456562575,1.019176636945425,1.0572739362875156,1351.7249755859375,-0.0014221170859567
2017-11-20,1086.6961669921875,1351.7249755859375,0.0,1363.449951171875,1347.6500244140625,1357.5,0.0,1014498,-0.0014221170859567,-0.0201163489669053,0.0446501229523894,1331.06875,1282.754499511719,1334.4843075044446,60.37615048059846,24.142022104691023,24.85664261768808,-0.7146205129970546,0.0114359103498172,-0.2346091632816885,1.015518526436698,1.0537674793582656,1336.4749755859375,-0.0112818807637918
2017-11-21,1074.4361572265625,1336.4749755859375,0.0,1350.5,1333.0,1350.5,0.0,1527740,-0.0112818807637918,-0.0153430136985315,0.0366700482505368,1333.4325012207032,1284.777998046875,1334.6738949407772,58.93677164574991,21.36093304033534,24.157500702217533,-2.796567661882193,0.0117651472479398,0.5059073551648204,1.0022816860714352,1.0402380626206649,1340.324951171875,0.0028806941067112
2017-11-22,1077.5313720703125,1340.324951171875,0.0,1354.8499755859375,1336.199951171875,1336.5,0.0,1822624,0.0028806941067112,-0.0091117975971104,0.0471698131202105,1336.4512512207032,1287.0399975585938,1335.2120907723104,57.23581083271206,19.24570822992837,23.175142207759706,-3.9294339778313336,0.011571633535093,0.1930197546702973,1.0028984970066313,1.0414011636890526,1340.625,0.0002238627490018
2017-11-23,1077.7725830078125,1340.625,0.0,1346.5,1334.5,1340.5,0.0,793470,0.0002238627490018,-0.0238107893867155,0.0560883458520087,1340.011248779297,1288.967998046875,1335.727605936852,58.23790905048453,17.39309202310733,22.01873217082923,-4.625640147721903,0.0113159620464069,-0.5646551345752059,1.0004580194541368,1.0400762486201356,1344.0250244140625,0.0025361487470862
2017-11-24,1080.5057373046875,1344.0250244140625,0.0,1351.449951171875,1336.550048828125,1341.0,0.0,2287512,0.0025361487470862,-0.0071104050725121,0.0401462670896308,1342.604998779297,1290.9564990234376,1336.5178362680151,53.38346361528375,16.014627232866815,20.81791118323675,-4.803283950369934,0.0107433080443938,1.8829218495973383,1.0010576644925773,1.0411079114058217,1342.925048828125,-0.0008184189772932
2017-11-27,1079.62158203125,1342.925048828125,0.0,1347.949951171875,1331.0999755859375,1344.0,0.0,1856786,-0.0008184189772932,-0.006510145863065,0.0266226388595323,1344.3462524414062,1292.9455004882811,1337.1280469880255,45.8304624462734,14.66438323670218,19.58720559392984,-4.922822357227656,0.0104777817013248,-0.1882945313510923,0.998942829192479,1.03865557235086,1342.6500244140625,-0.0002047950585942
2017-11-28,1079.40087890625,1342.6500244140625,0.0,1351.199951171875,1335.0,1343.0,0.0,911716,-0.0002047950585942,0.0046203998884586,0.0233612990960843,1345.8787536621094,1294.7380004882812,1337.6539496000291,40.65085904024469,13.41744501594485,18.35325347833284,-4.935808462387989,0.0104761593398436,-0.5089816489353108,0.9976010251746216,1.0370051886232676,1329.074951171875,-0.0101106565339778
2017-11-29,1068.487060546875,1329.074951171875,0.0,1346.5,1325.0,1338.75,0.0,1447532,-0.0101106565339778,-0.0083934869601315,0.0212458661131869,1347.261248779297,1296.3289990234375,1336.8369021306812,36.580337434306834,11.20468193459601,16.923539169585474,-5.718857234989464,0.0105811356866754,0.5877005558748558,0.9865012835306444,1.0252605258179874,1318.5,-0.0079566251418332
2017-11-30,1059.9854736328125,1318.5,0.0,1333.4749755859375,1311.5,1326.824951171875,0.0,4299962,-0.0079566251418332,-0.0165034965034964,0.0041315606723617,1347.5325012207031,1297.7164990234376,1335.090530499188,37.414480062763154,8.499761114306011,15.238783558529583,-6.739022444223572,0.0105966469230116,1.970547110530199,0.9784550642048312,1.0160154401922166,1314.9749755859375,-0.0026735111217766
2017-12-01,1057.151123046875,1314.9749755859375,0.0,1334.0,1310.75,1317.5,0.0,1031144,-0.0026735111217766,-0.0216142172209848,0.0037593424481896,1347.7787475585938,1299.080498046875,1333.1747633645923,23.33607852873675,6.002459252110384,13.391518697245743,-7.389059445135361,0.0106016764597826,-0.7601969505777028,0.9756608627105317,1.0122351752358374,1316.175048828125,0.0009126205931431
2017-12-04,1058.1165771484375,1316.175048828125,0.0,1329.25,1301.4749755859375,1311.0,0.0,1259104,0.0009126205931431,-0.0199192054860715,-0.0124551970751668,1346.948748779297,1300.155,1331.555742932548,29.432378180113204,4.073211963418089,11.527857350480216,-7.454645387062126,0.0098136731816536,0.2210748450264948,0.9771530282952032,1.012321645363918,1317.7750244140625,0.0012156252220114
2017-12-05,1059.4024658203125,1317.7750244140625,0.0,1325.8499755859375,1314.074951171875,1315.5,0.0,1167914,0.0012156252220114,-0.0185267936898564,-0.027490267211934,1345.086248779297,1301.4744995117187,1330.2432935498352,32.009294593267086,2.642908442512635,9.7508675688867,-7.107959126374064,0.0089521138419037,-0.0724245177523064,0.9796955590096768,1.012524659460066,1316.6500244140625,-0.0008537117331542
2017-12-06,1058.498291015625,1316.6500244140625,0.0,1322.5,1306.425048828125,1318.0,0.0,1407518,-0.0008537117331542,-0.0093485523497807,-0.0371846256569926,1342.54375,1302.7,1328.9486964892856,13.376518678503205,1.402438066390005,8.08118166838736,-6.678743601997356,0.0086032976270665,0.2051555165876939,0.98071293722388,1.0107085471820545,1308.625,-0.0060950322904781
2017-12-07,1052.046875,1308.625,0.0,1322.9749755859375,1307.5,1316.1500244140625,0.0,1326300,-0.0060950322904781,-0.0074895714827455,-0.0435425765955104,1339.5650024414062,1304.1260009765624,1327.013106347449,15.747528421068282,-0.2255955213395282,6.419826230441982,-6.645421751781511,0.0086343091510592,-0.0577029920754121,0.9769029480577524,1.0034498192813184,1300.75,-0.0060177667398987
2017-12-08,1045.7156982421875,1300.75,0.0,1322.5,1298.5,1309.0,0.0,1385548,-0.0060177667398987,-0.0108176777885822,-0.0395939086294416,1336.8837524414062,1305.1910009765625,1324.511858123882,14.44028319223112,-2.126754651083729,4.71051005413684,-6.837264705220569,0.0084841552694707,0.0446716429163839,0.9729716571276904,0.9965974321204792,1330.550048828125,0.0229098972347683
2017-12-11,1069.6729736328125,1330.550048828125,0.0,1336.324951171875,1304.175048828125,1304.175048828125,0.0,1008002,0.0229098972347683,0.010921799507443,-0.0354663387329889,1334.4375061035155,1307.0375024414063,1325.0869239052386,46.56427274027156,-1.214818397202862,3.5254443638689,-4.740262761071762,0.0090770260791541,-0.2724885749176499,0.9970868195343656,1.017989190319941,1306.074951171875,-0.0183947215497878
2017-12-12,1049.9964599609375,1306.074951171875,0.0,1331.0,1303.699951171875,1330.5,0.0,1882246,-0.0183947215497878,-0.0088786576049958,-0.037740437496099,1331.8762512207031,1308.799501953125,1323.2762598353945,33.972910416557184,-2.43892378457872,2.3325707341793764,-4.771494518758096,0.0092820179428027,0.8673038347146137,0.9806278548587524,0.997918282535114,1314.199951171875,0.0062209293522625
2017-12-13,1056.5283203125,1314.199951171875,0.0,1325.7249755859375,1300.5,1305.699951171875,0.0,2961458,0.0062209293522625,-0.001860838641064,-0.0284257365528405,1329.9537475585937,1310.5990014648437,1322.411849486488,38.47831640799643,-2.7220385606187847,1.3216488752197444,-4.043687435838529,0.0094466946032965,0.5733639492393662,0.9881546283728752,1.002747560240017,1278.9000244140625,-0.0268603926870758
2017-12-14,1028.1497802734375,1278.9000244140625,0.0,1316.0,1265.550048828125,1316.0,0.0,5504150,-0.0268603926870758,-0.0227146627841723,-0.068756434285446,1325.2325012207032,1311.7540014648437,1318.267866146257,27.78444031367217,-5.728780322406237,-0.0884369643054518,-5.640343358100785,0.0101999018349032,0.8585946516884588,0.9650382278098651,0.9749541628887024,1272.800048828125,-0.0047697048006017
2017-12-15,1023.2456665039062,1272.800048828125,0.0,1292.2249755859375,1268.425048828125,1281.875,0.0,2718138,-0.0047697048006017,-0.0214875657673457,-0.0597273845733752,1321.1900024414062,1312.9140014648438,1313.9375978302444,26.86791699148911,-8.505812173141521,-1.771912006072666,-6.733900167068855,0.0098853048429371,-0.5061657113269079,0.963373963227195,0.9694466259085036,1290.25,0.013709891972381
2017-12-18,1037.274169921875,1290.25,0.0,1294.4749755859375,1247.175048828125,1268.5,0.0,2180664,0.013709891972381,-0.0302882622593708,-0.0454789078372172,1318.116253662109,1314.2525024414062,1311.6816361321255,34.47407807141343,-9.19259814877455,-3.2560492346130427,-5.936548914161508,0.010570053021379,-0.1977360972842438,0.9788590319065644,0.9817367648934902,1287.6500244140625,-0.0020150944281631
2017-12-19,1035.1842041015625,1287.6500244140625,0.0,1298.9000244140625,1282.3499755859375,1288.0,0.0,1801952,-0.0020150944281631,-0.014107097560734,-0.0365326340289081,1315.6750061035157,1315.464501953125,1309.392911206596,36.87215327278368,-9.833324835698477,-4.57150435483013,-5.261820480868347,0.010355210332884,-0.1736682038131504,0.9786991608418164,0.9788557749009836,1294.4749755859375,0.0053003153360562
2017-12-20,1040.6710205078125,1294.4749755859375,0.0,1296.375,1275.324951171875,1291.0,0.0,1577570,0.0053003153360562,-0.0150091130108083,-0.0342081041958145,1313.3825073242188,1316.7615014648438,1307.9721554332,42.20093471646643,-9.678817447518211,-5.592966973367746,-4.085850474150467,0.0104267595764247,-0.1245216298769334,0.9856039412487668,0.983074743714702,1297.8499755859375,0.0026072346423478
2017-12-21,1043.384033203125,1297.8499755859375,0.0,1304.0,1290.0250244140625,1293.5,0.0,1293648,0.0026072346423478,0.0148173827587163,-0.0319067781177155,1311.2437561035156,1317.715,1307.0081383048894,44.43541835905768,-9.178233967348206,-6.310020372163839,-2.8682135951843666,0.0104633050362124,-0.1799742642164848,0.9897854380962858,0.9849246427231516,1323.375,0.0196671609925782
2017-12-22,1063.904541015625,1323.375,0.0,1331.949951171875,1295.0999755859375,1302.0,0.0,3665664,0.0196671609925782,0.039735189528347,-0.0153643154249043,1310.2112548828125,1318.7005004882812,1308.566887037757,52.02018887337702,-6.645259390397087,-6.377068175810489,-0.2681912145865972,0.011469742611815,1.83358687989314,1.0100470401762538,1.0035447772333352,1324.7249755859375,0.0010201005655521
2017-12-26,1064.989990234375,1324.7249755859375,0.0,1344.875,1315.800048828125,1343.0,0.0,2175786,0.0010201005655521,0.0267196090571111,-0.0135525607017825,1309.301251220703,1319.6089990234375,1310.1057526137745,51.95278254534679,-4.4773153373218975,-5.997117608112771,1.5198022707908736,0.0114762049492855,-0.4064415069138906,1.0117801188617626,1.0038768882042226,1309.949951171875,-0.0111532768584871
2017-12-27,1053.11181640625,1309.949951171875,0.0,1329.25,1305.25,1324.7249755859375,0.0,739284,-0.0111532768584871,0.0173183134663938,-0.0243548747980382,1307.6662475585938,1319.9639990234375,1310.0909143812123,48.25154642590694,-3.906394561392517,-5.57897299876872,1.6725784373762034,0.0117140474911499,-0.660222099048344,1.0017463963894035,0.9924133931993816,1313.4749755859375,0.0026909611400871
2017-12-28,1055.9456787109375,1313.4749755859375,0.0,1326.75,1302.824951171875,1304.4000244140625,0.0,2605088,0.0026909611400871,0.014677765393958,-0.0117374686598243,1306.886248779297,1320.287998046875,1310.4132059245194,51.29609198791954,-3.13337611347265,-5.089853621709507,1.9564775082368568,0.0115481961762008,2.523798702528393,1.0050415457449298,0.9948397452139108,1350.5999755859375,0.028264718163693
2017-12-29,1085.79150390625,1350.5999755859375,0.0,1354.449951171875,1309.2750244140625,1311.550048828125,0.0,2609542,0.028264718163693,0.0406441429997985,0.0243458290374951,1308.4912475585938,1321.433996582031,1314.2405173208451,61.52067973452032,0.4695115720880949,-3.9779805829499866,4.4474921550380815,0.0130626074122233,0.0017097311108108,1.0321811308298094,1.022071461063773,1322.800048828125,-0.0205833905377881
2018-01-01,1063.4422607421875,1322.800048828125,0.0,1347.4000244140625,1317.5,1341.1500244140625,0.0,1351760,-0.0205833905377881,-0.0004344582388778,0.0059507392820923,1308.882501220703,1322.0509985351562,1315.055710797729,48.19220776854064,1.069278290100101,-2.968528808339969,4.03780709844007,0.0139331040907643,-0.4819933919438737,1.0106331527806676,1.00056658199555,1315.5999755859375,-0.0054430548657494
2018-01-02,1057.6539306640625,1315.5999755859375,0.0,1334.800048828125,1310.0999755859375,1330.0,0.0,1920290,-0.0054430548657494,-0.0068882222107754,-0.0004369276280533,1308.8537475585938,1322.4839990234375,1315.1075455394632,52.41660095748549,0.9526306647769616,-2.184296913716583,3.1369275784935446,0.0139928798551968,0.4205850150914363,1.0051543024115013,0.9947946262922022,1319.324951171875,0.0028313892178954
2018-01-03,1060.6488037109375,1319.324951171875,0.0,1334.5,1315.5999755859375,1316.0,0.0,1257120,0.0028313892178954,0.007156761975229,0.0011761694743772,1308.9312438964844,1323.0864990234377,1315.5092032187404,51.32996112499304,1.1475329348147625,-1.517930944010314,2.6654638788250766,0.0140044954851586,-0.345348879596311,1.0079406059897005,0.997156990223739,1328.550048828125,0.006992286205196
2018-01-04,1068.06494140625,1328.550048828125,0.0,1331.0,1320.0,1325.0,0.0,913082,0.006992286205196,0.0114772443498305,0.0090381074647063,1309.5262451171875,1324.0585009765623,1316.7511885148722,64.900969894936,2.0230620712709424,-0.8097323409540629,2.832794412225005,0.0140845096711169,-0.2736715667557592,1.0145272412690247,1.003392257855865,1344.5999755859375,0.0120807844401267
2018-01-05,1080.9681396484375,1344.5999755859375,0.0,1349.75,1325.0,1325.0,0.0,1153706,0.0120807844401267,-0.0044424700936315,0.0274906681332982,1311.3249938964843,1325.5619995117188,1319.4034539502118,70.3341706440655,3.966299146653228,0.1454739565673951,3.820825190085833,0.0142193215794562,0.2635294529954593,1.0253750838612323,1.0143621920975645,1357.199951171875,0.0093707986127598
2018-01-08,1091.0975341796875,1357.199951171875,0.0,1363.425048828125,1340.925048828125,1350.0,0.0,1242220,0.0093707986127598,0.0260053682143608,0.0433980020541033,1314.147491455078,1326.862998046875,1323.003120352275,69.49620565263201,6.4487046040599125,1.4061200860658989,5.042584517994014,0.014210141794512,0.0767214524324221,1.0327607517396145,1.0228636665350197,1354.5,-0.0019893540148919
2018-01-09,1088.9273681640625,1354.5,0.0,1360.5,1338.2750244140625,1357.5,0.0,2149396,-0.0019893540148919,0.0295682769351963,0.0180000377986297,1315.344989013672,1327.7909985351562,1326.0028231758677,69.45576370360634,8.104738933285489,2.745843855509817,5.3588950777756725,0.0133680673191209,0.7302861006906989,1.0297678641826802,1.0201153656669684,1403.300048828125,0.0360280906815244
2018-01-10,1128.1590576171875,1403.300048828125,0.0,1408.0,1347.324951171875,1355.5,0.0,3365850,0.0360280906815244,0.0636500488993709,0.0744406724660133,1320.2062438964845,1329.6169995117189,1333.364463714178,75.45317759650992,13.202721417591192,4.837219367926092,8.3655020496651,0.0146908156653367,0.5659515510403853,1.062940018134133,1.0554167473366127,1395.25,-0.0057365128967589
2018-01-11,1121.6871337890625,1395.25,0.0,1410.949951171875,1391.0999755859375,1405.0,0.0,2520744,-0.0057365128967589,0.0502050722369917,0.0616725398261144,1324.258746337891,1331.4934985351565,1339.2583243128274,72.29342910452557,16.404239737608805,7.150623441862635,9.25361629574617,0.0148254573031371,-0.2510824903070547,1.053608295099752,1.0478834493258775,1388.175048828125,-0.0050707408506539
2018-01-12,1115.9993896484375,1388.175048828125,0.0,1402.5,1370.2750244140625,1402.5,0.0,3360314,-0.0050707408506539,0.0324074624671912,0.0854445400954055,1329.7224975585937,1332.995500488281,1343.9170599809509,66.20001220703125,18.16122533943781,9.35274382137767,8.808481518060136,0.0132217080489559,0.3330643651239475,1.043958458533154,1.0413951497357876,1373.050048828125,-0.0108955999553286
2018-01-15,1103.840087890625,1373.050048828125,0.0,1404.0,1367.5250244140625,1388.574951171875,0.0,1457214,-0.0108955999553286,0.0116785280183397,0.0787633533580556,1334.7349975585937,1334.2555004882813,1346.6916303473483,61.30278744550306,18.124262772899783,11.107047611682091,7.01721516121769,0.013508052163194,-0.5663458831525864,1.0287061112053064,1.0290758016928891,1425.425048828125,0.0381450042878634
2018-01-16,1145.946044921875,1425.425048828125,0.0,1430.824951171875,1375.2750244140625,1378.0,0.0,4267752,0.0381450042878634,0.0523625314345699,0.1047665559605697,1341.49375,1336.1085009765625,1354.1900511550411,72.96869172675287,22.06682187008073,13.29900246336182,8.76781940671891,0.0154141161598587,1.9287064219805736,1.0625655533826563,1.0668482745123475,1444.4749755859375,0.0133643833279581
2018-01-17,1161.2608642578125,1444.4749755859375,0.0,1462.5,1431.074951171875,1435.0,0.0,4280806,0.0133643833279581,0.0293414988421023,0.1217915956963828,1349.3349975585938,1337.8975,1362.7886153865552,74.54103558106222,26.42389997111536,15.923981964912528,10.499918006202831,0.0154238053123249,0.0030587531796599,1.0705087900332269,1.0796604191172623,1459.0999755859375,0.0101247859929642
2018-01-18,1173.018310546875,1459.0999755859375,0.0,1466.5,1434.0250244140625,1448.5,0.0,2209478,0.0101247859929642,0.0457623906725945,0.1271751119989657,1357.5662475585937,1339.7294995117188,1371.9611258817345,72.19722654540877,30.70310475145743,18.879806522221507,11.823298229235924,0.0154520522858284,-0.483864019999972,1.0747909932277258,1.089100431182358,1479.6500244140625,0.0140840580988101
2018-01-19,1189.5394287109375,1479.6500244140625,0.0,1491.0,1451.824951171875,1465.2750244140625,0.0,1820000,0.0140840580988101,0.0658958505724183,0.1400778612690176,1366.65625,1341.9585009765624,1382.2172114562418,83.06977850275874,35.34518527218597,22.1728822722144,13.17230299997157,0.0155278187972287,-0.1762760253779399,1.0826790016978023,1.1026049042032968,1558.199951171875,0.0530868282781382
2018-01-22,1255.657958984375,1558.199951171875,3.5,1567.3499755859375,1461.0,1480.5,0.0,4367110,0.0530868282781382,0.1348457053708802,0.1774439982407669,1378.3974975585938,1346.035,1398.97747238154,89.31929847330932,44.84543983438061,26.707393784647643,18.13804604973297,0.0185097271615359,1.399510989010989,1.1304431079799155,1.1576221652274086,1551.0,-0.0046206850195702
2018-01-23,1249.8563232421875,1551.0,0.0,1571.175048828125,1545.0250244140625,1557.4749755859375,0.0,3239610,-0.0046206850195702,0.0880964953401886,0.1708090574150902,1389.711248779297,1349.4655004882814,1413.455808345203,87.13040429659529,51.20324499806611,31.606564027331338,19.596680970734774,0.0186697476149628,-0.2581798947129795,1.1160591823390484,1.1493439435382355,1587.300048828125,0.0234042868008543
2018-01-24,1279.1082763671875,1587.300048828125,0.0,1629.5250244140625,1541.324951171875,1545.0,0.0,5621538,0.0234042868008543,0.0988768069064345,0.2117257208247795,1403.5787536621094,1354.0655004882813,1430.0124026769097,88.15811075875537,58.49664900720768,36.9845810233066,21.51206798390108,0.0183932656324226,0.7352514654541751,1.1308948961265366,1.172247611548879,1560.5250244140625,-0.0168682817302437
2018-01-25,1257.531982421875,1560.5250244140625,0.0,1589.9000244140625,1540.5,1587.5,0.0,3833844,-0.0168682817302437,0.0695120625900875,0.1880888889549774,1415.9312561035156,1358.2230004882813,1442.442176175686,80.86628677204509,61.40832656530256,41.869330131705794,19.538996433596765,0.019289641611542,-0.3180079899842356,1.1021192008349705,1.1489461037348458,1599.425048828125,0.0249275236253698
2018-01-29,1288.87890625,1599.425048828125,0.0,1612.5,1561.0,1565.699951171875,0.0,3141060,0.0249275236253698,0.0809482123730529,0.1842329910706821,1428.372509765625,1362.7450024414063,1457.3929259521087,82.20436470196435,66.092881282706,46.714040361905845,19.37884092080016,0.0191264081279757,-0.1807021881954508,1.1197534521933408,1.1736788951437709,1576.425048828125,-0.0143801674338236
2018-01-30,1270.344970703125,1576.425048828125,0.0,1601.9000244140625,1571.8499755859375,1590.0,0.0,1574758,-0.0143801674338236,0.0116962509481171,0.1917334371318535,1441.053759765625,1367.2005029296874,1468.7293186069674,77.99432971657205,67.17516339710824,50.80626496894632,16.368898428161913,0.0186721005975124,-0.4986539575811987,1.0939390970983045,1.153031355276789,1556.175048828125,-0.0128455203214725
2018-01-31,1254.0264892578125,1556.175048828125,0.0,1575.0,1549.300048828125,1568.5,0.0,3043214,-0.0128455203214725,0.0033365885416667,0.1828633913853949,1453.0825134277345,1371.2895043945311,1477.057483389935,70.7809447826944,65.64219168164414,53.77345031148589,11.868741370158247,0.0190425658142999,0.9324962946687682,1.0709474750729755,1.1348260479213883,1569.300048828125,0.0084341411397668
2018-02-01,1264.6033935546875,1569.300048828125,0.0,1595.0,1544.4000244140625,1562.0,0.0,2400630,0.0084341411397668,-0.0113400109911727,0.189471970066368,1465.5812683105469,1375.946005859375,1485.8424896221436,73.3373685182251,64.74009484837029,55.966779218862776,8.773315629507515,0.0189943611453841,-0.2111530769771695,1.0707697230854625,1.1405244407450326,1576.824951171875,0.0047950692089566
2018-02-02,1270.667236328125,1576.824951171875,0.0,1595.0,1551.7249755859375,1560.0,0.0,2456490,0.0047950692089566,0.0104451556385214,0.1868765896796631,1477.9950134277344,1380.676005859375,1494.5074859602132,75.26449395484426,63.89582207652188,57.55258779039461,6.343234286127277,0.0190122108866412,0.023268891915872,1.0668675718431122,1.1420673238906698,1551.5999755859375,-0.0159973214320274
2018-02-05,1250.33935546875,1551.5999755859375,0.0,1594.0,1538.425048828125,1555.0,0.0,2757742,-0.0159973214320274,-0.0299014156851102,0.1539491326480171,1488.3450134277343,1384.8955053710938,1499.944865924568,73.28204542119131,60.49394852389878,58.14085993709544,2.353088586803338,0.0197763391470694,0.1226351420115693,1.0425002009530866,1.1203733202745676,1498.625,-0.034142160620963
2018-02-06,1207.6505126953125,1498.625,0.0,1538.574951171875,1492.5,1505.0,0.0,2657306,-0.034142160620963,-0.0493522028757152,0.1042035469467939,1495.4162658691407,1387.9875048828126,1499.8191644079425,59.53000760297711,52.91334927183834,57.09535780404403,-4.1820085322056855,0.021831152276204,-0.0364196505691975,1.0021457130058662,1.079710728466917,1477.5250244140625,-0.0140795566508883
2018-02-07,1190.647216796875,1477.5250244140625,0.0,1515.5,1473.7249755859375,1513.5,0.0,2180324,-0.0140795566508883,-0.0505406024041381,0.0908268914094223,1501.5675170898437,1390.6795043945312,1497.6959129799538,54.27998722703317,44.68794326668103,54.61387489657143,-9.9259316298904,0.0222046780845181,-0.1794983340270183,0.9839884038498798,1.0624482634173442,1487.0999755859375,0.0064803986488635
2018-02-08,1198.3631591796875,1487.0999755859375,0.0,1513.800048828125,1479.5,1489.875,0.0,2755004,0.0064803986488635,-0.0523800870990671,0.0597163285412785,1505.7575134277345,1393.5685034179687,1496.6867760852858,53.67406040569459,38.49808631034921,51.39071717932699,-12.892630868977784,0.0209502523465535,0.263575505291874,0.9876092015643844,1.0671165227533248,1485.8499755859375,-0.0008405621817776
2018-02-09,1197.3558349609375,1485.8499755859375,0.0,1497.0,1448.324951171875,1475.0,0.0,2102458,-0.0008405621817776,-0.0576950380689538,0.0649345820361495,1510.287512207031,1396.70400390625,1495.6546998472527,50.85693923374549,33.11004355185173,47.73458245383194,-14.624538901980207,0.0208698865982451,-0.2368584582817302,0.9838192818098704,1.0638259584209449,1483.6500244140625,-0.0014806011427953
2018-02-12,1195.583251953125,1483.6500244140625,0.0,1511.675048828125,1477.7750244140625,1489.1500244140625,0.0,1974562,-0.0014806011427953,-0.043793472699827,0.0687773315523399,1515.061260986328,1400.0070043945314,1494.5113974250442,36.93938609791723,28.335825416219905,43.854831046309535,-15.51900563008963,0.0208089486419295,-0.0608316551388898,0.9792673488649452,1.0597447153885524,1455.9000244140625,-0.0187038718992771
2018-02-14,1173.220947265625,1455.9000244140625,0.0,1487.2249755859375,1446.25,1485.0,0.0,2847532,-0.0187038718992771,-0.028509450720452,0.0603400987871116,1519.203759765625,1402.8255053710936,1490.8341238049509,34.458240119760234,22.05875051888779,39.49561494082519,-17.436864421937393,0.0211641556154681,0.4421081738633682,0.958330977694968,1.03783401345339,1462.925048828125,0.0048252107261896
2018-02-15,1178.882080078125,1462.925048828125,0.0,1471.5,1452.550048828125,1465.9749755859375,0.0,2465236,0.0048252107261896,-0.0098813727988988,0.026307942343815,1521.078759765625,1405.7605053710938,1488.1761166643005,27.523251504509105,17.44983338142856,35.08645862894586,-17.6366252475173,0.0195108333438938,-0.1342552076675521,0.9617681132129802,1.040664496718053,1466.5250244140625,0.0024608065798183
2018-02-16,1181.7830810546875,1466.5250244140625,0.0,1499.800048828125,1461.5,1461.5,0.0,2515756,0.0024608065798183,-0.0138356206775998,0.015265095761995,1522.1812622070313,1408.7355053710935,1486.1141078785631,31.45954821902373,13.927177455728724,30.85460239430244,-16.92742493857371,0.0193125590647755,0.0204929670019422,0.9634365241677776,1.041022263457288,1461.800048828125,-0.0032218854143489
2018-02-19,1177.9754638671875,1461.800048828125,0.0,1476.6500244140625,1447.5999755859375,1472.5,0.0,1568224,-0.0032218854143489,-0.0161859724420215,0.0018505059881885,1522.3162658691406,1411.638505859375,1483.7984832070929,18.625285800475083,10.631626442062952,26.810007203854543,-16.17838076179159,0.0192085467858968,-0.3766390699257003,0.9602472768649918,1.035534269404342,1472.375,0.0072341981246699
2018-02-20,1186.4974365234375,1472.375,0.0,1492.5250244140625,1463.949951171875,1464.0,0.0,1889068,0.0072341981246699,-0.0075995175604268,-0.0049167196931878,1521.9525146484375,1414.913505859375,1482.7105324254649,24.85494907730268,8.772069742023405,23.20241971148832,-14.430349969464912,0.0190092312480125,0.2045906707205093,0.9674250581596564,1.0406113122128442,1521.1500244140625,0.0331267675789541
2018-02-21,1225.8021240234375,1521.1500244140625,0.0,1531.300048828125,1480.0250244140625,1487.0,0.0,3089228,0.0331267675789541,0.0448176378225286,-0.0237773892432408,1520.1000183105468,1419.3215063476562,1486.3714364243788,42.56131004941929,11.106070631239618,20.783149895438576,-9.67707926419896,0.0164186344558206,0.6353185803793193,1.0006907480368843,1.0717445044065048,1525.0999755859375,0.0025966874459977
2018-02-22,1228.9849853515625,1525.0999755859375,0.0,1539.5,1511.25,1526.0,0.0,3463010,0.0025966874459977,0.0425004184647856,-0.0166989196737991,1518.8050170898437,1423.2125048828125,1490.0598687254796,40.232012202195165,13.123234719051196,19.251166860161103,-6.1279321411099055,0.016415908286185,0.1209952777846115,1.004144678497412,1.0715897804112635,1537.9000244140625,0.008392924420058
2018-02-23,1239.299560546875,1537.9000244140625,0.0,1544.5,1496.050048828125,1525.0,0.0,3362500,0.008392924420058,0.0486694729457597,-0.0311220455455373,1516.3350158691403,1427.8490063476563,1494.6160740291543,41.5937882087954,15.575167916941382,18.51596707151716,-2.940799154575778,0.0155768787224565,-0.0290238838467113,1.0142217968451788,1.077074688974228,1515.8499755859375,-0.0143377647949033
2018-02-26,1221.5308837890625,1515.8499755859375,0.0,1544.9749755859375,1510.5999755859375,1537.5,0.0,1363882,-0.0143377647949033,0.0369749110359809,-0.0286282168688062,1514.1012634277345,1431.8820068359375,1496.6383503678956,42.17209920444424,15.559725155017304,17.92471868821719,-2.364993533199886,0.0154549722569126,-0.5943845353159851,1.0011549505970585,1.058641681611424,1521.175048828125,0.003512928936209
2018-02-27,1225.8218994140625,1521.175048828125,0.0,1539.2750244140625,1516.0,1520.5,0.0,1717800,0.003512928936209,0.0331437635304354,-0.0489238305085522,1510.1887634277343,1436.7275073242188,1498.9751787926791,56.23963888254631,15.795099487302195,17.498794848034194,-1.703695360731999,0.0142330249039581,0.2594931233053886,1.0072747762838965,1.0587777021553533,1517.5250244140625,-0.0023994769154769
2018-02-28,1222.8809814453125,1517.5250244140625,0.0,1531.9749755859375,1510.7249755859375,1517.5,0.0,2706864,-0.0023994769154769,-0.00238306540566,-0.0373630350886946,1507.2437622070313,1441.6220068359376,1500.7418307566206,62.25114854517611,15.508338404212282,17.100703559269814,-1.5923651550575322,0.0139519923266645,0.5757736639888229,1.0068212338739266,1.0526511229838371,1518.8499755859375,0.0008731000481436
2018-03-01,1223.948486328125,1518.8499755859375,0.0,1530.5999755859375,1510.0,1524.5,0.0,1718124,0.0008731000481436,-0.0040980919940011,-0.0239851379639425,1505.377508544922,1446.1940063476563,1502.4664159784604,60.24193548387097,15.212628949357397,16.72308863728733,-1.5104596879299343,0.0137160983300454,-0.3652713989324916,1.0089495604687475,1.0502394346259067,1552.925048828125,0.0224347853902042
2018-03-05,1251.4073486328125,1552.925048828125,0.0,1556.824951171875,1516.4749755859375,1524.5,0.0,2858168,0.0224347853902042,0.0097698317026733,-0.0104345883454397,1504.5587585449218,1451.4995068359376,1507.2720000593808,67.85572929224918,17.52582392057866,16.883635693945596,0.6421882266330634,0.0145608351309863,0.6635400006053114,1.0321464947836128,1.0698763874975614,1521.4000244140625,-0.0203004159394891
2018-03-06,1226.0032958984375,1521.4000244140625,0.0,1563.5,1515.074951171875,1561.0,0.0,1906764,-0.0203004159394891,0.0036613444057878,-0.0351497017577134,1501.787512207031,1456.0380078125,1508.6175261883982,58.69214242107737,16.623614911489767,16.83163153745443,-0.2080166259646638,0.015156566781613,-0.3328719655387647,1.0130594455258244,1.0448903230896838,1513.7249755859375,-0.0050447276882888
2018-03-07,1219.818603515625,1513.7249755859375,0.0,1544.5,1509.25,1535.0,0.0,1917772,-0.0050447276882888,-0.0048975778612243,-0.0244102865403159,1499.8937622070312,1460.3555078125,1509.103949940545,64.67078367731226,15.115058488888735,16.488316927741295,-1.3732584388525595,0.0148057760804346,0.0057731318611007,1.0092214620311204,1.0365455311997152,1501.9749755859375,-0.0077623083383768
2018-03-08,1210.3494873046875,1501.9749755859375,0.0,1527.449951171875,1493.75,1527.449951171875,0.0,1951826,-0.0077623083383768,-0.0102469801670184,0.0022353661429226,1500.061260986328,1463.9275073242188,1508.4250000020108,59.67539486809098,12.823567747661627,15.75536709172536,-2.9317993440637338,0.0127412176112754,0.0177570639262644,1.0012757576302924,1.0259899947718465,1517.050048828125,0.010036833826946
2018-03-09,1222.497802734375,1517.050048828125,0.0,1531.5999755859375,1488.5999755859375,1502.5,0.0,1872436,0.010036833826946,-0.0011850589503535,0.0267508324806455,1502.037512207031,1467.7740087890625,1509.2464332235456,61.84502656038316,12.084672664906748,15.02122820636164,-2.936555541454892,0.0124578747717261,-0.0406747322763402,1.0099947814212942,1.0335719530009364,1526.074951171875,0.005948981281614
2018-03-12,1229.77099609375,1526.074951171875,0.0,1541.949951171875,1517.75,1521.5,0.0,2091340,0.005948981281614,-0.0172900151726651,0.0262087124105969,1503.986260986328,1472.0965087890625,1510.8491492186245,64.77073299909783,12.087984423333635,14.43457944975604,-2.3465950264224027,0.0124470175600293,0.1169086687075018,1.014686763276056,1.0366677334403944,1443.4000244140625,-0.0541748796114675
2018-03-13,1163.1478271484375,1443.4000244140625,0.0,1469.8499755859375,1436.0,1462.449951171875,0.0,88067154,-0.0541748796114675,-0.0512685676011082,-0.028569473277499,1501.8637634277345,1474.695009765625,1504.4254230467614,44.99871261039208,5.357673445143519,12.619198248833536,-7.261524803690017,0.0175941051540075,41.11039524897912,0.9610725417062872,0.9787786727802544,1443.449951171875,3.458968890668324e-05
2018-03-14,1163.1883544921875,1443.449951171875,0.0,1461.5250244140625,1437.5250244140625,1446.4749755859375,0.0,3668668,3.458968890668324e-05,-0.0464252262118224,-0.0270953881176011,1499.853759765625,1476.5520092773438,1498.6182352491533,33.87631259109675,0.0275644321404797,10.100871485494926,-10.073307053354446,0.0175965446515058,-0.9583423804066612,0.9623937945773032,0.977581515654386,1434.8499755859375,-0.0059579312597264
2018-03-15,1156.2579345703125,1434.8499755859375,0.0,1451.2750244140625,1427.800048828125,1447.5,0.0,2348906,-0.0059579312597264,-0.044691157370191,-0.0144584439007731,1498.8012573242188,1478.7930078125,1492.5450676621804,31.626635970170327,-4.834798965895516,7.113737395216838,-11.948536361112351,0.0171554113173279,-0.3597387389646596,0.9573317133103744,0.9702845279938366,1412.8499755859375,-0.0153326134260245
2018-03-16,1138.529541015625,1412.8499755859375,0.0,1436.0,1402.5,1434.4000244140625,0.0,7197482,-0.0153326134260245,-0.0686859825901451,-0.034229418166228,1496.2975036621094,1480.7380078125,1484.9550588930144,25.461141117661768,-10.344231269589043,3.622143662255662,-13.966374931844708,0.0174110006778121,2.0641847736776184,0.9442306574247844,0.9541525699560764,1415.5,0.0018756587464026
2018-03-19,1140.6650390625,1415.5,0.0,1424.0,1410.0,1414.5,0.0,3489940,0.0018756587464026,-0.0724570907129852,-0.0347931494959993,1493.7462524414063,1482.6615087890625,1478.340291379394,28.685224048782487,-14.331457123844077,0.0314235050357147,-14.36288062887979,0.0174043187896069,-0.5151165365887681,0.9476174401686236,0.9547020622097924,1432.425048828125,0.011956940182356
2018-03-20,1154.3043212890625,1432.425048828125,0.0,1436.5999755859375,1409.5,1410.0,0.0,4024984,0.011956940182356,-0.0076035578497324,-0.0200950875761353,1492.2775024414063,1484.7390087890626,1473.967411136416,32.034412955465584,-15.941884229933066,-3.1632380419580417,-12.778646187975024,0.0176600073682951,0.1533103720980876,0.9598918743227308,0.9647655516213558,1428.375,-0.0028274071522543
2018-03-21,1151.0404052734375,1428.375,0.0,1442.1500244140625,1425.0,1436.25,0.0,3907678,-0.0028274071522543,-0.0104436950928823,-0.0298836913150521,1490.0775024414063,1486.4145092773438,1469.6252767424717,31.98261608397096,-17.345021792446687,-5.999594792055771,-11.345427000390917,0.0175601941406702,-0.0291444636798556,0.9585910784235652,0.9609533485342786,1415.675048828125,-0.0088911883587118
2018-03-22,1140.8060302734375,1415.675048828125,0.0,1437.9749755859375,1411.2750244140625,1429.9749755859375,0.0,2326094,-0.0088911883587118,-0.0133637154295397,-0.0693389697880495,1484.803753662109,1487.5840112304688,1464.487159798248,30.06474407809857,-19.2597835455349,-8.651632542751598,-10.608151002783304,0.0156227484870717,-0.4047375449051841,0.9534425309314544,0.9516605705227608,1409.074951171875,-0.0046621558116133
2018-03-23,1135.4873046875,1409.074951171875,0.0,1417.050048828125,1399.0250244140625,1401.0,0.0,3654122,-0.0046621558116133,-0.0026719216330785,-0.0760769957848082,1479.0025024414062,1488.6755102539062,1459.2098065957362,18.904006206427027,-21.066971814173485,-11.134700397035976,-9.932271417137509,0.0155586197708533,0.570926196447779,0.952719788401912,0.9465292748260132,1408.5,-0.0004080344848915
2018-03-26,1135.0240478515625,1408.5,0.0,1413.699951171875,1390.7750244140625,1409.5,0.0,2964210,-0.0004080344848915,-0.0049452490286118,-0.0841407258988526,1472.5325012207031,1488.7795092773438,1454.380301205666,21.82429793568018,-22.28864565870731,-13.365489449370244,-8.923156209337066,0.0153172730552894,-0.1888037673618998,0.9565153902086226,0.9460769652073518,1423.8499755859375,0.0108981012324724
2018-03-27,1147.3939208984375,1423.8499755859375,0.0,1431.5,1411.5250244140625,1412.5,0.0,2494574,0.0108981012324724,-0.0059864027435172,-0.060692021955826,1467.9325012207032,1489.3515087890626,1451.4726511466442,28.398018942105693,-21.7672963943362,-15.045850838363435,-6.721445555972764,0.0154829116148096,-0.1584354684722067,0.9699696507856408,0.9560200981322522,1424.574951171875,0.0005091657115343
2018-03-28,1147.97802734375,1424.574951171875,0.0,1437.5,1412.5,1417.949951171875,0.0,6865654,0.0005091657115343,-0.0026603999846853,-0.0635036038295976,1463.102496337891,1490.0795068359375,1448.9109654347617,30.35531158001838,-21.05293870292394,-16.247268411275538,-4.805670291648401,0.0154307937566618,1.752235050954592,0.9736672275097272,0.9560395567058324,1454.824951171875,0.0212344039708938
2018-04-02,1172.354736328125,1454.824951171875,0.0,1457.0,1420.0,1420.0,0.0,1662988,0.0212344039708938,0.0276545824383622,-0.0413173240859054,1459.9674926757812,1491.7150048828123,1449.4742021716293,35.33636033083718,-17.84023180847953,-16.56586109071634,-1.2743707177631904,0.0163685231827727,-0.7577815602126178,0.9964776328721668,0.97527003912263,1455.625,0.0005499278985285
2018-04-03,1172.9991455078125,1455.625,0.0,1464.949951171875,1446.050048828125,1446.050048828125,0.0,1937290,0.0005499278985285,0.0330358926538372,-0.0416268733595934,1456.8062438964844,1492.31900390625,1450.0599924409978,32.72861778905143,-15.056024713341005,-16.263893815241275,1.207869101900272,0.0163657198331712,0.16494526719375,0.9991891551114408,0.975411420875697,1455.449951171875,-0.0001202568162301
2018-04-04,1172.8582763671875,1455.449951171875,0.0,1467.0,1446.0,1464.7249755859375,0.0,2841820,-0.0001202568162301,0.0333332986665779,-0.0627687071760527,1451.9324890136718,1492.5385034179687,1450.5733218439384,54.96085610989438,-12.717051257987803,-15.55452530379058,2.837474045802775,0.0153386382768896,0.4669048000041295,1.002422607238848,0.9751506898072246,1478.9749755859375,0.0161634032108908
2018-04-05,1191.8157958984375,1478.9749755859375,0.0,1481.875,1460.175048828125,1463.2750244140625,0.0,1809424,0.0161634032108908,0.0387154552412132,-0.0278855318439108,1449.8112365722657,1492.9360034179688,1453.2782412479382,62.25633345602821,-8.862958412267517,-14.216211925485968,5.353253513218451,0.0153563653379148,-0.3632869076859196,1.020115542132659,0.9906486093174331,1475.1500244140625,-0.0025862176406058
2018-04-06,1188.7337646484375,1475.1500244140625,0.0,1480.0,1463.2750244140625,1477.0,0.0,1129018,-0.0025862176406058,0.0355018689613935,-0.0254834608624616,1447.8824890136718,1492.8460034179689,1455.3612682161406,64.37745512189599,-6.047491935316657,-12.582467927452107,6.53497599213545,0.0153346251004829,-0.3760345833812307,1.0188326992054209,0.9881461457086732,1461.949951171875,-0.0089482920541797
2018-04-09,1178.09619140625,1461.949951171875,0.0,1481.75,1457.5,1469.8499755859375,0.0,1235866,-0.0089482920541797,0.0048974964268111,-0.0266482631632716,1445.8812377929687,1490.921003417969,1455.9887618309726,68.69048094786254,-4.8257221400986055,-11.031118769981408,6.205396629882802,0.0153637014889151,0.0946379951426815,1.0111134393053154,0.9805683519249666,1468.800048828125,0.0046855897158168
2018-04-10,1183.6163330078125,1468.800048828125,0.0,1478.625,1462.8499755859375,1462.8499755859375,0.0,1184532,0.0046855897158168,0.0090511284349505,-0.0318051471256809,1443.4687377929688,1489.277004394531,1457.20888440213,69.66061734754527,-3.267054571379731,-9.478305930261072,6.211251358881341,0.0152028217254831,-0.0415368656472465,1.017548915589185,0.9862504050583046,1507.074951171875,0.0260586200104551
2018-04-11,1214.4599609375,1507.074951171875,0.0,1512.5,1472.800048828125,1475.300048828125,0.0,3124416,0.0260586200104551,0.0354701307031777,-0.0124502403931142,1442.5187377929688,1487.6725024414063,1461.9580336182962,73.78898427325052,1.0446236773614146,-7.373720008736575,8.418343686097991,0.0163437825271604,1.6376796912198237,1.044752426216436,1.013042150539603,1569.625,0.0415042720864593
2018-04-12,1264.86474609375,1569.625,0.0,1575.0,1503.9749755859375,1505.0,0.0,6114360,0.0415042720864593,0.0612924666816279,0.087449752979724,1448.8299865722656,1487.854501953125,1472.2120304165535,82.7878142855038,9.400562112922444,-4.018863584404772,13.419425697327217,0.0135731101461289,0.956960916856142,1.0833741809234076,1.0549586656084542,1576.6500244140625,0.0044756068577287
2018-04-13,1270.5257568359375,1576.6500244140625,0.0,1620.4000244140625,1566.050048828125,1575.0,0.0,8179118,0.0044756068577287,0.0688065609057739,0.0922789689618597,1455.489990234375,1487.3990014648436,1482.158506035364,88.3775913540143,16.400509420390563,0.0650110165542945,16.33549840383627,0.0135361602073202,0.3376899626453136,1.0832434678304983,1.0600047619107726,1593.824951171875,0.0108933032010039
2018-04-16,1284.366455078125,1593.824951171875,0.0,1599.9749755859375,1555.375,1558.0,0.0,6270274,0.0108933032010039,0.0902048663802006,0.1107955384123124,1463.438739013672,1487.7469995117187,1492.7934055721748,91.93144781010452,23.067977856546804,4.665604384552797,18.402373471994007,0.0133738424171259,-0.2333801761999276,1.0890957774194776,1.0713010691300142,1583.300048828125,-0.0066035497411502
2018-04-17,1275.885009765625,1583.300048828125,0.0,1597.4749755859375,1573.5999755859375,1593.824951171875,0.0,3301724,-0.0066035497411502,0.0779547904368285,0.1206427265368343,1471.9612426757812,1488.2894995117188,1501.4130858822657,87.95875110274159,27.1893016254694,9.170343832736116,18.01895779273328,0.0127931219622221,-0.4734322614928789,1.075639767491397,1.063838755395088,1579.550048828125,-0.0023684708421347
2018-04-18,1272.86279296875,1579.550048828125,0.0,1596.7249755859375,1572.925048828125,1583.0,0.0,2433066,-0.0023684708421347,0.0480899092642304,0.1158954778015719,1480.1637451171875,1488.4944995117187,1508.8547014009189,85.60486070363632,29.80926410396478,13.298127886981847,16.51113621698293,0.0128962162888242,-0.2630922511996763,1.0671454790314898,1.0611729162225831,1595.574951171875,0.0101452324069371
2018-04-19,1285.7763671875,1595.574951171875,0.0,1608.5999755859375,1582.875,1589.949951171875,0.0,4820952,0.0101452324069371,0.0165325801843592,0.1138976887322822,1488.321240234375,1488.8694995117187,1517.1137728076765,86.54627819827417,32.80057433415095,17.19861717641567,15.60195715773528,0.0128553321712425,0.9814308366480812,1.0720635492110628,1.0716687739893596,1701.2249755859375,0.0662143914558619
2018-04-20,1370.9136962890625,1701.2249755859375,0.0,1711.175048828125,1620.0,1625.0,0.0,18465662,0.0662143914558619,0.0790124309408306,0.1910212483318019,1501.9637390136718,1491.8619995117188,1534.6481730722728,89.82544752870241,43.19831991693832,22.3985577245202,20.799762192418115,0.018525291301864,2.830293684732808,1.1326671419531866,1.1403366907547363,1704.324951171875,0.0018222020193829
2018-04-23,1373.41162109375,1704.324951171875,0.0,1778.949951171875,1694.7750244140625,1712.0,0.0,15185910,0.0018222020193829,0.0693300728657522,0.2038955921294862,1516.3962341308593,1495.9759985351564,1550.807866224616,89.90053410919391,51.09970473746557,28.13878712710928,22.960917610356294,0.0181333873881903,-0.1776135618641779,1.1239311420136369,1.1392729247265545,1692.824951171875,-0.0067475395417362
2018-04-24,1364.14404296875,1692.824951171875,0.0,1721.574951171875,1671.25,1705.0,0.0,8314336,-0.0067475395417362,0.0691750767170218,0.2013732482888974,1530.5837341308593,1500.2819970703124,1564.3333028862596,86.74821699214985,55.79053666537175,33.669137034761775,22.12139963060997,0.0182247089098212,-0.4524966893653393,1.105999569591104,1.1283378421373798,1735.125,0.024987845789278
2018-04-25,1398.2313232421875,1735.125,0.0,1741.5,1682.5250244140625,1692.5,0.0,8196574,0.024987845789278,0.098493207788697,0.2318956336528221,1546.9149841308597,1505.2424975585936,1580.599178801854,87.47624226902627,62.20426316309295,39.37616226042801,22.828100902664936,0.0183916333402035,-0.0141637287692005,1.121667976456306,1.1527212411383954,1769.625,0.0198832937108277
2018-04-26,1426.03271484375,1769.625,0.0,1780.0,1733.5,1733.5,0.0,12135034,0.0198832937108277,0.1090829664255468,0.242845124376092,1564.2037353515625,1510.917998046875,1598.601637963582,89.53481016288609,69.27251881614438,45.35543357157128,23.9170852445731,0.0185076876301164,0.4805007555595789,1.1313264122862283,1.1712250448320485,1725.9749755859375,-0.0246662566442396
2018-04-27,1390.8577880859375,1725.9749755859375,0.0,1772.0,1710.0,1762.5,0.0,4501330,-0.0246662566442396,0.014548340375426,0.2115718967023299,1579.2737365722655,1515.7644970703125,1610.7324320228545,82.7676207773052,70.53884230825474,50.392115318907976,20.146726989346767,0.0200563715694829,-0.6290632560238397,1.092891584034114,1.138682809184357,1766.050048828125,0.0232188031744682
2018-04-30,1423.152099609375,1766.050048828125,0.0,1774.5,1718.800048828125,1725.9749755859375,0.0,3458558,0.0232188031744682,0.0362167423611374,0.2139261478884833,1594.834991455078,1521.9674975585938,1625.5245860043087,84.080497574548,73.92398658711113,55.09848957254861,18.82549701456252,0.0201205707276684,-0.2316586431121468,1.107355969921901,1.1603730379663606,1749.875,-0.0091588847319803
2018-05-02,1410.117431640625,1749.875,0.0,1766.0999755859375,1735.6500244140625,1765.25,0.0,3158046,-0.0091588847319803,0.0337010916507531,0.2021468441391154,1609.5474914550782,1527.7064965820311,1637.367482575327,79.3236773947011,74.44340927414692,58.967473512868274,15.475935761278642,0.0204727799962511,-0.0868893914747128,1.0871844473617,1.1454261691725676,1740.925048828125,-0.0051146231427244
2018-05-03,1402.905517578125,1740.925048828125,0.0,1763.0,1735.199951171875,1754.9000244140625,0.0,3761550,-0.0051146231427244,0.0033427267938188,0.1961421603170867,1623.821246337891,1533.1944970703123,1647.2301079327362,73.76527403505492,73.28805021154267,61.831588852603154,11.456461358939514,0.0206254538352729,0.1911004462886227,1.0721161905932268,1.135488714676939,1740.375,-0.0003159520442854
2018-05-04,1402.4622802734375,1740.375,0.0,1748.5,1735.0,1746.0,0.0,2347244,-0.0003159520442854,-0.0165289256198346,0.1767440482287414,1636.8912475585937,1538.76599609375,1656.1010500343805,73.12990174014685,71.50378437037466,63.76602795615746,7.737756414217202,0.0206614702040374,-0.3759902167989259,1.0632196870719122,1.131019924028765,1710.4749755859375,-0.0171802194435466
2018-05-07,1378.36767578125,1710.4749755859375,0.0,1745.0,1705.449951171875,1745.0,0.0,3484426,-0.0171802194435466,-0.0089804314774251,0.1595261141424224,1648.6574951171874,1543.5279956054687,1661.2795191345288,65.9075435219838,66.905810218248,64.39398440857556,2.5118258096724446,0.0213160753911293,0.484475410310986,1.0374956476113653,1.1081593469349298,1720.5999755859375,0.0059194084359706
2018-05-08,1386.5264892578125,1720.5999755859375,0.0,1743.25,1698.3499755859375,1717.3499755859375,0.0,2992820,0.0059194084359706,-0.025735438965813,0.1769212579450705,1661.5899963378906,1547.5169946289063,1666.9290864156153,68.74401105748352,63.34864174899485,64.18491587665942,-0.8362741276645664,0.0209634828562233,-0.141086652435724,1.0355141637697047,1.1118456091647229,1744.6500244140625,0.0139777107807612
2018-05-09,1405.9068603515625,1744.6500244140625,0.0,1747.375,1720.0999755859375,1720.0999755859375,0.0,2615050,0.0139777107807612,-0.0029859136143652,0.1878063496838953,1675.3824951171875,1551.9079956054688,1674.3310805107055,71.35556882593075,61.758286965937714,63.69959009451508,-1.941303128577367,0.0209801960039482,-0.1262254328693339,1.041344307642435,1.124196814085874,1725.625,-0.0109047798399865
2018-05-10,1390.5760498046875,1725.625,0.0,1755.574951171875,1720.0999755859375,1751.4749755859375,0.0,3858678,-0.0109047798399865,-0.0087884592380492,0.1450160449274167,1686.3099975585938,1555.6624951171875,1679.216215700162,66.69233102573455,58.290818598991336,62.617835795410336,-4.327017196419,0.0210122788137596,0.4755656679604596,1.0233142201008865,1.1092540994054172,1728.4749755859375,0.0016515613681638
2018-05-11,1392.87255859375,1728.4749755859375,0.0,1742.5,1721.25,1727.0999755859375,0.0,2627876,0.0016515613681638,-0.0068376208656539,0.1012025009705741,1694.2524963378903,1559.9149951171876,1683.907526165474,54.75152167379434,55.13720675027344,61.12170998638296,-5.984503236109525,0.0193953031182698,-0.318969864808621,1.02019916117699,1.1080571575992106,1716.7750244140625,-0.006768944495658
2018-05-14,1383.4443359375,1716.7750244140625,0.0,1735.5,1705.4000244140625,1728.5,0.0,2433894,-0.006768944495658,0.0036832160178004,0.0888751452955296,1701.258746337891,1563.8269946289065,1687.0377640939112,52.107679698649605,51.104754561638174,59.11831890143401,-8.013564339795835,0.0195736585826036,-0.0738170294184352,1.0091204692464164,1.097803676692159,1741.199951171875,0.0142272146381841
2018-05-15,1403.127197265625,1741.199951171875,0.0,1747.9000244140625,1716.8499755859375,1725.0,0.0,1952890,0.0142272146381841,0.0119725536895478,0.0924662397157487,1708.6274963378903,1568.3004931640626,1692.1960676251458,57.84607525966286,49.31146276419486,57.15694767398618,-7.845484909791324,0.0196455360050331,-0.1976273412071355,1.019063520225325,1.1102463837519976,1746.949951171875,0.0033023203315221
2018-05-16,1407.7601318359375,1746.949951171875,0.0,1754.5,1737.625,1739.9749755859375,0.0,1648450,0.0033023203315221,0.001318273995144,0.103360005871834,1716.809991455078,1572.8624926757811,1697.410723201025,52.17590338063551,47.80319753526692,55.28619764624233,-7.483000110975411,0.019472026303735,-0.1558920369298834,1.0175557923514016,1.1106819313873606,1745.9000244140625,-0.0006010056310474
2018-05-17,1406.9144287109375,1745.9000244140625,0.0,1766.574951171875,1738.0,1756.4749755859375,0.0,2968048,-0.0006010056310474,0.0117493803196304,0.1053147861375796,1725.127490234375,1576.7219921875,1702.028751887981,45.02151439407485,45.9929876283868,53.42755564267122,-7.434568014284423,0.0194403021404898,0.8005083563347387,1.0120411588692877,1.1072973124398735,1751.0250244140625,0.0029354487246313
2018-05-18,1411.0439453125,1751.0250244140625,0.0,1758.8499755859375,1729.0,1740.4000244140625,0.0,1874996,0.0029354487246313,0.0130462107618773,0.0974257418167769,1732.8999938964844,1581.3144921875,1706.6950635571316,56.27035014471215,44.45942730102047,51.63392997434107,-7.174502673320603,0.019410492812894,-0.3682730198433449,1.010459363253169,1.107322441592118,1778.375,0.0156194087489351
2018-05-21,1433.0836181640625,1778.375,0.0,1796.0,1759.0250244140625,1764.3499755859375,0.0,3446178,0.0156194087489351,0.0358812160649655,0.0453496895009375,1736.7574951171875,1586.6074926757813,1713.5217241707385,53.29500270215939,44.9330242160529,50.29374882268344,-5.360724606630541,0.0133364704943033,0.8379655209931115,1.0239627610646955,1.1208663820191638,1754.449951171875,-0.0134533204909679
2018-05-22,1413.8043212890625,1754.449951171875,0.0,1787.4749755859375,1746.8499755859375,1779.0,0.0,1857416,-0.0134533204909679,0.0076096946769854,0.0294104712634375,1739.2637451171877,1591.6569921875,1717.419650551799,51.17442009130131,42.88346777041852,48.81169261223046,-5.928224841811939,0.0137950641660022,-0.4610214562335433,1.0087313991896407,1.1022789205107817,1747.550048828125,-0.0039328008981625
2018-05-23,1408.244140625,1747.550048828125,0.0,1772.5,1740.5,1762.5,0.0,1507298,-0.0039328008981625,0.0003435116477421,0.0323276766557381,1742.0,1596.2669921875,1720.289212292401,51.71877157490299,40.23856988079979,47.09706806594433,-6.858498185144541,0.0137202136277339,-0.1884973533123436,1.0031860211412889,1.0947730281845327,1801.8499755859373,0.0310720295502979
2018-05-24,1452.0013427734375,1801.8499755859373,0.0,1807.5,1751.175048828125,1755.0,0.0,2962316,0.0310720295502979,0.0320464805484219,0.0384554286209566,1745.336248779297,1601.7824926757812,1728.056904034643,62.47084746283156,42.039415322538616,46.085537517263184,-4.046122194724568,0.0143185743945725,0.9653154187161398,1.0323798504993904,1.1249030276114098,1792.9000244140625,-0.0049670900980335
2018-05-25,1444.7886962890625,1792.9000244140625,0.0,1837.4000244140625,1786.2750244140625,1812.5,0.0,3769772,-0.0049670900980335,0.0239145639931743,0.0131525178577736,1746.5,1608.7724926757812,1734.2324393088734,68.274065790599,42.25729624098744,45.31988926200803,-3.0625930210205894,0.0137506771428212,0.2725759169514664,1.026567434534247,1.114452187973473,1751.0250244140625,-0.0233560150760135
2018-05-28,1411.0439453125,1751.0250244140625,0.0,1808.25,1743.0,1808.25,0.0,3716798,-0.0233560150760135,-0.0153791948188304,0.0145135643230407,1747.7525024414062,1614.923994140625,1735.8317331284152,55.91295097632658,38.60598019429108,43.97710744846464,-5.371127254173565,0.0136258030760948,-0.0140523087337907,1.0018724172719449,1.0842770500452334,1761.75,0.006124969909854
2018-05-29,1419.68701171875,1761.75,0.0,1772.0,1744.0,1764.949951171875,0.0,3525312,0.006124969909854,0.00416087607586,-0.0024348397323045,1747.5375,1621.4619946289065,1738.3001394971377,53.50481751970918,36.16086191163458,42.41385834109863,-6.252996429464048,0.0126470744450285,-0.0515190763662701,1.0081328726851355,1.086519453330265,1757.050048828125,-0.0026677741858237
2018-05-30,1415.8992919921875,1757.050048828125,0.0,1766.5,1741.25,1754.5250244140625,0.0,3779106,-0.0026677741858237,0.0054361819315964,0.0041003207818415,1747.8962524414062,1628.34599609375,1740.0858451477077,56.84270346247165,33.4581564751968,40.62271796791826,-7.164561492721461,0.0124831380318574,0.0719919258210337,1.0052370364510668,1.0790397452649032,1741.050048828125,-0.0091061720243378
2018-05-31,1414.6806640625,1741.050048828125,14.5,1759.050048828125,1726.0999755859375,1734.0,2.0,5049371,-0.0091061720243378,-0.0337430571810181,7.180090842173747e-05,1747.9025024414063,1634.8569970703124,1740.177674069652,52.589866598552206,29.68300940704557,38.43477625574373,-8.751766848698153,0.0126052091506554,0.336128438842414,0.9960796133630394,1.0649555599958358,1732.449951171875,-0.0049396039258254
2018-06-01,1407.6922607421875,1732.449951171875,0.0,1757.5,1716.300048828125,1754.0,0.0,1603856,-0.0049396039258254,-0.0337163658982844,-0.0045536443744164,1747.50625,1640.8574951171877,1739.44170046034,53.27004224781822,25.7009575103366,35.8880125066623,-10.187054996325706,0.0126551306363725,-0.6823651896444132,0.991384123044982,1.0558198724308756,1744.25,0.0068111917577435
2018-06-04,1417.2803955078125,1744.25,0.0,1749.0,1712.5999755859375,1745.0,0.0,1681483,0.0068111917577435,-0.0038691762365472,0.019745991549799,1749.195001220703,1647.1749951171876,1739.8996337498315,50.67166955556798,23.229542312476724,33.35631846782518,-10.12677615534846,0.0120801251532218,0.0484002304446284,0.9971729845916252,1.0589342390277765,1721.5999755859375,-0.0129855378610076
2018-06-05,1398.87646484375,1721.5999755859375,0.0,1751.9000244140625,1711.1500244140625,1744.0,0.0,2449568,-0.0129855378610076,-0.0227898535059245,0.0005811926154768,1749.2450012207032,1653.2934936523438,1738.156809162794,44.80426453273232,19.221684670724244,30.529391708405,-11.307707037680752,0.0124138463852325,0.456790226246712,0.9841960242187494,1.0413153999552105,1725.75,0.0024105625423525
2018-06-06,1402.248779296875,1725.75,0.0,1734.9000244140625,1715.199951171875,1723.0,0.0,2236512,0.0024105625423525,-0.0178139768124423,-0.0108331322325863,1748.3,1659.6269946289062,1736.9752082901468,45.92187201216701,16.193630805849352,27.66223952789387,-11.468608722044518,0.0119957686615843,-0.0869769690002482,0.9871017559915348,1.039842088363885,1735.550048828125,0.0056787187183109
2018-06-07,1410.2119140625,1735.550048828125,0.0,1749.0,1723.800048828125,1725.0,0.0,2414762,0.0056787187183109,-0.0031590131505421,0.0057515675932633,1748.7962524414063,1666.1679956054688,1736.8394788175733,46.926213708052494,14.418451407340854,25.013481903783266,-10.595030496442412,0.0118086836197153,0.0796999971384012,0.992425530650132,1.0416416912374094,1747.0999755859375,0.0066549084917553
2018-06-08,1419.5965576171875,1747.0999755859375,0.0,1757.300048828125,1735.0,1735.0,0.0,2582138,0.0066549084917553,0.0084562468336546,0.0107753946473458,1749.7275024414062,1672.6329956054688,1737.8166689859888,43.37182703755425,13.784690179419384,22.76772355891049,-8.983033379491104,0.0118903625359444,0.0693136632098732,0.9984983222520064,1.0445208125010788,1749.699951171875,0.0014881664600021
2018-06-11,1421.709228515625,1749.699951171875,0.0,1763.0,1743.0,1747.0999755859375,0.0,2179378,0.0014881664600021,0.0031245241059911,0.0191783584276279,1751.3737487792969,1679.1354956054688,1738.9484101465496,48.89328908613301,13.33846857830872,20.881872562790136,-7.543403984481415,0.0117636010750304,-0.1559792698918493,0.9990442944525184,1.042024277225443,1781.0,0.0178888093396594
2018-06-12,1447.141845703125,1781.0,0.0,1785.0,1753.0,1757.0,0.0,4608875,0.0178888093396594,0.0345028027744052,0.0228578279027278,1753.363751220703,1685.6589965820312,1742.953323465926,56.99789773470189,15.333729411838249,19.77224393259976,-4.438514520761508,0.0120060305848876,1.1147662314660425,1.0157618456296114,1.056560077460085,1824.0999755859373,0.0241998739954729
2018-06-13,1482.162353515625,1824.0999755859373,0.0,1831.6500244140625,1798.0,1816.0,0.0,5370983,0.0241998739954729,0.0569897004699042,0.0441626987437786,1757.2212524414062,1693.02849609375,1750.6815760487843,54.88366883906765,20.16039929212184,19.84987500450417,0.3105242876176639,0.0130616701592624,0.165356621735239,1.038059363925637,1.0774183540292457,1787.550048828125,-0.0200372387736432
2018-06-14,1452.463623046875,1787.550048828125,0.0,1832.300048828125,1784.0,1830.0,0.0,3819998,-0.0200372387736432,0.0299616827731998,0.0238559045945603,1759.303753662109,1699.670498046875,1754.1928591706264,48.952628215637134,20.796566445086683,20.03921329262068,0.7573531524660062,0.0139755394152603,-0.2887711616290723,1.0160553827656078,1.0517038748876526,1840.050048828125,0.029369807035287
2018-06-15,1495.1226806640625,1840.050048828125,0.0,1847.0999755859373,1788.5999755859375,1800.0,0.0,9183574,0.029369807035287,0.0532024924395149,0.0508416631246333,1763.7550048828125,1706.8919995117187,1762.3697343761023,66.73245301079214,25.246024283505903,21.080575490797724,4.16544879270818,0.0153259036712263,1.4040782220304828,1.043257166519214,1.0780119945224995,1829.0,-0.0060052979728254
2018-06-18,1486.1439208984375,1829.0,0.0,1867.949951171875,1822.1500244140625,1867.949951171875,0.0,4674987,-0.0060052979728254,0.0453220843808179,0.0284669993674,1766.2862548828125,1713.9689990234374,1768.715473959331,62.62436180646583,27.56287739246227,22.37703587113064,5.185841521331636,0.0151199990092429,-0.4909403463183288,1.0355059917065077,1.0671138165521683,1824.5,-0.0024603608529251
2018-06-19,1482.487060546875,1824.5,0.0,1839.0,1821.0,1822.1500244140625,0.0,3245034,-0.0024603608529251,0.0244244806288602,0.0399270716051691,1769.7887573242188,1721.22,1774.028285963204,62.67140974048552,28.70499447335441,23.64262759157539,5.062366881779028,0.0147424210798902,-0.3058731500215936,1.030913996062728,1.0600039506861412,1822.449951171875,-0.0011236222680871
2018-06-20,1480.821533203125,1822.449951171875,0.0,1836.300048828125,1818.5999755859373,1832.0,0.0,3107695,-0.0011236222680871,-0.0009045690675656,0.0428599469262562,1773.5337524414062,1728.292998046875,1778.6398731259346,66.13795386694446,29.1091564453327,24.73593336232685,4.373223083005847,0.0146956066866178,-0.042322823119881,1.0275812054115867,1.0544797399696728,1819.3499755859373,-0.0017009935356218
2018-06-21,1478.3026123046875,1819.3499755859373,0.0,1832.0,1817.5999755859373,1832.0,0.0,2910659,-0.0017009935356218,0.0177896707164419,0.00971224032917,1774.4087524414062,1734.5384985351564,1782.517025741173,67.61248451854975,28.846787784667185,25.55810424679492,3.2886835378722665,0.0130411117128409,-0.0634026183393157,1.0253274354529058,1.0488957017226228,1809.800048828125,-0.0052490872487227
2018-06-22,1470.5428466796875,1809.800048828125,0.0,1827.0,1799.550048828125,1827.0,0.0,2949458,-0.0052490872487227,-0.0164397702221552,0.0094260829850707,1775.2537536621094,1739.3419995117188,1785.1154088923113,63.407662491623135,27.550672451218816,25.956617887679705,1.594054563539114,0.0130475572888411,0.0133299709790806,1.0194599195155911,1.0405084505153015,1819.25,0.005221544323636
2018-06-25,1478.2213134765625,1819.25,0.0,1822.3499755859373,1806.0,1811.9000244140625,0.0,2083217,0.005221544323636,-0.0053307818480043,0.0389628786766009,1778.6650024414062,1744.1939990234375,1788.366322331139,71.11352993746306,26.975071956373768,26.160308701418515,0.8147632549552526,0.0117966132872223,-0.2936949771788579,1.0228176736501178,1.0430319110251416,1852.0,0.0180019238697264
2018-06-26,1504.832275390625,1852.0,0.0,1861.0,1821.0,1823.0,0.0,4679712,0.0180019238697264,0.0150726226363386,0.0512274726834114,1783.1775024414062,1749.3575,1794.426672585316,74.2928749606566,28.829230292818465,26.694093019698503,2.135137273119959,0.012304346712643,1.246387198261151,1.038595427243988,1.058674399029358,1858.0,0.0032397408207343
2018-06-27,1509.7076416015625,1858.0,0.0,1885.1500244140625,1851.25,1860.0,0.0,4081208,0.0032397408207343,0.0195067353181719,0.0574542263262245,1788.225,1754.8514990234376,1800.4812751962384,73.91135414481593,30.43201268982989,27.441676953724784,2.9903357361051057,0.0122426818530627,-0.127893340444882,1.0390191390904389,1.0587790482750044,1842.699951171875,-0.0082346872056646
2018-06-28,1497.2760009765625,1842.699951171875,0.0,1871.0,1826.300048828125,1865.0,0.0,4888125,-0.0082346872056646,0.012834240744922,0.0583842505918592,1793.3074951171875,1760.1144970703126,1804.5021014796323,68.3987687716049,30.12043360501912,27.97742828398365,2.143005321035464,0.0121992947289981,0.1977152352930798,1.0275426585731522,1.046920501046395,1847.75,0.0027405703380594
2018-06-29,1501.379150390625,1847.75,0.0,1867.4000244140625,1842.300048828125,1844.9000244140625,0.0,3506276,0.0027405703380594,0.0209691403182623,0.0665531773371768,1799.0724975585938,1765.157998046875,1808.6209489577625,68.69400358972834,29.93591903078641,28.369126433344206,1.566792597442202,0.0120592268323609,-0.2826951029280143,1.0270569988188154,1.0467901468562657,1851.3499755859373,0.0019483023060138
2018-07-02,1504.3040771484375,1851.3499755859373,0.0,1857.800048828125,1841.0999755859373,1852.0,0.0,2650290,0.0019483023060138,0.0176446203578053,0.0614017346056685,1804.4274963378907,1768.160498046875,1812.690380065208,64.99680186610722,29.737383795370533,28.642777905749472,1.0946058896210609,0.0120336065869512,-0.2441296691988879,1.0260040812630469,1.047048600865676,1874.050048828125,0.0122613625416789
2018-07-03,1522.7489013671875,1874.050048828125,0.0,1879.9000244140625,1857.050048828125,1859.949951171875,0.0,3242233,0.0122613625416789,0.011906073881277,0.0885513913824853,1812.05,1771.555,1818.5341580426284,61.66240194902068,31.05378073514385,29.124978471628346,1.9288022635155,0.0115782693327827,0.2233502748755796,1.0342154183538672,1.0578559789722164,1866.1500244140625,-0.0042154820886467
2018-07-04,1516.32958984375,1866.1500244140625,0.0,1879.9000244140625,1857.1500244140625,1879.9000244140625,0.0,2700614,-0.0042154820886467,0.0043864501690324,0.0813559463503186,1819.070001220703,1775.0215014648438,1823.0690024589555,71.18596330522757,31.10105524199116,29.52019382570091,1.5808614162902508,0.0117294332368029,-0.1670512267317,1.025881369689878,1.0513393910293565,1880.300048828125,0.0075824688417027
2018-07-05,1527.82763671875,1880.300048828125,0.0,1887.5,1862.0999755859373,1873.0,0.0,2472571,0.0075824688417027,0.0204048942598267,0.0834029534888596,1826.3075012207032,1777.925002441406,1828.519578303638,63.67650694261249,31.91244256965183,29.99864357449109,1.913798995160736,0.011751619492278,-0.0844411678233172,1.0295637769495736,1.0575811950707368,1912.949951171875,0.0173641979981327
2018-07-06,1554.357177734375,1912.949951171875,0.0,1921.0,1881.6500244140625,1882.8499755859373,0.0,3713781,0.0173641979981327,0.0352861324161142,0.0949287264057772,1834.6,1780.7915014648438,1836.5605661958512,74.87405960648148,34.78902094701084,30.956719048995044,3.832301898015796,0.0121136011877129,0.5019916516047467,1.0427068304654286,1.0742133200873434,1883.0,-0.0156564217236983
2018-07-09,1530.021240234375,1883.0,0.0,1924.4000244140625,1876.5,1924.0,0.0,6151747,-0.0156564217236983,0.0170956463291311,0.0761845188021215,1841.2650024414063,1783.932001953125,1840.9833694152933,65.0617957540641,34.25712447172077,31.616800133540192,2.64032433818058,0.0129258404058291,0.6564646649869769,1.0226664806550148,1.0555335057269062,1875.0999755859373,-0.004195445785482
2018-07-10,1523.60205078125,1875.0999755859373,0.0,1898.9000244140625,1870.75,1898.0,0.0,5303302,-0.004195445785482,0.0005602447802655,0.0528354719741366,1845.9700012207031,1786.1130004882812,1844.232570002974,63.15922111728694,32.8198005053805,31.857400207908256,0.962400297472243,0.0125940820668668,-0.1379193585171822,1.0157803075596954,1.0498215818782626,1979.9000244140625,0.0558903792825109
2018-07-11,1608.7569580078125,1979.9000244140625,0.0,1998.0,1894.1500244140625,1900.0,0.0,22903802,0.0558903792825109,0.0609543705017583,0.0854120119036123,1853.7600036621093,1790.7135009765625,1857.153279946888,76.60315639239852,39.67979501940454,33.42187917020752,6.257915849197019,0.0167542163713306,3.318781393177307,1.0680454969913922,1.105648683239573,1971.3499755859373,-0.0043184245278523
2018-07-12,1601.809326171875,1971.3499755859373,0.0,1990.9000244140625,1960.5,1984.0,0.0,6921701,-0.0043184245278523,0.0484230837597212,0.102822254894797,1862.95,1795.3219995117188,1868.0291557220348,76.85783228377927,43.92018802251414,35.52154094066884,8.398647081845297,0.0159026173180256,-0.6977924887754443,1.058187270504274,1.0980481362797836,1981.0999755859373,0.0049458493523464
2018-07-13,1609.7318115234375,1981.0999755859373,0.0,1997.9000244140625,1974.0,1975.0,0.0,4148185,0.0049458493523464,0.0356256181048089,0.076655483826455,1870.0024963378903,1800.1364990234374,1878.7978052328824,76.8808974768094,47.51969606742887,37.92117196602085,9.598524101408016,0.0148366280850162,-0.4006986144012866,1.0594103374009467,1.1005276414653395,1989.199951171875,0.0040886253524596
2018-07-16,1616.3133544921875,1989.199951171875,0.0,1996.0,1977.449951171875,1990.0,0.0,2582159,0.0040886253524596,0.0563993367880377,0.0875888196675096,1878.0124938964843,1805.710998535156,1889.3122953223103,74.81908076333644,50.44444035371976,40.42582564356063,10.018614710159127,0.014656044806697,-0.377520771132435,1.05920485493933,1.1016159024260084,2002.1500244140625,0.0065101918158394
2018-07-17,1630.1138916015625,2002.1500244140625,4.0,2009.0,1981.0,1989.0,0.0,3315492,0.0065101918158394,0.0677564132485384,0.0973691556119826,1886.894995117188,1811.3419995117188,1900.058745712001,75.43672359830339,53.19409553348146,42.9794796215448,10.214615911936662,0.0145750963789958,0.2839999395854399,1.061081845887093,1.1053406948846654,2000.25,-0.0009489920290156
2018-07-18,1628.566650390625,2000.25,0.0,2011.699951171875,1993.050048828125,2005.0,0.0,2013869,-0.0009489920290156,0.0102782844259825,0.0975610050162396,1895.7849975585937,1816.4539990234373,1909.6007699299057,79.18131780674233,54.590614361706,45.30170656957704,9.28890779212896,0.0145714411342731,-0.3925881890229263,1.0551038237858918,1.1011839557045622,1981.4000244140625,-0.0094238098167416
2018-07-19,1613.219482421875,1981.4000244140625,0.0,2010.449951171875,1970.0,2002.0999755859373,0.0,1746318,-0.0094238098167416,0.0050980541012957,0.0890703003834847,1903.8875,1821.5694995117187,1916.438794166492,73.55065496340896,53.55893602526339,46.95315246071432,6.605783564549078,0.0148514102976738,-0.1328542223948032,1.0407127650210752,1.0877433032037411,1996.5999755859373,0.0076713187567309
2018-07-20,1625.59521484375,1996.5999755859373,0.0,2000.0,1984.0,1984.9000244140625,0.0,1934995,0.0076713187567309,0.0078239362934804,0.1032157816985186,1913.227496337891,1826.9319995117187,1924.073192396916,74.58946198979288,53.35281450443654,48.23308486945877,5.119729634977773,0.014690761432991,0.1080427505185195,1.0435768769828104,1.0928704385929884,2005.6500244140625,0.0045327301105817
2018-07-23,1632.96337890625,2005.6500244140625,0.0,2009.949951171875,1986.0,2001.0,0.0,2086201,0.0045327301105817,0.0082696931660875,0.1024598182844922,1922.5474975585937,1832.7094995117188,1931.8424144937867,73.358172057129,53.30525521937216,49.24751893944144,4.057736279930715,0.0146910805193519,0.0781428375783916,1.043225213921112,1.0943633046854504,1999.0,-0.0033156454681096
2018-07-24,1627.549072265625,1999.0,0.0,2015.0,1984.1500244140625,2015.0,0.0,2038423,-0.0033156454681096,-0.0015733208678926,0.0793736501079913,1929.8974975585936,1837.8655004882808,1938.238375018188,73.68513832963278,52.13004009725228,49.82402317100361,2.3060169262486667,0.014468927644033,-0.0229019159707046,1.0358063070856478,1.087674805076274,1981.5,-0.0087543771885942
2018-07-25,1613.30078125,1981.5,0.0,2002.0,1968.4000244140625,2001.9000244140625,0.0,1535492,-0.0087543771885942,-0.009373828271466,0.0664693218514531,1936.0724975585936,1842.556501464844,1942.358529778361,67.82944569420482,49.219201581662674,49.70305885313543,-0.4838572714727576,0.0147446899857843,-0.2467255324336509,1.0234637403809468,1.0754079988454603,1964.699951171875,-0.0084784500772773
2018-07-26,1599.622802734375,1964.699951171875,0.0,1985.0,1955.0999755859373,1974.949951171875,0.0,3503036,-0.0084784500772773,-0.0084284208319448,0.0662071977168141,1942.1724975585937,1846.9325,1944.4862841967904,59.65664532165125,45.03755267767042,48.769957618042426,-3.732404940372007,0.0147548443462694,1.2813769137188602,1.0115991003073102,1.0637638090032393,1943.75,-0.0106631809907559
2018-07-27,1582.5655517578125,1943.75,0.0,1964.6500244140625,1940.300048828125,1960.8499755859373,0.0,2033977,-0.0106631809907559,-0.0264699870941486,0.0519550805033148,1946.9724975585937,1850.7869995117187,1944.4161618923345,61.73005487149506,39.5768623867275,46.93133857177944,-7.354476185051944,0.0150829016343415,-0.4193673716170773,0.9983448674479816,1.0502289029006615,1944.5999755859373,0.0004372864750803
2018-07-30,1583.2578125,1944.5999755859373,0.0,1954.699951171875,1931.550048828125,1943.0,0.0,1579251,0.0004372864750803,-0.0304390337720862,0.0503686505683438,1951.6349975585936,1854.111499023437,1944.433667958392,63.79514878613039,34.91532972818027,44.52813680305961,-9.612807074879342,0.015090337902986,-0.2235649665655019,0.9963953188063048,1.0488042259649215,1940.199951171875,-0.0022626887119735
2018-07-31,1579.6754150390625,1940.199951171875,0.0,1947.0,1928.0,1942.0,0.0,2204803,-0.0022626887119735,-0.0294147317799524,0.0352978312319431,1954.9424926757813,1857.8264990234368,1944.0304568358663,36.89767615376496,30.51423718229171,41.72535687890603,-11.211119696614318,0.0149479940342829,0.3961067620030001,0.9924588362270812,1.0443386140695792,1976.5,0.0187094370382805
2018-08-01,1609.230224609375,1976.5,0.0,1981.550048828125,1949.800048828125,1949.949951171875,0.0,2425180,0.0187094370382805,-0.002523340903356,0.0591324245865951,1960.459991455078,1862.405498046875,1947.1227942800697,51.43654697541645,29.61407754792981,39.30310101271078,-9.689023464780972,0.0153332491527199,0.0999531477415442,1.008181757656282,1.0612619013811853,1948.4000244140625,-0.0142170379893434
2018-08-02,1586.3515625,1948.4000244140625,0.0,1985.0,1945.0,1980.0,0.0,1509287,-0.0142170379893434,-0.0082963949523642,0.036217610922459,1963.864990234375,1865.3364990234368,1947.244435245212,41.72572494656342,26.32974841389114,36.70843049294686,-10.37868207905572,0.0157582181295879,-0.3776598025713555,0.9921252398218744,1.0445300488325358,1979.449951171875,0.0159361149500858
2018-08-03,1611.6319580078125,1979.449951171875,0.0,1982.050048828125,1956.5,1956.5,0.0,1505131,0.0159361149500858,0.0183665343649517,0.0347630631733266,1967.189990234375,1869.0674975585937,1950.3116272382272,47.789617356285824,25.93341919367072,34.55342823309164,-8.620009039420921,0.0156875149898168,-0.0027536180991421,1.0062322200694196,1.0590574999337716,1975.550048828125,-0.0019701949733264
2018-08-06,1608.4566650390625,1975.550048828125,0.0,1998.949951171875,1972.25,1997.0,0.0,1532249,-0.0019701949733264,0.0159159074517944,0.0491503180181227,1971.8174926757813,1873.557998046875,1952.7152864372647,43.71158606654595,25.01626398580652,32.64599538363461,-7.629731397828095,0.0151749782414929,0.0180170363908523,1.0018929521450175,1.0544376266374318,1967.3499755859373,-0.0041507798028462
2018-08-07,1601.7806396484375,1967.3499755859373,0.0,1979.1500244140625,1960.5,1978.199951171875,0.0,1353521,-0.0041507798028462,0.0139934156774221,0.0491973767804958,1976.4299926757808,1877.6699975585936,1954.1090663561863,42.44719112081092,23.35847256447596,30.788490819802885,-7.4300182553269245,0.0151739429184397,-0.1166442268847948,0.995405849373116,1.047761309571942,1974.0,0.0033801939139386
2018-08-08,1607.1947021484375,1974.0,0.0,1978.300048828125,1962.0,1972.0,0.0,1315062,0.0033801939139386,-0.0012648621300278,-0.0029799607764582,1976.134991455078,1882.0089965820312,1956.0034409889304,48.20038295409004,22.32392599031596,29.095577853905503,-6.771651863589547,0.0085478377113501,-0.0284140401220224,0.9989196125445328,1.048879151792067,1974.3499755859373,0.000177292596726
2018-08-09,1607.4796142578125,1974.3499755859373,0.0,1980.800048828125,1966.0,1980.0,0.0,2060297,0.000177292596726,0.0133185951789744,0.0015217998007219,1976.2849914550784,1886.674995117188,1957.750729998169,44.16775884665793,21.28689836795411,27.533841956715225,-6.246943588761116,0.0084903892215714,0.5666919126246519,0.999020882171596,1.0464706325655757,1993.0999755859373,0.0094967965314434
2018-08-10,1622.7454833984375,1993.0999755859373,0.0,1996.5,1972.050048828125,1980.949951171875,0.0,2784105,0.0094967965314434,0.0068958674130563,0.0060572410014041,1976.884991455078,1891.8879956054689,1961.117324816052,46.86953058487796,21.72755309837794,26.37258418504777,-4.645031086669832,0.0086855495854315,0.3513124564079839,1.0082022900679335,1.0534978710238485,2000.1500244140625,0.0035372278934742
2018-08-13,1628.485107421875,2000.1500244140625,0.0,2004.25,1990.0,1997.800048828125,0.0,3559575,0.0035372278934742,0.01245221582745,0.0055047624728405,1977.4324951171875,1897.00599609375,1964.834724777767,50.28628940847704,22.387585023336896,25.5755843527056,-3.187999329368701,0.0086738840993054,0.2785347535383902,1.0114883968747204,1.054372009647151,2003.550048828125,0.0016998846949285
2018-08-14,1631.25390625,2003.550048828125,0.0,2024.5999755859373,1982.4000244140625,1992.0,0.0,3311765,0.0016998846949285,0.0184004237636499,0.0006992604934648,1977.5024963378903,1902.6449975585936,1968.5218984968485,55.903627530957166,22.920801897593265,25.04462786168313,-2.123825964089868,0.0085588462748461,-0.0696178616829256,1.0131719441762888,1.053034092749309,2008.5,0.0024705902279658
2018-08-16,1635.283935546875,2008.5,0.0,2020.050048828125,1995.0,2000.300048828125,0.0,2152065,0.0024705902279658,0.0174772036474164,0.004124484439445,1977.914996337891,1908.2999975585933,1972.329336735244,62.52146177361493,23.472226586033912,24.730147606553288,-1.257921020519376,0.0085715726732698,-0.3501758125953985,1.0154632548510616,1.0525074687258809,2012.75,0.0021160069703758
2018-08-17,1638.744140625,2012.75,0.0,2021.9000244140625,2004.0,2013.8499755859373,0.0,1213731,0.0021160069703758,0.0194494516620167,0.015822133440827,1979.482495117188,1913.8439965820312,1976.17892371284,71.80784491046889,23.97579605320493,24.579277295883617,-0.6034812426786864,0.0082698642901703,-0.4360156407915188,1.0168061627040774,1.0516792401024362,2009.949951171875,-0.0013911557958639
2018-08-20,1636.464599609375,2009.949951171875,0.0,2024.0,2003.699951171875,2024.0,0.0,1587032,-0.0013911557958639,0.0084541547299874,0.0066863546775413,1980.1499938964844,1919.10099609375,1979.395212042272,70.40273669174644,23.87373637249744,24.43816911120638,-0.5644327387089483,0.0081215167336323,0.3075648558041279,1.0150493434170365,1.0473393298544706,2017.6500244140625,0.0038309776010581
2018-08-21,1642.73388671875,2017.6500244140625,0.0,2024.0,2004.0,2010.1500244140625,0.0,1376866,0.0038309776010581,0.0087493436924195,0.0059830976760293,1980.7499938964845,1924.4599975585936,1983.038527506252,73.69227241869382,24.13596056935421,24.37772740283595,-0.2417668334817406,0.0081040579583399,-0.1324270714138089,1.0186293225451382,1.0484239874945134,2035.0999755859373,0.0086486511341046
2018-08-23,1656.9412841796875,2035.0999755859373,0.0,2038.0,2020.300048828125,2022.800048828125,0.0,3046791,0.0086486511341046,0.0157470120480722,0.0180590173016195,1982.5549926757808,1929.5419970703124,1987.9967606566984,70.2627888934568,25.458372092632544,24.59385634079527,0.8645157518372741,0.0082608950685817,1.212844968210414,1.026503669812073,1.054706235301381,2043.0,0.0038818851696895
2018-08-24,1663.3731689453125,2043.0,0.0,2046.0,2031.0,2035.0999755859373,0.0,1570533,0.0038818851696895,0.0171769977595219,0.0310370931112793,1985.6299926757813,1933.9199975585936,1993.23516440368,88.02249076377325,26.83452697617895,25.041990467872008,1.7925365083069416,0.00795913235945,-0.4845288042402645,1.028892597077922,1.056403575421481,2050.89990234375,0.0038668146567548
2018-08-27,1669.80517578125,2050.89990234375,0.0,2059.0,2035.0,2043.0,0.0,1532702,0.0038668146567548,0.0189541186653832,0.0438743590951176,1989.939990234375,1939.1869946289064,1998.7270442074955,85.28392650462948,28.23709606647958,25.681011587593524,2.5560844788860564,0.0076107692492289,-0.0240880006978522,1.030634045452896,1.0576081151659238,2069.199951171875,0.0089229361253622
2018-08-28,1684.7044677734375,2069.199951171875,0.0,2072.0,2052.0,2055.0,0.0,1987983,0.0089229361253622,0.0294783459485918,0.0645401678054662,1996.212487792969,1943.7699926757807,2005.4387496326744,90.48844951372467,30.474017669768045,26.63961280402843,3.8344048657396144,0.0071156627956479,0.2970446962292735,1.0365629730428156,1.0645292184614024,2072.0,0.0013532036024548
2018-08-29,1686.984375,2072.0,0.0,2076.60009765625,2045.5999755859373,2072.5,0.0,1525867,0.0013532036024548,0.0269372660908926,0.0655147721966185,2002.582489013672,1948.6299926757813,2011.7779163343243,97.460275983786,32.10267504131434,27.732225251485616,4.370449789828726,0.0071001748976002,-0.2324547040895219,1.0346639957990036,1.0633111508023192,2082.39990234375,0.0050192578879102
2018-08-30,1695.451904296875,2082.39990234375,0.0,2085.0,2065.5,2068.0,0.0,2408020,0.0050192578879102,0.0232420654145968,0.0732913899343141,2009.6924865722656,1953.7879907226563,2018.5038197637928,97.5438168174342,33.8424680402743,28.95427380924336,4.888194231030944,0.0069910779737034,0.5781323011769702,1.036178378661053,1.06582695370828,2078.39990234375,-0.0019208606356051
2018-08-31,1692.1953125,2078.39990234375,0.0,2092.0,2074.0,2082.300048828125,0.0,2504554,-0.0019208606356051,0.0173274118177924,0.0515557310112573,2014.7874816894528,1958.9069897460936,2024.2082085809325,94.2201041929302,34.50079625267563,30.06357829792981,4.437217954745819,0.0061048980935212,0.040088537470619,1.0315727694520695,1.060999788771566,2052.89990234375,-0.0122690536942599
2018-09-03,1671.433349609375,2052.89990234375,0.0,2090.0,2048.39990234375,2084.800048828125,0.0,1439711,-0.0122690536942599,0.0009751816740126,0.0536336874462488,2020.0124755859367,1963.57798828125,2026.9407508440577,74.03533561969812,32.589220963215894,30.568706830987026,2.020514132228868,0.0058330623282172,-0.4251627235827217,1.0162808037847753,1.0454893641075518,2098.89990234375,0.0224073272873572
2018-09-04,1708.885986328125,2098.89990234375,0.0,2104.75,2056.949951171875,2059.800048828125,0.0,4420803,0.0224073272873572,0.0143533500254795,0.0603450221619183,2025.9849731445315,1969.3599853515625,2033.7940033678376,80.2264746521911,34.38967655166539,31.332900775122702,3.056775776542686,0.0067216879796752,2.0706183393750552,1.035989866739262,1.0657776729271071,2079.25,-0.0093620006946533
2018-09-05,1692.8868408203125,2079.25,0.0,2107.25,2075.050048828125,2100.0,0.0,1681106,-0.0093620006946533,0.0034990347490346,0.0524916851554273,2031.169970703125,1974.5599853515623,2038.1231459042344,71.07461384017475,33.84087118127218,31.8344948563526,2.0063763249195787,0.0071934359439499,-0.6197283615668918,1.023671100887845,1.05301941466711,2075.300048828125,-0.0018996999744499
2018-09-06,1689.6715087890625,2075.300048828125,0.0,2081.5,2060.300048828125,2075.0,0.0,2238097,-0.0018996999744499,-0.0034094572841816,0.0548708031523659,2036.5674743652344,1979.025986328125,2041.6638033255567,68.70103684667382,32.71014869011606,32.00962562310529,0.7005230670107636,0.007099480739116,0.3313241401791439,1.0190185569348558,1.0486471947135096,2079.85009765625,0.0021924775796609
2018-09-07,1693.3760986328125,2079.85009765625,0.0,2084.0,2065.39990234375,2079.300048828125,0.0,1312182,0.0021924775796609,0.0006977460453421,0.0536221366039766,2041.8599792480468,1983.46298828125,2045.3005932618137,68.75353110235898,31.81445663131035,31.970591824746304,-0.1561351934359542,0.007098444176328,-0.4137063764439164,1.018605643283235,1.0485953657539753,2080.75,0.0004326765398929
2018-09-10,1694.10791015625,2080.75,0.0,2093.39990234375,2074.25,2084.39990234375,0.0,1530539,0.0004326765398929,0.0135662228949664,0.0538911670827184,2047.17998046875,1988.2239892578125,2048.676727236879,70.00004137982403,30.8219327650088,31.7408600127988,-0.9189272477900056,0.0070940112637145,0.1664075562688712,1.016398176931939,1.046537015568717,2046.25,-0.0165805598942688
2018-09-11,1666.019287109375,2046.25,0.0,2089.0,2042.199951171875,2089.0,0.0,3679745,-0.0165805598942688,-0.0250845227468723,0.0266670137299247,2049.837481689453,1992.1939892578123,2048.445610357176,57.01668796012284,26.94093050206584,30.78087411065221,-3.8399436085863705,0.0080954757352888,1.4042151163740355,0.9982498701865398,1.0271339091643008,2043.949951171875,-0.0011240311927306
2018-09-12,1664.146484375,2043.949951171875,0.0,2068.89990234375,2040.0,2052.35009765625,0.0,2307661,-0.0011240311927306,-0.0169772989434291,0.0218983207375373,2052.027478027344,1996.0459887695315,2048.0174523395285,52.34560983137912,23.409760383817684,29.306651365285305,-5.896890981467621,0.008096224207133,-0.372874750831919,0.996063636115032,1.0239994282054965,2065.39990234375,0.0104943622320972
2018-09-14,1681.61083984375,2065.39990234375,0.0,2071.550048828125,2018.1500244140625,2044.0,0.0,3642038,0.0104943622320972,-0.0047704651141724,0.0308701315206978,2055.119970703125,1999.872985839844,2049.672923768502,55.5390541046353,22.08750342871531,27.862821777971305,-5.775318349255997,0.008364069127378,0.5782378780938795,1.0050021078025473,1.0327655390956685,2074.14990234375,0.0042364677126549
2018-09-17,1688.7352294921875,2074.14990234375,0.0,2077.800048828125,2054.550048828125,2070.0,0.0,1033857,0.0042364677126549,-0.0027406760318561,0.032686035520911,2058.4024658203125,2004.0329833984367,2052.0040645851923,55.7251963467245,21.497843382082465,26.589826098793537,-5.0919827167110725,0.0083835466767264,-0.7161322863737282,1.0076503195001576,1.0349879066493248,2070.75,-0.0016391787015529
2018-09-18,1685.9666748046875,2070.75,0.0,2078.800048828125,2057.60009765625,2073.0,0.0,1456507,-0.0016391787015529,-0.0048059593896431,0.0288162961122842,2061.3024658203126,2007.841982421875,2053.7893917675547,50.41191911878245,20.51965206590785,25.3757912922164,-4.856139226308553,0.0084143846506796,0.4088089552036694,1.004583283790876,1.0313311595876906,2077.89990234375,0.0034528080858384
2018-09-19,1691.7880859375,2077.89990234375,0.0,2089.0,2066.85009765625,2071.89990234375,0.0,1301268,0.0034528080858384,0.0154672705406231,0.0338067876427756,2064.6999633789064,2011.1409814453125,2056.085630870049,51.53244605429701,20.089783249421544,24.318589683657432,-4.228806434235889,0.008397846548067,-0.1065830785571233,1.0063931511594748,1.0331945505135405,2103.14990234375,0.0121516921828233
2018-09-21,1712.345947265625,2103.14990234375,0.0,2121.0,2050.14990234375,2077.0,0.0,4508530,0.0121516921828233,0.0289635033078639,0.0423759705078274,2068.974957275391,2015.543979492188,2060.567942438973,55.00362649887437,21.53829305702402,23.76253035833075,-2.2242373013067294,0.0087094443843688,2.4647205648644244,1.0165178147508194,1.0434651507200725,2198.449951171875,0.0453130082272892
2018-09-24,1789.93798828125,2198.449951171875,0.0,2210.5,2098.14990234375,2115.0,0.0,3032226,0.0453130082272892,0.0644185412602877,0.0802663149454889,2077.1424560546875,2022.0109790039064,2073.699562318297,70.09880901093709,30.02999787767976,25.01602386220055,5.01397401547921,0.0129726985666812,-0.3274468618374503,1.058401143726848,1.0872591563547729,2183.199951171875,-0.0069367055601474
2018-09-25,1777.5211181640625,2183.199951171875,0.0,2211.89990234375,2153.800048828125,2204.89990234375,0.0,2868778,-0.0069367055601474,0.052575779939965,0.068624547808064,2084.152453613281,2026.0769775390625,2084.1281707805424,72.59018780395925,35.124296550528015,27.03767839986605,8.08661815066197,0.0131991120935223,-0.0539036338320428,1.0475241134048885,1.077550347481693,2142.14990234375,-0.0188026977584396
2018-09-26,1744.0992431640625,2142.14990234375,0.0,2199.0,2135.10009765625,2187.0,0.0,1970951,-0.0188026977584396,0.034480213615236,0.0444926638768281,2088.714953613281,2029.4929760742189,2089.6540499770385,57.62921938656859,35.44063154096557,28.718269028085952,6.7223625128796165,0.0141000423158201,-0.3129649627820626,1.0255826907534853,1.0555098872465432,2188.85009765625,0.021800619677178
2018-09-27,1782.121826171875,2188.85009765625,0.0,2209.699951171875,2135.800048828125,2141.89990234375,0.0,3311802,0.021800619677178,0.0533953513291736,0.0578243520722161,2094.6974609375,2033.647978515625,2099.101292613154,67.64896902677134,39.00996221035712,30.776607664540187,8.23335454581693,0.0147009686946108,0.6803066134064216,1.0449480836610223,1.076317101474911,2183.699951171875,-0.0023529004977954
2018-09-28,1777.9287109375,2183.699951171875,0.0,2190.0,2158.85009765625,2178.0,0.0,2904371,-0.0023529004977954,0.0382997183122135,0.053909242843569,2100.2824584960936,2037.537978515625,2107.1583077139844,67.38848803656859,40.95105048294636,32.81149622822142,8.139554254724935,0.0147449956209393,-0.1230239609735123,1.0397172734259337,1.0717346003841024,2255.550048828125,0.0329029167297878
2018-10-01,1836.4278564453125,2255.550048828125,0.0,2275.949951171875,2190.35009765625,2190.89990234375,0.0,3772208,0.0329029167297878,0.0259728895014477,0.0831493251077728,2108.9399658203124,2042.6059790039064,2121.29085448676,73.17939815187599,47.73679922199244,35.79655682697563,11.94024239501681,0.0162174954728642,0.298803768526817,1.069518376712438,1.1042511732625313,2162.85009765625,-0.0410986008579314
2018-10-03,1760.9527587890625,2162.85009765625,0.0,2255.0,2155.60009765625,2250.300048828125,0.0,3902322,-0.0410986008579314,-0.0093211130316771,0.0406323129717567,2113.162475585937,2045.8579809570315,2125.2488776457585,58.71920630492253,45.11439202409247,37.660123866399,7.45426815769347,0.0190967065922364,0.0344927957313064,1.0235133940926786,1.0571848670768882,2064.800048828125,-0.0453337237445978
2018-10-04,1681.12255859375,2064.800048828125,0.0,2156.64990234375,2056.35009765625,2156.60009765625,0.0,4762419,-0.0453337237445978,-0.0361085157630638,0.0057967495009323,2113.7574829101563,2047.5259814453125,2119.4918463297936,51.735757178122704,34.72401904772141,37.072902902663486,-2.3488838549420734,0.0216699958281961,0.2204064656888898,0.9768386702458276,1.0084365558920132,2102.64990234375,0.0183310018503277
2018-10-05,1711.9393310546875,2102.64990234375,0.0,2120.0,2020.9000244140625,2050.0,0.0,3417624,0.0183310018503277,-0.0393814978032531,0.0017866502332066,2113.9449829101563,2049.6469799804686,2117.887851664456,55.150020712749935,29.207059656680485,35.49973425346688,-6.292674596786398,0.0214714892049973,-0.2823764561664986,0.9946568710833444,1.025859537218349,2077.550048828125,-0.0119372480828344
2018-10-08,1691.503173828125,2077.550048828125,0.0,2122.199951171875,2048.14990234375,2102.64990234375,0.0,2010154,-0.0119372480828344,-0.0486101134392502,-0.000817579017374,2113.8599853515625,2051.08498046875,2114.046156156234,51.05920542672781,22.54954407377272,32.90969621752805,-10.360152143755329,0.021540148969656,-0.4118270470947067,0.9828229226273004,1.012902960438688,2091.800048828125,0.0068590405357684
2018-10-09,1703.1053466796875,2091.800048828125,0.0,2107.64990234375,2053.199951171875,2080.35009765625,0.0,1867130,0.0068590405357684,-0.0725986994104062,0.0079506575491661,2114.6849853515623,2052.9409814453124,2111.9274792678425,51.52406052983634,18.213319111964665,29.97042079641537,-11.75710168445071,0.0215846298109786,-0.0711507675531327,0.989178087194092,1.0189284873428046,2043.5999755859373,-0.0230423903418448
2018-10-10,1663.86181640625,2043.5999755859373,0.0,2105.949951171875,2029.0,2100.0,0.0,2749573,-0.0230423903418448,-0.055135638942124,-0.0174291993981501,2112.872479248047,2054.182980957032,2105.420097964804,47.82399496260796,10.763412582829917,26.129019153698284,-15.36560657086837,0.0222160769158867,0.4726200103902781,0.9672140631569192,0.9948480707564992,1979.949951171875,-0.0311460291517241
2018-10-11,1612.039306640625,1979.949951171875,0.0,2013.0,1941.0,1985.0,0.0,4700256,-0.0311460291517241,-0.0410936147083135,-0.0484440941142015,2107.8324768066404,2054.487980957031,2093.470560175001,42.801506433201816,-0.2735635694125449,20.84850260907612,-21.122066178488662,0.0232343913889311,0.7094494308752668,0.9393298437888636,0.9637194130722369,1918.300048828125,-0.0311371013733257
2018-10-12,1561.8448486328125,1918.300048828125,0.0,1978.0,1903.0,1978.0,0.0,9373289,-0.0311371013733257,-0.0876750110943989,-0.0625289926313378,2101.434979248047,2053.978981933594,2076.787654332441,37.105002403085486,-13.835590501646491,13.9116839869316,-27.747274488578093,0.0239255472765654,0.9942081878093448,0.9128524402475432,0.9339433683115188,1949.5,0.016264374903673
2018-10-15,1587.2470703125,1949.5,0.0,1955.550048828125,1920.0,1940.0,0.0,2638151,0.016264374903673,-0.0616351210890701,-0.0462095224580832,2096.712481689453,2054.076982421875,2064.6650205864944,30.92776409283813,-21.8145546371029,6.766436262124699,-28.5809908992276,0.0243082829237071,-0.718545859409648,0.9297889038315664,0.9490880900195996,1962.300048828125,0.006565811145486
2018-10-16,1597.66845703125,1962.300048828125,0.0,1971.9000244140625,1935.0,1958.0,0.0,2815425,0.006565811145486,-0.0619084028000423,-0.0499176229255315,2091.557489013672,2054.518984375,2054.9159756571257,33.01293171424065,-26.79619438500777,0.0539101326982063,-26.85010451770597,0.0242170183480996,0.0671963052910921,0.9382003885312752,0.9551140990917012,1929.4000244140625,-0.0167660518755581
2018-10-17,1570.8818359375,1929.4000244140625,0.0,1989.0,1920.0,1970.0,0.0,2779207,-0.0167660518755581,-0.0558817540302287,-0.0697875682785139,2084.319995117188,2053.5769848632813,2042.9620755387389,33.43198961913045,-33.0183221249722,-6.560536318835876,-26.457785806136325,0.0243745435489366,-0.0128641324134011,0.925673614864298,0.9395313828677886,1913.199951171875,-0.0083964305158061
2018-10-19,1557.6925048828125,1913.199951171875,0.0,1929.0,1870.050048828125,1929.0,0.0,3428776,-0.0083964305158061,-0.0337129733812173,-0.0760835681893637,2076.442492675781,2052.8729833984376,2030.60377797999,27.46299366563817,-38.80924489070321,-13.010278033209344,-25.798966857493863,0.0243967305628631,0.2337245840270264,0.9213835480251872,0.9319621655328424,1903.0,-0.0053313565921989
2018-10-22,1549.3875732421875,1903.0,0.0,1916.0,1886.949951171875,1914.0,0.0,1778496,-0.0053313565921989,-0.0079758371676379,-0.084171476280678,2067.6974975585936,2051.343984375,2018.451037219991,27.238078344373,-43.71769336314151,-19.15176109919578,-24.56593226394573,0.0243408436214245,-0.4813029489240475,0.920347392327428,0.9276844909947186,1843.6500244140625,-0.0311875856993891
2018-10-23,1504.2279052734375,1843.6500244140625,4.0,1898.0,1837.0,1888.0,0.0,2752811,-0.0311875856993891,-0.0542959608032508,-0.1233862967354352,2054.7225036621094,2048.705983886719,2001.8033217146644,15.907945081469492,-51.7996075308738,-25.681330385531385,-26.11827714534241,0.0247432710496063,0.5478308638310123,0.8972744597521783,0.8999095228473766,1848.5,0.0026306378768816
2018-10-24,1508.1851806640625,1848.5,0.0,1874.0,1811.0999755859373,1852.050048828125,0.0,2735913,0.0026306378768816,-0.0579931947186597,-0.1591803129224459,2037.225006103516,2046.328984375,1987.203005360887,19.554455562601945,-57.15439000835727,-31.975942310096563,-25.178447698260705,0.0217153212583353,-0.0061384526580284,0.9073617270855716,0.903324936564185,1853.0,0.0024344062753582
2018-10-25,1511.8565673828125,1853.0,0.0,1876.9000244140625,1825.050048828125,1844.0,0.0,2507233,0.0024344062753582,-0.0395978145782724,-0.1512458586281269,2020.7150085449216,2043.908984375,1974.421766755088,24.94674761952617,-60.339425966404406,-37.64863904135813,-22.690786925046275,0.0218493741150967,-0.0835845291864178,0.9170021463513104,0.906596142081455,1799.0999755859375,-0.0290879786368388
2018-10-26,1467.8798828125,1799.0999755859375,0.0,1853.9000244140625,1791.0999755859375,1853.9000244140625,0.0,2285970,-0.0290879786368388,-0.0596382910819378,-0.1601428202491701,2003.5625122070312,2040.403984375,1957.724453310407,15.407406129642451,-66.44691277036782,-43.40829378716007,-23.038618983207748,0.0222361909753294,-0.0882498754603182,0.8979505079699923,0.8817371409598689,1871.0,0.0399644407702499
2018-10-29,1526.54248046875,1871.0,0.0,1877.949951171875,1784.3499755859375,1808.699951171875,0.0,2609483,0.0399644407702499,-0.0168155543878086,-0.1452132779657198,1987.670007324219,2037.9619848632813,1949.464981566559,28.730302949548303,-64.73913652083706,-47.67446233389547,-17.064674186941595,0.0238492296957766,0.1415211048263975,0.9413031303514616,0.9180740435281072,1894.800048828125,0.0127204964340592
2018-10-30,1545.9609375,1894.800048828125,0.0,1909.4000244140625,1845.0,1867.0,0.0,2404883,0.0127204964340592,0.0277438905088933,-0.132298350874035,1973.225012207032,2035.8549853515624,1944.258797496232,30.105033211205523,-60.76478785447876,-50.29252743801213,-10.472260416466623,0.0242565762766212,-0.0784063356611252,0.9602554382324656,0.930714644442576,1938.1500244140625,0.0228783905788625
2018-10-31,1581.3299560546875,1938.1500244140625,0.0,1943.9000244140625,1875.449951171875,1900.0,0.0,2769190,0.0228783905788625,0.0484987960043616,-0.1407195662002571,1957.355010986328,2034.5469848632813,1943.677009583644,39.2452879987889,-53.50038799387266,-50.93409954918424,-2.566288444688425,0.0234845057725263,0.1514863716862733,0.9901882967246765,0.9526199389021746,1935.75,-0.0012383068306531
2018-11-01,1579.3721923828125,1935.75,0.0,1944.3499755859373,1901.300048828125,1943.6500244140625,0.0,2769759,-0.0012383068306531,0.0446573124662708,-0.1050003871753962,1946.000006103516,2033.091984863281,1942.922056289964,44.84849053940851,-47.39067052934706,-50.22541374521681,2.83474321586975,0.0221158920312098,0.0002054752472744,0.9947327820804897,0.9521212096707828,1913.449951171875,-0.0115201078796978
2018-11-02,1561.177490234375,1913.449951171875,0.0,1954.5999755859373,1905.0,1934.199951171875,0.0,1818635,-0.0115201078796978,0.0635595448489156,-0.0733001230516963,1938.4325012207032,2031.1059838867188,1940.11518913586,49.37763430862145,-43.84271150463383,-48.94887329710022,5.106161792466395,0.0200942692492703,-0.3433959416685712,0.9871119835056956,0.9420729230043932,1890.8499755859373,-0.0118111140414708
2018-11-05,1542.7381591796875,1890.8499755859373,0.0,1927.3499755859373,1884.75,1910.0,0.0,1713366,-0.0118111140414708,0.0106092867909872,-0.1007300009962318,1927.8425048828128,2028.723984375,1935.4232640358675,42.30415980712225,-42.36618654335621,-47.63233594635143,5.266149402995218,0.0194833419982835,-0.0578835225320088,0.980811435994807,0.932039050235048,1932.699951171875,0.0221328905657727
2018-11-06,1576.8834228515625,1932.699951171875,0.0,1937.5,1891.0,1894.0,0.0,1398710,0.0221328905657727,0.0200020589862186,-0.0697215923813507,1920.6,2027.0249829101565,1935.163900905964,46.39111306905112,-37.388099856942745,-45.58348872846969,8.195388871526944,0.0203265748843126,-0.1836478604104435,1.006300089124167,0.9534662707497266,1942.1500244140625,0.0048895707978144
2018-11-07,1584.593994140625,1942.1500244140625,0.0,1949.0,1937.0,1940.0,0.0,144530,0.0048895707978144,0.0020638237234547,-0.0715412663356136,1913.117498779297,2025.1659838867188,1935.8292460019727,51.648777339919526,-32.30796228152212,-42.92838343908018,10.620421157558056,0.0202789186299928,-0.8966690736464313,1.0151755057665253,0.959007824478006,1909.199951171875,-0.0169657713502994
2018-11-09,1557.7098388671875,1909.199951171875,0.0,1961.949951171875,1905.0,1961.0,0.0,2570479,-0.0169657713502994,-0.013715639327457,-0.0657663075062071,1906.3974975585936,2022.489982910156,1933.293122684821,49.50421435950632,-30.58811147928418,-40.46032904712098,9.8722175678368,0.0200146570683462,16.785089600774924,1.0014700258560296,0.9439848737469304,1914.8499755859373,0.0029593675668146
2018-11-12,1562.3197021484375,1914.8499755859373,0.0,1946.0999755859373,1908.5,1908.5,0.0,2552008,0.0029593675668146,0.0007316754813497,-0.0328796066523837,1903.1424987792968,2019.768984375,1931.5366324849272,51.48551699357984,-28.44135335926603,-38.05653390955,9.615180550283966,0.0189324368108517,-0.0071858202303928,1.0061516553879437,0.9480539558728154,1934.949951171875,0.0104968931468309
2018-11-13,1578.7193603515625,1934.949951171875,0.0,1939.0,1903.0,1915.0,0.0,1418432,0.0104968931468309,0.0233228316129481,0.0086795088984756,1903.9749938964844,2017.083984375,1931.8617104551129,62.69464279349388,-24.83188551639364,-35.411604230918726,10.579718714525086,0.0177544808338647,-0.4441898301259244,1.0162685735761687,0.9592808064317786,1880.6500244140625,-0.0280627034952126
2018-11-14,1534.4158935546875,1880.6500244140625,0.0,1929.9000244140625,1870.0,1925.0,0.0,2422318,-0.0280627034952126,-0.0269311988786735,-0.0353167353608296,1900.532495117188,2013.256984863281,1926.984407022632,53.929838770565496,-26.052588508881627,-33.539801086511304,7.487212577629677,0.0184469580434439,0.7077434801245319,0.9895384736887128,0.934133117904854,1872.8499755859373,-0.0041475281029789
2018-11-15,1528.05224609375,1872.8499755859373,0.0,1899.0,1857.5999755859373,1864.0,0.0,1829123,-0.0041475281029789,-0.0356821295764897,-0.045584299554804,1896.059991455078,2009.065986328125,1921.828746885804,52.40693161253802,-27.3343102641129,-32.29870292203162,4.964392657918722,0.0183515976110196,-0.2448873351888563,0.9877588177727812,0.9321993345817658,1886.5999755859373,0.0073417519711893
2018-11-16,1539.2706298828125,1886.5999755859373,0.0,1899.800048828125,1870.25,1889.0,0.0,1829729,0.0073417519711893,-0.0118374063293191,-0.022183087118558,1893.9199890136715,2005.2299877929688,1918.473625809626,61.75442693233066,-26.930140012352467,-31.2249903400958,4.294850327743326,0.0181328864519365,0.0003313063145562,0.9961349933100676,0.9408396977258452,1902.449951171875,0.0084013441063546
2018-11-19,1552.202392578125,1902.449951171875,0.0,1907.3499755859373,1864.300048828125,1899.0,0.0,1740628,0.0084013441063546,-0.0064757158901014,-0.0056188586004382,1893.382489013672,2002.2209887695312,1916.9475615584115,54.9738947651301,-25.04220070839301,-29.98843241375524,4.946231705362226,0.0181595616306264,-0.0486962823456369,1.0047890282131673,0.9501698173392086,1878.25,-0.0127204140939256
2018-11-20,1532.4576416015625,1878.25,0.0,1902.0,1874.199951171875,1902.0,0.0,1190182,-0.0127204140939256,-0.0293030582716289,-0.0130057803468207,1892.144989013672,1997.8079907226563,1913.2620795052287,47.385871698741866,-25.208145213777925,-29.032374973759776,3.82422975998185,0.0183452713261989,-0.3162341407813732,0.992656488221384,0.9401554146955788,1812.0,-0.0352721948622387
2018-11-21,1478.4051513671875,1812.0,0.0,1871.050048828125,1798.550048828125,1871.0,0.0,3840461,-0.0352721948622387,-0.0365033491201804,-0.0171670458031324,1890.5624877929683,1992.4629907226563,1903.6180719333029,31.41847146928468,-30.335786689919587,-29.29305731699174,-1.0427293729278482,0.0187237794627168,2.2267846430209834,0.9584449134581732,0.9094271805484312,1812.550048828125,0.0003035589559188
2018-11-22,1478.853271484375,1812.550048828125,0.0,1847.5999755859373,1809.949951171875,1820.0,0.0,3194219,0.0003035589559188,-0.0321968804463085,-0.0194481748292534,1888.7649902343744,1987.207990722656,1894.9449268756669,31.7535670120986,-33.96358410300127,-30.227162674193647,-3.736421428807621,0.0187092254875853,-0.1682719860975023,0.959648266565555,0.912108877022472,1846.0999755859373,0.0185097933044682
2018-11-26,1506.2266845703125,1846.0999755859373,0.0,1860.0,1784.5,1819.0,0.0,4333177,0.0185097933044682,-0.0214671899311467,-0.003723704486812,1888.4199890136715,1982.53298828125,1890.293026752836,40.34685677233963,-33.74247869834835,-30.93022587902459,-2.81225281932376,0.0191951750735057,0.356568538350063,0.9775897238570124,0.9311824753980044,1890.25,0.0239152944033
2018-11-27,1542.248779296875,1890.25,0.0,1897.9000244140625,1835.3499755859373,1854.0,0.0,3344839,0.0239152944033,-0.0064127580146642,0.0506642352570632,1892.9774902343747,1978.72298828125,1890.288928966851,49.91900978045474,-29.66277902693309,-30.676736508606293,1.0139574816731989,0.0186197547892494,-0.2280862286493259,0.9985591533716353,0.9552878352325108,1983.9000244140625,0.0495437240651037
2018-11-28,1618.657470703125,1983.9000244140625,0.0,1989.0,1882.5,1889.0,0.0,5313249,0.0495437240651037,0.0562491811069147,0.0603420761165487,1898.6224914550776,1977.475988769532,1899.204271390395,56.06348464710207,-18.65773854448093,-28.272936915781223,9.615198371300288,0.0197210690732641,0.5884917031881056,1.04491547600578,1.0032486036144128,1960.550048828125,-0.0117697340080601
2018-11-29,1599.6063232421875,1960.550048828125,0.0,1997.0,1942.550048828125,1997.0,0.0,4035441,-0.0117697340080601,0.0819812631501792,0.0347002313202726,1901.9099914550773,1975.8079907226563,1905.0467263844644,52.1096108053366,-11.68560814435,-24.95547116149498,13.26986301714498,0.0198533126700438,-0.240494657788483,1.0308321937612748,0.9922776190975164,1968.25,0.003927444329451
2018-11-30,1605.8883056640625,1968.25,0.0,1991.0,1959.8499755859373,1966.0,0.0,5268901,0.003927444329451,0.0859010493379426,0.0155302609224161,1903.4149902343747,1973.8649926757807,1911.06608577642,57.18632954628512,-5.475702373905733,-21.05951740397713,15.5838150300714,0.019241855145473,0.3056568042997035,1.0340624667233718,0.9971553309387338,1982.4000244140625,0.0071891398013781
2018-12-03,1617.4337158203125,1982.4000244140625,0.0,1990.0,1968.300048828125,1984.0,0.0,1610576,0.0071891398013781,0.0738313475059033,0.0240991989740733,1905.7474914550776,1972.029995117188,1917.8597942181004,58.05414002912108,0.5807864578935096,-16.731456631603006,17.312243089496516,0.0192837408533857,-0.694324110473892,1.040221767732964,1.0052585555607934,2010.8499755859373,0.0143512665564478
2018-12-04,1640.645751953125,2010.8499755859373,0.0,2019.4000244140625,1971.0,1983.0,0.0,3270615,0.0143512665564478,0.0638010715968455,0.0509028335726318,1910.6174926757808,1970.8319946289064,1926.7160019674184,58.87304825132848,7.588791915801494,-11.867406922122107,19.4561988379236,0.0192414501511816,1.0307113728256223,1.052460779457108,1.020305120409092,2006.75,-0.0020389266408313
2018-12-05,1637.300537109375,2006.75,0.0,2018.0,1985.0,2006.0,0.0,2501539,-0.0020389266408313,0.0115177051790631,0.0612951984084022,1916.412493896484,1969.4089965820312,1934.3382874943309,66.70198892215598,12.665848943879157,-6.960755748921855,19.62660469280101,0.018976875635883,-0.2351472123744311,1.0471388630533505,1.0189605122566086,1992.699951171875,-0.0070013947069266
2018-12-06,1625.837158203125,1992.699951171875,0.0,2017.0,1979.5999755859373,1998.0,0.0,2321216,-0.0070013947069266,0.0163984093968765,0.0310446533429151,1919.412493896484,1967.1999975585936,1939.8965411779063,65.61563696547903,15.37845840188038,-2.492912918761408,17.87137132064179,0.0185565002658813,-0.0720848245819873,1.038182234151563,1.0129625628532577,1995.199951171875,0.0012545792448732
2018-12-07,1627.876953125,1995.199951171875,0.0,2003.9000244140625,1973.0,1985.050048828125,0.0,1680420,0.0012545792448732,0.0136923415073668,0.0273150508925372,1922.0649902343744,1963.1349975585936,1945.163532605904,64.57718270802185,17.527899334480708,1.5112495318870152,16.016649802593694,0.0185413341512689,-0.2760604786456753,1.0380502018969622,1.016333544892816,1975.800048828125,-0.009723287298777
2018-12-10,1612.048828125,1975.800048828125,0.0,2011.0,1960.0,1975.0,0.0,2010786,-0.009723287298777,-0.0033292854644149,0.034883772972742,1925.3949951171871,1958.9869995117188,1948.0812960556389,59.75271051093944,17.46461555528458,4.701922736566528,12.762692818718053,0.0182295871262988,0.1965972792516156,1.026179071743079,1.0085825221507836,2000.0,0.0122481782436578
2018-12-11,1631.7935791015625,2000.0,0.0,2010.0,1961.0,1970.0,0.0,2942014,0.0122481782436578,-0.0053957160989972,0.0444682484266201,1929.6524963378904,1956.144001464844,1953.0259345265304,66.18801532169059,19.14648772426608,7.590835734106439,11.555651990159642,0.018376459483329,0.4631164131837003,1.0364560478094451,1.0224196166040511,2016.800048828125,0.0084000244140625
2018-12-12,1645.500244140625,2016.800048828125,0.0,2022.0,1984.949951171875,2001.0999755859373,0.0,2219993,0.0084000244140625,0.0050081220023048,0.0423008861839959,1933.7450012207028,1952.7030004882813,1959.0996596981108,81.35335895340923,21.586175082557705,10.389903603796691,11.196271478761007,0.0183333877025218,-0.2454172549824712,1.0429503618910418,1.0328247809952746,1982.5999755859373,-0.0169575924306725
2018-12-13,1617.5965576171875,1982.5999755859373,0.0,2029.699951171875,1974.5,2024.0,0.0,3748429,-0.0169575924306725,-0.0050684878975372,0.0542099539246481,1938.8424987792964,1948.6810009765625,1961.337785020761,73.60166334199317,20.52340377890709,12.416603638818774,8.106800140088321,0.0175175749336084,0.6884868555891843,1.0225688661323395,1.0174061196226456,1989.75,0.0036063878251333
2018-12-14,1623.4306640625,1989.75,0.0,1998.949951171875,1975.25,1983.0,0.0,2473761,0.0036063878251333,-0.002731531327812,0.0624182534308384,1944.6875,1943.365,1964.043710256879,71.51415829250004,20.027235573705184,13.938730025796058,6.088505547909126,0.0174416457204534,-0.3400539265916468,1.0231721034870642,1.023868393225153,1994.300048828125,0.0022867439769442
2018-12-17,1627.1424560546875,1994.300048828125,0.0,2004.9000244140625,1985.0,1999.0,0.0,1227921,0.0022867439769442,0.0093632956487539,0.0570868624169988,1950.0725036621093,1939.9939990234373,1966.925266311284,67.68055205235768,19.7732360536545,15.105631231367749,4.667604822286751,0.017414699093136,-0.503621813101589,1.0226799491213578,1.0279928957677311,1987.8499755859373,-0.0032342541665071
2018-12-18,1621.8802490234375,1987.8499755859373,0.0,2002.0,1976.4000244140625,1991.9000244140625,0.0,1768742,-0.0032342541665071,-0.0060750122070313,0.0448894985970367,1954.3425048828128,1938.4549975585933,1968.9180957660124,50.95386385905992,18.83436180006538,15.851377345107275,2.982984454958105,0.0174163961710852,0.4404363147140573,1.0171451373643097,1.0254816222659564,1968.449951171875,-0.0097593000741134
2018-12-19,1606.0513916015625,1968.449951171875,0.0,1984.800048828125,1960.050048828125,1984.800048828125,0.0,2498833,-0.0097593000741134,-0.0239736694197048,0.0480234000648875,1958.8525024414064,1935.770998535156,1968.8735105665708,51.94482977480411,16.336559661800266,15.948413808445874,0.3881458533543913,0.0172937764987683,0.4127741637842037,1.0048995259819242,1.01688162115325,1954.050048828125,-0.0073153510126977
2018-12-20,1594.3028564453125,1954.050048828125,0.0,1974.9000244140625,1946.0,1953.800048828125,0.0,1940277,-0.0073153510126977,-0.0144002456922126,0.0783940666821882,1965.9550048828123,1933.300998535156,1967.4617523057664,46.61583701929735,13.0447103960023,15.36767312595716,-2.32296272995486,0.0150674957697752,-0.2235267422832978,0.9939444412384212,1.0107324468919687,1895.800048828125,-0.0298098812949716
2018-12-21,1546.777099609375,1895.800048828125,0.0,1950.0,1886.550048828125,1948.0,0.0,3729956,-0.0298098812949716,-0.0472169625188465,0.0459297662173929,1970.1175048828125,1929.3809985351563,1960.6368281650389,32.94604819637405,5.670244898343071,13.428187480434344,-7.757942582091273,0.016844249032783,0.9223832473404572,0.9622776530483608,0.9825949619424432,1918.5,0.0119738108382827
2018-12-24,1565.2977294921875,1918.5,0.0,1938.9000244140625,1905.0,1905.800048828125,0.0,1864116,0.0119738108382827,-0.0380083472758605,0.0392178242627858,1973.737506103516,1926.8789990234368,1956.6237969112256,31.39230979243382,1.6387339050745595,11.07029676536239,-9.43156286028783,0.0165761333545797,-0.5002311019218457,0.9720137526227772,0.9956515178027868,1889.199951171875,-0.0152723736398879
2018-12-26,1541.39208984375,1889.199951171875,0.0,1921.800048828125,1870.25,1921.800048828125,0.0,2446614,-0.0152723736398879,-0.0496264937624301,-0.0005555079106599,1973.6850036621088,1925.0639990234367,1950.202478269383,28.49826105130036,-3.875858191668158,8.081065773956281,-11.95692396562444,0.0161670979021819,0.3124794808906742,0.9571942572733364,0.9813699451707808,1908.949951171875,0.0104541607614105
2018-12-27,1557.5059814453125,1908.949951171875,0.0,1941.699951171875,1872.0999755859373,1909.0,0.0,4968201,0.0104541607614105,-0.0302268289648807,-0.0377791583849209,1969.9375,1924.8769970703124,1946.2736661648585,34.99373134824572,-6.576739655592519,5.149504688046521,-11.72624434363904,0.0115891490255747,1.0306435751614271,0.969040871180875,0.991725681213564,1896.050048828125,-0.0067575906512535
2018-12-28,1546.980712890625,1896.050048828125,0.0,1920.0,1893.0,1915.0,0.0,2239130,-0.0067575906512535,-0.0296819418902721,-0.0328989306029465,1966.7125,1923.807998046875,1941.4904645137408,32.87270356371994,-9.64691831536993,2.1902200873632305,-11.83713840273316,0.0114164742058449,-0.5493076870279604,0.9640707774156746,0.9855713515865768,1893.050048828125,-0.0015822367146132
2018-12-31,1544.532958984375,1893.050048828125,0.0,1909.0,1886.1500244140625,1908.0,0.0,1879740,-0.0015822367146132,-0.001450574917803,-0.0382065038343071,1962.9525024414063,1922.422998046875,1936.8770915913008,34.84710031088697,-12.181708794507584,-0.6841656890109329,-11.497543105496652,0.0113420814870763,-0.1605043030105442,0.9643891263154148,0.9847208708756648,1902.800048828125,0.0051504185037452
2019-01-01,1552.4884033203125,1902.800048828125,0.0,1910.0,1885.0,1896.0,0.0,1094883,0.0051504185037452,-0.0081834512232864,-0.0401533366654718,1958.9725036621087,1921.8909985351563,1933.6316589471887,31.206513057647783,-13.251055081074128,-3.197543567423572,-10.053511513650555,0.0112651422897599,-0.4175348718439784,0.9713255521815772,0.9900665804035804,1923.300048828125,0.0107735965282453
2019-01-02,1569.214111328125,1923.300048828125,0.0,1934.449951171875,1900.0,1905.0,0.0,2100463,0.0107735965282453,0.0180500203988982,-0.0435387661042695,1954.5950073242188,1922.0930004882807,1932.6476960787068,32.17690000102388,-12.302525190707913,-5.01853989208044,-7.283985298627471,0.011017746107388,0.9184360338045252,0.9839890318051432,1.000627986439541,1899.949951171875,-0.012140642158501
2019-01-03,1550.162841796875,1899.949951171875,0.0,1944.949951171875,1893.0999755859373,1919.0,0.0,2611668,-0.012140642158501,-0.0047146338197473,-0.0532204055453469,1949.2550048828125,1922.0319995117188,1929.533625135199,33.56532106982989,-13.281861127350568,-6.671204139134465,-6.6106569882161015,0.0112409374812721,0.2433772934824369,0.9747056934123908,0.9885110922474476,1876.8499755859373,-0.0121582021524776
2019-01-04,1531.3154296875,1876.8499755859373,0.0,1901.199951171875,1841.0,1900.0,0.0,4280862,-0.0121582021524776,-0.0101263536023505,-0.058137189955672,1943.462506103516,1922.695998535156,1924.516134701936,28.889301775223544,-15.740519972004222,-8.485067305708418,-7.255452666295804,0.0114034784731782,0.6391294758751878,0.9657248183032195,0.9761553448989608,1897.9000244140625,0.0112156267692913
2019-01-07,1548.489990234375,1897.9000244140625,0.0,1908.800048828125,1881.0,1891.800048828125,0.0,1856423,0.0112156267692913,0.0025619901539,-0.0487670053824247,1938.597509765625,1923.6839990234373,1921.981267055472,33.02218807254049,-15.808234317315735,-9.949700708029882,-5.858533609285855,0.0118061914854793,-0.5663436476111587,0.9790067380430696,0.986596564392871,1893.550048828125,-0.0022919940618476
2019-01-08,1544.9410400390625,1893.550048828125,0.0,1906.4000244140625,1883.300048828125,1905.4000244140625,0.0,1691756,-0.0022919940618476,-0.004861256970062,-0.0416287063302703,1934.485009765625,1924.495,1919.2735319862009,33.26828401931125,-16.0281426480783,-11.165389096039569,-4.862753552038734,0.0116808527563258,-0.0887012281144976,0.9788393496300808,0.9839204824268836,1886.949951171875,-0.0034855681054402
2019-01-09,1539.5562744140625,1886.949951171875,0.0,1919.0,1866.699951171875,1907.4000244140625,0.0,2414376,-0.0034855681054402,-0.0188998579178523,-0.0565250244140624,1928.8325073242188,1926.2519995117189,1916.1950957181696,34.85130111524167,-16.544282120278922,-12.241167700887438,-4.303114419391484,0.0111859434894113,0.4271419755567587,0.9782860585388798,0.9795966216518884,1888.550048828125,0.0008479809733461
2019-01-10,1540.8614501953125,1888.550048828125,0.0,1905.0,1872.0999755859373,1890.0,0.0,3053461,0.0008479809733461,-0.0060001066537139,-0.0635908354298784,1922.420007324219,1926.6030004882807,1913.5622341095936,37.2170276997435,-16.632482952184773,-13.119430751146906,-3.513052201037868,0.0109104343707913,0.2646998644784408,0.9823816032047874,0.980248680371352,1842.550048828125,-0.0243573105348962
2019-01-11,1503.3302001953125,1842.550048828125,0.0,1875.0,1835.0,1870.0,0.0,9209862,-0.0243573105348962,-0.0182752629160485,-0.0706395281359881,1915.417510986328,1925.558000488281,1906.799168844692,39.08588699185366,-20.181557872313988,-14.531856175380325,-5.649701696933665,0.011509719035982,2.0162042351285967,0.9619574000236216,0.9568914820332044,1813.25,-0.0159019011976147
2019-01-14,1479.4244384765625,1813.25,0.0,1851.0,1810.0,1850.0,0.0,3615370,-0.0159019011976147,-0.0446019407372084,-0.0887046111320517,1906.592510986328,1923.06,1897.8897241928169,28.996232901406515,-25.06950869491766,-16.639386679287792,-8.430122015629866,0.0116926788960023,-0.607445801033718,0.9510422334880358,0.942898297505018,1867.800048828125,0.0300841300582517
2019-01-15,1523.931884765625,1867.800048828125,0.0,1869.3499755859373,1808.0,1810.0,0.0,7711653,0.0300841300582517,-0.0135987955617735,-0.0634307761634629,1900.267510986328,1921.7010009765625,1895.0240408247507,46.12039891013192,-24.26183654178021,-18.16387665178628,-6.097959889993934,0.0139789612345922,1.1330190270981946,0.9829142676120632,0.971951436710994,1870.1500244140625,0.0012581515818097
2019-01-16,1525.8492431640625,1870.1500244140625,0.0,1875.0,1847.0,1870.0,0.0,2359280,0.0012581515818097,-0.0089032179933437,-0.0592096750848522,1894.3825134277345,1920.8350024414065,1892.655086880876,42.49228203692813,-23.16509436318711,-19.164120194066445,-4.000974169120664,0.0140140644936196,-0.6940629979071932,0.9872082386519576,0.9736130495524484,1894.300048828125,0.0129134155542569
2019-01-17,1548.8660888671875,1894.300048828125,4.0,1898.0,1871.300048828125,1878.0,0.0,2625816,0.0129134155542569,0.0030446638168619,-0.0376691834606242,1890.6750183105469,1920.90400390625,1892.8117499234709,49.67550575470264,-20.1153360721346,-19.35436336968008,-0.7609727024545201,0.0143476271818141,0.1129734495269743,1.0019173207888563,0.9861502943280744,1900.6500244140625,0.0033521487738259
2019-01-18,1554.057861328125,1900.6500244140625,0.0,1904.199951171875,1876.0,1881.0,0.0,1683728,0.0033521487738259,0.0315323730950427,-0.0273278693378848,1888.005017089844,1920.2630053710936,1893.558252255908,51.39193505331514,-16.990138947535343,-18.881518485251128,1.8913795377157847,0.0143308611583385,-0.3587791376090328,1.0066975496408954,0.9897863048435696,1908.699951171875,0.0042353545652331
2019-01-21,1560.6402587890625,1908.699951171875,0.0,1932.0,1895.449951171875,1902.0,0.0,2409803,0.0042353545652331,0.0526402598493727,0.0068044635570738,1888.6500122070315,1919.59400390625,1895.0003188193327,51.08733799716714,-13.705843465274029,-17.84638348125571,4.140540015981681,0.0126928621594979,0.4312305788108293,1.0106160161148194,0.9943248141470508,1901.9000244140625,-0.0035625959720057
2019-01-22,1555.0797119140625,1901.9000244140625,0.0,1918.25,1890.0,1907.0999755859373,0.0,2457093,-0.0035625959720057,0.0182567591254385,-0.0086525804461493,1887.8200134277345,1919.4480053710936,1895.657433637879,45.84627209620044,-11.518929840589864,-16.58089275312254,5.061962912532678,0.0124207582262266,0.0196240107593857,1.007458343955557,0.9908577982274448,1875.5999755859373,-0.0138283024820022
2019-01-23,1533.5760498046875,1875.5999755859373,0.0,1906.0999755859373,1870.0,1901.0,0.0,2578169,-0.0138283024820022,0.0029141785956889,-0.0071988015760331,1887.1400146484373,1918.6630053710933,1893.747199537694,45.32720022750834,-11.772275712489773,-15.619169344995989,3.846893632506216,0.0123334059685225,0.0492761161258446,0.9938849057447124,0.977555709541172,1901.550048828125,0.0138356118468603
2019-01-24,1554.7939453125,1901.550048828125,0.0,1905.25,1875.0,1884.800048828125,0.0,1962927,0.0138356118468603,0.0038272711888938,-0.0038764255391857,1886.77001953125,1917.9950073242187,1894.490328041545,54.68869553127646,-9.766517767023515,-14.448639029401496,4.682121262377979,0.012510339006039,-0.23863524850388,1.007833508665008,0.9914259638668008,1920.800048828125,0.0101233201891599
2019-01-25,1570.5335693359375,1920.800048828125,0.0,1935.0,1901.0,1902.0,0.0,2327080,0.0101233201891599,0.0106016489912572,0.0130534528955588,1888.00751953125,1918.7980078125,1896.996015735505,54.37691230496647,-6.54814310585175,-12.868539844691549,6.320396738839797,0.0126080230228558,0.1855153044407662,1.0173688552389966,1.0010433828925576,1955.0,0.0178050553428195
2019-01-28,1598.4969482421875,1955.0,0.0,1962.0,1925.5,1933.0,0.0,2769033,0.0178050553428195,0.0242573741355724,0.0327249410073571,1891.105017089844,1920.4410083007813,1902.520204713076,60.54210155975136,-1.2238005501305906,-10.539591985779357,9.315791435648766,0.0131548091526073,0.1899174072227856,1.0337871151166855,1.0179953414605516,1982.75,0.0141943734015346
2019-01-29,1621.1864013671875,1982.75,0.0,1989.050048828125,1936.6500244140625,1962.0,0.0,2557626,0.0141943734015346,0.0425101080751317,0.0420170007989613,1895.1025146484376,1922.3640087890624,1910.1611375975444,65.32309963214905,5.175314563897473,-7.396610675843991,12.571925239741464,0.0134324127043068,-0.0763468691055686,1.046249469183899,1.031412360476399,1981.4000244140625,-0.0006808602122998
2019-01-30,1620.0826416015625,1981.4000244140625,0.0,1989.5,1954.6500244140625,1979.5999755859373,0.0,2429575,-0.0006808602122998,0.0564086426771643,0.0302084823537223,1898.0075134277345,1923.9430102539063,1916.945793484832,64.86313155808001,10.022197987532536,-3.912848943168686,13.935046930701224,0.0132886004164255,-0.050066350592307,1.0439368708481689,1.0298641975640297,2014.0999755859373,0.0165034575395974
2019-01-31,1646.81982421875,2014.0999755859373,0.0,2019.75,1985.0,1987.0,0.0,4094319,0.0165034575395974,0.0591885166667971,0.0600805428288546,1903.715014648437,1926.660009765625,1926.1985727325564,78.68248934512245,16.3139438062276,0.1325096067105708,16.181434199517028,0.0132763894155223,0.6851996748402498,1.057983973487694,1.0453842221134535,2029.949951171875,0.0078695078586288
2019-02-01,1659.7791748046875,2029.949951171875,0.0,2034.75,1998.0999755859373,2009.5,0.0,3064163,0.0078695078586288,0.0568252288468766,0.0815728361762857,1911.3700134277344,1931.0190087890624,1936.079656393444,87.93768597994381,22.321845918257395,4.570376869019936,17.751469049237457,0.0128199459973355,-0.2516061889657352,1.0620392372544794,1.051232505704256,2050.25,0.0100002706058865
2019-02-04,1676.377685546875,2050.25,0.0,2055.449951171875,2023.0,2029.949951171875,0.0,1590764,0.0100002706058865,0.0487212276214834,0.0802729193456712,1918.9875122070312,1935.7730078125,1946.9530224512112,86.2940237720355,28.39388883655579,9.335079262527106,19.05880957402868,0.0127868130396385,-0.4808487668573767,1.0684019499647517,1.0591376115512965,2044.550048828125,-0.0027801249466528
2019-02-05,1671.717041015625,2044.550048828125,0.0,2055.0,2028.0,2050.0,0.0,1111404,-0.0027801249466528,0.0311688557952969,0.079744393391371,1926.537512207032,1939.742009277344,1956.2479773442503,84.23638426245655,32.37291337892998,13.94264608580768,18.4302672931223,0.0127998050127276,-0.301339482160773,1.0612562879639438,1.0540319480887193,2074.800048828125,0.0147954314042537
2019-02-06,1696.4508056640625,2074.800048828125,0.0,2086.85009765625,2041.050048828125,2049.89990234375,0.0,1789812,0.0147954314042537,0.0471383987398923,0.0995522417219318,1935.930017089844,1943.4330102539063,1967.538650818905,84.60508726536078,37.53456607305316,18.661030083256776,18.87353598979638,0.0128954097106101,0.6104062969001371,1.071732981312535,1.067595352081138,2082.89990234375,0.003903920052537
2019-02-07,1703.073974609375,2082.89990234375,0.0,2097.949951171875,2067.0,2074.75,0.0,1339945,0.003903920052537,0.0341591418458746,0.1029095594454709,1945.647509765625,1945.4130078125,1978.5254366784145,84.70769343785838,41.79699377968882,23.288222822543187,18.508770957145632,0.0128637428402679,-0.2513487450078556,1.070543298253782,1.0706723425715374,2061.39990234375,-0.0103221474905287
2019-02-08,1685.493896484375,2061.39990234375,0.0,2089.5,2051.0,2075.0,0.0,1684474,-0.0103221474905287,0.015492968757047,0.1187755272399873,1956.5900024414063,1947.4300048828125,1986.418242932256,77.66305910242853,42.94508393412207,27.219595044858963,15.725488889263104,0.011487845997357,0.2571217475344137,1.053567635412408,1.0585232317337103,2065.89990234375,0.002182982542535
2019-02-11,1689.173583984375,2065.89990234375,0.0,2096.0,2048.89990234375,2060.0,0.0,1778730,0.002182982542535,0.0076331678301426,0.1393353935440506,1969.2224975585937,1949.383002929688,1993.9879247809693,79.95980641786068,43.71415646042578,30.51850732797233,13.195649132453454,0.0103547104870259,0.0559557464229189,1.0490942008356168,1.059771168230641,2051.60009765625,-0.0069218284348031
2019-02-12,1677.4818115234375,2051.60009765625,0.0,2070.0,2018.0,2070.0,0.0,2422903,-0.0069218284348031,0.0034482153333277,0.098404563670208,1978.4125,1950.767004394532,1999.4747983881389,83.62636629641258,42.67781397507497,32.95036865739286,9.727445317682111,0.0091755148678032,0.3621533341204117,1.036993093025974,1.0516889474932527,2044.5999755859373,-0.0034120304821148
2019-02-14,1671.758056640625,2044.5999755859373,0.0,2075.0,2033.050048828125,2060.050048828125,0.0,1724085,-0.0034120304821148,-0.0145556547770687,0.0932812602702992,1987.1349975585936,1951.4420043945315,2003.7724343117388,79.46449898295532,40.82109358379125,34.52451364267254,6.296579941118715,0.0093270664927202,-0.2884217816396281,1.0289185073474854,1.0477380168007144,2029.699951171875,-0.0072875010231731
2019-02-15,1659.574951171875,2029.699951171875,0.0,2052.0,2010.949951171875,2049.0,0.0,1930065,-0.0072875010231731,-0.0255412903481403,0.0714775372716232,1993.9049926757807,1951.9010034179687,2006.241721631752,72.83977736473166,37.71259453669177,35.162129821476384,2.550464715215384,0.0094620100870552,0.1194720677924812,1.0179521886085745,1.0398580397354542,1970.300048828125,-0.0292653612714798
2019-02-18,1611.0069580078125,1970.300048828125,0.0,2041.949951171875,1962.6500244140625,2037.5999755859373,0.0,2942184,-0.0292653612714798,-0.0441931977449145,0.0366453705413412,1997.3874938964843,1951.4530053710937,2002.818705174264,52.902137993375966,30.10893390499928,34.15149063818097,-4.042556733181691,0.0119680159615686,0.5243963286210568,0.986438562797088,1.0096579540502166,1904.800048828125,-0.0332436676530345
2019-02-19,1557.451171875,1904.800048828125,0.0,1971.0,1892.0,1970.0,0.0,4408554,-0.0332436676530345,-0.0779804739488385,-0.0020432244163655,1997.1924987792968,1949.6450073242188,1993.48359504606,37.06652526718992,18.583456955325573,31.03788390160989,-12.454426946284318,0.0142875224114758,0.4983950697848945,0.953738835887055,0.9769983980018798,1914.75,0.0052236197589328
2019-02-20,1565.586669921875,1914.75,0.0,1933.800048828125,1881.300048828125,1915.0,0.0,4645778,0.0052236197589328,-0.0667040802993661,0.006756388569844,1997.8349975585936,1948.4240063476564,1985.9851574226257,39.24824751379126,10.135475883618938,26.857402298011703,-16.721926414392765,0.014307426073716,0.0538099340509382,0.9584124826824408,0.982717310894368,1914.199951171875,-0.0002872692665492
2019-02-21,1565.1370849609375,1914.199951171875,0.0,1940.0,1897.050048828125,1914.75,0.0,4683919,-0.0002872692665492,-0.0637777687426082,0.0205800682919496,1999.7649963378904,1946.7080053710936,1979.1484711130304,32.01941350816335,3.3573047570055223,22.15738278981047,-18.800078032804947,0.0139118731175033,0.0082098197546245,0.9572124498014976,0.9833010117030768,1925.6500244140625,0.0059816495320552
2019-02-22,1574.4989013671875,1925.6500244140625,0.0,1930.0,1905.0999755859373,1917.199951171875,0.0,2271955,0.0059816495320552,-0.0512636987046966,0.012673858151033,2000.969995117188,1944.8850048828128,1974.053380951224,30.92538211744389,-1.0780919041499146,17.510287851018393,-18.588379755168308,0.0136420411850076,-0.5149457110594782,0.9623582707952032,0.990109965154516,1985.1500244140625,0.0308986572043923
2019-02-25,1623.148681640625,1985.1500244140625,0.0,1990.0,1930.5,1932.5,0.0,2934880,0.0308986572043923,0.0075369107333524,0.0335016524105136,2004.1874938964845,1944.936005859375,1975.110204138161,39.58732701321493,0.2056069157899855,14.049351663972711,-13.843744748182726,0.0151080048383803,0.2917861489334076,0.9905011534397864,1.020676268233781,2038.699951171875,0.0269752543128916
2019-02-26,1666.9337158203125,2038.699951171875,0.0,2045.1500244140625,1972.25,1984.0,0.0,6453309,0.0269752543128916,0.0702960410076261,0.0428132742567135,2008.372491455078,1945.9150048828128,1981.166370522324,49.18850015104288,5.48079978484725,12.33564128814762,-6.854841503300369,0.0157463168741421,1.1988323202311508,1.0151005153903618,1.0476819111092934,2058.10009765625,0.0095159400348361
2019-02-27,1682.79638671875,2058.10009765625,0.0,2074.949951171875,2022.0,2040.0,0.0,4732082,0.0095159400348361,0.0748662215204334,0.0380028231780356,2012.1399963378904,1947.191005859375,1988.4933921541265,47.61156204673172,11.09891642705179,12.088296315928453,-0.9893798888766624,0.0155930156664098,-0.2667200656283466,1.022841403382472,1.056958506619604,1983.449951171875,-0.0362713876596119
2019-02-28,1621.7589111328125,1983.449951171875,0.0,2071.35009765625,1977.5999755859373,2060.0,0.0,8454295,-0.0362713876596119,0.0361769939225027,0.0010345850068407,2012.2424926757808,1947.1030053710936,1988.013064441531,38.05119354011701,9.419093946526344,11.554455842048032,-2.135361895521686,0.0177891634806274,0.7865909762341396,0.9856913162261972,1.0186671920799866,1995.4000244140625,0.0060248927557395
2019-03-01,1631.530029296875,1995.4000244140625,0.0,2005.0,1980.3499755859373,1995.050048828125,0.0,4148548,0.0060248927557395,0.0362215351261574,-0.009284519834441,2011.3074951171875,1947.6420068359373,1988.7165844389149,41.883934792992456,8.948935806499549,11.033351834938337,-2.0844160284387883,0.0174345863992212,-0.50929699046461,0.9920909802495426,1.0245209424578547,1988.0999755859373,-0.0036584387785947
2019-03-05,1625.5611572265625,1988.0999755859373,0.0,2007.0,1976.5999755859373,2005.0,0.0,2449622,-0.0036584387785947,0.0014860091860036,-0.0206162598057051,2009.2149963378904,1948.3230053710936,1988.6578597862504,40.498305358656566,7.896256037494368,10.405932675449543,-2.509676637955176,0.0173398561086862,-0.4095230427609853,0.9894909102358688,1.0204160039712036,1999.5999755859373,0.0057844173538661
2019-03-06,1634.964111328125,1999.5999755859373,0.0,2015.0,1985.050048828125,1989.300048828125,0.0,2635047,0.0057844173538661,-0.0191788769914191,-0.0247043162609743,2006.6824951171875,1950.39900390625,1989.6999660528872,43.60550138387224,7.898900024313662,9.904526145222366,-2.0056261209087047,0.0172256551906269,0.075695352180867,0.9964705330571808,1.025226105828165,2013.300048828125,0.0068514069861265
2019-03-07,1646.165771484375,2013.300048828125,0.0,2024.050048828125,2000.199951171875,2005.0,0.0,2539884,0.0068514069861265,-0.0217676724660491,-0.0152845365746422,2005.1199951171875,1952.2950048828125,1991.9475929838625,46.21341696997159,8.903838904824624,9.704388697142818,-0.8005497923181935,0.0173108749776623,-0.0361143463475224,1.0040795831326093,1.0312478615131089,2022.699951171875,0.0046689028539095
2019-03-08,1653.8514404296875,2022.699951171875,0.0,2033.0,2010.050048828125,2025.0,0.0,2031071,0.0046689028539095,0.0197887524093109,-0.0251109005350548,2002.514990234375,1954.9650048828123,1994.8763890017683,49.14173676175651,10.339565691565896,9.831424096027432,0.5081415955384614,0.0169810079250786,-0.2003292276340179,1.0100798051629754,1.034647651553805,2014.800048828125,-0.0039056224523924
2019-03-11,1647.392333984375,2014.800048828125,0.0,2033.0,2003.6500244140625,2028.9000244140625,0.0,3111689,-0.0039056224523924,0.0097223735475091,-0.0326947317242641,1999.1099975585937,1957.0820068359376,1996.7738804138023,56.244732445940336,10.716401412257028,10.008419559273351,0.707981852983675,0.0169488502444642,0.5320434391510686,1.007848518234961,1.0294918873049688,2012.449951171875,-0.0011664173115425
2019-03-12,1645.470947265625,2012.449951171875,0.0,2024.800048828125,2003.0,2014.050048828125,0.0,2658550,-0.0011664173115425,0.0122478627256967,-0.0237459753035887,1996.6625,1959.4100048828125,1998.2668395336188,68.36086626291696,10.702046663442388,10.14714498010716,0.5549016833352276,0.0168218602260285,-0.1456247716272416,1.00790692025912,1.0270693454442348,2000.5,-0.0059380116086447
2019-03-13,1635.6995849609375,2000.5,0.0,2015.9000244140625,1978.5999755859373,2013.0,0.0,1833163,-0.0059380116086447,0.0004501022329723,-0.0316568592067574,1993.3925048828123,1961.55900390625,1998.4795214827984,64.5264927175632,9.615566961475452,10.04082937638082,-0.4252624149053687,0.0168373244350232,-0.3104651031577363,1.0035655271602444,1.0198520646160545,1987.4000244140625,-0.0065483507052924
2019-03-14,1624.988525390625,1987.4000244140625,0.0,2007.800048828125,1981.0,2004.949951171875,0.0,1905495,-0.0065483507052924,-0.0128644632125937,-0.0312926838498056,1990.1825012207032,1963.2510034179688,1997.424331285776,61.89470226498314,7.609745017620753,9.554612504628809,-1.9448674870080536,0.0168311675981494,0.0394574841407992,0.9986018986676176,1.0123005265012222,2039.949951171875,0.0264415447882997
2019-03-15,1667.9556884765625,2039.949951171875,0.0,2068.949951171875,1991.0,1998.9000244140625,0.0,5184318,0.0264415447882997,0.0085282050805439,-0.0022742954463401,1989.95,1965.584001464844,2001.4743903225472,66.384729179375,10.143528307045926,9.672395665112232,0.4711326419336945,0.0179358210302762,1.7207198129619865,1.0251262349163923,1.037834022688224,2022.800048828125,-0.0084070211300517
2019-03-18,1653.933349609375,2022.800048828125,0.0,2064.60009765625,2011.0,2043.0,0.0,2349915,-0.0084070211300517,0.0039706173347837,-0.003399469138168,1989.6050048828124,1968.0410034179688,2003.5054054183165,56.142929583232245,10.645007012854194,9.866917934660624,0.7780890781935685,0.0179616205314351,-0.5467263003542607,1.0166842382602812,1.0278241384783418,2022.800048828125,0.0
2019-03-19,1653.933349609375,2022.800048828125,0.0,2030.0,1995.0999755859373,2030.0,0.0,2373993,0.0,0.0051430335697157,0.026645687813501,1992.2300048828124,1970.9600048828124,2005.342990504965,46.85648613399828,10.916592813554873,10.076852910439476,0.8397399031153956,0.016593346610624,0.0102463280586744,1.0153446358454534,1.0263019258721056,2015.050048828125,-0.0038313228262426
2019-03-20,1647.596435546875,2015.050048828125,0.0,2044.800048828125,2000.0,2028.0,0.0,3091165,-0.0038313228262426,0.0072732061125344,0.0578800909144392,1997.7425048828125,1973.3030053710936,2006.267472250028,41.07771008743525,10.386734477197251,10.138829223791031,0.2479052534062198,0.0145323732261037,0.3020952462791592,1.0086635509346225,1.0211559214897057,2005.6500244140625,-0.0046649086555091
2019-03-22,1639.9105224609375,2005.6500244140625,0.0,2016.0,1983.300048828125,2015.0,0.0,3148149,-0.0046649086555091,0.0091828518545884,0.047473573267561,2002.287506103516,1975.5450048828125,2006.2086676942213,56.30684336356655,9.103376460100662,9.931738671052958,-0.8283622109522959,0.0146177533727051,0.0184344737340129,1.0016793384068456,1.015238842677257,1984.25,-0.0106698696948956
2019-03-25,1622.4129638671875,1984.25,0.0,2007.800048828125,1977.199951171875,2007.800048828125,0.0,2429205,-0.0106698696948956,-0.0273045675164125,0.0365949486025429,2005.7900085449216,1977.491005859375,2004.1173660090576,46.99378951491077,6.28702989561134,9.202796915964637,-2.915767020353295,0.0149007018249391,-0.228370385264484,0.989261084932541,1.0034179645422396,1982.6500244140625,-0.0008063377023749
2019-03-26,1621.1046142578125,1982.6500244140625,0.0,1994.949951171875,1958.050048828125,1984.0,0.0,2316539,-0.0008063377023749,-0.0198487361305546,0.0296003942966447,2008.6400085449216,1979.3730053710933,2002.0728572857247,48.48401708647147,3.8812101200464895,8.138479556781006,-4.257269436734516,0.0148802290967771,-0.0463797826861051,0.9870609048807673,1.0016555843866095,1967.9000244140625,-0.0074395379004719
2019-03-27,1609.044677734375,1967.9000244140625,0.0,1998.0,1961.0,1994.0,0.0,2266166,-0.0074395379004719,-0.0271406086063068,-0.0086895195767844,2007.7775085449216,1981.8800048828125,1998.8183017741376,41.33879960030265,0.775440095087788,6.665871664442363,-5.890431569354575,0.0132865285136866,-0.0217449393254333,0.9801384944491388,0.992946101462093,2000.300048828125,0.0164642634341698
2019-03-28,1635.5362548828125,2000.300048828125,0.0,2014.5999755859373,1972.800048828125,1980.0,0.0,4054489,0.0164642634341698,-0.007319917442536,-0.0188354849970331,2005.8575134277344,1985.621005859375,1998.959420541184,46.77738748574735,0.9179248995030777,5.516282311454506,-4.5983574119514286,0.0123215337477499,0.7891403365861106,0.9972293821657788,1.0073926710713843,2031.6500244140625,0.0156726365148587
2019-04-01,1661.169677734375,2031.6500244140625,0.0,2039.949951171875,2008.25,2010.0,0.0,2095740,0.0156726365148587,0.0129633782980636,-0.0128516942748841,2004.535009765625,1988.8980053710936,2002.07281138622,52.00091259451384,3.5199503639541945,5.117015921954445,-1.5970655580002502,0.0126669388735414,-0.4831062558068353,1.0135268351594455,1.021495330040814,2079.300048828125,0.0234538546705675
2019-04-02,1700.13037109375,2079.300048828125,0.0,2086.0,2037.0,2037.0999755859373,0.0,3719663,0.0234538546705675,0.0479022546695855,0.0483249388771414,2009.3275146484373,1993.081005859375,2009.4277863806872,62.24374030249721,9.319602457578412,5.957533229079239,3.3620692284991733,0.0106937555448303,0.7748685428535983,1.0348238570713697,1.0432591764786672,2079.300048828125,0.0
2019-04-03,1700.13037109375,2079.300048828125,0.0,2089.60009765625,2058.10009765625,2085.0,0.0,2939886,0.0,0.0487478996413528,0.0420467191478055,2013.5225158691403,1996.781005859375,2016.0822875661568,62.80408880908291,13.757283129704549,7.5174832092043005,6.239799920500246,0.0106715889196552,-0.2096364643786278,1.0326678904460085,1.0413260356176293,2014.5,-0.0311643569020477
2019-04-04,1647.1468505859375,2014.5,0.0,2079.699951171875,2007.4000244140625,2078.14990234375,0.0,4397518,-0.0311643569020477,0.0236800523440272,0.013279022553321,2014.842517089844,1999.0580053710937,2015.9315935122377,52.23001025095392,11.908085651437888,8.395603697651019,3.5124819537868675,0.0129779790870138,0.4958124226585657,0.9998300030464224,1.0077246355970746,2048.300048828125,0.0167783811507198
2019-04-05,1674.7833251953125,2048.300048828125,0.0,2054.39990234375,2018.800048828125,2028.6500244140625,0.0,3152103,0.0167783811507198,0.0239963999541572,0.0243549078999749,2017.277520751953,2001.8500073242187,2019.014303542322,59.10042272229951,13.01987971998028,9.320458902116872,3.699420817863409,0.0134279289550881,-0.2832086190437424,1.0153784136079642,1.023203557376406,2070.75,0.0109602844489111
2019-04-08,1693.13916015625,2070.75,0.0,2075.0,2032.699951171875,2059.0,0.0,2194294,0.0109602844489111,0.0192454286496583,0.0285352157048397,2020.1500183105468,2005.2270068359376,2023.941512728768,55.05747928212233,15.533448046993726,10.563056731092244,4.970391315901482,0.0135483960561883,-0.3038634841564505,1.0250476356858735,1.0326760974895564,2091.5,0.010020523964747
2019-04-09,1710.1055908203125,2091.5,0.0,2098.0,2057.64990234375,2070.0,0.0,2690970,0.010020523964747,0.00586733558668,0.0340139667221848,2023.590020751953,2009.545007324219,2030.375654373647,61.14896614679496,18.981019265628447,12.246649237999485,6.734370027628962,0.0136667125301807,0.2263488848805128,1.033559158995463,1.0407828599892408,2040.25,-0.0245039445374133
2019-04-10,1668.201171875,2040.25,0.0,2085.5,2036.0,2083.0,0.0,3313062,-0.0245039445374133,-0.0187803818165316,0.0126315021615557,2024.8625183105469,2012.3190063476563,2031.316068242824,52.42798753717988,17.37748082705889,13.272815555811366,4.104665271247523,0.0148419480159777,0.2311776051015061,1.0075992723211111,1.0138800029042303,2019.5,-0.0101703222644283
2019-04-11,1651.2352294921875,2019.5,0.0,2055.0,2013.6500244140625,2045.0,0.0,3422442,-0.0101703222644283,0.0024820054604119,0.0035032169739275,2025.215020751953,2014.2930053710936,2030.1907284101733,50.59754934937376,14.26784266775735,13.471820978200563,0.7960216895567847,0.0150378441868523,0.0330147760591259,0.99717806717144,1.0025850234375149,2014.5,-0.0024758603614756
2019-04-12,1647.1468505859375,2014.5,0.0,2039.0,2007.0,2038.0,0.0,3198471,-0.0024758603614756,-0.0165015124846883,0.0069982504373906,2025.915020751953,2015.4830053710937,2028.696373323491,51.202605493179554,11.270059578073417,13.031468698175136,-1.761409120101721,0.0149822943299779,-0.0654418687007698,0.9943654987326584,0.999512273053916,2113.300048828125,0.049044452136076
2019-04-15,1727.9302978515625,2113.300048828125,0.0,2119.800048828125,2041.0,2070.0,0.0,9189201,0.049044452136076,0.0205481341678739,0.0633491108319681,2032.210021972656,2018.094006347656,2036.7538662286936,64.48860677333164,16.67442077241003,13.760059113022116,2.9143616593879145,0.0183850912050932,1.8729980668888355,1.0399023850776776,1.0471762178476376,2131.800048828125,0.0087540810923931
2019-04-16,1743.056640625,2131.800048828125,0.0,2155.949951171875,2115.550048828125,2120.0,0.0,5771952,0.0087540810923931,0.0192684909529643,0.0450256623224925,2036.8025268554688,2021.1020068359376,2045.805883619116,66.13304326952405,22.19436847996849,15.446920986411392,6.747447493557097,0.0176195145399534,-0.3718766190879925,1.0466405165547976,1.0547711306098235,2150.050048828125,0.0085608404081012
2019-04-18,1757.9786376953125,2150.050048828125,0.0,2155.0,2114.199951171875,2149.89990234375,0.0,3413728,0.0085608404081012,0.0538169581316627,0.0629078489857266,2043.1650268554688,2023.8210083007807,2055.733899353307,69.55447951407773,27.72202701460833,17.90194219205078,9.82008482255755,0.0174822296761173,-0.4085661142019199,1.0523134551383535,1.0623716425561402,2161.449951171875,0.0053021567334972
2019-04-22,1767.2994384765625,2161.449951171875,0.0,2176.0,2145.60009765625,2148.0,0.0,2007135,0.0053021567334972,0.0702896514839688,0.0685435529943132,2050.097521972656,2026.4510083007813,2065.8020947646,68.11690863898258,32.6462869992024,20.850811153481104,11.7954758457213,0.0174713618962016,-0.4120401508263107,1.0543156742573263,1.0666184093857236,2155.050048828125,-0.0029609301572216
2019-04-23,1762.0667724609375,2155.050048828125,0.0,2165.5,2134.050048828125,2163.0,0.0,2163524,-0.0029609301572216,0.0697691977305161,0.0694771825054263,2057.097521972656,2028.547009277344,2074.3018999135065,64.69748046016852,35.621754469691496,23.804999816723186,11.816754652968314,0.0174533075141398,0.0779165327693453,1.0476168610429015,1.0623614039863178,2183.449951171875,0.0131783029165346
2019-04-24,1785.2880859375,2183.449951171875,0.0,2195.0,2156.10009765625,2158.0,0.0,3003071,0.0131783029165346,0.0331944829049002,0.0886495273819047,2065.987518310547,2031.3250073242189,2084.696952414304,63.000867947620826,39.81253453274212,27.00650675992697,12.806027772815147,0.0174695952859186,0.3880460766786039,1.056855344875163,1.0748895146267332,2195.0,0.0052898161562742
2019-04-25,1794.7322998046875,2195.0,0.0,2205.0,2168.050048828125,2175.0,0.0,4211526,0.0052898161562742,0.029646284700395,0.1062114148922765,2076.525018310547,2033.729006347656,2095.2020045653226,64.03785395515655,43.56357654526482,30.317920716994543,13.24565582827028,0.0171057175065708,0.4024064033118098,1.0570544446345482,1.079298172543631,2238.550048828125,0.0198405689421981
2019-04-26,1830.340087890625,2238.550048828125,0.0,2243.949951171875,2193.14990234375,2203.0,0.0,2716958,0.0198405689421981,0.0411618325109393,0.1290696901939056,2089.32001953125,2036.842009277344,2108.854199257018,78.66190773935753,49.480054079310776,34.15034738945779,15.329706689852983,0.0173456309913692,-0.3548756436503063,1.0714251660357683,1.0990297915263176,2260.35009765625,0.0097384683623835
2019-04-30,1848.165283203125,2260.35009765625,0.0,2266.949951171875,2230.10009765625,2238.550048828125,0.0,3488395,0.0097384683623835,0.0457563897932284,0.1486102289821678,2103.942523193359,2040.821013183593,2123.282380056945,77.98602755951434,55.29063092470369,38.378404096506976,16.912226828196715,0.0170560026686978,0.2839340909944136,1.0743402316074184,1.10756900436369,2215.39990234375,-0.0198863863430309
2019-05-02,1811.4119873046875,2215.39990234375,0.0,2259.39990234375,2211.10009765625,2255.0,0.0,2457699,-0.0198863863430309,0.0280039220195569,0.1075337940633662,2114.6975158691407,2043.8110131835936,2132.055477417593,68.02041449453444,55.6272139447442,41.82816606615442,13.799047878589777,0.0179193462397459,-0.2954642464514483,1.047620232075234,1.0839553598905785,2132.0,-0.0376455294845495
2019-05-03,1743.219970703125,2132.0,0.0,2186.050048828125,2125.0,2185.0,0.0,3780886,-0.0376455294845495,-0.0235636045352271,0.0493933376221522,2119.7150146484373,2045.4190112304689,2132.050193854013,54.36422413793103,48.60400656328284,43.183334165580106,5.420672397702731,0.0201213640686064,0.5383844807683935,1.0057955834943215,1.042329218753788,2157.85009765625,0.0121248112834193
2019-05-06,1764.35595703125,2157.85009765625,0.0,2165.0,2108.5,2110.0,0.0,2891422,0.0121248112834193,-0.0169247846668565,0.0377771591321778,2123.642517089844,2047.684013671875,2134.507327549464,63.40630089740864,44.60971789724317,43.46861091191273,1.1411069853304454,0.0196576857436413,-0.2352527952442893,1.0161079749963204,1.053800334059759,2151.949951171875,-0.0027342707868277
2019-05-07,1759.532470703125,2151.949951171875,0.0,2184.35009765625,2138.800048828125,2160.050048828125,0.0,2201698,-0.0027342707868277,-0.0386857991857653,0.0349395953627253,2127.275012207031,2050.129013671875,2136.1685297992176,65.62830381850121,40.501249645640655,42.87513865865832,-2.37388901301766,0.0196821075748681,-0.2385414512305709,1.0115993178236244,1.0496656243685043,2152.85009765625,0.0004182934105343
2019-05-08,1760.2679443359375,2152.85009765625,0.0,2168.0,2130.39990234375,2151.0,0.0,1824895,0.0004182934105343,-0.0475590042938331,0.0686771395662695,2134.192517089844,2053.7800146484374,2137.7572505475064,66.48397103243492,36.89261811797496,41.67863455052165,-4.786016432546688,0.0180922068635783,-0.1711420004015083,1.008742220027951,1.0482379233906272,2172.550048828125,0.00915063765625
2019-05-09,1776.3756103515625,2172.550048828125,0.0,2184.10009765625,2136.10009765625,2145.0,0.0,2264162,0.00915063765625,-0.0193418143019201,0.0606600581155509,2140.405017089844,2059.1350146484374,2141.070850383756,58.69915563476509,35.21642008444951,40.38619165730722,-5.169771572857712,0.0178762659987831,0.2407080955342636,1.0150182005188844,1.055078969262757,2135.800048828125,-0.0169156057048365
2019-05-10,1746.327392578125,2135.800048828125,0.0,2192.0,2125.85009765625,2175.0,0.0,2039633,-0.0169156057048365,0.0017823868799835,0.0314137625633828,2143.65751953125,2063.556015625,2140.56886928322,50.55741314575074,30.570208860639468,38.42299509797367,-7.8527862373342,0.0183125793409797,-0.0991664907369702,0.9963345494177432,1.0350094849163782,2128.75,-0.0033008936543442
2019-05-13,1740.5628662109375,2128.75,0.0,2167.0,2121.64990234375,2133.0,0.0,1701744,-0.0033008936543442,-0.0134856900800741,0.0178101840784126,2145.52001953125,2067.8470166015627,2139.443262684818,46.93612947587779,26.0192393758025,35.94224395353944,-9.92300457773694,0.0182363702621142,-0.1656616656035669,0.992183704007146,1.0294523641785307,2092.35009765625,-0.0170991907662947
2019-05-14,1710.8009033203125,2092.35009765625,0.0,2159.800048828125,2072.35009765625,2135.0,0.0,2456110,-0.0170991907662947,-0.0276957433341649,0.0255361341287831,2148.1250244140624,2071.181018066406,2134.958199348764,40.7273496875514,19.25345353119156,32.60448586906986,-13.351032337878308,0.0177593978012279,0.4432899425530514,0.9740355304631182,1.0102207771340077,2095.39990234375,0.0014575976988344
2019-05-15,1713.2943115234375,2095.39990234375,0.0,2124.0,2084.5,2097.0,0.0,2346876,0.0014575976988344,-0.0266856458677937,0.037583511930552,2151.92001953125,2073.386015625,2131.190742491144,41.922802025060015,13.976500852721983,28.87888886580029,-14.902388013078305,0.0175494044631486,-0.0444743924335636,0.9737350288697942,1.0106173604687472,2108.75,0.0063711454989177
2019-05-16,1724.2099609375,2108.75,0.0,2124.0,2077.050048828125,2096.0,0.0,1946529,0.0063711454989177,-0.0293664345558063,0.0467858029287664,2156.63251953125,2074.7870166015623,2129.053528920558,39.45513008295394,10.747824910798954,25.252676074800025,-14.50485116400107,0.0175423559659483,-0.1705871976193032,0.9777975528526032,1.0163693830386833,2095.449951171875,-0.0063070770969175
2019-05-17,1713.335205078125,2095.449951171875,0.0,2135.0,2090.0,2112.60009765625,0.0,1947908,-0.0063070770969175,-0.018892263664096,-0.0084465514805378,2155.7400146484374,2075.534013671875,2125.8531881825884,36.01630482869024,7.03478060635598,21.60909698111121,-14.574316374755238,0.0137605073703639,0.0007084405112895,0.9720327761850288,1.0095955726905994,2143.949951171875,0.0231453869718418
2019-05-20,1752.99072265625,2143.949951171875,0.0,2151.39990234375,2050.0,2125.0,0.0,2625116,0.0231453869718418,0.0071403176379918,0.0056993630103483,2156.347509765625,2078.744013671875,2127.576689419663,36.89387707610632,7.914477739839185,18.870173132856813,-10.955695393017628,0.0146107177309425,0.3476591296919567,0.994250667604547,1.0313679496230133,2109.75,-0.0159518421375375
2019-05-21,1725.02734375,2109.75,0.0,2148.699951171875,2102.550048828125,2148.050048828125,0.0,1863157,-0.0159518421375375,0.0083159612548782,-0.0187437724298977,2154.3325073242186,2081.0310131835936,2125.878909474933,29.82855887165657,5.785304429115968,16.253199392108645,-10.467894962992675,0.0149138964299145,-0.2902572686311767,0.97930565167046,1.0138003646435194,2081.75,-0.0132717146581348
2019-05-22,1702.1336669921875,2081.75,0.0,2121.949951171875,2075.0,2110.0,0.0,2595795,-0.0132717146581348,-0.006514223050446,-0.036873373417073,2150.347509765625,2082.904013671875,2121.676156191606,31.24738800090435,1.81760107251921,13.366079728190758,-11.548478655671548,0.0150886198787727,0.3932239741471062,0.968099337686539,0.9994459592644211,2054.050048828125,-0.0133060891902846
2019-05-23,1679.4849853515625,2054.050048828125,0.0,2115.35009765625,2050.0,2098.0,0.0,2541294,-0.0133060891902846,-0.0259395144857735,-0.0468666609645199,2145.297509765625,2083.993015136719,2115.2355745379414,37.03643552425043,-3.521394540491201,9.988584874454366,-13.509979414945567,0.0153074070375135,-0.0209958798749516,0.9574662905624364,0.985631925783288,2048.0,-0.0029454242517491
2019-05-24,1674.5379638671875,2048.0,0.0,2070.0,2032.25,2070.0,0.0,2274208,-0.0029454242517491,-0.0226442779725369,-0.0620348321238954,2138.525012207031,2084.687014160156,2108.832186486709,30.443286548060527,-8.146863436797503,6.361495212203993,-14.508358649001496,0.01486843252734,-0.1050984262348236,0.9576694162143063,0.9824016680149292,2055.14990234375,0.0034911632537841
2019-05-27,1680.384033203125,2055.14990234375,0.0,2068.949951171875,2040.0999755859373,2054.800048828125,0.0,2329820,0.0034911632537841,-0.0414189000912018,-0.0637130285449886,2131.532507324219,2085.336013183594,2103.719587996904,32.84294592468417,-11.107601975577836,2.867675774647628,-13.975277750225464,0.014820432471047,0.0244533481546103,0.9641654046006766,0.9855245818184668,2073.75,0.0090504822227506
2019-05-28,1695.59228515625,2073.75,0.0,2097.5,2045.0,2060.0,0.0,5872979,0.0090504822227506,-0.0170636331318876,-0.0736191039884935,2123.2925048828124,2086.515012207032,2100.8653415210083,36.8078470333393,-11.81691808921687,-0.0692429981252717,-11.747675091091596,0.0141180137916556,1.5207865843713249,0.9766671314626306,0.9938821373762708,2107.550048828125,0.0162989988321278
2019-05-29,1723.2288818359375,2107.550048828125,0.0,2123.699951171875,2077.10009765625,2080.0,0.0,3281320,0.0162989988321278,0.0123934424537648,-0.067600169100602,2115.6525024414063,2088.417014160156,2101.5019803121622,39.646380977713896,-9.541684162454658,-1.963731230991149,-7.577952931463509,0.0145177502827541,-0.441285248934144,0.9961702341930296,1.0091615010499533,2146.300048828125,0.0183862774796481
2019-05-30,1754.9127197265625,2146.300048828125,0.0,2156.550048828125,2114.39990234375,2123.0,0.0,4971725,0.0183862774796481,0.044911271783582,-0.0311906908736981,2112.197509765625,2091.3330151367186,2105.768463027968,51.66191884234493,-4.559188246473241,-2.4828226340875674,-2.0763656123856733,0.0147498162198728,0.5151600575378201,1.0161455256456031,1.026283252496644,2196.550048828125,0.0234123835702451
2019-05-31,1795.9993896484375,2196.550048828125,0.0,2204.949951171875,2152.25,2160.0,0.0,4265370,0.0234123835702451,0.0725342035293579,0.0302767583621599,2115.425012207031,2095.516015625,2114.4143283422686,59.44027798457106,3.404980214725583,-1.3052620643249373,4.7102422790505205,0.0130963263972926,-0.1420744309067778,1.0383492849677785,1.048214393232872,2242.300048828125,0.02082811635656
2019-06-03,1833.40625,2242.300048828125,0.0,2247.64990234375,2185.64990234375,2201.0,0.0,3682419,0.02082811635656,0.091063988213679,0.0391361528141367,2119.647509765625,2099.563017578125,2126.5939207694933,70.34875438237285,13.255482795838816,1.6068869077078136,11.648595888131002,0.0136002705662096,-0.1366706756975362,1.0578645923425551,1.067984161492161,2183.10009765625,-0.0264014404329224
2019-06-04,1799.4471435546875,2183.10009765625,18.0,2224.0,2175.0,2224.0,0.0,2408658,-0.0264014404329224,0.0527306076702833,0.0144753117828839,2121.205017089844,2102.769018554688,2131.9754614253748,60.32738755791583,16.099550162819924,4.505419558730236,11.594130604089688,0.0149930224916658,-0.3459033314785742,1.0291792071335577,1.0382025217190889,2166.10009765625,-0.0077870914019246
2019-06-06,1785.4345703125,2166.10009765625,0.0,2199.0,2152.0,2199.0,0.0,3735467,-0.0077870914019246,0.0277810953342156,0.0061546319525103,2121.867517089844,2105.63501953125,2135.225426780696,56.69586662653241,16.788212058171666,6.961978058618523,9.826233999553144,0.0151165110680293,0.5508498923466927,1.0208460614105972,1.0287158399077447,2181.75,0.0072249211200734
2019-06-07,1798.33447265625,2181.75,0.0,2189.800048828125,2142.10009765625,2174.0,0.0,2659446,0.0072249211200734,0.0165167732215403,0.0042346325585629,2122.327514648437,2108.9690185546874,2139.656338515868,60.0209101470344,18.38486857844009,9.246556162582838,9.138312415857254,0.0150639838732427,-0.2880552819767916,1.0279987348519135,1.0345102184076609,2231.5,0.0228027959207057
2019-06-10,1839.3411865234373,2231.5,0.0,2235.85009765625,2185.5,2196.699951171875,0.0,2080593,0.0228027959207057,0.0159112928888285,0.044807542365393,2127.112512207031,2113.4860180664064,2148.403353895309,60.1366306038306,23.394957093425543,12.07623634875138,11.318720744674168,0.0152887300330264,-0.2176592418120164,1.0490747373229727,1.0558385439623408,2252.800048828125,0.0095451708842146
2019-06-11,1856.8983154296875,2252.800048828125,0.0,2263.949951171875,2231.0,2237.0,0.0,3048937,0.0095451708842146,0.0046826917769045,0.0582736576996476,2133.3150146484377,2118.8570190429687,2158.345896269863,67.07245082950713,28.75278011460705,15.411545101922515,13.341235012684534,0.0153106514979651,0.4654173113146108,1.056009090715268,1.0632147561545493,2260.89990234375,0.0035954604670034
2019-06-12,1863.57373046875,2260.89990234375,0.0,2266.89990234375,2219.0,2245.0,0.0,2404448,0.0035954604670034,0.0356373053031442,0.0805552593116714,2141.7425048828127,2124.4220166015625,2168.112944467376,72.44706052218771,33.268979854789904,18.983032052496,14.285947802293911,0.0145657362663044,-0.211381540517236,1.055635725204724,1.06424236082834,2254.10009765625,-0.0030075655629208
2019-06-13,1857.9696044921875,2254.10009765625,0.0,2285.0,2243.050048828125,2264.0,0.0,3320916,-0.0030075655629208,0.0406260080479277,0.0757374261280581,2149.6775146484374,2130.146018066406,2176.3021971520307,76.45117409053258,35.88574474903771,22.363574591804337,13.522170157233376,0.0146404935465688,0.3811552589201347,1.048575929317887,1.058190414431007,2254.5,0.0001774110848784
2019-06-14,1858.2991943359373,2254.5,0.0,2263.10009765625,2234.0,2257.25,0.0,2131408,0.0001774110848784,0.0333447920247507,0.0691167753408417,2156.9650146484373,2135.230017089844,2183.749606947076,77.7181571389434,37.558863360282885,25.402632345500045,12.15623101478284,0.0146478301820341,-0.3581867171587598,1.0452186218548658,1.0558581426617035,2249.199951171875,-0.0023508755059326
2019-06-17,1853.9307861328125,2249.199951171875,0.0,2262.0,2241.449951171875,2256.0,0.0,1489497,-0.0023508755059326,0.0079318625014004,0.0733732628231067,2164.6525146484373,2139.581015625,2189.982973063723,76.17701710138647,38.0188941222882,27.92588470085768,10.093009421430525,0.0145354276146038,-0.3011675849954584,1.0390582026220356,1.0512338325804662,2250.85009765625,0.000733659310065
2019-06-18,1855.291015625,2250.85009765625,0.0,2260.0,2231.199951171875,2244.0,0.0,1877447,0.000733659310065,-0.0008655677954594,0.0498613068956874,2169.997521972656,2143.0120166015627,2195.779842072535,75.03537522588375,38.07768895027903,29.956245550741947,8.121443399537078,0.0137983081675673,0.2604570536228002,1.0372592940152734,1.0503208009191192,2259.89990234375,0.0040206163426534
2019-06-19,1862.750244140625,2259.89990234375,0.0,2276.0,2243.14990234375,2255.0,0.0,1652817,0.0040206163426534,-0.0004423017573503,0.0711695235661808,2177.505017089844,2146.624013671875,2201.886514479317,73.15703028922121,38.4117412384453,31.64734468828262,6.764396550162683,0.0130954422545687,-0.1196465199816559,1.037839125332544,1.052769319615554,2277.949951171875,0.0079871010257601
2019-06-20,1877.628173828125,2277.949951171875,0.0,2284.0,2212.0,2230.0,0.0,2199377,0.0079871010257601,0.0105806541335158,0.0942476047421039,2187.3150146484377,2151.8930126953123,2209.13065130718,71.35443809946221,39.675612410751455,33.25299823277639,6.422614177975063,0.0125100196533412,0.3306839172152755,1.0414366179157806,1.0585795565731553,2249.85009765625,-0.0123355886292274
2019-06-21,1854.4666748046875,2249.85009765625,0.0,2292.5,2242.0,2285.0,0.0,3871804,-0.0123355886292274,-0.0020624982673541,0.0953238938553773,2197.105017089844,2155.924013671875,2213.008693816615,59.31495405179616,37.97209738027777,34.19681806227667,3.775279318001104,0.0124386366545321,0.7604094250326342,1.0240066269732837,1.0435665094821245,2275.5,0.0114007161501428
2019-06-24,1875.608642578125,2275.5,0.0,2280.0,2250.800048828125,2254.14990234375,0.0,1382424,0.0114007161501428,0.0116930683794573,0.111083984375,2208.480017089844,2160.019013671875,2218.960246786461,56.24060950884461,38.25085020855022,35.00762449153138,3.243225717018838,0.0123919696618942,-0.6429509344997836,1.0303466557956316,1.0534629489820164,2267.800048828125,-0.0033838502183586
2019-06-25,1869.2618408203125,2267.800048828125,0.0,2274.449951171875,2250.5,2270.0,0.0,1386077,-0.0033838502183586,0.0075304664622155,0.1034718422446279,2219.1125244140626,2163.5450146484377,2223.611656504715,69.74364577749095,37.41909805506885,35.48991920423887,1.9291788508299703,0.0125408152486897,0.0026424599109969,1.021940088156151,1.048187134297563,2254.199951171875,-0.0059970444322363
2019-06-26,1858.0518798828125,2254.199951171875,0.0,2266.800048828125,2250.0,2265.0,0.0,1762224,-0.0059970444322363,-0.0025222139998163,0.0870162513185655,2228.1350219726564,2167.824013671875,2226.524827425397,70.86691578106152,35.25610384195579,35.44315613178226,-0.1870522898264681,0.0127355151160267,0.2713752554872493,1.011698092324828,1.0398445339452145,2252.550048828125,-0.0007319236888867
2019-06-27,1856.69189453125,2252.550048828125,0.0,2264.0,2241.300048828125,2255.0,0.0,2813464,-0.0007319236888867,-0.0111503338037269,0.0688002641173932,2235.3850219726564,2172.4850146484373,2229.0034199399424,67.9604964084829,33.02805515364071,34.96013593615395,-1.9320807825132391,0.0124542698072705,0.5965416428331473,1.0076787786832002,1.036854124949002,2227.199951171875,-0.0112539553424965
2019-06-28,1835.796875,2227.199951171875,0.0,2261.949951171875,2222.5,2260.0,0.0,2372928,-0.0112539553424965,-0.0100674024940463,0.0376927272530795,2239.430017089844,2176.739013671875,2228.8316610096504,48.75504858088403,28.883814856557365,33.74487172023463,-4.861056863677263,0.0123408693626836,-0.156581353093553,0.9945387594947656,1.023181896030282,2239.550048828125,0.0055451229916523
2019-07-01,1845.9765625,2239.550048828125,0.0,2255.0,2206.60009765625,2235.0,0.0,2769940,0.0055451229916523,-0.015798704096627,0.0195761530782969,2241.580017089844,2179.264013671875,2229.852459849505,45.95418640919135,26.29293563504916,32.25448450319753,-5.96154886814837,0.011306826705506,0.1673089111848315,0.999094402945136,1.0276634839918606,2252.10009765625,0.0056038260161641
2019-07-02,1856.3211669921875,2252.10009765625,0.0,2257.0,2216.449951171875,2244.89990234375,0.0,1771746,0.0056038260161641,-0.0069229874035798,0.0043705341010211,2242.07001953125,2181.6700146484377,2231.9712824977664,47.38412009068926,24.964553409216023,30.79649828440123,-5.831944875185208,0.0103781797752535,-0.3603666505411669,1.004473579343029,1.0322826470249498,2237.64990234375,-0.0064163201837867
2019-07-03,1844.409912109375,2237.64990234375,0.0,2258.800048828125,2232.0,2252.199951171875,0.0,1656881,-0.0064163201837867,-0.0073418725874433,0.024987312650512,2244.797509765625,2183.42201171875,2232.51210343548,45.32266528942831,22.4865796357376,29.134514554668502,-6.647934918930908,0.0084598794128514,-0.0648315277697819,0.9968159233112204,1.0248361930648089,2242.64990234375,0.0022344871710104
2019-07-04,1848.5318603515625,2242.64990234375,0.0,2252.0,2230.10009765625,2234.0,0.0,984140,0.0022344871710104,-0.004395083913685,0.0353399202420645,2248.625,2185.046010742188,2233.47760809341,46.71651847321965,20.687750273203164,27.44516169837544,-6.757411425172275,0.0081876892046037,-0.4060285560640746,0.9973427771832788,1.026362781981875,2163.10009765625,-0.0354713433444801
2019-07-05,1782.9619140625,2163.10009765625,0.0,2250.0,2140.0,2247.0,0.0,4088470,-0.0354713433444801,-0.0287804664695228,-0.0085481390368969,2247.6925048828125,2185.20701171875,2226.774988051776,33.09778758898865,12.69679982579646,24.495489323859644,-11.798689498063183,0.0115615398305547,3.154358119779706,0.9623647776362662,0.9898833776644748,2175.39990234375,0.0056861930249214
2019-07-08,1793.0997314453125,2175.39990234375,0.0,2188.800048828125,2132.10009765625,2149.0,0.0,2788062,0.0056861930249214,-0.0286442120451572,-0.025140084094219,2244.8875,2185.046010742188,2221.882122746249,35.78287047600821,7.272571788503228,21.05090581678836,-13.778334028285132,0.0103235360439835,-0.3180671498139891,0.969046289555156,0.9955853980414988,2133.35009765625,-0.0193296895169463
2019-07-09,1758.439697265625,2133.35009765625,0.0,2174.39990234375,2104.550048828125,2174.0,0.0,3977224,-0.0193296895169463,-0.0527285621645248,-0.0530228820058891,2238.915002441406,2183.8130126953124,2213.4505013091066,28.79169257962096,-0.4144582076778533,16.75783301189512,-17.172291219572973,0.0107489598067554,0.4265192094006518,0.9528499721204048,0.9768922912604224,2108.199951171875,-0.0117890385230279
2019-07-10,1737.7095947265625,2108.199951171875,0.0,2127.85009765625,2071.300048828125,2080.0,0.0,6343581,-0.0117890385230279,-0.0578508510362979,-0.0675394567506413,2231.2800048828126,2181.206010742188,2203.426639391275,22.213101520075583,-8.438616377711242,11.718543133973848,-20.157159511685087,0.0108275794984656,0.5949770493188213,0.9448388129496988,0.9665294982634532,2102.550048828125,-0.0026799651240905
2019-07-11,1733.0526123046875,2102.550048828125,0.0,2129.0,2086.050048828125,2128.0,0.0,2400346,-0.0026799651240905,-0.0624706751460445,-0.0672330607614553,2223.702502441406,2178.050009765625,2193.819345051927,23.97523393954451,-15.07988787877457,6.358856931424165,-21.43874481019873,0.0108285061680158,-0.6216102545234309,0.9455176879639846,0.965335983747396,2107.60009765625,0.0024018685457403
2019-07-12,1737.21533203125,2107.60009765625,0.0,2119.75,2093.10009765625,2102.10009765625,0.0,1560725,0.0024018685457403,-0.0256576198485382,-0.0651585284292526,2216.3575073242187,2175.894013671875,2185.6079881571004,18.006866457633578,-19.70845979925889,1.145393585287554,-20.853853384546444,0.0108786820201915,-0.3497916550363989,0.9509296630581632,0.9686133995559932,2145.699951171875,0.0180773637076567
2019-07-15,1768.61962890625,2145.699951171875,0.0,2153.60009765625,2098.0,2125.0,0.0,2900415,0.0180773637076567,-0.0136526397467778,-0.0460163623719067,2211.182507324219,2176.1680126953124,2181.8072227299363,29.14955957935743,-20.07093142461099,-3.097871416692155,-16.973060007918836,0.0118855315077072,0.8583767159493184,0.9703857298366632,0.9859992145157482,2106.0,-0.0185020981848803
2019-07-16,1739.950927734375,2106.0,5.0,2132.5,2100.0,2126.0,0.0,2735399,-0.0185020981848803,-0.0128202575312403,-0.0643535070625442,2203.9400024414062,2175.131010742188,2174.587487231848,26.76385857436728,-23.29313827385885,-7.136924788125496,-16.15621348573336,0.0123957481592333,-0.056893927248342,0.9555614026094568,0.9682175416557558,2117.25,0.0053418803418803
2019-07-17,1749.2454833984375,2117.25,0.0,2125.0,2092.10009765625,2108.0,0.0,1802969,0.0053418803418803,0.0042927848580465,-0.063122221562029,2196.807507324219,2174.43701171875,2169.126774162148,29.406369956931627,-24.65477454294023,-10.640494739088442,-14.014279803851789,0.0124399597044622,-0.340875316544314,0.9637849438064228,0.9737003135015866,2065.949951171875,-0.0242295661013697
2019-07-18,1706.862060546875,2065.949951171875,0.0,2116.199951171875,2060.0,2116.199951171875,0.0,3072096,-0.0242295661013697,-0.0174074798726666,-0.0930661360188963,2186.2075073242186,2172.699008789062,2159.3004100678363,27.25347252356687,-29.532929081439303,-14.418981607558615,-15.11394747388069,0.0129913822961775,0.7039094959480723,0.944992615865851,0.9508679954354636,2076.949951171875,0.0053244271448882
2019-07-19,1715.949951171875,2076.949951171875,0.0,2097.0,2062.5,2077.0,0.0,1953177,0.0053244271448882,-0.0145426765345377,-0.0768496295217585,2177.5625,2170.787006835937,2151.457509220602,26.97532178751792,-32.14079455654337,-17.963344197355568,-14.177450359187802,0.0130516529874492,-0.3642200634355176,0.9537957928518124,0.9567727946737457,2109.89990234375,0.0158645860259096
2019-07-22,1743.173095703125,2109.89990234375,0.0,2117.449951171875,2068.800048828125,2077.0,0.0,1920167,0.0158645860259096,-0.016684554990353,-0.0727752571550208,2169.2824951171874,2170.26900390625,2147.4996418989967,30.96380438917701,-31.18923100843768,-20.60852155957199,-10.580709448865685,0.0133617153539084,-0.0169006700365609,0.9726256986321048,0.9721835857887468,2112.449951171875,0.0012086112830718
2019-07-23,1745.2794189453125,2112.449951171875,0.0,2130.0,2102.39990234375,2127.89990234375,0.0,3538588,0.0012086112830718,0.0030626548774335,-0.0685025550363341,2161.514990234375,2169.943002929688,2144.161576115461,32.68802945896695,-29.88484848151348,-22.46378694396029,-7.421061537553182,0.0134065534373538,0.8428542934026051,0.9773006251244272,0.9735048101815624,2096.800048828125,-0.007408413314156
2019-07-24,1732.35009765625,2096.800048828125,0.0,2120.800048828125,2076.5,2110.0,0.0,2413196,-0.007408413314156,-0.0096587323990435,-0.0698251733445046,2153.644995117188,2170.032001953125,2139.6509544690484,30.40965205055573,-29.770753543607043,-23.925180263889644,-5.845573279717399,0.0134243375606208,-0.3180341989516722,0.9736052383666096,0.9662530538447875,2127.89990234375,0.0148320549367624
2019-07-25,1758.0440673828125,2127.89990234375,0.0,2135.0,2092.550048828125,2108.89990234375,0.0,2544464,0.0148320549367624,0.029986181967639,-0.0553373482419284,2147.412487792969,2170.682001953125,2138.531806647592,44.56450438142115,-26.861195080541165,-24.51238322721995,-2.348811853321216,0.0140321989314754,0.0543959131375984,0.9909134432438392,0.9802909410172098,2109.050048828125,-0.0088584305562789
2019-07-26,1742.4705810546875,2109.050048828125,0.0,2129.800048828125,2095.0,2129.800048828125,0.0,1720592,-0.0088584305562789,0.015455402590774,-0.0530486282929305,2141.504992675781,2170.688002929688,2135.7240201885947,39.9576235800315,-25.77920801721393,-24.765748185218747,-1.0134598319951849,0.0139658393023892,-0.3237900005659345,0.9848447965525852,0.971604415734379,2130.0,0.0099333589468471
2019-07-29,1759.779296875,2130.0,0.0,2142.0,2103.300048828125,2110.800048828125,0.0,1647090,0.0099333589468471,0.0095265645701589,-0.0489160976265963,2136.027490234375,2171.37900390625,2135.1788754087283,49.45835037254694,-22.96649603061496,-24.405897754297992,1.43940172368303,0.0141344588252676,-0.04271901764044,0.9971781775927828,0.9809434447732016,2179.14990234375,0.0230750715228873
2019-07-30,1800.3863525390625,2179.14990234375,0.0,2185.0,2120.449951171875,2130.0,0.0,2851672,0.0230750715228873,0.0315746894428781,-0.0323920750185211,2132.37998046875,2172.083002929688,2139.366592259683,60.64517736040364,-16.580287922175557,-22.840775787873508,6.26048786569795,0.0151585294270219,0.7313395139306291,1.0219332024795686,1.0032535125980593,2205.699951171875,0.0121836725410993
2019-07-31,1822.32177734375,2205.699951171875,0.0,2211.699951171875,2147.14990234375,2171.75,0.0,3000677,0.0121836725410993,0.051936236077738,-0.0142783512015932,2130.7824829101564,2174.002001953125,2145.6840550132247,64.56304856762324,-9.269946757796331,-20.12660998185808,10.85666322406174,0.0154117610697949,0.0522518017499908,1.0351596039776894,1.0145804599951025,2180.050048828125,-0.0116289173104086
2019-08-01,1801.1304931640625,2180.050048828125,0.0,2217.5,2166.25,2200.0,0.0,2375236,-0.0116289173104086,0.0245078005910592,-0.027913341913155,2127.652490234375,2175.9680029296874,2148.95700680512,59.66645667383075,-5.482977123578621,-17.197883410202184,11.714906286623563,0.0155880735163598,-0.2084332968860027,1.0246269345366537,1.001875967795915,2205.300048828125,0.0115823028987673
2019-08-02,1821.99169921875,2205.300048828125,0.0,2210.0,2165.5,2173.0,0.0,2500816,0.0115823028987673,0.0456366599993587,0.0195090145008081,2129.762487792969,2178.9930029296875,2154.3230108073108,58.23434569666878,-0.4392490383816039,-13.84615653583807,13.406907497456466,0.0135805484188331,0.0528705358120203,1.0354675986022432,1.0120730290841078,2248.60009765625,0.0196345385523091
2019-08-05,1857.7646484375,2248.60009765625,0.0,2252.25,2195.60009765625,2199.89990234375,0.0,3039682,0.0196345385523091,0.0556807970217136,0.0336490753877642,2133.422497558594,2183.0050048828125,2163.3017809834005,69.50756335975355,6.971530411106414,-9.682619146449174,16.654149557555588,0.0141760335951471,0.2154760686112053,1.053987243609487,1.030048072554446,2214.89990234375,-0.0149871892950756
2019-08-06,1829.922607421875,2214.89990234375,0.0,2251.949951171875,2211.449951171875,2232.800048828125,0.0,2885467,-0.0149871892950756,0.0164054799357995,0.0382261705554529,2137.499987792969,2186.2000048828127,2168.215887779624,62.58538163245528,10.009914337644204,-5.744112449630498,15.754026787274702,0.0138660155790789,-0.050733925456676,1.036210486546341,1.0131277547327953,2213.449951171875,-0.0006546350786962
2019-08-07,1828.7247314453125,2213.449951171875,0.0,2238.5,2207.25,2230.0,0.0,2165362,-0.0006546350786962,0.0035136238706821,0.0499241070286029,2142.762487792969,2188.99400390625,2172.5238938169814,71.81309825714732,12.160675846575032,-2.163154790389392,14.323830636964423,0.0135033461449578,-0.2495627224293329,1.032988940109603,1.01117223127244,2258.10009765625,0.0201721961053313
2019-08-08,1865.6138916015625,2258.10009765625,0.0,2281.0,2218.89990234375,2228.89990234375,0.0,2073298,0.0201721961053313,0.0358019527441952,0.0739816152841745,2150.539990234375,2192.0050048828125,2180.6740084683406,74.36452796930689,17.268997251509973,1.7232756179904818,15.545721633519491,0.0139974876430556,-0.0425166785045641,1.0500153951613578,1.030152801944433,2246.25,-0.0052478176979618
2019-08-09,1855.823486328125,2246.25,0.0,2267.89990234375,2241.35009765625,2260.0,0.0,1744550,-0.0052478176979618,0.0185688796377778,0.0657856784586103,2157.4724853515627,2194.00400390625,2186.9193409951654,69.44248333521321,20.129138741470346,5.404448242686454,14.724690498783888,0.0141377218994276,-0.1585628308135154,1.0411488513764156,1.0238130814714694,2199.449951171875,-0.0208347462785197
2019-08-13,1817.1580810546875,2199.449951171875,0.0,2246.25,2194.300048828125,2245.0,0.0,1647281,-0.0208347462785197,-0.0218581092011892,0.0250501007704475,2160.1599853515627,2194.062001953125,2188.112732440566,61.01544967264499,18.4072612132245,8.005010836794064,10.402250376430436,0.0146627338639021,-0.0557559255968587,1.018188451821506,1.0024556959711957,2204.39990234375,0.0022505404904702
2019-08-14,1821.2474365234373,2204.39990234375,0.0,2217.85009765625,2167.39990234375,2181.10009765625,0.0,1945002,0.0022505404904702,-0.0047406205530503,0.0467236003531577,2165.07998046875,2193.3039990234374,2189.6638914789646,64.00310608934582,17.243310408928664,9.852670751220984,7.39063965770768,0.0138990804433258,0.1807347987380416,1.0181609558213582,1.005058990146944,2165.10009765625,-0.0178278925914103
2019-08-16,1788.778076171875,2165.10009765625,0.0,2241.39990234375,2143.25,2241.39990234375,0.0,3755507,-0.0178278925914103,-0.021843662419395,0.0226001169707166,2167.4724853515627,2192.9439990234373,2187.324482543468,54.7400872286548,12.999851024121654,10.482106805801118,2.5177442183205354,0.0145875593969186,0.9308499425707532,0.9989054589106224,0.9873029583155856,2163.0,-0.0009699771657316
2019-08-19,1787.0435791015625,2163.0,0.0,2186.0,2157.699951171875,2180.0,0.0,974884,-0.0009699771657316,-0.0421150939034798,0.0469759922175632,2172.324987792969,2192.8819970703125,2185.007865158376,57.18087716413536,9.359527749781591,10.257590994597214,-0.8980632448156225,0.013324381780934,-0.7404121467487612,0.9957073698247872,0.986373185100596,2186.75,0.0109801202034212
2019-08-20,1806.6654052734373,2186.75,0.0,2205.0,2166.5,2172.0,0.0,1843611,0.0109801202034212,-0.0264885920979409,0.0528660061192964,2177.814990234375,2192.9819970703124,2185.17378276234,57.49768406819549,8.295348230002219,9.865142441678216,-1.5697942116759975,0.0134495400189608,0.8911080702934914,1.0041027405016911,0.9971582087410484,2186.199951171875,-0.0002515371341602
2019-08-21,1806.2110595703125,2186.199951171875,0.0,2202.0,2182.25,2184.949951171875,0.0,1214408,-0.0002515371341602,-0.0060242334647989,0.0361628761361467,2181.629992675781,2192.07599609375,2185.271513087058,51.0686738703558,7.323176925025564,9.356749338347688,-2.0335724133221227,0.0130952010043853,-0.3412883737404474,1.002094744989497,0.9973194155073336,2216.0,0.013630980465511
2019-08-22,1830.8314208984373,2216.0,0.0,2235.64990234375,2170.0,2187.0,0.0,2131601,0.013630980465511,0.0052622474007173,0.0490189359377157,2186.8074951171875,2191.339995117188,2188.1980356501954,51.54608800047495,8.855261114822497,9.25645169364265,-0.4011905788201524,0.0133547520364129,0.7552593527051864,1.0133493711485784,1.011253390591036,2247.699951171875,0.0143050321172721
2019-08-23,1857.0213623046875,2247.699951171875,0.0,2259.89990234375,2213.89990234375,2214.949951171875,0.0,2826425,0.0143050321172721,0.0381505934090717,0.0719667583125467,2194.352490234375,2191.07599609375,2193.8648847474983,59.97343718506148,12.483468352848831,9.901855025483886,2.581613327364945,0.0133910892465704,0.3259634425016689,1.0243112540828851,1.025842990009965,2276.300048828125,0.0127241617108808
2019-08-26,1880.6505126953125,2276.300048828125,0.0,2282.0,2225.0,2247.0,0.0,2345475,0.0127241617108808,0.0523809749552126,0.069740191406993,2201.772497558594,2191.519995117188,2201.715852755177,60.36494872697775,17.46530838538729,11.414545697464568,6.05076268792272,0.0133057756667031,-0.1701619537047684,1.0338488882716856,1.0386855031666749,2236.5,-0.0174845354190519
2019-08-27,1847.768310546875,2236.5,0.0,2274.85009765625,2229.0,2270.0,0.0,3432106,-0.0174845354190519,0.0227506573682405,0.0604300268941893,2208.144995117188,2191.1599951171875,2205.028628683255,48.215327400028514,17.99449188458675,12.730534934889006,5.263956949697745,0.0138545989860802,0.46328824651723,1.0128410973670268,1.0206922383503938,2239.25,0.0012295998211491
2019-08-28,1850.0404052734373,2239.25,0.0,2252.14990234375,2216.0,2240.0,0.0,1294621,0.0012295998211491,0.024265872295756,0.0512910798122066,2213.607495117188,2190.96099609375,2208.287806903897,53.95229256586361,18.42340212601539,13.869108373114283,4.554293752901106,0.013762711560404,-0.6227910792965019,1.0115840341792188,1.022040102033922,2233.449951171875,-0.0025901747585687
2019-08-29,1845.248291015625,2233.449951171875,0.0,2248.199951171875,2222.199951171875,2222.199951171875,0.0,1670652,-0.0025901747585687,0.0078745267021096,0.0249179961276291,2216.3224975585936,2190.6129931640626,2210.684201596086,53.20102032522867,18.08680765507916,14.71264822950726,3.3741594255718965,0.0129234608771912,0.2904564347403603,1.0077278706650987,1.0195547813061858,2259.60009765625,0.0117084094365553
2019-08-30,1866.853271484375,2259.60009765625,0.0,2266.0,2218.0,2241.0,0.0,2583625,0.0117084094365553,0.005294366126658,0.0244367537188083,2219.0175048828123,2190.6069970703124,2215.342858363721,50.2551885005682,19.70302814349725,15.710724212305257,3.992303931191993,0.0129028364845362,0.5464770640444568,1.018288541070153,1.0314949695121982,2251.60009765625,-0.0035404494840913
2019-09-03,1860.24365234375,2251.60009765625,0.0,2296.199951171875,2236.949951171875,2270.0,0.0,2545060,-0.0035404494840913,-0.0108509206352611,0.03282036981976,2222.595007324219,2190.08,2218.795928772533,50.922270686488574,20.10658518549417,16.58989640694304,3.516688778551128,0.0125999006036831,-0.0149267018239876,1.0130501014518836,1.0280903426615695,2245.39990234375,-0.0027536840662575
2019-09-04,1855.121337890625,2245.39990234375,0.0,2270.0,2233.0,2265.0,0.0,2228092,-0.0027536840662575,0.0039793884836798,0.0181834002755922,2224.6,2189.99099609375,2221.32964054122,59.21023656494892,19.699025006169904,17.211722126788413,2.487302879381492,0.0124140127193377,-0.124542446936418,1.0093499516064686,1.025300974455526,2215.300048828125,-0.0134051192770636
2019-09-05,1830.2530517578125,2215.300048828125,0.0,2253.64990234375,2207.300048828125,2242.199951171875,0.0,2055943,-0.0134051192770636,-0.0106955235779279,-0.0148092356941699,2222.9349975585938,2188.7869970703123,2220.7553937114017,51.98472922740169,16.75409324612383,17.120196350655497,-0.3661031045316676,0.0119913383210472,-0.0772629675973882,0.9965653747235732,1.0121131255774547,2197.5,-0.0080350509799071
2019-09-06,1815.5467529296875,2197.5,0.0,2233.5,2192.60009765625,2216.0,0.0,1890550,-0.0080350509799071,-0.0160961525701582,-0.007855841397319,2222.0650024414062,2187.38099609375,2218.540594310316,56.4005980515096,12.835933775511876,16.263343835626774,-3.427410060114898,0.011650613617102,-0.0804462964196964,0.9889449667699116,1.0046260820242658,2182.85009765625,-0.0066666222269624
2019-09-09,1803.4434814453125,2182.85009765625,0.0,2202.85009765625,2179.800048828125,2200.0,0.0,1703945,-0.0066666222269624,-0.033966187238002,-0.0138245066256973,2220.535009765625,2185.953999023437,2215.141499390881,53.73613184033879,8.45121908848796,14.700918886199013,-6.249699797711052,0.0117366780201695,-0.0987040808230409,0.9830289043209668,0.9985800701347906,2154.0,-0.0132167104315713
2019-09-11,1779.6077880859375,2154.0,0.0,2195.0,2146.550048828125,2186.0,0.0,2627440,-0.0132167104315713,-0.0433469947695616,-0.0461007453851575,2215.3300048828123,2183.982998046875,2209.3184994488925,43.95199613343264,2.618158833044617,12.284366875568134,-9.666208042523516,0.0109716708057859,0.5419746529377415,0.9723156348049118,0.986271414166828,2133.60009765625,-0.009470706751973
2019-09-12,1762.7537841796875,2133.60009765625,0.0,2165.0,2120.35009765625,2155.0,0.0,2118859,-0.009470706751973,-0.0497905983565792,-0.0501502069421258,2209.697509765625,2182.1110009765625,2202.1072230876885,40.94979496748296,-3.609081825656176,9.105677135323273,-12.714758960979449,0.0110715693825837,-0.1935652193770362,0.9655620682138316,0.9777688195978104,2141.949951171875,0.0039135044682445
2019-09-13,1769.6522216796875,2141.949951171875,0.0,2157.949951171875,2115.550048828125,2135.0,0.0,2291174,0.0039135044682445,-0.0331106829953132,-0.0261428999415802,2206.822509765625,2180.158999023437,2196.377959095706,36.24372867795859,-7.780759761276386,5.728389756003342,-13.509149517279727,0.0102697820776708,0.0813244297992457,0.9706036356314672,0.9824741920801752,2150.0,0.0037582805441933
2019-09-16,1776.30322265625,2150.0,0.0,2173.39990234375,2126.39990234375,2159.949951171875,0.0,2597948,0.0037582805441933,-0.0216154721274175,-0.024677873686127,2204.1025146484376,2178.1169970703127,2191.9610106104005,30.101862726476256,-10.318329636099406,2.519045877582792,-12.8373755136822,0.010302494234074,0.1338938029150121,0.9754537212816224,0.9870911447327524,2122.64990234375,-0.0127209756540698
2019-09-17,1753.7066650390625,2122.64990234375,0.0,2156.550048828125,2105.60009765625,2154.949951171875,0.0,2796530,-0.0127209756540698,-0.0275787125177022,-0.0196065740140388,2201.9800048828124,2175.8169970703125,2185.359952680243,18.54657258890758,-14.37064055178871,-0.8588914082915085,-13.511749143497202,0.0099250061191204,0.076438019544656,0.9639732866042604,0.9755645374596528,2138.550048828125,0.0074907060588835
2019-09-18,1766.8431396484375,2138.550048828125,0.0,2142.949951171875,2113.14990234375,2126.39990234375,0.0,1454663,0.0074907060588835,-0.007172679281279,-0.0113037222246301,2200.7575073242188,2173.735,2180.9018665990893,27.77404147115688,-16.113372284110028,-3.909787583455212,-12.203584700654815,0.0101025084148801,-0.4798328642996857,0.9717336152260916,0.983813596794515,2101.949951171875,-0.0171144452178269
2019-09-19,1736.604736328125,2101.949951171875,0.0,2135.800048828125,2091.0,2135.0,0.0,1652691,-0.0171144452178269,-0.0148341512165951,-0.0387790322753515,2196.5175048828123,2172.5119970703126,2173.3826365584023,22.993742826820835,-20.21479812920097,-7.170789692604364,-13.044008436596608,0.0103690459285756,0.1361332487318368,0.956946596828518,0.967520526471848,2065.449951171875,-0.0173648283012878
2019-09-20,1706.4490966796875,2065.449951171875,0.0,2129.39990234375,2057.0,2104.89990234375,0.0,6941979,-0.0173648283012878,-0.035715120214712,-0.055232825311918,2190.4800048828124,2170.312998046875,2163.103333188257,20.51601094132405,-26.10947879838432,-10.958527513760355,-15.15095128462396,0.0109154356845118,3.2004095139381774,0.9429211618310908,0.9516829844499992,2015.800048828125,-0.0240382984422257
2019-09-23,1665.4285888671875,2015.800048828125,0.0,2099.0,1975.0,2099.0,0.0,6323401,-0.0240382984422257,-0.0624185819404069,-0.0903429382544562,2180.470007324219,2167.9619970703125,2149.0744489634826,10.473422012385925,-34.39095040652319,-15.645012092312925,-18.745938314210264,0.011181338617575,-0.0891068670763769,0.9244796039647571,0.9298133692159676,2044.699951171875,0.0143366909632485
2019-09-24,1689.3052978515625,2044.699951171875,0.0,2061.0,2013.0,2015.0,0.0,4620978,0.0143366909632485,-0.0367229429053777,-0.0903145457177959,2170.3200073242188,2166.6919970703125,2139.134020602377,18.58485942825284,-38.18195788511912,-20.152401250874163,-18.029556634244955,0.0111841672259336,-0.2692258485583944,0.9421191088280017,0.943696637056218,2088.449951171875,0.021396782434961
2019-09-25,1725.4512939453125,2088.449951171875,0.0,2092.0,2060.050048828125,2065.0,0.0,4002232,0.021396782434961,-0.0234271335775861,-0.0825243129757687,2160.9275024414064,2166.4099951171875,2134.3069663709007,28.60842117452418,-37.22696992236524,-23.56731498517238,-13.659654937192862,0.0120298911810879,-0.1338993606981033,0.9664599801762684,0.9640141782391032,2087.60009765625,-0.0004069302762789
2019-09-26,1724.7490234375,2087.60009765625,0.0,2107.0,2063.0,2097.89990234375,0.0,4234281,-0.0004069302762789,-0.0068269244506153,-0.0665771975603621,2153.4825073242187,2166.0099951171874,2129.8586931599816,31.0870843334112,-36.12231558900567,-26.07831510593904,-10.044000483066627,0.0116391874218264,0.0579798972173527,0.9694065731001316,0.9637998450433304,2056.14990234375,-0.0150652394334571
2019-09-27,1698.764892578125,2056.14990234375,0.0,2085.199951171875,2051.39990234375,2085.0,0.0,2046795,-0.0150652394334571,-0.0045026745009475,-0.081768492868706,2144.327502441406,2164.218994140625,2122.8388083203404,29.878989657473312,-37.35404283892012,-28.33346065253526,-9.020582186384864,0.0118680076829989,-0.5166133282132197,0.9588786694209434,0.95006554692965,2099.300048828125,0.0209858952575341
2019-09-30,1734.415283203125,2099.300048828125,0.0,2104.0,2060.0,2061.85009765625,0.0,2620039,0.0209858952575341,0.0414227591910925,-0.0600639840948137,2137.620007324219,2164.084995117188,2120.597021702034,38.99934231547384,-34.45120728566735,-29.55700997916168,-4.894197306505674,0.0131380955468712,0.2800690836160924,0.9820735404960672,0.9700635851016772,2059.949951171875,-0.0187443894350481
2019-10-01,1701.9046630859375,2059.949951171875,0.0,2095.949951171875,2039.699951171875,2095.949951171875,0.0,3342877,-0.0187443894350481,0.0074583070201863,-0.0883564072649227,2127.6375,2162.938994140625,2114.821110222971,37.950033313209865,-34.92333870472112,-30.630275724273567,-4.293062980447552,0.0131071004296001,0.2758882596785773,0.9681865219859468,0.9523846750889664,2060.25,0.0001456583097829
2019-10-03,1702.1524658203125,2060.25,0.0,2081.14990234375,2046.1500244140625,2070.0,0.0,2317618,0.0001456583097829,-0.0135028139678671,-0.0849840510557053,2118.069995117188,2162.8249951171874,2109.623861630307,40.09185191829756,-34.87131995324944,-31.478484570068744,-3.392835383180696,0.0131476462881828,-0.3066995884084278,0.9727015654579496,0.952573603805781,2079.35009765625,0.0092707669730616
2019-10-04,1717.9329833984375,2079.35009765625,0.0,2087.949951171875,2054.949951171875,2060.60009765625,0.0,2163251,0.0092707669730616,-0.0039519063106302,-0.0739511053305814,2109.7675048828123,2162.872998046875,2106.7406460137304,41.7826530331009,-32.90951604771453,-31.764690865597903,-1.1448251821166266,0.0134947741770443,-0.0666058858707517,0.9855825785750492,0.9613833542394544,2047.699951171875,-0.0152211724807908
2019-10-07,1691.7840576171875,2047.699951171875,0.0,2094.5,2041.0,2080.0,0.0,2177916,-0.0152211724807908,-0.0041095988002834,-0.0756557098190419,2101.3875,2161.6289990234377,2101.1177226954587,37.35477582257739,-33.522250986032304,-32.116202889684786,-1.4060480963475186,0.0135690827600291,0.0067791486055016,0.9744513808956584,0.9472948189060044,2020.0999755859373,-0.0134785252937777
2019-10-09,1668.9813232421875,2020.0999755859373,0.0,2060.0,2015.5,2060.0,0.0,2066920,-0.0134785252937777,-0.0377268953460935,-0.0807281112236918,2092.517498779297,2159.781999511719,2093.4017467802664,37.33171437731264,-35.822001471785825,-32.857362606105,-2.9646388656808256,0.0137115379687636,-0.0509643163464523,0.9653921540748855,0.935325869019484,2004.449951171875,-0.0077471534098321
2019-10-10,1656.0513916015625,2004.449951171875,0.0,2039.050048828125,1997.0999755859373,2028.0,0.0,2881452,-0.0077471534098321,-0.0269424021532304,-0.0817280795762958,2083.597491455078,2157.9349975585938,2084.930147198515,33.423988160552,-38.46400734440385,-33.978691553764776,-4.485315790639078,0.0137242625059564,0.3940800805062605,0.962013997133424,0.928874110406307,1986.8499755859373,-0.0087804515027417
2019-10-11,1641.5107421875,1986.8499755859373,0.0,1995.0,1925.0,1931.0,0.0,12593069,-0.0087804515027417,-0.0356267561771934,-0.0775998256332696,2075.239990234375,2155.1139990234374,2075.589178473508,35.07135327558191,-41.49960535579567,-35.48287431417096,-6.016731041624709,0.0136055971528638,3.3703899978205434,0.957407328759863,0.921923376900829,2021.0,0.0171880236724928
2019-10-14,1669.724853515625,2021.0,0.0,2032.75,1968.0,1995.0,0.0,3510704,0.0171880236724928,-0.0280616995291075,-0.0527746965234678,2069.6099853515625,2153.352998046875,2070.3902090950783,44.199411998593085,-40.680774438746994,-36.52245433908617,-4.158320099660827,0.0143225064855814,-0.7212193469280602,0.9765124899398352,0.9385363207207916,2037.300048828125,0.0080653383612692
2019-10-15,1683.1917724609375,2037.300048828125,0.0,2047.0,2022.699951171875,2032.0,0.0,2261310,0.0080653383612692,-0.0050788214053519,-0.0488573051328745,2064.377490234375,2151.4989990234376,2067.23876526013,53.073179958165326,-38.27535287996943,-36.87303404726282,-1.4023188327066125,0.0144515394954999,-0.3558813275058222,0.9868834835032154,0.9469212162091885,2046.4000244140625,0.0044666840268186
2019-10-16,1690.7099609375,2046.4000244140625,0.0,2056.0,2016.0,2038.0,0.0,3034082,0.0044666840268186,0.013019181795939,-0.0481860351562499,2059.1974914550783,2148.844001464844,2065.2541232747903,50.25758637845795,-35.22865300364447,-36.54415783853915,1.315504834894682,0.0144682917486899,0.3417364271152562,0.993785216282498,0.9523260055262522,2030.949951171875,-0.0075498793285107
2019-10-17,1715.6729736328125,2030.949951171875,45.0,2038.0,1999.300048828125,2014.0,0.0,3818774,-0.0075498793285107,0.0132205845222062,-0.0432006950701683,2054.6124938964845,2145.349001464844,2061.9870592649886,40.470687816301805,-33.67265577508988,-35.9698574258493,2.297201650759419,0.0143189534528745,0.2586258380623859,0.9884832089774094,0.9466757855179474,2057.35009765625,0.0129989153445864
2019-10-18,1737.9744873046875,2057.35009765625,0.0,2063.89990234375,2025.0,2037.5,0.0,3087901,0.0129989153445864,0.0354833645904852,-0.0379696286352384,2050.5524963378907,2142.895002441406,2061.54544387368,45.37816505274466,-29.963841067068643,-34.76865415409317,4.804813087024527,0.0145641692127081,-0.1913894354575578,1.00331500965252,0.9600797497368304,2051.39990234375,-0.0028921646924743
2019-10-22,1732.9478759765625,2051.39990234375,0.0,2111.5,2040.050048828125,2080.0,0.0,5552505,-0.0028921646924743,0.0150420100661801,-0.0240491210554002,2048.0249938964844,2139.8169995117187,2060.5792018232105,49.21292715368956,-27.19126573879521,-33.25317647103358,6.061910732238374,0.0141191660991644,0.7981486453095484,1.001647884404401,0.9586800660111848,2070.10009765625,0.0091158214890889
2019-10-23,1748.7454833984375,2070.10009765625,0.0,2083.85009765625,2052.5,2060.0,0.0,2348134,0.0091158214890889,0.0160997634329769,0.0022513963515486,2048.257501220703,2136.246999511719,2061.4859538073097,44.73497237690666,-23.217394664776748,-31.24602010978222,8.02862544500547,0.0137526519894674,-0.5771036676238923,1.0106639894752143,0.9690359298945356,2082.0,0.0057484671186784
2019-10-24,1758.79833984375,2082.0,0.0,2099.0,2061.300048828125,2084.0,0.0,2798671,0.0057484671186784,0.0173963913023948,0.0328405345611337,2051.567498779297,2133.589001464844,2063.439672492328,54.41264269989221,-18.89009725839788,-28.77483553950536,9.88473828110748,0.0125496130684687,0.1918702254641345,1.0148337801407026,0.9758205533355184,2124.949951171875,0.0206291792372117
2019-10-25,1795.08056640625,2124.949951171875,0.0,2130.0,2075.050048828125,2094.0,0.0,3954245,0.0206291792372117,0.0462837599448284,0.0392478123521284,2055.579998779297,2131.819001464844,2069.297794271332,61.0597930193484,-11.858285837883614,-25.391525599181005,13.533239761297391,0.0129556248107735,0.4129009805011021,1.0337471431098637,0.9967778454511153,2115.699951171875,-0.0043530437010522
2019-10-27,1787.266357421875,2115.699951171875,0.0,2129.0,2108.800048828125,2129.0,0.0,224405,-0.0043530437010522,0.028361654918187,0.013047954529487,2056.942498779297,2128.9709985351565,2073.717047309479,56.430173692297984,-6.951786453288605,-21.70357777000253,14.751791316713923,0.0121837097331572,-0.9432495963199043,1.0285654326396816,0.993766449908236,2194.85009765625,0.0374108561285044
2019-10-29,1854.1292724609373,2194.85009765625,0.0,2201.699951171875,2121.5,2121.5,0.0,5064173,0.0374108561285044,0.0699279526866538,0.0513747820381929,2062.304998779297,2127.943000488281,2085.2535282948857,72.28530418983401,3.285531433148208,-16.705755929372383,19.99128736252059,0.0146789216865014,21.56711303224081,1.064270366873672,1.031442147253294,2252.800048828125,0.0264026920261006
2019-10-30,1903.083984375,2252.800048828125,0.0,2260.0,2176.85009765625,2225.0,0.0,5195136,0.0264026920261006,0.0882565782102644,0.0956399853241336,2072.1375061035155,2129.0100024414064,2101.2103397742417,82.2745741006176,15.891568258931784,-10.18629109171155,26.077859350643333,0.0149765945964189,0.0258606884085516,1.087186560830285,1.058144417473269,2269.64990234375,0.007479515780546
2019-10-31,1917.31787109375,2269.64990234375,0.0,2284.949951171875,2237.0,2250.0,0.0,4879261,0.007479515780546,0.0901296360920989,0.0811460246527018,2080.654998779297,2130.3150024414062,2117.2522028760995,86.66016435767195,26.93114020335406,-2.762804832698428,29.69394503605249,0.014499703030013,-0.060802065624461,1.0908343303792964,1.065405773203804,2200.89990234375,-0.0302910153363324
2019-11-01,1859.240234375,2200.89990234375,0.0,2275.0,2195.0,2264.0,0.0,4172620,-0.0302910153363324,0.0357419953020492,0.068423968791907,2087.702496337891,2131.0309985351564,2125.218650444447,75.92342088619667,29.78913941675228,3.7475840171917136,26.041555399560565,0.0156384575856686,-0.1448254151602056,1.0542210426075662,1.0327864324153992,2193.949951171875,-0.0031577770367812
2019-11-04,1853.3690185546875,2193.949951171875,0.0,2229.199951171875,2180.89990234375,2207.0,0.0,2646411,-0.0031577770367812,0.0369853957583437,0.0648950133099746,2094.387493896485,2131.649997558594,2131.7644886089643,72.42315259833985,31.13442315807697,9.224951845368766,21.90947131270821,0.0156923294056498,-0.3657675513226702,1.0475377443598846,1.0292261645601457,2201.85009765625,0.0036008781696024
2019-11-05,1860.043212890625,2201.85009765625,0.0,2211.0,2169.0,2197.0,0.0,2693475,0.0036008781696024,0.0031892838638387,0.0589126382027136,2100.512493896485,2131.951999511719,2138.4393085182296,71.8091233728833,32.46382326575349,13.872726129445711,18.59109713630778,0.015629213394704,0.017784085691905,1.048244228041597,1.032785962423422,2188.5,-0.0060631273992995
2019-11-06,1848.765380859375,2188.5,0.0,2210.800048828125,2179.0,2200.0,0.0,2540719,-0.0060631273992995,-0.0285422795785063,0.0687600977611719,2107.5524963378907,2131.9980004882814,2143.2069934212554,68.62382021551535,32.0704529015743,17.51227148387143,14.558181417702867,0.0151959892103701,-0.0567133535674175,1.0384082976831015,1.0265019007985834,2185.35009765625,-0.0014392973926204
2019-11-07,1846.1043701171875,2185.35009765625,0.0,2204.5,2175.199951171875,2204.5,0.0,1915598,-0.0014392973926204,-0.0371422062056566,0.0818029424619846,2115.8150024414062,2131.3850024414064,2147.220622396017,70.91007078879414,31.14550723952152,20.23891863500145,10.90658860452007,0.0147215840720472,-0.2460409828871276,1.0328644494601882,1.0253192619601943,2129.949951171875,-0.0253506962311396
2019-11-08,1799.304443359375,2129.949951171875,0.0,2189.60009765625,2124.0,2189.60009765625,0.0,2788759,-0.0253506962311396,-0.0322367914580394,0.0626106927372409,2122.0900024414063,2129.0300024414064,2145.5757965651464,59.11599364572917,25.64651525209956,21.32043795842108,4.326077293678488,0.0159393829727793,0.4558164082443184,1.0037038715235571,1.0004320975887675,2100.949951171875,-0.0136153433952964
2019-11-11,1774.8065185546875,2100.949951171875,0.0,2139.0,2091.0,2135.0,0.0,2983768,-0.0136153433952964,-0.0423892987852001,0.0574275747982877,2127.795001220703,2125.523000488281,2141.3257160515013,55.88130802502085,18.73252990295577,20.802856347328017,-2.070326444372242,0.0161650982030341,0.0699268025670199,0.9873836295162706,0.9884390574410338,2178.60009765625,0.0369595412975274
2019-11-13,1840.4019775390625,2178.60009765625,0.0,2183.800048828125,2118.0,2118.0,0.0,3823365,0.0369595412975274,-0.0105593019364708,0.0779812457477733,2135.6750061035154,2124.3650024414064,2144.8756571567155,61.297371498296805,19.29642737001041,20.501570551864496,-1.2051431818540903,0.0176224701580703,0.2813881642272455,1.020099074732841,1.0255300266915122,2196.800048828125,0.0083539660130624
2019-11-14,1855.777099609375,2196.800048828125,0.0,2200.0,2146.699951171875,2187.5,0.0,2995915,0.0083539660130624,0.0037925742874684,0.0782898916100973,2143.650006103516,2123.516003417969,2149.8208373158973,61.798560248506426,20.970173030330898,20.595291047557776,0.3748819827731218,0.0176261714223391,-0.2164193060301593,1.0247941793545017,1.0345107102052442,2174.449951171875,-0.0101739335212471
2019-11-15,1836.896484375,2174.449951171875,0.0,2211.5,2168.75,2196.0,0.0,2724180,-0.0101739335212471,-0.004987826205085,0.0625732629154343,2150.0525024414064,2122.3360034179686,2152.166467206943,55.312294322569294,20.25962211891101,20.528157261828422,-0.2685351429174147,0.0179042166263722,-0.0907018390041106,1.011347373472399,1.0245549939641876,2152.60009765625,-0.0100484508755188
2019-11-18,1818.4383544921875,2152.60009765625,0.0,2187.75,2148.75,2178.39990234375,0.0,1611089,-0.0100484508755188,0.0106341214599494,0.059898150820596,2156.135009765625,2120.1960034179688,2152.2077653449724,53.85581271234739,17.729035544684393,19.96833291839961,-2.2392973737152246,0.0179916081379293,-0.4085967153418643,0.9983605330402018,1.0152835370814974,2108.800048828125,-0.0203475085204235
2019-11-19,1781.437744140625,2108.800048828125,0.0,2154.64990234375,2105.0,2153.0,0.0,2975313,-0.0203475085204235,0.0037364515284485,0.0250078735896661,2158.7075073242186,2117.3400024414063,2148.0736971052725,40.291095522501536,12.050320965543506,18.384730527828395,-6.33440956228489,0.0185588324118444,0.8467713453446706,0.9768808611973768,0.9959666592973097,2108.550048828125,-0.0001185508318528
2019-11-20,1781.226318359375,2108.550048828125,0.0,2135.0,2094.5,2121.949951171875,0.0,2894129,-0.0001185508318528,-0.0321536976444117,0.0278590958394218,2161.5650146484377,2114.603005371094,2144.3095401264964,31.28811429411124,7.443916996523967,16.196567821567513,-8.752650825043546,0.0185354317059493,-0.0272858687472544,0.9754738046456886,0.9971375447175692,2118.10009765625,0.0045292018718894
2019-11-21,1789.2938232421875,2118.10009765625,0.0,2126.60009765625,2107.39990234375,2112.0,0.0,2052574,0.0045292018718894,-0.035824813102065,0.0231872845445229,2163.9650146484373,2112.659006347656,2141.813402748377,29.961701951831746,4.511907331911516,13.859635723636314,-9.347728391724798,0.0184649685700651,-0.2907800585253802,0.978805148566767,1.0025754706709629,2071.699951171875,-0.0219064937184594
2019-11-22,1750.096435546875,2071.699951171875,0.0,2107.0,2060.5,2097.0,0.0,3742049,-0.0219064937184594,-0.0472533294889703,-0.0049471896388688,2163.4500122070312,2110.1430053710938,2135.135931169663,31.84376670401734,-1.538105171389816,10.780087544631089,-12.318192716020905,0.0191381254264786,0.8231006531311417,0.957590856956497,0.9817817777746024,2081.5,0.0047304383159256
2019-11-25,1758.37548828125,2081.5,0.0,2084.949951171875,2052.199951171875,2074.550048828125,0.0,2737010,0.0047304383159256,-0.0330298682665971,-0.0204475174334873,2161.2775146484373,2108.116003417969,2130.027747248743,34.32319083369809,-5.4788449165030215,7.5283010524042675,-13.007145968907288,0.0185541606845206,-0.2685798609264603,0.963087796866561,0.987374507202253,2046.6500244140625,-0.0167427218765012
2019-11-26,1728.9356689453125,2046.6500244140625,0.0,2097.89990234375,2035.050048828125,2089.85009765625,0.0,6561580,-0.0167427218765012,-0.0294717483758594,-0.0326369184437358,2157.825018310547,2105.96900390625,2122.087011740678,29.875533384259214,-11.28393712917068,3.765853416089278,-15.04979054525996,0.0188805378625998,1.397353316210025,0.9484782162811662,0.9718329285083686,2054.300048828125,0.0037378273387276
2019-11-27,1735.39794921875,2054.300048828125,0.0,2071.699951171875,2046.550048828125,2052.0,0.0,2907521,0.0037378273387276,-0.0257285806567174,-0.0640362861127554,2150.7975158691406,2104.383002929688,2115.631110510911,32.33748181318089,-15.093236064706616,-0.0059644800699008,-15.087271584636715,0.0165917233792098,-0.5568870607384198,0.9551340996402348,0.9762006469203384,2077.35009765625,0.0112203905370462
2019-11-28,1754.8701171875,2077.35009765625,0.0,2094.39990234375,2060.0,2067.050048828125,0.0,2924429,0.0112203905370462,-0.0192389396729131,-0.077880836012562,2142.025018310547,2103.091005859375,2111.985299762848,36.49326476886973,-16.066976508655443,-3.2181668857870096,-12.848809622868432,0.0154772194717885,0.0058152632431545,0.9698066455333436,0.9877604401657328,2053.25,-0.0116013654527663
2019-11-29,1734.510986328125,2053.25,0.0,2085.0,2045.800048828125,2085.0,0.0,2064271,-0.0116013654527663,-0.0089057062348428,-0.0953450583370963,2131.2050231933595,2101.156005859375,2106.391461690196,39.592964784169375,-18.56929403123786,-6.28839231487718,-12.28090171636068,0.015324092792093,-0.2941285290222467,0.963422091096354,0.977200167086222,2021.050048828125,-0.0156824308641787
2019-12-02,1707.3095703125,2021.050048828125,0.0,2067.699951171875,2016.0,2060.0,0.0,3809860,-0.0156824308641787,-0.0290415331116382,-0.0817165075631571,2122.212530517578,2099.1240087890624,2098.263708084284,39.252110858235056,-22.886840399892208,-9.608081931880186,-13.278758468012022,0.0143677490733787,0.8456200760462168,0.9523315972200104,0.9628064089429492,2051.0,0.0148190051944736
2019-12-03,1732.6103515625,2051.0,0.0,2062.0,2010.0,2027.699951171875,0.0,4664774,0.0148190051944736,0.0021254125199949,-0.0651564321672515,2115.0650329589844,2097.3730078125,2093.762402552448,30.30864174274079,-23.61954483569798,-12.410374512643743,-11.209170323054234,0.0149826215476085,0.224395122130472,0.9697101356409088,0.9778899567984496,2078.5,0.0134080936128717
2019-12-04,1755.8411865234375,2078.5,0.0,2082.0,2045.5,2053.0,0.0,3334301,0.0134080936128717,0.011780144378461,-0.0560211150557203,2108.897528076172,2096.9040087890626,2092.308840404596,32.253233596884854,-21.73070022174897,-14.274439654464793,-7.456260567284183,0.0153742513650739,-0.2852170330223929,0.9855860573254586,0.9912232468859218,2121.300048828125,0.02059179640516
2019-12-05,1791.9971923828125,2121.300048828125,0.0,2126.800048828125,2068.35009765625,2083.0,0.0,3902721,0.02059179640516,0.021156737721514,-0.030705940677119,2105.537530517578,2098.021010742188,2095.069907873504,42.4876514964861,-16.588943991234828,-14.7373405218188,-1.8516034694160268,0.0162062469874849,0.1704765106689528,1.0074862205408766,1.0110957125628128,2123.60009765625,0.0010842637888004
2019-12-06,1793.940673828125,2123.60009765625,0.0,2128.0,2101.0,2124.0,0.0,1829461,0.0010842637888004,0.0342628017320101,-0.0282563421148061,2102.450030517578,2100.17701171875,2097.787068805193,45.66128637540771,-12.187975026722144,-14.22746742279947,2.0394923960773284,0.0162160231321341,-0.5312344899878828,1.0100597240513085,1.011152910353176,2060.449951171875,-0.0297373062631103
2019-12-09,1740.5933837890625,2060.449951171875,0.0,2127.949951171875,2053.5,2127.949951171875,0.0,2244747,-0.0297373062631103,0.0194947682599921,-0.0326298746887276,2098.975030517578,2100.49201171875,2094.231152840116,43.16220842831129,-13.63864663986942,-14.109703266213462,0.4710566263440405,0.0165838283573951,0.2269990997348399,0.981645765773496,0.9809368184580192,2012.8499755859373,-0.023101738316364
2019-12-10,1700.3828125,2012.8499755859373,0.0,2060.85009765625,2003.25,2060.0,0.0,4520045,-0.023101738316364,-0.0186006944973489,-0.0419334004300279,2094.570031738281,2098.9800122070315,2086.480564530194,38.06436133009881,-18.41693559560236,-14.97114973209124,-3.4457858635111123,0.0170761236776654,1.0136099970286183,0.9609848059916504,0.9589657661720512,2041.9000244140625,0.0144322970814896
2019-12-11,1724.923095703125,2041.9000244140625,0.0,2048.0,2006.75,2025.4000244140625,0.0,4943024,0.0144322970814896,-0.0176088407918871,-0.0627467488821148,2087.735028076172,2098.066010742188,2082.234798804848,40.9372050055736,-19.63334685844211,-15.903589157361417,-3.729757701080693,0.0149860078133262,0.093578493134471,0.9780455838285446,0.9732296381331412,2020.9000244140625,-0.0102845387868714
2019-12-12,1707.1829833984375,2020.9000244140625,0.0,2083.64990234375,1984.0,2051.10009765625,0.0,7137306,-0.0102845387868714,-0.0473294781987709,-0.080071021715379,2078.9400268554687,2097.361013183594,2076.393391720012,43.56963548602327,-22.03784745629673,-17.130440817148482,-4.907406639148249,0.0148129595127832,0.4439148990577428,0.972081925552612,0.9635441927789672,2071.25,0.0249146296094167
2019-12-13,1749.716552734375,2071.25,0.0,2077.39990234375,2007.0,2023.0,0.0,5711133,0.0249146296094167,-0.0246515799815733,-0.0474602559218516,2073.780029296875,2096.800012207031,2075.9035448895343,48.82332761962631,-19.65404961635022,-17.63516257698883,-2.018887039361392,0.0160748433725492,-0.1998195117317374,0.9987799914836036,0.9878147596059302,2126.75,0.0267954133977066
2019-12-16,1796.6011962890625,2126.75,0.0,2136.0,2080.300048828125,2096.0,0.0,5574177,0.0267954133977066,0.0321774614279841,-0.0120087784463057,2072.4875244140626,2098.1360131835936,2080.7460644238645,58.77903549535707,-13.13507353529394,-16.735144768649853,3.600071233355912,0.0172117193251455,-0.0239805306582774,1.0261822929917412,1.0136378131048756,2164.949951171875,0.0179616556585753
2019-12-17,1828.87109375,2164.949951171875,0.0,2169.0,2119.0,2126.5,0.0,6059673,0.0179616556585753,0.075564486887137,0.0266264705252414,2075.29501953125,2100.2300122070315,2088.765482209389,61.36618868462062,-4.830636642860554,-14.354243143491994,9.52360650063144,0.0170128656009301,0.0870973419035671,1.043201053728195,1.0308156433289095,2167.75,0.0012933549926219
2019-12-18,1831.236572265625,2167.75,0.0,2203.449951171875,2153.0,2174.0,0.0,8251081,0.0012933549926219,0.0616337597733518,0.0280761422783284,2078.255017089844,2101.998010253906,2096.287817237066,59.68915916756725,1.9541042664791348,-11.092573661497768,13.046677927976903,0.0170089323197294,0.3616379959776707,1.0430625607416912,1.0312807097938934,2229.050048828125,0.0282781911327989
2019-12-19,1883.0206298828125,2229.050048828125,0.0,2236.5,2167.550048828125,2179.800048828125,0.0,6251505,0.0282781911327989,0.1029986747980833,0.0523818261916162,2083.8025146484374,2105.6250122070314,2108.9318392933574,67.45086168956684,12.137547856763833,-6.4465493578454485,18.58409721460928,0.0180282962724052,-0.242341094457805,1.0697031187738022,1.0586168172896675,2222.89990234375,-0.0027590885577505
2019-12-20,1877.8245849609373,2222.89990234375,0.0,2246.699951171875,2208.25,2220.0,0.0,5548338,-0.0027590885577505,0.0732166094598671,0.0729835182388971,2091.362512207031,2109.6810107421875,2119.785940536252,71.12945550526051,19.48709969248648,-1.2598195477790628,20.746919240265544,0.0171386870277046,-0.1124796349039151,1.0628955474571964,1.0536663557310648,2231.699951171875,0.0039588147081415
2019-12-23,1885.259033203125,2231.699951171875,0.0,2241.949951171875,2210.0,2210.0,0.0,2247329,0.0039588147081415,0.0493475731382979,0.0721594769021738,2098.872509765625,2114.226010742188,2130.4444177396445,69.79186833427279,25.725218562120062,4.137188074200762,21.5880304879193,0.0171370376885943,-0.5949545611676866,1.063285140373334,1.0555635678649364,2215.60009765625,-0.0072141658233092
2019-12-24,1871.6580810546875,2215.60009765625,0.0,2243.550048828125,2211.14990234375,2239.0,0.0,1805896,-0.0072141658233092,0.0233955276688768,0.0825495669639739,2107.3200134277345,2118.8010131835936,2138.554482493607,65.401032619159,29.03514994805528,9.116780448971666,19.91836949908361,0.0166668666632532,-0.1964256234845899,1.0513828386474575,1.0456857835494475,2201.949951171875,-0.0061609252043338
2019-12-26,1860.1273193359373,2201.949951171875,0.0,2229.0,2195.199951171875,2216.39990234375,0.0,1880367,-0.0061609252043338,0.0157767044963095,0.0718735816746813,2114.702508544922,2122.420012207031,2144.5921461772514,59.69465285933887,30.2086155599568,13.335147471168693,16.873468088788105,0.0168245974832603,0.0412377013958721,1.0412575491230611,1.0374713480401758,2198.5,-0.0015667709295749
2019-12-27,1857.2127685546875,2198.5,0.0,2226.39990234375,2176.0,2208.0,0.0,2720261,-0.0015667709295749,-0.0137054117937756,0.0583194438339671,2120.7600036621093,2125.6440112304685,2149.726227493704,58.97864312710461,30.508529942351288,16.769823965405212,13.738705976946076,0.0167630558233445,0.4466649329625546,1.0366566684601983,1.0342747837288886,2183.199951171875,-0.0069593126350352
2019-12-30,1844.2880859375,2183.199951171875,0.0,2225.0,2177.10009765625,2207.0,0.0,2288830,-0.0069593126350352,-0.0178595316550316,0.0632898824652989,2127.257501220703,2128.380009765625,2152.9142011773392,66.62151913882714,29.17531332754152,19.250921837832472,9.924391489709045,0.0165818168449557,-0.1585991197168212,1.026297921111605,1.0257566511406424,2161.699951171875,-0.0098479298648113
2019-12-31,1826.12548828125,2161.699951171875,0.0,2197.0,2157.449951171875,2189.0,0.0,1909289,-0.0098479298648113,-0.0313662237449271,0.0695924885310503,2134.2899963378904,2130.995009765625,2153.7509392720567,71.68874531453493,26.083188477447948,20.61737516575557,5.465813311692379,0.0162806552824585,-0.1658231498189031,1.0128426572213785,1.014408734542099,2167.60009765625,0.0027294012201724
2020-01-01,1831.1099853515625,2167.60009765625,0.0,2183.89990234375,2154.0,2168.0,0.0,1354908,0.0027294012201724,-0.0216645594350606,0.0568503645325451,2140.120001220703,2133.200009765625,2155.069906737218,69.64061396719288,23.83400618080077,21.26070136876461,2.5733048120361595,0.0160610464563697,-0.2903599193207524,1.0128404465263037,1.016126049002974,2157.64990234375,-0.0045904202178523
2020-01-02,1822.7041015625,2157.64990234375,0.0,2179.949951171875,2149.199951171875,2179.949951171875,0.0,2380752,-0.0045904202178523,-0.0201185539228757,0.0380802994196536,2144.077496337891,2135.325009765625,2155.3156206045064,72.13135287007941,21.006465938489782,21.20985428270965,-0.2033883442198636,0.015944550564857,0.757131849542552,1.0063301844401804,1.01045503259505,2200.64990234375,0.0199290904206892
2020-01-03,1859.029296875,2200.64990234375,0.0,2223.0,2164.0,2164.0,0.0,4655761,0.0199290904206892,0.0009778950847167,0.0374062375379005,2148.044989013672,2137.936005859375,2159.633171246339,71.4521967756663,21.98196613681057,21.36427665352983,0.6176894832807385,0.0159044987115237,0.9555842019664376,1.0244896701880686,1.0293338511127073,2200.449951171875,-9.086005532366048e-05
2020-01-06,1858.8599853515625,2200.449951171875,0.0,2225.949951171875,2187.89990234375,2205.0,0.0,3023209,-9.086005532366048e-05,0.0079012460543252,0.0361884771056668,2151.887481689453,2140.3050048828127,2163.5204836201992,64.961386612638,22.479789661535506,21.58737925513097,0.8924104064045366,0.0159100651281992,-0.3506520201530963,1.0225673832371085,1.0281011099594917,2205.85009765625,0.0024541101157511
2020-01-07,1863.4219970703125,2205.85009765625,0.0,2214.64990234375,2183.800048828125,2200.5,0.0,2429317,0.0024541101157511,0.0204238087993853,0.0705671818923237,2159.157489013672,2141.9230078125,2167.5518754331565,59.57845577868014,23.044423314572214,21.878788067019222,1.1656352475529914,0.0140621025887334,-0.1964442418635297,1.0216253834563536,1.0298456525330653,2255.25,0.0223949498636548
2020-01-08,1905.1533203125,2255.25,0.0,2260.0,2202.050048828125,2205.0,0.0,5197454,0.0223949498636548,0.0404363805106497,0.120426274861096,2171.277490234375,2144.7140087890625,2175.904077772856,66.82041577965256,27.16491854805236,22.93601416322585,4.228904384826507,0.0131833270554764,1.1394712999579717,1.0386742413824597,1.051538802263593,2214.35009765625,-0.0181354183987363
2020-01-09,1870.6025390625,2214.35009765625,0.0,2251.949951171875,2210.0,2248.75,0.0,3734173,-0.0181354183987363,0.026278681843106,0.0844556889075278,2179.8999938964844,2145.1040087890624,2179.5656034760364,46.93368289073378,26.82098478563057,23.7130082877068,3.107976497923776,0.0140421835211165,-0.2815380376622862,1.0158035248663804,1.032280993641086,2213.550048828125,-0.0003613018686484
2020-01-10,1869.9267578125,2213.550048828125,0.0,2234.0,2208.0,2228.0,0.0,1915807,-0.0003613018686484,0.0058619712615968,0.0953288248239392,2189.5324951171874,2144.3190087890625,2182.8022173190925,48.00515470898501,26.18204720444509,24.20681607105445,1.97523113339064,0.0136756572711453,-0.4869528005263816,1.0109692611388497,1.0322857931843632,2190.35009765625,-0.0104808794290227
2020-01-13,1850.3280029296875,2190.35009765625,0.0,2218.949951171875,2184.699951171875,2217.85009765625,0.0,2843893,-0.0104808794290227,-0.0045899037650214,0.0575015558992153,2195.4875,2142.7330126953125,2183.5210630654888,41.68847981265722,23.532375818529545,24.07192802054948,-0.5395522020199337,0.0131972435676693,0.4844360627140416,0.9976600174932674,1.02222259361237,2206.89990234375,0.0075557805600159
2020-01-14,1864.30908203125,2206.89990234375,0.0,2229.800048828125,2195.0,2195.0,0.0,2948452,0.0075557805600159,0.0004759184174008,0.0376865651081461,2199.4949951171875,2142.8530126953124,2185.747619187228,48.25437630544594,22.508459570236937,23.75923433048697,-1.2507747602500352,0.0120101688606341,0.0367661511878259,1.003366639725483,1.0298886061101682,2226.89990234375,0.0090624862408847
2020-01-15,1881.2042236328125,2226.89990234375,0.0,2231.0,2194.199951171875,2213.0,0.0,2620681,0.0090624862408847,-0.0125707117420463,0.0286149576521812,2202.592492675781,2143.51201171875,2189.666884249754,54.88161737520456,23.045180919064933,23.616423648202563,-0.5712427291376301,0.0115402024156989,-0.1111671480492136,1.011035817904945,1.0389024601537626,2238.800048828125,0.0053438174171414
2020-01-16,1891.2572021484373,2238.800048828125,0.0,2249.0,2215.0,2226.949951171875,0.0,3117214,0.0053438174171414,0.0110415923831348,0.0327759422572366,2206.144995117188,2144.251010742188,2194.3462332572176,57.63257794690871,24.152365388620183,23.72361199628609,0.4287533923340945,0.0115723536649362,0.1894671652139272,1.0148018619733572,1.0440942024101978,2219.10009765625,-0.0087993347964177
2020-01-17,1874.615234375,2219.10009765625,0.0,2253.550048828125,2213.0,2240.75,0.0,3281059,-0.0087993347964177,0.0025073066818901,-0.004463763017392,2205.647497558594,2144.8630126953126,2196.7037441523635,56.6878030721315,23.17307090075883,23.61350377718064,-0.4404328764218093,0.009941564774218,0.0525613576738716,1.0060991614084058,1.0346115740359794,2170.35009765625,-0.0219683645868378
2020-01-20,1833.4324951171875,2170.35009765625,0.0,2242.199951171875,2156.199951171875,2194.89990234375,0.0,5817599,-0.0219683645868378,-0.009130960398249,-0.0236402028863708,2203.0200073242186,2144.5630126953124,2194.193873057496,51.46290245197497,18.25284791567356,22.541372604879225,-4.288524689205669,0.0110682333302462,0.7730857628588819,0.9851703981083452,1.0120244006859598,2171.050048828125,0.0003225061120926
2020-01-21,1834.0242919921875,2171.050048828125,0.0,2186.550048828125,2158.050048828125,2169.949951171875,0.0,1902980,0.0003225061120926,-0.0162444402111541,-0.0271765486717434,2199.987512207031,2145.3850146484374,2191.989699321365,50.59389770216099,14.245799255420934,20.882257934987567,-6.636458679566633,0.0110098258873037,-0.6728925455329595,0.986846532892418,1.0119629036300943,2206.89990234375,0.0165126794451264
2020-01-22,1864.30908203125,2206.89990234375,0.0,2210.0,2173.699951171875,2181.0,0.0,1773686,0.0165126794451264,-0.0089810951893035,-0.0039267895509227,2199.5525024414064,2147.504013671875,2193.4097186568306,57.78410950108352,13.803845750710025,19.46657549813206,-5.662729747422034,0.0116035047143234,-0.0679429105928596,1.00334040669372,1.0276581036839685,2190.949951171875,-0.0072273106518949
2020-01-23,1855.0377197265625,2190.949951171875,5.0,2217.75,2183.699951171875,2209.800048828125,0.0,2069866,-0.0072273106518949,-0.0213731001485802,-0.0049955722173185,2199.0025024414062,2147.751010742188,2193.175455086835,48.32354547073304,12.02791632161916,17.97884366282948,-5.9509273412103205,0.0116350694164403,0.166985588204451,0.9963380890833043,1.0201135700617174,2183.39990234375,-0.0034460161100835
2020-01-24,1848.645751953125,2183.39990234375,0.0,2190.949951171875,2170.0,2190.949951171875,0.0,1319430,-0.0034460161100835,-0.0160876903886424,-0.00686836372811,2198.2474975585938,2147.4830078125,2192.244450063684,47.12623150631606,9.897165251892602,16.362507980642103,-6.465342728749501,0.011654377956593,-0.3625529382095266,0.9932457126727844,1.0167251123294505,2169.25,-0.0064806737091821
2020-01-27,1836.6649169921875,2169.25,0.0,2193.449951171875,2165.0,2189.699951171875,0.0,1549101,-0.0064806737091821,-0.0005068756683256,-0.006389680965496,2197.55,2147.3790087890625,2190.054502438571,44.00783106139821,6.986218041615302,14.487249992836745,-7.501031951221442,0.0116404236207668,0.1740683476955958,0.9871220222520534,1.0101849701992156,2183.75,0.0066843379048058
2020-01-28,1848.9415283203125,2183.75,0.0,2187.800048828125,2152.0,2174.0,0.0,1743024,0.0066843379048058,0.0058496814381272,0.0102003281335003,2198.6525024414063,2148.0020068359377,2189.4540736348977,36.7837099694395,5.782641531664922,12.74632830060238,-6.963686768937459,0.0115097058692894,0.1251842197506812,0.9932219837264604,1.0166424393693747,2154.60009765625,-0.0133485528763594
2020-01-29,1824.261474609375,2154.60009765625,0.0,2186.949951171875,2150.0,2185.0,0.0,2306761,-0.0133485528763594,-0.0236983130190712,-0.0059974162273088,2198.0025024414062,2148.9180078125,2186.134647351217,38.45408449215824,2.448421098650215,10.686746860211947,-8.238325761561732,0.0119056490769851,0.3234246917999981,0.9802537054726064,1.0026441631663434,2137.85009765625,-0.0077740644392527
2020-01-30,1810.078857421875,2137.85009765625,0.0,2165.0,2125.0,2160.0,0.0,2098567,-0.0077740644392527,-0.0242359956635355,-0.0091765604169575,2197.0125122070312,2149.5040087890625,2181.5361188088395,36.22131430922821,-1.5279444383118062,8.243808600507197,-9.771753038819003,0.0119879674252584,-0.0902538234346774,0.973071425755628,0.9945783254717548,2079.050048828125,-0.0275042898903847
2020-01-31,1760.29443359375,2079.050048828125,0.0,2144.35009765625,2071.60009765625,2139.39990234375,0.0,3287223,-0.0275042898903847,-0.0477923688663775,-0.0552563374056536,2190.93251953125,2148.7230078125,2171.775540715438,32.06570956272566,-9.316520256257265,4.731742829154305,-14.048263085411568,0.0124395113562291,0.5664131762293031,0.9489338582061568,0.9675747135712456,2102.5,0.0112791662639832
2020-02-03,1780.148681640625,2102.5,0.0,2194.699951171875,2093.199951171875,2152.0,0.0,4728073,0.0112791662639832,-0.0307710038031577,-0.0445136010113343,2186.035021972656,2149.3390087890625,2165.177870171111,33.54350586877044,-13.441858250836958,1.097022613156052,-14.538880863993011,0.0128220526629456,0.438318300888014,0.9617869699556436,0.978207714745078,2107.75,0.0024970273483948
2020-02-04,1784.59375,2107.75,0.0,2136.699951171875,2086.60009765625,2129.0,0.0,3509339,0.0024970273483948,-0.0348025186033199,-0.044472694568177,2181.130017089844,2149.8640087890626,2159.708549202434,30.30252640789645,-16.101973679628827,-2.342776645400924,-13.759197034227904,0.012822875384247,-0.2577654786632947,0.9663568808301712,0.980410849887764,2146.550048828125,0.0184082784144823
2020-02-05,1817.4451904296875,2146.550048828125,0.0,2156.699951171875,2104.300048828125,2115.0,0.0,2439322,0.0184082784144823,-0.0037362148256104,-0.0481986259491741,2175.69501953125,2151.8620092773435,2158.455358690595,35.995125335800324,-14.907450833508392,-4.855711483022418,-10.051739350485974,0.0124459714076566,-0.3049055676866783,0.9866042940570758,0.9975314586036108,2128.35009765625,-0.0084786987295315
2020-02-06,1802.03564453125,2128.35009765625,0.0,2174.199951171875,2115.5,2145.0,0.0,2640065,-0.0084786987295315,-0.0044437166153112,-0.0388375804219149,2171.39501953125,2153.3430102539064,2155.5881909730383,36.1598126999446,-15.253533587911534,-6.935275904000241,-8.318257683911293,0.0119817654974015,0.0822945884143216,0.980176374410082,0.988393436401612,2136.550048828125,0.0038527266641446
2020-02-07,1808.9781494140625,2136.550048828125,0.0,2151.0,2119.0,2139.0,0.0,2083442,0.0038527266641446,0.0276568618597758,-0.0347857506274884,2167.54501953125,2154.527009277344,2153.7750345782847,44.11762956340995,-14.696724443457695,-8.487565611891732,-6.209158831565965,0.0120473090924673,-0.2108368543956304,0.9857004258625144,0.991656191650506,2161.949951171875,0.0118882786563701
2020-02-10,1830.484375,2161.949951171875,0.0,2167.0,2119.0,2140.89990234375,0.0,2383032,0.0118882786563701,0.0282758388451247,-0.0129660306426648,2166.1250122070314,2156.7010083007813,2154.553598063389,48.54164873430103,-12.06679088754936,-9.203410667023258,-2.8633802205261016,0.0122261803305342,0.143795699616308,0.9980725669055904,1.0024337832879435,2153.39990234375,-0.003954785735669
2020-02-11,1823.2449951171875,2153.39990234375,0.0,2174.800048828125,2147.60009765625,2163.0,0.0,1335820,-0.003954785735669,0.0216581199590795,-0.0242421506943665,2163.4500122070312,2159.3480053710937,2154.443722280566,40.60413504497783,-10.550843525049912,-9.47289723862859,-1.077946286421323,0.0120931919633711,-0.439445210974926,0.9953545911361138,0.997245417129361,2170.75,0.0080570718134453
2020-02-12,1837.934814453125,2170.75,0.0,2185.0,2150.0,2151.10009765625,0.0,1620407,0.0080570718134453,0.0112738816339672,-0.0252143808909658,2160.642517089844,2161.7430053710937,2155.9967011109884,46.46977254205903,-7.8588445701707315,-9.15008670493702,1.2912421347662877,0.0120504905974067,0.2130429249449776,1.0046779987111287,1.0041665427419113,2191.949951171875,0.0097661873416445
2020-02-13,1855.8846435546875,2191.949951171875,0.0,2197.0,2171.0,2172.949951171875,0.0,1645948,0.0097661873416445,0.0298822329961887,-0.0209264323005411,2158.300012207031,2164.0120043945312,2159.4208201644065,51.4261977968276,-3.96900490155258,-8.113870344260132,4.144865442707552,0.0122164475693882,0.0157620894009961,1.015590946010529,1.0129102549896254,2184.199951171875,-0.0035356646696502
2020-02-14,1849.3228759765625,2184.199951171875,0.0,2212.0,2171.0,2188.0,0.0,1500115,-0.0035356646696502,0.0223022635813683,-0.0157271618892881,2156.5550048828127,2165.270002441406,2161.7807374032127,52.54814362317018,-1.4944125127312873,-6.789978777954364,5.295566265223076,0.0120953541850198,-0.0886012194795947,1.0128190313840684,1.008742534976758,2203.25,0.0087217513295447
2020-02-17,1865.4521484375,2203.25,0.0,2217.0,2190.199951171875,2196.949951171875,0.0,1774724,0.0087217513295447,0.0191031475107639,0.0151587996698221,2158.2,2166.863000488281,2165.73019098386,53.2729114455195,1.981063054688093,-5.035770411425872,7.016833466113965,0.0111694313104767,0.1830586321715335,1.0208738763784635,1.016792478113992,2215.75,0.0056734369681152
2020-02-18,1876.035400390625,2215.75,0.0,2221.0,2186.050048828125,2199.949951171875,0.0,2486223,0.0056734369681152,0.0289542586067681,0.0205890929119771,2160.4349975585938,2169.969001464844,2170.4939823187296,60.87109375,5.678588777826462,-2.8928985735754056,8.571487351401867,0.0112210565377011,0.4009068452333996,1.0256036411666702,1.021097535727124,2196.35009765625,-0.008755456321223
2020-02-19,1859.6102294921875,2196.35009765625,0.0,2230.0,2190.5,2215.75,0.0,1760463,-0.008755456321223,0.011793204033744,-0.0047803729912244,2159.907507324219,2173.63900390625,2172.956469493732,60.3029271086482,6.963226820922955,-0.9216734946757336,7.884900315598688,0.010806800314001,-0.2919126723548129,1.0168722920812372,1.0104484202340802,2156.800048828125,-0.0180071696540224
2020-02-20,1826.123779296875,2156.800048828125,0.0,2214.39990234375,2151.25,2204.5,0.0,2317278,-0.0180071696540224,-0.016035905530123,-0.0155868016635817,2158.2000122070312,2175.9370043945314,2171.417762763674,64.68921758735652,4.73536695590974,0.2097345954413609,4.525632360468379,0.0114275787716853,0.3162889535309745,0.999351328249936,0.9912051886025388,2115.35009765625,-0.0192182632759102
2020-02-24,1791.02880859375,2115.35009765625,0.0,2178.949951171875,2106.699951171875,2156.0,0.0,3092877,-0.0192182632759102,-0.0315217722986786,-0.031166899208181,2154.7975219726563,2177.826005859375,2166.077985134396,52.27314737236705,-0.3706204045311096,0.0936635954468668,-0.4642839999779765,0.0121469681988045,0.3347026122890736,0.9816932106547565,0.971312718263518,2156.14990234375,0.019287495120881
2020-02-25,1825.5728759765625,2156.14990234375,0.0,2176.64990234375,2111.0,2115.5,0.0,2674567,0.019287495120881,-0.0213775548195847,-0.0060389985738158,2154.142517089844,2179.52400390625,2165.1324534400487,57.605271355419056,-1.112128983600087,-0.1474949203625239,-0.964634063237563,0.0129332940781833,-0.1352494780749444,1.0009318720734497,0.9892755934228722,2123.60009765625,-0.0150962623944272
2020-02-26,1798.013916015625,2123.60009765625,0.0,2163.89990234375,2112.949951171875,2154.0,0.0,2686842,-0.0150962623944272,-0.0415885828020986,-0.0275443170435031,2151.1350219726564,2179.461005859375,2161.176990984449,46.32152737831101,-4.276974780066212,-0.9733908923032616,-3.30358388776295,0.013234548331762,0.0045895279497578,0.987199815894794,0.9743693931421826,2105.5,-0.0085233079788545
2020-02-27,1782.68896484375,2105.5,0.0,2119.949951171875,2086.199951171875,2119.949951171875,0.0,2349001,-0.0085233079788545,-0.0413641239405307,-0.0227884969046741,2148.680017089844,2178.2720068359376,2155.8744204145014,46.33635942304922,-8.151696800814989,-2.409052074005607,-5.742644726809382,0.0130462198444384,-0.1257390646714619,0.979903933230446,0.9665918642816131,2000.1500244140625,-0.0500356093972631
2020-02-28,1693.4910888671875,2000.1500244140625,0.0,2069.5,1990.0,2068.0,0.0,4298076,-0.0500356093972631,-0.0726307589334378,-0.0644105371995678,2141.7950134277344,2174.9200073242187,2141.043525557317,33.32516545914447,-19.49853749856129,-5.826949158916744,-13.671588339644549,0.0170095759297725,0.8297463474898478,0.9338662252336732,0.9196430294808066,2001.300048828125,0.0005749690773317
2020-03-02,1694.4647216796875,2001.300048828125,0.0,2053.949951171875,1985.699951171875,2035.0,0.0,2667076,0.0005749690773317,-0.0539154483007278,-0.0373968871234362,2137.9075134277346,2170.365007324219,2127.734623011679,29.122806460926384,-28.074567009365182,-10.276472729006432,-17.79809428035875,0.0160269732071407,-0.3794721172915509,0.9361022571174816,0.9221029836338316,2036.199951171875,0.0174386156459576
2020-03-03,1724.013671875,2036.199951171875,0.0,2060.0,2012.0,2020.0,0.0,2757585,0.0174386156459576,-0.0556315453955629,-0.0315339114521403,2134.5925109863283,2166.631008300781,2119.017035217412,35.74555308504725,-31.68970257007368,-14.559118697219882,-17.130583872853798,0.0163471053856379,0.0339356658752881,0.953905694268088,0.9398000598028924,2083.199951171875,0.0230822125169734
2020-03-04,1763.8077392578125,2083.199951171875,0.0,2094.449951171875,2025.0,2056.0,0.0,3237002,0.0230822125169734,-0.019024366465684,-0.0116475145667773,2133.3650085449217,2163.6610083007813,2115.605884355932,40.06804925469864,-30.41164977495873,-17.72962491276765,-12.68202486219108,0.0172341409026064,0.1738539337862658,0.9764854784942488,0.9628125400327402,2125.050048828125,0.0200893330631597
2020-03-05,1799.241455078125,2125.050048828125,0.0,2147.75,2084.050048828125,2085.699951171875,0.0,3937056,0.0200893330631597,0.0092852286051412,-0.0100160720742279,2132.290008544922,2161.850007324219,2116.505328591379,42.75033030970537,-25.725285523871666,-19.328757034988456,-6.396528488883206,0.0173347238533534,0.2162661623316883,0.9966046083376164,0.9829775616386808,2116.449951171875,-0.0040470094626677
2020-03-06,1791.960205078125,2116.449951171875,0.0,2123.64990234375,2071.60009765625,2098.0,0.0,2595027,-0.0040470094626677,0.0581456017489898,-0.005591254229029,2131.695001220703,2160.140007324219,2116.5000545514263,42.67171056974978,-22.446514649885103,-19.952308557967783,-2.494206091917317,0.0172535995375821,-0.3408711991904611,0.992848390581158,0.9797744331366453,1972.3499755859373,-0.0680856995962271
2020-03-09,1669.9530029296875,1972.3499755859373,0.0,2079.89990234375,1935.0,2075.0,0.0,4940975,-0.0680856995962271,-0.0144656336060849,-0.0768529028057404,2123.484997558594,2155.617006835937,2102.771475602332,30.342231466472,-31.117031081395908,-22.18525306265341,-8.931778018742499,0.0229397239995485,0.9040167982837944,0.9288268943993392,0.9149816360379326,1953.699951171875,-0.00945573789891
2020-03-11,1654.1622314453125,1953.699951171875,0.0,1987.300048828125,1920.0,1933.0,0.0,6796449,-0.00945573789891,-0.0405166496308575,-0.0963250790736941,2113.0724975585936,2151.0270068359373,2088.574187561336,27.92146110080345,-39.04331193020971,-25.55686483616467,-13.48644709404504,0.0226695859444898,0.3755279069414437,0.9245778142629488,0.90826379444007,1769.8499755859375,-0.0941034857863716
2020-03-12,1498.499755859375,1769.8499755859375,0.0,1908.4000244140625,1758.3499755859375,1904.0,0.0,8728786,-0.0941034857863716,-0.1504176185342491,-0.1781136547560713,2093.895001220704,2143.190007324218,2058.219500706536,21.86302640723564,-59.47451791912499,-32.34039545275674,-27.13412246636825,0.0302029414692758,0.2843156772014327,0.8452429441562956,0.8258017112517253,1806.300048828125,0.0205950073424274
2020-03-13,1529.3614501953125,1806.300048828125,0.0,1820.0,1506.050048828125,1687.9000244140625,0.0,8029720,0.0205950073424274,-0.1499964672247494,-0.167891259321375,2075.672503662109,2135.9640063476563,2034.227171956211,26.781922979887824,-71.89640260429269,-40.25159688306393,-31.64480572122876,0.0307082499817785,-0.0800874256740857,0.8702240096360431,0.8456603404646164,1696.4000244140625,-0.0608426183043965
2020-03-16,1436.3115234375,1696.4000244140625,0.0,1842.25,1675.8499755859375,1755.0,0.0,7844271,-0.0608426183043965,-0.1984691046085127,-0.2260772087852089,2050.8950073242186,2126.7390087890626,2002.0531579045776,24.55510869337964,-89.57626973135166,-50.11653145272148,-39.45973827863018,0.0324832651286189,-0.0230953258644137,0.827151082018254,0.7976531287588365,1658.0,-0.0226361847803709
2020-03-17,1403.7987060546875,1658.0,0.0,1731.0,1623.1500244140625,1730.0,0.0,5713248,-0.0226361847803709,-0.1593783960640917,-0.2409119874256733,2024.585009765625,2115.8860107421874,1969.2861904850945,19.6564632345112,-105.4704551006098,-61.18731618229916,-44.28313891831064,0.0324955255861254,-0.2716661624770485,0.8189332589160766,0.783596087682637,1654.4000244140625,-0.0021712759866933
2020-03-18,1400.750732421875,1654.4000244140625,0.0,1713.550048828125,1627.75,1676.800048828125,0.0,7258778,-0.0021712759866933,-0.1531964652905301,-0.2491092593150743,1997.142510986328,2104.965012207031,1939.2970318116627,20.37505277662467,-117.00839946684825,-72.35153283920897,-44.65686662763926,0.0321992773286896,0.270516875864657,0.8283835606688902,0.785951317394793,1636.3499755859375,-0.0109103291596709
2020-03-19,1395.590576171875,1636.3499755859375,12.0,1685.449951171875,1546.75,1559.699951171875,0.0,5135111,-0.0109103291596709,-0.0754301222372266,-0.2614916052867256,1968.172509765625,2093.575009765625,1910.4449312187364,20.37634058016256,-126.15456035014086,-83.11213834139535,-43.042422008745504,0.0318858026764667,-0.2925653601749495,0.8314057672621382,0.7816056114316755,1797.449951171875,0.0984508069725436
2020-03-20,1532.98779296875,1797.449951171875,0.0,1869.0,1627.0,1630.0,0.0,8547498,0.0984508069725436,-0.0048995722842346,-0.1816195637071002,1948.2275024414064,2084.4190087890624,1899.6835045476068,38.042707604088456,-119.03141700284392,-90.29599407368508,-28.735422929158844,0.0407020036680694,0.6645205916678335,0.9226078314362232,0.8623265972881808,1669.699951171875,-0.0710729107737945
2020-03-23,1424.03369140625,1669.699951171875,0.0,1750.0,1617.75,1620.0,0.0,7003490,-0.0710729107737945,-0.0157392553984486,-0.2258438828953619,1923.8724975585933,2073.526005859375,1877.7803089880133,32.980905811157186,-122.2850064942454,-96.69379655779711,-25.59120993644828,0.0429738885015674,-0.1806385915504162,0.8678849317149315,0.8052466891920491,1703.1500244140625,0.0200335834104268
2020-03-24,1452.5623779296875,1703.1500244140625,0.0,1770.0,1632.8499755859375,1653.050048828125,0.0,6350865,0.0200335834104268,0.0272316190675889,-0.1948613960870562,1903.2624938964843,2063.318005371094,1861.148853314304,32.88101766257306,-120.77217183150196,-101.5094716125381,-19.262700218963857,0.0435118422610013,-0.0931856831379783,0.8948581868637897,0.8254423312259836,1750.300048828125,0.0276840112369334
2020-03-25,1492.775146484375,1750.300048828125,0.0,1810.0,1680.0,1700.0,0.0,2765520,0.0276840112369334,0.057966648331033,-0.1882289599041622,1882.9700012207031,2054.517004394532,1850.59182431562,32.89136762860727,-114.44932595351317,-104.09744248073312,-10.351883472780033,0.0438472053596816,-0.5645443573434485,0.9295421847896832,0.8519277499696044,1790.949951171875,0.023224533628372
2020-03-26,1527.4443359375,1790.949951171875,0.0,1832.050048828125,1722.550048828125,1831.5999755859373,0.0,4556067,0.023224533628372,0.0944785515889283,-0.1566444392480064,1866.3374938964844,2046.1980053710936,1844.911645920978,32.80847841402341,-104.94853625013413,-104.26766123461331,-0.6808750155207832,0.0444210795452228,0.6474540050334114,0.9596066933386108,0.875257402495157,1824.5,0.0187331023997472
2020-03-27,1556.05810546875,1824.5,0.0,1850.0,1750.4000244140625,1820.0,0.0,4331250,0.0187331023997472,0.0150491249063648,-0.1334599857516029,1852.2874938964844,2038.150007324219,1842.9676796427896,35.35343860622952,-93.63254570706522,-102.14063812910372,8.508092422038501,0.0448056240309924,-0.0493445333442199,0.9849982824005196,0.8951745423268875,1778.5,-0.0252123869553302
2020-03-30,1516.825927734375,1778.5,0.0,1905.0,1763.550048828125,1766.0,0.0,8513547,-0.0252123869553302,0.0651614373898519,-0.1108166996018181,1841.204992675781,2028.9440063476563,1836.8279006291905,39.21318019492937,-87.36921926212995,-99.18635435570896,11.817135093579026,0.043860473689919,0.965609696969697,0.965943502801036,0.8765643578313993,1826.0999755859373,0.0267641133460427
2020-03-31,1557.42236328125,1826.0999755859373,0.0,1855.0,1780.0,1837.4000244140625,0.0,3927593,0.0267641133460427,0.0721897363176644,-0.0875431314483689,1832.444989013672,2021.08400390625,1835.806193482214,43.12129602198238,-77.66924500055757,-94.8829324846787,17.213687484121138,0.0444208834636489,-0.5386654939474699,0.996537405779832,0.9035250252124812,1708.75,-0.0642626237089146
2020-04-01,1457.3382568359375,1708.75,0.0,1834.75,1702.0,1825.9000244140625,0.0,4941878,-0.0642626237089146,-0.0237388148711668,-0.1608142417366334,1816.072491455078,2011.852001953125,1823.705603626765,46.45180215311585,-78.54568207882426,-91.61548240350784,13.06980032468357,0.046106880982793,0.2582459536922487,0.9409040707570604,0.8493417996657454,1654.199951171875,-0.0319239495702268
2020-04-03,1410.814453125,1654.199951171875,0.0,1740.0,1650.0,1740.0,0.0,5735369,-0.0319239495702268,-0.0763561259266458,-0.2059331845503702,1794.622491455078,2001.515,1807.5622081548709,41.349102447960085,-82.68881266399671,-89.83014845560561,7.141335791608896,0.0458132516895529,0.1605646679258371,0.9217537164769686,0.8264739215903327,1775.199951171875,0.0731471427709091
2020-04-07,1514.0115966796875,1775.199951171875,0.0,1785.8499755859375,1705.0,1710.0,0.0,5427577,0.0731471427709091,-0.02702112843416,-0.1646314626091641,1777.1299865722656,1992.8810009765623,1804.4800884422043,54.42596721379815,-75.34011084139411,-86.9321409327633,11.592030091369196,0.0490939463620672,-0.0536655967558495,0.9989139593530166,0.8907706733628259,1705.449951171875,-0.0392913485345441
2020-04-08,1454.52392578125,1705.449951171875,0.0,1806.0,1701.0,1760.0,0.0,6285615,-0.0392913485345441,-0.0410739661670649,-0.1941931108611522,1756.5799865722656,1983.1710009765625,1795.0486467974113,52.574464145068085,-74.28810672577788,-84.40333409136622,10.11522736558834,0.0495820870707519,0.1580885909126669,0.970892281711484,0.85996111799339,1766.1500244140625,0.0355918232607637
2020-04-09,1506.2933349609375,1766.1500244140625,0.0,1778.800048828125,1731.199951171875,1750.449951171875,0.0,5307397,0.0355918232607637,-0.0328295011080315,-0.1045453158538042,1746.269989013672,1974.8260034179689,1792.2963970466162,55.7093947413916,-67.77512778139362,-81.0776928293717,13.302565047978078,0.0485509361428021,-0.1556280491248668,1.0113842850907715,0.8943319671491381,1759.25,-0.0039068167022513
2020-04-13,1500.4083251953125,1759.25,0.0,1787.0,1746.0,1761.0,0.0,2990438,-0.0039068167022513,0.0295537673738113,-0.0995290761282147,1736.5474914550782,1966.6260034179688,1789.1491211374146,56.35142164897478,-62.45042966960591,-77.35224019741854,14.901810527812628,0.0485362742560975,-0.4365527960316516,1.0130733588667356,0.8945523942744822,1735.1500244140625,-0.0136990055909833
2020-04-15,1479.8544921875,1735.1500244140625,0.0,1812.0,1727.800048828125,1785.0,0.0,4761399,-0.0136990055909833,0.0489360873120812,-0.0196061539964069,1734.8124938964845,1957.65400390625,1784.0063500209048,46.249252402124384,-59.48947701144698,-73.77968756022423,14.290210548777251,0.0437870329135349,0.5922078973046758,1.0001945631120168,0.8863415194675827,1716.050048828125,-0.0110076796341499
2020-04-16,1463.5643310546875,1716.050048828125,0.0,1764.9000244140625,1675.050048828125,1709.949951171875,0.0,6245533,-0.0110076796341499,-0.0333201351795345,-0.0499640134863261,1730.2999938964845,1948.883002929688,1777.5343213358783,53.21050712653103,-58.0153443258821,-70.6268189133558,12.611474587473708,0.0435711575779143,0.3117012457893153,0.991764465631032,0.8805300504178276,1806.199951171875,0.0525333759381392
2020-04-17,1540.4501953125,1806.199951171875,0.0,1851.949951171875,1753.0,1800.0,0.0,9895823,0.0525333759381392,0.0590753190562824,0.0647252565300673,1735.789990234375,1942.25,1780.264381320259,56.61806797586848,-49.00780833881981,-66.30301679844861,17.295208459628796,0.0428358729203028,0.5844641282017083,1.040563640379095,0.9299523496830352,1818.6500244140625,0.0068929651083811
2020-04-20,1551.068603515625,1818.6500244140625,0.0,1830.0,1802.5,1830.0,0.0,3244282,0.0068929651083811,0.0297256740788016,0.0968938627346576,1743.822491455078,1937.0419995117188,1783.9201568530025,54.594338766503135,-40.39896024600307,-61.12220548795951,20.72324524195644,0.0423757700113619,-0.6721564239780764,1.042910062994168,0.9388800164748622,1737.6500244140625,-0.0445385307302853
2020-04-21,1481.986328125,1737.6500244140625,0.0,1794.5999755859375,1727.699951171875,1765.0,0.0,5122541,-0.0445385307302853,-0.0122779454801407,0.0503203570910757,1747.9849914550782,1929.745,1779.5134775731033,46.60163722393892,-39.65528769184744,-56.82882192873709,17.173534236889658,0.0438129768221176,0.5789444320808117,0.994087496693886,0.9004557723502652,1769.5,0.0183293385540492
2020-04-22,1509.150146484375,1769.5,0.0,1790.0,1719.1500244140625,1737.6500244140625,0.0,3829836,0.0183293385540492,0.0197965450264376,0.0813701386626566,1754.642492675781,1922.98,1778.5598130423314,46.48562300319489,-36.07998735120236,-52.67905501323015,16.599067662027785,0.0437995225627664,-0.2523562036887553,1.008467541043966,0.9201863773934206,1878.25,0.0614580389940662
2020-04-23,1601.8994140625,1878.25,0.0,1900.0,1760.8499755859375,1780.0,0.0,5934366,0.0614580389940662,0.0945193593174278,0.044952600085163,1758.6824951171875,1917.6139990234376,1788.0541165621094,55.90062111801242,-24.19244449341818,-46.98173290926776,22.789288415849576,0.0402770267708584,0.5495091695832406,1.0679869761681149,0.979472407354408,1818.550048828125,-0.0317848801660455
2020-04-24,1550.9832763671875,1818.550048828125,0.0,1851.949951171875,1807.800048828125,1840.699951171875,0.0,2987102,-0.0317848801660455,0.0068376137693044,0.0891478121873214,1766.125,1911.417998046875,1790.9584910636347,49.55969400053622,-19.36553443344156,-41.45849321410252,22.092958780660965,0.0373254596171619,-0.496643449359207,1.029683657061717,0.9514141075820964,1836.5999755859373,0.0099254495467109
2020-04-27,1566.3775634765625,1836.5999755859373,0.0,1875.0,1825.0,1832.300048828125,0.0,3374741,0.0099254495467109,0.0098699315046377,0.078354783347865,1772.7974975585937,1905.4189965820312,1795.305299113378,58.43282025847248,-13.923197244136643,-35.951434020109346,22.0282367759727,0.0371784480098636,0.1297709284785052,1.0359897157544553,0.9638824735559252,1859.050048828125,0.0122237142222685
2020-04-28,1585.5245361328125,1859.050048828125,0.0,1868.0,1832.5999755859373,1865.0,0.0,2678505,0.0122237142222685,0.0698644852003491,0.0621322041742564,1778.2349975585937,1899.3609985351563,1801.3762276576394,64.10910609784929,-7.709699902778539,-30.303087196643187,22.593387293864648,0.0368286447826742,-0.2063079803753829,1.0454467780582912,0.9787765728905036,1905.6500244140625,0.0250665524660362
2020-04-29,1625.2681884765625,1905.6500244140625,0.0,1912.550048828125,1850.050048828125,1874.0,0.0,4241510,0.0250665524660362,0.0769426529607586,0.0640442649819084,1783.9700012207031,1894.4060009765624,1811.3070654439653,60.01075035733041,0.9636615926369814,-24.049737438787155,25.013399031424136,0.0368824112853911,0.5835363383678582,1.0682074379670612,1.0059353820837262,2014.449951171875,0.0570933410458016
2020-04-30,1718.060546875,2014.449951171875,0.0,2032.0,1942.199951171875,1980.0,0.0,5915544,0.0570933410458016,0.0725142825352722,0.1041106885019869,1793.4674987792969,1891.28,1830.6540069418616,72.37185531005971,16.42724482365543,-15.95434098629864,32.38158580995407,0.0386572176000924,0.394678781848917,1.1232151976787912,1.0651251803920494,1930.449951171875,-0.0416987277103282
2020-05-04,1646.4193115234375,1930.449951171875,0.0,1966.0,1913.6500244140625,1966.0,0.0,3729348,-0.0416987277103282,0.0615324843085063,0.0854371386965842,1801.0649963378903,1886.05,1840.1583825828152,61.507212307509214,21.654528040849986,-8.432567180868915,30.087095221718897,0.0395166262781317,-0.3695680397272001,1.0718380264438336,1.0235412375980886,1932.75,0.0011914573733076
2020-05-05,1648.3809814453125,1932.75,0.0,1977.0,1927.0,1955.0999755859373,0.0,2905528,0.0011914573733076,0.0523521864816467,0.0584031684135157,1806.3974975585936,1881.0210009765624,1848.976631860642,62.230371336168616,25.686682285159577,-1.6087172876632163,27.295399572822795,0.0391823977256588,-0.2209018841899442,1.069947230668873,1.0275004898917033,1903.5999755859373,-0.015082149483411
2020-05-06,1623.5196533203125,1903.5999755859373,0.0,1953.699951171875,1893.5999755859373,1939.800048828125,0.0,3517431,-0.015082149483411,0.0239638124782572,0.1140307099259325,1816.1399963378904,1875.028000488281,1854.1788550725748,61.79043786058467,26.22769369385128,3.958564908639684,22.2691287852116,0.0361254716205923,0.2105995880955199,1.0481570690719897,1.0152381591582715,1891.6500244140625,-0.0062775537534857
2020-05-07,1613.32861328125,1891.6500244140625,0.0,1934.449951171875,1883.3499755859373,1910.0,0.0,3166754,-0.0062775537534857,-0.0073465745654449,0.1435437554413976,1828.0125,1868.5460009765625,1857.7475378670024,62.41515964511914,25.399399476763847,8.246731822264517,17.152667654499332,0.0351494822099888,-0.0996969094773998,1.0348124120672384,1.012364706796314,1893.4000244140625,0.0009251182710405
2020-05-08,1614.820556640625,1893.4000244140625,0.0,1939.5,1886.25,1939.0999755859373,0.0,2686530,0.0009251182710405,-0.0600908087527285,0.0665840899579561,1833.9225036621087,1862.4869995117188,1861.1430127762465,57.04590203323635,24.600600309795027,11.51750551977062,13.083094790024408,0.0315556570163036,-0.1516455019872083,1.0324318615607715,1.0165977131171644,1935.300048828125,0.0221295150912597
2020-05-11,1650.5555419921875,1935.300048828125,0.0,1951.4000244140625,1909.0,1909.0,0.0,2449841,0.0221295150912597,0.0025124182335345,0.1347738744829842,1845.4150085449216,1858.0569995117187,1868.20558763833,58.997304001553154,27.036863875145627,14.62137719084562,12.415486684300006,0.0301072959784687,-0.0881021243016084,1.0487072229644845,1.0415719481892671,1949.5,0.0073373383008352
2020-05-12,1662.66650390625,1949.5,0.0,1956.5,1910.25,1933.4000244140625,0.0,3256595,0.0073373383008352,0.0086664079679212,0.103813364126168,1854.5825073242188,1854.7399975585936,1875.947912625156,68.21739082057013,29.77026460957109,17.651154674590714,12.119109934980372,0.0293366546539483,0.3293087184025412,1.0511799784053435,1.051090720298338,1949.6500244140625,7.69553290906888e-05
2020-05-13,1662.794189453125,1949.6500244140625,0.0,1994.0,1925.6500244140625,1994.0,0.0,2656665,7.69553290906888e-05,0.024191032474641,0.1082279519193192,1864.1025085449216,1850.61,1882.9671613669564,66.38472618606961,31.58452337630206,20.437828414932984,11.146694961369075,0.0292839326140378,-0.1842200212184812,1.045892066276933,1.0535175020204488,1902.3499755859373,-0.0242607894934069
2020-05-14,1622.453369140625,1902.3499755859373,0.0,1923.0999755859373,1891.0999755859373,1910.0,0.0,2263146,-0.0242607894934069,0.0056564116161967,0.0963605157014224,1872.462506103516,1846.1849975585933,1884.8131436735264,52.46774310882606,28.87279032831998,22.124820797610383,6.747969530709597,0.0297410816504683,-0.1481251870296029,1.0159615850170565,1.0304221830973692,1892.9000244140625,-0.0049675145441964
2020-05-15,1614.39404296875,1892.9000244140625,0.0,1917.4000244140625,1865.199951171875,1916.0,0.0,3173682,-0.0049675145441964,-0.0002640752052143,0.1030564205902424,1881.3050048828125,1841.932998046875,1885.5833227916723,58.48647277905423,25.665336247633604,22.832923887615028,2.8324123600185764,0.0296000234054889,0.4023319750471246,1.006163285326492,1.0276704019208254,1945.5999755859373,0.0278408529199463
2020-05-18,1659.34033203125,1945.5999755859373,0.0,1952.949951171875,1872.0999755859373,1907.0,0.0,3727694,0.0278408529199463,0.0053221342933613,0.0771786226234911,1888.275006103516,1840.841997070312,1891.2991944863645,61.52951250891576,27.063875893312343,23.67911428875449,3.384761604557852,0.0279991479726815,0.1745644333616285,1.0303583796306834,1.0569076426343742,1948.6500244140625,0.0015676649189957
2020-05-19,1661.941162109375,1948.6500244140625,0.0,1966.449951171875,1903.0,1903.0,0.0,3198693,0.0015676649189957,-0.0004359967098935,0.0714815925300875,1894.775006103516,1839.788996582031,1896.761178289002,59.88307854214685,28.094486338258093,24.562188698655213,3.5322976396028807,0.0279964508469975,-0.1419110581501593,1.028433464731698,1.0591703874924103,1953.5999755859373,0.0025401950631762
2020-05-20,1666.1632080078125,1953.5999755859373,0.0,1962.9000244140625,1931.699951171875,1950.0,0.0,2778505,0.0025401950631762,0.0020259795975752,0.1242770109848174,1905.5725036621093,1838.136997070312,1902.1743970791863,55.82411788498786,28.976647477345296,25.44508045439323,3.531567022952064,0.0255916962329745,-0.1313624033316107,1.025203696963264,1.0628152192680165,1991.199951171875,0.0192465069900815
2020-05-21,1698.23095703125,1991.199951171875,0.0,1998.0,1941.1500244140625,1946.0,0.0,3400908,0.0192465069900815,0.0467053784667415,0.1252896022446312,1916.6575012207031,1836.2969970703125,1910.6530212784903,46.58540118452502,32.33700941394318,26.823466246303223,5.513543167639956,0.0256154203274683,0.2240064351152868,1.0388918989979672,1.0843561549949163,2020.3499755859373,0.0146394260390105
2020-05-22,1723.0924072265625,2020.3499755859373,0.0,2032.0,1961.25,1977.0999755859373,0.0,3663418,0.0146394260390105,0.0673305243425765,0.0756555174156461,1923.7625,1834.2029956054685,1921.100350260152,65.7388011377843,36.9266167601038,28.84409634906334,8.08252041104046,0.0222161622417346,0.077188209736929,1.0502075882994586,1.1014865750554623,1943.0,-0.0382854339696786
2020-05-26,1657.1226806640625,1943.0,0.0,2024.0,1925.0,2015.0,0.0,4575317,-0.0382854339696786,-0.0013363361526329,0.0684336134999807,1929.9849975585937,1830.733996582031,1923.1860311877565,51.42104571960071,33.93127840325883,29.86153275990244,4.069745643356391,0.0228052542760255,0.2489202706325076,1.0067435770007902,1.0613229467675636,2005.300048828125,0.0320638439671254
2020-05-27,1710.25634765625,2005.300048828125,0.0,2010.0,1941.25,1959.0,0.0,3482160,0.0320638439671254,0.0290714205754296,0.0918545548757108,1938.4200012207032,1831.3929980468747,1931.0064138201728,62.91265771422218,36.16762656691162,31.12275152130428,5.044875045607348,0.0236519576514543,-0.2389248657524713,1.034502351175341,1.094958892475136,2004.300048828125,-0.0004986784898272
2020-05-28,1709.4036865234375,2004.300048828125,0.0,2014.0,1971.300048828125,1988.5,0.0,3475681,-0.0004986784898272,0.0259521262672934,0.0781313015706921,1945.6825012207032,1832.405,1937.9867600114064,64.71203233612017,37.42781243225909,32.38376370349524,5.044048728763848,0.0236091115553531,-0.0018606267374273,1.0301269850402857,1.093808436905665,1972.3499755859373,-0.0159407635901961
2020-05-29,1682.1544189453125,1972.3499755859373,0.0,2002.6500244140625,1962.4000244140625,1982.0,0.0,7237735,-0.0159407635901961,-0.0094666412455685,0.0350011546282655,1949.0174987792968,1836.455,1941.2594472089809,59.556947323437655,35.43988597203156,32.994988157202506,2.444897814829055,0.0234664645251125,1.0823933496773726,1.011971404474949,1.0739985328178134,2045.25,0.0369609984619518
2020-06-01,1744.32861328125,2045.25,0.0,2060.0,1981.0999755859373,1990.0,0.0,3747773,0.0369609984619518,0.0123246094562607,0.0152895577327238,1950.5575012207032,1841.2339990234373,1951.1633093795533,62.38035571238418,39.29390694964718,34.25477191569144,5.039135033955738,0.0213107710177459,-0.4821898010910872,1.04854637646931,1.1108039505488003,2047.1500244140625,0.0009289937240251
2020-06-02,1745.9493408203125,2047.1500244140625,0.0,2081.0,2040.050048828125,2060.199951171875,0.0,2443886,0.0009289937240251,0.0536026888389411,0.0604522656344159,1956.3925048828123,1848.248999023437,1960.3049012876024,61.30862730806127,42.01721414235203,35.807260361023566,6.2099537813284655,0.018802147128909,-0.347909812040377,1.046390240866664,1.107615924854129,2046.1500244140625,-0.0004884839841116
2020-06-03,1750.2259521484375,2046.1500244140625,6.0,2063.75,2020.0,2051.85009765625,0.0,3699799,-0.0004884839841116,0.0203710041346729,0.0586728880683287,1962.062506103516,1856.0119995117184,1968.480627299646,61.15348800460514,43.59225864783525,37.36426001838591,6.2279986294493455,0.0188149022866274,0.5138999936985604,1.0428566969956208,1.102444394191614,2091.550048828125,0.0221880232985669
2020-06-04,1789.060302734375,2091.550048828125,0.0,2100.0,2046.75,2046.75,0.0,4048593,0.0221880232985669,0.0435314064134326,0.098734017468316,1971.460009765625,1864.755,1980.2015245880723,71.9642490211278,47.95114436866197,39.48163688844112,8.469507480220848,0.0187729838874178,0.0942737700075058,1.0609142658068813,1.1216219014444928,2048.25,-0.0207023727939886
2020-06-05,1752.02197265625,2048.25,0.0,2098.0,2040.300048828125,2091.60009765625,0.0,3573289,-0.0207023727939886,0.0384820266958527,0.0827848563766144,1979.2900085449216,1872.993000488281,1986.682331770161,66.72047340823183,47.365639036939,41.05843731814071,6.3072017187982965,0.0194879431561691,-0.1173997979050993,1.0348407717703654,1.093570557640114,2071.75,0.0114732088368119
2020-06-08,1772.1231689453125,2071.75,0.0,2095.0,2062.10009765625,2078.25,0.0,2957841,0.0114732088368119,0.0129568512406796,0.0941956128056618,1988.2075073242188,1878.479001464844,1994.784014458717,64.4883382042733,48.24177430083751,42.49510471468007,5.746669586157438,0.0195383120813319,-0.1722357189692745,1.04201900071699,1.1028869624757285,2072.050048828125,0.0001448286849885
2020-06-09,1772.38037109375,2072.050048828125,0.0,2095.5,2060.25,2063.10009765625,0.0,2909439,0.0001448286849885,0.0121632631302581,0.070660877667422,1995.045007324219,1886.5260034179685,2002.1426843986608,64.26259382069443,48.40237677250798,43.67655912624565,4.725817646262328,0.0191196117393322,-0.0163639627687898,1.038598147521086,1.0983416316944627,2108.75,0.0177119038184581
2020-06-10,1803.7723388671875,2108.75,0.0,2132.0,2073.5,2077.050048828125,0.0,5168397,0.0177119038184581,0.0305940301732585,0.0816876122082586,2003.0075073242188,1894.6380029296872,2012.2957620749787,66.70614310308977,50.90424231504858,45.12209576400624,5.782146551042338,0.0193656890346995,0.7764239085266954,1.052791860384508,1.1130094491608584,2067.64990234375,-0.019490265634262
2020-06-11,1768.616455078125,2067.64990234375,0.0,2105.0,2061.800048828125,2100.0,0.0,2269513,-0.019490265634262,-0.0114270019489928,0.0605236203688148,2008.9075012207031,1900.985,2017.5675849577187,58.17034255850422,49.005647786739246,45.898806168552845,3.106841618186401,0.0200620204584034,-0.560886479889219,1.0292409685798636,1.0876729181680815,2039.5,-0.0136144432922813
2020-06-12,1744.5377197265625,2039.5,0.0,2049.199951171875,2011.0,2011.199951171875,0.0,2842642,-0.0136144432922813,-0.004271939460515,0.0720950541037117,2015.7650024414063,1905.956000976562,2019.6563863903168,52.05098162160864,44.714099775180784,45.66186488987844,-0.9477651146976528,0.0194281207248413,0.2525339136634159,1.0117746848118938,1.070066674653042,2029.9000244140625,-0.004707024067633
2020-06-15,1736.3255615234375,2029.9000244140625,0.0,2059.0,2000.949951171875,2039.0999755859373,0.0,2399022,-0.004707024067633,-0.0202003019601484,0.072375718861543,2022.6150024414064,1910.064001464844,2020.6319709640068,60.88699280516566,40.07640342564946,44.54477259703265,-4.468369171383188,0.0194221146719702,-0.1560590464785928,1.003601783811483,1.0627392709654315,2045.800048828125,0.0078329101053398
2020-06-16,1749.9263916015625,2045.800048828125,0.0,2073.949951171875,2031.0,2065.0,0.0,2146528,0.0078329101053398,-0.0126686129106031,0.0515008606597107,2027.625006103516,1915.410002441406,2023.0289307605888,55.74142012653496,37.25454751046436,43.086727579719,-5.832180069254633,0.0186104019204024,-0.1052487221876248,1.0089637100893405,1.0680742223443138,2047.800048828125,0.000977612646527
2020-06-17,1751.63720703125,2047.800048828125,0.0,2058.85009765625,2026.550048828125,2046.0,0.0,2703527,0.000977612646527,-0.0289033556238885,0.0508813913077468,2032.5825073242188,1919.8440039062496,2025.38808486226,56.14927565442352,34.77868264802078,41.42511859337935,-6.646435945358576,0.0186127232226829,0.259488345831035,1.0074868013716891,1.0666491885077782,2038.0999755859373,-0.004736826355551
2020-06-18,1743.340087890625,2038.0999755859373,0.0,2059.199951171875,2025.199951171875,2045.0,0.0,1944389,-0.004736826355551,-0.014291552319528,0.0432534812940177,2036.8075073242187,1926.4310034179684,2026.5987411216568,59.91853390492184,31.668769204871523,39.47384871567779,-7.805079510806266,0.0186859466012385,-0.2807954202047917,1.0006345559200225,1.0579667644311372,2044.5999755859373,0.0031892449231452
2020-06-19,1748.8997802734375,2044.5999755859373,0.0,2090.0,2032.0,2042.0,0.0,5681758,0.0031892449231452,0.0025006009247057,0.026818012115074,2039.4775085449216,1934.2390039062493,2028.31314440397,49.87737709961488,29.38984819722032,37.457048611986295,-8.067200414765978,0.0182589083222526,1.9221302938866656,1.0025116565490688,1.0570565330638098,2027.949951171875,-0.0081434141704372
2020-06-22,1734.657958984375,2027.949951171875,0.0,2052.25,2019.1500244140625,2050.0,0.0,3196138,-0.0081434141704372,-0.0009606745252147,0.0037617124150648,2039.857507324219,1939.2940039062496,2028.278554572342,46.56896684863771,25.941234654522987,35.153885820493635,-9.212651165970648,0.01810489908499,-0.4374737537219994,0.9941625549286708,1.0457155784976642,2035.300048828125,0.0036243979551875
2020-06-23,1740.945068359375,2035.300048828125,0.0,2044.0,2010.0,2027.0,0.0,4205944,0.0036243979551875,-0.0051324663942668,0.0475038851405686,2044.472509765625,1945.891005859375,2028.947268310988,48.10414722992582,23.53003542807073,32.82911574200905,-9.29908031393832,0.0156587520871204,0.3159456819448972,0.9955135317820676,1.045947610991328,2042.199951171875,0.0033901155496569
2020-06-24,1746.8470458984375,2042.199951171875,0.0,2064.25,2031.5999755859373,2034.0,0.0,2560937,0.0033901155496569,-0.0027346896780545,0.018401187575552,2046.3175048828125,1951.4120043945309,2030.2094285834528,40.03632778804683,21.923190233308105,30.647930640268864,-8.724740406960759,0.0140316931598453,-0.3911148127507166,0.9979878226613844,1.046524233003021,2016.0999755859373,-0.0127803232837023
2020-06-25,1724.521728515625,2016.0999755859373,0.0,2060.0,2009.25,2035.0,0.0,3043931,-0.0127803232837023,-0.010794367432184,0.0058873055282873,2046.9075012207031,1956.5490039062497,2028.865671155119,43.02451416878589,18.33237967519108,28.18482044725331,-9.85244077206223,0.0143657339977457,0.1886005005199268,0.9849492340927016,1.030436739156951,2118.85009765625,0.0509647950570757
2020-06-26,1812.4112548828125,2118.85009765625,0.0,2132.0,2019.949951171875,2025.0,0.0,6300722,0.0509647950570757,0.0363152318091142,0.0742769406462922,2054.2325073242187,1964.2230053710928,2037.4356165361787,57.60414400267395,23.50674148654616,27.24920465511188,-3.74246316856572,0.0177531135041947,1.0699293118010889,1.0314558308768078,1.0787217601373849,2101.64990234375,-0.0081177027726151
2020-06-29,1797.698974609375,2101.64990234375,0.0,2127.60009765625,2091.300048828125,2108.0,0.0,3076341,-0.0081177027726151,0.0363420956859841,0.0275760431945972,2057.0525024414064,1971.935002441406,2043.5512628035665,54.53150988035925,25.92075021425694,26.98351376694089,-1.062763552683954,0.0160972546079163,-0.5117478600071548,1.0216802438680652,1.0657805149468655,2082.14990234375,-0.0092784245264893
2020-06-30,1781.0194091796875,2082.14990234375,0.0,2111.89990234375,2075.050048828125,2100.0,0.0,3071725,-0.0092784245264893,0.0230186470749607,0.0170968798145143,2058.8024963378907,1977.454001464844,2047.227323712156,45.70134711166381,25.96111887312759,26.77903478817824,-0.8179159150506479,0.016276536468282,-0.001500483854033,1.0113402844844943,1.0529447970983652,2092.050048828125,0.0047547712454472
2020-07-01,1789.4876708984375,2092.050048828125,0.0,2113.949951171875,2079.5,2079.699951171875,0.0,2503466,0.0047547712454472,0.0244099984566372,0.0224323846572327,2061.0974975585937,1982.922001953125,2051.496154675581,54.38535369180936,26.4866488083394,26.72055759221047,-0.2339087838710725,0.0162939932130514,-0.1849967038064931,1.0150175095094702,1.0550339583541422,2157.14990234375,0.031117732365959
2020-07-02,1845.1722412109373,2157.14990234375,0.0,2165.0,2098.0,2102.0,0.0,3758699,0.031117732365959,0.0699617719685847,0.0313642284354513,2064.377490234375,1991.3119995117183,2061.558416358264,68.6656761094963,31.78969734220664,27.734385542209704,4.055311799996932,0.0170052136860692,0.5013980617272213,1.044939654955665,1.0832807228966108,2199.64990234375,0.0197019224087411
2020-07-03,1881.526123046875,2199.64990234375,0.0,2205.0,2160.25,2163.64990234375,0.0,4185208,0.0197019224087411,0.0381337994494637,0.0739167105303306,2071.9474853515626,1999.9149975585933,2074.70998645212,74.38581748431989,38.97254508421429,29.982017450610623,8.990527633603666,0.01660139332897,0.1134725073755573,1.0616340027413964,1.0998716970616171,2263.199951171875,0.0288909834062283
2020-07-06,1935.8846435546875,2263.199951171875,0.0,2269.89990234375,2205.0,2205.0,0.0,5190366,0.0288909834062283,0.0768682018103801,0.0924097749110051,2081.519982910156,2007.613996582031,2092.661411663525,77.47026293983976,49.22552034319597,33.830718029127695,15.394802314068272,0.0174649825801715,0.240169186334347,1.087282356044314,1.1273083147582057,2269.89990234375,0.0029603885279361
2020-07-07,1941.61572265625,2269.89990234375,0.0,2302.699951171875,2232.14990234375,2275.0,0.0,5630055,0.0029603885279361,0.0901712214805769,0.0954850746136761,2091.412475585937,2016.640993652344,2109.541267918785,77.73471988488083,57.23197261573068,38.51096894644829,18.72100366928239,0.0174387496830985,0.0847125231631064,1.0853430056678832,1.1255845286734594,2218.89990234375,-0.0224679510965839
2020-07-08,1897.9923095703125,2218.89990234375,0.0,2274.39990234375,2207.60009765625,2270.0,0.0,2793358,-0.0224679510965839,0.0606342346286985,0.0522346899081209,2096.919970703125,2024.2869921875,2119.956375959258,70.466356898847,58.78424180229513,42.56562351761766,16.21861828467747,0.0181617796931611,-0.5038488966804054,1.0581710000118525,1.0961389916090634,2204.35009765625,-0.0065572154346086
2020-07-09,1885.54638671875,2204.35009765625,0.0,2244.5,2191.050048828125,2229.0,0.0,3443998,-0.0065572154346086,0.0218808137817483,0.0661138015471312,2103.75498046875,2031.1929931640625,2127.9938732637333,67.75987534310639,58.16983304972018,45.68646542403817,12.483367625682014,0.0175499152195523,0.2329239574734065,1.0478169359651786,1.0852489670232934,2222.35009765625,0.0081656720586889
2020-07-10,1900.94287109375,2222.35009765625,0.0,2249.85009765625,2176.0,2205.25,0.0,9610320,0.0081656720586889,0.0103199128590021,0.089654374923388,2112.8974853515624,2037.5269946289056,2136.980180348735,71.54734032362289,58.4614520264804,48.241462744526615,10.219989281953788,0.0171121183219502,1.790454582145518,1.051802140455705,1.0907095236110018,2220.0,-0.0010574830935632
2020-07-13,1898.9329833984373,2220.0,0.0,2244.949951171875,2210.0,2220.0,0.0,2963503,-0.0010574830935632,-0.0190879958041295,0.0936499203406879,2122.402484130859,2041.6379956054684,2144.886829839332,70.70162639979947,57.8362288815465,50.1604159719306,7.675812909615907,0.0170287099382014,-0.6916332650733794,1.045984452335914,1.087362208569025,2171.949951171875,-0.021644166138795
2020-07-14,1857.8316650390625,2171.949951171875,0.0,2239.0,2165.0,2210.0,0.0,2976738,-0.021644166138795,-0.0431516610361268,0.0616628699447001,2128.7099792480467,2046.4679956054688,2147.464269966241,63.3145135954568,52.85422703661607,50.69917818486769,2.155048851748376,0.0179849249683015,0.0044659985159454,1.0203127585934006,1.0613163537547927,2233.89990234375,0.0285227342087002
2020-07-15,1910.822265625,2233.89990234375,0.0,2260.0,2181.10009765625,2185.0,0.0,5569321,0.0285227342087002,0.0067601066565265,0.0908779417317244,2138.014971923828,2052.490993652344,2155.696234954575,70.81818345169708,53.290498311004285,51.217442210095015,2.0730561009092696,0.0188441517327183,0.8709476615006091,1.0448476421723292,1.0883847526018104,2234.75,0.0003805442022528
2020-07-16,1915.8377685546875,2234.75,5.0,2333.0,2220.10009765625,2244.0,0.0,8582118,0.0003805442022528,0.013790868508624,0.0964869372306074,2147.8474731445312,2059.113994140625,2163.2251649589016,63.758291619233546,53.0928212215108,51.59251801237818,1.5003032091326247,0.0187462629703434,0.5409630725181759,1.040460287772781,1.0852968832027567,2200.75,-0.0152142297796173
2020-07-17,1886.689453125,2200.75,0.0,2243.89990234375,2190.050048828125,2237.0,0.0,4509135,-0.0152142297796173,-0.0097194846478194,0.0763719193380669,2155.6549743652345,2065.295993652344,2166.79895877234,61.3127965361016,49.62064890100692,51.19814419010393,-1.5774952890970155,0.0192727787983031,-0.4745894894477097,1.0209194078695476,1.0655857595056455,2207.89990234375,0.0032488480489605
2020-07-20,1892.8194580078125,2207.89990234375,0.0,2226.89990234375,2190.800048828125,2201.0,0.0,2952646,0.0032488480489605,-0.0054504944397522,0.088734907421107,2164.652471923828,2071.5859912109377,2170.7133343505693,64.77152929057243,46.90517107161213,50.33954956640557,-3.4343784947934424,0.0190665695939546,-0.3451857174380452,1.0199789254768854,1.06580171506814,2225.050048828125,0.007767628625813
2020-07-21,1907.5218505859373,2225.050048828125,0.0,2238.64990234375,2201.14990234375,2230.0,0.0,2665286,0.007767628625813,0.0244481221252819,0.0932294971000728,2174.139971923828,2077.3809912109373,2175.888259538908,65.36151882686146,45.61123094110644,49.39388584134575,-3.782654900239308,0.0190798566372678,-0.0973228758205352,1.0234161910280544,1.0710842441718451,2190.949951171875,-0.0153255418565572
2020-07-22,1878.2882080078125,2190.949951171875,0.0,2231.0,2184.199951171875,2231.0,0.0,2861534,-0.0153255418565572,-0.0192264439095113,0.0728381174990444,2181.577471923828,2082.209990234375,2177.322706361096,54.205030667914805,41.35743836552683,47.78659634618197,-6.429157980655141,0.0195962246513685,0.0736311225136814,1.0042961936344996,1.0522233403198975,2171.199951171875,-0.0090143547046505
2020-07-23,1861.3564453125,2171.199951171875,0.0,2190.949951171875,2163.0,2190.949951171875,0.0,2265766,-0.0090143547046505,-0.0284372072169706,0.0769306966242391,2189.332470703125,2086.640988769532,2176.739586819265,46.24819462214722,35.97788648020924,45.42485437298743,-9.44696789277819,0.0194470409117221,-0.2081988192347181,0.9917177862321538,1.0405239630858625,2157.39990234375,-0.0063559548353326
2020-07-24,1849.5260009765625,2157.39990234375,0.0,2163.0,2125.10009765625,2154.5,0.0,3665100,-0.0063559548353326,-0.0196978746592071,0.0181937385424959,2191.2599609375,2091.7419873046874,2174.8977121073112,33.940497604917795,30.252274851802667,42.39033846875048,-12.13806361694781,0.0160758308818024,0.6175986399301605,0.9845476761327472,1.0313891079480917,2206.800048828125,0.0228980016318289
2020-07-27,1891.87646484375,2206.800048828125,0.0,2215.0,2163.5,2165.0,0.0,4248480,0.0228980016318289,-0.0004981446461669,0.0500321896463877,2196.517468261719,2098.0199877929685,2177.936029890246,41.52112395128215,29.362393952496404,39.78474956549967,-10.422355613003262,0.0166338629469919,0.1591716460669558,1.0046813106269277,1.0518489154860668,2309.75,0.0466512365841864
2020-07-28,1980.1348876953125,2309.75,0.0,2320.0,2215.0,2215.0,0.0,8092319,0.0466512365841864,0.0380665375219242,0.1093101401585228,2207.8974731445314,2105.30298828125,2190.48974132927,60.712184281281125,36.54311135902981,39.13642192420569,-2.593310565175884,0.0190606528174487,0.904756289308176,1.0461310038597074,1.0971104932908773,2276.050048828125,-0.0145903024880938
2020-07-29,1951.244140625,2276.050048828125,0.0,2342.0,2246.050048828125,2292.0,0.0,6090431,-0.0145903024880938,0.0388416438315866,0.0879520067424146,2217.0974731445312,2111.850988769532,2198.6383420434468,58.08888538787859,39.06426864834066,39.12199126903269,-0.0577226206920329,0.0195774177039627,-0.2473812512828523,1.0265899791947264,1.0777512527786175,2279.5,0.0015157624383748
2020-07-30,1954.201416015625,2279.5,0.0,2358.0,2272.25,2285.89990234375,0.0,7098496,0.0015157624383748,0.0498802741634512,0.0567184030758902,2223.214978027344,2118.3689892578127,2206.339452325024,56.66626038301537,40.86956726024846,39.47150646727584,1.3980607929726148,0.0185431651774813,0.1655162007417865,1.0253169497907024,1.0760637129599602,2281.39990234375,0.000833473280873
2020-07-31,1955.8302001953125,2281.39990234375,0.0,2334.800048828125,2257.449951171875,2303.14990234375,0.0,4723290,0.000833473280873,0.0574765947960269,0.0371650051732752,2227.302478027344,2124.17298828125,2213.4880666125214,57.169532267370926,41.96978411169766,39.971161996160205,1.998622115537458,0.0181197691734358,-0.3346069364552717,1.0242883150582758,1.0740179424792131,2254.14990234375,-0.0119444206042111
2020-08-03,1932.46875,2254.14990234375,0.0,2303.85009765625,2230.699951171875,2290.449951171875,0.0,4012337,-0.0119444206042111,0.0214563406144427,-0.0039987844748047,2226.849975585937,2128.848986816406,2217.360622396448,60.08835562299284,40.17970005956568,40.0128696088413,0.166830450724376,0.0172054758451855,-0.1505207175506903,1.012259436898361,1.0588585269802184,2249.699951171875,-0.0019741150165959
2020-08-04,1928.65380859375,2249.699951171875,0.0,2269.64990234375,2225.050048828125,2259.949951171875,0.0,2927928,-0.0019741150165959,-0.025998505824494,-0.0088990493153543,2225.839978027344,2134.982985839844,2220.440558470298,52.25779397163392,37.96434237470248,39.603164162013535,-1.638821787311052,0.0171952406498118,-0.2702686738427006,1.010719536615421,1.053732027886351,2259.5,0.0043561581725688
2020-08-05,1937.0555419921875,2259.5,0.0,2300.0,2253.0,2260.0,0.0,3800641,0.0043561581725688,-0.007271390555162,0.0182973993614428,2227.869982910156,2140.066984863281,2224.160505282651,53.44851515460762,36.57779147541851,38.99808962469453,-2.4202981492760216,0.0164037366338535,0.2980650480476295,1.014197425043865,1.055808073289981,2308.10009765625,0.0215092266679575
2020-08-06,1978.720458984375,2308.10009765625,0.0,2319.5,2265.35009765625,2275.0,0.0,4748047,0.0215092266679575,0.0125466539400087,0.047066026449388,2233.057482910156,2146.142985839844,2232.1547521753746,64.37274621940153,38.95155236194341,38.98878217214431,-0.0372298102008983,0.0169128427987113,0.2492753196105604,1.0336053215469838,1.075464269102754,2295.35009765625,-0.0055240238553548
2020-08-07,1967.7901611328125,2295.35009765625,0.0,2328.0,2287.0,2308.0,0.0,3165491,-0.0055240238553548,0.0061147523054456,0.0328481097901667,2236.707482910156,2152.60298828125,2238.173356506886,61.53543433875009,39.35035018059443,39.06109577383434,0.2892544067600937,0.0169457573671353,-0.3333067259022499,1.0262182762807206,1.0663137188567116,2282.800048828125,-0.0054675967909817
2020-08-10,1957.0308837890625,2282.800048828125,0.0,2325.0,2276.050048828125,2318.0,0.0,2929353,-0.0054675967909817,0.0127099561810801,0.0282883102829392,2239.8474853515627,2157.3539892578124,2242.423517680338,57.71130589901339,38.21321807865479,38.89152023479844,-0.6783021561436442,0.0170127996057243,-0.0745975900737042,1.019176557224306,1.058148111156051,2279.89990234375,-0.0012704338629498
2020-08-11,1954.544189453125,2279.89990234375,0.0,2312.0,2275.60009765625,2283.0,0.0,2774423,-0.0012704338629498,0.0134239906775761,0.0497018594344822,2245.244982910156,2162.0089868164064,2245.9926971720915,62.95701207650611,36.65547362876714,38.444310913592176,-1.7888372848250356,0.0161396190644342,-0.0528888119663284,1.0154348054209552,1.054528411420223,2257.35009765625,-0.0098906994400581
2020-08-12,1935.2127685546875,2257.35009765625,0.0,2296.39990234375,2246.550048828125,2288.35009765625,0.0,3415751,-0.0098906994400581,-0.0009514947305819,0.010497424386785,2246.417492675781,2166.23298828125,2247.074354361059,62.44764258466609,33.21844756186056,37.39913824324585,-4.180690681385293,0.0151408777379025,0.2311572532378804,1.0048666844057763,1.0420624696733545,2254.449951171875,-0.001284757064217
2020-08-13,1932.726318359375,2254.449951171875,0.0,2300.0,2250.5,2273.0,0.0,2695682,-0.001284757064217,-0.0232442893351348,0.0088152818757691,2247.402490234375,2169.490986328125,2247.776792152565,64.47859263171313,29.915712347589302,35.90245306411454,-5.986740716525233,0.015146896507477,-0.2108083990899805,1.0031358250104836,1.0391607825887046,2242.14990234375,-0.0054558979327669
2020-08-14,1922.181396484375,2242.14990234375,0.0,2281.300048828125,2233.10009765625,2277.0,0.0,2270405,-0.0054558979327669,-0.0231773773276773,0.0188117243411336,2249.4724853515627,2173.368984375,2247.240897885059,55.93018750619464,26.00597901282481,33.92315825385659,-7.917179241031782,0.0147648477911962,-0.1577623028235526,0.9967447554680056,1.0316471425069726,2253.39990234375,0.0050175057377921
2020-08-17,1931.8265380859373,2253.39990234375,0.0,2270.0,2238.25,2263.0,0.0,2625630,0.0050175057377921,-0.0128789845170484,0.0206078182945252,2251.7474853515623,2177.001982421875,2247.827469738268,36.34599685285313,23.543869089430245,31.84730042097132,-8.303431331541077,0.0147840950074203,0.1564588696730319,1.0007338376096508,1.035093178848135,2269.75,0.0072557461457436
2020-08-18,1945.843017578125,2269.75,0.0,2289.0,2248.300048828125,2262.800048828125,0.0,3493374,0.0072557461457436,-0.004451907004038,0.0200894138068568,2253.982482910156,2180.9559814453123,2249.9153297631947,48.33332256876942,22.65084068226133,30.008008473229328,-7.357167790967996,0.0147724240911102,0.330489825299071,1.0069954035620925,1.0407133474082515,2256.60009765625,-0.0057935465772662
2020-08-19,1934.5697021484373,2256.60009765625,0.0,2284.60009765625,2252.5,2276.35009765625,0.0,2843005,-0.0057935465772662,-0.0003322479755261,0.0299642383201226,2257.264990234375,2183.912983398437,2250.551974324438,44.23757427421376,20.64405025398355,28.135216829380177,-7.491166575396626,0.0143627872661315,-0.1861721647896847,0.999705443277151,1.0332829718081085,2252.85009765625,-0.0016617920046599
2020-08-20,1931.355224609375,2252.85009765625,0.0,2276.550048828125,2240.050048828125,2257.0,0.0,2895164,-0.0016617920046599,-0.0007096425071638,0.0376060005161227,2261.3474975585937,2187.6169873046874,2250.770843213182,42.88213338787078,18.537373419817413,26.215648147467626,-7.678274727650212,0.0141703251837024,0.0183464327357848,0.9962423290044906,1.0298192557152954,2248.60009765625,-0.0018864992413039
2020-08-21,1927.711181640625,2248.60009765625,0.0,2271.0,2241.050048828125,2260.0,0.0,1975294,-0.0018864992413039,0.0028767903991422,0.042273198962057,2265.907507324219,2191.7989892578125,2250.5641055410933,48.43711756407048,16.33655967886307,24.23983045374672,-7.903270774883648,0.0140674579568436,-0.3177263878661105,0.9923618198836338,1.0259152908988571,2248.10009765625,-0.0002223605702593
2020-08-24,1927.2828369140625,2248.10009765625,0.0,2259.949951171875,2230.0,2250.60009765625,0.0,2167966,-0.0002223605702593,-0.0023519148474213,0.0187149029881781,2267.972509765625,2196.162990722656,2250.329438123489,49.5392136043439,14.386217748726722,22.26910791274272,-7.882890164015997,0.0131970342476627,0.0975409230220919,0.9912378073262322,1.0236490220229528,2242.64990234375,-0.0024243561566418
2020-08-25,1922.610107421875,2242.64990234375,0.0,2250.0,2233.550048828125,2245.0,0.0,1663419,-0.0024243561566418,-0.0119396839547306,-0.0290508053496049,2264.6175048828127,2200.099987792969,2249.598053763514,45.022142084385145,12.259453160314932,20.267176962257164,-8.00772380194223,0.0076680815749854,-0.2327282807940714,0.9902996411130368,1.0193399912671537,2253.5,0.0048380701976313
2020-08-26,1931.912109375,2253.5,0.0,2259.89990234375,2216.449951171875,2242.0,0.0,2618149,0.0048380701976313,-0.0013737913330189,-0.0099075364532231,2263.4900024414064,2204.2139868164063,2249.9696676907984,29.23958368144129,11.319010595985674,18.477543689002864,-7.158533093017191,0.0071266757106156,0.5739564114633775,0.995586460540744,1.0223599040194724,2248.39990234375,-0.002263189552363
2020-08-27,1927.539794921875,2248.39990234375,0.0,2287.35009765625,2241.75,2266.0,0.0,3579393,-0.002263189552363,-0.0019753623719259,-0.0136433856794253,2261.9349975585938,2208.4199853515624,2249.820166229175,31.045630524431687,10.04635965026091,16.791306881254474,-6.744947230993564,0.0071212458433548,0.3671464076337901,0.9940161431564334,1.018103403001863,2238.550048828125,-0.0043808281193027
2020-08-28,1919.0955810546875,2238.550048828125,0.0,2279.949951171875,2235.10009765625,2268.39990234375,0.0,2941136,-0.0043808281193027,-0.0044694691771116,-0.0187822632374113,2259.7925048828124,2212.2989868164063,2248.7468217147893,31.737574360379824,8.149036724013968,15.062852849806374,-6.913816125792407,0.007158937941075,-0.178314311951775,0.9905998201123386,1.011865964848402,2257.25,0.0083535997694865
2020-08-31,1935.127197265625,2257.25,0.0,2276.199951171875,2228.0,2240.0,0.0,6018154,0.0083535997694865,0.004070060026815,0.001375284604199,2259.947509765625,2216.884987792969,2249.556648218143,41.73060604548015,8.061397639109146,13.662561807666927,-5.601164168557784,0.0069500337693889,1.0462005157190963,0.9988063838854804,1.0182079866250602,2246.35009765625,-0.0048288414414663
2020-09-01,1925.7818603515625,2246.35009765625,0.0,2278.0,2241.300048828125,2269.0,0.0,3610908,-0.0048288414414663,0.0016499210637528,-0.0014890223533498,2259.780017089844,2221.1059887695315,2249.251262450344,45.610544979833605,7.031358879763957,12.336321222086337,-5.30496234232238,0.0070236143041169,-0.399997407843003,0.9940569792935472,1.011365557976233,2265.14990234375,0.0083690448372739
2020-09-02,1941.899169921875,2265.14990234375,0.0,2268.75,2241.64990234375,2247.0,0.0,2084137,0.0083690448372739,0.0051696926309074,0.0025005099994468,2260.0625122070314,2225.5649877929686,2250.765418630668,53.78893586119252,7.643918529082839,11.397840683485638,-3.753922154402799,0.0072109666520708,-0.4228219051828515,1.0022509953194836,1.0177864563685632,2299.5,0.0151646024047715
2020-09-03,1971.347412109375,2299.5,0.0,2324.0,2268.0,2268.0,0.0,4654146,0.0151646024047715,0.0227273171480673,-0.0037260505577652,2259.6325073242188,2231.23298828125,2255.4068073325093,67.56511413667687,10.776912728003936,11.273655092389298,-0.4967423643853621,0.0063044027699607,1.2331286283003469,1.0176433524241475,1.03059609286762,2288.800048828125,-0.0046531642408675
2020-09-04,1962.174072265625,2288.800048828125,0.0,2324.25,2262.949951171875,2275.0,0.0,5231303,-0.0046531642408675,0.0224475660154686,-0.0028536164634811,2259.3050048828127,2234.631987304688,2258.5871160463776,60.87896653606815,12.25516663392682,11.469957400696805,0.7852092332300167,0.00626836607633,0.1240092167284825,1.0130549190488085,1.0242402605132188,2327.050048828125,0.0167118136945094
2020-09-07,1994.96630859375,2327.050048828125,0.0,2343.5,2283.35009765625,2289.0,0.0,4620401,0.0167118136945094,0.0309226044204784,0.0193840892997683,2261.5175048828123,2239.139990234375,2265.107395358925,65.52006887786479,16.32496480370719,12.44095888129888,3.884005922408308,0.0071703413228815,-0.1167781717098015,1.028977243732946,1.0392606353230056,2348.199951171875,0.0090887182913839
2020-09-08,2013.097900390625,2348.199951171875,0.0,2390.449951171875,2327.050048828125,2335.949951171875,0.0,7453998,0.0090887182913839,0.0453401513957645,0.0299574769742794,2264.932507324219,2244.4609912109377,2273.0209721030155,73.77983467889652,21.014685325359096,14.155704170110926,6.85898115524817,0.0073702316036114,0.6132794534500361,1.0367637638553866,1.0462199879468468,2327.64990234375,-0.0087514050146664
2020-09-09,1995.480224609375,2327.64990234375,0.0,2359.0,2320.0,2325.0,0.0,3866535,-0.0087514050146664,0.0275919928898882,0.0311426237164056,2268.4474975585936,2249.17298828125,2278.223727364038,67.86051565695311,22.81016405745413,15.886596147579567,6.923567909874564,0.0072814048597259,-0.4812803813470301,1.0260982036608175,1.0348914532014142,2331.14990234375,0.0015036625552991
2020-09-10,1998.480712890625,2331.14990234375,0.0,2348.5,2324.300048828125,2335.0,0.0,2308813,0.0015036625552991,0.0137638192405957,0.0340215807993458,2272.2824951171874,2252.65298828125,2283.264315457344,69.78189391900588,24.23613555345537,17.55650402875473,6.679631524700639,0.0072507064862113,-0.4028728564464048,1.0259067291822477,1.0348464297301254,2374.10009765625,0.018424467370939
2020-09-11,2035.3013916015625,2374.10009765625,0.0,2383.0,2330.14990234375,2330.949951171875,0.0,4145424,0.018424467370939,0.0372684581476652,0.0588498544074018,2278.8800048828125,2256.1419921875,2291.9153423334305,75.08959597707744,28.50338081823156,19.7458793866501,8.757501431581463,0.0079436010007202,0.7954784558125756,1.0417837238333811,1.0522831035800104,2491.39990234375,0.0494081124899916
2020-09-14,2135.861572265625,2491.39990234375,0.0,2505.75,2381.85009765625,2384.10009765625,0.0,7512131,0.0494081124899916,0.0706258353138513,0.1056181815542183,2290.7800048828126,2260.7059912109376,2310.913871858223,84.26783314341986,40.879088669486464,23.97252124321737,16.906567426269092,0.0130978613499742,0.8121502167208952,1.0875771121772124,1.102045074427941,2491.39990234375,0.0
2020-09-15,2135.861572265625,2491.39990234375,0.0,2538.0,2464.60009765625,2491.39990234375,0.0,7318770,0.0,0.0609828609784319,0.0976538836187905,2301.8625,2265.1359912109374,2328.1030176187496,83.78303980030509,50.10929751397998,29.199876497369896,20.90942101661009,0.0131358061727349,-0.0257398333442268,1.082340888017312,1.099889769095873,2503.0,0.004656056077283
2020-09-16,2145.80615234375,2503.0,0.0,2507.60009765625,2477.300048828125,2488.949951171875,0.0,3074003,0.004656056077283,0.0753335359753573,0.1091907700436891,2314.1824951171875,2270.8179931640625,2344.7598730836307,85.49921569908989,57.69526041014751,34.89895327992542,22.79630713022209,0.0129000723781303,-0.5799836584562706,1.08159144980191,1.1022459781166454,2460.949951171875,-0.0167998596996105
2020-09-17,2109.757568359375,2460.949951171875,0.0,2495.75,2450.60009765625,2480.0,0.0,4828176,-0.0167998596996105,0.0556806959078965,0.0923718154759261,2324.5874877929687,2275.949990234375,2355.8255948063206,78.45445413177603,59.62676293897357,39.84451521173505,19.78224772723852,0.0137447896158458,0.5706477840132231,1.0586609297757053,1.081284721426787,2449.89990234375,-0.004490155853378
2020-09-18,2100.28466796875,2449.89990234375,0.0,2500.39990234375,2436.39990234375,2485.0,0.0,4183256,-0.004490155853378,0.0319278048816604,0.0895222787268033,2334.652478027344,2280.500986328125,2364.785052667028,75.140278147704,59.57905574946881,43.791423319281805,15.787632430187005,0.013820736266962,-0.1335742524713266,1.0493638455406364,1.0742814482568488,2465.300048828125,0.0062860308985042
2020-09-21,2113.487060546875,2465.300048828125,0.0,2504.89990234375,2452.14990234375,2465.0,0.0,4598809,0.0062860308985042,-0.0104759791838604,0.0966148933485284,2345.5124755859374,2285.4069873046874,2374.357909444276,78.2406640572107,60.09121643736216,47.05138194289788,13.039834494464287,0.013783109156563,0.09933721483935,1.051070959753588,1.0787137969397722,2522.949951171875,0.0233845378663557
2020-09-22,2162.90966796875,2522.949951171875,0.0,2555.0,2458.0,2485.0,0.0,7499613,0.0233845378663557,0.0126635827505832,0.12498609280708,2359.527478027344,2292.4269873046874,2388.509532465952,80.2227316830238,64.4065343548732,50.52241242529294,13.88412192958026,0.014279190399924,0.6307728805436364,1.0692606781088043,1.1005584758615252,2467.449951171875,-0.0219980582548698
2020-09-23,2115.329833984375,2467.449951171875,0.0,2519.85009765625,2409.0,2510.0,0.0,7502280,-0.0219980582548698,-0.0142029759600978,0.0949411809060905,2370.224975585937,2297.09798828125,2396.027667580802,68.7590635779829,62.62615341440596,52.94316062311555,9.68299279129041,0.0155945329049864,0.0003556183499068,1.0410193026347223,1.0741596413212164,2332.25,-0.054793391496214
2020-09-24,1999.42333984375,2332.25,0.0,2450.0,2302.60009765625,2450.0,0.0,8424708,-0.054793391496214,-0.0522968584186727,0.0372932313192346,2374.41748046875,2299.04798828125,2389.953604001678,53.797075945786,49.73239841412533,52.30100818131751,-2.5686097671921786,0.0204801903472457,0.1229530222812265,0.9822409155864092,1.0144416349236671,2422.300048828125,0.0386108045141493
2020-09-25,2076.623046875,2422.300048828125,0.0,2440.0,2352.10009765625,2368.0,0.0,8228267,0.0386108045141493,-0.0112657066067152,0.082084383190893,2383.60498046875,2303.4789892578124,2393.0342177946727,57.63282075360959,46.247182312853965,51.0902430076248,-4.843060694770834,0.0219733475508534,-0.0233172473158713,1.0162338427199316,1.051583305132988,2426.300048828125,0.0016513230893651
2020-09-28,2080.05224609375,2426.300048828125,0.0,2444.0,2366.0,2440.0,0.0,4347166,0.0016513230893651,-0.0158195753975417,0.0748920362512459,2392.057482910156,2307.8469921875,2396.202392178811,56.435403753197605,43.30865479974591,49.53392536604903,-6.2252705663031165,0.0219574858487556,-0.4716790303474595,1.0143151099681391,1.0513262174839195,2488.39990234375,0.0255944657568707
2020-09-29,2133.290283203125,2488.39990234375,0.0,2511.050048828125,2426.300048828125,2434.85009765625,0.0,6995811,0.0255944657568707,-0.0136943060690034,0.1077524847707598,2404.1599731445312,2313.1139892578126,2404.9831074326144,62.39685168407489,45.46667819898721,48.72047593263667,-3.2537977336494563,0.0223746597692978,0.6092808510188017,1.0350392362156486,1.0757791937189312,2492.300048828125,0.0015673310711439
2020-09-30,2136.634033203125,2492.300048828125,0.0,2505.0,2460.0,2489.0,0.0,3917166,0.0015673310711439,0.0100711658384187,0.1002804036277436,2415.51748046875,2319.140991210937,2413.299006613139,62.420045151416055,46.95042128604655,48.366465003318645,-1.416043717272096,0.0223783417588326,-0.4400697789005449,1.0317872128768346,1.0746651705409134,2523.449951171875,0.0124984559376775
2020-10-01,2163.33837890625,2523.449951171875,0.0,2540.0,2492.300048828125,2510.0,0.0,2610337,0.0124984559376775,0.0819808987766641,0.0973907158825289,2426.714978027344,2326.1859912109376,2423.7895727615905,61.723829575687056,50.062743022292125,48.70572060711334,1.3570224151787826,0.0223226537933152,-0.3336159356024227,1.0398625195049342,1.0848014564210526,2705.800048828125,0.07226222084237
2020-10-05,2319.666015625,2705.800048828125,0.0,2728.10009765625,2603.050048828125,2620.0,0.0,17412105,0.07226222084237,0.1170375239587486,0.1821915375323002,2447.564978027344,2337.153994140625,2450.647713339356,65.27066039320538,66.47710267970933,52.25999702163254,14.21710565807679,0.0267730173639185,5.67044331823822,1.105506931631662,1.1577328903494233,2714.300048828125,0.003141399898962
2020-10-06,2326.95263671875,2714.300048828125,0.0,2736.0,2650.10009765625,2736.0,0.0,9846367,0.003141399898962,0.1186992516193949,0.1664124070709243,2466.927478027344,2347.303994140625,2475.7574595763817,65.68614144207513,79.2578448309082,57.65956658348768,21.598278247420524,0.0267323005407408,-0.4345102444534994,1.100275574780411,1.1563479019349865,2735.949951171875,0.0079762376871699
2020-10-07,2345.513427734375,2735.949951171875,0.0,2770.0,2703.0,2742.0,0.0,9656101,0.0079762376871699,0.0994816181253523,0.1651264832905274,2486.314978027344,2355.8279931640627,2500.5376968711907,66.16473078800952,90.09508123512796,64.14666951381574,25.948411721312223,0.0267312096331363,-0.0193234723020175,1.1004035994436203,1.1613538675619854,2825.699951171875,0.032803962646158
2020-10-08,2422.45556640625,2825.699951171875,0.0,2885.0,2800.0,2800.0,0.0,19839329,0.032803962646158,0.1337719760108795,0.213971202596503,2511.21748046875,2366.8209912109373,2531.505530614113,73.73901724698992,104.71861310470013,72.26105823199262,32.457554872707505,0.0269739922049778,1.0545900462308753,1.1252310774152554,1.1938798758608953,2812.949951171875,-0.0045121563578299
2020-10-09,2411.525146484375,2812.949951171875,0.0,2829.85009765625,2780.0,2810.0,0.0,7739245,-0.0045121563578299,0.1147238921324982,0.2066791364826949,2535.307482910156,2377.489990234375,2558.309761143424,73.57621091316115,113.965327667986,80.6019121191913,33.363415548794706,0.0271079222387828,-0.6099038934230084,1.109510373054643,1.1831595349407011,2830.0,0.0060612698853821
2020-10-12,2426.141845703125,2830.0,0.0,2854.0,2800.75,2815.5,0.0,4623203,0.0060612698853821,0.0459013781249895,0.1920306152187187,2558.102478027344,2388.4619921875,2584.185021986907,73.63271257182073,121.27127228741438,88.73578415283592,32.53548813457846,0.0270413892973494,-0.4026286801877961,1.106288752818975,1.1848628989101528,2826.550048828125,-0.0012190640183303
2020-10-13,2423.18408203125,2826.550048828125,0.0,2854.89990234375,2812.199951171875,2845.0,0.0,4209878,-0.0012190640183303,0.0413550447558157,0.1345228223574575,2574.8599853515625,2399.9099951171875,2607.267405495594,71.15975320489915,125.33808439106316,96.05624420048136,29.28184019058177,0.0253955099363664,-0.0894023039870842,1.0977490290378635,1.177773355908751,2809.60009765625,-0.0059966923914551
2020-10-14,2418.923095703125,2809.60009765625,12.0,2842.0,2787.550048828125,2842.0,0.0,4395936,-0.0059966923914551,0.0269194056173538,0.127719437980694,2590.769995117188,2411.107998046875,2626.5371857013715,75.200723305194,125.74384609512754,101.9937645794106,23.75008151571693,0.025513086258013,0.0441955800144327,1.0844652759417048,1.165273434426071,2740.60009765625,-0.0245586551828351
2020-10-15,2359.5166015625,2740.60009765625,0.0,2827.75,2727.0,2811.0,0.0,6629355,-0.0245586551828351,-0.0301163800071314,0.0949261277092488,2602.65,2420.73,2637.400320173265,83.32654556003912,119.12449875677204,105.4199114148829,13.704587341889123,0.0264339427951984,0.508064494114564,1.053003706858875,1.1321378665345785,2763.300048828125,0.0082828396566458
2020-10-16,2379.060791015625,2763.300048828125,0.0,2771.64990234375,2731.300048828125,2750.10009765625,0.0,5273773,0.0082828396566458,-0.0176504748415683,0.1228591006136774,2617.7675048828123,2429.8339990234376,2649.390770521347,81.2672035702837,114.39167858508472,107.21426484892328,7.177413736161441,0.0259419851439981,-0.204481733139951,1.0555941441223702,1.1372382022552607,2711.550048828125,-0.0187276079635095
2020-10-19,2334.505859375,2711.550048828125,0.0,2774.0,2706.60009765625,2774.0,0.0,3331194,-0.0187276079635095,-0.0418551064211571,0.1068003416115335,2630.850012207032,2438.157998046875,2655.310701788659,74.04941353536984,105.2518145920526,106.82177479754915,-1.569960205496557,0.0264392607268631,-0.3683471017808313,1.0306745106131665,1.1121305719318662,2739.0,0.0101233429874318
2020-10-20,2358.139892578125,2739.0,0.0,2759.89990234375,2717.949951171875,2725.0,0.0,3406273,0.0101233429874318,-0.0309741725126795,0.1110209490735123,2644.535009765625,2447.2819970703126,2663.28111114212,72.43912441642773,99.08124130532995,105.27366809910532,-6.192426793775354,0.0264598239094539,0.0225381649942933,1.0357208317853757,1.1192008126888966,2675.39990234375,-0.0232201889946148
2020-10-21,2303.3828125,2675.39990234375,0.0,2749.0,2663.050048828125,2739.0,0.0,4570143,-0.0232201889946148,-0.0477648742340409,0.060425277600558,2652.157507324219,2455.1919970703125,2664.435281732752,64.81151083228629,88.04410354622723,101.82775518852972,-13.783651642302472,0.0268609948612959,0.3416842983518937,1.008763580200401,1.0896907066886026,2671.14990234375,-0.0015885475648993
2020-10-22,2299.72412109375,2671.14990234375,0.0,2686.64990234375,2638.10009765625,2661.0,0.0,5262294,-0.0015885475648993,-0.0253412365313324,0.082554846178392,2662.3425048828126,2463.4679931640626,2665.074769409989,62.491539527287216,78.05439044668856,97.07308224016148,-19.018691793472925,0.026230505975783,0.1514506220046068,1.0033081383949602,1.0843046914983223,2686.800048828125,0.0058589547784806
2020-10-23,2313.1982421875,2686.800048828125,0.0,2702.0,2670.10009765625,2687.800048828125,0.0,3499091,0.0058589547784806,-0.0276842900330142,0.1520206019200878,2680.0700073242188,2472.1149951171874,2667.143843640288,47.76207302709069,70.5866281600861,91.7757914241464,-21.189163264060312,0.0222420585229712,-0.3350635673339422,1.00251114391994,1.0868426647364602,2688.199951171875,0.0005210295959168
2020-10-26,2314.40380859375,2688.199951171875,0.0,2709.949951171875,2670.5,2689.949951171875,0.0,2672752,0.0005210295959168,-0.0086113467337036,0.1097716620500373,2693.3650024414064,2481.03599609375,2669.149187214725,46.873490205712216,64.04308435429948,86.22925001017703,-22.186165655877545,0.0210198438969582,-0.236158190798696,0.99808230549337,1.0834989719634431,2630.14990234375,-0.021594393974607
2020-10-27,2264.42529296875,2630.14990234375,0.0,2718.14990234375,2624.10009765625,2699.75,0.0,3537502,-0.021594393974607,-0.0397408169610259,0.0840167536632916,2703.5574951171875,2488.57099609375,2665.4349696079653,38.342878201386405,53.555767399325305,79.69455348800669,-26.138786088681385,0.0218652308296765,0.3235429250450472,0.9728477781937256,1.0568916484489423,2622.199951171875,-0.0030226228416831
2020-10-28,2257.580810546875,2622.199951171875,0.0,2655.949951171875,2606.0,2650.0,0.0,3569445,-0.0030226228416831,-0.0198848595027868,0.0537695121680814,2710.2474975585938,2495.6199951171875,2661.317348804528,22.647849462365585,44.09470225679616,72.57458324176459,-28.479880984968432,0.0213255723621438,0.0090298182163571,0.9675130974326026,1.0507208454421535,2632.64990234375,0.0039851847175897
2020-10-29,2266.57763671875,2632.64990234375,0.0,2655.0,2600.25,2608.0,0.0,3105968,0.0039851847175897,-0.0144132682206337,0.0563133855338233,2717.264990234375,2503.140991210937,2658.587115808264,25.615353984141763,37.01329744081295,65.46232608157426,-28.44902864076132,0.021324873916136,-0.1298456762886106,0.968860200166445,1.0517385603078475,2664.85009765625,0.0122310966163154
2020-10-30,2294.300537109375,2664.85009765625,0.0,2674.35009765625,2621.60009765625,2636.10009765625,0.0,3427003,0.0122310966163154,-0.0081695514265933,0.0560344564863311,2724.334997558594,2511.3809912109373,2659.183590269977,28.543606543233523,33.61206084420701,59.09227303410081,-25.480212189893805,0.0213186585896455,0.1033606914172972,0.978165350459598,1.0611094481412449,2604.60009765625,-0.0226091516565941
2020-11-02,2242.42822265625,2604.60009765625,0.0,2664.85009765625,2600.050048828125,2660.0,0.0,2571196,-0.0226091516565941,-0.0310988226449379,-0.0374011195748571,2719.275,2518.5009912109376,2653.985162402003,24.87265056531264,25.757963102202662,52.425411047721184,-26.66744794551852,0.0145682622891183,-0.2497246136055323,0.9578288689655332,1.0341866478297137,2633.60009765625,0.011134146860432
2020-11-03,2267.396240234375,2633.60009765625,0.0,2665.0,2601.050048828125,2604.0,0.0,2879269,0.011134146860432,0.0013117865675358,-0.0297314039421383,2715.2400024414064,2526.2109912109377,2652.043727664312,30.603931647111736,21.624319992629808,46.26519283670292,-24.640872844073108,0.0148185206697325,0.1198170034489786,0.9699327113950332,1.0425099513931873,2653.14990234375,0.0074232244693863
2020-11-04,2284.226806640625,2653.14990234375,0.0,2721.85009765625,2610.0,2610.0,0.0,4893928,0.0074232244693863,0.0118030477264112,-0.0302637293466058,2711.1,2534.4209912109377,2652.1490776337823,39.18364931199753,19.698808300740893,40.95191592951051,-21.25310762876962,0.0148006023710711,0.6997119755048937,0.9786248763762864,1.046846562407962,2685.699951171875,0.0122684544885198
2020-11-05,2312.251220703125,2685.699951171875,0.0,2710.0,2667.0,2685.0,0.0,2816502,0.0122684544885198,0.0201508179195784,-0.0495452462820544,2704.1,2543.064990234375,2655.344398923124,40.63027295870539,20.562313767165502,36.87399549704151,-16.311681729876007,0.0128895051930508,-0.4244905115073209,0.993195499860166,1.0560878158777824,2707.449951171875,0.0080984474794028
2020-11-06,2330.9765625,2707.449951171875,0.0,2713.25,2681.300048828125,2699.0,0.0,3884421,0.0080984474794028,0.0159858348329204,-0.0375051109444903,2698.825,2552.245991210937,2660.306832470624,49.46627224501263,22.73956376203205,34.047109150039624,-11.307545388007576,0.0130906045312712,0.379165006806315,1.0031958171322242,1.0608107370901578,2726.60009765625,0.0070731303735036
2020-11-09,2347.463623046875,2726.60009765625,0.0,2744.0,2695.10009765625,2731.10009765625,0.0,3646592,0.0070731303735036,0.0468402040335411,-0.0365370679659894,2693.6550048828126,2562.0069921875,2666.6204767740173,48.35020054856888,25.71389309280903,32.3804659385935,-6.666572845784472,0.0131246089517431,-0.0612263706740335,1.012230628166457,1.064243815871953,2649.60009765625,-0.0282402982623627
2020-11-10,2281.17041015625,2649.60009765625,0.0,2713.14990234375,2638.35009765625,2697.199951171875,0.0,4760020,-0.0282402982623627,0.006075333918099,-0.0626028013355849,2684.807507324219,2569.853994140625,2664.999488286611,46.68553549070234,21.608722134382788,30.22611717775136,-8.617395043368575,0.0143936156538747,0.3053338569272351,0.986886430564604,1.031031375205537,2687.800048828125,0.0144172515715355
2020-11-11,2314.05859375,2687.800048828125,0.0,2692.800048828125,2643.39990234375,2667.949951171875,0.0,3242441,0.0144172515715355,0.0130600033016474,-0.0433513826148176,2678.7175048828126,2578.6829931640623,2667.1709702429457,51.96740407899042,21.19345640990377,28.41958502418185,-7.226128614278075,0.0148945659554656,-0.3188177780765627,1.0033906314976315,1.0423150328882322,2671.050048828125,-0.0062318623765569
2020-11-12,2299.638427734375,2671.050048828125,0.0,2713.0,2661.75,2686.0,0.0,2437505,-0.0062318623765569,-0.0054547799866316,-0.0253776714405008,2675.2400024414064,2586.80099609375,2667.540406298677,48.14378314672952,19.290402564116,26.59374853216868,-7.303345968052689,0.0139760432303928,-0.2482500067079092,0.9984338027207064,1.0325688187307789,2656.85009765625,-0.0053162430176495
2020-11-13,2287.41259765625,2656.85009765625,0.0,2664.89990234375,2636.0,2655.75,0.0,2548093,-0.0053162430176495,-0.0186891187014274,-0.0385227623822533,2669.9175048828124,2593.947998046875,2666.522281666065,46.41347099723655,16.44681267619444,24.56436136097384,-8.117548684779393,0.0138208203872145,0.0453693428321172,0.9951056887702844,1.0242495607686577,2670.35009765625,0.0050812049998263
2020-11-14,2299.035400390625,2670.35009765625,0.0,2689.0,2660.050048828125,2677.949951171875,0.0,298819,0.0050812049998263,-0.0206300880163364,-0.0151942433036339,2667.8575073242187,2601.578999023437,2666.886835569892,55.1210439888535,15.108423873108222,22.67317386340072,-7.564749990292491,0.0133083341941382,-0.882728377653406,1.00093430414675,1.026434368765518,2666.050048828125,-0.0016102940329431
2020-11-17,2295.3330078125,2666.050048828125,0.0,2695.0,2650.050048828125,2695.0,0.0,2827273,-0.0016102940329431,0.0062084656422023,-0.0266337901321194,2664.210009765625,2608.3589990234377,2666.807141594485,55.63843212597239,13.54462904824004,20.84746490036858,-7.302835852128538,0.0130633749527227,8.46149006589273,1.0006906509080573,1.0221177567299158,2626.64990234375,-0.0147784721827309
2020-11-18,2261.41162109375,2626.64990234375,0.0,2664.199951171875,2607.050048828125,2661.0,0.0,2893762,-0.0147784721827309,-0.0227510028177267,-0.0182215750091391,2661.772509765625,2613.927998046875,2662.9826426182253,49.28195359110857,9.022047297259633,18.482381379746787,-9.460334082487154,0.0124381396243382,0.0235170073777806,0.98680480495872,1.0048669681438742,2636.89990234375,0.0039023091698875
2020-11-19,2270.236572265625,2636.89990234375,0.0,2676.14990234375,2630.85009765625,2637.0,0.0,4167501,0.0039023091698875,-0.0127852888789402,-0.012822193157317,2660.060009765625,2620.112998046875,2660.498572115894,46.46959853262794,6.193562480425953,16.02461759988262,-9.831055119456668,0.0124813872018387,0.4401671595659905,0.9912933891202268,1.0064069390554486,2660.25,0.0088551323603507
2020-11-20,2290.339599609375,2660.25,0.0,2676.0,2627.550048828125,2655.0,0.0,2711471,0.0088551323603507,0.0012796741324432,-0.0098816615846442,2658.7325073242187,2626.695,2660.474898581047,57.75175819242855,5.769617066819137,13.973617493269924,-8.204000426450788,0.0125802078829523,-0.349377240701322,1.000570757935069,1.0127746083957216,2724.25,0.0240578892961187
2020-11-23,2345.440185546875,2724.25,0.0,2730.0,2665.0,2690.0,0.0,3706418,0.0240578892961187,0.0201845826848912,0.0134104789386704,2660.535009765625,2633.697998046875,2666.548717763804,61.50524906731449,10.477128585311675,13.274319711678276,-2.7971911263666005,0.0137220208516688,0.3669399377680971,1.0239481871129326,1.0343820749456762,2722.050048828125,-0.0008075437907222
2020-11-24,2343.546875,2722.050048828125,0.0,2743.0,2705.0,2734.39990234375,0.0,3120516,-0.0008075437907222,0.0210048569885681,0.0349410299399597,2665.130017089844,2638.3110009765624,2671.834558817549,59.14764789586109,13.870457703350894,13.3935473100128,0.4769103933380929,0.0126883174131336,-0.1580776911832394,1.0213573189200107,1.0317396424532843,2701.300048828125,-0.0076229311099306
2020-11-25,2325.681640625,2701.300048828125,0.0,2732.949951171875,2688.199951171875,2729.0,0.0,3302249,-0.0076229311099306,0.028420287917992,0.0301655476810225,2669.085021972656,2642.50900390625,2674.640795961413,52.13816956248804,14.715710343371484,13.657979916684535,1.0577304266869465,0.0128212599442046,0.0582381247203988,1.0120696892718912,1.0222481909560073,2720.60009765625,0.0071447260501467
2020-11-26,2342.29736328125,2720.60009765625,0.0,2730.949951171875,2680.0,2686.0,0.0,2341099,0.0071447260501467,0.0317418932884425,0.0334074786146845,2673.482531738281,2646.861005859375,2679.017872313303,51.81456245068849,16.749849949695545,14.276353923286738,2.4734960264088066,0.0128720075012211,-0.2910592144929107,1.0176240410620276,1.027859072174035,2679.64990234375,-0.0150518980528515
2020-11-27,2307.042236328125,2679.64990234375,0.0,2717.699951171875,2669.050048828125,2705.0,0.0,6086808,-0.0150518980528515,0.0072925109834602,0.0055537100193803,2674.222521972656,2651.2350048828125,2679.078065649536,43.8890866105702,14.88598534340008,14.398280207309408,0.4877051360906712,0.0131426782924313,1.5999788987992392,1.002029517112544,1.0107176079859406,2726.800048828125,0.0175956368192484
2020-12-01,2347.63623046875,2726.800048828125,0.0,2735.89990234375,2624.449951171875,2679.0,0.0,3605017,0.0175956368192484,0.0009360553650086,0.0469169725063884,2680.33251953125,2656.7730078125,2683.6230164284493,60.89469858015525,17.017316948692496,14.922087555586026,2.09522939310647,0.0125038630458313,-0.4077327558220992,1.0173364793204842,1.0263579315243356,2749.550048828125,0.0083431126568216
2020-12-02,2367.22265625,2749.550048828125,0.0,2754.699951171875,2702.449951171875,2719.0,0.0,2509032,0.0083431126568216,0.0101026797842453,0.0440271669472762,2686.130017089844,2662.4580078125,2689.901781418894,59.11168558690195,20.30804892493325,15.999279829455473,4.308769095477775,0.0124161637257055,-0.304016596870417,1.0236101868989165,1.0327111416443262,2709.449951171875,-0.0145842399462199
2020-12-03,2332.698486328125,2709.449951171875,0.0,2773.89990234375,2700.800048828125,2773.89990234375,0.0,2852548,-0.0145842399462199,0.0030170296510694,0.0212200783598357,2688.94501953125,2666.1880078125,2691.76351187156,55.30091522229427,19.455958792146248,16.69061562199363,2.7653431701526188,0.012897564277628,0.1369117651747765,1.0076256418378533,1.0162261413045923,2727.550048828125,0.0066803587379133
2020-12-04,2348.28076171875,2727.550048828125,0.0,2738.85009765625,2699.0,2710.800048828125,0.0,2686527,0.0066803587379133,0.0025545655084928,0.0155825663391733,2691.0375244140623,2671.390009765625,2695.1717534864706,59.655803178155566,20.01052891377003,17.35459828034891,2.655930633421121,0.0127026157052611,-0.0582009487658051,1.013568195940342,1.0210227779759595,2737.699951171875,0.0037212524654171
2020-12-07,2357.019775390625,2737.699951171875,0.0,2744.0,2706.14990234375,2715.0,0.0,1996400,0.0037212524654171,0.0216632959318123,0.0111728750468338,2692.5500244140626,2679.4990087890624,2699.2220580279377,59.2832139946306,21.026659778204248,18.08901057991998,2.9376491982842694,0.0126085204032376,-0.2568844459780229,1.0167684634819878,1.0217208299730312,2797.300048828125,0.021770135047392
2020-12-08,2408.3330078125,2797.300048828125,0.0,2805.550048828125,2732.449951171875,2740.0,0.0,4277818,0.021770135047392,0.0258544809804803,0.0259297104964706,2696.085021972656,2686.9990087890624,2708.562819056527,65.697853692266,26.337577393535867,19.73872394264316,6.598853450892708,0.0134067358451738,1.1427659787617712,1.0375414818266422,1.041049899787187,2810.800048828125,0.0048260822093988
2020-12-09,2419.955322265625,2810.800048828125,0.0,2840.0,2793.14990234375,2815.0,0.0,3659996,0.0048260822093988,0.0222763721017207,0.0608393513098324,2704.14501953125,2694.6890087890624,2718.2996980823937,73.47951656312316,31.27533247798692,22.04604564971192,9.229286828275008,0.0114612010687357,-0.1444245641118907,1.039441312698297,1.043088846119293,2784.300048828125,-0.0094279207128405
2020-12-10,2397.140380859375,2784.300048828125,0.0,2827.300048828125,2780.25,2818.0,0.0,2127801,-0.0094279207128405,0.0276255693979052,0.0359029683186715,2708.97001953125,2700.60701171875,2724.585445772463,68.04602318614977,32.673569852094715,24.17155049018848,8.502019361906243,0.0114534003911824,-0.418632971183575,1.0278076275314076,1.0309904539039578,2783.60009765625,-0.0002513921486908
2020-12-11,2396.537841796875,2783.60009765625,0.0,2807.699951171875,2764.550048828125,2792.699951171875,0.0,1795408,-0.0002513921486908,0.0205495949935754,0.0421370048372939,2714.597521972656,2706.4330126953123,2730.205888809014,65.9883268334732,33.34087003915738,26.005414399982257,7.335455639175123,0.0113090777036082,-0.1562143264337219,1.0254190815121096,1.028512468108009,2797.699951171875,0.005065330155541
2020-12-14,2408.6767578125,2797.699951171875,0.0,2804.0,2756.25,2802.0,0.0,2483658,0.005065330155541,0.0219162074259879,0.053013850363585,2721.640014648437,2711.9180126953124,2736.6338947483346,60.93492279610335,34.608505280533336,27.726032576092475,6.882472704440861,0.0111870841666522,0.3833390516250345,1.0279463617943838,1.0316314645483349,2761.550048828125,-0.0129212935535163
2020-12-15,2377.554443359375,2761.550048828125,0.0,2794.699951171875,2755.0,2786.0,0.0,2365509,-0.0129212935535163,-0.0127801806656303,0.0341528068742449,2726.2000122070312,2713.0330126953127,2739.006861803553,55.34072048495347,32.32351498033722,28.645529056941427,3.677985923395795,0.0116935685334215,-0.047570559231585,1.0129667803032822,1.017882950891413,2814.199951171875,0.0190653442497239
2020-12-16,2422.88330078125,2814.199951171875,0.0,2819.800048828125,2760.449951171875,2779.0,0.0,2565149,0.0190653442497239,0.0012095852727651,0.0555690627071574,2733.6075073242187,2715.0310107421874,2746.16810841006,64.0527567152314,34.364913479339975,29.78940594142114,4.575507537918835,0.0122804963446816,0.0843962124007983,1.0294820831563138,1.0365258960348225,2838.199951171875,0.008528178671173
2020-12-17,2443.546142578125,2838.199951171875,0.0,2853.699951171875,2805.0,2811.0,0.0,2863460,0.008528178671173,0.0193585107202924,0.0805398727250858,2744.185009765625,2717.0760107421875,2754.9330458159466,64.46848069974138,37.48720673662865,31.328966100462644,6.158240636166006,0.0116144775260128,0.116293829325314,1.03425969498109,1.0445787824671868,2861.0,0.0080332778593386
2020-12-18,2463.175537109375,2861.0,0.0,2898.0,2846.199951171875,2868.0,0.0,6076692,0.0080332778593386,0.0278056831543149,0.0849861981704589,2755.390014648437,2717.78201171875,2765.034660500142,73.35480974323889,41.32505057137314,33.32818299464475,7.996867576728391,0.0116503658634455,1.1221501260712563,1.0383285069591273,1.0526966429477094,2820.14990234375,-0.0142782585306711
2020-12-21,2428.005126953125,2820.14990234375,0.0,2886.5,2785.0,2861.0,0.0,2705195,-0.0142782585306711,0.0080244313413493,0.0601070960788459,2763.385009765625,2717.9260107421874,2770.2837311519143,62.22016827456252,40.60227028047393,34.78300045181059,5.819269828663344,0.0122895735137424,-0.5548244011709003,1.0205417965203984,1.0376109913211538,2872.5,0.0185628776728297
2020-12-22,2473.07666015625,2872.5,0.0,2883.64990234375,2818.64990234375,2834.0,0.0,2881737,0.0185628776728297,0.0401766939617687,0.0544186473341286,2770.797509765625,2718.776010742188,2780.018613899351,64.93742395632935,43.74936165727104,36.57627269290268,7.173088964368361,0.011847350804267,0.0652603601588794,1.0367051326832533,1.0565416160251644,2908.75,0.0126196692776328
2020-12-23,2504.285888671875,2908.75,0.0,2919.0,2865.449951171875,2876.050048828125,0.0,2790988,0.0126196692776328,0.0335974879072658,0.0685879935426798,2780.1325073242188,2720.420009765625,2792.278745908937,74.44200057606895,48.60820120710014,38.98265839574217,9.625542811357969,0.0120162004480727,-0.0314910763889973,1.0462630800283583,1.0692282770889487,2909.35009765625,0.0002063077460248
2020-12-24,2504.802001953125,2909.35009765625,0.0,2921.35009765625,2883.199951171875,2909.0,0.0,1807144,0.0002063077460248,0.025068757560579,0.0770184892708905,2790.535009765625,2722.415009765625,2803.4283984563,73.29575494334773,51.90891575339538,41.56790986727282,10.34100588612256,0.0117633790718485,-0.3525074274772948,1.042577888281217,1.0686651694249651,2929.39990234375,0.0068915063551999
2020-12-28,2522.06396484375,2929.39990234375,0.0,2949.699951171875,2902.0,2910.0,0.0,2108994,0.0068915063551999,0.0239076904382209,0.0767477016807349,2800.975,2726.191005859375,2815.425684540819,73.95651354123635,55.502805692049606,44.35488903222818,11.147916659821426,0.0117597053721573,0.167031514920781,1.0458500709016505,1.0745394933985255,2930.5,0.0003755368652023
2020-12-29,2523.010986328125,2930.5,0.0,2952.0,2920.0,2920.0,0.0,1994151,0.0003755368652023,0.0391291603203578,0.0936130116985971,2813.5175048828123,2729.5350048828127,2826.385143155979,69.49648833291761,57.77377789927687,47.03866680563792,10.735111093638949,0.0109373578492844,-0.0544539244777367,1.041578733707598,1.0736260919012524,2909.300048828125,-0.0072342437030796
2020-12-30,2504.759521484375,2909.300048828125,0.0,2947.699951171875,2902.0,2934.39990234375,0.0,2637968,-0.0072342437030796,0.0128111571203219,0.0669282663679105,2822.6425048828123,2733.4900048828126,2834.281800839041,64.09963571095076,57.20347480120836,49.071628404752005,8.131846396456353,0.0107857131145097,0.3228526826704698,1.0307008570144487,1.0643170612042716,2862.75,-0.0160004289852727
2020-12-31,2464.681884765625,2862.75,0.0,2905.0,2845.0,2900.0,0.0,4040956,-0.0160004289852727,-0.0158143532445208,0.0411703548441031,2828.3025024414064,2735.9650048828125,2836.993057901989,60.62000572426872,52.39137047539271,49.73557681888015,2.6557936565125573,0.0115342129898337,0.531844207359604,1.0121795661987565,1.0463401377177404,2928.25,0.0228800978080516
2021-01-01,2521.073974609375,2928.25,0.0,2940.0,2879.0,2880.0,0.0,2681440,0.0228800978080516,0.0064962626391975,0.0807544161254909,2839.2425048828127,2741.0220068359376,2845.684195244657,66.65898132912852,53.24922183863828,50.43830582283178,2.810916015806498,0.0117256164347875,-0.3364342497171461,1.0313490288216367,1.0683059065914566,3039.449951171875,0.0379748830092632
2021-01-04,2616.8115234375,3039.449951171875,0.0,3050.75,2940.949951171875,2950.0,0.0,5113293,0.0379748830092632,0.0375674378701509,0.114351669725641,2854.8375,2748.3880078125,2864.138076761534,72.75294117647059,62.18515024419503,52.78767470710443,9.3974755370906,0.0139797413048319,0.9069205352347992,1.0646665357211662,1.10590278466214,3093.0,0.0176183354516097
2021-01-05,2662.91552734375,3093.0,0.0,3114.25,3039.60009765625,3039.60009765625,0.0,5801309,0.0176183354516097,0.0554512881760791,0.1297804928096808,2872.602502441406,2756.5120068359374,2885.9344504032933,80.20594756929627,72.74936983889256,56.780013733462056,15.969356105430506,0.0142287668350198,0.1345543859896157,1.07672398021351,1.1220702076862348,3051.5,-0.0134173941157452
2021-01-06,2627.18603515625,3051.5,0.0,3113.5,3037.199951171875,3100.0,0.0,3726716,-0.0134173941157452,0.0488777193088603,0.0908733231096776,2885.3125,2763.7780078125,2901.7025979839323,72.07441312027021,76.88658610438051,60.80132820764575,16.085257896734767,0.0143788459958693,-0.3576077399083551,1.057597747211091,1.1041045957288114,3032.800048828125,-0.0061281177033836
2021-01-07,2611.086669921875,3032.800048828125,0.0,3080.85009765625,3000.25,3075.0,0.0,3717827,-0.0061281177033836,0.059400942739717,0.0789810716320984,2896.4125,2771.831010742188,2914.1880694929027,68.28260299134085,77.76006045132999,64.1930746563826,13.566985794947383,0.0145713418346931,-0.0023852099274535,1.0470884408999497,1.0941504143198326,3120.89990234375,0.0290490148038828
2021-01-08,2686.93603515625,3120.89990234375,0.0,3128.0,3060.0,3090.0,0.0,5879039,0.0290490148038828,0.0657901143494408,0.1208920905120465,2913.242492675781,2781.805009765625,2933.874910716793,71.74894580282427,84.58616045715144,68.27169181653638,16.31446864061506,0.0152425086641371,0.5813105343524592,1.0712805096692235,1.1218974339997665,3176.449951171875,0.0177993689532969
2021-01-11,2734.761474609375,3176.449951171875,0.0,3230.0,3146.550048828125,3230.0,0.0,9508039,0.0177993689532969,0.0450739450232364,0.1411301335441102,2932.8849853515626,2792.6810107421875,2956.9772955220387,79.09997363982913,93.40164258524192,73.29768197027748,20.10396061496444,0.0153969707986763,0.6172777557692677,1.0830462043471905,1.1374195402029452,3174.85009765625,-0.000503660860463
2021-01-12,2733.384033203125,3174.85009765625,0.0,3210.0,3150.0,3176.449951171875,0.0,3611458,-0.000503660860463,0.0264630124979792,0.1348072177384132,2951.742492675781,2802.881010742188,2977.7270862014875,76.92583982766433,99.1163295266847,78.46141148155893,20.65491804512577,0.0154788848419568,-0.6201679441996399,1.0755850503673916,1.1327095533090672,3158.949951171875,-0.0050081566043426
2021-01-13,2719.6953125,3158.949951171875,0.0,3177.0,3126.25,3175.0,0.0,3572801,-0.0050081566043426,0.0352121747245206,0.1439046532987473,2971.6124877929688,2813.9680078125,2994.986406674858,73.11957299066707,101.195729780894,83.00827514142594,18.18745463946805,0.0150527796788012,-0.0107039871431427,1.063042359711593,1.1225962563901195,3250.699951171875,0.0290444614248996
2021-01-14,2804.0126953125,3250.699951171875,6.0,3266.5,3120.39990234375,3155.0,0.0,6931542,0.0290444614248996,0.0718477640581503,0.1551062495819584,2993.437487792969,2826.3100048828123,3019.340077579336,76.99485846788907,108.99075015349808,88.20477014384038,20.785980009657703,0.0156331355611698,0.9400862236659696,1.0859421532696123,1.150156899121425,3233.35009765625,-0.0053372669813375
2021-01-15,2789.04736328125,3233.35009765625,0.0,3274.0,3210.0,3235.0,0.0,4131692,-0.0053372669813375,0.0360313367397817,0.1392256195062013,3013.194995117188,2837.9140087890623,3039.721984253328,74.14028191648609,112.4718661176421,93.05818933860073,19.413676779041367,0.0158836031152259,-0.4039288804713294,1.0730636758974508,1.1393404055381933,3221.75,-0.0035876404675938
2021-01-18,2779.040771484375,3221.75,0.0,3256.75,3187.39990234375,3250.0,0.0,4160906,-0.0035876404675938,0.0142612191359767,0.1260922754281719,3031.232495117188,2848.635009765625,3057.0579857530106,72.75213568280056,112.99214159141412,97.0449797891634,15.947161802250704,0.0160423836931109,0.0070707109823287,1.0628514985866984,1.1309802726412022,3260.699951171875,0.0120896876454954
2021-01-19,2812.638916015625,3260.699951171875,0.0,3279.0,3232.0,3233.0,0.0,2975735,0.0120896876454954,0.0270406006189083,0.1562151176651978,3053.2599975585936,2859.700009765625,3076.4524586500456,76.7102467832663,115.21922370461698,100.67982857225414,14.53939513236284,0.0153501078597632,-0.2848348412581298,1.067940481249272,1.1402244781050006,3308.800048828125,0.0147514639115944
2021-01-20,2854.129638671875,3308.800048828125,0.0,3327.949951171875,3267.10009765625,3270.0,0.0,3453446,0.0147514639115944,0.0474366799007563,0.1518886157800261,3075.075,2871.3440087890626,3098.580800571767,83.82499036359873,119.48809384902506,104.44148162760834,15.046612221416725,0.0152273268432603,0.1605354643474637,1.0760062921483624,1.152352361368066,3273.85009765625,-0.010562726866573
2021-01-21,2823.9814453125,3273.85009765625,0.0,3309.14990234375,3262.10009765625,3305.0,0.0,2778546,-0.010562726866573,0.0071215882216473,0.1255178676944564,3093.3300048828123,2883.8290087890623,3115.2731145798134,77.48093233171453,118.68293225786783,107.28977175366025,11.393160504207586,0.0156693163885009,-0.1954279870019684,1.058357851405601,1.1352441797618784,3303.10009765625,0.0089344347259332
2021-01-22,2849.212158203125,3303.10009765625,0.0,3325.0,3241.89990234375,3241.89990234375,0.0,3052459,0.0089344347259332,0.0215720531007637,0.1353395042821426,3113.0175048828123,2896.135009765625,3133.161398682332,74.10626470770754,119.03292893422169,109.63840318977256,9.394525744449126,0.0156196075231503,0.0985814163235015,1.0610605602041396,1.1405200677863283,3291.300048828125,-0.0035724163601635
2021-01-25,2839.03369140625,3291.300048828125,0.0,3339.800048828125,3278.64990234375,3308.949951171875,0.0,2272887,-0.0035724163601635,0.0215876616212074,0.1235407109131212,3131.112512207031,2908.540009765625,3148.2222225057403,69.62978680828212,117.00932780337462,111.11258811249296,5.89673969088166,0.0157795807509741,-0.2553914729075804,1.0511599426710418,1.1315986844868409,3261.050048828125,-0.0091908970775151
2021-01-27,2812.940673828125,3261.050048828125,0.0,3306.449951171875,3227.0,3300.0,0.0,2786662,-0.0091908970775151,0.0001073688660386,0.1127964677796025,3147.640014648437,2920.6240087890624,3158.967729774539,71.21596749866151,111.67734027574988,111.22553854514436,0.4518017306055384,0.0160994647917908,0.2260451135494197,1.0360301793254316,1.1165593513627965,3196.550048828125,-0.0197789052710731
2021-01-28,2757.3037109375,3196.550048828125,0.0,3275.0,3183.800048828125,3230.0,0.0,3083938,-0.0197789052710731,-0.0339246851860255,0.0987350892582239,3162.0025146484377,2931.1480078125,3162.5469982558325,65.17187340244281,101.0818817823033,109.19680719257614,-8.114925410272846,0.01684785310868,0.1066781690782735,1.0109258401976724,1.0905454246282476,3111.35009765625,-0.0266537203767887
2021-01-29,2683.811279296875,3111.35009765625,0.0,3216.85009765625,3100.0,3210.050048828125,0.0,5445659,-0.0266537203767887,-0.049635748477407,0.086839611442232,3174.43251953125,2940.0540087890627,3157.671102960634,49.110404779925474,84.83208905968377,104.32386356599768,-19.491774506313902,0.0176892473792243,0.765813385353402,0.9801279688615604,1.0582629054959911,3139.35009765625,0.0089993086991695
2021-02-01,2707.964111328125,3139.35009765625,0.0,3165.0,3044.10009765625,3100.0,0.0,3985846,0.0089993086991695,-0.0495746405372912,0.0720908725881499,3184.9875244140626,2950.3080126953123,3155.926245312597,46.35704467073855,73.36764075495648,98.13261900378944,-24.76497824883296,0.0171879180959102,-0.2680691170710468,0.9856710814695552,1.0640753725195744,3203.449951171875,0.020418192148585
2021-02-02,2763.255859375,3203.449951171875,0.0,3224.0,3150.0,3174.0,0.0,2881837,0.020418192148585,-0.0266916101093637,0.0539571312686919,3193.1875244140624,2961.639013671875,3160.4523125372907,52.50129927919364,68.66280329517804,92.23865586206718,-23.57585256688914,0.0157275926197561,-0.2769823520527386,1.0032138503233363,1.0816476742721592,3200.050048828125,-0.0010613252573233
2021-02-03,2760.3232421875,3200.050048828125,0.0,3236.0,3162.64990234375,3213.0,0.0,2505866,-0.0010613252573233,-0.018705631341635,0.0346104263912463,3198.540026855469,2972.4350146484376,3164.22352551737,53.67490336095197,63.92297771043559,86.57552023174087,-22.65254252130528,0.0153481185282107,-0.1304622711138763,1.0004720972568666,1.0765752768548276,3188.449951171875,-0.0036249738220494
2021-02-04,2750.31689453125,3188.449951171875,0.0,3237.85009765625,3176.0,3216.050048828125,0.0,2057261,-0.0036249738220494,-0.0025340124610967,0.0448795514245043,3205.3875244140627,2981.719013671875,3166.5308041511325,43.50276324185042,58.55560824883696,80.97153783516009,-22.41592958632313,0.0149886254628672,-0.1790219429131486,0.9947159046719994,1.0693328031756482,3157.949951171875,-0.0095657766209533
2021-02-05,2724.0078125,3157.949951171875,0.0,3205.85009765625,3129.0,3198.949951171875,0.0,2366135,-0.0095657766209533,0.0149773738258283,0.041265464365878,3211.64501953125,2990.43701171875,3165.7135800578703,42.3404963465706,51.25005544275473,75.02724135667903,-23.7771859139243,0.0151096305172245,0.1501384607981194,0.9832811322444308,1.0560162072622443,3214.10009765625,0.0177805688350249
2021-02-08,2772.4423828125,3214.10009765625,0.0,3226.0,3155.14990234375,3189.5,0.0,2526592,0.0177805688350249,0.0238106607019734,0.0298632440093666,3216.305029296875,3000.6930126953125,3170.3218198291443,49.28738683337215,49.42149948297947,69.90609298193912,-20.48459349895965,0.0142380497463536,0.0678139666587071,0.9993144519501288,1.071119266135541,3176.89990234375,-0.011574062469189
2021-02-09,2740.353759765625,3176.89990234375,0.0,3245.800048828125,3164.0,3195.0,0.0,2658751,-0.011574062469189,-0.0082879549338401,0.0001416522151431,3216.327526855469,3009.8190087890625,3170.9483038781545,42.16822330962356,44.45812525044357,64.81649943564003,-20.358374185196453,0.013988463530067,0.0523072185774355,0.98774141495774,1.0555119404411992,3213.300048828125,0.0114577568079878
2021-02-10,2771.752685546875,3213.300048828125,0.0,3219.39990234375,3157.300048828125,3185.0,0.0,2127983,0.0114577568079878,0.0041405602405664,0.0121107926324646,3218.2500244140624,3020.49201171875,3174.9818033972,40.87522009034085,42.96651182199139,60.4465019129103,-17.47999009091891,0.014215169186771,-0.1996305784182121,0.998461904591506,1.0638333213136564,3206.0,-0.0022718229599465
2021-02-11,2765.45556640625,3206.0,0.0,3219.300048828125,3185.050048828125,3215.0,0.0,1165882,-0.0022718229599465,0.0055042572713661,0.0148942052122955,3220.602526855469,3030.0760107421875,3177.935917359371,43.15544797909943,40.72588188666487,56.50237790766121,-15.776496020996348,0.0141704575194679,-0.4521187434298112,0.9954659021926168,1.058059266049475,3190.800048828125,-0.0047410951877339
2021-02-12,2752.34375,3190.800048828125,0.0,3245.5,3182.0,3184.199951171875,0.0,2777404,-0.0047410951877339,0.0104023490442144,-0.0184267706166347,3217.607531738281,3038.901010742188,3179.161072737348,38.34095004904608,37.29375826109754,52.66065397834848,-15.36689571725094,0.012551918008274,1.3822342226743358,0.9916685044258106,1.0499848588516016,3139.85009765625,-0.0159677668271903
2021-02-15,2708.395263671875,3139.85009765625,0.0,3209.0,3131.550048828125,3209.0,0.0,2630853,-0.0159677668271903,-0.0231013340418811,-0.028917375841167,3212.9325317382813,3047.509013671875,3175.417170348672,35.458484861413055,30.115388851160333,48.15160095291085,-18.03621210175052,0.0129698562107066,-0.0527654601203137,0.977253666748336,1.0303005121789994,3108.800048828125,-0.0098890226801917
2021-02-16,2681.611572265625,3108.800048828125,0.0,3167.64990234375,3100.0,3150.0,0.0,3435770,-0.0098890226801917,-0.0214359456101794,-0.0350585710163342,3207.2850341796875,3055.134013671875,3169.07268258481,35.40409217935935,21.671187967043807,42.855518355737445,-21.18433038869364,0.0131020166259131,0.3059528601560026,0.969293348018022,1.0175658530578664,3073.10009765625,-0.0114835147359613
2021-02-17,2650.81787109375,3073.10009765625,0.0,3132.85009765625,3045.550048828125,3105.10009765625,0.0,3678426,-0.0114835147359613,-0.0436311421409293,-0.0575336143542439,3197.9050415039064,3061.8420166015626,3159.9324364011377,37.47337493589919,11.960536605753989,36.67652200574075,-24.715985399986764,0.0128540724318955,0.070626380694866,0.9609729050025316,1.0036768980873751,3057.35009765625,-0.0051251177961993
2021-02-18,2637.232177734375,3057.35009765625,0.0,3097.89990234375,3031.0,3065.0,0.0,4189909,-0.0051251177961993,-0.0463661579362912,-0.0759943023033171,3185.3325439453124,3067.043017578125,3150.1626898540057,43.62154941811173,2.9597637545361977,29.93317035549984,-26.97340660096364,0.0121692923385941,0.1390494195071479,0.959821323355286,0.9968396530905104,3071.85009765625,0.0047426691536294
2021-02-19,2649.738525390625,3071.85009765625,0.0,3087.14990234375,3016.14990234375,3058.0,0.0,3725028,0.0047426691536294,-0.0372790364020337,-0.0617010534919151,3175.2325439453125,3072.2640185546875,3142.704347739934,41.76428114399282,-2.969158151740885,23.352704654051696,-26.32186280579258,0.0122076897994505,-0.1109525290406068,0.9674409842875296,0.9998652717032332,2958.449951171875,-0.036915911544934
2021-02-22,2551.92138671875,2958.449951171875,0.0,3096.0,2943.14990234375,3096.0,0.0,5366696,-0.036915911544934,-0.0577735053720499,-0.1043414175455733,3158.000036621094,3075.7470166015623,3125.156309971548,23.31739410659854,-16.626653858811096,15.356832951479136,-31.98348681029023,0.0140006272835263,0.4407129288692595,0.936811246632306,0.96186387736164,2980.199951171875,0.0073518228663576
2021-02-23,2570.682861328125,2980.199951171875,0.0,3028.0,2968.0,2970.0,0.0,3832829,0.0073518228663576,-0.0413664744069746,-0.0945219496979674,3142.445031738281,3079.679013671875,3111.350942466817,26.97666950631968,-25.40245073633013,7.204976213917282,-32.60742695024742,0.0142859061540478,-0.2858121645049393,0.9483697951984036,0.9676982367128604,2948.10009765625,-0.010771040212588
2021-02-24,2542.99365234375,2948.10009765625,0.0,3003.35009765625,2921.14990234375,2972.0,0.0,3774549,-0.010771040212588,-0.0406755380650741,-0.0959660068033408,3126.797534179688,3082.6870166015624,3095.8032429610485,25.866086815829533,-34.54926052781093,-1.1458711344283603,-33.40338939338257,0.0143154882559858,-0.0152054787729898,0.9428496937937114,0.956341036822582,2995.300048828125,0.0160102946332789
2021-02-25,2583.70751953125,2995.300048828125,0.0,3029.89990234375,2968.449951171875,2974.0,0.0,4224073,0.0160102946332789,-0.0202953691419547,-0.062958501173407,3116.735034179688,3087.3620166015626,3086.231510186484,34.19802012136576,-37.556602458676025,-8.428017399277893,-29.128585059398134,0.014596245706833,0.1190934334141641,0.961037757775414,0.9701810259767412,2894.300048828125,-0.0337194933240544
2021-02-26,2496.586669921875,2894.300048828125,0.0,2972.35009765625,2880.0,2960.0,0.0,5553153,-0.0337194933240544,-0.0577990602352607,-0.0697607283062188,3105.882531738281,3088.964018554688,3067.9523233904497,21.42091963522484,-47.5417666215053,-16.250767243723374,-31.29099937778193,0.0152653921673065,0.3146441834693671,0.9318768560149828,0.936980823163604,2924.199951171875,0.0103306159829061
2021-03-01,2522.37890625,2924.199951171875,0.0,2965.0,2901.800048828125,2926.0,0.0,3265871,0.0103306159829061,-0.0115770084217355,-0.0685333396377168,3095.1250244140624,3090.684018554688,3054.2616212743947,27.11879993509625,-52.43793702796438,-23.488201200571574,-28.949735827392807,0.0153255372512339,-0.4118888854674092,0.9447760358971136,0.9461335851923592,3006.35009765625,0.0280932042459864
2021-03-02,2593.240234375,3006.35009765625,0.0,3025.0,2948.0,2960.0,0.0,3306469,0.0280932042459864,0.0087746281836198,-0.0615273709656436,3085.270031738281,3093.5910205078126,3049.698619025048,32.695044061272185,-49.1230966066023,-28.61518028177772,-20.50791632482458,0.0160338706956593,0.0124309870169397,0.9744204127126056,0.9717994646760896,3059.10009765625,0.0175461933196416
2021-03-03,2638.741943359375,3059.10009765625,0.0,3064.0,2996.89990234375,3035.0,0.0,3509857,0.0175461933196416,0.0376513674309244,-0.0440461708477002,3078.2225341796875,3098.3700244140623,3050.5939979423047,38.58409040717684,-41.758214833664624,-31.243787192155104,-10.51442764150952,0.0166819273874662,0.0615121448288189,0.9937878316752256,0.9873256175187666,3049.699951171875,-0.0030728469760035
2021-03-04,2630.632568359375,3049.699951171875,0.0,3081.449951171875,3016.050048828125,3023.0,0.0,3916760,-0.0030728469760035,0.018161753900092,-0.0435164428248291,3071.2850341796875,3101.9140234375,3050.5088506308352,38.93506304540112,-36.26200045950509,-32.2474298456251,-4.0145706138799895,0.0166797569515175,0.115931503762119,0.9929719701142692,0.9831671439404494,3008.050048828125,-0.0136570492214309
2021-03-05,2594.7060546875,3008.050048828125,0.0,3063.199951171875,2996.60009765625,3016.10009765625,0.0,3203686,-0.0136570492214309,0.0393013848187773,-0.0474674724620395,3063.7900390625,3103.9000244140625,3046.465155221053,39.51137684344032,-34.86510675834552,-32.77096522816919,-2.09414153017633,0.0168009248147536,-0.1820571084263524,0.9818068504944186,0.9691195029375884,3006.949951171875,-0.0003657178698468
2021-03-08,2593.7578125,3006.949951171875,0.0,3033.0,2996.0,3016.0,0.0,2003125,-0.0003657178698468,0.0282983384795003,-0.064450434084312,3053.4325317382813,3105.852021484375,3042.701802454465,41.48908823987838,-33.4611082954475,-32.90899384162485,-0.5521144538226537,0.0161366270876146,-0.3747436546527968,0.9847769419879914,0.9681562194114992,3050.949951171875,0.0146327676597517
2021-03-09,2631.71142578125,3050.949951171875,0.0,3066.89990234375,2992.10009765625,3006.949951171875,0.0,1942397,0.0146327676597517,0.0148352161481108,-0.0396455522816302,3047.1350341796874,3108.283022460937,3043.487340427552,48.174388763215646,-28.46981481830062,-32.02115803696,3.551343218659383,0.0164812878424272,-0.0303166302652106,1.0012519684718253,0.9815547455380464,3070.949951171875,0.006555335328368
2021-03-10,2648.963134765625,3070.949951171875,0.0,3093.199951171875,3060.0,3075.0,0.0,3053778,0.006555335328368,0.0038736403312542,-0.0443002817953973,3040.017529296875,3111.092021484375,3046.1028271651057,51.113099546127934,-22.63937332118121,-30.144801093804247,7.505427772623037,0.0163078543070544,0.5721698499328407,1.0101750801029603,0.9870971125137766,3057.949951171875,-0.0042332178012342
2021-03-12,2637.7490234375,3057.949951171875,0.0,3117.0,3041.35009765625,3075.0,0.0,2938317,-0.0042332178012342,0.0027051841597827,-0.0461790545315424,3032.615026855469,3114.06501953125,3047.23112468956,48.85952222324159,-18.85040208188593,-27.885921291420587,9.035519209534655,0.0163146110525923,-0.0378092317123248,1.0083541511507566,0.9819801230843208,3066.14990234375,0.0026815190905045
2021-03-15,2644.82177734375,3066.14990234375,0.0,3099.0,3041.0,3041.0,0.0,3097083,0.0026815190905045,0.0193147895056664,-0.0390654834451801,3026.38251953125,3118.133017578125,3049.032913037578,60.68028179312155,-15.012888315658074,-25.311314696268084,10.29842638061001,0.0163389836707784,0.0540329719359755,1.0131402367532374,0.9833287691893432,3110.050048828125,0.0143176778313474
2021-03-16,2682.6904296875,3110.050048828125,0.0,3141.0,3060.0,3060.0,0.0,4894756,0.0143176778313474,0.034287267606855,-0.0094909145026921,3024.892517089844,3121.769018554688,3054.844068827154,62.33495521654228,-8.333196177373338,-21.91569099248914,13.5824948151158,0.0163663383106233,0.5804406920964017,1.0281522504542435,0.9962460484241756,3112.949951171875,0.0009324294780537
2021-03-17,2685.19189453125,3112.949951171875,0.0,3155.0,3085.300048828125,3105.0,0.0,3838390,0.0009324294780537,0.0203215395179412,0.0013348887926434,3025.100012207032,3123.2390185546874,3060.3779623837945,66.57948355052994,-2.77352270625488,-18.08725733524229,15.313734628987408,0.0162124845990808,-0.215815864978765,1.0290403420086434,0.9967056420204516,3036.5,-0.0245586830405337
2021-03-18,2619.24658203125,3036.5,0.0,3146.449951171875,2987.050048828125,3125.949951171875,0.0,3656306,-0.0245586830405337,-0.0112180112732638,-0.0119098293232178,3023.2700073242186,3122.109018554688,3058.103870728195,53.91336813325696,-4.484617684687237,-15.366729405131275,10.88211172044404,0.0169547276932863,-0.0474375975343829,1.0043760539560576,0.9725797472010383,3050.199951171875,0.0045117573429525
2021-03-19,2631.064208984375,3050.199951171875,0.0,3099.0,3005.0,3030.0,0.0,5776626,0.0045117573429525,-0.0025343776463804,-0.002338674425888,3022.9125,3122.083017578125,3057.351116484736,67.75220538276861,-4.681238811518597,-13.229631286408742,8.548392474890145,0.0169521435806642,0.579907699191479,1.0090268743047888,0.9769759272890792,3129.64990234375,0.0260474567056991
2021-03-22,2699.596923828125,3129.64990234375,0.0,3139.449951171875,3018.64990234375,3048.699951171875,0.0,2821646,0.0260474567056991,0.0207100115853633,0.018815958738221,3025.802490234375,3124.0200146484376,3064.236715137976,71.02219273338991,1.5559485907037924,-10.272515310986236,11.828463901690029,0.0179069704236584,-0.5115408198488183,1.0343206182308784,1.0018021292017705,3142.60009765625,0.0041379054260355
2021-03-23,2710.767333984375,3142.60009765625,0.0,3169.0,3122.85009765625,3140.0,0.0,3305973,0.0041379054260355,0.010466085213127,0.062245483115721,3035.0099975585936,3124.4540185546875,3071.69989442543,66.24149917232612,7.457966283006499,-6.726418992187689,14.184385275194188,0.0155147503714683,0.1716469748508494,1.03544966908979,1.0058077600098454,3121.10009765625,-0.0068414686348525
2021-03-24,2692.221923828125,3121.10009765625,0.0,3152.300048828125,3111.14990234375,3111.199951171875,0.0,2207104,-0.0068414686348525,0.0026181424732854,0.0472787560542606,3042.0550048828127,3123.347021484375,3076.404675685508,57.98557042843451,10.281963434719728,-3.324742506806206,13.606705941525934,0.0156360222309707,-0.3323889820031803,1.0259841102960208,0.9992806038481572,3064.85009765625,-0.0180224915061968
2021-03-25,2643.701416015625,3064.85009765625,0.0,3130.85009765625,3050.0,3112.199951171875,0.0,3179786,-0.0180224915061968,0.0093364392083814,0.039601776104148,3047.8925048828123,3121.147021484375,3075.304239682722,51.74119581473261,7.890143956036809,-1.0817652142376033,8.971909170274412,0.0160371446918726,0.4407051049701328,1.0055637109072155,0.9819627452854331,3066.800048828125,0.0006362305201699
2021-03-26,2645.383056640625,3066.800048828125,0.0,3118.0,3043.050048828125,3090.64990234375,0.0,3697370,0.0006362305201699,0.0054422981843771,0.0238707304224741,3051.4675048828126,3119.3040234375,3074.494316744189,57.430123370183416,6.081846806037902,0.3509571898174979,5.730889616220404,0.0156984788025576,0.1627732180719079,1.0050246459845231,0.9831680483162668,3158.550048828125,0.029917177037694
2021-03-30,2724.525390625,3158.550048828125,0.0,3188.449951171875,3060.89990234375,3083.0,0.0,4694008,0.029917177037694,0.0092343065154769,0.0913001401174671,3064.6800048828127,3117.461025390625,3082.4996245617067,65.59671786586935,11.914869303263911,2.663739612506781,9.251129690757132,0.0146409731110767,0.2695532229665952,1.0306296395694667,1.0131802845658195,3177.85009765625,0.0061104141234948
2021-03-31,2741.17333984375,3177.85009765625,0.0,3205.0,3132.0,3155.0,0.0,3530069,0.0061104141234948,0.0112168264827234,0.0867417244784252,3077.362512207031,3116.351025390625,3091.5806219992824,63.75462096814741,17.888724222670135,5.708736534539452,12.179987688130684,0.0145825004859353,-0.2479627218360088,1.032653801770384,1.0197343212508982,3165.0,-0.0040436449994061
2021-04-01,2730.090087890625,3165.0,0.0,3215.0,3145.0,3191.10009765625,0.0,4285076,-0.0040436449994061,0.0140655220820107,0.0527715991784967,3085.2950073242187,3115.216025390625,3098.5729437136365,60.35451045828968,21.340155765607506,8.835020380753063,12.505135384854444,0.0135533428284258,0.2138788221986595,1.0258338319306803,1.015980906044271,3238.89990234375,0.0233491002665877
2021-04-05,2793.83447265625,3238.89990234375,0.0,3263.0,3151.0,3171.0,0.0,5317862,0.0233491002665877,0.056789010601399,0.0587753911110182,3094.2849975585937,3114.7800244140626,3111.937415964124,67.56624929786764,29.69622504443987,13.007261313490424,16.688963730949446,0.0139452065823641,0.2410192958071222,1.046736129638756,1.0398486817549937,3264.699951171875,0.0079656826719021
2021-04-06,2816.08984375,3264.699951171875,0.0,3275.0,3230.0,3275.0,0.0,2291562,0.0079656826719021,0.0645297701815841,0.0704987387094866,3105.0349975585937,3113.8980224609377,3126.4862288410527,68.63794182153194,37.96270800366756,17.998350651525854,19.964357352141704,0.0139126194640077,-0.5690820859962142,1.0514213056338566,1.0484286664570208,3271.39990234375,0.0020522410243153
2021-04-07,2821.867919921875,3271.39990234375,0.0,3277.550048828125,3234.800048828125,3259.0,0.0,2491268,0.0020522410243153,0.0357283727568269,0.0875483616431915,3118.202490234375,3113.8490185546875,3140.2875310794047,66.28316373167343,44.54114280305566,23.30690908183182,21.234233721223845,0.0133237742469511,0.0871484166695031,1.049130039690867,1.050596828186034,3317.35009765625,0.0140460343229757
2021-04-08,2861.504150390625,3317.35009765625,0.0,3335.0,3266.050048828125,3270.0,0.0,2578118,0.0140460343229757,0.0438976023768034,0.1032275732967904,3133.7224975585937,3114.1340185546874,3157.150632658152,68.97864937931185,52.853138436587415,29.21615495278294,23.636983483804475,0.0134479133053826,0.0348617651733976,1.0585972753620387,1.065256048034785,3322.25,0.0014770531296084
2021-04-09,2865.730712890625,3322.25,0.0,3354.35009765625,3308.0,3354.0,0.0,2911129,0.0014770531296084,0.0496840442338073,0.0889231397335503,3147.2875,3114.753017578125,3172.874381928804,80.59748158031776,59.1539461605189,35.203713194330135,23.950232966188764,0.013273051225324,0.1291682537416829,1.0555915212703002,1.0666174753667033,3246.550048828125,-0.0227857479635412
2021-04-12,2800.432861328125,3246.550048828125,0.0,3338.10009765625,3213.199951171875,3322.25,0.0,3791828,-0.0227857479635412,0.0023619582929497,0.0571810353305304,3156.0675048828125,3114.463017578125,3179.891112109692,68.56035779892734,57.37761484036628,39.63849352353736,17.739121316828914,0.0145744138286744,0.3025283317915489,1.0286693943666685,1.0424108523698938,3104.050048828125,-0.0438927470258581
2021-04-13,2677.514892578125,3104.050048828125,0.0,3214.0,3073.050048828125,3214.0,0.0,8654596,-0.0438927470258581,-0.0492081675947231,0.0150754912252841,3158.372509765625,3112.613017578125,3172.668153701923,47.837851101498536,43.96450494747933,40.50369580832576,3.460809139153568,0.0179101436967784,1.282433696887095,0.9828004895655796,0.9972489452747124,3218.949951171875,0.0370161242687205
2021-04-15,2776.626220703125,3218.949951171875,0.0,3237.25,3087.449951171875,3160.300048828125,0.0,6062760,0.0370161242687205,-0.0160328766698005,0.0498345004956624,3166.0125122070312,3114.765014648437,3177.075943937157,55.501106627840585,42.12044234147106,40.82704511495482,1.293397226516241,0.0196506581516886,-0.2994750997042496,1.0167205400360029,1.033448730813871,3195.14990234375,-0.0073937306230749
2021-04-16,2756.095947265625,3195.14990234375,0.0,3247.0,3182.60009765625,3229.0,0.0,3224657,-0.0073937306230749,-0.0368366894404169,0.0273628566034462,3170.2675048828123,3115.881010742188,3178.7972733092133,55.31775976211849,38.29707951182536,40.321051994328926,-2.0239724825035665,0.0195698870681469,-0.4681206249298999,1.0078486744171002,1.025440282003157,3161.800048828125,-0.0104376491040879
2021-04-19,2727.3291015625,3161.800048828125,0.0,3189.0,3135.10009765625,3169.0,0.0,2679106,-0.0104376491040879,-0.0482955681155466,0.0156925419369047,3172.710009765625,3115.0480126953125,3177.178490025301,57.19907717107904,32.204746193770006,38.697790834217145,-6.493044640447138,0.0197525510414049,-0.1691810942993316,0.99656131165347,1.015008448005384,3144.550048828125,-0.0054557529678049
2021-04-20,2712.44970703125,3144.550048828125,0.0,3225.35009765625,3126.35009765625,3225.0,0.0,3141893,-0.0054557529678049,-0.0314179662921931,0.0355837473499505,3178.112512207031,3113.9380126953124,3174.0710194350936,55.64510353776177,25.68847654351293,36.095927976076304,-10.40745143256337,0.0188967289317451,0.1727393391676178,0.9894394980511252,1.0098306504522598,3118.800048828125,-0.0081887709211676
2021-04-22,2690.23779296875,3118.800048828125,0.0,3148.0,3105.25,3148.0,0.0,1988980,-0.0081887709211676,0.0047518563708626,0.0224903608794218,3181.542517089844,3112.5450146484377,3168.807117472525,46.8079975721208,18.23625984837099,32.52399435053525,-14.287734502164255,0.019018049741121,-0.3669485243450365,0.98027922998838,1.0020096204714308,3109.5,-0.0029819317309615
2021-04-23,2682.215576171875,3109.5,0.0,3119.0,3091.050048828125,3105.0,0.0,1615309,-0.0029819317309615,-0.0340017561105693,-0.0064383886289197,3180.535021972656,3111.576015625,3163.15882057038,44.421765400208976,11.447923672458728,28.308780214919945,-16.860856542461217,0.0181149998389419,-0.1878706673772486,0.9776657004303012,0.9993328089641472,3100.800048828125,-0.0027978617693761
2021-04-26,2674.71044921875,3100.800048828125,0.0,3153.0,3088.050048828125,3102.050048828125,0.0,2490260,-0.0027978617693761,-0.029529085144461,-0.0133011033950197,3178.44501953125,3109.3100146484376,3157.2198899282607,44.72473484552131,5.30495280101195,23.70801473213835,-18.4030619311264,0.0180946312726601,0.5416616882590266,0.9755713972631258,0.9972630693690172,3132.0,0.0100619035992552
2021-04-27,2701.62353515625,3132.0,0.0,3136.10009765625,3103.0,3106.0,0.0,1471417,0.0100619035992552,-0.0094250263672334,0.0034923270650419,3178.9900146484374,3108.4120166015623,3154.817995649378,40.5532043791715,2.920513575827954,19.55051450087627,-16.630000925048318,0.0181780820199574,-0.409131175058026,0.9852185711713743,1.00758843527578,3124.10009765625,-0.0025223187559866
2021-04-28,2694.8095703125,3124.10009765625,0.0,3151.0,3112.0,3149.949951171875,0.0,1639037,-0.0025223187559866,-0.006503299630895,0.0193321037284366,3181.952514648437,3106.628017578125,3151.892481554795,37.16919682184764,0.3888893397770516,15.718189468656428,-15.329300128879376,0.0176779235383156,0.113917400709656,0.9818185794018428,1.0056241300790645,3115.25,-0.0028328470214157
2021-04-29,2687.17578125,3115.25,0.0,3157.35009765625,3105.5,3145.60009765625,0.0,1621395,-0.0028328470214157,-0.0011382739427168,0.0157982099910258,3184.3750122070314,3104.813017578125,3148.402721406719,35.80583967005828,-2.304999425602091,12.113551689804725,-14.418551115406816,0.0176997871452121,-0.0107636374285632,0.9782924398219284,1.0033615494275454,3035.64990234375,-0.0255517527184816
2021-04-30,2618.51318359375,3035.64990234375,0.0,3132.050048828125,3020.0,3099.0,0.0,3072305,-0.0255517527184816,-0.0237498304088278,-0.0389103052300764,3178.2300048828124,3101.7100146484377,3137.664357686436,25.869424644287307,-10.739193577031983,7.543002636437382,-18.28219621346937,0.0172594771278614,0.8948528890245745,0.955138519767288,0.9787020346864452,3037.0,0.0004447474839597
2021-05-03,2619.677734375,3037.0,0.0,3055.0,3004.0,3024.89990234375,0.0,1545831,0.0004447474839597,-0.0205753508202622,-0.0443224486139641,3171.1875,3099.653012695313,3128.077276002014,25.41583659261016,-17.117096377487997,2.6109828336523067,-19.728079211140304,0.017168367404323,-0.4968497593826134,0.9576854096454404,0.9797870882841714,3049.75,0.0041982219295357
2021-05-04,2630.675537109375,3049.75,0.0,3090.0,3035.0,3062.800048828125,0.0,1990777,0.0041982219295357,-0.0262611749680715,-0.0364139020537125,3165.425,3098.47201171875,3120.617535430394,30.97447144163353,-20.90186812852926,-2.0915873587840066,-18.81028076974525,0.0172186958983335,0.2878361218011542,0.963456723820656,0.9842754714147884,3095.699951171875,0.0150667927442822
2021-05-05,2670.3115234375,3095.699951171875,0.0,3099.39990234375,3052.39990234375,3070.0,0.0,1939289,0.0150667927442822,-0.0090906647023509,-0.0442125275524112,3158.265002441406,3098.9240087890626,3118.244432167678,49.007476572593326,-19.96342404365714,-5.665954695758634,-14.297469347898508,0.0166752793231008,-0.0258632684625148,0.9801900564958396,0.9989596203043238,3111.449951171875,0.0050877023769819
2021-05-06,2683.897216796875,3111.449951171875,0.0,3134.0,3074.0,3105.5,0.0,1791671,0.0050877023769819,-0.00121982146798,-0.0469415267228433,3150.602502441406,3100.006005859375,3117.5973387395065,33.281493001555205,-17.744262164698284,-8.081616189546564,-9.66264597515172,0.0165958418812496,-0.0761196500366887,0.9875729955653904,1.00369158811011,3132.89990234375,0.0068938763304857
2021-05-07,2702.400390625,3132.89990234375,0.0,3159.85009765625,3111.800048828125,3133.0,0.0,1912540,0.0068938763304857,0.0320359735570678,-0.0423366155573867,3143.6775024414064,3101.227001953125,3119.0547257494345,40.24752952408054,-14.092281543088577,-9.283749260254966,-4.808532282833609,0.0166972034786559,0.0674616042789105,0.9965716584830072,1.0102130222556032,3145.5,0.0040218641032303
2021-05-10,2713.2685546875,3145.5,0.0,3164.199951171875,3125.0,3145.949951171875,0.0,2137153,0.0040218641032303,0.0357260454395784,-0.0518034252030451,3135.084997558594,3104.9680029296874,3121.5733232971074,47.2687599151399,-10.065311367903178,-9.44006168178461,-0.6252496861185683,0.016335864525273,0.1174422495738651,1.003322079768018,1.0130539177962763,3122.60009765625,-0.0072802105686695
2021-05-11,2693.515625,3122.60009765625,0.0,3128.10009765625,3091.14990234375,3125.0,0.0,2415625,-0.0072802105686695,0.0238872358902368,-0.0600947858661299,3125.102502441406,3107.816005859375,3121.671111331312,46.39040492568988,-8.622346188351912,-9.27651858309807,0.6541723947461584,0.0163402091503165,0.1303004511141691,0.9991992567337548,1.0047570679116786,3087.60009765625,-0.0112086078605678
2021-05-12,2663.324951171875,3087.60009765625,0.0,3120.0,3070.60009765625,3120.0,0.0,1978558,-0.0112086078605678,-0.0026164853323588,-0.0489596490986639,3117.1550048828126,3110.606005859375,3118.426252886068,45.02075545653823,-10.185580350374948,-9.458330936553446,-0.727249413821502,0.015797192642345,-0.180933298835705,0.9905186276652054,0.992604043019338,3051.5,-0.0116919602650786
2021-05-14,2632.185302734375,3051.5,0.0,3098.5,3040.0,3098.5,0.0,2043935,-0.0116919602650786,-0.0192675286804133,-0.0169295108008855,3114.5275024414063,3111.7300048828124,3112.052324039776,41.47309859660457,-14.174041340487747,-10.401473017340308,-3.772568323147439,0.0126772216416728,0.0330427513370848,0.9797633822812608,0.9806442060242048,3069.75,0.0059806652466001
2021-05-17,2647.927490234375,3069.75,0.0,3075.199951171875,3036.0,3055.0,0.0,2890462,0.0059806652466001,-0.0201570124524269,-0.0463505035601929,3107.0675048828125,3115.23900390625,3108.0235312740824,45.5598404376026,-15.681535947094744,-11.457485603291197,-4.224050343803549,0.0092414258713209,0.4141653232612583,0.987989477272648,0.9853979088444864,3088.800048828125,0.00620573298416
2021-05-18,2664.3603515625,3088.800048828125,0.0,3124.0,3078.0,3100.0,0.0,2098538,0.00620573298416,-0.0180257355497933,-0.0332847774802721,3101.7500122070314,3118.531005859375,3106.1927234220866,43.60001186341734,-15.164252487953036,-12.198838980223565,-2.9654135077294725,0.0093488765278718,-0.2739783467141239,0.9958249493582844,0.990466358367004,3082.0,-0.0022015179748215
2021-05-19,2658.494384765625,3082.0,0.0,3118.0,3067.10009765625,3084.0,0.0,1986041,-0.0022015179748215,-0.0130020163922762,-0.0252388030855087,3097.760009765625,3120.04400390625,3103.888654524745,43.742561122174685,-15.12861546792874,-12.7847942777646,-2.3438211901641406,0.0091199847145844,-0.053607320906269,0.9949124497327289,0.9878065809781468,3060.0,-0.0071382219338091
2021-05-20,2639.517333984375,3060.0,0.0,3088.800048828125,3052.10009765625,3067.10009765625,0.0,2329027,-0.0071382219338091,-0.0089390130791875,-0.0268878050961962,3093.532507324219,3120.062001953125,3099.708782665245,42.096988457546594,-16.68327460645196,-13.564490343502072,-3.1187842629498874,0.0091685712828701,0.1726983481207084,0.9891604477260776,0.980749740897608,3080.5,0.0066993464052287
2021-05-21,2657.199951171875,3080.5,0.0,3088.199951171875,3055.10009765625,3061.0,0.0,1685566,0.0066993464052287,0.009503522857611,-0.0122803797064566,3091.6175048828127,3120.6780029296874,3097.879374792365,57.720789722312816,-16.07586197017872,-14.066764668837404,-2.009097301341317,0.0091860585015448,-0.2762788924301865,0.996403984365707,0.9871252327564816,3081.5,0.000324622626197
2021-05-24,2658.063232421875,3081.5,0.0,3105.0,3072.0,3081.5,0.0,1652260,0.000324622626197,0.0038276732632951,-0.0090046631291204,3090.2175048828126,3122.147001953125,3096.319434335949,57.66976646328634,-15.336996093096332,-14.320810953689191,-1.0161851394071402,0.0091702448324269,-0.0197595347794153,0.9971789995788198,0.9869810736241128,3114.0,0.0105468116177187
2021-05-25,2699.236328125,3114.0,15.0,3128.25,3082.10009765625,3092.0,0.0,1841613,0.0105468116177187,0.0081584922214164,0.0042569501302942,3090.8775024414062,3124.2880029296875,3098.0032977325254,60.36791669358766,-11.990739396316258,-13.854796642214604,1.864057245898348,0.0094681554353095,0.114602423347415,1.0074808844867935,0.9967070888087012,3158.5,0.0142903018625561
2021-05-26,2737.809814453125,3158.5,0.0,3165.0,3103.800048828125,3120.0,0.0,1923753,0.0142903018625561,0.0248215444516548,0.0084610472541506,3092.202502441406,3126.43900390625,3103.764888424666,60.18158544086599,-5.682524156430191,-12.220342145057725,6.537817988627532,0.0097419108177803,0.0446022046977296,1.0214402185840836,1.0102547966084392,3180.0,0.0068070286528414
2021-05-27,2756.4453125,3180.0,0.0,3217.75,3161.800048828125,3161.949951171875,0.0,5959785,0.0068070286528414,0.0392156862745098,0.0178931214098059,3094.9974975585938,3128.6200048828123,3111.025375241364,60.91039580838369,1.039667546117471,-9.568340206822684,10.608007752940155,0.0098143453019028,2.097999067447848,1.027464481799568,1.0164225745015372,3143.60009765625,-0.0114465101709905
2021-05-28,2724.893798828125,3143.60009765625,0.0,3198.0,3135.64990234375,3189.5,0.0,1763701,-0.0114465101709905,0.020483719414462,0.009100424574673,3096.415002441406,3130.3330078125,3114.127729757068,51.625674891728,3.39079798028024,-6.9765125694021,10.36731054968234,0.010170828370657,-0.7040663379635339,1.0152386211724334,1.0042382359354864,3159.14990234375,0.0049464958024061
2021-05-31,2738.37255859375,3159.14990234375,0.0,3170.35009765625,3128.60009765625,3150.0,0.0,1652799,0.0049464958024061,0.0251987351431932,0.0406832157768419,3102.5900024414063,3132.1930078125,3118.415555717704,52.05539984530275,6.434650426786448,-4.294279970164391,10.728930396950838,0.0081430963836295,-0.0628802727900023,1.0182298982004832,1.0086063963695764,3153.0,-0.00194669532433
2021-06-01,2733.04150390625,3153.0,0.0,3169.949951171875,3132.0,3168.60009765625,0.0,1377441,-0.00194669532433,0.01252408477842,0.0381955877510702,3108.390002441406,3133.0520068359374,3121.709312316018,54.82079308198113,8.25551525714809,-1.784320924701895,10.039836181849983,0.0081850082934345,-0.1666010204507626,1.0143514801950708,1.0063669524542007,3129.449951171875,-0.0074690925557009
2021-06-02,2712.628662109375,3129.449951171875,0.0,3159.449951171875,3115.0,3150.85009765625,0.0,2240078,-0.0074690925557009,-0.009197419290209,0.026133273603369,3112.375,3133.3820068359373,3122.446516016576,56.88660090360599,7.709402437015797,0.1144237476416434,7.5949786893741535,0.0084254199318332,0.6262605803079769,1.005486148414595,0.9987451081114642,3141.25,0.0037706462836084
2021-06-03,2722.85693359375,3141.25,0.0,3154.550048828125,3122.64990234375,3154.550048828125,0.0,1281706,0.0037706462836084,-0.0121855345911949,0.0147139740758408,3114.6525024414063,3135.4770068359376,3124.2373240149973,66.05259572624792,8.134994265799378,1.7185378512731904,6.416456414526188,0.0078119928547612,-0.4278297452142292,1.0085394751221028,1.0018411849780675,3143.75,0.0007958615200955
2021-06-04,2725.02392578125,3143.75,0.0,3156.85009765625,3125.0,3128.0,0.0,1836060,0.0007958615200955,4.7684927819480194e-05,0.0103810279242833,3116.2675048828123,3137.3480078125,3126.095674108807,64.02578748829272,8.575158869366533,3.089862054891859,5.485296814474673,0.00774550934028,0.4325126042945886,1.008819042355679,1.002040574450637,3183.199951171875,0.0125486922216699
2021-06-07,2759.219482421875,3183.199951171875,0.0,3190.449951171875,3133.60009765625,3145.0,0.0,2559821,0.0125486922216699,0.0076128229338792,0.0160554280047362,3118.782507324219,3138.4190087890624,3131.534176686242,66.60802245889894,11.969299220694666,4.865749488052421,7.103549732642245,0.0080852259221433,0.3941924555842401,1.0206546765272593,1.0142686308798807,3200.14990234375,0.0053248151017453
2021-06-08,2773.912353515625,3200.14990234375,0.0,3231.0,3187.199951171875,3198.0,0.0,2574057,0.0053248151017453,0.0149539810795273,0.0173739953405658,3121.515002441406,3139.570004882813,3138.069007701243,70.06965502597757,15.844256578372551,7.061450906116447,8.782805672256103,0.0081175022041964,0.0055613263583664,1.0251912612436085,1.0192956033363552,3200.25,3.127905232713779e-05
2021-06-09,2773.99853515625,3200.25,0.0,3220.0,3186.199951171875,3202.0,0.0,1710925,3.127905232713779e-05,0.0226237996877414,0.0248670658794996,3125.397497558594,3141.153002929688,3143.9910069677912,75.73869532256705,18.707615499805343,9.390683824854229,9.316931674951116,0.0078915431418025,-0.335319691832776,1.0239497543912022,1.0188137913101316,3216.800048828125,0.0051714862364269
2021-06-10,2788.3447265625,3216.800048828125,0.0,3224.0,3193.0,3210.0,0.0,1874324,0.0051714862364269,0.0240509506814563,0.0418447814112807,3131.857495117188,3144.192001953125,3150.9252014306803,75.38178263735765,22.058027490068525,11.924152557897088,10.133874932171436,0.0073617804667028,0.0955033096132209,1.0271221004925573,1.0230927522332915,3273.800048828125,0.0177194724990026
2021-06-11,2837.751953125,3273.800048828125,0.0,3309.0,3211.0,3211.550048828125,0.0,3452954,0.0177194724990026,0.0413678087723659,0.0728494343202112,3142.9724975585937,3148.332001953125,3162.6275678494844,79.63023012434253,28.97862916346457,15.335047879010585,13.64358128445399,0.0074039203530244,0.8422396554704523,1.0416254203214173,1.0398522286712977,3276.35009765625,0.0007789262600315
2021-06-14,2839.962890625,3276.35009765625,0.0,3308.699951171875,3270.35009765625,3279.0,0.0,1847360,0.0007789262600315,0.0292630522471837,0.0673019293611043,3153.3025024414064,3150.688002929688,3173.458284973938,77.55902313846276,34.273934892004945,19.12282528160945,15.151109610395489,0.0074053335499259,-0.4649914247337207,1.03902181764026,1.0398840172716926,3262.75,-0.0041509903553893
2021-06-15,2828.174072265625,3262.75,0.0,3298.0,3251.550048828125,3298.0,0.0,1304985,-0.0041509903553893,0.0195616141638872,0.0563163521179919,3162.0,3152.3860009765626,3181.9622578335634,69.77053643359169,36.94718446865864,22.68769711901929,14.25948734963934,0.0075512359504569,-0.2935946431664645,1.031862745098039,1.035009671718263,3274.35009765625,0.0035553130507239
2021-06-16,2838.229248046875,3274.35009765625,0.0,3294.699951171875,3253.0,3262.10009765625,0.0,1635552,0.0035553130507239,0.0231544715744864,0.0624108039118267,3171.6175048828127,3154.5730029296874,3190.7610997214383,68.59115224753694,39.54592415549632,26.0593425263147,13.486581629181622,0.0074609305403002,0.2533109575972138,1.0323912302209446,1.0379693526240554,3317.75,0.0132545088488904
2021-06-17,2875.8486328125,3317.75,0.0,3336.050048828125,3260.0,3265.5,0.0,2273413,0.0132545088488904,0.0313821032204506,0.0842320261437907,3184.5050048828125,3156.1500048828125,3202.855280700349,83.39403688279003,44.59340843721611,29.766155708494985,14.827252728721128,0.0073872497624447,0.3899973831464851,1.0418416661028582,1.0512016206033234,3297.300048828125,-0.0061638011218069
2021-06-18,2858.121826171875,3297.300048828125,0.0,3358.0,3275.0,3350.89990234375,0.0,3380431,-0.0061638011218069,0.0071782025931643,0.0703782012102336,3195.345007324219,3156.8020068359374,3211.8500205220416,76.0022718437501,46.40846801246244,33.09461816928847,13.313849843173962,0.0077003002253933,0.4869410001614312,1.0319073656428992,1.044506447248812,3273.10009765625,-0.007339323329242
2021-06-21,2837.1455078125,3273.10009765625,0.0,3286.0,3251.699951171875,3265.0,0.0,1130569,-0.007339323329242,-0.0009919574841299,0.0621775426435988,3204.925012207031,3156.836010742188,3217.68336120149,71.16672805317563,45.37117136952929,35.549928809336635,9.821242560192658,0.0080461312757974,-0.6655547768908757,1.0212719752223691,1.0368293083702906,3301.199951171875,0.0085850883496494
2021-06-22,2861.50244140625,3301.199951171875,0.0,3327.050048828125,3285.0,3304.0,0.0,1708688,0.0085850883496494,0.0117845226179986,0.0601155912562219,3214.285009765625,3156.5130078125,3225.6373221510503,79.7918473547268,46.2830079397645,37.69654463542221,8.586463304342288,0.0079614594371253,0.5113522482926739,1.0270402099198377,1.0458375881871131,3261.39990234375,-0.0120562369492331
2021-06-23,2827.00341796875,3261.39990234375,0.0,3329.0,3256.39990234375,3329.0,0.0,1467104,-0.0120562369492331,-0.0039550429631118,0.0325787248199302,3219.4300048828127,3155.296005859375,3229.0432821694026,68.99603199110672,43.29503545505895,38.81624279934957,4.478792655709384,0.0081639673495523,-0.1413856713455001,1.0130364373188057,1.0336272401344726,3373.60009765625,0.0344024647918426
2021-06-24,2924.259521484375,3373.60009765625,0.0,3383.0,3278.5,3284.0,0.0,4155204,0.0344024647918426,0.0168337269704619,0.0608805338541666,3229.110009765625,3157.8370068359377,3242.810597930055,76.9808653905675,49.411083585075176,40.93521095649469,8.475872628580483,0.0109428937417508,1.8322491111741224,1.0447461026269318,1.068326227843058,3380.800048828125,0.002134204103467
2021-06-25,2930.50048828125,3380.800048828125,0.0,3399.64990234375,3350.0,3375.25,0.0,2722861,0.002134204103467,0.0253237493596241,0.0754548746033958,3240.970007324219,3163.3720068359376,3255.9524503965376,75.09525014324728,54.21412499312828,43.590993763821416,10.623131229306864,0.0104064591278786,-0.3447106327390905,1.0431445034011133,1.068732998054713,3336.75,-0.0130294747373166
2021-06-28,2892.31787109375,3336.75,0.0,3391.5,3333.0,3391.5,0.0,1355238,-0.0130294747373166,0.0194463659664205,0.0562176861327441,3249.850012207032,3165.7280078125,3263.647455120677,66.23098889648283,53.84540282804164,45.64187557666546,8.20352725137618,0.0110490916518724,-0.502274262255767,1.0267396918216398,1.054022958310204,3340.85009765625,0.0012287698078219
2021-06-29,2895.87158203125,3340.85009765625,0.0,3366.300048828125,3326.5,3342.0,0.0,1497322,0.0012287698078219,0.0120108285080702,0.0595782104840627,3259.242517089844,3168.64201171875,3271.0000877431125,66.54896429963068,53.26996843392226,47.16749414811682,6.102474285805435,0.0110000619132791,0.1048406257793834,1.025038818111416,1.05434759916097,3345.75,0.0014666633343374
2021-06-30,2900.118896484375,3345.75,0.0,3382.0,3338.5,3346.0,0.0,1693146,0.0014666633343374,0.0258631569822618,0.0691175932521712,3270.05751953125,3172.321010742188,3278.1191270056734,65.60570076873394,52.60293975445347,48.25458326938416,4.348356485069317,0.0107326200703734,0.1307828242689281,1.023147140384124,1.0546694324661796,3341.5,-0.0012702682507659
2021-07-01,2896.434814453125,3341.5,0.0,3362.0,3332.35009765625,3358.0,0.0,990310,-0.0012702682507659,-0.0095150867699319,0.0637485077596498,3280.07001953125,3176.260009765625,3284.155400624181,59.39233125073245,51.141843897268245,48.83203539496098,2.3098085023072628,0.0107825671251583,-0.4151065531265466,1.0187282527820942,1.05202344572747,3325.449951171875,-0.004803246694037
2021-07-02,2882.5224609375,3325.449951171875,0.0,3339.699951171875,3295.199951171875,3331.0,0.0,1682274,-0.004803246694037,-0.01637189329651,0.0577972011679921,3289.155017089844,3180.3930078125,3288.088214962057,56.56590455731165,48.13395186449816,48.69241868886842,-0.5584668243702637,0.0109187163311412,0.6987347396269855,1.0110347289481492,1.0456097542042917,3321.0,-0.0013381500961416
2021-07-05,2878.6650390625,3321.0,0.0,3374.0,3302.0,3342.0,0.0,1972858,-0.0013381500961416,-0.00472016183412,0.0432897873026778,3296.04501953125,3184.6230078125,3291.222670679956,57.98492117888965,44.87382437366568,47.92869982582788,-3.054875452162193,0.0107103540551223,0.172732860402051,1.0075711892042964,1.04282359068968,3262.300048828125,-0.017675384273374
2021-07-06,2827.783447265625,3262.300048828125,0.0,3328.0,3256.10009765625,3313.0,0.0,2159420,-0.017675384273374,-0.0235119944122099,0.0194210110091583,3299.1525268554688,3187.8530078125,3288.468135265496,48.53708229767916,37.125593632109485,45.76807858708421,-8.64248495497472,0.0115557946448419,0.0945643325571328,0.9888297137742617,1.02335334811021,3274.949951171875,0.0038776023524549
2021-07-07,2838.748779296875,3274.949951171875,0.0,3282.699951171875,3241.60009765625,3275.0,0.0,2640710,0.0038776023524549,-0.0211611892185982,0.0233419111544019,3302.8875244140627,3190.7120068359377,3287.180689161342,44.38466737348533,31.64106781207738,42.94267643208284,-11.30160862000546,0.0115703820072712,0.2228792916616498,0.9915414699908244,1.0264009864116417,3258.5,-0.0050229626153488
2021-07-08,2824.489501953125,3258.5,0.0,3298.0,3231.89990234375,3298.0,0.0,2485811,-0.0050229626153488,-0.0248391440969624,0.0129631778596452,3304.972521972656,3193.4000048828125,3284.4491949555,44.85546752850737,25.671245861736224,39.48839031801352,-13.817144456277298,0.0116114998823502,-0.0586580881656827,0.9859386056423496,1.0203857941434358,3208.14990234375,-0.0154519250134264
2021-07-09,2780.845703125,3208.14990234375,0.0,3282.0,3201.0,3250.0,0.0,6365067,-0.0154519250134264,-0.0352734368432725,-0.0200531936908837,3301.6900146484377,3195.258002929688,3277.182595659143,41.946658981711096,16.684953114825475,34.927702877375914,-18.24274976255044,0.0114211828138669,1.5605595115638318,0.9716690204441716,1.0040346974805296,3193.10009765625,-0.0046911164208708
2021-07-12,2767.80078125,3193.10009765625,0.0,3236.0,3188.35009765625,3235.0,0.0,1892226,-0.0046911164208708,-0.0385124668303974,-0.0254093724780978,3297.5275146484373,3198.4070068359374,3269.174738706486,36.14814620158559,8.253714228472745,29.59290514759528,-21.339190919122537,0.0114430527082627,-0.7027170334577783,0.9683316010167332,0.9983407648969176,3187.550048828125,-0.00173813806595
2021-07-13,2762.99072265625,3187.550048828125,0.0,3214.0,3175.0,3214.0,0.0,1809339,-0.00173813806595,-0.0229132816973262,-0.0230480273302812,3293.767517089844,3201.4180078125,3261.400958718071,39.626371169248216,1.1112443770525715,23.896572993486743,-22.78532861643417,0.01142327636952,-0.0438039642199187,0.9677519837964867,0.9956681823646482,3214.550048828125,0.0084704552356522
2021-07-14,2786.39404296875,3214.550048828125,0.0,3222.0,3185.0,3187.0,0.0,2044279,0.0084704552356522,-0.0184430001203949,-0.0182631811030009,3290.7775146484373,3204.7140087890625,3256.9389672999805,20.62785000058612,-2.343525385479552,18.648553317693484,-20.99207870317304,0.0115805745391588,0.1298485247927558,0.9768360317642272,1.0030692411279405,3202.949951171875,-0.0036086225070531
2021-07-15,2782.39794921875,3202.949951171875,7.0,3231.85009765625,3194.0,3227.60009765625,0.0,2232968,-0.0036086225070531,-0.0170477363290241,-0.0346017779604024,3285.037512207032,3206.8590087890625,3251.7971562401613,17.68123554809435,-5.948910905506182,13.72906047305355,-19.67797137855973,0.0111030311843563,0.0923010019669526,0.9750116822927826,0.9987810322791012,3194.800048828125,-0.002544498811406
2021-07-16,2775.31787109375,3194.800048828125,0.0,3219.85009765625,3192.0,3213.0,0.0,1256526,-0.002544498811406,-0.0041612312148731,-0.0310860396330715,3279.912512207032,3208.526010742188,3246.368860296158,20.33435819777605,-9.355983953968462,9.112051587649148,-18.46803554161761,0.0110558626704971,-0.4372843677114943,0.9740503860812938,0.9957220350191622,3184.60009765625,-0.0031926727857715
2021-07-19,2766.456787109375,3184.60009765625,0.0,3199.800048828125,3176.0,3180.0,0.0,1597058,-0.0031926727857715,-0.0026619898343428,-0.0270385864652815,3275.487512207031,3209.5600146484376,3240.486120997119,18.157683153026227,-12.732393598765611,4.743162550366196,-17.47555614913181,0.0109796106803035,0.2710107072993316,0.97225224818838,0.99222325898931,3205.800048828125,0.006657021453801
2021-07-20,2784.8740234375,3205.800048828125,0.0,3215.0,3156.14990234375,3184.60009765625,0.0,1811945,0.006657021453801,0.0057254002981723,-0.02889855317909,3270.717517089844,3210.766015625,3237.182685552453,23.256232755475565,-13.54146609196141,1.0862368219006746,-14.627702913862086,0.0108962786303906,0.1345517820893167,0.9801519183718808,0.9984533389313616,3216.35009765625,0.0032909254062747
2021-07-22,2794.038330078125,3216.35009765625,0.0,3224.949951171875,3190.0,3190.0,0.0,2859334,0.0032909254062747,0.0005599691405586,-0.0138130269321237,3268.4650268554688,3212.641015625,3235.1986295623383,26.64675514477159,-13.179436758837255,-1.7668978942469111,-11.412538864590344,0.0106445098576827,0.5780467950186126,0.984055228135833,1.0011545273851672,3212.85009765625,-0.0010881899960301
2021-07-23,2790.998291015625,3212.85009765625,0.0,3241.550048828125,3206.64990234375,3230.0,0.0,1776193,-0.0010881899960301,0.003090946357358,-0.0476493939254027,3260.427526855469,3215.146015625,3233.0701979522346,27.956146396626764,-13.024804811132526,-4.018479277624035,-9.006325533508491,0.0067352853208817,-0.378808841499454,0.9854076102574484,0.9992859055366096,3197.550048828125,-0.0047621421364433
2021-07-26,2777.70703125,3197.550048828125,0.0,3224.25,3190.85009765625,3200.0,0.0,1259611,-0.0047621421364433,0.0008607737441999,-0.0542031464012546,3251.265026855469,3218.0670166015625,3229.6873266070816,26.81688932006429,-13.975740316329391,-6.009931485365107,-7.965808830964286,0.0066662272612098,-0.2908366376852065,0.9834787451703696,0.993624443596857,3182.949951171875,-0.004566026311801
2021-07-27,2765.023681640625,3182.949951171875,0.0,3210.0,3161.14990234375,3200.0,0.0,1121367,-0.004566026311801,-0.0005181644268583,-0.0460927695596389,3243.5750244140627,3220.331015625,3225.2361479942047,32.14041581403323,-15.726187715300057,-7.953182731352097,-7.77300498394796,0.0062347612653215,-0.1097513438672733,0.9813091811393696,0.9883921670561964,3197.800048828125,0.004665514030713
2021-07-28,2777.923583984375,3197.800048828125,0.0,3204.449951171875,3132.39990234375,3188.0,0.0,1660654,0.004665514030713,-0.0024954769100226,-0.0428184577717152,3236.4225219726563,3222.511015625,3222.6231861688634,32.80591291251423,-15.733781873364933,-9.509302559754666,-6.224479313610267,0.0063838207056098,0.4809192708542341,0.9880663068921576,0.9923317665394908,3195.800048828125,-0.0006254299735635
2021-07-29,2776.186767578125,3195.800048828125,0.0,3225.449951171875,3190.300048828125,3200.25,0.0,1731997,-0.0006254299735635,-0.006389245015056,-0.0448180381594186,3228.9250244140626,3224.7870166015623,3220.0686016602217,35.064338395651774,-15.719973514317644,-10.751436750667262,-4.968536763650382,0.0063381358692243,0.0429607853291534,0.989741175364718,0.9910111993058118,3167.449951171875,-0.0088710486335481
2021-07-30,2751.558837890625,3167.449951171875,0.0,3223.5,3162.35009765625,3219.0,0.0,2999943,-0.0088710486335481,-0.0141308013459744,-0.0520874005171704,3220.222521972656,3226.936015625,3215.0573016137123,39.16979259107191,-17.791556253861017,-12.159460651306013,-5.632095602555005,0.0065007693087363,0.7320717068216631,0.9836121353599956,0.981565775037035,3219.39990234375,0.0164011908546983
2021-08-02,2796.6875,3219.39990234375,0.0,3224.89990234375,3167.0,3180.0,0.0,2608669,0.0164011908546983,0.0068333108730018,-0.0318904359967148,3214.92001953125,3229.714013671875,3215.4708826356205,55.84959306328751,-15.067682736899314,-12.741105068424671,-2.3265776684746413,0.0077419168970969,-0.1304271447824175,1.0013934663336206,0.996806493923467,3284.89990234375,0.0203454065934198
2021-08-03,2853.588134765625,3284.89990234375,0.0,3290.0,3218.949951171875,3229.0,0.0,3804735,0.0203454065934198,0.0320300201812284,-0.0108702492189852,3213.1150146484374,3233.78201171875,3222.083170226871,67.09390167678811,-7.536811089856656,-11.70024627271107,4.163435182854414,0.0091663789443155,0.4584966509741174,1.0223412132363916,1.0158074633477945,3273.949951171875,-0.0033334200424378
2021-08-04,2844.075439453125,3273.949951171875,0.0,3305.199951171875,3261.199951171875,3300.0,0.0,2929598,-0.0033334200424378,0.023813215704858,0.0035710701558353,3213.697509765625,3236.981010742188,3227.0228636502047,61.05319299724876,-2.4241663192474334,-9.845030282018342,7.420863962770909,0.0082696779947065,-0.2300126027174034,1.0187486349362869,1.011420808558037,3283.949951171875,0.0030544144379545
2021-08-05,2852.761962890625,3283.949951171875,0.0,3315.0,3262.5,3275.0,0.0,2534521,0.0030544144379545,0.0275830468104767,0.0027481336002646,3214.147509765625,3239.490009765625,3232.4444910332213,65.16285480813352,2.406813672759199,-7.394661491062835,9.801475163822031,0.0082524968936158,-0.1348570691268904,1.0217172488798874,1.0137243644129856,3309.800048828125,0.0078716478754572
2021-08-06,2875.218017578125,3309.800048828125,0.0,3324.0,3265.0,3272.550048828125,0.0,2292362,0.0078716478754572,0.0449415459914637,0.0157434552180835,3216.712512207031,3242.086010742188,3239.8116870136887,70.18958597290111,8.226457483259765,-4.270437696198315,12.49689517945808,0.0083288335287984,-0.0955442862773676,1.0289387181067124,1.0208859474614729,3322.699951171875,0.0038974869035721
2021-08-09,2886.42431640625,3322.699951171875,0.0,3337.0,3310.0,3323.89990234375,0.0,1510489,0.0038974869035721,0.0320867403744784,0.035705952750038,3222.4400146484377,3245.6680078125,3247.7058074097067,74.01734543364009,13.721310712831835,-0.6720880143922847,14.393398727224122,0.0074134337742493,-0.3410774563528796,1.03111304975971,1.0237337716531558,3333.89990234375,0.0033707380553351
2021-08-10,2896.153564453125,3333.89990234375,0.0,3349.89990234375,3315.60009765625,3315.60009765625,0.0,2040777,0.0033707380553351,0.0149167406790808,0.0440950175006564,3229.4800048828124,3249.1630078125,3255.9147688319963,73.08103438112825,18.76347033702996,3.215023655892164,15.548446681137792,0.0072605640741582,0.3510704149450939,1.0323333469484437,1.0260796070641895,3344.199951171875,0.0030894895257305
2021-08-11,2905.1015625,3344.199951171875,0.0,3360.0,3327.10009765625,3350.0,0.0,1929707,0.0030894895257305,0.0214572614266308,0.0491442957582237,3237.3125,3252.9870068359373,3264.322881435794,73.0567612143883,23.32170789399197,7.236360503512126,16.085347390479846,0.0072033048473774,-0.0544253487764709,1.0330173411346215,1.028039750587463,3351.75,0.0022576547270982
2021-08-12,2911.660400390625,3351.75,0.0,3368.0,3326.0,3326.0,0.0,1310205,0.0022576547270982,0.0206458837181517,0.0426809192850774,3244.172497558594,3257.4330078125,3272.649273680004,74.68890111664061,27.2294852836676,11.23498545954322,15.99449982412438,0.0070614921691426,-0.3210342295488382,1.0331602288479924,1.0289543919894266,3463.39990234375,0.0333109278268815
2021-08-13,3008.650146484375,3463.39990234375,0.0,3480.0,3357.5,3360.75,0.0,4363584,0.0333109278268815,0.046407592981337,0.0813156481188797,3257.194995117188,3263.876005859375,3290.8160002194086,85.19790154862608,38.88737162740336,16.765462693115246,22.121908934288108,0.0097863151305271,2.330458973977355,1.0633075107679095,1.0611309670239268,3472.949951171875,0.0027574201932796
2021-08-16,3016.9462890625,3472.949951171875,0.0,3494.35009765625,3436.5,3460.0,0.0,2083489,0.0027574201932796,0.0452192500701149,0.0870633210506484,3271.102490234375,3270.4600048828124,3308.1620907863103,88.91571712194579,48.33970959095086,23.08031207268237,25.25939751826849,0.0096719456466956,-0.5225280411698273,1.0617062478293176,1.0619148211526035,3553.050048828125,0.0230639942361454
2021-08-17,3086.529296875,3553.050048828125,0.0,3560.800048828125,3463.0,3482.10009765625,0.0,4336019,0.0230639942361454,0.0657338711130202,0.1156973999476544,3289.5249877929687,3277.8570068359377,3331.4847534569594,90.56753691521403,61.58425898122641,30.781101454391184,30.80315752683523,0.0103687744067394,1.0811336176960855,1.0801103691302136,1.083955169922994,3560.550048828125,0.0021108624694081
2021-08-18,3093.044921875,3560.550048828125,0.0,3595.0,3536.60009765625,3573.85009765625,0.0,2631309,0.0021108624694081,0.0646941273892538,0.1106588042288159,3307.262487792969,3285.065009765625,3353.300495873261,91.13566253038334,71.85751837268208,38.996384838049366,32.861133534632714,0.0103927869517597,-0.3931509525211951,1.076585261064108,1.0838598439432876,3559.5,-0.0002949119697026
2021-08-20,3092.1328125,3559.5,0.0,3575.0,3500.0,3506.0,0.0,2836148,-0.0002949119697026,0.0619825464309689,0.1066892259626222,3324.419982910156,3292.250009765625,3372.9385438853315,97.11573162079898,79.0037146461068,46.99785079966085,32.00586384644595,0.010460202039602,0.0778468055253107,1.0707130922983017,1.0811754846811894,3637.39990234375,0.0218850687859952
2021-08-23,3159.8037109375,3637.39990234375,0.0,3673.0,3561.89990234375,3580.0,0.0,3744176,0.0218850687859952,0.0502396503165143,0.1321411805042525,3345.6474731445314,3300.662006835937,3398.1253399289903,97.28506787330316,89.91649636186821,55.58157991210233,34.334916449765885,0.0109891116862675,0.3201624174760978,1.087203577645616,1.1020213202110367,3613.199951171875,-0.0066530906201107
2021-08-24,3138.78125,3613.199951171875,0.0,3667.35009765625,3594.39990234375,3657.0,0.0,2511141,-0.0066530906201107,0.0403835361787103,0.1299901161816317,3366.429968261719,3307.4500048828127,3418.6086362378364,90.96582091762036,95.5112267139325,63.56750927246837,31.94371744146413,0.0110967362108794,-0.3293207904756614,1.0733031684118406,1.092442802109686,3659.0,0.0126757581775318
2021-08-25,3178.568115234375,3659.0,0.0,3697.75,3607.050048828125,3610.0,0.0,2123263,0.0126757581775318,0.0298194367419113,0.1495625303982102,3390.232470703125,3315.103002929688,3441.503051834233,94.20273282761951,102.45968058045446,71.3459435340656,31.113737046388863,0.0108851168964791,-0.1544628517474725,1.0792770205640598,1.1037364440158863,3671.85009765625,0.0035119151834517
2021-08-26,3189.72998046875,3671.85009765625,0.0,3687.60009765625,3647.89990234375,3660.0,0.0,1902533,0.0035119151834517,0.0312592288555968,0.14824255475318,3413.934973144532,3323.2850048828127,3463.440865722044,94.24042163250054,107.76107324526038,78.62896947630455,29.13210376895583,0.0109014557540642,-0.1039579176013522,1.075547755461246,1.104885705638036,3720.14990234375,0.0131540785715436
2021-08-27,3231.68896484375,3720.14990234375,0.0,3729.5,3651.10009765625,3666.0,0.0,3944728,0.0131540785715436,0.0451327159274477,0.1640746747306358,3440.1524658203125,3332.2010009765627,3487.889345400302,94.52099207423446,114.53951547058978,85.8110786751616,28.72843679542818,0.0108299400597039,1.0734084507338375,1.081390996272798,1.116424219683474,3701.300048828125,-0.0050669607436381
2021-08-30,3215.3134765625,3701.300048828125,0.0,3740.35009765625,3687.60009765625,3715.0,0.0,2033114,-0.0050669607436381,0.0175675340077952,0.1685425518590244,3466.844970703125,3339.872001953125,3508.21417429819,90.55272665652726,117.04127516188782,92.05711797250684,24.98415718938098,0.0105538382926854,-0.4845996986357487,1.067627794177785,1.108216137224313,3786.449951171875,0.0230054038366085
2021-08-31,3289.283447265625,3786.449951171875,0.0,3804.10009765625,3703.449951171875,3709.39990234375,0.0,3207480,0.0230054038366085,0.0479491869648147,0.176135325224837,3495.197473144531,3349.655,3534.712819714732,91.8446836012824,124.4601243928978,98.53771925658504,25.92240513631276,0.0109313614862913,0.577619356317452,1.0833293341120758,1.1303999818404806,3714.949951171875,-0.0188831229573948
2021-09-01,3227.171630859375,3714.949951171875,0.0,3816.699951171875,3707.0,3796.0,0.0,2643336,-0.0188831229573948,0.0152910497873395,0.1309172460692904,3516.6999755859374,3358.4919970703127,3551.878260805888,80.79576214336065,123.15056040701757,103.46028748667156,19.69027292034602,0.0120950051700085,-0.1758838714504844,1.056373866682473,1.1061363118960856,3836.75,0.0327864575375242
2021-09-02,3332.978759765625,3836.75,0.0,3859.14990234375,3722.0,3734.0,0.0,3403717,0.0327864575375242,0.0449092141449363,0.1719024594822156,3544.839978027344,3369.202998046875,3579.0089026338983,83.85927104120123,130.4373667587056,108.85570334107835,21.581663417627222,0.0132334872464088,0.2876596089184273,1.0823478700821638,1.1387708019446028,3842.050048828125,0.0013813901943375
2021-09-03,3337.58349609375,3842.050048828125,0.0,3856.89990234375,3804.550048828125,3825.0,0.0,1746812,0.0013813901943375,0.0327675361704042,0.1699478085703141,3572.744982910156,3380.8160009765625,3604.060440366682,81.04453861073803,135.08273327399593,114.10110932766187,20.98162394633404,0.013271927606667,-0.4867928209072611,1.0753776346216035,1.1364268412473004,3852.0,0.0025897505356313
2021-09-06,3346.226806640625,3852.0,0.0,3877.60009765625,3814.0,3849.699951171875,0.0,1723693,0.0025897505356313,0.0407154105810978,0.1638165276370238,3599.85498046875,3390.3839990234374,3627.673731760331,81.0569603009782,137.97658937491133,118.87620533711178,19.100384037799543,0.0133262523823543,-0.0132349674721721,1.0700431047637418,1.1361544890223425,3815.89990234375,-0.0093717802845924
2021-09-07,3314.86669921875,3815.89990234375,0.0,3869.949951171875,3808.25,3864.0,0.0,1585039,-0.0093717802845924,0.007777720965983,0.1484334903601301,3624.514978027344,3399.08599609375,3645.600033720657,73.20971009662583,135.79169289592846,122.25930284887512,13.53239004705334,0.0138455921503659,-0.0804400783666232,1.0528029061754818,1.1226252900718032,3774.14990234375,-0.0109410626768162
2021-09-08,3278.5986328125,3774.14990234375,0.0,3815.0,3756.0,3810.0,0.0,4147175,-0.0109410626768162,0.0159355985814022,0.1320525549343882,3646.527478027344,3407.833994140625,3657.8428783514273,67.78517405139843,129.20191140503448,123.647824560107,5.5540868449274825,0.0144034928497162,1.6164498160613083,1.0349983443386654,1.1074922982847648,3791.39990234375,0.0045705656760712
2021-09-09,3293.58349609375,3791.39990234375,0.0,3808.699951171875,3765.0,3789.699951171875,0.0,1441148,0.0045705656760712,-0.0118199251075128,0.1337240469174598,3668.8874755859374,3416.844990234375,3670.562594922125,68.80168740959033,123.94265910983177,123.70679147005195,0.2358676397797978,0.014389818618839,-0.6524988697125151,1.0333922551653745,1.109620106612938,3845.35009765625,0.0142296240708212
2021-09-13,3340.449951171875,3845.35009765625,0.0,3852.39990234375,3767.0,3767.0,0.0,1691473,0.0142296240708212,0.0008589291618237,0.1472663825333779,3693.56748046875,3426.8369921875,3687.209023753946,67.54113836461408,122.71342962587188,123.50811910121595,-0.7946894753440858,0.0144576104562798,0.173698329387405,1.0410937712631791,1.1221281042614153,3885.89990234375,0.0105451528879556
2021-09-14,3375.67529296875,3885.89990234375,0.0,3896.5,3825.0,3849.949951171875,0.0,1991188,0.0105451528879556,0.0088005977008696,0.121989955509927,3714.69248046875,3437.724990234375,3706.1319645720223,72.38548815911672,123.5866567046678,123.52382662190632,0.0628300827614793,0.0131096832179449,0.1771917139676483,1.0460892584716448,1.1303696233359315,3954.550048828125,0.0176664732004467
2021-09-15,3435.311767578125,3954.550048828125,0.0,3980.0,3866.0,3882.10009765625,0.0,2461369,0.0176664732004467,0.0363348489301869,0.138671764473238,3738.7724853515615,3450.3069921875,3729.790829739271,73.3839759208829,128.33877898789524,124.48681709510412,3.851961892791124,0.0133461581850231,0.2361308927132947,1.057713477972242,1.1461444033190027,3903.300048828125,-0.0129597550586537
2021-09-16,3390.791015625,3903.300048828125,0.0,3981.75,3892.10009765625,3930.0,0.0,2946666,-0.0129597550586537,0.0342196653090469,0.0985772773213595,3756.284985351562,3461.9529931640627,3746.3155172715424,67.26337001179641,126.51108244070385,124.89167016422408,1.619412276479764,0.0134375557183663,0.1971654798610042,1.0391384210862271,1.127484993740684,3827.85009765625,-0.0193297851120943
2021-09-17,3325.248046875,3827.85009765625,0.0,3945.0,3805.0,3920.0,0.0,6477148,-0.0193297851120943,0.0096139147152394,0.0750726840410798,3769.6499877929687,3473.263994140625,3754.080715403419,57.72044410842294,117.61860519553876,123.437057170487,-5.81845197494826,0.0144781058334156,1.1981276466352142,1.0154391283147632,1.1020901676675916,3823.5,-0.0011364336495082
2021-09-20,3321.468505859375,3823.5,0.0,3871.0,3807.85009765625,3809.0,0.0,2002008,-0.0011364336495082,-0.0056822128288313,0.0741677201854194,3782.849987792969,3484.234995117188,3760.692075841189,58.945820460549854,108.96416531640034,120.54247879966968,-11.57831348326934,0.0144916200054944,-0.6909121113181296,1.0107458694735996,1.0973714474937135,3862.949951171875,0.0103177589046357
2021-09-21,3355.738525390625,3862.949951171875,0.0,3871.550048828125,3821.64990234375,3858.0,0.0,1568129,0.0103177589046357,-0.0059059553124446,0.0620085926441005,3794.127490234375,3496.323994140625,3770.430921110778,56.00188018458601,104.08886903373332,117.2517568464824,-13.16288781274909,0.0139475486137836,-0.216721911201154,1.0181392062113466,1.1048604070005144,3862.14990234375,-0.000207108256187
2021-09-22,3355.0439453125,3862.14990234375,0.0,3896.85009765625,3852.449951171875,3862.5,0.0,1744067,-0.000207108256187,-0.0233655271379752,0.068900131334036,3806.574987792969,3509.403994140625,3779.166062180585,62.9897513567549,99.01917296234978,113.60524006965588,-14.586067107306109,0.0137837151580061,0.1121961267217174,1.0145997162091909,1.1005144773277962,3869.25,0.0018383796164775
2021-09-23,3361.211669921875,3869.25,0.0,3879.0,3835.0,3870.0,0.0,2003869,0.0018383796164775,-0.0087234003028662,0.0574610549330418,3817.0874877929687,3522.9269921875,3787.745484830053,53.59592519438309,94.48515479395974,109.78122301451668,-15.296068220556933,0.0136129489344324,0.1489633139093853,1.0136655270212818,1.0983054739937874,3871.300048828125,0.0005298310597983
2021-09-24,3362.99267578125,3871.300048828125,0.0,3944.39990234375,3855.0,3890.0,0.0,2320754,0.0005298310597983,0.0113510064562034,0.0543186529589496,3827.0599853515614,3536.6019921875,3795.703062353679,53.2597764998324,90.01964411505423,105.8289072346242,-15.809263119569962,0.0136220499127773,0.1581365847767493,1.0115598040391047,1.0946383159258484,3836.949951171875,-0.0088730135156142
2021-09-27,3333.15234375,3836.949951171875,0.0,3904.0,3802.89990234375,3900.0,0.0,1673362,-0.0088730135156142,0.003517706596541,0.0313965974205876,3832.8999877929687,3549.049990234375,3799.631337479221,48.409255708693415,82.75498101666653,101.21412199103268,-18.459140974366136,0.0136258564388882,-0.2789576146373118,1.0010566316344816,1.0811202890152831,3779.14990234375,-0.015064061184971
2021-09-28,3282.94189453125,3779.14990234375,0.0,3850.0,3751.25,3850.0,0.0,2253075,-0.015064061184971,-0.0216932784238385,0.0210331106607455,3836.79248046875,3560.5739892578126,3797.680724609176,46.2860066972679,71.50938659127951,95.27317491108204,-23.763788319802543,0.0140610554811069,0.3464360969114872,0.984976362829517,1.0613878306546576,3791.89990234375,0.0033737746131987
2021-09-29,3294.01708984375,3791.89990234375,0.0,3806.0,3722.14990234375,3759.800048828125,0.0,2489161,0.0033737746131987,-0.0181893509512328,0.0014393300432211,3837.064978027344,3572.515986328125,3797.130170107707,51.90552671941392,62.90090792077672,88.79872151302098,-25.897813592244265,0.0131067868604256,0.1047839064389778,0.9882292648307422,1.0614087989683456,3775.550048828125,-0.0043117840493414
2021-09-30,3279.814208984375,3775.550048828125,0.0,3805.0,3750.10009765625,3805.0,0.0,2252412,-0.0043117840493414,-0.0242165668209278,0.0163124936951395,3840.094982910157,3584.3349853515624,3795.074920462032,48.29516598241516,54.13529206747535,81.86603562391186,-27.730743556436508,0.0123776306602937,-0.0951119674460591,0.9831918391682288,1.0533474310459316,3730.199951171875,-0.0120115207240666
2021-10-01,3240.4189453125,3730.199951171875,0.0,3810.0,3725.0,3781.75,0.0,1578374,-0.0120115207240666,-0.0364477296713185,-0.0277709125765621,3834.76748046875,3594.8229833984374,3788.896351958208,37.38081261728777,43.033046305928565,74.0994377603152,-31.06639145438664,0.0101537895350257,-0.2992516466792043,0.9727317158525364,1.0376588689898316,3773.300048828125,0.0115543665809951
2021-10-04,3277.85986328125,3773.300048828125,0.0,3783.64990234375,3707.449951171875,3724.800048828125,0.0,1356860,0.0115543665809951,-0.0165886715108989,-0.0178940927698142,3831.32998046875,3605.961982421875,3787.410989755343,37.72888821959008,37.28248495187108,66.73604719862638,-29.453562246755297,0.0105454992700958,-0.1403431632806926,0.9848538413719392,1.046405943052639,3833.300048828125,0.0159012003348724
2021-10-05,3329.98193359375,3833.300048828125,0.0,3840.0,3741.60009765625,3754.0,0.0,1877966,0.0159012003348724,0.0143286580007826,-0.0048546083000713,3830.394982910156,3618.370981445312,3791.781376333703,36.53227870893842,37.13851255251711,60.81654026940453,-23.678027716887414,0.0111752597050832,0.3840528868121987,1.0007584246353,1.0593994005824583,3810.89990234375,-0.0058435672133787
2021-10-06,3310.5224609375,3810.89990234375,0.0,3857.449951171875,3795.0,3836.0,0.0,1678154,-0.0058435672133787,0.0050106807904544,-0.0013103069074031,3830.144982910156,3630.637978515625,3793.60218833466,39.03393915441571,34.815576479596984,55.616347511443024,-20.80077103184604,0.0110497317185437,-0.1063980924042288,0.9949753649921148,1.049650206078058,3892.89990234375,0.0215172274531716
2021-10-07,3381.756103515625,3892.89990234375,0.0,3899.0,3820.050048828125,3830.0,0.0,1647233,0.0215172274531716,0.0310815250752798,0.0314640390744034,3836.082482910156,3644.8369775390624,3803.059113478383,57.60193006922776,39.14016415489277,52.32111084013298,-13.180946685240208,0.0117225200492322,-0.0184256033713234,1.0148113132829435,1.0680587160230623,3935.64990234375,0.0109815307540432
2021-10-08,3418.89306640625,3935.64990234375,0.0,3989.89990234375,3900.0,3925.0,0.0,2934339,0.0109815307540432,0.0550774633695791,0.03804663283101,3843.294982910156,3659.593974609375,3815.6868076560368,62.02678658387799,45.49258852550929,50.95540637720825,-5.462817851698958,0.0118939809182471,0.7813745839234644,1.0240301407631385,1.0754334851488112,3685.60009765625,-0.0635345650380616
2021-10-11,3201.676025390625,3685.60009765625,0.0,3757.5,3660.0,3755.0,0.0,11845402,-0.0635345650380616,-0.0232422415490419,-0.041543681574629,3835.307482910156,3669.3899755859375,3803.297597179867,36.89888720120878,30.00413216245488,46.765151534257576,-16.761019371802696,0.0185255922636687,3.0368212398090337,0.9609660018340144,1.0044176612947018,3652.85009765625,-0.0088859342121317
2021-10-12,3173.225341796875,3652.85009765625,0.0,3707.0,3630.60009765625,3706.0,0.0,5752877,-0.0088859342121317,-0.0470743090479025,-0.0599731878185894,3823.654992675781,3679.097978515625,3788.969263891904,35.235629361066884,14.91483863399344,40.39508895420475,-25.48025032021131,0.0183443159137242,-0.5143367021228997,0.9553294177046024,0.9928656749527596,3655.199951171875,0.0006432931691153
2021-10-13,3175.2666015625,3655.199951171875,0.0,3675.449951171875,3645.0,3650.0,0.0,3545655,0.0006432931691153,-0.0408564788269871,-0.0756976379006654,3808.687487792969,3687.813979492188,3776.229329347139,34.79866245415319,3.110225595744396,32.93811628251268,-29.827890686768285,0.0177230719286423,-0.3836727258378721,0.959700674546539,0.991156270760489,3611.449951171875,-0.0119692494485762
2021-10-14,3143.28125,3611.449951171875,7.0,3670.0,3608.199951171875,3625.0,0.0,6442299,-0.0119692494485762,-0.0722982758951561,-0.0747700904376723,3794.094982910157,3694.34498046875,3760.536055235209,32.577935121941,-9.663875509387708,24.417717924132603,-34.08159343352031,0.0176974206461879,0.8169559644127813,0.951860711826938,0.9775616436106742,3647.14990234375,0.0098852127689852
2021-10-18,3174.353271484375,3647.14990234375,0.0,3652.699951171875,3601.449951171875,3603.449951171875,0.0,3590107,0.0098852127689852,-0.0733042844660022,-0.047206706297914,3785.0599731445313,3701.808979492188,3749.737374007451,37.29754477028849,-16.714085392753532,16.191357260755378,-32.90544265350891,0.0175467139563364,-0.442728907801392,0.9635646273033268,0.985234495499026,3634.14990234375,-0.003564427113798
2021-10-19,3163.03759765625,3634.14990234375,0.0,3690.10009765625,3625.199951171875,3669.0,0.0,3135441,-0.003564427113798,-0.0139597878091055,-0.0495227141771282,3775.592468261719,3708.812978515625,3738.7290433728126,39.67677343549026,-23.084317234219725,8.336222361760358,-31.42053959598008,0.0175468960066594,-0.1266441362332654,0.9625376501550528,0.9798687405904848,3608.85009765625,-0.0069616844014011
2021-10-20,3141.017822265625,3608.85009765625,0.0,3630.0,3578.300048828125,3612.0,0.0,2933693,-0.0069616844014011,-0.0120453888946144,-0.0657787071350848,3762.8874755859374,3714.793979492188,3726.359619971236,37.19662133916936,-29.8303885126129,0.7029001868857065,-30.533288699498605,0.0173122948108381,-0.0643443777127364,0.9590640488377342,0.9714805498176188,3532.5,-0.0211563505244607
2021-10-21,3074.5654296875,3532.5,0.0,3607.449951171875,3511.25,3604.10009765625,0.0,4871211,-0.0211563505244607,-0.0335686016663839,-0.0853539895340939,3746.40498046875,3718.98998046875,3707.896799021594,34.31631317181221,-40.86643062623898,-7.610965975739232,-33.255464650499746,0.0177467947369128,0.6604365214765144,0.942903935483775,0.9498546698302088,3498.85009765625,-0.0095258039189667
2021-10-22,3045.277587890625,3498.85009765625,0.0,3561.60009765625,3485.0,3560.0,0.0,2691670,-0.0095258039189667,-0.0311785723291243,-0.0957291212363506,3727.8849853515626,3722.288984375,3687.987589367752,34.84243221307665,-51.7315107526415,-16.435074931119686,-35.29643582152181,0.0177219060562369,-0.4474330920996853,0.9385617076183176,0.939972719029426,3492.949951171875,-0.0016863101646815
2021-10-25,3040.142333984375,3492.949951171875,0.0,3514.550048828125,3450.0,3503.0,0.0,2595594,-0.0016863101646815,-0.0422795759156436,-0.0977320519939496,3708.96748046875,3725.263984375,3669.41257620624,30.690804408287903,-60.12517198715023,-25.1730943423258,-34.95207764482443,0.0176932993462909,-0.03569382576616,0.9417580417098792,0.937638236061249,3482.60009765625,-0.002963069514395
2021-10-26,3031.13427734375,3482.60009765625,0.0,3529.0,3475.0,3494.5,0.0,3878763,-0.002963069514395,-0.0417015832477801,-0.0923519613299621,3691.249987792969,3727.880986328125,3651.620911582431,24.072144088908686,-66.84184449421218,-33.50684437270307,-33.33500012150911,0.0176741406263636,0.4943642958028104,0.9434744623564572,0.9342036697063468,3489.75,0.0020530357041457
2021-10-27,3037.357666015625,3489.75,0.0,3511.25,3483.0,3483.0,0.0,2510813,0.0020530357041457,-0.0330022290849927,-0.0765780426344745,3676.779992675781,3728.40798828125,3636.2046342888657,25.70908142756581,-70.77210174731863,-40.959895847626186,-29.812205899692444,0.0175589565764313,-0.3526768714664959,0.9491321229313832,0.9359893045419452,3421.64990234375,-0.0195143198384555
2021-10-28,2978.085205078125,3421.64990234375,0.0,3518.0,3415.0,3518.0,0.0,2424942,-0.0195143198384555,-0.0313800701079264,-0.0976423454034614,3658.267492675781,3727.3819873046873,3615.7708502940927,13.590324756557068,-78.4773298726459,-48.46338265263013,-30.01394722001577,0.0178091501275847,-0.0342004761007689,0.9353197679486908,0.917976723072052,3397.75,-0.0069849058278519
2021-10-29,2957.28369140625,3397.75,0.0,3461.0,3385.949951171875,3400.050048828125,0.0,3960501,-0.0069849058278519,-0.0288952355300883,-0.1000649028465107,3639.377490234375,3724.275986328125,3595.006959789893,7.193976795929615,-85.52640588574968,-55.87598729925405,-29.65041858649564,0.0178139832738209,0.6332353516084096,0.9336074669685298,0.9123249760418384,3476.39990234375,0.0231476425115886
2021-11-01,3025.738037109375,3476.39990234375,0.0,3487.0,3412.949951171875,3437.949951171875,0.0,2020718,0.0231476425115886,-0.0047381293919119,-0.0680392612059285,3626.687487792969,3722.592983398437,3583.711049556927,27.10653714212434,-83.80046005793065,-61.460881850989374,-22.33957820694128,0.0188037025250387,-0.4897822270465277,0.9585606463322054,0.9338651627635284,3484.199951171875,0.002243714488332
2021-11-02,3032.5263671875,3484.199951171875,0.0,3513.60009765625,3469.75,3494.0,0.0,3087414,0.002243714488332,0.0004593847903184,-0.0766173094943869,3612.232482910156,3721.086982421875,3574.233802091684,30.478023359982814,-80.87100618308887,-65.34290671740928,-15.528099465679588,0.0185286510994723,0.5278796942472923,0.9645558439707256,0.936339292156019,3492.25,0.0023104439874115
2021-11-03,3039.53369140625,3492.25,0.0,3519.89990234375,3466.050048828125,3504.199951171875,0.0,1537639,0.0023104439874115,0.0007163836951071,-0.0889703504771005,3595.17998046875,3718.183984375,3566.4258209400946,31.383516687650925,-77.01207396798509,-67.67674016752444,-9.335333800460646,0.0180096125648531,-0.5019653988742683,0.9713700062227956,0.93923539412669,3508.64990234375,0.0046960848575416
2021-11-04,3053.80712890625,3508.64990234375,0.0,3513.25,3505.0,3512.949951171875,0.0,328991,0.0046960848575416,0.0254263301281663,-0.0793119755819649,3580.06748046875,3716.092983398437,3560.923352502348,37.472561670416354,-71.80280923678765,-68.50195398137708,-3.300855255410568,0.0181217854794033,-0.7860414570650198,0.9800513318492954,0.9441771016006772,3502.75,-0.0016815306479591
2021-11-08,3048.671630859375,3502.75,0.0,3548.0,3481.199951171875,3548.0,0.0,2526082,-0.0016815306479591,0.0309028033257303,-0.1002208924274824,3560.5599853515623,3712.967983398437,3555.3830332164093,31.024955631154057,-67.37385831826532,-68.27633484875474,0.9024765304894232,0.0171197293021328,6.6782708341565575,0.9837637940129088,0.9433827643172868,3505.699951171875,0.0008421814779457
2021-11-09,3051.239990234375,3505.699951171875,0.0,3535.0,3496.0,3508.0,0.0,1782692,0.0008421814779457,0.008428273400989,-0.1092449688972162,3539.062487792969,3709.64498046875,3550.6513111169297,32.66295891353474,-62.90076553000517,-67.20122098500482,4.30045545499965,0.0167641493460273,-0.294285775362795,0.9905730580524732,0.9450230331013766,3484.300048828125,-0.0061043165820841
2021-11-10,3032.61376953125,3484.300048828125,0.0,3519.699951171875,3480.199951171875,3498.0,0.0,1516489,-0.0061043165820841,2.872902177042392e-05,-0.0546179844514699,3528.9974853515623,3704.927983398437,3544.3321432799007,33.01047631290267,-60.38650252924526,-65.83827729385291,5.451774764607649,0.009792880291778,-0.1493264119657237,0.9873342396221672,0.9404501422000824,3488.199951171875,0.0011192785607145
2021-11-11,3036.008544921875,3488.199951171875,0.0,3510.050048828125,3436.0,3480.0,0.0,1284514,0.0011192785607145,-0.0011597247700264,-0.0450744328627167,3520.764978027344,3700.665981445312,3538.9862202219933,42.46852355617612,-57.417369763003535,-64.15409578768303,6.736726024679498,0.0097186808252903,-0.1529684686140156,0.990750582030126,0.9425870826119632,3526.050048828125,0.0108508967909175
2021-11-12,3068.951904296875,3526.050048828125,0.0,3534.14990234375,3485.699951171875,3506.0,0.0,1747259,0.0108508967909175,0.0049592142187659,-0.0353331976551225,3514.307482910156,3695.4579833984376,3537.754203898768,54.559167154321166,-51.41741613296517,-61.606759856739465,10.189343723774291,0.010138072088138,0.3602490903174274,1.003341359848298,0.9541577971305952,3553.300048828125,0.0077281943315172
2021-11-15,3092.669189453125,3553.300048828125,0.0,3569.60009765625,3528.0,3528.0,0.0,1809157,0.0077281943315172,0.0144315320328669,-0.0161015390300178,3511.3999877929687,3692.224985351562,3539.234760558707,59.44004509334873,-43.95685512785849,-58.07677891096328,14.119923783104788,0.010049250588039,0.03542577259582,1.0119325799341623,0.9623736535355768,3556.39990234375,0.0008723872099254
2021-11-16,3095.367431640625,3556.39990234375,0.0,3575.550048828125,3542.0,3569.0,0.0,2013204,0.0008723872099254,0.0144621478957225,-0.024882443121321,3506.8624877929688,3686.617983398437,3540.8695359668063,61.81177066368237,-37.36347166531368,-53.93411746183337,16.570645796519685,0.0097440518365674,0.1127856786337504,1.0141258503072803,0.9646781734258648,3521.89990234375,-0.0097008213213771
2021-11-17,3065.33935546875,3521.89990234375,0.0,3562.85009765625,3506.39990234375,3550.60009765625,0.0,1632914,-0.0097008213213771,0.0107912214759664,-0.0308875536277706,3501.249987792969,3680.21498046875,3539.062904193182,54.73141258998544,-34.524057594484475,-50.0521054883636,15.52804789387912,0.0099170346265779,-0.1888978960900137,1.0058978692246416,0.9569821113806684,3475.699951171875,-0.0131179058045147
2021-11-18,3025.128662109375,3475.699951171875,0.0,3520.85009765625,3451.60009765625,3515.14990234375,0.0,2136598,-0.0131179058045147,-0.0035835101699948,-0.0368954494870398,3494.59248046875,3672.688979492188,3533.028337238772,58.502462917972125,-35.591475067295505,-47.15997940414998,11.568504336854474,0.010186676248293,0.3084571508358676,0.9945937818493956,0.9463638142461086,3458.39990234375,-0.0049774287398692
2021-11-22,3010.071044921875,3458.39990234375,0.0,3515.949951171875,3440.300048828125,3478.39990234375,0.0,3167936,-0.0049774287398692,-0.0191858157279584,-0.0209766730803255,3490.8874755859374,3665.538979492188,3525.92086724877,59.74297148433027,-37.40223082781176,-45.20842968888234,7.806198861070577,0.0091618877125988,0.4827010041196332,0.9906936062908376,0.9434901447488812,3464.25,0.0016915619423552
2021-11-23,3015.16357421875,3464.25,0.0,3480.949951171875,3407.800048828125,3445.0,0.0,2153461,0.0016915619423552,-0.0250612241027867,-0.0098889911515293,3489.157470703125,3659.340981445313,3520.047451320316,47.45231342595911,-37.9280034103067,-43.75234443316722,5.824341022860516,0.0089547623070006,-0.3202321637810865,0.9928614655795096,0.9466868536071054,3443.300048828125,-0.0060474709307569
2021-11-24,2996.928955078125,3443.300048828125,0.0,3493.050048828125,3424.0,3472.199951171875,0.0,2161746,-0.0060474709307569,-0.0318017817515655,-0.0142143182804816,3486.6749755859373,3652.378984375,3512.738174892488,41.87202586574962,-39.57892671331911,-42.9176608891976,3.3387341758784927,0.0090389316487807,0.0038472951216669,0.9875598020860769,0.942755410530692,3445.89990234375,0.0007550470417208
2021-11-25,2999.1923828125,3445.89990234375,0.0,3463.0,3434.050048828125,3443.89990234375,0.0,1849619,0.0007550470417208,-0.0215792617925977,-0.0105381595024932,3484.8399658203125,3644.38998046875,3506.3726251259413,40.58496689240926,-40.2139475196941,-42.3769182152969,2.1629706956028016,0.0090276635927818,-0.1443865282970339,0.9888258675122844,0.9455354451118676,3446.85009765625,0.0002757466378677
2021-11-26,3000.018310546875,3446.85009765625,0.0,3490.0,3411.89990234375,3425.0,0.0,1941251,0.0002757466378677,-0.0083004442043099,-0.0122931162242997,3482.694970703125,3635.608984375,3500.7038129859707,36.60600711575053,-40.17739328301195,-41.93701322883992,1.7596199458279642,0.0090100343135796,0.049541013581716,0.9897077196399896,0.9480805313415188,3502.0,0.0160000872626431
2021-11-29,3048.019287109375,3502.0,0.0,3529.35009765625,3406.449951171875,3447.14990234375,0.0,2981745,0.0160000872626431,0.0126070144828254,0.0234828518257266,3486.7124755859377,3626.5579833984375,3500.827259368259,49.866047368301714,-35.29146948288417,-40.60790447964877,5.316434996764599,0.0085708960031558,0.5359914817815934,1.0043845096265052,0.965653938536586,3529.14990234375,0.0077526848497286
2021-11-30,3071.649658203125,3529.14990234375,0.0,3563.75,3491.0,3491.0,0.0,5588446,0.0077526848497286,0.0187341855650573,0.0386726222776101,3493.282470703125,3619.07498046875,3503.5246539373534,53.85500205892292,-28.895480341597704,-38.26541965203855,9.369939310440849,0.0084633874476073,0.8742199618008918,1.0102675440481643,0.9751524689015002,3577.800048828125,0.0137852309566295
2021-12-01,3113.99365234375,3577.800048828125,0.0,3590.0,3535.0,3535.0,0.0,2102118,0.0137852309566295,0.0390613649965749,0.02916814789231,3498.352478027344,3614.0739794921874,3510.598501069808,64.1068237103787,-19.67416114848448,-34.54716795132774,14.873006802843264,0.0074232135948259,-0.623845698786389,1.0227099960051995,0.9899631466124112,3642.89990234375,0.0181954979672349
2021-12-02,3170.653076171875,3642.89990234375,0.0,3648.0,3574.10009765625,3589.199951171875,0.0,3152938,0.0181954979672349,0.0571693913296811,0.0455484626014353,3506.287475585937,3610.4619775390624,3523.198634524469,69.70198788748633,-7.03212319652539,-29.04415900036727,22.01203580384188,0.0083147540482768,0.4998863051455722,1.0389621295199083,1.008984424986743,3640.449951171875,-0.0006725277217468
2021-12-03,3168.521728515625,3640.449951171875,0.0,3665.949951171875,3630.85009765625,3646.449951171875,0.0,2486263,-0.0006725277217468,0.0561671810582267,0.0424368104150261,3513.697473144531,3606.011977539063,3534.365426586127,66.01343731417752,2.757307848381515,-22.683865630617515,25.44117347899903,0.0083405588222955,-0.2114456421280723,1.0360738165411574,1.009550155087481,3536.39990234375,-0.0285816451877414
2021-12-06,3077.960205078125,3536.39990234375,0.0,3658.0,3522.0,3640.449951171875,0.0,1849642,-0.0285816451877414,0.0098229304236865,0.007909025058745,3515.0849731445314,3599.4969775390623,3534.559186182091,48.0529774203547,2.095378899003663,-17.72801672469328,19.823395623696943,0.0107651035530707,-0.2560553730639116,1.0060638446473034,0.9824705853098256,3584.5,0.0136014305464637
2021-12-07,3119.82470703125,3584.5,0.0,3598.0,3524.300048828125,3562.5,0.0,1484458,0.0136014305464637,0.0156836913103326,0.0233388052244665,3519.172473144531,3593.8019775390626,3539.3154541647486,52.93320434825157,5.389939462251277,-13.104425487304368,18.49436494955565,0.0111417247817707,-0.1974349630901547,1.0185633205970994,0.997411661077266,3626.89990234375,0.0118286796885898
2021-12-08,3156.728271484375,3626.89990234375,0.0,3646.449951171875,3601.0,3601.0,0.0,1428660,0.0118286796885898,0.0137234761153595,0.0345722545739719,3525.232470703125,3588.913974609375,3547.6568301817965,60.78250370297572,11.29205246130914,-8.225129897581667,19.517182358890807,0.0113905170013486,-0.0375881298089942,1.0288399226109326,1.0105842402473604,3601.75,-0.006934269767825
2021-12-09,3134.83837890625,3601.75,0.0,3634.75,3566.0,3610.0,0.0,1567957,-0.006934269767825,-0.0112959190334258,0.0337083343931234,3531.1049682617186,3584.2099755859376,3552.808560640673,63.52904244542144,13.781270692849375,-3.823849779495458,17.605120472344833,0.0114221544104495,0.0975018548849971,1.0200064943900715,1.0048936933197377,3636.800048828125,0.0097313941356631
2021-12-10,3165.3447265625,3636.800048828125,0.0,3642.0,3575.10009765625,3585.0,0.0,1510718,0.0097313941356631,-0.0010025964901879,0.042600796897072,3538.5349731445312,3581.362978515625,3560.807749991859,68.44501659662009,18.37047667031265,0.6150155104661645,17.75546115984649,0.0115597726406879,-0.0365054653922269,1.0277699885487552,1.0154793218797042,3609.64990234375,-0.0074653943356395
2021-12-13,3141.7138671875,3609.64990234375,0.0,3662.0,3601.699951171875,3650.0,0.0,1883864,-0.0074653943356395,0.0207131551925034,0.0237092078552343,3542.7149658203125,3577.717978515625,3565.4593835491823,64.39888398361758,19.590834606377484,4.410179329648429,15.180655276729055,0.0115598710441993,0.2469991090329234,1.018893683846772,1.0089252210542805,3623.800048828125,0.0039200883374277
2021-12-14,3154.029541015625,3623.800048828125,0.0,3635.0,3576.699951171875,3605.0,0.0,1747007,0.0039200883374277,0.0109638858496652,0.0198407111786833,3546.2399658203126,3574.682978515625,3571.0156373852724,68.11884808388123,21.45248473616266,7.818640410951276,13.633844325211385,0.0114783837903455,-0.0726469638997295,1.0218710757747245,1.0137402590964573,3570.35009765625,-0.0147496965758803
2021-12-15,3107.509033203125,3570.35009765625,0.0,3623.0,3558.14990234375,3620.0,0.0,1603233,-0.0147496965758803,-0.0155917743004037,0.0039225609311557,3546.9374755859376,3571.4859814453125,3570.952252649175,61.33529019346231,18.40275600093173,9.935463528947368,8.467292471984363,0.0120100223340628,-0.0822973233650466,1.006600799205361,0.9996819576515312,3581.60009765625,0.0031509515011944
2021-12-16,3117.301025390625,3581.60009765625,0.0,3608.449951171875,3570.0,3582.0,0.0,2072320,0.0031509515011944,-0.0055944755587561,0.016951133469969,3549.9224853515625,3567.651982421875,3571.966333126039,62.04738489047832,16.70108527103912,11.288587877365718,5.4124973936734015,0.0117905789586736,0.2925881640410346,1.0089234659166229,1.0039096064591218,3584.35009765625,0.000767813246878
2021-12-17,3119.694091796875,3584.35009765625,0.0,3651.35009765625,3573.699951171875,3602.5,0.0,4333992,0.000767813246878,-0.0144220057379221,0.0312599326785218,3555.354992675781,3562.6729833984373,3573.145739271773,58.12371330666099,15.396914924017436,12.110253286696064,3.286661637321375,0.0113207196138184,1.091371988882026,1.0081553333043254,1.006084508558272,3556.89990234375,-0.007658346580165
2021-12-20,3095.802001953125,3556.89990234375,0.0,3606.0,3510.14990234375,3589.0,0.0,2312310,-0.007658346580165,-0.0146136055925394,0.0284813794764586,3560.279992675781,3557.5929833984374,3571.5985167072,52.735874852211154,12.00990645143338,12.090183919643527,-0.0802774682101468,0.0114181703144943,-0.4664710963933482,0.9990506110926712,0.999805182588924,3608.300048828125,0.0144508273765324
2021-12-21,3140.539306640625,3608.300048828125,0.0,3641.199951171875,3566.39990234375,3582.64990234375,0.0,2340989,0.0144508273765324,-0.004277277937841,0.0415818860729233,3567.482495117188,3551.900986328125,3575.0939007187167,52.99078021519215,13.31969888959884,12.336086913634592,0.983611975964248,0.0117820074670957,0.0124027487663851,1.0114415568308477,1.0158785570648197,3630.75,0.0062217528664685
2021-12-22,3160.078857421875,3630.75,0.0,3636.800048828125,3606.25,3624.0,0.0,1224328,0.0062217528664685,0.0169170811521814,0.0544390406045707,3576.854992675781,3545.80298828125,3580.3944816026483,48.69985129513266,15.984977401706146,13.065865011248905,2.919112390457244,0.011653887897146,-0.477003950039919,1.015067708205834,1.0239570590919735,3662.699951171875,0.008799821296392
2021-12-23,3187.88671875,3662.699951171875,0.0,3670.5,3630.0,3648.0,0.0,1792861,0.008799821296392,0.0226434697633317,0.0629153646281679,3587.694995117188,3545.3449853515626,3588.2330977520987,52.23955491991409,20.439707641122368,14.540633537223597,5.899074103898773,0.011721182029163,0.4643633078717468,1.0209061684888956,1.0331011414418605,3670.89990234375,0.002238772293988
2021-12-24,3195.02392578125,3670.89990234375,0.0,3705.0,3644.800048828125,3685.0,0.0,2209923,0.002238772293988,0.0241465823174173,0.065001319564157,3598.8974853515624,3545.7059814453123,3596.1061267608275,66.77474045239963,24.35107692342308,16.502722214463493,7.848354708959587,0.011704309183433,0.2326237226421903,1.0200067985501826,1.0353086018845268,3696.10009765625,0.0068648549355461
2021-12-27,3216.957275390625,3696.10009765625,0.0,3700.0,3653.10009765625,3671.0,0.0,1534135,0.0068648549355461,0.0391352579870962,0.0554254990451885,3608.602490234375,3546.523984375,3605.6293620842007,64.76189861072538,29.148306876953484,19.03183914696149,10.116467729991992,0.0113522372903857,-0.305797079807758,1.0242469509065244,1.0421754128662997,3706.550048828125,0.0028272911706317
2021-12-28,3226.052734375,3706.550048828125,0.0,3725.0,3693.85009765625,3710.0,0.0,1456218,0.0028272911706317,0.0272288885820093,0.050267104371668,3617.4724975585937,3548.425986328125,3615.240856059813,61.508455838518216,33.40826027446201,21.9071233724616,11.501136902000413,0.0112915450245751,-0.0507888810306785,1.024624251139338,1.044561747408356,3694.699951171875,-0.0031970693772221
2021-12-29,3215.739013671875,3694.699951171875,0.0,3719.949951171875,3685.0,3692.25,0.0,1456923,-0.0031970693772221,0.0176134273006609,0.0326736823602089,3623.317492675781,3549.376987304688,3622.808388927628,63.96690406890363,35.41980274979505,24.60965924792829,10.810143501866762,0.0110351322957435,0.0004841308100847,1.0197008566432246,1.0409432315549954,3733.75,0.0105692070653096
2021-12-30,3249.72705078125,3733.75,0.0,3740.0,3680.0,3681.35009765625,0.0,1966475,0.0105692070653096,0.0193982717053828,0.0249389497630168,3627.859997558594,3551.3689892578127,3633.3742566488063,64.39491318617503,39.70725670109096,27.629178738560825,12.07807796253013,0.0105552654683907,0.3497453194163315,1.02918800684499,1.0513551284853402,3738.35009765625,0.0012320315115501
2021-12-31,3253.72998046875,3738.35009765625,0.0,3760.0,3731.300048828125,3742.800048828125,0.0,1207141,0.0012320315115501,0.0183742943438569,0.0268923203992574,3632.755004882813,3553.9589892578124,3643.371955792372,70.48057213632683,42.98082805202239,30.699508601253136,12.281319450769251,0.01054525541268,-0.3861396661539048,1.029067496330335,1.0518832966153455,3817.75,0.0212392901332407
2022-01-03,3322.837158203125,3817.75,0.0,3830.0,3745.0,3750.0,0.0,2346158,0.0212392901332407,0.0329130432427655,0.0795583376952886,3646.822509765625,3559.6639892578123,3659.979388574051,75.5566908093981,51.38967726832789,34.837542334668086,16.5521349336598,0.0088417032935901,0.9435658303379638,1.0468702520554969,1.0725029136235968,3884.75,0.0175496038242419
2022-01-04,3381.15185546875,3884.75,0.0,3889.14990234375,3811.699951171875,3831.10009765625,0.0,2488606,0.0175496038242419,0.0480770389781233,0.0837634258613475,3661.835009765625,3567.381987304688,3681.38611347176,89.99993787778075,62.73689899314468,40.41741366636341,22.31948532678127,0.0091103598483558,0.0607154334874292,1.060875214104374,1.088963843464125,3860.949951171875,-0.0061265329372868
2022-01-05,3360.436767578125,3860.949951171875,0.0,3870.0,3812.39990234375,3865.0,0.0,1733031,-0.0061265329372868,0.0449968880280167,0.0645317089332624,3673.5375122070313,3574.7419873046874,3698.487431347962,84.44081907852161,69.01364261469598,46.136659456029925,22.876983158666057,0.0091898253395053,-0.3036137500271236,1.0510168844994991,1.0800639500371283,3807.449951171875,-0.0138566934761124
2022-01-06,3313.8720703125,3807.449951171875,0.0,3835.0,3772.0,3812.0,0.0,1810293,-0.0138566934761124,0.0197388553523603,0.0571111129789339,3683.822509765625,3581.238984375,3708.864814188335,74.44659115776453,68.87703271574401,50.68473410797274,18.192298607771264,0.0097063282481192,0.0445820069000496,1.0335595542615097,1.063165560238743,3853.5,0.0120947220367142
2022-01-07,3353.95263671875,3853.5,0.0,3864.89990234375,3796.39990234375,3820.0,0.0,2460591,0.0120947220367142,0.0308023324021853,0.0595853355319058,3694.657507324219,3588.513984375,3722.639593789445,81.22761146457522,71.65858688700519,54.87950466377923,16.779082223225956,0.009808672850023,0.3592225125987892,1.0429924809974658,1.0738428265234006,3879.85009765625,0.0068379648777086
2022-01-10,3376.886962890625,3879.85009765625,0.0,3978.0,3861.0,3978.0,0.0,3937092,0.0068379648777086,0.0162661509151331,0.0748549589634879,3708.167517089844,3597.67798828125,3737.612022729141,80.1822654778309,75.1232472400643,58.92825317903625,16.194994061028055,0.0095271881246178,0.600059497901114,1.046298496433932,1.0784317302143556,3915.89990234375,0.0092915457505116
2022-01-11,3408.263671875,3915.89990234375,0.0,3925.0,3856.0,3856.0,0.0,1906106,0.0092915457505116,0.0080185088728361,0.0806059521992901,3722.772509765625,3608.040986328125,3754.5918207876753,80.76381294342494,79.85738723830127,63.11407999088926,16.743307247412012,0.0096102892557201,-0.5158594211158896,1.0518773016808067,1.0853257812708303,3859.89990234375,-0.0143006719774636
2022-01-12,3359.52294921875,3859.89990234375,0.0,3929.0,3836.550048828125,3925.0,0.0,3203744,-0.0143006719774636,-0.0002719664438556,0.0810984348222809,3737.25,3615.710986328125,3764.6211618882535,70.22562588860883,78.18917912024426,66.12909981676026,12.060079303484002,0.0095647767117537,0.6807795579049644,1.032818222581778,1.0675355184468456,3897.89990234375,0.0098448148815792
2022-01-13,3392.596923828125,3897.89990234375,0.0,3923.0,3857.0,3918.0,0.0,6684507,0.0098448148815792,0.0237560446839322,0.0883124290996313,3753.064990234375,3623.9849853515625,3777.314375264968,71.94083427802282,79.02247271298893,68.70777439600599,10.31469831698294,0.0096520682496894,1.086467270793172,1.038591101536009,1.0755838995192788,3968.14990234375,0.0180225254008599
2022-01-14,3453.73974609375,3968.14990234375,0.0,3977.0,3860.050048828125,3877.85009765625,0.0,3348123,0.0180225254008599,0.0297521480066822,0.107076539464842,3772.25498046875,3633.5029833984377,3795.489187367709,74.18865096861751,84.37878566783957,71.8419766503727,12.536809017466863,0.0100827217671717,-0.4991219247732106,1.0519304561566667,1.092100356178135,4019.14990234375,0.0128523370475186
2022-01-17,3498.128662109375,4019.14990234375,0.0,4043.0,3962.300048828125,3992.699951171875,0.0,3442604,0.0128523370475186,0.0359033986317276,0.1299586754452688,3795.36748046875,3643.7129833984377,3816.7902078416178,75.92467884926334,91.68212162200734,75.81000564469963,15.872115977307717,0.0097492603862051,0.0282190946987311,1.058961990644279,1.103036907861812,3990.60009765625,-0.0071034436090207
2022-01-18,3473.280029296875,3990.60009765625,0.0,4041.699951171875,3980.0,4033.949951171875,0.0,2389041,-0.0071034436090207,0.0190761248181523,0.1059501825388067,3814.482482910156,3653.4699853515626,3833.3435306811066,73.87832605232475,94.08182068086217,79.46436865193215,14.617452028930018,0.0099747521047278,-0.3060366513255663,1.0461707755993497,1.0922766886429605,3914.64990234375,-0.0190322742078583
2022-01-19,3413.162353515625,3914.64990234375,7.0,4012.0,3910.5,4012.0,0.0,3102539,-0.0190322742078583,0.0141843056517489,0.0781931838721339,3828.677478027344,3661.648984375,3841.0869946489775,63.777601092440975,88.83106424129346,81.33770776980441,7.493356471489051,0.0113308864548613,0.2986545647395754,1.0224548619751337,1.0690948037478076,3826.550048828125,-0.0225051679494706
2022-01-20,3336.348876953125,3826.550048828125,0.0,3920.0,3811.0,3910.0,0.0,6176776,-0.0225051679494706,-0.0183046910652383,0.0447347857702147,3836.869982910156,3668.493984375,3839.70252361842,55.95945812640483,76.67699536299187,80.4055652884419,-3.728569925450032,0.012689372190752,0.9908777939616552,0.9973103247886956,1.043084727718329,3833.5,0.0018162446807676
2022-01-21,3342.40869140625,3833.5,0.0,3851.550048828125,3771.10009765625,3807.0,0.0,3112358,0.0018162446807676,-0.0339326652615165,0.0442943425268651,3844.999987792969,3675.3999853515625,3839.111807083332,51.179687259992015,66.8351768724724,77.691487605248,-10.856310732775595,0.0126897736566526,-0.4961193347467999,0.9970091058961044,1.0430157303364398,3771.35009765625,-0.0162123131195383
2022-01-24,3288.220458984375,3771.35009765625,0.0,3849.64990234375,3740.10009765625,3840.0,0.0,3258414,-0.0162123131195383,-0.0616547804158776,0.0203592971001291,3848.762487792969,3680.305986328125,3832.65831094742,41.44409593511391,53.40486901490021,72.83416388717845,-19.42929487227824,0.0132830041974652,0.0469277634513767,0.9798864205358876,1.0247381907010835,3769.89990234375,-0.000384529485449
2022-01-25,3286.95654296875,3769.89990234375,0.0,3809.39990234375,3722.199951171875,3769.5,0.0,3330501,-0.000384529485449,-0.0553050142614192,0.017091325540216,3851.92998046875,3684.637983398437,3826.681319651832,42.89060126052615,42.15826045181802,66.69898320010637,-24.540722748288346,0.0132803377013009,0.0221233397597727,0.978704161669362,1.023139836078733,3649.25,-0.0320034763439586
2022-01-27,3181.76220703125,3649.25,0.0,3733.39990234375,3625.10009765625,3731.0,0.0,5718297,-0.0320034763439586,-0.0677965869144139,-0.0123013916617124,3849.657482910157,3686.494985351562,3809.7830987326097,38.81978757860382,23.241885345607443,58.00756362920659,-34.765678283599144,0.0151781729200223,0.7169479907077043,0.9479414769236412,0.9898969114295402,3690.050048828125,0.0111803929103582
2022-01-28,3217.33544921875,3690.050048828125,0.0,3729.800048828125,3646.0,3646.0,0.0,3143862,0.0111803929103582,-0.0356718188075974,-0.0117040378096752,3847.472485351562,3689.85798828125,3798.3799511226575,38.36240598105628,11.41120349830544,48.68829160302636,-37.27708810472092,0.0152022470139515,-0.4502100887729336,0.9590841943320478,1.0000520509319015,3736.25,0.0125201421554017
2022-01-31,3257.61669921875,3736.25,0.0,3758.0,3721.39990234375,3749.0,0.0,2739393,0.0125201421554017,-0.0253684622407721,-0.0005617712630945,3847.36748046875,3695.068989257813,3792.4628129205007,40.0567666986733,5.697574754178277,40.09014823325674,-34.392573479078465,0.0154761590645924,-0.1286535477702265,0.9711185684671816,1.0111448557149834,3800.64990234375,0.0172365078203411
2022-02-01,3313.7666015625,3800.64990234375,0.0,3808.0,3736.39990234375,3770.0,0.0,2105169,0.0172365078203411,0.0077690492605575,-0.004479103570493,3846.5124755859374,3701.913989257812,3793.2425357227153,42.32127090462034,6.2934695176345485,33.3308124901323,-27.03734297249776,0.0152118330043022,-0.2315199024017364,0.988076842715764,1.0266715848537942,3856.199951171875,0.0146159341837481
2022-02-02,3362.20068359375,3856.199951171875,0.0,3864.0,3800.64990234375,3827.89990234375,0.0,1984212,0.0146159341837481,0.0228918674404252,-0.0073492628426861,3845.084973144531,3709.75298828125,3799.238480051207,49.75333650824757,11.119961110419354,28.88864221418972,-17.768681103770362,0.015045782136714,-0.0574571447707998,1.0028906976321654,1.0394762032278797,3824.60009765625,-0.0081945578330351
2022-02-03,3334.6484375,3824.60009765625,0.0,3882.5,3816.050048828125,3851.0,0.0,1960538,-0.0081945578330351,0.0480509961379049,-0.0094147435152822,3843.26748046875,3717.378989257813,3801.653872204068,45.071285422735166,12.253891153543918,25.56169200206056,-13.307800848516642,0.0150952420688905,-0.0119311847725948,0.9951428353848992,1.0288432007358617,3814.89990234375,-0.0025362639399723
2022-02-04,3326.191162109375,3814.89990234375,0.0,3824.699951171875,3769.0,3815.300048828125,0.0,2307366,-0.0025362639399723,0.0338341897436524,0.0019566773739421,3843.639978027344,3724.7589892578126,3802.915398884038,38.78193076490864,12.22884764498258,22.89512313064497,-10.66627548566239,0.0147714494748131,0.1769045027436346,0.9925226931117664,1.0242004686332469,3779.0,-0.0094104441172084
2022-02-07,3294.89013671875,3779.0,0.0,3831.800048828125,3756.14990234375,3791.0,0.0,1919149,-0.0094104441172084,0.0114419538307126,-0.0193330738289866,3839.914978027344,3731.4019873046873,3800.637741847463,32.023354466976755,9.20605670179384,20.157309844874742,-10.9512531430809,0.0146423291212875,-0.1682511573803202,0.9841363732332852,1.0127560667162785,3743.449951171875,-0.0094072635163072
2022-02-08,3263.89453125,3743.449951171875,0.0,3799.699951171875,3721.0,3791.550048828125,0.0,2946443,-0.0094072635163072,-0.0150500447664494,-0.0351560351691865,3833.094970703125,3736.230986328125,3795.191285592645,31.691224211864665,3.896959541190881,16.90523978413797,-13.008280242947087,0.0146426375487651,0.5352862127953588,0.9766128884840009,1.0019321516443085,3760.550048828125,0.0045680048830081
2022-02-09,3278.803955078125,3760.550048828125,0.0,3777.949951171875,3746.10009765625,3750.0,0.0,1638721,0.0045680048830081,-0.0248041863894227,-0.0396715588727497,3825.327478027344,3740.858989257813,3791.892120186501,37.49392224034048,1.0571110427422354,13.735614035858822,-12.678502993116586,0.0144936012552861,-0.4438307477863987,0.9830661741847464,1.0052637802245037,3770.35009765625,0.0026060147321211
2022-02-10,3287.3486328125,3770.35009765625,0.0,3789.800048828125,3758.0,3789.800048828125,0.0,2112459,0.0026060147321211,-0.0141844895191119,-0.0232000328902635,3820.849987792969,3744.709990234375,3789.8404989931432,44.77501431114263,-0.3981180571345248,10.908867617260151,-11.306985674394678,0.0142241338254014,0.2890900891609981,0.986783074368777,1.0068470208610922,3694.949951171875,-0.0199981817421267
2022-02-11,3221.607177734375,3694.949951171875,0.0,3752.5,3690.0,3752.5,0.0,3851488,-0.0199981817421267,-0.0314424897749431,-0.0520664861223973,3810.702490234375,3745.7509912109376,3780.803303962546,38.57319645087127,-7.548544358559866,7.21738522209615,-14.765929580656016,0.0145790546966891,0.8232249714669019,0.9696243568320704,0.9864376889552288,3733.75,0.0105008320385555
2022-02-14,3255.43701171875,3733.75,0.0,3793.25,3710.0,3724.0,0.0,5951745,0.0105008320385555,-0.0119740672135485,-0.0590703244868102,3798.982495117188,3747.6169921875,3776.322036918494,46.77474073949973,-9.969546319442998,3.779998913788321,-13.749545233231318,0.0141093778851732,0.5453105397186749,0.9828289561215324,0.9962997840450591,3817.800048828125,0.0225108935595914
2022-02-15,3328.719482421875,3817.800048828125,0.0,3835.0,3748.0,3786.0,0.0,3931683,0.0225108935595914,0.0198613841846542,-0.05009762223554,3788.915002441406,3753.244995117188,3780.272323767031,53.59880758167335,-5.047882464108625,2.014422638208932,-7.0623051023175565,0.0148256364214323,-0.3394066782094999,1.0076235667382631,1.0171997974539155,3813.10009765625,-0.0012310626831589
2022-02-16,3324.621337890625,3813.10009765625,0.0,3854.10009765625,3806.0,3844.0,0.0,3256906,-0.0012310626831589,0.0139740325606092,-0.0444795257997033,3780.040002441406,3757.816997070313,3783.398778423146,64.90765265278162,-1.5092771727677246,1.3096826760136004,-2.8189598487813248,0.0147869683648712,-0.1716254845571222,1.0087459643796075,1.0147114935690156,3784.199951171875,-0.0075791733089143
2022-02-17,3299.423583984375,3784.199951171875,0.0,3835.0,3779.0,3825.0,0.0,3134372,-0.0075791733089143,0.003673360074502,-0.0333235294154332,3773.517504882812,3760.962998046875,3783.475080589693,58.755680641680925,-1.025090670638292,0.8427280066832219,-1.867818677321514,0.0143136910197492,-0.0376228236246302,1.0028308988298689,1.0061784583196025,3793.89990234375,0.0025632765966479
2022-02-18,3307.881103515625,3793.89990234375,0.0,3815.949951171875,3757.60009765625,3769.0,0.0,3688883,0.0025632765966479,0.0267797811822843,-0.0085325282742281,3771.8849975585936,3764.80599609375,3784.4679207567456,55.75175670040415,0.1397249520987316,0.7021273957663239,-0.5624024436675923,0.013458330965859,0.1769129509834825,1.0058365790047696,1.0077278633428088,3719.39990234375,-0.0196367858714396
2022-02-21,3242.925048828125,3719.39990234375,0.0,3827.800048828125,3705.550048828125,3810.0,0.0,7465922,-0.0196367858714396,-0.0038433472129226,-0.0297639487821181,3766.179992675781,3766.4579931640624,3778.270966622176,42.05379732025776,-4.892282465439166,-0.4167545764747741,-4.475527888964392,0.0141161124588098,1.0238977489933945,0.9875789021175286,0.9875060093844878,3586.39990234375,-0.0357584566037632
2022-02-22,3126.963134765625,3586.39990234375,0.0,3667.89990234375,3570.0,3650.0,0.0,5408531,-0.0357584566037632,-0.0606108605806643,-0.0490408449290983,3756.932482910156,3765.992993164063,3759.997531928992,27.085115727214628,-19.388672522308752,-4.21113816564157,-15.177534356667184,0.0157738181989357,-0.2755709207784383,0.9546085586200608,0.952311889282241,3563.800048828125,-0.0063015430880576
2022-02-23,3107.258544921875,3563.800048828125,0.0,3622.89990234375,3555.64990234375,3611.0,0.0,2426203,-0.0063015430880576,-0.0653798857736147,-0.0546698477027182,3746.627490234375,3764.7929931640624,3741.312057347957,27.50561918892477,-32.32812686415309,-9.834535905343875,-22.49359095880921,0.0157896677988703,-0.5514118343779485,0.9512021299467878,0.946612484484302,3401.64990234375,-0.0454992267418858
2022-02-24,2965.880859375,3401.64990234375,0.0,3483.85009765625,3391.10009765625,3474.0,0.0,5039136,-0.0454992267418858,-0.1010913941557603,-0.0678495848890182,3734.2474853515614,3761.418989257813,3708.9632806808895,21.77833917105273,-55.032518710628665,-18.87413246640084,-36.15838624422783,0.0173224257705442,1.0769638814229476,0.9109331707894288,0.9043528285624328,3520.75,0.0350124501566695
2022-02-25,3069.723876953125,3520.75,0.0,3530.0,3462.0,3468.0,0.0,2549723,0.0350124501566695,-0.0719971294379714,-0.0458801497507848,3725.782482910157,3760.201987304688,3691.0382063303286,34.16325415998439,-62.692846199413,-27.63787521300327,-35.05497098640973,0.0191036056997047,-0.4940158392232319,0.9449692826001992,0.9363193817478068,3554.199951171875,0.0095008027187033
2022-02-28,3098.88818359375,3554.199951171875,0.0,3563.75,3455.89990234375,3490.0,0.0,3288942,0.0095008027187033,-0.0444157540219796,-0.0487253392648042,3716.67998046875,3759.598984375,3678.005991553333,38.364593521488864,-65.311706717378,-35.17264151387822,-30.139065203499783,0.0189930085410027,0.2899212973330828,0.9562835567897392,0.9453667707495482,3546.14990234375,-0.0022649397723025
2022-03-02,3091.86962890625,3546.14990234375,0.0,3571.949951171875,3506.0,3552.5,0.0,2761341,-0.0022649397723025,-0.01122295368503,-0.0669622318654126,3703.95498046875,3759.383984375,3665.448268771468,36.66998076809234,-67.26139669674603,-41.59039255045178,-25.67100414629425,0.0184282523759657,-0.1604166324611379,0.957395519395587,0.9432795152297536,3544.39990234375,-0.000493492956641
2022-03-03,3090.34326171875,3544.39990234375,0.0,3578.60009765625,3530.10009765625,3562.85009765625,0.0,1928039,-0.000493492956641,-0.0054436686173665,-0.0808568157191566,3688.364978027344,3758.105981445312,3653.9198529212094,35.80982952635853,-68.16202107719937,-46.904718255801306,-21.257302821398063,0.0179589904125505,-0.3017743915003616,0.9609677793436292,0.94313463213739,3524.35009765625,-0.0056567557950337
2022-03-04,3072.862548828125,3524.35009765625,0.0,3561.199951171875,3487.050048828125,3501.5,0.0,2370257,-0.0056567557950337,0.0360707888333713,-0.0785049396887261,3673.352478027344,3755.9779833984376,3641.579876229309,38.48543181216729,-69.69027791926737,-51.46183018849453,-18.22844773077285,0.0179371360498772,0.2293615429978335,0.9594369499626372,0.9383308723411076,3484.89990234375,-0.0111936085290548
2022-03-07,3038.466064453125,3484.89990234375,0.0,3548.0,3431.550048828125,3450.0,0.0,3054130,-0.0111936085290548,-0.0101825172637222,-0.0865029249646258,3656.852478027344,3752.421982421875,3626.657973954493,33.21869093639076,-73.24046307209301,-55.81755676521422,-17.422906306878787,0.0180061728434936,0.2885227213757833,0.9529779840130844,0.9287068241974584,3599.949951171875,0.0330138747315951
2022-03-08,3138.777587890625,3599.949951171875,0.0,3609.0,3460.0,3460.0,0.0,3300992,0.0330138747315951,0.0128720951630523,-0.0473802722487761,3647.8999755859377,3751.0029833984377,3624.114352737101,35.89876091829342,-66.0095163414694,-57.85594868046526,-8.153567661004146,0.0197902133927289,0.0808289103607246,0.9868554443008376,0.9597299621207692,3632.60009765625,0.0090696112243855
2022-03-09,3167.24462890625,3632.60009765625,0.0,3654.0,3597.050048828125,3605.0,0.0,2719654,0.0090696112243855,0.0243786071354068,-0.0296116830628184,3642.357482910156,3749.7329833984377,3624.922518919877,38.724393309012825,-56.9874293960288,-57.682244823577975,0.6948154275491731,0.0198689965194492,-0.1761100905424793,0.9973211346498284,0.968762339542367,3620.949951171875,-0.0032071095554645
2022-03-10,3157.08740234375,3620.949951171875,0.0,3684.0,3615.0,3684.0,0.0,2005441,-0.0032071095554645,0.021597463868991,-0.0371222549477177,3635.377478027344,3748.020981445312,3624.544179134353,39.57735308861195,-50.19876977774402,-56.18554981441119,5.98678003666717,0.0198238777318298,-0.2626117145783986,0.996031353843536,0.9660964997521342,3599.14990234375,-0.0060205330430125
2022-03-11,3138.080078125,3599.14990234375,0.0,3639.85009765625,3592.85009765625,3603.25,0.0,1623423,-0.0060205330430125,0.0212237157532229,-0.0454069757126592,3626.817468261719,3746.10998046875,3622.125676582868,37.75543034114276,-46.04698884625759,-54.15783762078047,8.110848774522879,0.0198190552674268,-0.1904907698605942,0.992371392781664,0.9607699509915052,3643.0,0.0121834596629872
2022-03-14,3176.31298828125,3643.0,0.0,3648.35009765625,3580.0,3580.0,0.0,1765688,0.0121834596629872,0.0453671847360437,-0.0140597171432318,3624.219970703125,3744.29498046875,3624.113707384499,45.00393383493986,-38.771403530249245,-51.08055080267423,12.30914727242498,0.0195974580200984,0.0876327365079834,1.0051818127621075,0.9729468482058352,3593.89990234375,-0.0134779296338869
2022-03-15,3133.502197265625,3593.89990234375,0.0,3659.0,3585.39990234375,3659.0,0.0,3651133,-0.0134779296338869,-0.0016805924832803,-0.037455667266488,3617.227465820312,3741.4059765625,3621.236202142523,50.55090292846511,-36.546136175126776,-48.17366787716474,11.627531702037963,0.0196209303169287,1.0678245533752282,0.9935509824314376,0.9605746943414372,3655.89990234375,0.0172514543211308
2022-03-16,3187.5595703125,3655.89990234375,0.0,3668.0,3616.25,3640.5,0.0,3090475,0.0172514543211308,0.006414084694468,-0.0424066594409705,3609.132458496094,3738.168974609375,3624.537506923592,56.39492760379356,-29.44034396042844,-44.42700309381748,14.986659133389049,0.0193118441590125,-0.1535572656487726,1.0129580846326554,0.9779921472719886,3672.75,0.0046090150459119
2022-03-17,3202.25146484375,3672.75,0.0,3710.0,3660.300048828125,3696.60009765625,0.0,3600452,0.0046090150459119,0.0143056517009743,-0.0368073467944146,3602.114953613281,3733.928974609375,3629.129172930869,73.58209196120939,-22.193458008124253,-39.98029407667884,17.786836068554585,0.0193679353317238,0.1650157338273243,1.0196093259921828,0.9836153887700086,3626.699951171875,-0.0125383020429173
2022-03-21,3162.1005859375,3626.699951171875,0.0,3713.949951171875,3615.0,3696.0,0.0,2413831,-0.0125383020429173,0.0076545988846379,-0.0416204222906418,3594.239953613281,3729.243974609375,3628.897818477632,60.558026558373975,-19.936289627130463,-35.971493186769166,16.035203559638703,0.0194786693766402,-0.3295755644013585,1.0090311158902905,0.972502731348318,3700.949951171875,0.0204731576914731
2022-03-22,3226.8388671875,3700.949951171875,0.0,3711.0,3625.0,3640.0,0.0,2907611,0.0204731576914731,0.0159072059214588,-0.0244998427909111,3589.592456054688,3727.113974609375,3635.7599263532734,63.52407968724126,-12.017581754532785,-31.18071090032189,19.163129145789107,0.0200985266884644,0.2045627883642226,1.031022322584102,0.992980084962322,3712.39990234375,0.0030937870878933
2022-03-23,3236.8212890625,3712.39990234375,0.0,3729.800048828125,3690.0,3708.0,0.0,1596195,0.0030937870878933,0.0329725376944194,-0.001882024031777,3589.2424560546874,3724.29197265625,3643.0589716857,65.22573420969549,-4.763126983037182,-25.897194116864952,21.13406713382777,0.0196291741382194,-0.4510286967548272,1.0343129358902206,0.9968068909742276,3749.85009765625,0.0100878666893771
2022-03-24,3269.474609375,3749.85009765625,0.0,3758.199951171875,3695.0,3700.0,0.0,1879046,0.0100878666893771,0.0256982406034338,0.0455750055105912,3597.4149658203123,3721.69197265625,3653.229555111466,67.66095460036382,3.9623232700782864,-19.925290639476305,23.88761390955459,0.0178156583180721,0.1772032865658644,1.0423735191197712,1.0075659472108067,3707.449951171875,-0.0113071577210183
2022-03-25,3232.506103515625,3707.449951171875,0.0,3779.5,3672.0,3759.89990234375,0.0,1690133,-0.0113071577210183,0.0094479480421687,0.0403080701429885,3604.5974609375,3717.522973632813,3658.393402355314,65.1572420087559,7.370999694476723,-14.4660325726857,21.83703226716242,0.0179784860827219,-0.100536655302744,1.0285336965774885,0.9972903940251662,3707.699951171875,6.743179362977969e-05
2022-03-28,3232.723876953125,3707.699951171875,0.0,3713.0,3661.199951171875,3695.0,0.0,1760990,6.743179362977969e-05,0.0223343538452434,0.0899710604013821,3619.899963378906,3714.478974609375,3663.089264147368,69.72376454823475,9.977558150122604,-9.57731442812404,19.554872578246645,0.0140918457830298,0.0419239195968601,1.024254810542061,0.9981749732643962,3705.35009765625,-0.0006337766126092
2022-03-29,3230.67529296875,3705.35009765625,0.0,3722.0,3691.0,3694.75,0.0,2689063,-0.0006337766126092,0.0011889235311008,0.052432037962437,3629.129968261719,3710.627978515625,3667.114105433928,61.65670791471024,11.718576509851118,-5.318136240529009,17.036712750380126,0.0121361362816649,0.52701775705711,1.021002314621165,0.9985776313632264,3731.550048828125,0.00707084363997
2022-03-30,3253.51953125,3731.550048828125,0.0,3738.0,3706.199951171875,3738.0,0.0,1583455,0.00707084363997,0.0051584276985583,0.049898739545527,3637.9974731445313,3705.895981445312,3673.250861947661,61.10174018083856,15.03910179674176,-1.2466886330748546,16.285790429816615,0.0120757210012281,-0.4111499061197153,1.025715404250331,1.006922500661448,3739.949951171875,0.0022510490905482
2022-03-31,3260.84326171875,3739.949951171875,0.0,3754.64990234375,3720.199951171875,3740.0,0.0,2168110,0.0022510490905482,-0.0026401445995302,0.054650833767641,3647.6874755859376,3700.311982421875,3679.603156159491,63.44935521325864,18.139344851820624,2.6305180639042414,15.508826787916384,0.0120239192048429,0.3692274172616209,1.0252934156786877,1.0107120612905878,3758.75,0.0050268182926442
2022-04-01,3277.234619140625,3758.75,0.0,3763.0,3728.050048828125,3748.0,0.0,1387014,0.0050268182926442,0.0138370172230941,0.0604757091643384,3658.40498046875,3695.67498046875,3687.140950810968,68.16112377929795,21.86131302255308,6.476677055634009,15.384635966919069,0.0120093277991397,-0.3602658536697861,1.0274286253345284,1.0170672529009166,3770.35009765625,0.0030861583388759
2022-04-04,3287.3486328125,3770.35009765625,0.0,3780.0,3737.10009765625,3762.0,0.0,1472994,0.0030861583388759,0.0168973075786711,0.0698001030498058,3670.70498046875,3692.788984375,3695.0656314629,65.63919630050705,25.45361709445069,10.272065063397346,15.181552031053346,0.0118351806589862,0.0619892805696265,1.0271460435305195,1.0210033970555663,3814.800048828125,0.0117893431698838
2022-04-05,3326.104248046875,3814.800048828125,0.0,3835.60009765625,3772.0,3772.0,0.0,2314947,0.0117893431698838,0.0295383562382149,0.0946656018046607,3687.199987792969,3692.553984375,3706.468909307207,77.44099534101117,31.523895681933936,14.522431187104663,17.00146449482927,0.011448449399825,0.5715929596454568,1.0346062219184191,1.0331061008100106,3755.35009765625,-0.0155840281039467
2022-04-06,3274.269775390625,3755.35009765625,0.0,3809.300048828125,3731.14990234375,3809.300048828125,0.0,2051729,-0.0155840281039467,0.0063780596579694,0.0431673074882021,3694.9699951171874,3690.990986328125,3711.1242605785446,62.43282244615418,31.17811903241136,17.853568756166005,13.324550276245354,0.0101869179528986,-0.1137036830648822,1.0163411618007328,1.017436810755301,3684.14990234375,-0.0189596691283022
2022-04-07,3212.19091796875,3684.14990234375,0.0,3745.5,3679.0,3745.5,0.0,2494829,-0.0189596691283022,-0.01491999881192,0.0141908834723536,3697.5474853515625,3689.246982421875,3708.555274079993,51.25466596876421,24.87211754096279,19.257278513125364,5.6148390278374265,0.0110762045376164,0.2159641941016576,0.9963766298983612,0.9986183955418516,3685.64990234375,0.0004071495568205
2022-04-08,3213.498779296875,3685.64990234375,0.0,3705.0,3642.5,3690.0,0.0,2296773,0.0004071495568205,-0.0194479807532423,0.0178682257541107,3700.782482910157,3687.561982421875,3706.3738101051126,57.19340037191578,19.7677332665694,19.35936946381417,0.4083638027552254,0.0110374359849582,-0.0793866032501626,0.9959109781144158,0.9994814785250418,3696.39990234375,0.0029167176169293
2022-04-11,3222.871337890625,3696.39990234375,0.0,3712.35009765625,3656.10009765625,3690.0,0.0,2291660,0.0029167176169293,-0.0196136150217109,0.027020269407693,3705.644982910156,3688.50498046875,3705.42391412784,49.34295370109876,16.400848341998426,18.76766523945102,-2.366816897452594,0.010920939550435,-0.0022261668871934,0.9975051359185668,1.0021404124209683,3691.10009765625,-0.0014337747071521
2022-04-12,3218.250732421875,3691.10009765625,0.0,3739.0,3648.35009765625,3683.0,0.0,4483476,-0.0014337747071521,-0.032426326305064,0.0132034305946335,3708.0499877929688,3688.525981445313,3704.0597411305457,46.868597681346685,13.153294840930355,17.644791159746887,-4.49149631881653,0.0106333467596507,0.9564315823464212,0.9954288938410976,1.0006978712428451,3661.949951171875,-0.0078974142432183
2022-04-13,3192.835205078125,3661.949951171875,0.0,3709.85009765625,3655.550048828125,3707.0,0.0,1621672,-0.0078974142432183,-0.0248712221378951,0.018934875950147,3711.452490234375,3687.03998046875,3700.0492849440056,36.75404859118813,8.133652408679609,15.742563409533432,-7.608911000853824,0.0103097513217666,-0.6383002830839286,0.9866622193891066,0.9931950753369144,3528.050048828125,-0.0365651918046832
2022-04-18,3076.0888671875,3528.050048828125,0.0,3610.0,3522.5,3610.0,0.0,3820792,-0.0365651918046832,-0.0423706574524339,-0.0349708298724651,3705.0599975585938,3681.5879833984377,3683.668405313922,28.809356824982288,-6.5732807654767385,11.2793945745314,-17.85267534000814,0.0126085787074393,1.3560818710565392,0.9522248090861936,0.958295731281537,3471.89990234375,-0.0159153486223999
2022-04-19,3027.131103515625,3471.89990234375,0.0,3563.550048828125,3439.14990234375,3550.0,0.0,3170014,-0.0159153486223999,-0.0579951991273164,-0.0546865693707031,3695.017492675781,3673.901982421875,3663.49997645962,25.39648655519683,-22.50011153867763,4.523493351889594,-27.023604890567224,0.0128997691225875,-0.170325419441833,0.9396166348943428,0.9450170197668248,3556.800048828125,0.0244535121611835
2022-04-20,3101.15478515625,3556.800048828125,0.0,3569.14990234375,3480.0,3500.0,0.0,2640370,0.0244535121611835,-0.0377664368584984,-0.0192736932431268,3691.522497558594,3668.545981445313,3653.3380785899535,36.77792752405659,-27.94932497147829,-1.971070312783984,-25.978254658694308,0.0140222862853719,-0.1670793882929223,0.9635049092022144,0.9695394488218564,3628.64990234375,0.0202007007785827
2022-04-21,3163.800537109375,3628.64990234375,0.0,3644.0,3567.39990234375,3580.0,0.0,2280996,0.0202007007785827,-0.0169191280811252,-0.0195355381137298,3687.9074951171874,3664.820981445313,3650.9868237093615,41.52945985608006,-26.1685286629222,-6.810561982811627,-19.35796668011057,0.0140005664914403,-0.1361074394876475,0.983931919970364,0.990130192092685,3612.550048828125,-0.004436871549726
2022-04-22,3149.76318359375,3612.550048828125,0.0,3617.0,3571.5,3581.10009765625,0.0,1581465,-0.004436871549726,-0.0134900539336813,-0.0268963086257455,3682.915002441406,3661.491982421875,3647.3261784825777,39.64396991406854,-25.75941982797304,-10.600333551843908,-15.159086276129123,0.0139889838272086,-0.3066778722978909,0.9808942227646752,0.9866333358563364,3548.199951171875,-0.0178129290353014
2022-04-25,3093.656982421875,3548.199951171875,0.0,3584.0,3533.10009765625,3558.0,0.0,1960694,-0.0178129290353014,0.0057113425447132,-0.0537755220163097,3672.832495117188,3657.586982421875,3637.885585405368,34.06493588561516,-30.27867944464515,-14.536002730404157,-15.742676714240991,0.0141866399523248,0.2397960119256512,0.966066368637556,0.9700931155497582,3546.300048828125,-0.0005354552646117
2022-04-26,3092.000244140625,3546.300048828125,0.0,3587.89990234375,3518.14990234375,3575.14990234375,0.0,1943469,-0.0005354552646117,0.0214292314228732,-0.043466507833184,3664.775,3653.301982421875,3629.163153350392,32.79053186617665,-33.62591289886541,-18.35398476409641,-15.271928134769,0.0140449944639387,-0.0087851546442229,0.9676719713565294,0.9707108982206788,3561.199951171875,0.0042015345962262
2022-04-27,3104.99169921875,3561.199951171875,0.0,3568.449951171875,3506.300048828125,3546.0,0.0,1727648,0.0042015345962262,0.0012370395533478,-0.0395123666772702,3657.45,3649.118979492188,3622.690467428629,29.594453048693765,-34.676591766928595,-21.618506164662847,-13.058085602265749,0.0141092377731076,-0.1110493658504457,0.9736838374200264,0.9759067794680272,3584.300048828125,0.0064866050693526
2022-04-28,3125.132080078125,3584.300048828125,0.0,3604.39990234375,3538.050048828125,3588.0,0.0,1703660,0.0064866050693526,-0.0122221362515516,-0.0326689909557245,3651.397497558594,3646.9059814453126,3619.034237085724,35.381588364043054,-33.26185554833728,-23.947176041397736,-9.314679506939544,0.014232656953919,-0.0138847728240937,0.9816241729980556,0.9828331377513668,3546.699951171875,-0.0104902204458422
2022-04-29,3092.34912109375,3546.699951171875,0.0,3623.25,3536.85009765625,3597.0,0.0,2051115,-0.0104902204458422,-0.0182281481962058,-0.049537081169339,3642.154992675781,3643.16498046875,3612.145257474881,37.53740472006726,-34.77382948585637,-26.112506730289464,-8.661322755566903,0.014213691578463,0.2039462099245154,0.9737916036808256,0.9735216412613674,3542.39990234375,-0.0012124084042418
2022-05-02,3088.599365234375,3542.39990234375,0.0,3547.949951171875,3492.75,3519.89990234375,0.0,1324161,-0.0012124084042418,-0.0016346454280879,-0.0528215755310373,3632.277490234375,3637.656977539063,3605.502842700488,37.07713125845738,-35.9051653321867,-28.07103845066891,-7.834126881517786,0.0141745674425675,-0.3544189379922627,0.975255858581216,0.9738136180009596,3479.75,-0.0176857226939
2022-05-04,3033.9755859375,3479.75,0.0,3545.449951171875,3465.300048828125,3538.5,0.0,2305825,-0.0176857226939,-0.0187660513526249,-0.0742268041237113,3618.327490234375,3630.9899755859374,3593.5263814909176,32.12901614715703,-41.38007690494169,-30.732846141523467,-10.64723076341822,0.0144376016762944,0.7413479176625803,0.961701230580044,0.9583474543849348,3513.39990234375,0.0096702068665133
2022-05-05,3063.31494140625,3513.39990234375,0.0,3533.0,3485.35009765625,3512.10009765625,0.0,1612262,0.0096702068665133,-0.0134224557687067,-0.0681502217717731,3605.47998046875,3625.573974609375,3585.895288238806,35.99683252068557,-42.51364701680177,-33.08900631657913,-9.42464070022264,0.0146747824416561,-0.3007873537670898,0.9744610762994644,0.9690603272609516,3432.60009765625,-0.0229976111269313
2022-05-06,2992.8662109375,3432.60009765625,0.0,3474.5,3424.5,3459.0,0.0,2010812,-0.0229976111269313,-0.0423234520283738,-0.1001887245150067,3586.369982910156,3618.347978515625,3571.2957462785625,33.287184452132365,-49.3628542075262,-36.34377589476854,-13.019078312757657,0.0148378540221839,0.2471992765443829,0.9571238087574196,0.9486650034871508,3445.10009765625,0.0036415544031869
2022-05-09,3003.7646484375,3445.10009765625,0.0,3456.0,3346.85009765625,3398.0,0.0,2481830,0.0036415544031869,-0.028646306401548,-0.0826154664497539,3570.857482910156,3612.861982421875,3559.2771130764377,42.65604364488385,-53.16935153122768,-39.70889102206037,-13.460460509167303,0.0147494573834529,0.2342426840500255,0.964782300650258,0.9535653768170888,3438.75,-0.0018432258791464
2022-05-10,2998.22802734375,3438.75,0.0,3464.800048828125,3422.0,3434.0,0.0,1622685,-0.0018432258791464,-0.029259797087046,-0.0666096409887213,3558.5874877929687,3609.908984375,3547.7983404024912,46.78124854805109,-56.052291965039785,-42.97757121065625,-13.074720754383534,0.0143387233491686,-0.3461739925780573,0.966324422764918,0.9525863435571816,3412.0,-0.0077789894583787
2022-05-11,2974.904541015625,3412.0,0.0,3448.449951171875,3382.14990234375,3435.0,0.0,1841769,-0.0077789894583787,-0.0194697894963719,-0.0742473945150712,3544.904992675781,3606.8729833984376,3534.8651651260634,34.15059236760516,-59.80613655603111,-46.34328427973122,-13.462852276299884,0.0143428951073897,0.1350132650514425,0.9625081651129214,0.9459717643800072,3408.64990234375,-0.0009818574608001
2022-05-12,2971.984375,3408.64990234375,0.0,3449.699951171875,3350.10009765625,3378.0,0.0,2807195,-0.0009818574608001,-0.0298144256024264,-0.0778460143929633,3530.5174926757813,3607.012983398437,3522.8446639087,21.671373852859148,-62.33287573173902,-49.54120257013279,-12.791673161606234,0.0142738227860686,0.5241840860607383,0.9654816636414204,0.9450062747299028,3414.89990234375,0.0018335705276457
2022-05-13,2977.43310546875,3414.89990234375,0.0,3439.89990234375,3382.14990234375,3435.0,0.0,2187823,0.0018335705276457,-0.0051564979342002,-0.0748286928029613,3516.707482910156,3604.895981445312,3512.564210426324,23.886884398802422,-63.103593026305134,-52.25368066136726,-10.849912364937872,0.0143227109332212,-0.22063732658401,0.9710503130950892,0.9472949899027636,3376.800048828125,-0.0111569459150108
2022-05-16,2944.214111328125,3376.800048828125,0.0,3430.0,3366.60009765625,3415.0,0.0,1195813,-0.0111569459150108,-0.0198252726748318,-0.0778683232010033,3502.449987792969,3601.347983398437,3499.6342902741144,25.667228148979973,-66.02760665119968,-55.00846585933376,-11.019140791865922,0.0143903742585025,-0.4534233345202057,0.9641251297226886,0.9376489204582734,3451.60009765625,0.0221511631563982
2022-05-17,3009.431884765625,3451.60009765625,0.0,3467.0,3350.39990234375,3370.0,0.0,1754076,0.0221511631563982,0.0037368513722282,-0.0216691798908206,3498.627490234375,3599.456987304688,3495.059605262889,38.86144627095312,-61.59909369693651,-56.32659142685431,-5.2725022700822,0.0133362864599143,0.4668480774167867,0.9865583310285558,0.958922445755032,3448.800048828125,-0.0008112321094284
2022-05-18,3006.99072265625,3448.800048828125,0.0,3495.0,3443.050048828125,3465.0,0.0,1866781,-0.0008112321094284,0.0107854773822171,-0.0066533754328663,3497.4724975585937,3597.544990234375,3490.653933221483,36.39226363877119,-57.650842785191344,-56.59144169852172,-1.0594010866696235,0.0128672386254477,0.0642532022557745,0.9860835363925108,0.9586537647729156,3261.949951171875,-0.0541782924526865
2022-05-19,2844.07763671875,3261.949951171875,0.0,3405.0,3230.0,3397.0,0.0,4642963,-0.0541782924526865,-0.0430375531001309,-0.0828975746762586,3482.729992675781,3592.296987304688,3468.872601597711,22.05460791883398,-68.80591504303857,-59.0343363674251,-9.771578675613467,0.0164377250410747,1.4871492692501156,0.9366071897711826,0.9080401655820018,3293.0,0.0095188612004821
2022-05-20,2871.1494140625,3293.0,0.0,3313.89990234375,3270.050048828125,3310.0,0.0,3065125,0.0095188612004821,-0.0356964789099927,-0.0924999411287799,3465.9474975585936,3588.4589892578124,3452.1228300169764,27.75342222930125,-74.28460405599662,-62.0843899051394,-12.20021415085722,0.0157633263594904,-0.3398342825475887,0.950100947091548,0.9176641031310988,3321.75,0.0087306407531126
2022-05-23,2896.216552734375,3321.75,0.0,3338.89990234375,3267.0,3304.800048828125,0.0,2293690,0.0087306407531126,-0.016302430713133,-0.0804971681769385,3451.4074951171874,3582.894990234375,3439.7063700153594,31.44707486925654,-75.43702873502662,-64.75491767111684,-10.682111063909772,0.0160482187207713,-0.2516814159292035,0.962433443370388,0.927113412213822,3288.0,-0.010160307067058
2022-05-24,2866.78955078125,3288.0,0.0,3324.85009765625,3275.60009765625,3315.14990234375,0.0,1711510,-0.010160307067058,-0.0473983349830531,-0.0733329448037273,3438.397497558594,3576.00298828125,3425.25814429961,33.05346884666372,-78.17255201648868,-67.43844454019121,-10.734107476297469,0.0157923075145783,-0.2538180835248007,0.9562594209467108,0.9194623189004452,3167.64990234375,-0.0366028277543339
2022-05-25,2780.46142578125,3167.64990234375,22.0,3292.85009765625,3154.050048828125,3292.85009765625,0.0,3548046,-0.0366028277543339,-0.0815211501112995,-0.1067732964697952,3419.464990234375,3566.936987304688,3400.7240260181,23.503724691629657,-89.0254905598249,-71.75585374411796,-17.269636815706946,0.0173925739633583,1.0730501136423392,0.9263583371639184,0.8880588341251708,3226.949951171875,0.0187205185725383
2022-05-26,2832.513427734375,3226.949951171875,0.0,3241.5,3180.550048828125,3191.0,0.0,2813186,0.0187205185725383,-0.0107297783607703,-0.0938588129234386,3402.752490234375,3559.49298828125,3384.174114127983,33.70314579203544,-91.78348135751912,-75.76137926679819,-16.022102090720935,0.0181064382269184,-0.2071168186658233,0.9483351964131864,0.9065757291265384,3261.300048828125,0.0106447568682543
2022-05-27,2862.66357421875,3261.300048828125,0.0,3278.89990234375,3229.199951171875,3253.199951171875,0.0,3103153,0.0106447568682543,-0.0096264655851426,-0.090115223502453,3386.602490234375,3551.8589892578125,3372.471822194663,35.92218921556051,-90.15815602863267,-78.64073461916509,-11.517421409467588,0.0182655163449413,0.1030742368261465,0.9630005464864644,0.9181952489362756,3375.25,0.0349400390843586
2022-05-30,2962.685791015625,3375.25,0.0,3386.60009765625,3286.35009765625,3297.0,0.0,2094624,0.0349400390843586,0.0161059682396327,-0.0483406979818593,3378.029992675781,3547.4859912109373,3372.736410557076,45.82456816284595,-78.7672850247277,-78.66604470027761,-0.1012403244500887,0.0202092753078713,-0.3250013776310739,0.9991770373022713,0.9514484365441724,3364.35009765625,-0.0032293614824827
2022-05-31,2953.118408203125,3364.35009765625,0.0,3383.39990234375,3325.0,3354.14990234375,0.0,4840965,-0.0032293614824827,0.0232208326205138,-0.0502624801253233,3369.1275024414062,3541.654995117188,3371.9377140903302,46.80008840277564,-69.81468844197025,-76.89577344861614,7.081085006645893,0.0202087109156591,1.3111379417021862,0.9985820053465788,0.949937275735388,3355.199951171875,-0.002719736715495
2022-06-01,2945.08642578125,3355.199951171875,0.0,3388.0,3340.050048828125,3388.0,0.0,1493835,-0.002719736715495,0.0592079474090101,-0.0357928152390617,3362.9,3535.303994140625,3370.3436414314297,46.438333655990775,-62.73486305033566,-74.06359136896005,11.328728318624384,0.0198866020163731,-0.6914179301027791,0.9977102950346056,0.949055571100179,3423.0,0.020207454045904
2022-06-02,3004.598876953125,3423.0,0.0,3432.0,3346.300048828125,3355.0,0.0,2657939,0.020207454045904,0.0607539787708604,-0.0257300349679651,3358.3800048828125,3531.229995117188,3375.3585327236747,50.49883567921519,-51.06451318683594,-69.46377573253523,18.399262545699287,0.0203362516134999,0.7792721418362805,1.0192414184884484,0.9693506242111553,3440.14990234375,0.005010196419442
2022-06-03,3019.65283203125,3440.14990234375,0.0,3477.300048828125,3431.199951171875,3459.39990234375,0.0,1913622,0.005010196419442,0.0548400487038567,0.0021994419602373,3358.757495117188,3526.013994140625,3381.529139354158,54.00466643393144,-39.9710615320364,-63.56523289243546,23.59417136039906,0.0197037371606884,-0.2800353958461801,1.024232891878883,0.9756483973292336,3430.949951171875,-0.0026742878749577
2022-06-06,3011.57763671875,3430.949951171875,0.0,3453.0,3377.14990234375,3418.0,0.0,1084210,-0.0026742878749577,0.0165024668311606,-0.004107325210667,3358.0499877929688,3520.3849951171874,3386.235883336798,48.576539825347055,-31.557999371393635,-57.1637861882271,25.605786816833465,0.0196979205132522,-0.4334252010062593,1.0217090167340894,0.9745950956871592,3362.699951171875,-0.0198924498961835
2022-06-07,2951.669921875,3362.699951171875,0.0,3418.85009765625,3356.0,3401.050048828125,0.0,2308256,-0.0198924498961835,-0.0004904800144088,-0.0221156085287168,3354.2474853515623,3512.6419921875,3383.994365987758,44.55614151753657,-30.05137802762647,-51.741304556106975,21.689926528480505,0.0201931347257786,1.1289750140655408,1.002519929092062,0.9573136000340734,3404.14990234375,0.0123263900359085
2022-06-08,2988.05322265625,3404.14990234375,0.0,3413.949951171875,3346.5,3380.14990234375,0.0,2185707,0.0123263900359085,0.0145892798891995,-0.0023007320211753,3353.85498046875,3506.575991210937,3385.9139408788046,61.01641764000728,-25.22196203201701,-46.43743605128898,21.21547401927197,0.0203337409391371,-0.0530915981589563,1.0149961528354368,0.9707902839910176,3427.10009765625,0.0067418286417701
2022-06-09,3008.197998046875,3427.10009765625,0.0,3437.0,3353.10009765625,3385.0,0.0,1279197,0.0067418286417701,0.0011978082548202,0.0054127574966891,3354.777490234375,3500.963994140625,3389.836432000466,60.5209505735176,-19.320016973126258,-41.01395223565644,21.693935262530182,0.0203857149659127,-0.4147445197366344,1.0215580936835311,0.978901840576482,3359.89990234375,-0.0196084717100785
2022-06-10,2949.211669921875,3359.89990234375,0.0,3393.0,3352.0,3382.0,0.0,1527582,-0.0196084717100785,-0.0233274718480511,-0.0161058893592318,3352.027490234375,3494.054990234375,3386.985333937921,52.82278022771268,-19.836514151651954,-36.77846461885554,16.94195046720359,0.0208683438357934,0.194172594213401,1.0023485523708593,0.961604757719733,3219.60009765625,-0.0417571382378479
2022-06-13,2826.06103515625,3219.60009765625,0.0,3293.0,3192.449951171875,3290.0,0.0,3030921,-0.0417571382378479,-0.0616009724780265,-0.0465529344049936,3344.167492675781,3483.8159912109377,3371.0438828634765,45.62828347640141,-31.20712725346948,-35.66419714577833,4.457069892308851,0.0227223299973217,0.984129820854134,0.9627508504605848,0.9241590559830776,3210.550048828125,-0.00281092326799
2022-06-14,2818.11767578125,3210.550048828125,0.0,3238.89990234375,3174.699951171875,3190.0,0.0,2611493,-0.00281092326799,-0.0452463510134845,-0.0698371891320219,3332.114990234375,3473.2279931640624,3355.7587558124906,53.19673106373595,-40.4820317012568,-36.62776405687403,-3.854267644382773,0.0219921150138629,-0.138383019550823,0.9635171830016288,0.924370658979792,3206.300048828125,-0.0013237607062226
2022-06-15,2814.38720703125,3206.300048828125,0.0,3234.0,3201.0,3218.5,0.0,1404536,-0.0013237607062226,-0.0581201942309901,-0.0703143112290315,3319.989990234375,3462.178994140625,3341.524593242551,48.323736034106346,-47.62639237458052,-38.82748972041533,-8.79890265416519,0.0219892623647466,-0.4621712560592734,0.9657559384996146,0.9260930917362884,3142.0,-0.0200542830829654
2022-06-16,2757.9462890625,3142.0,0.0,3244.85009765625,3133.050048828125,3240.0,0.0,2032028,-0.0200542830829654,-0.0831898951102205,-0.0367724682988414,3313.992492675781,3449.6119921875,3322.522251028975,40.76482259080809,-57.81042366476095,-42.62407650928445,-15.186347155476495,0.0189571984660682,0.4467610655761048,0.9481011218172944,0.9108270747886534,3088.89990234375,-0.0169000947346434
2022-06-17,2711.33740234375,3088.89990234375,0.0,3118.75,3023.85009765625,3092.0,0.0,5240434,-0.0169000947346434,-0.0806571647598667,-0.0619799871412845,3303.787487792969,3435.0939892578126,3300.272503535144,25.527736581139948,-69.36646253802382,-47.972553715032326,-21.3939088229915,0.0190545379717479,1.5789182038830174,0.93495720101756,0.8992184528293325,3112.39990234375,0.0076078865430921
2022-06-20,2731.964111328125,3112.39990234375,0.0,3138.75,3069.0,3094.0,0.0,1502769,0.0076078865430921,-0.0332961212762223,-0.0630240378283284,3293.3199829101563,3422.2349853515625,3282.379874850249,28.92160707457916,-75.75519427590189,-53.52908182720624,-22.226112448695645,0.0190197168991453,-0.7132357739836052,0.94506453016857,0.9094641120980816,3211.949951171875,0.0319849800641491
2022-06-21,2819.346435546875,3211.949951171875,0.0,3237.75,3125.39990234375,3130.0,0.0,2964461,0.0319849800641491,0.0004360319329894,-0.0231295768941985,3289.51748046875,3412.790986328125,3275.6722630713566,39.59015049743565,-71.95598938594549,-57.2144633389541,-14.741526046991387,0.0204728036005608,0.972665792280783,0.9764197850422056,0.9411505023422668,3222.949951171875,0.0034247108974991
2022-06-22,2829.001708984375,3222.949951171875,0.0,3250.550048828125,3183.0,3199.89990234375,0.0,3336315,0.0034247108974991,0.0051928709385247,0.0174577527608743,3292.2824829101564,3403.5369873046875,3270.651090509501,34.15445770635145,-67.28190020565535,-59.22795071229435,-8.053949493360996,0.0186844151872425,0.1254373054663225,0.978940892193128,0.9469413622339324,3308.800048828125,0.0266371178444873
2022-06-23,2904.358642578125,3308.800048828125,0.0,3318.0,3222.949951171875,3222.949951171875,0.0,3692578,0.0266371178444873,0.0530872211419874,0.0253645389283232,3296.374987792969,3395.784990234375,3274.284324635085,40.61720329668988,-56.00467838292752,-58.583296246420986,2.578617863493463,0.0191567580117523,0.1067833822645643,1.0037693105551306,0.9743844378674144,3293.10009765625,-0.0047449078034906
2022-06-24,2890.577392578125,3293.10009765625,0.0,3345.0,3277.5,3339.0,0.0,2132118,-0.0047449078034906,0.0661077411921182,0.0097507277318906,3297.964990234375,3387.824990234375,3276.076303018053,40.24348731226377,-47.78343598415495,-56.42332419396779,8.639888209812838,0.0190759594448306,-0.4225936459568356,0.99852488046643,0.9720396145458589,3314.699951171875,0.0065591244951825
2022-06-27,2909.53662109375,3314.699951171875,0.0,3362.89990234375,3306.5,3350.0,0.0,2037686,0.0065591244951825,0.0649980899548883,-0.0179394263619361,3294.937487792969,3380.879990234375,3279.7547456993693,46.36253571637369,-39.07468583590253,-52.95359652235474,13.878910686452215,0.0173709653720113,-0.0442902315913096,1.0059978264996292,0.9804252031265056,3318.14990234375,0.0010408034581397
2022-06-28,2912.565185546875,3318.14990234375,0.0,3330.0,3272.60009765625,3307.0,0.0,1400046,0.0010408034581397,0.0330640118265628,-0.0137322793322505,3292.627478027344,3376.6819873046875,3283.411427284548,43.08459637503562,-31.531085645231546,-48.66909434693011,17.138008701698567,0.017365268525323,-0.3129235809638973,1.0077513853257694,0.982665798798643,3290.5,-0.0083329274317051
2022-06-29,2888.294677734375,3290.5,0.0,3333.0,3271.0,3271.0,0.0,2133994,-0.0083329274317051,0.0209590747146302,-0.0192834859660978,3289.39248046875,3373.0539892578126,3284.0865294479245,39.098156611632085,-27.467219179731728,-44.42871931349043,16.961500133758705,0.0174473943643346,0.5242313466843233,1.0003366942491132,0.9755254468144527,3267.10009765625,-0.0071113515708098
2022-06-30,2867.755615234375,3267.10009765625,0.0,3310.89990234375,3255.0,3272.0,0.0,2719603,-0.0071113515708098,-0.0126027413432382,-0.0455448151749197,3281.5974853515627,3367.259990234375,3282.4687740391937,42.037081573260245,-25.83692035036848,-40.71035952086604,14.87343917049757,0.0167701137107881,0.2744192345433023,0.9955822163565072,0.9702547789987688,3315.10009765625,0.0146919281825599
2022-07-01,2909.888671875,3315.10009765625,0.0,3333.0,3252.050048828125,3260.0,0.0,1502879,0.0146919281825599,0.006680635069568,-0.0363501034075011,3275.3449951171874,3360.988994140625,3285.57651914558,59.73695136801418,-20.436123029922783,-36.6555122226774,16.219389192754612,0.0171249933188823,-0.4473902992458826,1.0121376839991905,0.9863466091188112,3235.050048828125,-0.0241470985701818
2022-07-04,2839.623291015625,3235.050048828125,0.0,3317.949951171875,3225.050048828125,3312.0,0.0,2622535,-0.0241470985701818,-0.0240292948131219,-0.0570978606892351,3265.55,3353.438994140625,3280.764474353441,52.18204526735013,-22.35759770782988,-33.795929319707895,11.438331611878011,0.0178465549541057,0.7450074157666718,0.990660087528326,0.9646962579252648,3216.300048828125,-0.0057958917843611
2022-07-05,2823.164794921875,3216.300048828125,0.0,3272.0,3206.949951171875,3255.0,0.0,2170627,-0.0057958917843611,-0.0306947716387629,-0.0435364155201331,3258.2300048828124,3346.80099609375,3274.6250052557925,50.86820643303661,-25.103965643992524,-32.05753658456482,6.953570940572298,0.017408273470843,-0.1723172426678766,0.9871310631871136,0.9610072581495164,3260.75,0.0138202128212727
2022-07-06,2862.181396484375,3260.75,0.0,3268.5,3202.25,3218.5,0.0,2182144,0.0138202128212727,-0.0090411791521045,-0.0421250257648817,3251.060009765625,3341.089995117188,3273.303576183812,60.67800033368752,-23.42372828517864,-30.33077492468759,6.907046639508948,0.0174764031393688,0.0053058402019324,1.0029805633255824,0.9759539565726756,3287.85009765625,0.0083110013512994
2022-07-07,2885.968994140625,3287.85009765625,0.0,3319.39990234375,3265.050048828125,3271.0,0.0,1989921,0.0083110013512994,0.0063511981205857,-0.0406320200846281,3244.097509765625,3335.622998046875,3274.688959181187,68.76712278290476,-19.67853477751624,-28.20032689525332,8.521792117737085,0.0175211977067934,-0.0880890537013139,1.013486828851142,0.9856779676784224,3265.449951171875,-0.0068130072293572
2022-07-08,2866.306884765625,3265.449951171875,0.0,3305.0,3250.0,3300.0,0.0,2136916,-0.0068130072293572,-0.0149769675188623,-0.0281109419676431,3239.3750122070314,3329.24599609375,3273.8090536564905,64.46734690957496,-18.30691582550844,-26.221644681304348,7.914728855795907,0.017069313621002,0.0738697666892303,1.0080493733718956,0.9808376896760624,3113.800048828125,-0.0464407369922565
2022-07-11,2733.193603515625,3113.800048828125,0.0,3225.0,3106.0,3206.14990234375,0.0,6974600,-0.0464407369922565,-0.0374801002055352,-0.0328612391660515,3234.085009765625,3320.587998046875,3258.570100815694,41.55408868982093,-29.12108787827401,-26.801533320698283,-2.319554557575728,0.0176751554877021,2.26386250091253,0.9628071121896028,0.9377255024289736,3084.699951171875,-0.0093455254672507
2022-07-12,2707.650146484375,3084.699951171875,0.0,3136.199951171875,3080.25,3114.89990234375,0.0,3734815,-0.0093455254672507,-0.0409166109064355,-0.0391989209768545,3227.7925048828124,3311.433999023437,3242.0110389448537,38.46282045117635,-39.58324086224138,-29.357874829006903,-10.22536603323448,0.0177604682869695,-0.4645119433372523,0.955668602150084,0.93152995109719,3038.75,-0.0148960845136392
2022-07-13,2667.317138671875,3038.75,0.0,3110.0,3035.0,3104.0,0.0,3863530,-0.0148960845136392,-0.0680824963581998,-0.0522565094584217,3219.415002441406,3302.6139990234374,3222.6528447596297,25.856042313943377,-50.99451647464775,-33.685203158135074,-17.30931331651268,0.0179971576305996,0.0344635544196968,0.9438826611963972,0.920104499314343,2998.75,-0.0131633072809543
2022-07-14,2639.154052734375,2998.75,8.0,3057.0,2967.0,3056.0,0.0,4764908,-0.0131633072809543,-0.0879298292407964,-0.0455919796308084,3212.2525024414062,3292.3210009765626,3201.328764306332,24.779350854733025,-62.5447236755399,-39.457107261616045,-23.08761641392385,0.0177075398260771,0.2333042580231032,0.9335349564583924,0.9108315984712656,2994.60009765625,-0.0013838773968319
2022-07-15,2635.501953125,2994.60009765625,0.0,3028.89990234375,2953.0,3018.550048828125,0.0,4574806,-0.0013838773968319,-0.0829441141544444,-0.0305286048977982,3207.537512207032,3283.5610009765624,3181.640319863467,21.727615585154894,-71.21231726861151,-45.80814926301514,-25.40416800559637,0.0173652977767833,-0.0398962582278608,0.933613429697892,0.9119977051638838,3063.5,0.0230080478517566
2022-07-18,2696.14013671875,3063.5,0.0,3076.949951171875,3014.300048828125,3023.0,0.0,3202795,0.0230080478517566,-0.0161539109895818,-0.0157113172722203,3205.092517089844,3275.9289990234374,3170.388860828851,29.839285797122955,-71.69534206460958,-50.98558782333403,-20.709754241275547,0.0181113799749574,-0.299905832072442,0.9558226427677644,0.9351545778047196,3074.25,0.0035090582666883
2022-07-19,2705.60107421875,3074.25,0.0,3078.949951171875,3030.050048828125,3030.050048828125,0.0,1865074,0.0035090582666883,-0.0033876718440329,-0.042871138487583,3198.20751953125,3268.638999023437,3161.232778845151,32.40868507621923,-70.39918950233323,-54.86830815913388,-15.530881343199354,0.0164556740561078,-0.4176730012379812,0.9612415646032194,0.9405290706371936,3164.800048828125,0.0294543543394729
2022-07-20,2785.292236328125,3164.800048828125,0.0,3171.949951171875,3098.050048828125,3107.800048828125,0.0,3402251,0.0294543543394729,0.0414808881375976,-0.0180424465861179,3195.3000244140626,3263.695,3161.57251884353,42.4977968977886,-61.358049673777714,-56.16625646206265,-5.191793211715066,0.0178798906308735,0.8241908900129432,0.9904547380988016,0.9696984702394448,3177.300048828125,0.0039496966023584
2022-07-21,2796.29345703125,3177.300048828125,0.0,3184.0,3144.050048828125,3167.0,0.0,2420640,0.0039496966023584,0.0595414918976657,-0.0397425042491078,3188.7250244140623,3259.068002929688,3163.070378842063,39.33931313497617,-52.578147532616185,-55.44863467617336,2.870487143557177,0.0167333447085349,-0.2885181016920856,0.9964170709300854,0.9749106327244296,3171.0,-0.001982830935482
2022-07-22,2790.748779296875,3171.0,0.0,3197.0,3143.5,3185.0,0.0,2075886,-0.001982830935482,0.0589059963237865,-0.0370775542909097,3182.62001953125,3254.1900048828124,3163.8255808571043,44.40659825641266,-45.60269365295108,-53.4794464715289,7.8767528185778275,0.0167199483195325,-0.1424226650803093,0.9963489139577016,0.9744360333115188,3166.75,-0.0013402712078208
2022-07-25,2787.0087890625,3166.75,0.0,3186.449951171875,3149.10009765625,3165.0,0.0,1797504,-0.0013402712078208,0.0337032805614492,-0.0446344928202533,3175.222521972656,3249.98900390625,3164.104096965952,45.560429666462944,-39.95693698195464,-50.77494457361405,10.81800759165941,0.0166061640875354,-0.1341027397458242,0.9973316761537102,0.974387912141794,3115.89990234375,-0.0160575030097892
2022-07-26,2742.25634765625,3115.89990234375,0.0,3168.89990234375,3096.5,3164.699951171875,0.0,2639367,-0.0160575030097892,0.01354798807636,-0.0609526410657764,3165.1100219726563,3243.275,3159.513221287647,37.16892129197903,-39.13469168828851,-48.446893996548944,9.312202308260431,0.0168713458127072,0.4683511135441145,0.9844523194178773,0.9607263961100276,3188.85009765625,0.0234122396735618
2022-07-27,2806.45849609375,3188.85009765625,0.0,3194.10009765625,3110.0,3115.0,0.0,1389808,0.0234122396735618,0.0075992316914397,-0.0308919320297067,3160.0275268554688,3238.0760009765627,3162.3072095132284,41.88923869605046,-32.225114220307205,-45.2025380413006,12.977423820993394,0.0178106890863478,-0.4734313189488237,1.0091209872559124,0.984797792483726,3260.5,0.0224688838137645
2022-07-28,2869.51611328125,3260.5,0.0,3264.0,3201.64990234375,3216.0,0.0,2106333,0.0224688838137645,0.0261857394307349,-0.0020201700159063,3159.6975219726564,3238.047001953125,3171.658903845302,49.62474787313942,-20.72872810577473,-40.30777605419542,19.579047948420687,0.0185266468104657,0.5155568251154117,1.0319025721058297,1.0069341173964836,3301.89990234375,0.0126974090917804
2022-07-29,2905.952392578125,3301.89990234375,0.0,3317.300048828125,3275.0,3290.0,0.0,2430257,0.0126974090917804,0.0412803224042099,-0.0039818391371748,3159.037512207032,3238.225,3184.062808464202,67.12177651512289,-8.182806853510556,-33.88278221405845,25.699975360547896,0.0184489621799906,0.153785749926531,1.0452233914870197,1.0196635200900956,3298.800048828125,-0.0009388090515477
2022-08-01,2903.22412109375,3298.800048828125,0.0,3327.0,3271.0,3327.0,0.0,1306913,-0.0009388090515477,0.0416989180794584,0.0197060320668278,3162.225012207032,3237.7660009765623,3194.9901646893377,70.45673395426782,1.4925882272559647,-26.80770812579557,28.300296353051536,0.0175611623030105,-0.4622325951535166,1.0431895377760525,1.018850666735383,3291.800048828125,-0.0021219837202581
2022-08-02,2897.063232421875,3291.800048828125,0.0,3312.89990234375,3271.64990234375,3290.0,0.0,1269114,-0.0021219837202581,0.0564524381389994,0.0234741780473834,3166.0000122070314,3237.842001953125,3204.2101536549367,76.122651528784,8.497611857745596,-19.74664412908734,28.244255986832936,0.017504094536457,-0.0289223536685303,1.039734692399258,1.016664817752828,3339.5,0.0144905372332246
2022-08-03,2939.043212890625,3339.5,0.0,3349.0,3277.050048828125,3280.0,0.0,2895824,0.0144905372332246,0.0472427043386187,0.0241508855324694,3169.9375122070314,3241.27900390625,3217.0949009258948,84.62555992847206,17.694163663347354,-12.2584825706004,29.95264623394776,0.0175299374160415,1.2817682257070682,1.0534907982065906,1.030303159948705,3354.949951171875,0.0046264264626065
2022-08-04,2952.640869140625,3354.949951171875,0.0,3387.89990234375,3307.35009765625,3350.0,0.0,2150567,0.0046264264626065,0.0289679347253104,0.0204084284631642,3173.2925048828124,3243.83900390625,3230.223953330274,85.79516821141173,25.930271141124194,-4.620731828255482,30.55100296937968,0.017472096123455,-0.2573557647149826,1.0572457301082527,1.034252916723618,3365.050048828125,0.0030105062082139
2022-08-05,2961.529541015625,3365.050048828125,0.0,3377.0,3355.0,3361.199951171875,0.0,1106933,0.0030105062082139,0.0191253969993305,0.0305011864048034,3178.272509765625,3245.91400390625,3243.064533853879,83.91632164061603,32.89326603057998,2.8820677435116107,30.011198287068368,0.01737406607886,-0.4852831834581299,1.0587669995221,1.0367033891774404,3374.449951171875,0.0027933915416871
2022-08-08,2969.8017578125,3374.449951171875,0.0,3378.89990234375,3336.0,3365.0,0.0,1068836,0.0027933915416871,0.0229325516017935,0.0837079768310251,3191.3050048828127,3245.898002929688,3255.5774307413067,83.86732674249055,38.723601632013015,10.050374521211891,28.67322711080112,0.0131847383009252,-0.034416717181618,1.0573887315718316,1.0396044324640388,3354.25,-0.0059861463243394
2022-08-10,2952.02490234375,3354.25,0.0,3385.0,3335.0,3385.0,0.0,1878359,-0.0059861463243394,0.0189713683229657,0.0873829069584946,3204.782507324219,3245.6960009765626,3264.9748182897533,75.40566254559836,41.238841663504445,16.288067949670406,24.95077371383404,0.0130247317979256,0.7573874757212519,1.0466388880787347,1.0334455226215813,3422.5,0.0203473205634643
2022-08-11,3012.0908203125,3422.5,0.0,3428.699951171875,3375.050048828125,3400.0,0.0,1449248,0.0203473205634643,0.0248540200628837,0.1262854792266556,3223.970007324219,3247.042001953125,3279.977216547872,78.60476376282008,48.18395745269527,22.66724585027538,25.51671160241989,0.0126735073119794,-0.2284499395482972,1.0615793547163157,1.0540362575973257,3401.550048828125,-0.006121242124726
2022-08-12,2993.653076171875,3401.550048828125,0.0,3419.0,3381.25,3419.0,0.0,1472354,-0.006121242124726,0.0138899531541365,0.1343226507138391,3244.110009765625,3246.613002929688,3291.555581526943,76.00678802192833,51.40496138262233,28.41478895674477,22.99017242587756,0.012200931928374,0.0159434410121663,1.0485310419771725,1.0477226715221757,3392.699951171875,-0.0026017837542325
2022-08-16,2985.86376953125,3392.699951171875,0.0,3414.85009765625,3387.5,3411.0,0.0,839942,-0.0026017837542325,0.0082167878464034,0.1329392374718752,3264.015002441406,3245.66400390625,3301.1883786359845,75.22608296041251,52.63673773824712,33.259178713045245,19.37755902520188,0.0122447436348751,-0.4295244214366925,1.0394253545508263,1.04530227007129,3401.10009765625,0.0024759473591153
2022-08-17,2993.256591796875,3401.10009765625,0.0,3417.949951171875,3371.10009765625,3385.10009765625,0.0,1622326,0.0024759473591153,0.0078976268340029,0.1102007826526032,3280.8950073242186,3245.0670068359377,3310.703780447438,85.17516823063646,53.6720529758727,37.34175356561074,16.330299410261965,0.0116175792268016,0.9314738398603714,1.0366378960813094,1.0480831645360846,3381.25,-0.0058363756097413
2022-08-18,2975.787109375,3381.25,0.0,3392.0,3362.0,3390.0,0.0,1430659,-0.0058363756097413,0.0080494894536782,0.099861754899569,3296.245007324219,3245.4380078125,3317.4224680238726,77.30627434131196,52.28806649173657,40.33101615083591,11.957050340900665,0.0118785940854669,-0.1181433324744841,1.0257884327429851,1.0418470455638251,3385.75,0.0013308687615527
2022-08-19,2979.7470703125,3385.75,0.0,3421.5,3371.25,3387.0,0.0,1398410,0.0013308687615527,-0.0107377647918188,0.0698148217147838,3307.2925048828124,3245.070009765625,3323.929852021599,71.96213271870778,50.96684555411776,42.45818203149228,8.508663522625476,0.0103812852773388,-0.0225413603101787,1.0237225751884222,1.0433519122271682,3354.550048828125,-0.0092150782461418
2022-08-22,2952.2890625,3354.550048828125,0.0,3384.10009765625,3347.39990234375,3365.0,0.0,1536532,-0.0092150782461418,-0.013817230181926,0.0557863586303013,3316.1550048828126,3243.6190087890627,3326.846061241268,59.57449642379872,46.86199719835077,43.33894506486398,3.523052133486786,0.0107572114977938,0.0987707467766964,1.0115781813240872,1.0341997749237744,3284.60009765625,-0.0208522604086086
2022-08-23,2890.726318359375,3284.60009765625,0.0,3341.89990234375,3270.0,3319.949951171875,0.0,1849256,-0.0208522604086086,-0.0318624856519617,0.0358246917868969,3321.835009765625,3242.1130126953126,3322.822636137933,47.92276928857089,37.53185497771892,42.17752704743496,-4.645672069716042,0.0119568315458198,0.2035258621362913,0.9887908604732292,1.0131047513749731,3255.35009765625,-0.0089051936705694
2022-08-24,2864.98388671875,3255.35009765625,0.0,3308.0,3250.199951171875,3292.0,0.0,1691923,-0.0089051936705694,-0.0428537813692806,0.0279782419377121,3326.265014648437,3242.8280126953123,3316.3966800920584,44.99382690797498,27.46086771109549,39.23419518016707,-11.773327469071582,0.0121799433804906,-0.0850790804518141,0.9786803166073996,1.0038614705781237,3218.199951171875,-0.0114120280061803
2022-08-25,2832.288818359375,3218.199951171875,0.0,3278.14990234375,3214.75,3276.0,0.0,1946930,-0.0114120280061803,-0.048221825901109,0.0328316223352282,3331.380017089844,3242.981010742188,3307.0446106710883,32.84300352846843,16.294004261727423,34.64615699647914,-18.35215273475172,0.0118688036597636,0.1507202159909168,0.9660260716767948,0.9923585554499929,3222.199951171875,0.0012429308497576
2022-08-26,2835.809326171875,3222.199951171875,0.0,3257.0,3216.800048828125,3234.300048828125,0.0,1457962,0.0012429308497576,-0.0483054120440449,0.0104582694370414,3333.047509765625,3243.2990087890626,3298.9641669092584,30.59495888048717,7.678438832601387,29.252613363703592,-21.574174531102205,0.0107114479521837,-0.2511482179636659,0.96674288072133,0.9934945690915296,3132.550048828125,-0.0278225757874354
2022-08-29,2756.909912109375,3132.550048828125,0.0,3142.699951171875,3081.0,3125.0,0.0,2539173,-0.0278225757874354,-0.0661787711522006,-0.0392424325017252,3326.650012207031,3243.110009765625,3283.1152032824834,22.42647697515858,-6.310710779834153,22.139948534996044,-28.4506593148302,0.0111934009090492,0.7415906587414487,0.941653025516161,0.965909278253102,3211.14990234375,0.0250913320746555
2022-08-30,2826.084228515625,3211.14990234375,0.0,3226.5,3142.10009765625,3155.0,0.0,3431525,0.0250913320746555,-0.0223619902358618,-0.0274841765904484,3322.112512207031,3245.555009765625,3276.261365097842,33.36389236125447,-10.928880015910636,15.526182824814708,-26.455062840725343,0.0123316209926129,0.351434108664514,0.9665987803075448,0.9893993146570148,3131.699951171875,-0.0247419004369389
2022-09-01,2756.161376953125,3131.699951171875,0.0,3190.0,3121.0,3190.0,0.0,3546935,-0.0247419004369389,-0.0379836708111361,-0.0506548124114436,3313.7575073242188,3245.941010742188,3262.4936113906074,29.77001826449564,-20.76044597793316,8.268857064265134,-29.029303042198293,0.013395618629392,0.0336322771945417,0.9450600848885437,0.9648049489524791,3130.39990234375,-0.0004151256021952
2022-09-02,2755.017333984375,3130.39990234375,0.0,3163.0,3120.300048828125,3163.0,0.0,2052900,-0.0004151256021952,-0.0272823473246756,-0.0490309691020975,3305.6875,3244.310009765625,3249.9132581480494,19.768159945178297,-28.3303611426968,0.9490134228727474,-29.279374565569547,0.0134036579687134,-0.4212186014122052,0.9469739357830256,0.9648892654897352,3133.39990234375,0.0009583440114964
2022-09-05,2757.658203125,3133.39990234375,0.0,3147.949951171875,3112.25,3123.64990234375,0.0,2147912,0.0009583440114964,-0.0275588263216965,-0.0617158549651893,3295.382495117188,3242.5190087890624,3238.816748071449,21.17595807385364,-33.69903699950373,-5.980596661602549,-27.718440337901185,0.01283428362785,0.0462818451946027,0.9508455868132306,0.9663474273706528,3127.050048828125,-0.0020265059403605
2022-09-06,2752.069091796875,3127.050048828125,0.0,3140.85009765625,3106.35009765625,3135.5,0.0,1936453,-0.0020265059403605,-0.0017557580610907,-0.0679294492199936,3283.9875,3238.8840087890626,3228.172300524466,21.29039679917932,-38.02777093415125,-12.390031516112291,-25.63773941803896,0.0127090473784869,-0.0984486329048862,0.9522113128713569,0.965471452618413,3149.60009765625,0.007211284909423
2022-09-07,2771.91552734375,3149.60009765625,0.0,3161.89990234375,3102.0,3102.0,0.0,1291534,0.007211284909423,-0.0191675276954763,-0.0640257791253076,3273.2150024414063,3236.0140087890627,3220.689233584636,23.62624758573088,-39.1869999401456,-17.749425200918953,-21.437574739226644,0.0128550384660229,-0.3330413906250242,0.962234407243962,0.9732961875634312,3169.64990234375,0.0063658255225544
2022-09-08,2789.56103515625,3169.64990234375,0.0,3183.5,3160.10009765625,3170.0,0.0,1346113,0.0063658255225544,0.012118003564701,-0.0606913872754291,3262.975,3233.1130078125,3215.828344895028,27.819673557547134,-38.049237677005294,-21.80938769613622,-16.239849980869074,0.0129673834087838,0.0422590500908222,0.9713987702460944,0.9803708978574526,3217.64990234375,0.0151436283119177
2022-09-09,2831.8046875,3217.64990234375,0.0,3233.5,3168.5,3195.0,0.0,1561185,0.0151436283119177,0.0278718383343532,-0.0407244831650145,3256.144995117188,3231.1030078125,3216.001826556811,33.852040792395385,-32.89515912124625,-24.026541981158225,-8.868617140088027,0.0135623050102442,0.1597726193863368,0.9881777092754888,0.9958363736977058,3242.949951171875,0.0078628967090845
2022-09-12,2854.0712890625,3242.949951171875,0.0,3269.800048828125,3225.0,3239.89990234375,0.0,1785928,0.0078628967090845,0.0349620387573839,-0.0524616651068298,3247.167492675781,3230.1520068359373,3218.5683146153888,39.15660878641236,-26.463952265103217,-24.514024037947223,-1.9499282271559928,0.0127426730384496,0.1439566739367852,0.9987011629324882,1.0039620254120716,3229.35009765625,-0.0041936674078829
2022-09-13,2842.101806640625,3229.35009765625,0.0,3263.449951171875,3225.0,3263.449951171875,0.0,1972678,-0.0041936674078829,0.0327145543661708,-0.0506239651629408,3238.5574951171875,3229.3970068359376,3219.595151095471,43.971624782231125,-22.20856253273223,-24.052931736904227,1.844369204171997,0.01272201764866,0.1045674853633517,0.997156944882152,0.9999854743224236,3120.39990234375,-0.0337374988830019
2022-09-14,2746.216796875,3120.39990234375,0.0,3141.39990234375,3113.800048828125,3135.0,0.0,5090269,-0.0337374988830019,-0.0092710802664214,-0.0802605749836703,3224.942492675781,3225.503002929688,3210.147984547688,37.45698774916698,-27.31266236810825,-24.70487786314504,-2.6077845049632167,0.0145120411116973,1.580385141416896,0.967583114871208,0.9674149735745172,3104.35009765625,-0.005143508905844
2022-09-15,2732.09130859375,3104.35009765625,0.0,3137.75,3100.0,3130.0,0.0,2138023,-0.005143508905844,-0.0206015827297566,-0.0872511809353964,3210.104992675781,3222.88900390625,3200.071995319932,38.98616684340925,-32.280671873823394,-26.22003666528071,-6.060635208542685,0.0144308338286817,-0.5799783862110234,0.9670556273826484,0.9632196746129554,3008.699951171875,-0.0308116492906486
2022-09-16,2647.9111328125,3008.699951171875,0.0,3094.35009765625,3000.0,3076.0,0.0,5322221,-0.0308116492906486,-0.0649386842924318,-0.1101811604667283,3191.477490234375,3218.737001953125,3181.8460863534506,32.45684705670888,-43.43532722464624,-29.66309477715382,-13.772232447492424,0.0155906860701029,1.4893188707511569,0.9427294913964512,0.9347455071185377,3028.800048828125,0.0066806587504417
2022-09-19,2665.600830078125,3028.800048828125,0.0,3042.0,2987.800048828125,3036.0,0.0,2072220,0.0066806587504417,-0.066035524928889,-0.1054271435197149,3173.629992675781,3214.0980029296875,3167.2702732558005,40.37479762522775,-50.076313487331845,-33.74573851918943,-16.330574968142415,0.0157626712914442,-0.6106475097520377,0.9543645780441008,0.9423483808108336,3040.300048828125,0.0037968831928834
2022-09-20,2675.7216796875,3040.300048828125,0.0,3079.949951171875,3030.0,3050.0,0.0,1544295,0.0037968831928834,-0.0585412058498491,-0.0936787334890948,3157.917492675781,3209.147001953125,3155.177870929355,31.895739477010626,-53.7913162459904,-37.754854064549626,-16.036462181440776,0.015866670761841,-0.2547630077887483,0.9627547445047412,0.9473857218063748,3001.199951171875,-0.0128606048838242
2022-09-21,2641.310302734375,3001.199951171875,0.0,3041.39990234375,2998.14990234375,3028.0,0.0,2253818,-0.0128606048838242,-0.0382002162871314,-0.0862814766055073,3143.7474853515623,3203.862001953125,3140.513307142928,34.87833140208575,-59.208020599330666,-42.04548737150584,-17.16253322782483,0.0155379760362368,0.4594478386577694,0.954656811705172,0.9367444507105164,3007.39990234375,0.0020658240946105
2022-09-22,2646.76708984375,3007.39990234375,0.0,3029.949951171875,2979.300048828125,2990.0,0.0,2017983,0.0020658240946105,-0.0312304322201597,-0.0761669829278934,3131.349975585937,3201.7339990234377,3127.835840019197,35.907421227707616,-62.282559009468514,-46.09290169909838,-16.189657310370137,0.0155636658177998,-0.1046379965019358,0.960416410107914,0.9393034846933064,2982.050048828125,-0.0084291595194471
2022-09-23,2624.45703125,2982.050048828125,0.0,3022.5,2979.0,3004.0,0.0,2652374,-0.0084291595194471,-0.0088576138452656,-0.0733794996975741,3119.54248046875,3199.6810009765627,3113.9514789533805,33.504094380159216,-66.00382318379297,-50.0750859960373,-15.928737187755672,0.0155014257617249,0.3143688524630782,0.9559254498050735,0.9319835470842202,2994.39990234375,0.0041413971306343
2022-09-26,2635.326171875,2994.39990234375,0.0,3025.85009765625,2926.10009765625,2959.85009765625,0.0,2925489,0.0041413971306343,-0.0113576815668914,-0.0706970555149059,3108.152478027344,3198.7939990234377,3102.5656145143685,35.72886324177945,-67.18198972728624,-53.4964667422871,-13.68552298499914,0.0155633778763414,0.1029700185569606,0.9634018676729176,0.9361027634970908,3017.449951171875,0.0076977189352975
2022-09-27,2655.612060546875,3017.449951171875,0.0,3025.0,2976.0,3009.39990234375,0.0,2227447,0.0076977189352975,-0.0075157376868304,-0.0367432589622338,3102.3974731445314,3199.167998046875,3094.4593608627024,35.79793489195099,-65.50069762860903,-55.89731291955149,-9.603384709057543,0.014646612548383,-0.2386069474197305,0.9726187496257354,0.943198341885784,3035.64990234375,0.0060315668748065
2022-09-28,2671.629638671875,3035.64990234375,0.0,3049.949951171875,2980.0,2980.0,0.0,2739767,0.0060315668748065,0.0114787257538182,-0.0546533190094633,3093.622473144532,3199.988994140625,3088.8584600513736,35.54164563670983,-61.98515133099272,-57.114880601839744,-4.870270729152978,0.0133716482078514,0.2300032279106977,0.9812606188039956,0.9486438571826996,2997.300048828125,-0.012633160854951
2022-09-29,2637.878662109375,2997.300048828125,0.0,3055.85009765625,2990.0,3054.0,0.0,2493902,-0.012633160854951,-0.0033583340571879,-0.0429159576074514,3086.902478027344,3198.664995117188,3080.1386113634453,25.719011341582373,-61.58367002406703,-58.0086384862852,-3.5750315377818325,0.0125723139239423,-0.089739382947528,0.9709733527906984,0.9370471910636314,3004.550048828125,0.0024188435865253
2022-09-30,2644.2587890625,3004.550048828125,0.0,3019.699951171875,2950.10009765625,2990.85009765625,0.0,2817353,0.0024188435865253,0.0075451449947467,-0.0402024844881321,3080.6099853515625,3197.27099609375,3072.939700645796,22.64171876908664,-59.98896335882228,-58.40470346079262,-1.5842598980296572,0.0126083965498011,0.1296967563280353,0.97531010517881,0.939723299181996,2984.949951171875,-0.0065234718469391
2022-10-03,2627.00927734375,2984.949951171875,0.0,3020.699951171875,2974.0,2995.0,0.0,1763331,-0.0065234718469391,-0.0031558747929688,-0.0473766374540434,3073.187487792969,3193.673994140625,3064.5597245054223,22.3341438191292,-59.61945494855854,-58.64765375834581,-0.9718011902127373,0.0126278224241416,-0.3741178332995545,0.9712879422516256,0.934644536871424,3091.14990234375,0.0355784696256571
2022-10-04,2720.47412109375,3091.14990234375,0.0,3098.0,3023.0,3029.949951171875,0.0,2145875,0.0355784696256571,0.0244245811411891,-0.0114805154774637,3071.39248046875,3191.950991210937,3067.0921223947867,46.66818321877618,-50.17873909263472,-56.95387082520359,6.775131732568873,0.0152130796501152,0.2169439543681816,1.006432724570578,0.968420226643597,3101.949951171875,0.0034938612391253
2022-10-06,2729.978759765625,3101.949951171875,0.0,3124.0,3092.449951171875,3111.0,0.0,1790816,0.0034938612391253,0.021840479291415,-0.0151289512976054,3069.009973144531,3190.569990234375,3070.411915611652,49.72329412559424,-41.34878700164654,-53.83285406049218,12.48406705884564,0.0151368499523984,-0.1654611755111551,1.0107330957916678,0.9722243864470154,3064.89990234375,-0.011944115608354
2022-10-07,2697.3720703125,3064.89990234375,0.0,3105.0,3058.10009765625,3097.39990234375,0.0,1939879,-0.011944115608354,0.0225535823622513,-0.0330478138681954,3063.7724731445314,3188.53298828125,3069.88696196709,57.49133206066874,-36.91508157190037,-50.44929956277382,13.534217990873444,0.0152433451753844,0.0832374738666619,1.0003679872474542,0.9612257152766224,3118.550048828125,0.0175046977695252
2022-10-10,2744.58837890625,3118.550048828125,0.0,3127.0,3005.0,3010.0,0.0,3064063,0.0175046977695252,0.0379424533282326,-0.0307988303648076,3058.81748046875,3188.5859912109377,3074.5215416681413,60.98128244803833,-28.740912281215515,-46.10762210646216,17.366709825246645,0.0153880398173632,0.5795124335074507,1.0195279936579351,0.9780354230446158,3069.550048828125,-0.0157124302104476
2022-10-11,2701.464599609375,3069.550048828125,0.0,3145.0,3053.35009765625,3100.0,0.0,4730645,-0.0157124302104476,0.0283422164659867,-0.0534698052558875,3050.1474853515624,3186.199990234375,3074.048066159568,53.27804621791258,-25.917948736875587,-42.069687432544846,16.15173869566926,0.0155393070559571,0.5439124456644657,1.006361188621122,0.9633890082971004,3100.75,0.0101643402699318
2022-10-12,2728.923583984375,3100.75,0.0,3109.89990234375,3062.050048828125,3084.89990234375,0.0,1665247,0.0101643402699318,0.0031056719860047,-0.039822284288589,3043.71748046875,3183.004990234375,3076.591107477705,61.35768445927766,-20.921978929316538,-37.84014573189919,16.918166802582647,0.0157928098647165,-0.6479873251956129,1.0187377836140252,0.9741580706009768,3103.300048828125,0.0008223974290493
2022-10-13,2731.16748046875,3103.300048828125,0.0,3110.0,3052.35009765625,3100.75,0.0,2054781,0.0008223974290493,0.0004352415988335,-0.0054800198855221,3042.8624877929688,3179.032993164062,3079.1348161777446,61.03315448781291,-16.565907761271774,-33.585298137773705,17.01939037650193,0.0139050819178472,0.2339196527602211,1.0198620743716198,0.976177364469388,3099.14990234375,-0.0013373332965151
2022-10-14,2727.51513671875,3099.14990234375,0.0,3150.0,3071.0,3145.0,0.0,2245977,-0.0013373332965151,0.0111749163402723,-0.001675131718045,3042.602478027344,3175.039990234375,3081.0410148602214,64.1630154840851,-13.295312032796572,-29.52730091677828,16.231988883981707,0.0138595906310582,0.0930493322646063,1.0185852160197637,0.9760979111683492,3111.75,0.0040656625375625
2022-10-17,2745.691162109375,3111.75,8.0,3128.39990234375,3071.449951171875,3072.64990234375,0.0,1517005,0.0040656625375625,-0.0021805161763173,0.0342506898329917,3047.75498046875,3171.4389892578124,3083.965680111629,64.18469561686396,-9.576229959187458,-25.53708672526012,15.96085676607266,0.0118221971006435,-0.3245678829302348,1.0209974292360626,0.9811792093557564,3144.699951171875,0.0105888812314212
2022-10-18,2774.764892578125,3144.699951171875,0.0,3155.35009765625,3128.550048828125,3150.0,0.0,1793722,0.0105888812314212,0.02448238378535,0.0382659470665924,3053.5499755859373,3167.54298828125,3089.749896403081,65.02182882557805,-3.9248022586407374,-21.214629831936243,17.289827573295504,0.0119396831511427,0.1824100777518861,1.0298504941182265,0.9927884050212148,3121.85009765625,-0.00726614744504
2022-10-19,2754.60400390625,3121.85009765625,0.0,3159.0,3112.0,3159.0,0.0,1194289,-0.00726614744504,0.0068048367834394,0.026823026516596,3057.627478027344,3162.8809912109373,3092.8070584271923,60.0654082198154,-1.2750987593603895,-17.226723617421072,15.951624858060685,0.0121045758203877,-0.3341838924872416,1.0210040693611049,0.9870273672424904,3157.300048828125,0.0113554302938789
2022-10-20,2785.88330078125,3157.300048828125,0.0,3160.0,3105.0,3105.0,0.0,1587601,0.0113554302938789,0.0174008310992652,0.0520125617072924,3065.432482910156,3158.725991210937,3098.949247989186,68.81023862964473,3.643327138508539,-13.05271346623515,16.69604060474369,0.0118113254792124,0.3293273236209996,1.0299688759841008,0.9995485704088356,3137.39990234375,-0.0063029000020955
2022-10-21,2768.32421875,3137.39990234375,0.0,3160.39990234375,3127.0,3157.800048828125,0.0,1021913,-0.0063029000020955,0.0123420941888203,0.0432267088586015,3071.932482910156,3153.984990234375,3102.611215070573,65.16722459298322,5.867799251891938,-9.268610922609732,15.136410174501671,0.0119784564895704,-0.3563162280698991,1.0213114773185294,0.9947415450796446,3161.699951171875,0.0077452825857398
2022-10-24,2789.764892578125,3161.699951171875,0.0,3178.0,3155.0,3170.10009765625,0.0,260949,0.0077452825857398,0.0160520450459951,0.0602437582878088,3080.914978027344,3150.1339892578126,3108.238713746888,69.96496600290331,9.482215210182858,-5.518445696051215,15.000660906234073,0.0117682382038582,-0.7446465599322056,1.0262210978623814,1.0036715777657406,3162.10009765625,0.0001265605498796
2022-10-25,2790.11865234375,3162.10009765625,0.0,3184.25,3151.14990234375,3180.5,0.0,2069643,0.0001265605498796,0.0055331658837247,0.0560046088637791,3089.2999877929688,3144.9259912109374,3113.368369357303,60.53140446750837,12.237883669589792,-1.9671798229230133,14.205063492512805,0.0117818784371656,6.931216444592621,1.0235652446026424,1.0054608936723182,3157.39990234375,-0.0014864157260497
2022-10-27,2785.9716796875,3157.39990234375,0.0,3174.0,3134.35009765625,3160.699951171875,0.0,2438421,-0.0014864157260497,0.0113874156591275,0.0463802062789884,3096.2974853515625,3140.04298828125,3117.5618486893454,58.382438153023976,13.882475757648535,1.2027512931912965,12.67972446445724,0.0117596393701836,0.1781843535334354,1.0197340266176813,1.005527603961881,3163.25,0.0018528212571069
2022-10-28,2791.133544921875,3163.25,0.0,3178.5,3145.0,3150.0,0.0,1355739,0.0018528212571069,0.001884506090602,0.0420338648266827,3102.677490234375,3135.4539892578123,3121.9131011951217,66.41626458890266,15.47944343730842,4.058089722014721,11.421353715293698,0.0117275740465907,-0.4440094635011755,1.0195226574325806,1.0088650673355175,3193.14990234375,0.0094522729293449
2022-10-31,2817.515869140625,3193.14990234375,0.0,3199.0,3177.800048828125,3199.0,0.0,1919414,0.0094522729293449,0.0177694912141588,0.0653420913238891,3112.4699829101564,3131.2949853515624,3128.697558447372,63.5242400717372,18.939402422442527,7.034352262100283,11.905050160342244,0.0112966139945043,0.4157695544643917,1.0259215092439729,1.0197537815126168,3259.699951171875,0.0208415047409074
2022-11-01,2876.2373046875,3259.699951171875,0.0,3262.60009765625,3203.449951171875,3214.5,0.0,2991060,0.0208415047409074,0.0309959836522997,0.0849211689594808,3125.227478027344,3128.863984375,3141.1739768020866,82.41000895499532,26.743198657227826,10.976121541125792,15.76707711610203,0.0119587002806756,0.558319362055294,1.0430280592660766,1.0418158051772934,3241.699951171875,-0.0055219806330729
2022-11-02,2860.354736328125,3241.699951171875,0.0,3270.0,3222.050048828125,3270.0,0.0,1405955,-0.0055219806330729,0.025173097326876,0.0860148425266564,3138.064978027344,3125.9829833984377,3150.7478791230187,75.15610062597113,31.11662079380085,15.004221391660804,16.112399402140046,0.011913662777632,-0.5299475771131305,1.0330251202158591,1.0370177855695282,3206.75,-0.0107813652399385
2022-11-03,2829.51611328125,3206.75,0.0,3228.050048828125,3195.0,3228.050048828125,0.0,1422652,-0.0107813652399385,0.0156299801047112,0.037397118000845,3143.8449829101564,3123.026982421875,3156.081414444636,66.54931585282694,31.400455470638008,18.283468207456245,13.116987263181764,0.0098120221459002,0.0118759135249705,1.0200089436444206,1.026808291458692,3217.39990234375,0.0033210890601855
2022-11-04,2838.912841796875,3217.39990234375,0.0,3220.050048828125,3166.14990234375,3217.0,0.0,1464013,0.0033210890601855,0.0171184390559551,0.0372185086765373,3149.61748046875,3121.682978515625,3161.9212704350275,68.53156110588218,32.11455797739791,21.04968616144458,11.064871815953328,0.0098106052837749,0.0290731675771727,1.0215208425452706,1.0306619616683943,3233.699951171875,0.0050662178538176
2022-11-07,2853.2958984375,3233.699951171875,0.0,3242.800048828125,3195.10009765625,3229.0,0.0,1474498,0.0050662178538176,0.0126990746029058,0.0550752240551291,3158.057482910156,3121.2499755859376,3168.757335267108,68.89230967068461,33.60835092508114,23.56141911417189,10.046931810909246,0.009272142404214,0.0071618216504908,1.0239522138754784,1.0360272251391296,3216.050048828125,-0.0054581138047002
2022-11-09,2837.722412109375,3216.050048828125,0.0,3249.800048828125,3201.64990234375,3249.800048828125,0.0,1162267,-0.0054581138047002,-0.0133907730765396,0.0312645295003806,3162.932482910156,3121.2069775390623,3173.2614032253,61.603521276629536,32.98773095723982,25.44668148278548,7.54104947445434,0.0087528520858076,-0.2117541020740618,1.0167937716675812,1.030386665149596,3205.64990234375,-0.0032338260681498
2022-11-10,2828.545654296875,3205.64990234375,0.0,3225.0,3170.0,3170.0,0.0,1573092,-0.0032338260681498,-0.0111207235003637,0.0443386982947497,3169.7374755859373,3120.8759765625,3176.346022188962,64.20333321747017,31.29592036878421,26.616529259985228,4.679391108798981,0.0078541813150243,0.3534686952309581,1.011329779527301,1.0271635035861388,3315.949951171875,0.0344080146579579
2022-11-11,2925.8701171875,3315.949951171875,0.0,3341.60009765625,3255.050048828125,3269.60009765625,0.0,3265394,0.0344080146579579,0.0340531538697668,0.0694025481486333,3180.497473144532,3124.543974609375,3189.6416344730487,71.44783709637812,38.41264337131133,28.97575208225045,9.43689128906088,0.0105545649004365,1.0757806917840786,1.0425884564194994,1.061258851889396,3335.5,0.0058957611290892
2022-11-14,2943.120361328125,3335.5,0.0,3349.0,3309.0,3324.0,0.0,1342074,0.0058957611290892,0.0367066890162515,0.0748235579925824,3192.107470703125,3127.0309765625,3203.5329073803773,76.80647305470725,45.11022063455175,32.20264579271071,12.90757484184104,0.0105499934709976,-0.5890008985133187,1.044920959150943,1.0666667599393809,3332.60009765625,-0.0008694055894917
2022-11-15,2940.561279296875,3332.60009765625,0.0,3339.949951171875,3292.0,3321.0,0.0,1400708,-0.0008694055894917,0.030584206320235,0.0753271712142584,3203.77998046875,3131.048979492188,3215.825020739984,74.54754074675678,49.61220239873364,35.684557113915304,13.92764528481834,0.0105388253621827,0.0436890961303177,1.040208790233046,1.0643717551159968,3355.35009765625,0.0068265016303634
2022-11-16,2960.63525390625,3355.35009765625,0.0,3367.89990234375,3321.449951171875,3338.89990234375,0.0,1748235,0.0068265016303634,0.043314017727704,0.0782839552201333,3215.9599853515624,3135.5479833984373,3229.113123303438,76.08312837262517,54.38882967951713,39.42541162703567,14.963418052481458,0.0105620610772972,0.248108099618193,1.0433432359045505,1.0701000639829412,3349.0,-0.0018925290868113
2022-11-17,2955.031494140625,3349.0,0.0,3360.0,3317.75,3340.0,0.0,1417986,-0.0018925290868113,0.0447179517487053,0.0649664680256671,3226.1749877929688,3139.8599853515625,3240.530921084063,75.74577363229453,57.00482526106271,42.94129435384108,14.063530907221626,0.0105101741098419,-0.1889042377025971,1.0380714042703107,1.0666080703038163,3343.449951171875,-0.0016572256877053
2022-11-18,2950.1357421875,3343.449951171875,0.0,3362.75,3321.0,3350.0,0.0,1164540,-0.0016572256877053,0.0082932494171938,0.0709835022770608,3237.25498046875,3144.1879833984376,3250.332733473378,74.23344909983827,57.96202787272432,45.94544105761773,12.016586815106592,0.0102885901346797,-0.1787366024770343,1.0328040180164455,1.063374699230948,3283.5,-0.0179305663453591
2022-11-21,2897.2373046875,3283.5,0.0,3333.699951171875,3273.0,3322.5,0.0,1304194,-0.0179305663453591,-0.0155898665867186,0.039970845095548,3243.564978027344,3146.8659814453126,3253.491520761628,61.24176629335265,53.26910472145255,47.41017379038469,5.85893093106786,0.0111568009570178,0.1199220292991224,1.0123120770643366,1.043419077698356,3314.949951171875,0.0095781791295492
2022-11-22,2924.988037109375,3314.949951171875,0.0,3318.949951171875,3255.25,3280.0,0.0,1149739,0.0095781791295492,-0.0052962089561204,0.0565914624704007,3252.44248046875,3149.771982421875,3259.344704610223,57.53237900477165,51.4940857679685,48.22695618590146,3.2671295820670423,0.0110982507415965,-0.1184294667817824,1.0192186244886692,1.0524412464368276,3308.300048828125,-0.0020060340100758
2022-11-23,2919.11962890625,3308.300048828125,0.0,3330.0,3291.0,3330.0,0.0,1150011,-0.0020060340100758,-0.0140223963099975,0.0463674921467209,3259.7724853515624,3151.5849853515624,3264.007118345261,59.36974056788471,48.98609767422158,48.37878448356548,0.6073131906561002,0.0110844027457472,0.0002365754314674,1.0148867946136213,1.0497257932770234,3380.14990234375,0.0217180583547964
2022-11-24,2982.517578125,3380.14990234375,0.0,3392.949951171875,3308.300048828125,3316.25,0.0,1296591,0.0217180583547964,0.0093012548055388,0.0689572745812565,3270.6749755859373,3154.328984375,3275.0683358689266,72.10043189823631,52.19451585644447,49.14193075814128,3.05258509830319,0.0118816437578213,0.1274596503859528,1.033471661835857,1.0715907944565568,3389.64990234375,0.0028105262412807
2022-11-25,2990.900146484375,3389.64990234375,0.0,3403.35009765625,3348.0,3383.0,0.0,1588981,0.0028105262412807,0.0138180477789662,0.0735573595943928,3282.287475585937,3157.53498046875,3285.980866009386,72.01841275785662,54.87125926580484,50.287796459674,4.583462806130839,0.0118272435502517,0.2255067326550932,1.0327096354467389,1.0735114332258455,3395.25,0.00165211683141
2022-11-28,2995.841552734375,3395.25,0.0,3417.0,3365.550048828125,3366.0,0.0,2195437,0.00165211683141,0.0340338053905893,0.0733422903659211,3293.8874755859374,3163.031982421875,3296.387450198968,71.2314455988906,56.789840846675816,51.58820533707437,5.201635509601445,0.0118289078080537,0.3816634686003168,1.03077291655084,1.0734162723831582,3397.35009765625,0.0006185399178999
2022-11-29,2997.694091796875,3397.35009765625,0.0,3429.0,3383.0,3383.0,0.0,1576028,0.0006185399178999,0.0248571313890411,0.0639494547883952,3304.0974853515627,3168.891982421875,3306.002940432995,74.84241929947927,57.81335453820839,52.83323517730118,4.98011936090721,0.011764062211287,-0.2821347185093446,1.0282233235302878,1.072094005255355,3390.800048828125,-0.0019279875902821
2022-11-30,2991.91455078125,3390.800048828125,0.0,3414.89990234375,3375.0,3383.0,0.0,3410702,-0.0019279875902821,0.024937278596971,0.0402184555695437,3310.652490234375,3176.533984375,3314.0788555182453,75.64050982479083,57.43390006479285,53.75336815479951,3.680531909993341,0.0110435068879433,1.164112566528006,1.0242089916806931,1.0674527851762563,3475.64990234375,0.025023549691451
2022-12-01,3066.783203125,3475.64990234375,0.0,3480.0,3420.0,3425.0,0.0,2180856,0.025023549691451,0.0282531848465601,0.0721689097374056,3322.349987792969,3185.4709814453126,3329.466574263532,73.79320930848374,63.25073857758207,55.65284223935602,7.59789633822605,0.0120135723785146,-0.3605844192779082,1.0461420124652845,1.091094510855276,3439.14990234375,-0.0105016330831787
2022-12-02,3034.5771484375,3439.14990234375,0.0,3468.89990234375,3413.0,3458.10009765625,0.0,2411749,-0.0105016330831787,0.0146032780452558,0.0724720986493334,3333.9699829101564,3193.447978515625,3339.9126055092665,64.70003684098268,64.17560363942403,57.35739451936963,6.818209120054398,0.0119961494634468,0.1058726481711768,1.0315479503333094,1.07693938510385,3425.89990234375,-0.0038526962697875
2022-12-05,3022.8857421875,3425.89990234375,0.0,3439.14990234375,3407.0,3433.0,0.0,1475065,-0.0038526962697875,0.0090272888134157,0.0648038808753974,3344.394982910156,3201.9419775390625,3348.101871874456,62.85475748063491,63.11188705095992,58.50829302568769,4.60359402527223,0.0121107505967845,-0.3883836999621436,1.0243706021119168,1.0699444044819375,3385.35009765625,-0.011836249115089
2022-12-06,2987.105712890625,3385.35009765625,0.0,3407.949951171875,3368.0,3400.050048828125,0.0,1166999,-0.011836249115089,-0.0035321646739553,0.0468967896756833,3351.977490234375,3209.5009814453124,3351.649321948912,53.94011335521429,58.32452482508643,58.47153938556744,-0.1470145604810113,0.0125562077793317,-0.2088491015650157,1.009956095325551,1.0547901736835577,3380.60009765625,-0.0014031045129685
2022-12-07,2982.9150390625,3380.60009765625,0.0,3393.699951171875,3354.0,3368.300048828125,0.0,1167505,-0.0014031045129685,-0.0030081252285578,0.0511652637023121,3360.2049926757813,3217.471982421875,3354.4065386829443,54.1677829355123,53.53015812589683,57.48326313363332,-3.9531050077364815,0.0124555160457019,0.0004335907742851,1.0060696014156647,1.0507007104104087,3350.550048828125,-0.0088889688102885
2022-12-08,2956.3994140625,3350.550048828125,0.0,3380.60009765625,3339.449951171875,3360.0,0.0,1285619,-0.0088889688102885,-0.0359932263117944,0.0452014882780662,3367.45,3224.5949853515626,3354.0392539348663,50.87959669575064,46.76670273567424,55.33995105404151,-8.573248318367263,0.0126567925621855,0.1011678750840467,0.9949813802218668,1.0390607391156848,3292.75,-0.0172509134278835
2022-12-09,2905.39892578125,3292.75,0.0,3374.10009765625,3276.35009765625,3374.10009765625,0.0,1797896,-0.0172509134278835,-0.0425686307665681,-0.0069964720558209,3366.290002441406,3230.100986328125,3348.2021821315457,51.15207457347577,36.32391524153945,51.5367438915411,-15.212828650001647,0.0109071684699945,0.3984671975134157,0.9781539907767688,1.0193953730663672,3286.449951171875,-0.0019133091877989
2022-12-12,2899.840576171875,3286.449951171875,0.0,3296.0,3236.10009765625,3255.5,0.0,1527610,-0.0019133091877989,-0.040704619267035,-0.0147054561019712,3363.8375,3235.1169873046874,3342.321017278244,46.21312585802856,27.225728378175063,46.67454078886789,-19.44881241069283,0.0108132693859074,-0.1503346133480468,0.9769942665696172,1.0158674211994896,3332.10009765625,0.013890412804886
2022-12-13,2940.120361328125,3332.10009765625,0.0,3336.449951171875,3267.800048828125,3277.199951171875,0.0,1378016,0.013890412804886,-0.0157295400664368,-0.000150033002865,3363.8125,3241.81298828125,3341.3475963618635,52.86540404886574,23.428861713287915,42.025404973751904,-18.59654326046399,0.0112930574695302,-0.0979268268733511,0.9905724821630962,1.02785080746526,3365.35009765625,0.0099786918236302
2022-12-14,2969.458740234375,3365.35009765625,0.0,3377.0,3340.89990234375,3348.800048828125,0.0,1213311,0.0099786918236302,-0.0045110334140299,0.0029803149325564,3364.3125,3249.028989257813,3343.6335488660907,48.035599015920006,22.839534705604365,38.1882309201224,-15.348696214518036,0.0114139182403673,-0.1195232856512551,1.0003084129837077,1.0358018068730772,3305.10009765625,-0.0179030407689114
2022-12-15,2916.29638671875,3305.10009765625,0.0,3364.75,3298.949951171875,3358.800048828125,0.0,1415694,-0.0179030407689114,-0.0135649223290281,-0.0131083614045237,3362.1175048828127,3255.4319921875,3339.9636963699154,40.10998174586312,17.31126386248252,34.01283750859442,-16.701573646111903,0.0121094396346869,0.1668022460852988,0.983041221151921,1.0152569937224754,3240.25,-0.019621220459325
2022-12-16,2859.075439453125,3240.25,0.0,3292.0,3225.199951171875,3275.0,0.0,2703680,-0.019621220459325,-0.0159441196568218,-0.030866306563286,3356.9575073242186,3258.413994140625,3330.467153858495,34.07643951113707,7.609491008684017,28.732168208612343,-21.12267719992833,0.0128371217299488,0.9097912401973872,0.9652341422047834,0.9944255106400574,3202.050048828125,-0.0117891987259856
2022-12-19,2825.368896484375,3202.050048828125,0.0,3245.5,3194.5,3227.0,0.0,2120965,-0.0117891987259856,-0.0256811768314484,-0.0248058325481574,3352.885009765625,3260.41599609375,3318.236953379412,31.321726225361203,-3.125620477474968,22.36061047139488,-25.48623094886985,0.0124919269685561,-0.2155266155758078,0.9550133808650826,0.982098619521082,3243.949951171875,0.013085336489067
2022-12-20,2862.340087890625,3243.949951171875,0.0,3249.0,3163.64990234375,3198.89990234375,0.0,1529971,0.013085336489067,-0.026454831457908,-0.0214181212524492,3349.335009765625,3263.9969970703123,3311.162000788218,36.84492310760911,-8.158258401004332,16.256836696915038,-24.41509509791937,0.0126741997847261,-0.2786439191594392,0.9685355277132686,0.9938581297971686,3268.550048828125,0.0075833776804612
2022-12-21,2884.0458984375,3268.550048828125,0.0,3283.050048828125,3240.0,3249.0,0.0,1432566,0.0075833776804612,-0.0287637381012869,-0.012015234233086,3347.347509765625,3266.9969970703123,3307.1037196491616,29.20267196365204,-10.045835782746964,10.996302200982637,-21.0421379837296,0.0128149752150158,-0.0636646054075534,0.976459730963811,1.000475375936741,3259.699951171875,-0.0027076524832235
2022-12-22,2876.2373046875,3259.699951171875,0.0,3294.0,3245.10009765625,3294.0,0.0,1384101,-0.0027076524832235,-0.0137363907727241,-0.0356344998452159,3341.3250122070312,3270.799995117188,3302.5890750322774,30.91973864895945,-12.11621518794118,6.373798723197874,-18.49001391113905,0.0116987630386242,-0.0338309020317388,0.9755710501860936,0.9966063214009164,3228.35009765625,-0.0096174046646086
2022-12-23,2848.5751953125,3228.35009765625,0.0,3266.85009765625,3217.0,3217.0,0.0,1360281,-0.0096174046646086,-0.0036725259914358,-0.0475859777070104,3333.2600219726564,3273.3519970703123,3295.5186962345606,29.773751900981964,-16.10107380365116,1.878824217828067,-17.97989802147923,0.0117737284371047,-0.0172097267468197,0.9685263304918168,0.9862520439432302,3252.89990234375,0.0076044431195125
2022-12-26,2870.237548828125,3252.89990234375,0.0,3272.0,3225.050048828125,3228.35009765625,0.0,870157,0.0076044431195125,0.0158804055964818,-0.0419262492176569,3326.142517089844,3276.343994140625,3291.4597634830548,35.97965831173704,-17.08123703116007,-1.9131880319695609,-15.16804899919051,0.0119545684472492,-0.360310847538119,0.9779797124236947,0.9928444351878796,3259.5,0.0020289888574482
2022-12-27,2876.060302734375,3259.5,0.0,3273.800048828125,3231.5,3269.199951171875,0.0,835883,0.0020289888574482,0.0047935538655605,-0.0405757704368912,3319.2500122070314,3279.55099609375,3288.4159764846686,37.23112106939934,-17.128009695163655,-4.95615236460838,-12.171857330555277,0.0119754145452542,-0.0393882942963166,0.9819989419334814,0.9938860544880588,3257.10009765625,-0.0007362792893849
2022-12-28,2873.94287109375,3257.10009765625,0.0,3266.10009765625,3226.0,3249.800048828125,0.0,910795,-0.0007362792893849,-0.0035030674154676,-0.039430207988254,3312.5650146484377,3282.457998046875,3285.433511834344,39.53645269806662,-17.16090915227278,-7.39710372214126,-9.76380543013152,0.0119787608684522,0.0896201980420704,0.9832562027471408,0.9922747220510624,3268.75,0.0035767713593244
2022-12-29,2884.222900390625,3268.75,0.0,3271.5,3228.0,3231.10009765625,0.0,1037927,0.0035767713593244,0.0027763441309593,-0.0595284071057417,3302.22001953125,3284.9389990234376,3283.844605945358,47.0029962720376,-16.06178222483959,-9.130039422680928,-6.931742802158663,0.0102768760304222,0.1395835506343359,0.9898643884013516,0.9950717504866148,3256.699951171875,-0.0036864394120459
2022-12-30,2873.58984375,3256.699951171875,0.0,3299.0,3246.199951171875,3286.050048828125,0.0,1163131,-0.0036864394120459,0.0087815300875226,-0.0530508865134191,3293.097521972656,3287.63599609375,3281.259400728836,46.33755913416167,-15.978860097329743,-10.49980355761069,-5.479056539719053,0.0101274257437963,0.120628907427979,0.9889473146307012,0.9905901854832372,3261.449951171875,0.001458531664328
2023-01-02,2877.781494140625,3261.449951171875,0.0,3266.85009765625,3235.199951171875,3261.0,0.0,709547,0.001458531664328,0.0026284389574866,-0.0480019719955537,3284.8750244140624,3289.718994140625,3279.3727864853163,40.32851557721834,-15.352879967829267,-11.470418839654403,-3.882461128174862,0.0101644294235845,-0.3899681119323618,0.9928688083814192,0.9914068517648162,3311.35009765625,0.0152999884197042
2023-01-03,2921.811279296875,3311.35009765625,0.0,3320.0,3245.300048828125,3252.0,0.0,1245178,0.0152999884197042,0.0159073777132228,-0.021858891359931,3281.1750244140626,3293.197998046875,3282.418244692072,42.9300846021958,-10.706839634363403,-11.317702998596204,0.6108633642328005,0.0106396092795199,0.7548915011972428,1.009196422933146,1.0055119976448852,3314.64990234375,0.0009965133828149
2023-01-04,2924.722900390625,3314.64990234375,0.0,3327.35009765625,3286.199951171875,3306.699951171875,0.0,1231668,0.0009965133828149,0.0176690316422611,-0.0195084285059989,3277.8775146484377,3296.2569970703125,3285.487926373184,51.469428111621845,-6.681531994789566,-10.390468797834878,3.708936803045312,0.0106489502566131,-0.0108498543983269,1.011218353196842,1.0055799366644609,3311.10009765625,-0.0010709440791891
2023-01-05,2921.59033203125,3311.10009765625,0.0,3337.300048828125,3281.949951171875,3330.199951171875,0.0,1826057,-0.0010709440791891,0.0129560528202676,-0.0117741715828637,3275.905017089844,3299.236997070313,3287.927180781094,63.4364223619049,-3.7348334260946094,-9.059341723486824,5.324508297392214,0.010483646877854,0.4825886521367771,1.0107436205820377,1.003595710340443,3211.550048828125,-0.0300655509927323
2023-01-06,2833.751220703125,3211.550048828125,0.0,3301.550048828125,3200.0,3300.0,0.0,2488376,-0.0300655509927323,-0.0138636973073014,-0.0246602235735706,3271.84501953125,3300.32,3280.653168214145,51.46154065736277,-9.324918688465004,-9.11245711648246,-0.2124615719825442,0.0118599979987476,0.3627044500801453,0.9815715688416796,0.973102623026896,3319.949951171875,0.0337531412232869
2023-01-09,2929.39990234375,3319.949951171875,0.0,3327.0,3221.14990234375,3229.0,0.0,2885060,0.0337531412232869,0.0179368075168471,0.0101933698969169,3273.52001953125,3303.453999023437,3284.395718972024,59.70627008784085,-4.951062582405029,-8.280178209666975,3.3291156272619453,0.0141955178339992,0.1594148151244024,1.0141834879162503,1.004993546800807,3286.39990234375,-0.0101055887352405
2023-01-10,2899.7958984375,3286.39990234375,0.0,3298.0,3230.10009765625,3285.0,0.0,3864655,-0.0101055887352405,-0.0075347500495823,-0.0137151327910721,3271.235009765625,3305.3189990234373,3284.586593578855,52.2287273638447,-4.144187048762433,-7.452979977486066,3.308792928723633,0.0140264154046663,0.3395405988090369,1.0046358309729668,0.9942761661778252,3328.699951171875,0.0128712421144967
2023-01-11,2937.11962890625,3328.699951171875,0.0,3349.5,3271.14990234375,3290.10009765625,0.0,2720512,0.0128712421144967,0.0042387730958224,-0.010890440941018,3269.4025024414063,3306.6989990234374,3288.7878657305714,57.951151553071824,-0.0904295355589965,-5.980469889100653,5.890040353541656,0.0141555187041463,-0.2960530758890509,1.0181370903968503,1.006653448697609,3334.35009765625,0.0016974033608483
2023-01-12,2942.10546875,3334.35009765625,0.0,3350.0,3315.550048828125,3329.0,0.0,2250391,0.0016974033608483,0.0070218354366444,0.0088499588925436,3270.8650024414064,3308.552001953125,3293.1271259139694,62.98384077378638,3.537345780211581,-4.076906755238206,7.614252535449787,0.0135492813903063,-0.1728060747388727,1.0194092679359918,1.0077973976796786,3374.550048828125,0.0120563078244639
2023-01-13,2977.576416015625,3374.550048828125,0.0,3379.0,3305.0,3342.89990234375,0.0,1742837,0.0120563078244639,0.0507543078954904,0.0414474342498649,3277.5800048828123,3311.9080029296874,3300.881690001032,64.35061796947045,9.546141966902724,-1.3522970108100203,10.898438977712743,0.0129061988151236,-0.2255403616527083,1.0295858663406692,1.0189141865785598,3334.050048828125,-0.0120016000397044
2023-01-16,3008.709716796875,3334.050048828125,75.0,3353.0,3298.050048828125,3317.0,0.0,1843607,-0.0120016000397044,0.0042470813908723,0.0412235905083084,3284.1800048828127,3314.241005859375,3304.0405813178977,58.1431008836002,10.914331093605142,1.1010286100730122,9.81330248353213,0.0129183210670682,0.0578195207010179,1.0151849301412124,1.0059769470396778,3378.39990234375,0.013302095909212
2023-01-17,3048.732177734375,3378.39990234375,0.0,3381.800048828125,3321.0,3330.0,0.0,1688475,0.013302095909212,0.0279941585728471,0.0414463703804386,3290.9025024414063,3317.1350048828126,3311.122421415598,62.13726994239705,15.399774352596978,3.9607777585778057,11.438996594019171,0.0129281087153811,-0.0841459161307155,1.026587660934176,1.0184692203877008,3390.0,0.0034336070304177
2023-01-18,3059.2001953125,3390.0,0.0,3408.949951171875,3372.25,3380.0,0.0,2421189,0.0034336070304177,0.0184156126197387,0.0371571337007425,3296.975,3320.61400390625,3318.6345717569698,62.13349581689523,19.663878435751485,7.101397894012542,12.562480541738942,0.0128688371946441,0.4339501621285479,1.028215257925826,1.0208955319745463,3373.10009765625,-0.0049852219303097
2023-01-19,3043.949462890625,3373.10009765625,0.0,3387.0,3361.0,3380.0,0.0,1585044,-0.0049852219303097,0.0116214551157174,0.0347885229263531,3302.6450073242186,3323.9630078125,3323.821764699758,61.53619453056985,21.43247058247425,9.967612431704884,11.464858150769368,0.0129217663028286,-0.3453447872099204,1.0213329286604478,1.0147826825173023,3363.10009765625,-0.002964631855114
2023-01-20,3034.925537109375,3363.10009765625,0.0,3394.64990234375,3355.60009765625,3365.0,0.0,1529349,-0.002964631855114,-0.0033930304799749,0.0417395870719929,3309.3825073242188,3324.9060107421874,3327.5625583146625,59.97059295428258,21.77615422355393,12.329320790074693,9.446833433479238,0.0126963046026983,-0.0351378258269171,1.01623190737642,1.0114872681485323,3414.89990234375,0.0154023975449315
2023-01-23,3081.670166015625,3414.89990234375,0.0,3419.0,3355.60009765625,3388.0,0.0,1067916,0.0154023975449315,0.0242497420049356,0.0498017168875308,3317.4825073242187,3326.4940087890627,3335.880400603147,60.1192146264093,25.92943888353284,15.049344408766324,10.880094474766516,0.0129898350346671,-0.3017185743738022,1.0293648556712678,1.0265762972430152,3436.300048828125,0.006266698028158
2023-01-24,3100.982177734375,3436.300048828125,0.0,3451.949951171875,3417.300048828125,3425.0,0.0,1387863,0.006266698028158,0.0171383341694413,0.0542414630551082,3326.322509765625,3328.5680078125,3345.444176624573,61.481850169711805,30.59507884798495,18.15849129661005,12.4365875513749,0.013016059378458,0.2995994066949086,1.0330628009580012,1.032365882494444,3429.75,-0.001906134137023
2023-01-25,3095.071533203125,3429.75,0.0,3435.0,3405.0,3425.300048828125,0.0,874110,-0.001906134137023,0.0117256637168141,0.0530072448396614,3334.9550048828123,3330.056005859375,3353.473302660328,61.13560791588456,33.37932188970808,21.20265741522966,12.176664474478422,0.0130350470329366,-0.3701755864952088,1.0284246698916164,1.0299376328702008,3411.050048828125,-0.0054522782044974
2023-01-27,3078.19580078125,3411.050048828125,0.0,3446.0,3382.300048828125,3426.0,0.0,1785879,-0.0054522782044974,0.0112507634144163,0.0435334757409178,3342.0700073242188,3331.2970068359373,3358.9568022953563,72.07347235143291,33.6885837589457,23.699842683972868,9.988741074972827,0.0131576375150236,1.0430826783814393,1.0206399151881125,1.0239405378231157,3433.64990234375,0.0066254828255567
2023-01-30,3098.5908203125,3433.64990234375,0.0,3458.449951171875,3385.550048828125,3420.0,0.0,1953798,0.0066254828255567,0.0209776107278716,0.0543341277443143,3350.9175048828124,3333.101005859375,3366.070430871394,65.528543658243,35.34980477729914,26.029835102638124,9.319969674661015,0.0131161895471301,0.0940259670447997,1.024689476043616,1.0301667715162597,3358.699951171875,-0.0218280702178504
2023-01-31,3030.9541015625,3358.699951171875,0.0,3449.0,3351.0,3449.0,0.0,2820375,-0.0218280702178504,-0.0164572762830627,0.0298180261711686,3355.7800048828126,3334.6050048828124,3365.3684804238205,58.87117695023542,30.269570954294977,26.877782272969498,3.39178868132548,0.0142220172363809,0.4435345926242119,1.0008701244672815,1.007225727261184,3408.35009765625,0.0147825489642359
2023-02-01,3075.759765625,3408.35009765625,0.0,3419.0,3355.0,3363.0,0.0,2205161,0.0147825489642359,-0.008133734183488,0.0292931877147801,3360.6300048828125,3336.4730078125,3369.46196777929,59.59987641424767,29.90507385007595,27.48324058839079,2.421833261685162,0.0141961657238905,-0.2181319859947702,1.0141997460904957,1.0215428357056828,3460.39990234375,0.0152712612249814
2023-02-02,3122.730224609375,3460.39990234375,0.0,3469.0,3420.10009765625,3427.0,0.0,1813847,0.0152712612249814,0.0089364829342517,0.0439714613289752,3367.9175048828124,3339.5150048828127,3378.122723452096,63.66394993219632,33.43082180503188,28.67275683171901,4.758064973312873,0.0145224770446566,-0.1774537097291308,1.0274598167344824,1.036198339364904,3482.300048828125,0.0063287906318405
2023-02-03,3142.493896484375,3482.300048828125,0.0,3504.0,3452.89990234375,3504.0,0.0,1804469,0.0063287906318405,0.0208879960657504,0.0517048552210965,3376.477502441406,3341.5580078125,3388.044373487908,62.16278036643991,37.55920215248307,30.450045895871824,7.109156256611243,0.014527566735683,-0.0051702265957382,1.0313411080957011,1.042118688553834,3459.949951171875,-0.006418199851495
2023-02-06,3122.32470703125,3459.949951171875,0.0,3473.14990234375,3436.85009765625,3473.14990234375,0.0,1138714,-0.006418199851495,0.0076595021554681,0.0773457983114382,3388.897497558594,3342.9640087890625,3394.892523743524,64.81873354866147,38.58274931078586,32.07658657885463,6.5061627319312265,0.0125554433337609,-0.3689478733078817,1.0209662445277463,1.03499467600466,3472.550048828125,0.0036416993985657
2023-02-07,3133.69482421875,3472.550048828125,0.0,3493.0,3461.39990234375,3468.89990234375,0.0,1455647,0.0036416993985657,0.0338970730673715,0.0459645777498498,3396.5275024414063,3344.510009765625,3402.288478513486,61.97686487574328,39.950120267096736,33.65129331650306,6.298826950593679,0.0103949193760997,0.2783253740623194,1.0223824321552155,1.0382836465397431,3520.10009765625,0.0136931212392954
2023-02-08,3176.605224609375,3520.10009765625,0.0,3539.89990234375,3478.050048828125,3478.050048828125,0.0,1986946,0.0136931212392954,0.0327871247959077,0.0711113078922114,3408.212512207031,3346.965009765625,3413.5086327175586,65.16318154501748,44.35931656084176,35.7928979653708,8.566418595470964,0.0102612605476979,0.3649916497612402,1.032828817172778,1.05172898054968,3540.85009765625,0.0058947187364972
2023-02-09,3195.330322265625,3540.85009765625,0.0,3547.60009765625,3505.300048828125,3515.0,0.0,1655427,0.0058947187364972,0.0232488144673714,0.0637336346310477,3418.82001953125,3349.966010742188,3425.636391283148,69.37737809328387,48.96356645980632,38.4270316642579,10.536534795548413,0.0100418303854569,-0.1668485202919455,1.0356936245335695,1.056980902582881,3537.550048828125,-0.000931993373656
2023-02-10,3192.351806640625,3537.550048828125,0.0,3542.35009765625,3508.14990234375,3520.0,0.0,1187821,-0.000931993373656,0.0158659504423213,0.0609413964402556,3428.980017089844,3351.204013671875,3436.29483485886,70.46813225468073,51.749643636982,41.09155405880273,10.658089578179272,0.0100788827377632,-0.2824685111454628,1.0316624859862624,1.0556056970557497,3482.39990234375,-0.0155899268485669
2023-02-13,3142.583984375,3482.39990234375,0.0,3549.0,3473.39990234375,3549.0,0.0,1087939,-0.0155899268485669,0.0064885190504768,0.0319597729934626,3434.372509765625,3352.069013671875,3440.685793666945,57.8579654554198,48.94328622277317,42.66190049159682,6.28138573117635,0.01065247401667,-0.084088427465081,1.0139843282700287,1.038880729525646,3500.10009765625,0.0050827578132504
2023-02-14,3158.556884765625,3500.10009765625,0.0,3524.85009765625,3495.0,3505.0,0.0,1579818,0.0050827578132504,0.0079336650129555,0.0498043059930937,3442.675012207031,3353.553017578125,3446.344298808783,57.491776461960725,47.59879629385932,43.64927965204932,3.949516641810007,0.01017633214746,0.4521200177583486,1.0166803678086376,1.0436990497272527,3520.64990234375,0.0058712048553299
2023-02-15,3177.10107421875,3520.64990234375,0.0,3526.0,3460.14990234375,3487.0,0.0,1429449,0.0058712048553299,0.0001561900719431,0.0421057317404356,3449.787512207032,3356.259013671875,3453.4210229549703,60.3342248512564,47.64228522725989,44.44788076709143,3.1944044601684567,0.0098921946700691,-0.0951812170769038,1.0205410883673192,1.0489803939452294,3558.050048828125,0.0106230802612543
2023-02-16,3210.851806640625,3558.050048828125,0.0,3575.0,3527.0,3527.199951171875,0.0,1618931,0.0106230802612543,0.0048575767675846,0.0495722857900073,3458.1900146484377,3359.8080126953123,3463.385692085747,66.0305172793871,50.11691319688498,45.58168725305015,4.535225943834831,0.0100717900618212,0.1325559708670963,1.0288763872883484,1.0590039774248228,3501.14990234375,-0.0159919466290575
2023-02-17,3159.50439453125,3501.14990234375,0.0,3538.89990234375,3490.0,3526.14990234375,0.0,1061369,-0.0159919466290575,-0.0102896484804315,0.0379620530017694,3464.5925048828126,3362.820009765625,3466.98228353889,56.84860927257306,46.94554834587871,45.85445947161587,1.0910888742628373,0.0107766607618435,-0.3444013364374392,1.010551716373402,1.041135086676187,3487.300048828125,-0.0039558013515369
2023-02-20,3147.005859375,3487.300048828125,0.0,3522.0,3475.050048828125,3502.0,0.0,1296082,-0.0039558013515369,0.0014071176837207,0.0369301976050104,3470.8025024414064,3366.711010742188,3468.917308804532,64.89459045856742,42.821037161127606,45.24777500951822,-2.426737848390616,0.0108025539772184,0.2211417518318323,1.00475323685952,1.0358180543863649,3451.0,-0.0104092129498072
2023-02-21,3114.247802734375,3451.0,0.0,3508.89990234375,3444.75,3494.0,0.0,1139541,-0.0104092129498072,-0.0140281981332843,0.0105713487038003,3472.6075073242187,3370.00201171875,3467.2108984421952,55.09738766687442,36.20586311087527,43.43939262978964,-7.2335295189143665,0.0106414628317592,-0.1207801666869843,0.9937777283270148,1.0240349970117495,3401.550048828125,-0.0143291657988626
2023-02-22,3069.623291015625,3401.550048828125,0.0,3447.0,3395.0,3414.949951171875,0.0,1218430,-0.0143291657988626,-0.0338289397751075,-0.0101126209895002,3470.870007324219,3371.3910107421875,3460.9574841932363,42.922459429859984,26.66570656080285,40.08465541599228,-13.418948855189434,0.0110508503425509,0.0692287508742555,0.9800280741284418,1.0089455770599858,3413.800048828125,0.0036012993559275
2023-02-23,3080.677978515625,3413.800048828125,0.0,3452.39990234375,3408.0,3421.0,0.0,1441570,0.0036012993559275,-0.0405418692880696,-0.004650470492565,3470.072509765625,3372.360009765625,3456.46629987275,41.56612888874995,19.86455021461188,36.0406343757162,-16.17608416110432,0.0110812302534626,0.1831373160542665,0.9837834913307616,1.0122881421148688,3400.449951171875,-0.0039106267107918
2023-02-24,3068.630859375,3400.449951171875,0.0,3433.949951171875,3382.300048828125,3422.5,0.0,977592,-0.0039106267107918,-0.0287619650630965,-0.0031075761142501,3469.5425048828124,3374.267006835937,3451.1314095202856,42.50819539090723,13.244667221916645,31.48144094495629,-18.236773723039647,0.0110478971024572,-0.3218560319651491,0.9800859757118696,1.0077595946861624,3331.85009765625,-0.020173757738144
2023-02-27,3006.724853515625,3331.85009765625,0.0,3390.0,3316.0,3390.0,0.0,1128022,-0.020173757738144,-0.0445760184083134,-0.0296476948969122,3464.452514648437,3376.0990087890623,3439.7712845808533,34.47364323166293,2.434859842097921,25.67212472438462,-23.2372648822867,0.0117898595524043,0.1538781004754539,0.9617248565447164,0.986893479421777,3312.85009765625,-0.0057025374621041
2023-02-28,2989.5791015625,3312.85009765625,0.0,3392.0,3299.89990234375,3328.5,0.0,4116217,-0.0057025374621041,-0.0400318465209359,-0.01365107159978,3462.160021972656,3378.315009765625,3427.683552492796,25.591819928945952,-7.577779670205928,19.02214384546652,-26.59992351567244,0.0108347046093813,2.6490573765405285,0.95687376569286,0.9806220225407823,3385.699951171875,0.0219900844795737
2023-03-01,3055.31982421875,3385.699951171875,0.0,3389.0,3315.0,3323.0,0.0,1669307,0.0219900844795737,-0.0046596691004768,-0.0066454870642397,3461.0275146484373,3381.150009765625,3423.6851142717555,33.72494505365047,-9.524699467257506,13.312775182921708,-22.83747465017921,0.0114752964290095,-0.5944560260064035,0.978235491293338,1.0013456786575894,3321.449951171875,-0.0189768735938226
2023-03-02,2997.33935546875,3321.449951171875,0.0,3369.89990234375,3318.0,3361.0,0.0,1556538,-0.0189768735938226,-0.0270519937709742,-0.040154304442606,3454.080017089844,3382.2080078125,3413.948432071767,29.90140825881808,-16.066876522300845,7.436844841877199,-23.503721364178045,0.0115887509622169,-0.0675543803506485,0.9616019127345772,0.982035978715596,3342.14990234375,0.0062322032474315
2023-03-03,3016.019775390625,3342.14990234375,0.0,3358.0,3331.10009765625,3354.0,0.0,1043190,0.0062322032474315,-0.0171448042656924,-0.0402464303819938,3447.072509765625,3383.8570068359377,3407.110476859574,36.06280162763684,-19.35813735203056,2.0778484030956488,-21.435985755126204,0.0115851243800427,-0.329801135597075,0.9695618217706106,0.9876746847139424,3371.85009765625,0.0088865539189826
2023-03-06,3042.8212890625,3371.85009765625,0.0,3404.949951171875,3359.0,3361.89990234375,0.0,1334132,0.0088865539189826,0.0120053420254824,-0.0254627537273438,3442.667517089844,3386.7270068359376,3403.7523455068767,37.55216691136814,-19.346908605642057,-2.207102998651892,-17.139805606990166,0.0117809040722741,0.2788964618142428,0.9794294920778592,0.9956072901212116,3390.39990234375,0.0055013728814319
2023-03-08,3059.56103515625,3390.39990234375,0.0,3396.0,3330.85009765625,3364.0,0.0,1844590,0.0055013728814319,0.0234087877209911,-0.0236570086332083,3438.560009765625,3389.4770068359376,3402.4806842532453,37.308776694188296,-17.637877064532404,-5.293257811827995,-12.344619252704408,0.0118285612816932,0.3826143140258984,0.985994105880049,1.0002722825692434,3336.85009765625,-0.0157945393552192
2023-03-09,3011.23681640625,3336.85009765625,0.0,3385.0,3330.85009765625,3385.0,0.0,1648500,-0.0157945393552192,-0.0144282878637006,-0.052058178721114,3429.397509765625,3391.0240087890625,3396.2301521963886,29.104464875870093,-20.369670082158336,-8.308540265894063,-12.061129816264271,0.0117209742105006,-0.1063054662553738,0.9730135069364708,0.984024320974313,3331.0,-0.001753179640991
2023-03-10,3005.95751953125,3331.0,0.0,3337.25,3290.0,3312.89990234375,0.0,1024404,-0.001753179640991,0.0028752650103174,-0.0592654565622965,3418.9050048828126,3392.5020068359377,3390.0177567491137,32.21117866568653,-22.74450522145617,-11.195733257006484,-11.54877196444968,0.0115526535444078,-0.3785841674249318,0.9742885500599552,0.9818711951497714,3281.949951171875,-0.0147253223740994
2023-03-13,2961.693359375,3281.949951171875,0.0,3369.800048828125,3272.0,3333.0,0.0,1901233,-0.0147253223740994,-0.0180123432314207,-0.0722534223200381,3406.125,3392.766005859375,3379.7255847893766,30.00290049403497,-28.2587588100846,-14.608338367622109,-13.650420442462494,0.011831886101593,0.8559406249877978,0.963543601944108,0.9673375486266608,3214.949951171875,-0.0204146927883761
2023-03-14,2901.231689453125,3214.949951171875,0.0,3304.39990234375,3209.39990234375,3280.0,0.0,2670334,-0.0204146927883761,-0.0465323611489831,-0.076800470558213,3392.7525024414062,3391.931005859375,3364.0326673019954,28.310190471532906,-37.6017351680116,-19.20701772770001,-18.394717440311595,0.0121329330419589,0.4045274829544827,0.9475934212290504,0.9478229202239742,3198.89990234375,-0.0049923168546603
2023-03-15,2886.748046875,3198.89990234375,0.0,3260.35009765625,3192.0,3250.0,0.0,1780522,-0.0049923168546603,-0.0564830124810993,-0.0860547375528462,3377.692492675781,3390.6800048828127,3348.3057373059723,30.16150334292369,-45.773566863013,-24.52032755476261,-21.2532393082504,0.0119473171643385,-0.3332212374931376,0.9470666466175572,0.94343904400802,3185.0,-0.004345213282093
2023-03-16,2874.204345703125,3185.0,0.0,3219.800048828125,3172.0,3208.0,0.0,1901060,-0.004345213282093,-0.0455070180596086,-0.0953374836050306,3360.9099975585937,3388.153002929688,3332.752809943499,27.673672770345192,-52.76318713166938,-30.168899470143963,-22.59428766152542,0.0116999383699668,0.0676981244825955,0.9476600094360228,0.9400401921772648,3179.300048828125,-0.0017896236018445
2023-03-17,2869.06103515625,3179.300048828125,0.0,3221.39990234375,3144.0,3150.5,0.0,6739966,-0.0017896236018445,-0.0455418646568223,-0.1064487555830601,3341.9724975585937,3385.446005859375,3318.1382612658444,28.09310388526177,-58.09279242559023,-35.75367806123322,-22.339114364357016,0.0111475560471991,2.545372581612364,0.9513244202789504,0.9391081834787908,3143.300048828125,-0.0113232470817812
2023-03-20,2836.573486328125,3143.300048828125,0.0,3169.64990234375,3095.050048828125,3169.64990234375,0.0,2289468,-0.0113232470817812,-0.0422461964400897,-0.1022092351076062,3324.0800048828123,3382.0900048828125,3301.4870029384424,30.03280892485489,-64.4781778561487,-41.49857802021632,-22.97959983593239,0.0109648320307543,-0.6603146069282843,0.9456150406160092,0.9293957417721171,3106.10009765625,-0.0118346803022332
2023-03-21,2803.00341796875,3106.10009765625,0.0,3156.75,3097.449951171875,3143.300048828125,0.0,1815297,-0.0118346803022332,-0.0338574021894021,-0.109310912693037,3305.0200073242186,3379.981005859375,3282.8787262449,28.918102916047616,-71.71369613190745,-47.54160164255454,-24.172094489352915,0.0110544385195681,-0.2071096866171529,0.9398127971306848,0.918969690146679,3130.800048828125,0.007952078296032
2023-03-22,2825.29345703125,3130.800048828125,0.0,3143.5,3106.10009765625,3130.050048828125,0.0,1123939,0.007952078296032,-0.0212885228030205,-0.0927846859379527,3289.010009765625,3376.1980078125,3268.3950426813976,21.178191856452727,-74.5949329082423,-52.952267895692096,-21.642665012550204,0.0114009258358494,-0.3808511775208134,0.9518973914741068,0.9273152941810504,3124.64990234375,-0.0019644009162057
2023-03-23,2819.7431640625,3124.64990234375,0.0,3146.35009765625,3101.0,3114.89990234375,0.0,1372218,-0.0019644009162057,-0.0189482253237833,-0.0814041076890138,3275.165002441406,3372.9630078125,3254.705029315908,24.38165531347707,-76.49283741941508,-57.660381800436696,-18.832455618978383,0.011190012916848,0.2209007784230283,0.9540435062094712,0.9263813137311012,3120.5,-0.0013281175406681
2023-03-24,2815.998046875,3120.5,0.0,3170.0,3106.0,3148.89990234375,0.0,1329577,-0.0013281175406681,-0.0184946522583794,-0.0859160011227979,3260.5,3368.7990087890626,3241.9235979524874,19.847637038985468,-77.43913273713542,-61.61613198777644,-15.823000749358982,0.0110632437838086,-0.0310745085693381,0.9570618003373716,0.9262945019452749,3122.300048828125,0.0005768462836484
2023-03-27,2817.622802734375,3122.300048828125,0.0,3152.75,3106.0,3135.0,0.0,1524217,0.0005768462836484,-0.0066808766817628,-0.0817979697798207,3246.5925048828126,3364.5580078125,3230.5308789882624,13.263609604623326,-77.15444132470566,-64.72379385516228,-12.430647469543374,0.0111195513705963,0.1463924240566736,0.9617160281532856,0.9279970925090748,3115.89990234375,-0.0020498178856247
2023-03-28,2811.846923828125,3115.89990234375,0.0,3149.550048828125,3110.14990234375,3127.0,0.0,1303530,-0.0020498178856247,0.0031550189560518,-0.0648138988799068,3235.794995117188,3359.3850048828126,3219.613643117357,8.091603053435108,-76.5626926006189,-67.09157360425361,-9.471118996365291,0.010468612526672,-0.1447871267673828,0.9629472531620948,0.9275209295197898,3138.89990234375,0.0073814951445325
2023-03-29,2832.6025390625,3138.89990234375,0.0,3150.0,3104.10009765625,3129.0,0.0,1740616,0.0073814951445325,0.0025871513317041,-0.0525077169762571,3227.0974853515627,3355.482001953125,3211.926620186537,16.669462011266887,-73.39180465324989,-68.35161981405287,-5.040184839197025,0.0107159951989453,0.3353095057267573,0.972669687417824,0.9354542508398768,3205.89990234375,0.0213450578497174
2023-03-31,2893.06494140625,3205.89990234375,0.0,3213.0,3152.0,3189.949951171875,0.0,2382581,0.0213450578497174,0.0260029131388626,-0.053105724494544,3218.107482910156,3352.032001953125,3211.352647058653,32.53280319175772,-64.72638754743957,-67.62657336073022,2.900185813290648,0.0106386620892784,0.3688148333693359,0.9962065963827388,0.956404921097344,3200.0,-0.0018403264367164
2023-04-03,2887.74072265625,3200.0,0.0,3224.949951171875,3173.75,3224.949951171875,0.0,1521830,-0.0018403264367164,0.025476686428457,-0.0365653413290255,3212.0349853515627,3348.232001953125,3210.271442576876,36.9900041471743,-57.67026792162005,-65.6353122729082,7.965044351288142,0.0099222259637299,-0.3612683052538403,0.99625315869645,0.9557282763360913,3239.800048828125,0.012437515258789
2023-04-05,2923.656982421875,3239.800048828125,0.0,3264.35009765625,3185.5,3185.5,0.0,2655065,0.012437515258789,0.037632513904005,-0.0306239565867019,3206.917492675781,3345.5660009765625,3213.0836907912803,54.31800133036489,-48.30982536898682,-62.17021489212392,13.8603895231371,0.0102777217387615,0.7446528193030759,1.0102536333496086,0.9683862305757636,3220.699951171875,-0.0058954556973843
2023-04-06,2906.421142578125,3220.699951171875,0.0,3257.35009765625,3215.0,3225.0,0.0,1703464,-0.0058954556973843,0.033633958763982,-0.0448270658857101,3199.3599853515625,3342.717998046875,3213.8090489227657,53.74828837133548,-41.94926049982678,-58.12602401366449,16.176763513837713,0.010019464331649,-0.3584096811189179,1.0066700733640537,0.9634973554615454,3263.39990234375,0.0132579724343269
2023-04-10,2944.953857421875,3263.39990234375,0.0,3272.0,3215.0,3220.0,0.0,2203187,0.0132579724343269,0.0396635776461169,-0.037458708016186,3193.0099853515626,3339.687998046875,3218.531987343812,62.26531263893324,-33.08159379375593,-53.11713796968278,20.03554417592685,0.010474775655408,0.2933569479601565,1.0220450037159647,0.9771571189441228,3213.800048828125,-0.0151988279095071
2023-04-11,2900.1943359375,3213.800048828125,0.0,3272.949951171875,3192.14990234375,3264.0,0.0,2348779,-0.0151988279095071,0.002464252386233,-0.0368761092727999,3186.857482910156,3335.237998046875,3218.081326532794,54.7455295735901,-29.713676925075102,-48.436445760761245,18.72276883568614,0.0104338185368816,0.0660824523746736,1.008454273861461,0.963589420218328,3241.64990234375,0.0086657082246857
2023-04-12,2925.326416015625,3241.64990234375,0.0,3260.949951171875,3199.0,3227.949951171875,0.0,2417727,0.0086657082246857,0.0130155944824219,-0.0268238059610477,3182.389978027344,3331.47599609375,3220.325952800504,63.83845420824135,-24.51473748055969,-43.65210410472093,19.137366624161245,0.010694448611539,0.0293548264864425,1.018621201275005,0.973037148142348,3188.85009765625,-0.016287941720457
2023-04-13,2877.6787109375,3188.85009765625,0.0,3230.0,3180.0,3210.0,0.0,4174070,-0.016287941720457,-0.0157262640916078,-0.0283672374352881,3177.7349853515625,3327.0319970703126,3217.328252310575,61.15380312094826,-24.374074329807627,-39.79649814973828,15.42242381993065,0.010802819023524,0.7264438871717113,1.0034978097153868,0.9584669159972788,3139.5,-0.0154758286356958
2023-04-17,2833.14453125,3139.5,0.0,3163.39990234375,3070.25,3134.10009765625,0.0,5505048,-0.0154758286356958,-0.0252118956757613,-0.0234684683487446,3173.9624877929687,3321.1489990234377,3209.916037804806,51.09958978682121,-27.922860855730505,-37.421770690936725,9.49890983520622,0.0103935557350883,0.3188681550620857,0.9891421250485752,0.9453053750142344,3130.75,-0.0027870680044592
2023-04-18,2825.24853515625,3130.75,0.0,3156.85009765625,3110.60009765625,3154.949951171875,0.0,2617302,-0.0027870680044592,-0.0406477619394674,-0.0213041684404748,3170.554992675781,3316.59,3202.376415156729,50.7659595861746,-31.083045617000607,-36.1540256761495,5.070980059148894,0.0103621357962796,-0.5245632735627374,0.987445417989048,0.943966543950262,3089.60009765625,-0.0131437841870957
2023-04-19,2788.114013671875,3089.60009765625,0.0,3140.0,3071.5,3130.75,0.0,3298034,-0.0131437841870957,-0.0386458240353699,-0.0299528735773155,3165.7849975585937,3310.215,3191.6358134900165,46.44991691808156,-36.48736439907043,-36.22069342073369,-0.2666709783367409,0.0106920291719929,0.2600892063659448,0.9759349103109984,0.9333533011167704,3104.800048828125,0.0049197147499462
2023-04-20,2801.830322265625,3104.800048828125,0.0,3113.0,3078.0,3090.0,0.0,2419999,0.0049197147499462,-0.0422161114365499,-0.0234328307664639,3162.0599975585938,3303.103002929688,3183.3657406650746,48.04948559536404,-39.0931751530884,-36.79518976720463,-2.297985385883763,0.0107861518204224,-0.2662298205536996,0.9818915679099453,0.9399646472042568,3160.85009765625,0.018052708047747
2023-04-21,2852.410888671875,3160.85009765625,0.0,3164.449951171875,3100.800048828125,3110.0,0.0,1929184,0.018052708047747,-0.008780594616404,0.0055833196180772,3162.9375,3296.67400390625,3181.221393711853,54.51081177756108,-36.21802953928545,-36.6797577216208,0.4617281823353494,0.0113122820306364,-0.2028161995108262,0.999340043126445,0.958799715686458,3174.800048828125,0.0044133542372726
2023-04-24,2864.99951171875,3174.800048828125,0.0,3180.949951171875,3126.14990234375,3151.10009765625,0.0,1640676,0.0044133542372726,0.0112438441879678,0.0221177518469908,3166.3724975585938,3290.971005859375,3180.60983705626,53.66927492849697,-32.43986488183373,-35.83177915366339,3.3919142718296627,0.0109702566375975,-0.1495492394711961,1.002661579228606,0.9647000970763904,3176.0,0.000377961179734
2023-04-25,2866.082763671875,3176.0,0.0,3191.199951171875,3147.5,3183.0,0.0,2024090,0.000377961179734,0.0144534057334504,0.0144371887271412,3168.632495117188,3285.0400048828124,3180.170804955664,46.46906663652865,-29.014356696252435,-34.4682946621812,5.453937965928766,0.0108532480842094,0.2336926974003398,1.0023251370722752,0.9668070998463528,3198.14990234375,0.006974150612012
2023-04-26,2886.0712890625,3198.14990234375,0.0,3208.39990234375,3181.0,3181.0,0.0,2000029,0.006974150612012,0.0351339336019069,0.0235226352702326,3172.3074951171875,3278.6010009765623,3181.8830999450056,49.78959398135499,-24.23296227048285,-32.421228183841535,8.188265913358677,0.0109184435887786,-0.0118873172635604,1.0081462491471394,0.9754617598759808,3187.949951171875,-0.0031893286691784
2023-04-27,2876.86669921875,3187.949951171875,0.0,3199.199951171875,3170.64990234375,3185.0,0.0,2434446,-0.0031893286691784,0.0267810812406854,0.0216151101335924,3175.679992675781,3271.542998046875,3182.4608952999456,43.67757784469999,-21.02436773100726,-30.14185609327468,9.11748836226742,0.0109491912626208,0.2172053505224174,1.0038637263592023,0.9744484339882112,3219.25,0.0098182372080901
2023-04-28,2905.112060546875,3219.25,0.0,3227.25,3196.25,3200.39990234375,0.0,2931312,0.0098182372080901,0.0184760113701858,0.0310508117912187,3180.527490234375,3265.1769970703126,3185.9646195570936,49.82830625376908,-15.774047684091784,-27.2682944114381,11.494246727346315,0.0111184560043736,0.204098180859218,1.012174870327177,0.9859343009241088,3219.39990234375,4.656436864181046e-05
2023-05-02,2905.247802734375,3219.39990234375,0.0,3235.0,3210.0,3235.0,0.0,2321159,4.656436864181046e-05,0.0140480826602253,0.0332167281503967,3185.702490234375,3259.9169970703124,3189.1489322034417,44.20594014588028,-11.468829822943462,-24.108401493739173,12.63957167079571,0.0110921986095949,-0.2081501389139061,1.0105777021591542,0.9875711268836062,3179.89990234375,-0.0122693673349632
2023-05-03,2869.60205078125,3179.89990234375,0.0,3216.0,3173.14990234375,3216.0,0.0,2468285,-0.0122693673349632,0.0012279289495433,0.0130619010722152,3187.752490234375,3253.5129931640627,3188.2680722168043,45.41393334606003,-11.116094121782226,-21.509940019347784,10.39384589756556,0.0114271255677457,0.0633847142742052,0.9975366381440588,0.9773742748300128,3220.699951171875,0.0128306079062592
2023-05-04,2906.421142578125,3220.699951171875,0.0,3224.449951171875,3178.0,3180.14990234375,0.0,1953253,0.0128306079062592,0.0070509668141569,0.004616503720938,3188.492492675781,3247.513994140625,3191.356822593478,47.26179908010796,-7.458350356841947,-18.699622086846617,11.24127173000467,0.0107568861674014,-0.2086598589709049,1.0101011555053294,0.9917432094158394,3230.699951171875,0.0031049151276452
2023-05-05,2915.44482421875,3230.699951171875,0.0,3244.0,3210.050048828125,3220.0,0.0,1710027,0.0031049151276452,0.013409871752938,0.0095937347412109,3190.027490234375,3240.9669921875,3195.103787219992,56.15892326541464,-3.7098804514694166,-15.701673759771175,11.99179330830176,0.0107622886717917,-0.1245235512245469,1.0127498778809934,0.9968321056523024,3250.60009765625,0.0061597012366179
2023-05-08,2933.403564453125,3250.60009765625,0.0,3254.85009765625,3231.300048828125,3245.0,0.0,928235,0.0061597012366179,0.0097383234157801,0.0033335541284504,3190.567492675781,3235.95599609375,3200.389150118683,67.9020572971578,0.8567088572085595,-12.38999723637523,13.24670609358379,0.0104847681102018,-0.4571810854448497,1.018815651171235,1.0045254328489563,3283.25,0.01004426916965
2023-05-09,2962.8671875,3283.25,0.0,3298.0,3246.0,3252.60009765625,0.0,1107375,0.01004426916965,0.0198329190510835,0.0194212592841396,3193.694995117188,3231.874995117188,3208.2806596311893,72.81569923485004,7.029308544053038,-8.506136080289576,15.535444624342611,0.0106007250576835,0.1929899217331818,1.0280411889738164,1.0158963465358133,3286.800048828125,0.0010812605887839
2023-05-10,2966.07080078125,3286.800048828125,0.0,3306.5,3266.050048828125,3290.0,0.0,1559987,0.0010812605887839,0.033617456450621,0.0071704808434813,3194.8650024414064,3228.59099609375,3215.758696697564,83.2434336757834,12.068479617823868,-4.391212940666887,16.459692558490755,0.0102028096443975,0.4087251382774579,1.0287758782660503,1.0180292433463396,3282.14990234375,-0.0014147944551823
2023-05-11,2961.87451171875,3282.14990234375,0.0,3309.699951171875,3272.0,3309.0,0.0,1719623,-0.0014147944551823,0.0190796882986619,0.0212676123209805,3198.2824951171874,3226.2029931640627,3222.081668663868,80.99979430910477,15.508063735354426,-0.4113576054626242,15.91942134081705,0.009536992757315,0.1023316219942858,1.0262226389803286,1.017341410102908,3274.300048828125,-0.0023916803769442
2023-05-12,2954.79052734375,3274.300048828125,0.0,3290.0,3260.0,3279.14990234375,0.0,1027479,-0.0023916803769442,0.0134955577166597,0.0100720767103099,3199.915002441406,3223.4129931640623,3227.054847727129,73.84906895988946,17.399965384762254,3.1509069925823514,14.249058392179904,0.0093945159687656,-0.4024975241666342,1.0232459444485138,1.015786700547519,3255.050048828125,-0.005879119113378
2023-05-15,2937.418701171875,3255.050048828125,0.0,3292.0,3248.35009765625,3284.0,0.0,1150390,-0.005879119113378,0.0013689629724318,0.0207598191023563,3203.225,3220.504995117188,3229.721057355796,66.50216578877084,17.148321772363488,5.950389948538579,11.19793182382491,0.0086736858869821,0.1196238560593452,1.0161790223378393,1.0107265952896558,3258.14990234375,0.0009523213066235
2023-05-16,2940.2158203125,3258.14990234375,0.0,3285.0,3250.449951171875,3256.199951171875,0.0,986306,0.0009523213066235,-0.0076448938266199,0.0377926110347985,3209.1574951171874,3219.0309912109374,3232.428566402268,66.76187876348479,17.003024387572168,8.160916836345297,8.84210755122687,0.0077540767211503,-0.1426333678143933,1.015266439026787,1.012152387236911,3208.699951171875,-0.0151773100237969
2023-05-17,2895.59228515625,3208.699951171875,0.0,3280.0,3198.25,3255.949951171875,0.0,1588815,-0.0151773100237969,-0.023761742879399,0.0248981717390002,3213.054992675781,3216.94798828125,3230.1686982850874,51.93685597622687,12.750695295890637,9.078872528254363,3.671822767636272,0.0085962276972916,0.6108743128400314,0.9986445792201398,0.9974360676207942,3199.85009765625,-0.0027580807337229
2023-05-18,2887.60546875,3199.85009765625,0.0,3228.949951171875,3195.0,3225.949951171875,0.0,1369364,-0.0027580807337229,-0.0250749682787889,0.0356842298405009,3218.567492675781,3213.2309912109376,3227.2812125109126,52.195600960347385,8.567820139669493,8.976662050537392,-0.4088419108678991,0.0079709197609651,-0.1381224371622876,0.994184557241032,0.9958356888778652,3222.85009765625,0.0071878367104905
2023-05-19,2908.36083984375,3222.85009765625,0.0,3234.5,3203.050048828125,3210.0,0.0,1152449,0.0071878367104905,-0.0157132670813993,0.0380217878676862,3224.4699951171874,3211.258994140625,3226.8592015723734,50.68521158567979,7.027757608274442,8.586881162084802,-1.5591235538103607,0.008033756255677,-0.1584056540116433,0.999497623651828,1.0036095199847703,3298.699951171875,0.0235350237266032
2023-05-22,2976.809326171875,3298.699951171875,0.0,3308.449951171875,3217.050048828125,3230.0,0.0,1333243,0.0235350237266032,0.0134099020564875,0.0436116390390799,3231.3624877929688,3210.3899951171875,3233.701177724707,61.71692212238066,11.791768069445425,9.227858543556929,2.563909525888498,0.0086813916538658,0.1568780917854065,1.0208387216331456,1.0275075477399946,3297.050048828125,-0.0005001674502598
2023-05-23,2975.3203125,3297.050048828125,0.0,3327.949951171875,3290.10009765625,3306.0,0.0,1687418,-0.0005001674502598,0.0119393360190063,0.0385063620132941,3237.474987792969,3208.893994140625,3239.7344035440806,69.4893225382214,15.258259633318175,10.433938761509175,4.824320871808999,0.0086841584149218,0.2656492477365341,1.0184017054215977,1.0274724110078024,3303.35009765625,0.0019108138289753
2023-05-24,2981.005615234375,3303.35009765625,0.0,3317.199951171875,3276.0,3276.0,0.0,1016555,0.0019108138289753,0.0294979736107163,0.0400976378010862,3243.842492675781,3207.152998046875,3245.793041078573,65.53284777364121,18.30285652425573,12.007722314058489,6.295134210197242,0.0086765317829885,-0.3975677632927941,1.0183447886618509,1.0299945464615994,3293.5,-0.0029818509588913
2023-05-25,2972.11669921875,3293.5,0.0,3306.0,3267.10009765625,3294.0,0.0,1374917,-0.0029818509588913,0.0292669654782717,0.0298141427286986,3248.609997558594,3206.28599609375,3250.336560975852,61.808975094686105,19.69388212122385,13.54495427549156,6.14892784573229,0.0086619190836793,0.3525259331762669,1.0138182183996054,1.0272009434007148,3328.89990234375,0.0107484142534537
2023-05-26,3004.062255859375,3328.89990234375,0.0,3338.64990234375,3291.0,3293.5,0.0,1791115,0.0107484142534537,0.0329055964360931,0.0442133513169058,3255.6574951171874,3206.243994140625,3257.8187839632706,63.91257422272196,23.383209119248026,15.512605244242852,7.87060387500517,0.0088234890521026,0.3027077270846167,1.0224969633127596,1.0382553256792924,3320.35009765625,-0.0025683573968325
2023-05-29,2996.34716796875,3320.35009765625,0.0,3372.0,3312.0,3360.800048828125,0.0,1210372,-0.0025683573968325,0.0065632360641603,0.0314048606527141,3260.7125,3207.0119970703126,3263.7741471721256,57.209521225014186,25.325196460357347,17.47512348746575,7.850072972891596,0.0086945611668168,-0.3242354622679169,1.018289744237264,1.03534071612126,3316.199951171875,-0.0012499123171693
2023-05-30,2992.601806640625,3316.199951171875,0.0,3326.949951171875,3301.35009765625,3315.0,0.0,1344224,-0.0012499123171693,0.0058081927966353,0.0300677305598642,3265.5525024414064,3209.0369970703123,3268.767080886388,55.69987769274753,26.22702447004758,19.22550368398212,7.001520786065463,0.0087114363086733,0.1105874888050946,1.015509610913499,1.033394116116267,3289.5,-0.0080513695087776
2023-05-31,2968.50732421875,3289.5,0.0,3327.699951171875,3265.14990234375,3309.0,0.0,5815424,-0.0080513695087776,-0.0041927428963938,0.0344665244259636,3271.032507324219,3210.848999023437,3270.741644611493,51.31275552206733,24.504790771962234,20.281361101578145,4.223429670384093,0.0084057723901698,3.326231342395315,1.005645768617227,1.024495390783087,3324.0,0.0104879160966713
2023-06-01,2999.640625,3324.0,0.0,3340.0,3297.5,3314.0,0.0,1177314,0.0104879160966713,0.009260664946106,0.0320737884292943,3276.197509765625,3213.6289990234377,3275.813868934208,58.1050316483667,25.62834225326924,21.350757331916363,4.277584921352876,0.0082579539761895,-0.7975531964651245,1.0145908450549417,1.0343446617547023,3305.60009765625,-0.0055354700191786
2023-06-02,2983.0361328125,3305.60009765625,0.0,3335.89990234375,3297.449951171875,3326.25,0.0,2030661,-0.0055354700191786,-0.0069992506146235,0.0231838758214628,3279.942517089844,3216.155,3278.6506526220214,58.26658543265496,24.7487582724184,22.03035752001677,2.718400752401628,0.0084005226835196,0.7248253227261376,1.0078225701922274,1.027811189963248,3288.89990234375,-0.0050520918499309
2023-06-05,2967.966064453125,3288.89990234375,0.0,3327.0,3285.050048828125,3315.0,0.0,1861468,-0.0050520918499309,-0.0094719515676072,0.0117823797258589,3281.8575073242187,3219.0669970703125,3279.6267716431385,54.81447277486591,22.445379079900704,22.11336183199356,0.3320172479071459,0.0084247834650786,-0.0833191753818091,1.0021458564254586,1.021693523414391,3232.300048828125,-0.0172093572915644
2023-06-06,2916.88916015625,3232.300048828125,0.0,3288.85009765625,3220.60009765625,3280.0,0.0,2022849,-0.0172093572915644,-0.0253000131412768,-0.0155181454875124,3279.310009765625,3221.59099609375,3275.119464708376,53.61410918074807,15.869861436882276,20.8646617529713,-4.994800316089027,0.0090042680590836,0.0866955542614753,0.9856646792168148,1.0033241503180756,3274.89990234375,0.0131794242094169
2023-06-07,2955.331787109375,3274.89990234375,0.0,3278.85009765625,3241.0,3253.0,0.0,1567196,0.0131794242094169,-0.0044383941803465,-0.0036205872908569,3278.7150024414063,3224.4729931640627,3275.0985540069823,60.4163645259972,13.935528390899435,19.47883508055693,-5.543306689657495,0.0095246354868002,-0.2252530960046943,0.99883640386712,1.0156388064922837,3236.449951171875,-0.0117408019537811
2023-06-08,2920.6337890625,3236.449951171875,0.0,3270.0,3233.0,3261.0,0.0,1759366,-0.0117408019537811,-0.0263387631853565,-0.0139237854856175,3276.4300048828127,3226.708994140625,3271.417734689353,51.80993784380047,9.19398327972749,17.421864720391042,-8.227881440663552,0.0098710378153971,0.1226202721293316,0.9877976780668728,1.0030188520405583,3209.300048828125,-0.008388791037513
2023-06-09,2896.133056640625,3209.300048828125,0.0,3250.0,3205.35009765625,3245.0,0.0,1775689,-0.008388791037513,-0.0291323953240454,-0.0198515710321854,3273.1800048828127,3228.484995117188,3265.501764607331,36.33026974966216,3.20851859506638,14.57919549532611,-11.37067690025973,0.0100165948323411,0.0092777739253799,0.9804838243056008,0.9940576009124782,3246.89990234375,0.0117159046968371
2023-06-12,2930.063720703125,3246.89990234375,0.0,3254.39990234375,3211.0,3215.0,0.0,2324605,0.0117159046968371,-0.0127702275067933,-0.0025038467495481,3272.772497558594,3230.9769921875,3263.730158677466,43.09130449113135,1.4819061613775375,11.959737628536397,-10.477831467158856,0.0103291130275781,0.3091284566159952,0.9920945940378856,1.0049282028918038,3243.699951171875,-0.0009855404441526
2023-06-13,2927.176513671875,3243.699951171875,0.0,3265.0,3239.0,3260.0,0.0,1371928,-0.0009855404441526,0.0035268700836987,-0.0044350172966198,3272.05,3233.532993164062,3261.82251986741,41.711789397554725,-0.1430074475183573,9.539188613325445,-9.682196060843802,0.0103280600553584,-0.4098231742597129,0.9913356920499,1.003144225845014,3251.050048828125,0.0022659610219479
2023-06-14,2933.809326171875,3251.050048828125,0.0,3255.85009765625,3225.85009765625,3243.699951171875,0.0,1658544,0.0022659610219479,-0.0072826206072913,0.0131985222366406,3274.1675048828124,3235.77599609375,3260.796570244621,44.06044122339027,-0.8281256192599358,7.46572576680837,-8.293851386068305,0.0097123571149747,0.2089147535439177,0.9929394400194212,1.004720367773546,3216.300048828125,-0.0106888542095886
2023-06-15,2924.0361328125,3216.300048828125,24.0,3247.449951171875,3210.0,3245.300048828125,0.0,2273810,-0.0106888542095886,-0.0062259273734339,0.0051408505616947,3274.9900024414064,3235.9839990234377,3256.558806300193,34.216425137966695,-4.1275415587242605,5.147072301701844,-9.274613860426104,0.0100180838864771,0.3709675474391997,0.9820793487706742,0.99391716701898,3174.89990234375,-0.0128719789372447
2023-06-16,2886.398193359375,3174.89990234375,0.0,3199.39990234375,3156.0,3197.0,0.0,4156189,-0.0128719789372447,-0.0107188938276233,-0.014878195963061,3272.592492675781,3235.4819970703124,3248.781767828151,31.3309885459728,-9.968092324194911,2.124039376522492,-12.092131700717406,0.0102930097534248,0.8278523711303934,0.9701482569092632,0.981275712619814,3210.39990234375,0.0111814548779296
2023-06-19,2918.671875,3210.39990234375,0.0,3214.89990234375,3175.0,3190.0,0.0,1468186,0.0111814548779296,-0.0112414922226745,-0.0267681359733116,3268.177490234375,3234.893994140625,3245.126352067732,37.43167798237244,-11.598517085470576,-0.6204719158761216,-10.978045169594454,0.0090588728642067,-0.6467470560169425,0.982321159709572,0.9924281624556348,3227.699951171875,0.0053887519793078
2023-06-20,2934.399658203125,3227.699951171875,0.0,3232.5,3201.050048828125,3214.0,0.0,1528452,0.0053887519793078,-0.0049326387276417,-0.0210339839035501,3264.7099853515624,3235.033994140625,3243.4666948395547,42.49087661072095,-11.363677694648686,-2.7691130716306347,-8.594564623018051,0.0091816841461448,0.0410479326188916,0.9886636073814372,0.9977329317150812,3258.199951171875,0.0094494533139384
2023-06-21,2962.12841796875,3258.199951171875,0.0,3261.39990234375,3223.949951171875,3250.0,0.0,1645987,0.0094494533139384,0.0021992593889248,-0.0136679870887465,3262.452478027344,3234.9299951171874,3244.8698621092994,41.92636953985906,-8.617137685375383,-3.938717994379585,-4.678419690995798,0.0094589858644621,0.0768980641852017,0.9986965245059938,1.0071933414601897,3238.5,-0.0060462683282496
2023-06-22,2944.218994140625,3238.5,0.0,3267.64990234375,3230.10009765625,3260.0,0.0,1529603,-0.0060462683282496,0.006902325913269,-0.0166995597388796,3259.702478027344,3235.423994140625,3244.2632085750806,41.79303697227259,-7.938595176888157,-4.738693430881299,-3.1999017460068577,0.0095234253518338,-0.0707077273392803,0.9934955787620916,1.000950727281786,3216.35009765625,-0.0068395560734135
2023-06-23,2924.08154296875,3216.35009765625,0.0,3249.39990234375,3209.14990234375,3237.300048828125,0.0,1119505,-0.0068395560734135,0.01305559122727,-0.0338099095765114,3254.074987792969,3234.917998046875,3241.6048170590016,41.24322387412289,-9.083449009034666,-5.607644546511973,-3.475804462522693,0.0092078645221733,-0.2681074762536423,0.988406877444977,0.9942601635028042,3189.64990234375,-0.0083013958374607
2023-06-26,2899.8076171875,3189.64990234375,0.0,3213.89990234375,3173.0,3205.0,0.0,1978803,-0.0083013958374607,-0.006463369247193,-0.0393633777970455,3247.539978027344,3234.933994140625,3236.656729943264,44.45165048272341,-12.00682928411743,-6.887481494033064,-5.119347790084365,0.0093255285106405,0.7675695954908642,0.9821741761224576,0.9860015407180186,3197.35009765625,0.0024141192758622
2023-06-27,2906.807861328125,3197.35009765625,0.0,3209.64990234375,3182.300048828125,3202.0,0.0,863542,0.0024141192758622,-0.0094029352092055,-0.0358391699130282,3241.5974853515627,3236.09099609375,3232.913241154024,38.9040261348044,-13.546136377454786,-8.219212470717409,-5.3269239067373775,0.0093761609717915,-0.5636038554621152,0.9863501289425162,0.988028489160452,3215.449951171875,0.0056608919770446
2023-06-28,2923.26318359375,3215.449951171875,0.0,3230.949951171875,3193.39990234375,3208.0,0.0,1575872,0.0056608919770446,-0.0131207417103496,-0.022511034755472,3237.894982910156,3237.7849951171875,3231.2500706795336,46.80948134783983,-13.153911325376155,-9.20615224164916,-3.9477590837269982,0.009394875577492,0.824893288340347,0.9930680173826676,0.993101751975812,3302.25,0.0269946819718001
2023-06-30,3002.17578125,3302.25,0.0,3310.0,3214.10009765625,3220.0,0.0,2672406,0.0269946819718001,0.0196850393700787,-0.0065433212996389,3236.807482910156,3242.0379931640623,3238.011968710054,61.954970134790656,-5.77248995269656,-8.51941978385864,2.74692983116208,0.0110460268286021,0.6958268184218007,1.0202182296708626,1.0185722705788447,3272.300048828125,-0.0090695589891361
