Date,Open,High,Low,Close,Adj Close,Volume,Daily_Return,Return_5D,Return_20D,SMA_20,SMA_50,EMA_20,RSI_14,MACD,MACD_Signal,MACD_Histogram,Volatility_20,Volume_Change,Price_vs_SMA20,Price_vs_SMA50,Target_Next_Day_Close
2024-11-06,1649.949951171875,1697.75,1635.0,1693.550048828125,1604.23828125,3164061,0.0373013343358255,0.005104067126901146,0.02094887809085222,1676.5300048828126,1644.90400390625,1664.2367267836687,49.098137127758854,2.7640806894698926,9.24542006249127,-6.4813393730213775,0.01938925505998369,1.298375550520793,1.0101519471144222,1.0295737895988777,1651.0
2024-11-07,1695.0,1715.5,1644.3499755859375,1651.0,1563.93212890625,1285140,-0.025124766083865158,0.026326407200573776,0.019324597006673327,1678.0950073242188,1645.3770043945312,1662.976086137605,44.46941634901892,1.4860091565317362,7.693537881299364,-6.207528724767628,0.019496592569561398,-0.593832103742627,0.9838537107815947,1.0034174511923106,1681.3499755859375
2024-11-08,1660.0,1686.449951171875,1650.050048828125,1681.3499755859375,1592.681640625,1883257,0.018382783516618817,0.048451937760088715,0.020825066477012655,1679.8100036621095,1646.0570043945313,1664.7259803707798,47.16954398624485,2.888817157164567,6.732593736472405,-3.8437765793078382,0.019562986572230337,0.46540999424187257,1.0009167536331316,1.0214409167466154,1704.1500244140625
2024-11-11,1672.800048828125,1715.449951171875,1666.050048828125,1704.1500244140625,1614.2791748046875,1587351,0.013560560953515655,0.040130614636382234,0.006883323139771136,1680.3925048828125,1647.4100048828125,1668.480651232045,51.03036565825138,5.77376957520687,6.540828904219298,-0.7670593290124277,0.018803862811524595,-0.15712459850142602,1.0141380775397513,1.0344419539538283,1687.0
2024-11-12,1710.0,1710.5,1684.0,1687.0,1598.03369140625,1414446,-0.0100636822863992,0.03328942196625584,0.006953785527700207,1680.9750061035156,1648.2170043945312,1670.244398733755,42.937535092347915,6.600168871694223,6.5526968977142825,0.047471973979940074,0.018801805240679845,-0.10892675910998895,1.0035842257467291,1.0235302727141296,1675.5999755859375
2024-11-13,1680.0,1689.0,1663.6500244140625,1675.5999755859375,1587.23486328125,1063556,-0.006757572266782752,-0.010599080466862087,0.009215157687076703,1681.7400024414062,1648.8470043945313,1670.754453672058,41.59329086095454,6.263013451333791,6.494760208438184,-0.23174675710439363,0.01874914432243026,-0.2480759251325254,0.9963490035043734,1.0162252599059245,1687.5
2024-11-14,1663.0,1692.0,1663.0,1687.5,1598.50732421875,1919974,0.0071019483095309255,0.02210781344639612,-0.006768687463213685,1681.1650024414062,1649.6910034179687,1672.3492676080525,45.86842541709813,6.876776668397497,6.571163500430048,0.305613167967449,0.01805455108164429,0.8052401566067042,1.0037682187943444,1.0229188354083858,1660.800048828125
2024-11-18,1684.75,1688.0,1633.25,1660.800048828125,1573.21533203125,1617013,-0.015822193287037045,-0.012222277964854422,-0.01605543882573557,1679.8100036621095,1650.1170043945312,1671.249342009964,44.251688949573875,5.149366825680545,6.286804165480148,-1.137437339799603,0.018343638564066046,-0.15779432429814155,0.9886832708505477,1.0064741132932653,1699.6500244140625
2024-11-19,1664.9000244140625,1724.4000244140625,1664.0999755859375,1699.6500244140625,1610.0167236328125,1982317,0.02339232565253746,-0.002640612584298263,-0.0009110785341516214,1679.7325073242187,1651.6450048828126,1673.9541689055925,50.14449355476843,6.836444154331048,6.396732163250329,0.4397119910807188,0.01903804630435022,0.22591284052756544,1.0118575529157152,1.0290649742464821,1702.25
2024-11-21,1712.0,1725.0,1684.800048828125,1702.25,1612.4793701171875,2212146,0.0015297123222963727,0.009039715471250709,0.0033597306344201883,1680.0175048828125,1654.106005859375,1676.6490099622029,52.23514842740634,8.287725650536004,6.774930860707464,1.5127947898285399,0.019028198309235224,0.11593957979475533,1.0132334901586268,1.029105748948425,1747.449951171875
2024-11-22,1714.75,1749.8499755859375,1702.25,1747.449951171875,1655.295654296875,2344087,0.026553062812086914,0.042880148384349503,0.00662461495058464,1680.5925048828126,1656.9070043945312,1683.3919567440764,69.49984788373172,12.936016652435228,8.007148019053018,4.92886863338221,0.019252186425115694,0.05964389330541464,1.0397820685828445,1.05464576257883,1732.5999755859375
2024-11-25,1760.0,1767.800048828125,1727.8499755859375,1732.5999755859375,1641.2288818359375,3913302,-0.008498083493595265,0.026725911458333362,-0.0018147915391401037,1680.4350036621095,1659.5070043945314,1688.0784347290155,67.62815463730348,15.245807656726583,9.454879946587731,5.7909277101388525,0.019357402928568666,0.6694354774374842,1.0310425406577148,1.0440449910713538,1745.4000244140625
2024-11-26,1732.5999755859375,1762.0,1731.050048828125,1745.4000244140625,1653.35400390625,1291712,0.007387769253428544,0.05093929016056564,0.01686624956493632,1681.8825073242188,1661.5500048828126,1693.537633746639,65.56137068111533,17.902818091885365,11.144467575647258,6.758350516238107,0.01923545445392451,-0.6699176296641558,1.037765727875306,1.050464938933429,1756.800048828125
2024-11-27,1741.0,1767.0,1735.550048828125,1756.800048828125,1664.1527099609375,2088228,0.006531468004241425,0.03362458364554466,0.03186396783891343,1684.5950073242188,1663.5650048828124,1699.5626256591613,67.76362832924917,20.68990436224135,13.053554932966076,7.636349429275274,0.019148720986579455,0.6166359064559284,1.0428619586250558,1.0560453265557124,1713.3499755859375
2024-11-28,1757.0,1760.0,1706.800048828125,1713.3499755859375,1622.994140625,1787990,-0.024732509127131985,0.006520766976611858,0.008742994163048357,1685.3375061035156,1664.8520043945311,1700.8757066045687,52.981915583997754,19.171633866850016,14.277170719742864,4.894463147107151,0.020033964710376554,-0.1437764458670222,1.0166212817201146,1.0291304999263546,1712.300048828125
2024-11-29,1708.0,1730.0,1700.5,1712.300048828125,1621.99951171875,1556942,-0.0006127917662901439,-0.0201149694274092,0.01623199409408449,1686.705010986328,1666.0670043945313,1701.9637391972883,60.550782930830465,17.679870701839036,14.957710716162099,2.722159985676937,0.019934927353423927,-0.12922219922930223,1.0151745786459898,1.0277498109689744,1745.949951171875
2024-12-02,1710.0,1748.0,1705.9000244140625,1745.949951171875,1653.8748779296875,1370756,0.01965187255982359,0.007705168979598387,0.08535102394806038,1693.5700073242188,1668.8780029296875,1706.152902242487,60.993871969067754,18.993953073462308,15.764959187622143,3.228993885840165,0.017085263896245477,-0.11958441611826265,1.0309287148574475,1.0461818947262107,1749.5
2024-12-03,1760.0,1761.0,1737.5999755859375,1749.5,1657.2376708984375,1824151,0.0020333050358873894,0.002349017720057578,0.09094875650267142,1700.8625061035157,1671.9610034179686,1710.2811972670122,58.258966979427,20.090244261753014,16.630016202448317,3.460228059304697,0.01700735674317519,0.33076273239000953,1.0285957822704361,1.0463760795996553,1759.5999755859375
2024-12-04,1742.0999755859375,1774.5999755859375,1740.5999755859375,1759.5999755859375,1666.804931640625,1811165,0.00577306406741207,0.0015937651866984037,0.07397457847037048,1706.9225036621094,1674.712001953125,1714.9782237735767,63.57009508711261,21.525909264998063,17.60919481495827,3.9167144500397946,0.016527351195755817,-0.007118928202763941,1.0308610799909261,1.0506881025118422,1786.949951171875
2024-12-05,1759.5999755859375,1793.949951171875,1755.0999755859375,1786.949951171875,1692.712646484375,2762694,0.015543291637538204,0.04295676693885464,0.09450888093006271,1714.6375,1678.3080004882813,1721.832674001986,69.64191968978747,24.587172955137248,19.004790442994064,5.582382512143184,0.016638415455923195,0.5253684782998789,1.0421736088076197,1.064733023170947,1782.800048828125
2024-12-06,1797.0,1797.0,1775.5999755859375,1782.800048828125,1688.7816162109375,1180840,-0.0023223383178854196,0.0411726905271359,0.052699948290136245,1719.1,1681.222001953125,1727.6390906520946,67.283306147533,26.3743568791906,20.478703730233374,5.895653148957226,0.014804731248103584,-0.5725766226733761,1.0370543009877988,1.0604191753123584,1777.8499755859375
2024-12-09,1779.0999755859375,1800.75,1771.199951171875,1777.8499755859375,1684.0926513671875,1069659,-0.0027765723057060487,0.018270869902456965,0.07683220810777569,1725.4424987792968,1684.7240014648437,1732.421079693413,73.04587626066103,27.079132095192335,21.798789403225168,5.280342691967167,0.013369890928036724,-0.09415416144439548,1.0303733545706204,1.055276694604055,1763.550048828125
2024-12-10,1766.199951171875,1777.0,1753.300048828125,1763.550048828125,1670.546875,1625591,-0.00804338214932876,0.008030893871463274,0.04888932966709758,1729.5525024414062,1687.8560034179689,1735.3857434205283,63.92765597636921,26.181977413713412,22.675427005322817,3.506550408390595,0.013156216527479102,0.5197282498441091,1.0196568455358992,1.0448462696206744,1762.800048828125
2024-12-11,1765.0,1769.75,1750.050048828125,1762.800048828125,1669.8363037109375,1285654,-0.00042527854568030765,0.0018186367848305185,0.03441599834159437,1732.4850036621094,1690.9270043945312,1737.9966296498233,63.30479033178691,25.120879273937135,23.16451745904568,1.956361814891455,0.012905073379617497,-0.20911594613897344,1.0174980130286473,1.0425051136133043,1789.5999755859375
2024-12-12,1768.050048828125,1807.699951171875,1761.050048828125,1789.5999755859375,1695.2227783203125,3018243,0.015203044029655333,0.001482987485085685,0.06081800568223916,1737.6150024414062,1695.1750048828126,1742.911234024691,60.076516542105985,26.141142646257777,23.7598424964881,2.3813001497696753,0.01292215157241603,1.3476324112086147,1.0299174288156414,1.055702196192807,1796.4000244140625
2024-12-13,1781.0,1804.5999755859373,1761.0,1796.4000244140625,1701.664306640625,1503188,0.003799759119855084,0.0076284357266407365,0.07209360861077996,1743.6550048828126,1698.5950048828124,1748.0054045379645,65.86277854328917,27.185043569308164,24.444882711052117,2.740160858256047,0.012715023933305458,-0.5019658788242034,1.0302496878015126,1.0575799524018956,1775.550048828125
2024-12-16,1793.5,1793.5,1766.0,1775.550048828125,1681.9139404296875,1075193,-0.011606532677897352,-0.0012936562642494875,0.052177806712963015,1748.0575073242187,1702.0250048828125,1750.6287039941703,57.20775904584864,26.029867680861344,24.761879705013964,1.2679879758473795,0.01312263818292205,-0.2847248647541093,1.015727481154776,1.0431985686076186,1770.75
2024-12-17,1777.449951171875,1789.1500244140625,1761.0,1770.75,1677.3670654296875,1160899,-0.0027034151086268166,0.004082646351125208,0.06620300333532425,1753.5550048828125,1705.111005859375,1752.5450178994874,53.44358544146646,24.445268799853466,24.698557523981865,-0.2532887241283994,0.012463165906183665,0.07971220050725769,1.0098057917027454,1.0384954374906183,1778.9000244140625
2024-12-18,1762.050048828125,1787.949951171875,1760.550048828125,1778.9000244140625,1685.087158203125,1337600,0.004602583320097331,0.009133183083719798,0.04662724611634128,1757.5175048828125,1708.3180053710937,1755.0550185199231,69.59645575902665,23.57533978594256,24.473913976374007,-0.8985741904314466,0.011541724253299974,0.1522104851498709,1.012166319522761,1.0413166745424758,1754.3499755859375
2024-12-19,1739.949951171875,1768.9000244140625,1735.0,1754.3499755859375,1661.8319091796875,2402819,-0.013800690590361486,-0.0196971392941927,0.0306065358119767,1760.1225036621095,1710.8230053710938,1754.9878715738291,61.02226832703729,20.666698175809188,23.712470816261046,-3.045772640451858,0.012094508957380838,0.7963658791866028,0.9967203827778114,1.025442123514935,1686.050048828125
2024-12-20,1770.0,1770.8499755859375,1680.0999755859375,1686.050048828125,1597.1337890625,2921154,-0.038931756894744374,-0.06142839795492139,-0.035136858885471356,1757.052508544922,1711.3680053710937,1748.422364645667,36.71252699737229,12.703902777778694,21.510757208564577,-8.806854430785883,0.013730725829706613,0.21571953609489514,0.9595900182996827,0.9852060126965627,1712.4000244140625
2024-12-23,1690.9000244140625,1725.0,1685.8499755859375,1712.4000244140625,1622.09423828125,1301223,0.01562822859514279,-0.03556645697244187,-0.011658750696359466,1756.0425109863281,1713.2220068359375,1744.9916655759903,42.52618832973565,8.422463948253835,18.89309855650243,-10.470634608248595,0.014154965226230791,-0.5545517285292045,0.975147249397879,0.9995202125477053,1704.9000244140625
2024-12-24,1717.5999755859375,1725.3499755859375,1695.699951171875,1704.9000244140625,1614.98974609375,711026,-0.004379817737135472,-0.03718761857175634,-0.023203849795748743,1754.017510986328,1714.3790063476563,1741.173414036759,38.86400981334564,4.373787213460901,15.989236287894125,-11.615449074433224,0.014054488627934385,-0.4535709866794546,0.9719971515309186,0.9944708947680199,1698.699951171875
2024-12-26,1707.0999755859375,1714.6500244140625,1690.6500244140625,1698.699951171875,1609.1165771484375,659638,-0.003636619833071064,-0.045084081253303654,-0.03307154829316272,1751.1125061035157,1714.5030053710936,1737.1283223353414,30.340828870926856,0.657310570431946,12.92285114440169,-12.265540573969744,0.013948229055084613,-0.07227302517770096,0.9700689962815316,0.9907827200362369,1711.6500244140625
2024-12-27,1704.949951171875,1716.5,1698.699951171875,1711.6500244140625,1621.3837890625,647945,0.007623520112103099,-0.024339471465842255,-0.0009921797625109807,1751.0275085449218,1715.2290063476562,1734.7018177714099,34.7481270786614,-1.2288953222562213,10.092501851070107,-11.321397173326329,0.012964061857537047,-0.01772638932262849,0.977511784401616,0.9979134086933298,1740.8499755859375
2024-12-30,1715.0,1773.5999755859375,1693.800048828125,1740.8499755859375,1649.043701171875,6781500,0.017059533640278346,0.03250195733863337,0.016673436864848457,1752.4550048828125,1716.8400048828125,1735.2873566108885,42.81553398058253,-0.3633466225060147,8.001332156354884,-8.364678778860899,0.01350869693555399,9.466166109777836,0.9933778446439193,1.0139849785855635,1706.199951171875
2024-12-31,1729.0,1729.0,1682.449951171875,1706.199951171875,1616.22119140625,1459630,-0.019904084154293677,-0.003620692101022893,-0.022766975635996833,1750.4675048828126,1716.98400390625,1732.5171275214586,39.67966933608887,-2.445173986244754,5.912030927834957,-8.357204914079711,0.013516677237269611,-0.7847629580476296,0.9747110108656938,0.9937191885830965,1703.8499755859375
2025-01-01,1700.5999755859375,1717.5999755859375,1691.25,1703.8499755859375,1613.9949951171875,721479,-0.0013773154689891154,-0.0006159005297016185,-0.02609318343187339,1748.1850036621095,1717.3030029296874,1729.7869225752186,39.45248563397262,-4.23583252040271,3.8824582381874237,-8.118290758590133,0.013497054964397133,-0.5057110363585292,0.9746393957256819,0.9921661888899052,1726.949951171875
2025-01-02,1709.0,1735.699951171875,1696.0,1726.949951171875,1635.8768310546875,1238954,0.013557517338340652,0.016630364874333114,-0.01855536762166088,1746.5525024414062,1717.8180029296875,1729.5167348225193,38.640073131483945,-3.7477654275412533,2.3564135050416883,-6.104178932582942,0.013818171579400072,0.7172419432859445,0.9887764317178385,1.0053160161475856,1689.449951171875
2025-01-03,1712.199951171875,1729.8499755859375,1681.3499755859375,1689.449951171875,1600.3544921875,2448088,-0.02171458412825067,-0.012969983890127934,-0.05456224441879853,1741.6775024414062,1717.6760009765626,1725.700850665315,32.55016353713434,-6.314120093504016,0.6223067853325475,-6.9364268788365635,0.014002795711497774,0.9759313097984268,0.9700130757868084,0.983567302687678,1686.300048828125
2025-01-06,1704.75,1711.300048828125,1675.0,1686.300048828125,1597.37060546875,945693,-0.0018644543696396676,-0.03133522562129576,-0.05412833596422195,1736.8525024414062,1716.6830029296875,1721.9483933474876,34.54545454545455,-8.504115302594528,-1.2029776322528676,-7.30113767034166,0.014003832705088806,-0.6137013865514638,0.9708942160936395,0.9823013602105275,1671.1500244140625
2025-01-07,1693.0,1705.0,1661.5,1671.1500244140625,1583.01953125,1305847,-0.008984180736157144,-0.020542684187594196,-0.06001628519679181,1731.5175048828125,1715.3910034179687,1717.1104534490662,33.3500528726522,-11.331559476051325,-3.228694001012559,-8.102865475038765,0.014074594246510093,0.38083606413497817,0.9651360842160035,0.9742093907944284,1663.75
2025-01-08,1667.949951171875,1669.949951171875,1634.0,1663.75,1576.009765625,673344,-0.004428102986538951,-0.0235349215955164,-0.05659042616592702,1726.5275024414063,1714.3370043945313,1712.028505501536,30.70218973741889,-14.00797427203429,-5.384550055216906,-8.623424216817384,0.014029486280921122,-0.4843622568340702,0.9636394425500692,0.9704917969659078,1642.800048828125
2025-01-09,1663.699951171875,1669.5,1638.199951171875,1642.800048828125,1556.1646728515625,774065,-0.012592006714876036,-0.04872747023539825,-0.06807351751537205,1720.5275024414063,1713.1420043945313,1705.4353191516875,31.077188641885925,-17.616466592888173,-7.830933362751159,-9.785533230137014,0.014183389027145908,0.14958327392833382,0.9548234750662299,0.9589397986938818,1705.5999755859375
2025-01-10,1653.0999755859375,1714.0,1636.300048828125,1705.5999755859375,1615.65283203125,2208899,0.03822737088583006,0.00955933876754389,-0.04693786384999099,1716.3275024414063,1713.28400390625,1705.4510007168542,53.3794183246924,-15.233194720080746,-9.311385634217077,-5.92180908586367,0.016517128902098957,1.853635030649881,0.9937497203533654,0.9955150294389061,1659.6500244140625
2025-01-13,1698.050048828125,1701.0,1649.9000244140625,1659.6500244140625,1572.1259765625,1401093,-0.02694063779878364,-0.01580384489259945,-0.07612447012997792,1709.4900024414062,1712.7780053710937,1701.089002973731,41.46025173728449,-16.857884432075252,-10.820685393788713,-6.0371990382865395,0.017332610259809526,-0.3657052676469137,0.9708451187452604,0.9689813970109218,1647.5
2025-01-14,1669.9000244140625,1670.449951171875,1621.300048828125,1647.5,1560.61669921875,2480288,-0.007320835257633385,-0.014151945707181257,-0.07211852401042651,1703.0875,1713.5550048828125,1695.9852884048044,40.84528759737885,-18.907909550775912,-12.438130225186153,-6.469779325589759,0.01725745462591507,0.7702522245132908,0.9673607492275059,0.9614514826226254,1675.949951171875
2025-01-15,1658.0,1679.0,1650.1500244140625,1675.949951171875,1587.5662841796875,1079742,0.01726855913315628,0.007332803108564878,-0.05353666459303963,1698.3474975585937,1715.0010034179688,1694.0771610492873,46.61206008299696,-18.02906805968496,-13.556317792085917,-4.472750267599043,0.017878366527301258,-0.5646707156588266,0.9868121533320386,0.9772297204676466,1687.6500244140625
2025-01-16,1695.0,1722.8499755859375,1670.949951171875,1687.6500244140625,1598.6495361328125,2334315,0.006981159093686795,0.027300933925544335,-0.05129574385725022,1693.7849975585937,1715.9860034179687,1693.4650527983135,46.412553435451585,-16.201718392818975,-14.085397912232528,-2.116320480586447,0.01793658476737714,1.161919236261996,0.996377950475784,0.9834870570345763,1660.300048828125
2025-01-17,1684.75,1699.9000244140625,1650.4000244140625,1660.300048828125,1572.7418212890625,2502285,-0.01620595217627141,-0.026559525918291804,-0.05360955799392342,1689.082501220703,1716.53900390625,1690.3064809916289,37.892683005592154,-16.76716364765298,-14.621751059316619,-2.1454125883363595,0.018024357616891723,0.0719568695741577,0.9829597119313136,0.9672370071695753,1674.5999755859375
2025-01-20,1663.0,1687.1500244140625,1625.0,1674.5999755859375,1586.28759765625,4856268,0.008612856915775957,0.009007893804088729,-0.006791063675805953,1688.5099975585938,1716.1600024414063,1688.8106233339438,44.94076085490738,-15.878362625630643,-14.873073372579423,-1.0052892530512203,0.016001755427697648,0.9407333697000941,0.9917619546269973,0.9757831281486892,1640.5
2025-01-21,1674.5999755859375,1703.550048828125,1636.0999755859375,1640.5,1553.98583984375,2500061,-0.020363057496167736,-0.004248861911987811,-0.041987866963891673,1684.9149963378907,1715.9500024414062,1684.209611587854,40.79348437353089,-17.721284519783012,-15.442715602020142,-2.27856891776287,0.01614883356937336,-0.48518883224731424,0.9736396219189543,0.9560301859995582,1683.949951171875
2025-01-22,1642.699951171875,1688.75,1635.25,1683.949951171875,1595.1444091796875,2478559,0.02648579772744597,0.004773412233704422,-0.01228815352348156,1683.8674926757812,1716.002001953125,1684.1848820244275,44.099884696374936,-15.497124263373735,-15.453597334290862,-0.04352692908287281,0.017342116216932543,-0.00860059014560044,1.0000489697060204,0.9813216705197494,1713.4000244140625
2025-01-23,1671.0,1729.5,1671.0,1713.4000244140625,1623.0413818359375,2255334,0.01748868677581128,0.015257902780489108,0.008653719706088525,1684.6024963378907,1716.187001953125,1686.967276537726,53.360473030953166,-11.228649567227421,-14.608607780878174,3.3799582136507524,0.01777734802760851,-0.0900624112639643,1.0170945538420928,0.9983760641842114,1723.050048828125
2025-01-24,1719.0,1736.4000244140625,1705.3499755859375,1723.050048828125,1632.1826171875,1257165,0.00563209074154325,0.03779437339912772,0.00666025428765149,1685.1724975585937,1716.9080029296874,1690.4037310415738,55.064078108883336,-6.9866386746268745,-13.084213959627915,6.0975752850010405,0.01774136418599191,-0.4425814535674095,1.0224769578926827,1.0035773878902987,1653.9000244140625
2025-01-27,1710.0,1713.9000244140625,1645.0,1653.9000244140625,1566.6793212890625,1174799,-0.04013233652794512,-0.01236113189636956,-0.049946837689220924,1680.825,1716.47400390625,1686.9271875532395,47.930909672329605,-9.099747316877483,-12.28732063107783,3.187573314200346,0.019454947296755815,-0.06551725509380235,0.9839810952443369,0.9635450467937264,1648.3499755859375
2025-01-28,1655.949951171875,1664.6500244140625,1638.0,1648.3499755859375,1561.421875,1820874,-0.003355734171472169,0.004785111603741177,-0.03390574214130304,1677.9325012207032,1715.6910034179687,1683.2531673658773,48.14457482603505,-11.094354879666525,-12.048727480795568,0.9543726011290428,0.019017342239932736,0.5499451395515318,0.9823696569359945,0.9607499091049172,1681.1500244140625
2025-01-29,1663.949951171875,1685.0,1654.050048828125,1681.1500244140625,1592.4921875,1146508,0.019898716482502854,-0.001662713761691026,-0.013322740556467538,1676.7975036621094,1716.0980029296875,1683.052868037133,54.49220777549471,-9.914122096364054,-11.621806403909266,1.7076843075452128,0.01961332050365481,-0.37035291843367524,1.0025957342746796,0.9796352082130726,1670.0999755859375
2025-01-30,1685.0,1704.9000244140625,1657.0,1670.0999755859375,1582.02490234375,868832,-0.006572910607413718,-0.02527141835598634,-0.032919295401328874,1673.9550048828125,1715.507001953125,1681.8192592322573,45.26792978436745,-9.757942219993083,-11.24903356712603,1.4910913471329472,0.01936963744872883,-0.24219281505231538,0.9976970532149131,0.9735314246368619,1674.449951171875
2025-01-31,1675.0,1695.0,1665.25,1674.449951171875,1586.1455078125,1065425,0.002604619872778269,-0.028205853735533526,-0.008878629396269044,1673.2050048828125,1714.9510009765625,1681.1174203693638,52.21887876171334,-9.17737084880173,-10.83470102346117,1.6573301746594407,0.018788054210811866,0.22627274317704682,1.0007440488675503,0.9763835527769456,1646.4000244140625
2025-02-01,1674.5,1685.9000244140625,1636.699951171875,1646.4000244140625,1559.5748291015625,410470,-0.01675172598511021,-0.004534736011420737,-0.023661284029369845,1671.2100036621093,1712.9300024414063,1677.8110017069541,49.842590797212715,-10.8555228110406,-10.838865380977056,-0.016657430063544254,0.01914572012670915,-0.6147359035126827,0.9851544813675834,0.9611601303424425,1654.699951171875
2025-02-03,1630.0,1664.050048828125,1605.1500244140625,1654.699951171875,1567.43701171875,1415698,0.00504125767415875,0.0038523224315154536,-0.009843564612312505,1670.3875,1711.372001953125,1675.6099492750418,46.772968868640845,-11.384502153356607,-10.947992735452967,-0.43650941790363973,0.01909554260609999,2.448968255901771,0.9906084373667038,0.9668850193198368,1659.050048828125
2025-02-04,1662.75,1676.949951171875,1645.050048828125,1659.050048828125,1571.5577392578125,1467006,0.0026289344199044162,-0.013145748603632268,-0.002824914303155568,1670.1525024414063,1709.6450024414062,1674.0328158991451,45.55763072121593,-11.322190404491494,-11.022832269260672,-0.2993581352308219,0.019080853550161012,0.036242192897072645,0.9933524312318475,0.9704061641211885,1661.0
2025-02-05,1662.8499755859375,1671.0,1644.4000244140625,1661.0,1573.4049072265625,1449280,0.0011753419815467847,-0.005448760983751799,0.011078616161996013,1671.0625,1707.7290014648438,1672.7915953373217,50.118035610771514,-10.988791186917979,-11.016024052792133,0.0272328658741543,0.018848387127377936,-0.012083113497831643,0.993978382017429,0.9726367582767752,1669.5999755859375
2025-02-06,1670.0,1684.699951171875,1650.0,1669.5999755859375,1581.5513916015625,1288106,0.005177589154688356,-0.002896458973015714,-0.021106942140775242,1669.2625,1706.8540014648438,1672.4876315514757,49.14030275783151,-9.91631464564557,-10.796082171362821,0.8797675257172504,0.016714998546787395,-0.11120970412894682,1.0002021704710538,0.9781738649896626,1692.0999755859375
2025-02-07,1675.0,1695.5999755859375,1657.9000244140625,1692.0999755859375,1602.8646240234375,1582031,0.013476281941189994,0.027757501514942717,0.019552285538833036,1670.8849975585938,1706.45,1674.355473840472,59.24068088284095,-7.168177017632615,-10.07050114061678,2.902324122984165,0.01582459106724732,0.22818386064500906,1.0126968511048586,0.9915907149848735,1699.050048828125
2025-02-10,1683.0,1703.75,1673.199951171875,1699.050048828125,1609.4483642578125,1235699,0.0041073656063264075,0.026802501338590634,0.0312898627181335,1673.4625,1705.512001953125,1676.7073381250104,53.110854038829096,-4.378967312346731,-8.932194374962771,4.55322706261604,0.01571087984136094,-0.21891606422377308,1.0152901835733545,0.996211135941817,1669.0999755859375
2025-02-11,1706.0,1709.0,1663.199951171875,1669.0999755859375,1581.0775146484375,1800036,-0.017627540320454216,0.006057639288767236,-0.004087219657811225,1673.1200012207032,1703.9040014648438,1675.9828274070035,40.89226701253227,-4.532965923681104,-8.052348684706438,3.5193827610253337,0.015823516452370363,0.4566945510193017,0.9975972879220661,0.9795739514380004,1680.199951171875
2025-02-12,1680.0,1690.0,1668.800048828125,1680.199951171875,1591.59228515625,1889477,0.006650276045951475,0.011559272228702566,-0.0044144657567697365,1672.7474975585938,1702.3160009765625,1676.3844582417532,41.24257674233874,-3.7164942371168763,-7.185177795188526,3.4686835580716497,0.01581591087286907,0.04968845067543093,1.0044552173141243,0.9870082582834208,1675.300048828125
2025-02-13,1675.0,1689.449951171875,1640.550048828125,1675.300048828125,1586.95068359375,1555491,-0.0029162614487237004,0.0034140352932068296,0.009034511569512516,1673.4974975585938,1700.0830029296876,1676.2811811547408,55.93126982204397,-3.425330632761643,-6.43320836270315,3.007877729941507,0.01537676932828148,-0.17676108256411693,1.0010771162025405,0.9854225034549166,1659.0999755859375
2025-02-14,1685.0,1694.0,1652.050048828125,1659.0999755859375,1571.60498046875,961944,-0.00966995330389886,-0.01950239375694851,-0.009255941852367777,1672.7224975585937,1697.6090014648437,1674.6448758624738,52.81339891456166,-4.450489427782941,-6.036664575719108,1.5861751479361672,0.015416423571276672,-0.3815817642146435,0.9918560777459867,0.9773157270928245,1664.949951171875
2025-02-17,1655.9000244140625,1667.949951171875,1631.0,1664.949951171875,1577.1463623046875,1114005,0.0035259934133091697,-0.02007009603970744,0.014903962920984393,1673.9449951171875,1695.3510009765625,1673.7215497014645,45.06396232408222,-4.736293970556517,-5.77659045468659,1.0402964841300735,0.01469277769752903,0.15807676954167804,0.9946264399537914,0.9820679907658203,1705.0
2025-02-18,1668.0,1708.949951171875,1664.050048828125,1705.0,1615.08447265625,2654136,0.024054806452251443,0.021508612389416593,0.012500400509810827,1674.9974975585938,1694.18,1676.7004497298963,59.036775977874356,-1.7113643585707905,-4.963545235463431,3.2521808768926403,0.014477964359771039,1.3825171341241735,1.0179119685164526,1.0063865704942805,1685.800048828125
2025-02-19,1694.050048828125,1712.4000244140625,1675.050048828125,1685.800048828125,1596.89697265625,1113961,-0.011260968429252172,0.0033329947738327537,-0.01610830815493658,1673.617498779297,1692.64,1677.567078215442,52.729045520878465,-0.8535225696309681,-4.141540702296939,3.2880181326659708,0.014149106832034963,-0.580292419077244,1.007279172246773,0.9959590041757993,1657.8499755859375
2025-02-20,1680.0,1693.6500244140625,1655.0,1657.8499755859375,1570.4208984375,1485087,-0.016579708407065685,-0.01041608830274543,-0.037839918397339134,1670.3574951171875,1690.005,1675.689258917394,52.75437714511238,-2.4013330213242625,-3.793499166102404,1.3921661447781415,0.014492195766159748,0.33315888078667033,0.9925120702796784,0.9809734146265469,1649.5
2025-02-21,1657.75,1664.949951171875,1642.199951171875,1649.5,1562.51123046875,1479239,-0.005036629193776343,-0.00578625503417729,-0.0026603932215438775,1670.1374938964843,1687.0669995117187,1673.1950437824041,48.74941137372748,-4.2527343276963165,-3.885346198421187,-0.36738812927512976,0.011405952314670184,-0.0039378164376902,0.9876432365766866,0.9777323606456699,1613.699951171875
2025-02-24,1630.0,1643.949951171875,1604.25,1613.699951171875,1528.5992431640625,1672609,-0.021703576131024582,-0.03078170605904862,-0.02102103614358075,1668.4049926757812,1683.8299975585937,1667.5288444861633,40.526409201348876,-8.51064255883307,-4.8104054705035635,-3.700237088329506,0.012380262555176743,0.13072262156419612,0.9672111736993964,0.9583508747982865,1593.949951171875
2025-02-25,1608.050048828125,1614.0,1589.0,1593.949951171875,1509.8907470703125,1425126,-0.012238954327077667,-0.0651319934475807,-0.051869298977394784,1664.044989013672,1680.2939965820312,1660.5213308371833,36.96286007517419,-13.3251217421016,-6.513348724823171,-6.81177301727843,0.011586690485669505,-0.1479622553746871,0.9578767170932414,0.9486137273680719,1588.25
2025-02-27,1575.0,1595.699951171875,1569.9000244140625,1588.25,1504.491455078125,2208643,-0.0035759913086884643,-0.05786572903229914,-0.049009027472874056,1659.952490234375,1676.48099609375,1653.6383469479279,34.001979050487876,-17.399993312594233,-8.690677642377384,-8.70931567021685,0.011551875560426965,0.5497878784051375,0.95680449250433,0.9473713115154119,1487.8499755859375
2025-02-28,1570.0,1572.9000244140625,1478.4000244140625,1487.8499755859375,1409.3861083984375,4155992,-0.06321424486954985,-0.10254245106823767,-0.11143956584390247,1650.622491455078,1671.15099609375,1637.848978246786,19.253362950178882,-28.403384743445486,-12.633219062591005,-15.77016568085448,0.017749934093031525,0.8816947781963858,0.9013871937939902,0.8903145072250972,1493.050048828125
2025-03-03,1500.0,1531.5,1476.199951171875,1493.050048828125,1414.31201171875,2851006,0.0034950252562524486,-0.09484689370832067,-0.09314259797858859,1642.9549926757813,1667.29099609375,1624.0586040164374,18.82567968084392,-36.28576951190439,-17.363729152453683,-18.92204035945071,0.01766582778958952,-0.31400108566137763,0.9087589468269516,0.8954945791263497,1488.25
2025-03-04,1475.0,1499.449951171875,1433.050048828125,1488.25,1409.7650146484375,2386196,-0.003214928281803031,-0.07774056823932651,-0.10059222583163396,1634.6324951171875,1662.8079956054687,1611.124451252967,20.376756222184284,-42.43082392918677,-22.377148107800302,-20.05367582138647,0.01752148714355126,-0.16303368004136087,0.910449293309385,0.8950221576593346,1538.0999755859375
2025-03-05,1488.25,1549.0,1487.5,1538.0999755859375,1456.9862060546875,1967418,0.03349570004094571,-0.035038725993169706,-0.07290320947678519,1628.5849914550781,1659.4719946289063,1604.1697392846786,29.345941110321363,-42.78514687115171,-26.458747860470584,-16.326399010681126,0.01949035885957767,-0.17550025228438904,0.9444394880562569,0.9268610621716998,1503.449951171875
2025-03-06,1541.0,1550.800048828125,1500.949951171875,1503.449951171875,1424.163330078125,2246380,-0.022527810262049197,-0.05339212896466239,-0.09485252789170684,1620.7074890136719,1655.5669946289063,1594.5773785120307,27.01003539791793,-45.339274806050526,-30.234853249586575,-15.10442155646395,0.01990141143668415,0.1417909158094517,0.9276504004352091,0.908117856933281,1492.3499755859375
2025-03-07,1501.949951171875,1507.199951171875,1482.0,1492.3499755859375,1413.64892578125,893696,-0.007383003057258808,0.0030244984869713942,-0.10616315440337443,1611.844989013672,1651.1809936523437,1584.8414353762123,27.383706260500887,-47.709153436475845,-33.72971328696443,-13.979440149511412,0.019768411371518337,-0.6021617001575869,0.9258644508360221,0.9038076269791123,1486.8499755859375
2025-03-10,1492.3499755859375,1500.0,1482.5,1486.8499755859375,1408.4388427734375,798491,-0.0036854625858392387,-0.004152622510580795,-0.12129897935193001,1601.5824890136719,1646.1009936523437,1575.508915396186,25.82135583164711,-49.460948335680996,-36.875960296707746,-12.58498803897325,0.01927182793028206,-0.10652951339157835,0.9283630320543828,0.9032556212039806,1479.199951171875
2025-03-11,1464.5,1487.4000244140625,1453.5999755859375,1479.199951171875,1401.1923828125,1769157,-0.005145121928692098,-0.006081000388459601,-0.12939589260945306,1590.5899841308594,1641.5609936523438,1566.3366330891088,16.38881358174274,-50.8800380437508,-39.67677584611636,-11.203262197634444,0.01912018221308597,1.215625473549483,0.929969361010499,0.9010935060541198,1438.300048828125
2025-03-12,1481.0,1489.0,1408.800048828125,1438.300048828125,1362.44921875,2665932,-0.027650016018015422,-0.06488520144458998,-0.13827807209498655,1579.0499877929688,1636.2499951171876,1554.1426726833008,15.394304752411713,-54.67470124366287,-42.67636092562566,-11.998340318037208,0.019547453616011293,0.5068939613612584,0.9108641651290791,0.8790221867808864,1440.6500244140625
2025-03-13,1442.0,1456.25,1422.0,1440.6500244140625,1364.67529296875,995812,0.001633856292956537,-0.04177054694029736,-0.14257227337183032,1567.072491455078,1630.5239965820313,1543.3338490386116,17.289163980139307,-56.8371920088905,-45.50852714227863,-11.328664866611867,0.01939155159742047,-0.6264675918215468,0.9193257059067969,0.8835503356184944,1440.0999755859375
2025-03-17,1442.949951171875,1448.0,1425.199951171875,1440.0999755859375,1364.154296875,1747569,-0.0003818060034037618,-0.03501189456547227,-0.14039280510181462,1555.3124877929688,1625.5369970703125,1533.5020515669282,17.705123826786703,-57.927612406581375,-47.99234419513918,-9.935268211442192,0.019431184880744943,0.7549185990930014,0.9259232385059024,0.8859226078406175,1440.0999755859375
2025-03-18,1440.0999755859375,1440.0999755859375,1440.0999755859375,1440.0999755859375,1364.154296875,0,0.0,-0.03144231144206511,-0.13199927865869365,1544.3624877929688,1620.6129956054688,1524.6066157592147,19.902919401855513,-58.12178665085116,-50.01823268628158,-8.103553964569585,0.019490717910339073,-1.0,0.9324883160325711,0.8886143573394641,1396.1500244140625
2025-03-20,1403.1500244140625,1421.0,1400.050048828125,1410.550048828125,1336.162841796875,2863413,0.010314095306559912,-0.019293609857421457,-0.1726979185758798,1516.1999938964843,1610.0489965820314,1502.6752636453334,22.346728265370857,-61.61942401179135,-54.11436011147341,-7.505063900317943,0.019048233191008464,-0.48479751126336845,0.930319255049692,0.876091380959572,1409.25
2025-03-21,1390.050048828125,1431.0999755859375,1382.050048828125,1409.25,1334.9312744140625,4056023,-0.0009216609004445431,-0.021795733788179006,-0.16404676759878334,1502.372491455078,1605.3779956054686,1493.777619488635,32.31324264680434,-61.41412997119619,-55.57431408341797,-5.839815887778222,0.01913116087516069,0.4164994710857288,0.9380163761086393,0.8778306441583567,1458.6500244140625
2025-03-24,1415.8499755859375,1467.6500244140625,1413.5999755859375,1458.6500244140625,1381.72607421875,3072831,0.035054124118547136,0.012881084051527436,-0.120155595563749,1492.4124938964844,1600.4389965820312,1490.4321342434375,43.54353955302291,-56.61266824856875,-55.781984916448124,-0.8306833321206284,0.021370648343428545,-0.24240296467746858,0.977377253527091,0.9114062001296022,1455.5
2025-03-25,1474.0,1483.9000244140625,1449.449951171875,1455.5,1378.7420654296875,2056315,-0.0021595477745444125,0.010693718960585796,-0.11761139739314941,1482.7124938964844,1596.35599609375,1487.1052643154912,43.814919735599624,-52.45696464992761,-55.11698086314402,2.6600162132164087,0.021388286071871182,-0.33080764936307916,0.9816468168923488,0.9117640448381052,1416.300048828125
2025-03-26,1464.0,1464.0,1409.5,1416.300048828125,1341.609375,2231144,-0.026932292113964307,0.014432563880460547,-0.12232751336479708,1472.8424987792969,1591.7319970703124,1480.3619104595516,26.033069960563736,-51.7303329820827,-54.43965128693176,2.709318304849063,0.021620819539444183,0.08502053430529855,0.9616099820598368,0.8897854987114153,1423.9000244140625
2025-03-27,1407.1500244140625,1430.0,1406.0,1423.9000244140625,1348.80859375,2541022,0.005366077331018904,0.009464375685944937,-0.1066846086558687,1464.3400024414063,1586.6909985351563,1474.984587979029,32.48184267360146,-49.96524934392892,-53.544770898331194,3.5795215544022767,0.021723484552320295,0.138887494487133,0.9723834779081902,0.8974022199209654,1418.25
2025-03-28,1415.0999755859375,1430.0,1408.550048828125,1418.25,1343.4566650390625,1642693,-0.00396799235703893,0.006386375731772143,-0.10703604596253735,1455.8400024414063,1581.302998046875,1469.581293885788,33.280689587169846,-48.46365870497107,-52.52854845965917,4.064889754688103,0.021721931301175217,-0.3535305872991261,0.9741798532954384,0.8968869354903724,1395.1500244140625
2025-04-01,1402.0,1416.949951171875,1385.4000244140625,1395.1500244140625,1321.57470703125,1578367,-0.016287661262779807,-0.04353340344645584,-0.06230463601370051,1451.2050048828125,1575.9999975585938,1462.4926015551473,30.831946093085776,-48.577639490933734,-51.738366665914086,3.1607271749803516,0.017217747189451352,-0.03915886900352039,0.9613734928696194,0.8852474787914411,1423.050048828125
2025-04-02,1397.1500244140625,1426.050048828125,1397.1500244140625,1423.050048828125,1348.0035400390625,1617949,0.019997866842872414,-0.022294710526880812,-0.04688389384866376,1447.7050048828125,1570.9689990234374,1458.7361679620976,39.17904935226737,-45.887706370085425,-50.56823460674836,4.680528236662937,0.01792969238313536,0.025077817769884936,0.9829696271191082,0.9058422220379503,1369.3499755859375
2025-04-03,1397.0,1400.0,1360.25,1369.3499755859375,1297.1353759765625,1943422,-0.03773589923025489,-0.033149806978425844,-0.07989250758546107,1441.7600036621093,1565.5459985351563,1450.2231972596062,37.33699865442482,-47.54103861244357,-49.962795407887405,2.4217567954438337,0.019610728223552483,0.201163942744796,0.9497766425117576,0.8746788512552204,1320.949951171875
2025-04-04,1350.0,1359.199951171875,1318.8499755859375,1320.949951171875,1251.2877197265625,1757493,-0.03534525525028942,-0.07230147585997249,-0.1411806955730166,1430.9025024414063,1558.2859985351563,1437.9114595369651,31.196982567693766,-52.15557677709444,-50.40135168172882,-1.7542250953656193,0.01870908042781456,-0.09567093508255031,0.9231586001967778,0.8476941668048191,1288.0
2025-04-07,1245.0,1293.800048828125,1209.4000244140625,1288.0,1220.0755615234375,3044730,-0.02494413292694675,-0.09183853340384274,-0.1433037069201678,1420.1300048828125,1549.777998046875,1423.634177676302,28.314806983102642,-57.80507626707481,-51.88209659879802,-5.922979668276788,0.01881929498151765,0.7324279527713624,0.9069592189246676,0.8310867760564522,1314.4000244140625
2025-04-08,1314.0,1342.050048828125,1291.1500244140625,1314.4000244140625,1245.083251953125,2868814,0.020496913364955294,-0.05787908008955056,-0.11924143403561016,1411.2325073242187,1541.6049975585938,1413.23092498466,33.333344123599474,-59.466590144802694,-53.39899530799896,-6.067594836803735,0.0198362123786502,-0.057777208488108966,0.9313844583315641,0.8526179056863782,1272.75
2025-04-09,1290.0,1299.949951171875,1264.3499755859375,1272.75,1205.6297607421875,3724878,-0.03168747994555876,-0.10561824508694995,-0.14399568154249387,1400.5275085449218,1533.9819970703124,1399.8517892718353,33.53789112232006,-63.41317316300706,-55.401830879000585,-8.011342284006474,0.02062629793998226,0.2984034517399874,0.9087647277434227,0.8297033488207629,1282.25
2025-04-11,1275.0,1312.3499755859375,1274.199951171875,1282.25,1214.6287841796875,1803181,0.007464152425849635,-0.06360680405947206,-0.13314626668006868,1390.6800109863282,1526.6599975585937,1388.651618864994,32.657475260888475,-65.0247333833895,-57.32641137987837,-7.69832200351113,0.02089434203509659,-0.5159087089563739,0.9220309416042982,0.8399054157772853,1301.699951171875
2025-04-15,1314.199951171875,1314.199951171875,1286.800048828125,1301.699951171875,1233.052978515625,1511866,0.0151686107793918,-0.0145728458394071,-0.09497329696091361,1383.8500061035156,1519.07099609375,1380.3705076561255,36.14224516232943,-63.994766130566404,-58.66008233001598,-5.3346838005504225,0.020851056973750868,-0.1615561610287597,0.9406365902595548,0.8569052760003721,1308.699951171875
2025-04-16,1292.0,1314.5999755859375,1283.5,1308.699951171875,1239.683837890625,1093342,0.005377583362201177,0.016071390661393625,-0.09159065075215189,1377.2525024414062,1511.8429956054688,1373.5447403719113,28.308974012604338,-61.90012208769281,-59.30809028155135,-2.5920318061414562,0.02092822733066802,-0.27682612083346014,0.9502251394366606,0.865632182029432,1306.800048828125
2025-04-17,1295.0999755859375,1308.9000244140625,1275.9000244140625,1306.800048828125,1237.884033203125,3027966,-0.001451747852552976,-0.005782087222134247,-0.09256296716731516,1370.5875061035156,1504.4899975585938,1367.1881030820268,28.41173151328951,-59.705163869698254,-59.387504999180734,-0.3176588705175192,0.020918290379523276,1.7694591445311714,0.9534597703602786,0.8686000245589738,1373.5
2025-04-21,1304.0,1389.0,1303.0,1373.5,1301.0665283203125,3759267,0.05104067085985209,0.0791593007267728,-0.0462467722484613,1367.2575073242188,1499.0319970703124,1367.789236121834,44.24575691491248,-51.98427270662205,-57.906858540669,5.922585834046949,0.024346217852650957,0.2415155916545959,1.0045657037115108,0.9162579602599208,1376.5
2025-04-22,1374.0,1396.0,1361.199951171875,1376.5,1303.9083251953125,2471135,0.0021842009464869694,0.07350360694092406,-0.014074436178382221,1366.2750061035156,1493.467998046875,1368.6188326816593,43.547504238230246,-45.103411850005614,-55.34616920253633,10.242757352530717,0.023416385829692972,-0.34265509738999655,1.0074838475788597,0.9216802782517983,1439.5999755859375
2025-04-23,1418.9000244140625,1449.4000244140625,1408.0,1439.5999755859375,1363.6806640625,5944062,0.045840883099119045,0.10593841099088608,0.020594750807989337,1367.7275024414062,1489.0789965820313,1375.3789415296858,52.51324093252262,-34.16480871788053,-51.10989710560517,16.94508838772464,0.025528084694893143,1.4053975197631856,1.0525488249788342,0.9667720644037919,1445.199951171875
2025-04-24,1445.0,1467.5,1434.300048828125,1445.199951171875,1368.9852294921875,2501415,0.0038899525430029502,0.10430198295474158,0.02550998841360652,1369.525,1484.7629956054689,1382.0285614956088,56.14486700551617,-24.75861381015352,-45.83964044651484,21.081026636361322,0.0255284416676447,-0.5791741405119933,1.0552563488595497,0.9733539665585075,1462.0
2025-04-25,1455.4000244140625,1473.9000244140625,1375.0,1462.0,1384.8994140625,8211667,0.011624722803583287,0.1187633496884628,0.0022966273813920246,1369.6924987792968,1480.61099609375,1389.6448889722174,54.916062195324876,-15.76676360487454,-39.82506507818678,24.05830147331224,0.024424660551409787,2.2828087302586737,1.0673928646779989,0.9874301918985806,1461.5
2025-04-28,1469.300048828125,1480.0,1437.0,1461.5,1384.4256591796875,2079431,-0.0003419972640218427,0.06406989443028754,0.0041222947440742175,1369.992498779297,1475.9989965820312,1396.4882328796252,63.43491330138159,-8.582074542563532,-33.57646697106213,24.9943924284986,0.024418028167255832,-0.7467711489031399,1.0667941622324493,0.9901768249059746,1495.300048828125
2025-04-29,1466.199951171875,1504.9000244140625,1463.300048828125,1495.300048828125,1416.443359375,2652788,0.023126957802343417,0.08630588363830372,0.05577914091393721,1373.9424987792968,1471.9239965820314,1405.8988820175775,76.54944045040564,-0.15894303973345814,-26.8929621847964,26.73401914506294,0.024021842684884782,0.27572783131539347,1.0883279687153213,1.0158812902706766,1503.0
2025-04-30,1495.300048828125,1510.800048828125,1490.0,1503.0,1423.7371826171875,1858465,0.005149435511561329,0.044040028819990695,0.05555163580988576,1377.8974975585938,1468.6019970703126,1415.146607539713,85.46685976687822,7.056428949582141,-20.103083957920695,27.159512907502837,0.024020764067111438,-0.29942950586326533,1.090792314132994,1.0234222771031958,1494.0999755859375
2025-05-02,1505.0,1519.0,1489.800048828125,1494.0999755859375,1415.3065185546875,1582577,-0.005921506596182624,0.03383616528246547,0.053481385923453306,1381.6899963378905,1464.8799975585937,1422.6659759250676,81.4600916211681,11.91910956972356,-13.698645252391845,25.617754822115405,0.024054451814511407,-0.14844939237489008,1.0813568742235846,1.0199470114112026,1494.5999755859375
2025-05-05,1499.0,1506.5,1490.5,1494.5999755859375,1415.7801513671875,846022,0.00033464962731422077,0.022298204915141895,0.07128262153286502,1386.6624938964844,1461.26599609375,1429.5168330356266,95.37740451717899,15.632957809780692,-7.8323246399573385,23.46528244973803,0.023640847775843625,-0.46541495295331603,1.0778397643006494,1.022811712296937,1496.199951171875
2025-05-06,1496.9000244140625,1504.800048828125,1486.0999755859375,1496.199951171875,1417.2957763671875,1545773,0.0010705042232523887,0.023742696662247598,0.0514036048162807,1390.3199890136718,1458.0079956054688,1435.8676061914598,95.22302427062219,18.492147984090707,-2.5674301151477295,21.059578099238436,0.02333147171130227,0.8271073329062364,1.0761551031380316,1.0261946132541928,1495.199951171875
2025-05-07,1489.0999755859375,1504.9000244140625,1480.5999755859375,1495.199951171875,1416.3485107421875,1272555,-0.0006683598667522883,-6.694151874631071e-05,0.09190490220156233,1396.6124877929688,1454.6129956054688,1441.518305713404,94.3604149385954,20.441745437078907,2.0344049952975976,18.407340441781308,0.02133122998877916,-0.17675169640044175,1.0705904209224861,1.0279022363261043,1502.800048828125
2025-05-08,1500.9000244140625,1518.5,1488.0,1502.800048828125,1423.547607421875,2829448,0.005082997528386368,-0.00013303471182635196,0.13766615267665694,1405.7049926757813,1450.5689965820313,1447.3546622005204,94.37588957294916,22.34252906157576,6.09602980855323,16.24649925302253,0.01914850720657966,1.2234386725917545,1.069072142916361,1.036007285671461,1493.699951171875
2025-05-09,1480.0,1501.300048828125,1478.0999755859375,1493.699951171875,1414.9276123046875,923174,-0.00605542810791504,-0.00026773604216523417,0.15970493103406436,1415.989990234375,1446.7269946289061,1451.7684992454112,91.36781344599027,22.85119756902691,9.447063360647967,13.404134208378942,0.017936068647864952,-0.6737264653741648,1.05488030386757,1.0324684316511408,1573.0999755859375
2025-05-12,1522.0,1576.5,1517.4000244140625,1573.0999755859375,1490.140380859375,1891418,0.05315660909794473,0.05252241488176468,0.19681980094849671,1428.9249877929688,1445.0319946289062,1463.3238779445091,91.82728243391404,29.32321959998626,13.422294608515626,15.900924991470633,0.020479753660416152,1.0488206990231528,1.1008975201809947,1.0886263981926019,1572.5
2025-05-13,1600.300048828125,1600.9000244140625,1565.0999755859375,1572.5,1489.572021484375,3724272,-0.000381396983821114,0.05099589046795794,0.2355136515419367,1443.9124877929687,1443.4919946289062,1473.721603854556,91.49022818137091,34.011863086332596,17.540208304079023,16.471654782253573,0.018265286214385505,0.9690369870647313,1.0890549207754123,1.089372165450948,1603.199951171875
2025-05-14,1584.0,1609.4000244140625,1578.0999755859375,1603.199951171875,1518.6529541015625,2354571,0.019523021412957142,0.07223114200569247,0.25030216507847536,1459.9599853515624,1443.2819946289062,1486.052875027634,90.13734995037528,39.74670108978694,21.98150686122061,17.76519422856633,0.01834875208758668,-0.36777684336697214,1.0981122546217046,1.11080160158451,1629.0999755859375
2025-05-15,1606.0,1636.4000244140625,1600.199951171875,1629.0999755859375,1543.1871337890625,2972408,0.016155205341124468,0.0840430680424189,0.2515172748676189,1476.3299865722656,1443.9849951171875,1499.6764084141391,91.03075504308953,45.85295274273449,26.755796037523385,19.097156705211102,0.01836077465328968,0.2623989677949825,1.103479567849443,1.1281973019766225,1617.0
2025-05-16,1635.0,1635.9000244140625,1601.300048828125,1617.0,1531.7252197265625,1159095,-0.007427399034602211,0.0825467315114996,0.2355773365407845,1491.7449890136718,1444.5599951171876,1510.8500838032687,85.32358626092316,49.149272050948866,31.234491240208484,17.914780810740382,0.018801161243271716,-0.6100484859413647,1.0839654310279572,1.1193719924860743,1597.800048828125
2025-05-19,1617.0,1626.199951171875,1593.0999755859375,1597.800048828125,1513.537841796875,681874,-0.01187381024853118,0.015701527954691707,0.22268135072458461,1506.294989013672,1446.7589965820312,1519.131032853255,78.622426065718,49.64013270263763,34.915619532694315,14.724513169943314,0.019296419218334675,-0.4117186253068127,1.0607484327318721,1.1043995942675513,1576.0
2025-05-20,1612.0,1619.5,1573.300048828125,1576.0,1492.8873291015625,1869716,-0.013643790312882875,0.0022257551669315756,0.14743356388787765,1516.419989013672,1448.4179956054688,1524.5471249624688,67.8460672968321,47.71997538416599,37.476490702988656,10.243484681177335,0.01743531330616154,1.7420256528332212,1.0392899140198493,1.0880836918497407,1598.199951171875
2025-05-21,1577.0,1603.0,1569.4000244140625,1598.199951171875,1513.9166259765625,930031,0.014086263433930934,-0.0031187625700369592,0.161060625624319,1527.5049865722656,1450.6169946289062,1531.5616798395552,69.78385547205575,47.442697517203214,39.46973206583157,7.972965451371643,0.01746390359750317,-0.5025816755057988,1.0462813314660593,1.1017380584188752,1565.5999755859375
2025-05-22,1589.699951171875,1589.699951171875,1558.0,1565.5999755859375,1483.0357666015625,1789310,-0.02039793303837467,-0.0389785777126177,0.08752431379329262,1533.8049865722655,1451.1669946289062,1534.8034222915915,63.52629337698243,44.084231648571176,40.3926319823795,3.691599666191678,0.016061935537694673,0.9239251164746121,1.0207294860115999,1.0788558321547923,1580.300048828125
2025-05-23,1575.0,1604.0,1567.800048828125,1580.300048828125,1496.960693359375,1159290,0.00938941841557317,-0.022696321071042025,0.09348194175255875,1540.559991455078,1452.7039965820313,1539.1364343426899,65.38600281484813,42.12322597994785,40.73875078189317,1.3844751980546803,0.01610113230415905,-0.3521022069959928,1.0257958518937726,1.0878334833154626,1601.4000244140625
2025-05-26,1583.0,1604.4000244140625,1583.0,1601.4000244140625,1516.947998046875,711029,0.013351879348218798,0.0022530826611113497,0.09534885390838754,1547.5299926757812,1454.8849975585938,1545.0663000637728,67.65101176994918,41.789977699648716,40.94899616544428,0.8409815342044382,0.016145366486237187,-0.38666856437992214,1.0348103312977712,1.1007055726750443,1592.4000244140625
2025-05-27,1601.4000244140625,1604.300048828125,1578.5,1592.4000244140625,1508.422607421875,1394001,-0.00562008234219491,0.010406106861714726,0.08956553158676872,1554.0749938964843,1456.9959985351563,1549.5742738114195,65.88235857302254,40.33469796209647,40.82613652477472,-0.4914385626782476,0.016274493311192236,0.9605402873863091,1.0246609916948004,1.0929336978379072,1580.300048828125
2025-05-28,1600.800048828125,1602.0,1578.0999755859375,1580.300048828125,1496.960693359375,820958,-0.007598577870149059,-0.011200039350911628,0.056844778455410916,1558.3249938964843,1459.0180004882814,1552.500538098725,62.47987117552335,37.76962663422887,40.21483454666556,-2.445207912436686,0.015860794003570624,-0.41107789736162315,1.0141017149937983,1.0831258067407359,1600.0
2025-05-29,1592.0999755859375,1604.9000244140625,1584.5,1600.0,1515.621826171875,1799251,0.012465956187550198,0.021972422681718617,0.0645375914836992,1563.1749938964845,1462.2519995117189,1557.0242963750368,66.552491018647,36.901038346798714,39.55207530669219,-2.6510369598934744,0.015999527725924924,1.1916480502047606,1.0235578270170014,1.0942026412234542,1573.9000244140625
2025-05-30,1595.0,1595.0,1568.0,1573.9000244140625,1490.8980712890625,2780942,-0.016312484741210942,-0.004049879273754664,0.05341011319997513,1567.1649963378907,1464.9169995117188,1558.6315085692297,50.149374423379165,33.71794646977082,38.385249539307914,-4.667303069537091,0.016474729995119168,0.545610923656566,1.0042975871027684,1.074395358193447,1549.0999755859375
2025-06-02,1565.0,1569.0,1542.0999755859375,1549.0999755859375,1467.4061279296875,2120693,-0.015757067439755357,-0.03265895343498648,0.03646460651026984,1569.8899963378906,1467.0969995117186,1557.7237435232018,45.993144829379496,28.86146949185286,36.480493529816904,-7.619024037964046,0.016983063637698713,-0.23741919105108988,0.9867570206826909,1.0558947200502156,1543.800048828125
2025-06-03,1555.9000244140625,1564.9000244140625,1533.9000244140625,1543.800048828125,1462.3856201171875,2316285,-0.0034212941974954836,-0.03051995405728547,0.031813994926926714,1572.270001220703,1469.1710009765625,1556.397677361766,38.85972712279291,24.304845571301257,34.04536393811377,-9.740518366812516,0.017024639875308546,0.09223022851492413,0.9818924533505861,1.0507967063071326,1556.699951171875
2025-06-04,1544.800048828125,1566.5999755859375,1544.0,1556.699951171875,1474.6051025390625,1439090,0.008355941142469847,-0.014933934649784208,0.04113162253101921,1575.3450012207031,1472.3819995117187,1556.426465343681,35.72553212074769,21.486914816851368,31.533674113861295,-10.046759297009928,0.017077995897936033,-0.37870771515595014,0.9881644655396878,1.057266355937602,1562.800048828125
2025-06-05,1560.0,1570.300048828125,1547.0,1562.800048828125,1480.3836669921875,1529586,0.003918608497198051,-0.02324996948242186,0.03992547115418832,1578.3450012207031,1475.4269995117188,1557.0334732945805,39.05493068709456,19.520886661962095,29.131116623481457,-9.610229961519362,0.017069467556798997,0.06288418375501181,0.990151106139307,1.0592188223106407,1571.0999755859375
2025-06-06,1564.800048828125,1573.5,1555.4000244140625,1571.0999755859375,1488.245849609375,828051,0.00531093325984755,-0.001779051264178877,0.05181765210164113,1582.2150024414063,1478.6639990234376,1558.3731401794716,44.359929759237154,18.420193385541324,26.988931975893433,-8.568738590352108,0.016972741720262186,-0.4586437114356434,0.9929750211960334,1.0625131717709688,1579.0999755859375
2025-06-09,1575.0,1591.5,1571.0999755859375,1579.0999755859375,1495.823974609375,598108,0.005091973855461562,0.0193660838375862,0.003814125035355831,1582.5150024414063,1481.072998046875,1560.3471245038968,50.69537430277739,17.98608676286949,25.188362933288648,-7.202276170419157,0.012170469639513567,-0.2776918329909631,0.997842025604686,1.0661864591875843,1610.9000244140625
2025-06-10,1579.0999755859375,1633.5,1579.0,1610.9000244140625,1525.9468994140625,3324373,0.020138084554352176,0.043464162108863835,0.02441972935711445,1584.4350036621095,1484.1809985351563,1565.161686400103,52.73119998067875,19.977761118713488,24.14624257037362,-4.168481451660131,0.01295321371518076,4.558148361165542,1.0167031280492949,1.085379765678158,1637.5
2025-06-11,1618.0,1649.0,1604.5999755859375,1637.5,1551.1441650390625,2660949,0.016512493129803518,0.051904703130040586,0.021394741687119634,1586.1500061035156,1488.6049975585938,1572.0510496000932,65.87197862340184,23.432458326087954,24.003485721516487,-0.5710273954285334,0.012745974832032839,-0.19956364703960716,1.0323739833552246,1.100023177864916,1644.4000244140625
2025-06-12,1636.0,1658.0,1611.9000244140625,1644.4000244140625,1557.68017578125,2316173,0.004213755367366456,0.05221395766344239,0.009391718775652258,1586.9150085449219,1493.0149975585937,1578.9414281538047,64.6547841050598,26.422522663174504,24.487293109848093,1.9352295533264119,0.012276440654772836,-0.12956881172844725,1.036224382250849,1.1013955165239575,1659.0
2025-06-13,1605.0,1669.0,1604.5999755859375,1659.0,1571.51025390625,2511076,0.008878603362426851,0.05594807827635573,0.025974025974025983,1589.0150085449218,1497.8299975585937,1586.5660540439185,63.57210696865575,29.628724710047436,25.515579429887964,4.113145280159472,0.012260968057216399,0.08414872291491182,1.04404300216092,1.107602333178069,1693.9000244140625
2025-06-16,1658.0,1706.0,1651.199951171875,1693.9000244140625,1604.56982421875,2160406,0.02103678385416674,0.07269967108037445,0.06014518253170675,1593.8200073242188,1503.8049975585936,1596.788336936313,71.31458682173007,34.58710461786427,27.32988446748323,7.257220150381041,0.012596047582845802,-0.1396492977512429,1.0627925466049726,1.126409359700284,1718.5999755859375
2025-06-17,1692.4000244140625,1725.0,1684.199951171875,1718.5999755859375,1627.9671630859375,2105126,0.01458170542291537,0.06685700511491954,0.09048221801138157,1600.9500061035155,1509.71599609375,1608.3894453791345,77.58277244412979,40.04808663778067,29.873524901542716,10.174561736237955,0.01220835694168203,-0.025587783037077316,1.0734875973852334,1.1383597842459479,1710.699951171875
2025-06-18,1717.0999755859375,1732.800048828125,1708.4000244140625,1710.699951171875,1620.483642578125,1299278,-0.00459677907965117,0.044702260257633686,0.07039169280258695,1606.5750061035155,1516.5429956054688,1618.1333030736812,73.1686890797867,43.240043974908986,32.54682871621597,10.693215258693016,0.012143704086383062,-0.3828027395984849,1.064811754616361,1.1280260145139442,1684.0
2025-06-19,1684.0,1694.0,1660.699951171875,1684.0,1595.19189453125,3056884,-0.015607617895578296,0.024081716734374314,0.07562597487250877,1612.4950073242187,1523.8039965820312,1624.4063218285687,72.98539283979525,43.11819058174137,34.66110108932105,8.457089492420323,0.011686662140768243,1.3527559152082924,1.0443443188047057,1.1051290085715069,1696.0999755859375
2025-06-20,1680.0,1708.5,1669.199951171875,1696.0999755859375,1606.65380859375,3425550,0.007185258661483118,0.02236285448218056,0.07327717723206062,1618.2850036621094,1531.96599609375,1631.2342888530802,82.40743531559616,43.496586225496685,36.428198116556175,7.0683881089405105,0.011640652964366166,0.12060189395475907,1.0480848378052916,1.1071394403731551,1681.800048828125
2025-06-23,1680.0,1692.0,1675.699951171875,1681.800048828125,1593.10791015625,732380,-0.00843106359509993,-0.0071432643081299485,0.05020608416905703,1622.3050048828125,1539.3139965820312,1636.0500755173703,79.26211075172182,42.15662755857943,37.57388400496083,4.582743553618599,0.011699736205744656,-0.7862007560829648,1.03667315564351,1.0925646440963162,1677.0999755859375
2025-06-24,1698.800048828125,1708.5,1674.699951171875,1677.0999755859375,1588.6556396484375,1923989,-0.002794668275495904,-0.024147562312079707,0.053190121749113306,1626.5400024414062,1547.40099609375,1639.9595898096147,76.44992032712273,40.251450366506106,38.109397277269885,2.142053089236221,0.011613045820867557,1.6270365111007945,1.0310843711612636,1.08381730386603,1705.0
2025-06-25,1689.800048828125,1714.0,1675.800048828125,1705.0,1615.08447265625,1416375,0.016635874318890798,-0.003331940921591947,0.0789090345623582,1632.775,1555.85599609375,1646.1539145896513,78.50842158227464,40.52572715940505,38.59266325369692,1.9330639057081314,0.011749997593380286,-0.2638341487399356,1.0442345087351288,1.095859773835562,1690.199951171875
2025-06-26,1695.0,1703.5,1670.300048828125,1690.199951171875,1601.0648193359375,2528268,-0.008680380544354827,0.0036816812184530257,0.05637496948242182,1637.2849975585937,1563.62599609375,1650.3487752165297,73.27080191935156,39.09815406032271,38.69376141502208,0.4043926453006321,0.011886436768875597,0.78502727032036,1.0323187189109926,1.0809489963676302,1674.4000244140625
2025-06-27,1698.0,1701.800048828125,1662.5999755859375,1674.4000244140625,1586.09814453125,6183785,-0.00934796308972663,-0.012794028349878639,0.06385411934751994,1642.3099975585938,1570.9399975585939,1652.6393703781994,68.06978886507454,36.27372908109851,38.20975494823737,-1.9360258671388593,0.011388222827541589,1.4458581922486067,1.019539567379589,1.0658586750711398,1687.0
2025-06-30,1680.5999755859375,1689.5,1660.0,1687.0,1598.03369140625,1546996,0.007525068921536038,0.0030918961950907597,0.08901944780026394,1649.2049987792968,1578.5439965820312,1655.9118112945614,65.56237496523866,34.65261093521576,37.498326145633044,-2.845715210417282,0.01050859869890274,-0.7498302415106606,1.0229171032398507,1.0687063544968052,1671.199951171875
2025-07-01,1690.0,1697.4000244140625,1669.300048828125,1671.199951171875,1583.06689453125,1689051,-0.009365766940204523,-0.0035179920696147837,0.0825235770917725,1655.5749938964843,1584.4979956054688,1657.3678246162103,57.21008947646085,31.727199821124486,36.34410088073133,-4.616901059606846,0.010818723133529046,0.09182635249218496,1.0094377828446275,1.0547188799271883,1677.0999755859375
2025-07-02,1675.0,1699.0,1667.5,1677.0999755859375,1588.6556396484375,1931642,0.0035304120311427933,-0.0163636506827346,0.07734311568740404,1661.5949951171874,1590.5099951171876,1659.2470770895177,57.026204992136506,29.54430474401397,34.984141653387866,-5.439836909373895,0.010770826276703005,0.14362562172486215,1.0093313837092153,1.054441644965815,1671.9000244140625
2025-07-03,1684.9000244140625,1693.0,1670.0,1671.9000244140625,1583.7301025390625,1713273,-0.0031005612352109635,-0.010827078030101966,0.06981057856233552,1667.0499938964845,1595.15599609375,1660.4521196918552,52.888497233600454,27.082561159985516,33.403825554707396,-6.321264394721879,0.010880106735286029,-0.11304838060054612,1.0029093491708918,1.0481106728797966,1655.199951171875
2025-07-04,1645.0,1663.9000244140625,1640.5,1655.199951171875,1596.558837890625,1310544,-0.009988679345848017,-0.01146683765064227,0.053529359616069305,1671.2549926757813,1599.35599609375,1659.951913166143,40.56555878867669,23.513011926284207,31.42566282902276,-7.912650902738552,0.01127212343052489,-0.2350641141254196,0.9903934219647708,1.0349165259107527,1623.9000244140625
2025-07-07,1647.9000244140625,1647.9000244140625,1615.5,1623.9000244140625,1566.3677978515625,1550115,-0.018910057806401093,-0.03740366069113066,0.028370622203006235,1673.4949951171875,1602.5939965820312,1656.5183999516591,27.63344992578908,17.951541737703792,28.73083861075897,-10.779296873055177,0.012237178706303484,0.18280271398747394,0.9703644344035507,1.01329471336937,1635.4000244140625
2025-07-08,1623.0,1643.800048828125,1619.0,1635.4000244140625,1577.4603271484375,1318755,0.007081716748018163,-0.021421689686329293,0.015208889210186483,1674.7199951171874,1606.0719970703126,1654.5071260909358,32.512783935473365,14.307067467588922,25.84608438212496,-11.539016914536038,0.011515919855235637,-0.14925344248652517,0.9765214657866591,1.0182607176996101,1614.800048828125
2025-07-09,1634.800048828125,1636.4000244140625,1612.0,1614.800048828125,1557.5902099609375,1173847,-0.012596291597414044,-0.03714741378852293,-0.013862565601145072,1673.5849975585938,1608.4619970703125,1650.7254996849538,33.46081086916183,9.645363733804743,22.60594025246092,-12.960576518656175,0.011264677904397547,-0.10988242698605877,0.9648748352690639,1.0039404423414149,1600.0999755859375
2025-07-10,1614.800048828125,1617.4000244140625,1590.0999755859375,1600.0999755859375,1543.410888671875,1631315,-0.009103339607188787,-0.042945180800082916,-0.026939946588671493,1671.3699951171875,1610.4039965820311,1645.904021199333,27.337115706261315,4.710457658286032,19.02684373362594,-14.31638607533991,0.011356041845707512,0.3897168881464108,0.957358322968905,0.9936015925084866,1602.5
2025-07-11,1580.0,1607.0,1577.800048828125,1602.5,1545.725830078125,2559235,0.0014999215365800733,-0.03183902412186734,-0.034056660638939085,1668.5449951171875,1612.5719970703126,1641.7703048946348,30.16508486292595,0.9818527642487425,15.417845539750502,-14.43599277550176,0.01112535605855866,0.5688171812310927,0.9604176121648138,0.9937540791427538,1576.699951171875
2025-07-14,1598.0,1598.0,1564.0999755859375,1576.699951171875,1520.83984375,2068336,-0.016099874463728514,-0.029065873842337275,-0.06918948671880931,1662.684991455078,1614.2139965820313,1635.57312834961,27.285074896447426,-4.008731634909964,11.53253010481841,-15.541261739728373,0.010195952910649316,-0.19181474151455413,0.9482854294559102,0.9767601783347256,1579.0
2025-07-15,1554.5999755859375,1594.9000244140625,1553.0,1579.0,1523.0584716796875,2574760,0.0014587739578577619,-0.03448699007710343,-0.08122889419822232,1655.7049926757813,1615.8699975585937,1630.1852113639327,17.758468387311197,-7.689570427051194,7.68810999844449,-15.377680425495683,0.00935683617658645,0.24484609850623884,0.9536723069537777,0.9771825718564611,1607.9000244140625
2025-07-16,1580.0,1611.0,1577.300048828125,1607.9000244140625,1550.9345703125,2207039,0.018302738704282673,-0.0042729899711545505,-0.06009231875373111,1650.5649963378905,1618.1239990234376,1628.0628126068023,30.358024151844887,-8.180372998381245,4.514413399079343,-12.694786397460588,0.010619694948256877,-0.14281758299802705,0.9741512924250249,0.9936815876808295,1563.699951171875
2025-07-17,1583.4000244140625,1603.9000244140625,1560.9000244140625,1563.699951171875,1508.300537109375,7617296,-0.02748931685494227,-0.02274859381879135,-0.07143708362715262,1644.5499938964845,1619.3419970703126,1621.9330162796664,26.733932686431544,-11.997613072180457,1.2120081048273832,-13.20962117700784,0.011642793364302049,2.4513644752086394,0.9508375889911082,0.9656391015615575,1548.9000244140625
2025-07-18,1573.0,1574.0,1538.0,1548.9000244140625,1494.02490234375,3619191,-0.00946468454304239,-0.033447722674532,-0.08678730811314528,1637.1899963378905,1620.4459985351561,1614.9774932448468,21.241180923696717,-16.032224232365024,-2.236838362611098,-13.795385869753925,0.011421595318006603,-0.5248719493111467,0.9460722505504447,0.9558479738382091,1543.800048828125
2025-07-21,1551.0,1553.4000244140625,1531.300048828125,1543.800048828125,1489.1055908203125,988104,-0.003292643492511238,-0.020866305170680888,-0.08205493875217695,1630.2899963378907,1619.86,1608.1986890146827,22.231948345240596,-19.417376621332096,-5.672946014355298,-13.744430606976799,0.011385466596171819,-0.7269820796968163,0.9469481210680017,0.9530453550480443,1547.199951171875
2025-07-22,1550.0,1552.800048828125,1541.199951171875,1547.199951171875,1492.3851318359375,1404790,0.002202294491654433,-0.020139359612492136,-0.0774551465655341,1623.7949951171875,1619.3539990234376,1602.3892854106057,21.375052790428057,-21.577063615223096,-8.853769534528858,-12.723294080694238,0.011472653706748163,0.4217025738181406,0.952829609540837,0.9554426963498558,1546.5999755859375
2025-07-23,1551.0,1552.9000244140625,1534.5,1546.5999755859375,1491.8062744140625,2887100,-0.00038778154399699005,-0.03812429124781158,-0.09290324012554985,1615.8749938964843,1618.2219995117186,1597.0760178082562,21.817359130451024,-23.071094912275612,-11.69723461007821,-11.373860302197402,0.010450106130689986,1.055182625161056,0.9571284792621869,0.9557402977172524,1498.5999755859375
2025-07-24,1554.0,1554.0,1495.5,1498.5999755859375,1445.5069580078125,2207437,-0.031035820999424812,-0.04163201229056124,-0.11335935458588464,1606.2949951171875,1615.6119995117188,1587.6973471204165,19.12460751935869,-27.807773621791966,-14.919342412420963,-12.888431209371003,0.01197070140226961,-0.2354137369678917,0.9329543951399829,0.9275741799632923,1461.9000244140625
2025-07-25,1490.0999755859375,1501.300048828125,1455.699951171875,1461.9000244140625,1410.107177734375,1179664,-0.02448949137178902,-0.05616889316849971,-0.12691113049545133,1595.6699951171875,1612.51,1575.7166497198114,18.725868725868736,-34.129580412226005,-18.761390012381973,-15.368190399844032,0.012657414256709366,-0.4655956206224685,0.9161668947135271,0.906599043983642,1450.5999755859375
2025-07-28,1462.0,1466.0,1445.0999755859375,1450.5999755859375,1399.2073974609375,1070496,-0.007729700143246143,-0.06037055984868911,-0.1401304234819576,1583.8499938964844,1609.5659985351563,1563.8007759927757,14.296751553000107,-39.595050249570704,-22.92812205981972,-16.666928189750983,0.012207605152168207,-0.09254160506720555,0.915869546469654,0.9012367165472609,1453.800048828125
2025-07-29,1450.5999755859375,1459.0999755859375,1436.4000244140625,1453.800048828125,1402.294189453125,1458817,0.0022060342589589332,-0.060367053575077545,-0.13008611099545886,1572.979998779297,1607.1219995117187,1553.324516262809,16.652878561856838,-43.17061137062569,-26.976619921980912,-16.19399144864478,0.012384912449903817,0.362748669775506,0.9242330162852287,0.9045984370009392,1463.199951171875
2025-07-30,1451.300048828125,1466.0999755859375,1448.5999755859375,1463.199951171875,1411.361083984375,1299448,0.006465746339276102,-0.05392475477213554,-0.12754160606276976,1562.2849975585937,1604.4219995117187,1544.7412243493868,21.008039269315262,-44.73015438254174,-30.52732681409308,-14.202827568448662,0.012531181500957243,-0.10924536799338092,0.9365768431870239,0.9119794864550458,1463.699951171875
2025-07-31,1450.0,1473.300048828125,1447.199951171875,1463.699951171875,1411.84326171875,1382994,0.0003417167965318324,-0.02328841917965263,-0.12452902099523189,1551.8749938964843,1602.3839990234376,1537.0230078562904,20.367190912379343,-45.40238717669217,-33.502338886612904,-11.900048290079269,0.012606972122064299,0.06429345383578267,0.943181607364381,0.9134514274131028,1438.800048828125
2025-08-01,1456.5999755859375,1459.800048828125,1432.4000244140625,1438.800048828125,1387.8255615234375,1620011,-0.01701161657060557,-0.01580133743769252,-0.13073943253232923,1541.054998779297,1599.5539990234374,1527.6684403297984,20.445774155605505,-47.39797616617807,-36.28146634252594,-11.11650982365213,0.012804016260805948,0.17137962999116407,0.933646138501111,0.8995007669053647,1475.0
2025-08-04,1435.0,1477.0,1419.0999755859375,1475.0,1422.7430419921875,1581473,0.025159820644542696,0.01682064306130071,-0.09169285188464038,1533.6099975585937,1597.0259985351563,1522.6523983936272,30.53890081776234,-45.53357854404567,-38.13188878282989,-7.401689761215778,0.014329991467767995,-0.0237887273604932,0.961782984166837,0.9235917269680753,1485.4000244140625
2025-08-05,1470.0999755859375,1487.800048828125,1461.199951171875,1485.4000244140625,1432.7745361328125,2929677,0.007050864009533919,0.021736122248317002,-0.09172067858672228,1526.1099975585937,1594.8859985351562,1519.1045532527164,25.371905045186196,-42.72433539915551,-39.05037810609502,-3.6739572930604893,0.014328658103447366,0.8524989045023215,0.9733243519735424,0.9313518494603047,1459.0
2025-08-06,1480.0999755859375,1481.5,1453.300048828125,1459.0,1407.309814453125,1039973,-0.0177730065841869,-0.00287038772008652,-0.09648256385748222,1518.3199951171875,1592.4599975585938,1513.380310085791,27.327824565298982,-42.142459265686284,-39.66879433801327,-2.4736649276730134,0.014524215768925241,-0.6450212770895905,0.9609305052242237,0.9161925588314923,1482.0
2025-08-07,1455.0,1492.0,1450.0,1482.0,1429.4949951171875,1587489,0.015764222069910794,0.012502595776869185,-0.07380787287537494,1512.4149963378907,1590.0999975585937,1510.3917091252395,36.01001682233925,-39.37155962532529,-39.60934739547568,0.23778777015039054,0.015199522016184202,0.526471360314162,0.9798897813023961,0.9320168557168932,1480.4000244140625
2025-08-08,1473.800048828125,1496.0,1473.800048828125,1480.4000244140625,1427.9517822265625,1371665,-0.0010796056585273828,0.028912965091862475,-0.0761934325029251,1506.3099975585938,1588.2299975585938,1507.5353582003654,36.54497099272396,-36.879581496566516,-39.06339421569385,2.1838127191273315,0.015163834217299294,-0.13595306802125873,0.9827990432337794,0.9321068275310967,1481.0999755859375
2025-08-11,1480.4000244140625,1522.699951171875,1469.699951171875,1481.0999755859375,1428.6268310546875,888886,0.00047281218611971987,0.004135576668432117,-0.0606329539839735,1501.5299987792969,1586.8699975585937,1505.017702713277,35.80935209377776,-34.45106028799819,-38.14092743015472,3.6898671421565297,0.014909598741089417,-0.3519656767505185,0.9863938627866453,0.9333467630395786,1509.300048828125
2025-08-12,1482.5999755859375,1517.4000244140625,1481.0,1509.300048828125,1455.827880859375,2532937,0.01903995254002444,0.016089958274701166,-0.04414183101448699,1498.0450012207032,1586.1799975585936,1505.4255452004054,42.84070168204065,-29.906189563526596,-36.49397985682909,6.587790293302497,0.015685441295315742,1.8495633860810048,1.0075131572137355,0.9515313843014033,1506.300048828125
2025-08-13,1515.0,1518.699951171875,1499.300048828125,1506.300048828125,1452.93408203125,1815196,-0.0019876763419767185,0.03241949885409534,-0.06318799306129852,1492.9650024414063,1585.1719995117187,1505.5088312601883,51.786560928981096,-26.243898374114224,-34.44396356028612,8.200065186171898,0.014931893608201793,-0.2833631472081619,1.0089319216223502,0.9502439163018974,1486.699951171875
2025-08-14,1509.9000244140625,1529.9000244140625,1485.0,1486.699951171875,1434.0284423828125,1715172,-0.0130120806087064,0.003171357066042546,-0.04924218354185805,1489.1150024414062,1583.6499975585937,1503.7175093470155,56.249980772697604,-24.639046704000748,-32.48298018902905,7.843933485028302,0.014012590389754357,-0.05510369128182302,0.9983781969387376,0.9387806355342532,1471.199951171875
2025-08-18,1500.0,1500.0,1468.0999755859375,1471.199951171875,1419.07763671875,1249405,-0.010425775549250726,-0.006214585983831511,-0.050164679461207284,1485.229998779297,1581.6519970703125,1500.6205990446213,55.08390376809289,-24.33736466383766,-30.853857083990775,6.516492420153114,0.014039613761419769,-0.2715570216864548,0.9905536195613116,0.9301666573285227,1496.699951171875
2025-08-19,1472.0,1499.5999755859375,1464.4000244140625,1496.699951171875,1443.6741943359375,1807647,0.01733279013480682,0.010532695863266106,-0.030509195599522698,1482.8749938964843,1580.0039965820313,1500.2472040091216,59.53755468470131,-21.789467171814067,-29.040979101555436,7.251511929741369,0.014717620572174501,0.44680627978917964,1.0093230766802963,0.9472760539907715,1524.0999755859375
2025-08-20,1488.0,1532.0,1487.4000244140625,1524.0999755859375,1470.1033935546875,2329633,0.018306958848103738,0.009805821426497552,-0.014930181175640045,1481.7199951171874,1578.2679956054687,1502.518896540247,62.5360268202873,-17.359181238516385,-26.704619528947628,9.345438290431243,0.015354447162552414,0.2887654503340531,1.0286018820076719,0.9656788199657114,1521.300048828125
2025-08-21,1528.0,1531.699951171875,1509.0999755859375,1521.300048828125,1467.4027099609375,1251760,-0.0018371017667236922,0.00995817533941512,-0.016358416628208916,1480.4549987792968,1575.9439965820313,1504.3075777105212,61.745536118780606,-13.91369004936496,-24.146433633031098,10.232743583666139,0.015356616146087586,-0.4626793147246798,1.0275895248977556,0.9653262121798616,1505.0
2025-08-22,1529.5999755859375,1529.5999755859375,1499.0,1505.0,1451.68017578125,969599,-0.010714552228326735,0.012309174298216874,0.00427066896992323,1480.775,1573.15599609375,1504.3735226904714,63.98984020455798,-12.35595936552886,-21.788338779530655,9.432379414001794,0.013842266906039092,-0.22541142071962672,1.0163596765207408,0.9566756276790186,1527.0999755859375
2025-08-25,1516.0,1539.699951171875,1505.0,1527.0999755859375,1472.9971923828125,1386218,0.014684369160091304,0.037996211439196736,0.04459945966415013,1484.0349975585937,1570.5179956054687,1506.5379467757539,61.70785325894637,-9.231745428425256,-19.277020109309575,10.045274680884319,0.012887990586643609,0.4296817550348133,1.0290188426136786,0.9723543314110242,1502.199951171875
2025-08-26,1521.0,1526.5,1498.9000244140625,1502.199951171875,1448.979248046875,1510822,-0.01630543174130339,0.0036747512390133963,0.03557147142863748,1486.6149963378907,1566.683994140625,1506.1248043372893,53.5442865199935,-8.665121124084862,-17.154640312264632,8.48951918817977,0.013371525461315172,0.0898877377151357,1.0104835178391016,0.9588404278017014,1495.5999755859375
2025-08-28,1500.0,1509.199951171875,1482.5999755859375,1495.5999755859375,1442.61328125,1771867,-0.004393540008298391,-0.018699560695841666,0.028752184175194095,1488.7049926757813,1562.223994140625,1505.1224396943035,58.42540590332282,-8.648930663162673,-15.453498382444241,6.804567719281568,0.013443098927183409,0.17278342518178835,1.0046315307223919,0.9573530948157423,1481.4000244140625
2025-08-29,1498.800048828125,1504.699951171875,1478.699951171875,1481.4000244140625,1428.9163818359375,2279980,-0.00949448475773862,-0.026227583733266835,0.012438541449930396,1489.6149963378907,1557.6379956054689,1502.8631620485662,49.85605193962323,-9.67044215434862,-14.296887136825118,4.626444982476498,0.013605785819462975,0.2867670090362313,0.9944851710381379,0.9510553983618177,1505.5
2025-09-01,1485.0,1509.9000244140625,1485.0,1505.5,1452.1624755859375,1241192,0.01626837801320402,0.00033222591362136455,0.02855779888129306,1491.7049987792968,1554.0679956054687,1503.1142894725122,55.43524749502124,-8.438062026292755,-13.125122114718646,4.687060088425891,0.014042426133352548,-0.4556127685330573,1.0092478078654907,0.9687478310197447,1512.800048828125
2025-09-02,1502.0,1519.9000244140625,1498.5999755859375,1512.800048828125,1459.2039794921875,1137022,0.004848919845981348,-0.009364106467440458,0.0514317469340313,1495.4049987792969,1550.4019970703125,1504.0367427444753,56.67369619978608,-6.794021711455343,-11.858902034065988,5.0648803226106445,0.013359693990607947,-0.08392738593223292,1.011632333757763,0.9757469686486206,1508.199951171875
2025-09-03,1512.800048828125,1516.0999755859375,1497.300048828125,1508.199951171875,1454.7667236328125,1431929,-0.003040783651357848,0.003994142055003591,0.022508441472457674,1497.0649963378905,1546.9299951171874,1504.43323878518,49.74284784879042,-5.79549054606764,-10.646219736466318,4.850729190398678,0.012298888945582884,0.25936789261773296,1.0074378566469877,0.9749632859485807,1500.4000244140625
2025-09-04,1506.0999755859375,1510.800048828125,1495.300048828125,1500.4000244140625,1447.2431640625,1038934,-0.005171679492332548,0.003209446982134656,0.010098289856913745,1497.8149963378905,1543.39599609375,1504.0491231307878,48.6511151261644,-5.569336462172487,-9.630843081607551,4.061506619435065,0.01229575577515824,-0.27445145674122107,1.001725866066565,0.9721419701823071,1477.9000244140625
2025-09-05,1499.0,1507.4000244140625,1462.0999755859375,1477.9000244140625,1425.540283203125,1875965,-0.014996000822371847,-0.002362629905709901,0.01295409486913135,1498.7599975585938,1538.8539965820312,1501.5587327768142,48.01445674022653,-7.123553787186893,-9.129385222723421,2.0058314355365283,0.01209165117160715,0.8056633048875097,0.9860818455399722,0.9603900225080778,1460.699951171875
2025-09-08,1482.4000244140625,1487.9000244140625,1459.0,1460.699951171875,1408.9495849609375,1308412,-0.011638184557853815,-0.029757588062520712,-0.014372502583080315,1497.6949951171875,1534.2639965820313,1497.6674202430104,47.64890333542159,-9.632150938217137,-9.229938365822164,-0.40221257239497277,0.011846428650797644,-0.30253922647810594,0.9752986795936927,0.9520525505558111,1498.199951171875
2025-09-09,1466.5999755859375,1500.0,1465.699951171875,1498.199951171875,1445.12109375,1749566,0.025672623573318232,-0.009651042560158474,0.012023727684588259,1498.5849914550781,1530.7399951171874,1497.718137474331,50.31874196530568,-8.496354963232307,-9.083221685304192,0.5868667220718855,0.013226196542116571,0.3371674976995014,0.9997430641002021,0.9787422788657055,1526.0
2025-09-10,1503.0,1536.0,1501.800048828125,1526.0,1471.9361572265625,1660976,0.018555633249340397,0.011802181013395696,0.030315323174790798,1500.8299926757813,1527.5199951171876,1500.4116481910612,50.40305978439603,-5.291994051092161,-8.324976158461785,3.032982107369625,0.013816165091842995,-0.050635414725709094,1.0167707251634437,0.9990049262058458,1521.199951171875
2025-09-11,1526.0,1531.5,1505.699951171875,1521.199951171875,1467.3062744140625,896908,-0.0031455103722968225,0.013862920834019077,0.007884384786835064,1501.4249877929688,1524.5199951171876,1502.3914865701863,49.97894455742487,-3.10405712842703,-7.280792352454834,4.176735224027804,0.013218642245146942,-0.4600114631397444,1.013170796769524,0.9978222365361253,1525.5
2025-09-12,1529.0,1530.0,1512.5,1525.5,1471.4539794921875,770698,0.002826747939882912,0.03220784545612898,0.012746432018515996,1502.3849853515626,1521.4879956054688,1504.5922973730258,54.54142274259358,-1.0114638251959605,-6.02692664700306,5.015462821807099,0.01321526480785356,-0.14071677362672652,1.0153855468963093,1.002636895201355,1519.800048828125
2025-09-15,1527.9000244140625,1527.9000244140625,1505.5999755859375,1519.800048828125,1465.955810546875,825515,-0.003736447834726264,0.04046012160734014,0.022264141214344724,1504.039990234375,1518.44599609375,1506.0406546544639,48.25611065521902,0.18486204624809943,-4.784568908352829,4.969430954600928,0.012866280450236377,0.07112643344085501,1.0104784837478251,1.000891735852219,1531.5
2025-09-16,1522.9000244140625,1534.0,1510.0,1531.5,1477.2413330078125,1011289,0.0076983489906428115,0.022226705321995333,0.04098698397868583,1507.0549926757812,1515.9719970703125,1508.4653542111816,57.47068695485454,2.0533771438965687,-3.416979697902949,5.470356841799518,0.012642156920751766,0.22504012646650873,1.0162203817664388,1.0102429351991304,1547.199951171875
2025-09-17,1538.300048828125,1549.4000244140625,1525.5999755859375,1547.199951171875,1492.3851318359375,1946337,0.010251355646016869,0.01389249749139898,0.033740897740031306,1509.5799926757813,1514.4379956054688,1512.1543634455334,62.57308897863711,4.746330921931303,-1.7843175739360988,6.530648495867402,0.012286835774403471,0.9246100768425247,1.024920811536069,1.0216330781857517,1550.699951171875
2025-09-18,1556.0,1566.9000244140625,1541.800048828125,1550.699951171875,1495.760986328125,2246114,0.0022621510538112233,0.019392585423944064,0.017452907297443643,1510.9099914550782,1512.743994140625,1515.8253718004232,67.8148800165689,7.081308030967648,-0.011192452955349541,7.092500483922997,0.011655221841243717,0.15402111761734982,1.0263350960294313,1.025090800015248,1553.800048828125
2025-09-19,1551.0,1557.4000244140625,1541.5999755859375,1553.800048828125,1498.7513427734375,2621234,0.001999160220458762,0.018551326665437573,0.021363307011680543,1512.5349914550782,1511.523994140625,1519.4420077078234,63.91930284229945,9.07730862138419,1.8065077619125587,7.270800859471632,0.011638846307945778,0.16700844213606247,1.0272820513946255,1.027969158843248,1505.4000244140625
2025-09-22,1499.0,1510.0,1453.300048828125,1505.4000244140625,1452.0660400390625,5723501,-0.03114945481599496,-0.009474946671548024,0.00026579695286543803,1512.5549926757812,1509.6299951171875,1518.1046759655603,48.275858146023474,6.676711026755129,2.780548414881073,3.8961626118740558,0.013483396115806732,1.183513948010746,0.9952696144627038,0.9971980083087866,1471.9000244140625
2025-09-23,1511.699951171875,1511.699951171875,1468.199951171875,1471.9000244140625,1419.7528076171875,1380054,-0.022253221374191834,-0.038916079390099556,-0.036146913793705715,1509.7949951171875,1507.0179956054687,1513.7042329606556,42.54622000819149,2.0474483981797675,2.633928411540812,-0.5864800133610446,0.013903741827573667,-0.7588793991649516,0.9749005852942415,0.9766970458920784,1452.4000244140625
2025-09-24,1470.0,1470.0,1439.0,1452.4000244140625,1400.94384765625,2122106,-0.0132481824013575,-0.06127192977611551,-0.03315133029991335,1507.304998779297,1504.5319970703124,1507.865736908599,40.595618482732235,-3.1583550674924936,1.4754717157341513,-4.633826783226645,0.013751227805351289,0.5376978002310056,0.9635740779671668,0.965350040572242,1444.300048828125
2025-09-25,1452.0,1460.199951171875,1437.0,1444.300048828125,1393.1307373046875,1581629,-0.005576959136450843,-0.06861411342880541,-0.034300566725881665,1504.7400024414062,1501.837998046875,1501.8118618533158,43.02326583478444,-7.847135264632243,-0.3890496803391277,-7.458085584293116,0.013766444861656782,-0.2546889740663284,0.9598336234065561,0.961688311726313,1407.699951171875
2025-09-26,1439.9000244140625,1441.5,1403.5,1407.699951171875,1357.8272705078125,1851067,-0.025341062396242786,-0.09402760526776832,-0.04975028488428579,1501.054998779297,1497.8339965820312,1492.8488227407977,39.815534162772806,-14.350920870130722,-3.1814239182974466,-11.169496951833274,0.01466799732599964,0.17035474185159738,0.9378070439235464,0.9398237417391802,1410.699951171875
2025-09-29,1415.0,1425.0,1391.9000244140625,1410.699951171875,1360.720947265625,2708118,0.002131135969353881,-0.06290691623912192,-0.06296914568457324,1496.3149963378905,1494.7739965820313,1485.0251206866144,30.61587853771033,-19.04361989586164,-6.353863113810285,-12.689756782051354,0.014046146050503194,0.4630037702579106,0.942782739345959,0.943754677561691,1400.300048828125
2025-09-30,1408.0,1426.699951171875,1392.5,1400.300048828125,1350.6895751953125,2225340,-0.007372157583978578,-0.048644591615140564,-0.07436541272400599,1490.6899963378905,1491.8019970703126,1476.956066223901,19.827191141084654,-23.332836471695146,-9.749657785387257,-13.583178686307889,0.013945200058662914,-0.17827066619696774,0.9393636854531644,0.9386634765056727,1416.0
2025-10-01,1401.0,1423.5999755859375,1393.4000244140625,1416.0,1365.833251953125,1683484,0.011211847907178107,-0.02506198278862415,-0.061132445403035196,1486.0799987792968,1489.24599609375,1471.1507265835294,26.003655427507923,-25.17501476131065,-12.834729180571935,-12.340285580738714,0.014342591862432934,-0.24349357850935138,0.9528423780436704,0.9508167245130273,1400.5999755859375
2025-10-03,1423.0,1423.800048828125,1397.300048828125,1400.5999755859375,1350.9788818359375,2568702,-0.010875723456258868,-0.030256921529321246,-0.06651562730219163,1481.0899963378906,1486.3139965820312,1464.4316074409014,22.883181907085543,-27.559914061004974,-15.779766156658543,-11.780147904346432,0.014443339709101074,0.5258250152659603,0.9456548751588554,0.9423311486043972,1439.300048828125
2025-10-06,1404.9000244140625,1442.0,1397.0999755859375,1439.300048828125,1388.3079833984375,3036770,0.02763106805424398,0.02244803491677594,-0.02611812365402799,1479.1599975585937,1484.167998046875,1462.038125668256,34.71325767726155,-26.027166483770316,-17.829246222080897,-8.197920261689418,0.015720851284640777,0.1822196580218336,0.9730523075284223,0.9697689552141031,1438.9000244140625
2025-10-07,1440.0,1445.800048828125,1426.5999755859375,1438.9000244140625,1387.922119140625,1105550,-0.00027792982734087257,0.019990128459819845,-0.014924301695446118,1478.070001220703,1482.9739990234375,1459.8344969773805,31.62699787103665,-24.561600768440485,-19.175717131352815,-5.3858836370876695,0.015528089805551763,-0.6359454288602693,0.9734992410546923,0.970280008524493,1458.199951171875
2025-10-08,1432.0999755859375,1472.800048828125,1432.0999755859375,1458.199951171875,1406.5382080078125,1154614,0.013412972708560345,0.04134821132956823,-0.02669870598294466,1476.070001220703,1482.8999975585937,1459.6788259482848,32.58999100233251,-21.593865942206094,-19.659346893523473,-1.9345190486826205,0.014652114222738136,0.044379720501108055,0.9878934941879114,0.9833434173394132,1466.5999755859375
2025-10-09,1458.199951171875,1475.4000244140625,1452.0,1466.5999755859375,1414.640625,1354036,0.005760543612219893,0.035734446035266654,-0.03892531088732798,1473.1,1483.2199975585938,1460.3379830566328,33.857977701208554,-18.35254621406625,-19.39798675763203,1.0454405435657783,0.01400696874889345,0.1727174622860974,0.9955875199144237,0.9887946346462337,1457.199951171875
2025-10-10,1477.0,1477.699951171875,1450.0999755859375,1457.199951171875,1405.5736083984375,937053,-0.006409398998051263,0.04041123559370274,-0.04207204973330225,1469.9,1483.2879956054687,1460.039122877132,31.896536735928294,-16.35376437218315,-18.789142280542254,2.4353779083591043,0.014041343359935817,-0.30795562304104174,0.9913599232409517,0.9824120167419377,1450.9000244140625
2025-10-13,1455.0,1461.5,1439.199951171875,1450.9000244140625,1399.4969482421875,1229414,-0.0043233097508315055,0.00805945611923109,-0.04890198334050311,1466.1700012207032,1483.0419970703124,1459.1687325473158,37.872716545827714,-15.103957777346068,-18.05210537990302,2.9481476025569506,0.014001535201119967,0.3120004951694302,0.989585125330673,0.9783269976711751,1468.0
2025-10-14,1460.0,1479.800048828125,1457.9000244140625,1468.0,1415.990966796875,1430713,0.011785771106347154,0.020223764745425754,-0.03408346306349086,1463.5799987792968,1483.127998046875,1460.0098056380477,49.06384402655192,-12.588539084765216,-16.959392120875457,4.3708530361102405,0.014350020046132067,0.16373573100680483,1.0030199929108008,0.9897999376542032,1459.0
2025-10-15,1470.0,1479.0,1440.4000244140625,1459.0,1407.309814453125,2810322,-0.006130790190735702,0.0005486550918356592,-0.04733920992491025,1459.9549987792968,1483.5319970703124,1459.9136336725194,51.66834631693736,-11.192259036905398,-15.805965504081446,4.613706467176048,0.014209152629893139,0.9642807467325731,0.9993458710850024,0.9834637897134957,1463.800048828125
2025-10-16,1466.0,1466.699951171875,1447.9000244140625,1463.800048828125,1411.93994140625,1619438,0.0032899580727381306,-0.0019091277815506125,-0.05390376484990289,1455.7850036621094,1483.307998046875,1460.2837684492436,55.012853470437015,-9.587850442898343,-14.562342491844827,4.974492048946484,0.01396806856486347,-0.42375357699224503,1.0055056516902243,0.9868483489306087,1447.5999755859375
2025-10-17,1465.0,1465.0,1440.0999755859375,1447.5999755859375,1396.313720703125,1433539,-0.011067135333925449,-0.006587960408739546,-0.06648608939983791,1450.6300048828125,1482.5519970703126,1459.0757881765478,61.45894026687197,-9.513885444772313,-13.552651082430327,4.038765637658013,0.014037986144210809,-0.11479229214085385,0.9979112321634904,0.9764244211646915,1444.4000244140625
2025-10-20,1440.0,1455.0,1439.0,1444.4000244140625,1407.81494140625,1800507,-0.0022105217089271045,-0.004479977869340068,-0.07040804542165635,1445.1600036621094,1482.2599975585938,1457.6780963896445,59.66726546277133,-9.60278207311626,-12.762677280567514,3.159895207451255,0.01398517609131106,0.25598745482334273,0.9994741210342654,0.9744579404376493,1448.699951171875
2025-10-21,1450.0,1457.300048828125,1442.0,1448.699951171875,1412.0059814453125,114229,0.0029769639193664155,-0.013147172226243176,-0.037664456172874394,1442.325,1481.5939965820312,1456.8230349403332,64.38760891621561,-9.219982914379443,-12.054138407329901,2.834155492950458,0.012436790523477282,-0.9365573141342967,1.004419913106876,0.9777982055232127,1463.4000244140625
2025-10-23,1465.0,1487.5,1460.9000244140625,1463.4000244140625,1426.3336181640625,3244860,0.010147079269448689,0.0030157809554918202,-0.005774848739053207,1441.9,1481.2539965820313,1457.449414890212,64.17464223996005,-7.642342597879633,-11.171779245439849,3.5294366475602157,0.011728467317713749,27.406621786061333,1.0149108984076998,0.987946717977358,1453.699951171875
2025-10-24,1465.4000244140625,1468.0,1450.0,1453.699951171875,1416.8792724609375,969361,-0.006628449556075,-0.0068999161902856265,0.0008950197851564923,1441.9649963378906,1480.70599609375,1457.092323107513,66.43960849850606,-7.093002408000302,-10.356023877951941,3.2630214699516387,0.011431218634648306,-0.7012626122544579,1.0081381690011806,0.9817613726201423,1462.800048828125
2025-10-27,1457.9000244140625,1475.5999755859375,1457.0,1462.800048828125,1425.7489013671875,1036807,0.006259955948209273,0.010500188932398347,0.012808972771973792,1442.8899963378906,1479.77599609375,1457.6359160332856,58.908253942987024,-5.855842019898091,-9.45598750634117,3.600145486443079,0.011427887162169576,0.0695777940313258,1.0137987320868305,0.9885280290324768,1447.4000244140625
2025-10-28,1469.0,1469.5999755859375,1435.300048828125,1447.4000244140625,1410.7388916015625,1432913,-0.010527771328965763,0.002076986949108406,0.02820208469080221,1444.875,1478.5979956054687,1456.6610692124073,52.893121689604335,-6.048315549203153,-8.774453114913566,2.726137565710413,0.010048128817704078,0.3820441027114978,1.001747572913963,0.978900301985983,1452.199951171875
2025-10-29,1453.0,1461.199951171875,1442.5999755859375,1452.199951171875,1415.417236328125,1311858,0.003316240622391664,0.002415959217206387,0.02941802044121844,1446.95,1477.9079956054688,1456.2362008275945,47.73414147970445,-5.747287085223661,-8.169019908975585,2.421732823751924,0.010055915335784937,-0.08448175150898907,1.0036282878965237,0.9826051117457675,1433.800048828125
2025-10-30,1453.199951171875,1458.0999755859375,1432.5,1433.800048828125,1397.4833984375,1797868,-0.012670364249015353,-0.02022685191479967,0.023923444141871864,1448.625,1477.1599975585937,1454.0994244466929,38.483173759002035,-6.913740902004065,-7.917964107581281,1.0042232055772162,0.010366878973312833,0.37047454831239346,0.9897661912697385,0.9706464101369299,1424.4000244140625
2025-10-31,1433.800048828125,1437.5,1420.300048828125,1424.4000244140625,1388.321533203125,1757591,-0.006556021825878222,-0.020155415657951203,0.005932220631400087,1449.0450012207032,1475.7139990234375,1451.270910157871,38.483173759002035,-8.498699647303965,-8.034111215525819,-0.46458843177814657,0.010227150567256307,-0.022402645800470355,0.9829922626378896,0.9652276968007809,1419.800048828125
2025-11-03,1419.0999755859375,1424.0,1414.0,1419.800048828125,1383.8380126953125,2136091,-0.0032294127401674144,-0.029395678537506242,0.013708463213527589,1450.0050048828125,1473.6280004882813,1448.2736852693238,38.9481309890987,-10.010574783413631,-8.429403929103382,-1.5811708543102494,0.009924036888822747,0.21535158065784366,0.9791690677253017,0.9634724966936563,1409.199951171875
2025-11-04,1419.9000244140625,1425.300048828125,1405.5999755859375,1409.199951171875,1373.5064697265625,1191278,-0.007465908784127118,-0.026392201601386334,-0.020913010932471998,1448.5,1471.3859985351562,1444.552377260043,28.092413095523966,-11.926603551708467,-9.1288438536244,-2.797759698084068,0.007789945616646907,-0.4423093398174516,0.9728684509298412,0.9577364149005151,1413.5999755859375
2025-11-06,1412.0,1420.9000244140625,1410.0,1413.5999755859375,1377.7950439453125,2502412,0.003122356348652655,-0.02658034491379002,-0.017582909443918826,1447.2349975585937,1469.557998046875,1441.6045294815567,32.48458817822612,-12.94085088356178,-9.891245259611877,-3.049605623949903,0.007844080289800496,1.1006112762931912,0.976759115119938,0.9619218686602987,1386.699951171875
2025-11-07,1400.0999755859375,1409.800048828125,1385.0,1386.699951171875,1351.5762939453125,1209479,-0.019029446009230733,-0.0328498368337663,-0.04903305609257458,1443.6599975585937,1466.7499975585938,1436.3755220234918,24.588003167225665,-15.733885915810106,-11.059773390851523,-4.674112524958582,0.00808838987594513,-0.5166747122376332,0.9605446943996196,0.9454235237634483,1397.800048828125
2025-11-10,1386.699951171875,1404.300048828125,1383.5999755859375,1397.800048828125,1362.395263671875,2883323,0.008004685979017712,-0.018674512166538038,-0.04691117407821144,1440.2200012207031,1464.6619995117187,1432.7016674334568,33.015057258884426,-16.857379807063808,-12.21929467409398,-4.638085132969827,0.00822316022340728,1.3839380427440244,0.970546199638511,0.954349910965203,1408.0
2025-11-11,1405.0,1410.4000244140625,1392.199951171875,1408.0,1372.3369140625,2488036,0.00729714609784593,-0.008311063827518894,-0.03376334945132864,1437.7600036621093,1462.91,1430.3491276778896,38.151050669438675,-16.731831852801633,-13.121802109835512,-3.6100297429661214,0.008436935535221688,-0.13709424854586183,0.9793011326046713,0.9624652234245442,1456.0999755859375
2025-11-12,1415.0,1460.199951171875,1414.0,1456.0999755859375,1419.218505859375,2958869,0.03416191447864869,0.03328131282935476,0.003583948641792123,1438.020001220703,1462.4039990234376,1432.801589383418,51.87437040188535,-12.605756835025431,-13.018593054873495,0.41283621984806373,0.011599015064563867,0.18923882130322878,1.0125728253778714,0.9956892736605549,1451.4000244140625
2025-11-13,1463.0,1463.800048828125,1442.300048828125,1451.4000244140625,1414.6375732421875,1178211,-0.0032277668090638922,0.02674027269451318,-0.011307885276524154,1437.1900024414062,1461.3219995117188,1434.572868910146,46.79829492529224,-9.604346509053585,-12.335743745709513,2.731397236655928,0.011294445669962747,-0.6018035945491335,1.0098873648915712,0.993210274600005,1439.199951171875
2025-11-14,1444.199951171875,1445.800048828125,1422.9000244140625,1439.199951171875,1402.74658203125,1220596,-0.008405727598849055,0.037859668168036764,-0.013570972466158349,1436.2,1459.8499975585937,1435.013543411263,46.18220410346207,-8.11658817601301,-11.491912631770212,3.3753244557572017,0.011365282925601185,0.03597403181603287,1.0020888115665472,0.9858546793018097,1452.800048828125
2025-11-17,1440.0,1455.9000244140625,1438.300048828125,1452.800048828125,1416.002197265625,999416,0.009449762449738941,0.03934754476944713,-0.007514687548211385,1435.65,1458.7419995117189,1436.707496308107,47.42798547716018,-5.7735607439185515,-10.348242254199882,4.57468151028133,0.011558693829111759,-0.1812065581076785,1.0119458425299515,0.9959266609958561,1422.0
2025-11-18,1444.0,1451.0999755859375,1419.5,1422.0,1385.9822998046875,1553597,-0.021200473425761035,0.009943181818181879,-0.017684426649410168,1434.3700012207032,1457.1739990234375,1435.3067823740014,43.946614937135,-6.3290438789208565,-9.544402579144077,3.21535870022322,0.01225591764729682,0.5545048308211995,0.9913760039528323,0.9758614969475091,1433.9000244140625
2025-11-19,1427.5,1443.5,1417.800048828125,1433.9000244140625,1397.580810546875,5777445,0.008368512246176074,-0.015246172339877795,-0.007269454321879754,1433.8450012207031,1456.2939990234374,1435.1728054254359,45.781488220426404,-5.742835910305985,-8.784089245376459,3.041253335070474,0.012419973112715527,2.718753962578455,1.000038374575573,0.9846226279690833,1456.0
2025-11-20,1445.300048828125,1464.699951171875,1430.699951171875,1456.0,1419.12109375,2818268,0.015412494043975045,0.0031693368530805177,0.005039034357818384,1434.2100036621093,1456.2,1437.1563477658706,55.03171277774273,-3.4551497239342552,-7.718301341088018,4.2631516171537625,0.012894445407987282,-0.512194750447646,1.0151930305061687,0.99986265622854,1461.5
2025-11-21,1455.0,1469.0,1440.0,1461.5,1424.4818115234375,2615232,0.003777472527472625,0.015494753741456924,-0.00129836297824526,1434.1150024414062,1455.4660009765626,1439.4747908357876,58.560203333804644,-1.184681632344791,-6.411577399339373,5.226895766994582,0.012716645517394595,-0.0720428291418701,1.0190953985642532,1.004145750583929,1494.699951171875
2025-11-24,1470.0,1513.800048828125,1461.800048828125,1494.699951171875,1456.8408203125,6808658,0.022716353863752925,0.028840790842172614,0.028203894460441248,1436.1650024414062,1454.84,1444.734329915415,65.26698183627767,3.256104933264851,-4.478040932818529,7.73414586608338,0.013574194417895239,1.6034623314489882,1.0407578158714093,1.0273981683015831,1494.699951171875
2025-11-25,1501.199951171875,1502.0,1483.5,1494.699951171875,1456.8408203125,1675981,0.0,0.05112514147107938,0.021807424992435376,1437.7599975585938,1454.31,1449.4929605112682,68.21472706619565,6.69824705807855,-2.2427833346391135,8.941030392717664,0.01353024510956681,-0.7538456183288983,1.0396032395601273,1.027772587118204,1520.4000244140625
2025-11-26,1498.0,1522.699951171875,1496.199951171875,1520.4000244140625,1481.889892578125,1592891,0.01719413533267211,0.06032498676840925,0.050435262379902035,1441.4099975585937,1454.2080004882812,1456.2460142162963,70.85936464370285,11.368897049168936,0.4795527421224963,10.88934430704644,0.013688318601547995,-0.0495769343447211,1.0548005265602842,1.0455175765114453,1509.800048828125
2025-11-27,1523.0,1532.0,1505.0,1509.800048828125,1471.5584716796875,1426194,-0.006971833343677125,0.03695058298634968,0.039664026713241984,1444.2900024414062,1454.0080004882811,1461.346398465042,75.6779301943753,14.053096031923815,3.1942614000827603,10.858834631841054,0.013850430749707794,-0.10465060070023624,1.04535795877281,1.0383712113833679,1517.300048828125
2025-11-28,1515.800048828125,1525.300048828125,1503.699951171875,1517.300048828125,1478.868408203125,1247146,0.004967545209593416,0.038179985513599135,0.05823685113433097,1448.4650024414063,1453.7240014648437,1466.6753175472404,75.30706280646822,16.59424228870421,5.87425757780705,10.719984710897158,0.013419481224762683,-0.1255425278748894,1.0475227542748333,1.0437332308603413,1529.5
2025-12-01,1515.300048828125,1532.0,1509.699951171875,1529.5,1490.7593994140625,1527101,0.0080405659917413,0.02328229742754795,0.07378543511972424,1453.7200012207031,1453.3700024414063,1472.6586206379795,75.51447924549197,19.369276147029723,8.573261291651585,10.796014855378138,0.01327316244143928,0.22447652480142666,1.0521283319453978,1.0523817041983174,1536.699951171875
2025-12-02,1523.0999755859375,1539.0,1520.0,1536.699951171875,1497.7769775390625,1754978,0.0047073888014874665,0.028099285055218637,0.08233546860365082,1459.5649963378905,1453.0900024414063,1478.757794974541,70.43609169631245,21.897070560887187,11.238023145498707,10.65904741538848,0.01317496845330013,0.1492219571593496,1.052847906758191,1.0575394150327864,1541.699951171875
2025-12-03,1537.9000244140625,1550.800048828125,1530.300048828125,1541.699951171875,1502.650390625,2142830,0.003253725619101422,0.014009422793860526,0.09402498196924758,1466.1899963378905,1452.8480004882813,1484.7522860409538,72.86072682164334,24.026857402958967,13.79578999699076,10.231067405968208,0.01289711328311861,0.22100106098196104,1.051500798002023,1.0611570863942628,1562.300048828125
2025-12-04,1545.0999755859375,1577.9000244140625,1541.0999755859375,1562.300048828125,1522.7286376953125,2422663,0.013361937023213644,0.03477281646715369,0.10519247015447308,1473.625,1453.9860009765625,1492.1377872587796,79.89315446300365,27.064996110460243,16.449631219684655,10.615364890775588,0.013038587650147572,0.13059038747824148,1.060174772298329,1.074494560318197,1570.800048828125
2025-12-05,1567.0999755859375,1583.0,1556.5999755859375,1570.800048828125,1531.0133056640625,2223397,0.0054406962390969316,0.03526000018343134,0.13276130679940557,1482.8300048828125,1455.9640014648437,1499.629431217765,79.38246297464853,29.814933888582573,19.122691753464238,10.692242135118335,0.011739126394847395,-0.08225081243243493,1.0593257781779677,1.0788728617244279,1591.800048828125
2025-12-08,1581.0,1595.699951171875,1572.699951171875,1591.800048828125,1551.4814453125,2833786,0.013368983541645951,0.04073229737046424,0.13878952155041335,1492.5300048828126,1458.752001953125,1508.4075852758945,94.45027456233639,33.30488589265451,21.959130581302293,11.345755311352217,0.011840549211523351,0.27452991975792007,1.0665112551309188,1.0912067621479606,1561.5999755859375
2025-12-09,1579.0999755859375,1586.0,1559.0,1561.5999755859375,1522.0462646484375,1533609,-0.018972278122758368,0.016203569470457646,0.10909089175137598,1500.2100036621093,1461.0980004882813,1513.4735272101843,80.50643129011902,33.25051326236394,24.217407117514625,9.033106144849313,0.01314287959554869,-0.45881269792426105,1.0409209189206654,1.0687852389532184,1550.800048828125
2025-12-10,1563.0,1572.9000244140625,1548.199951171875,1550.800048828125,1511.5198974609375,735586,-0.006915936812665557,0.0059026386096288075,0.06503679337270785,1504.9450073242188,1463.9600024414062,1517.0284340309406,73.93940626972854,31.96745777632964,25.76741724927763,6.200040527052007,0.011497216021466238,-0.5203562316079262,1.030469579473496,1.0593185922032693,1568.199951171875
2025-12-11,1550.0,1572.0,1541.0,1568.199951171875,1528.4791259765625,1248064,0.011219952151083845,0.0037764207638446567,0.08047397326244732,1510.7850036621094,1467.1100024414063,1521.9019118538868,75.41686536783949,31.985939758837276,27.011121751189563,4.974818007647713,0.011524737740319362,0.6966935205400864,1.0380033872262386,1.0689041370873662,1578.4000244140625
2025-12-12,1575.0,1580.5,1558.699951171875,1578.4000244140625,1538.4207763671875,754479,0.006504319321375629,0.004838283263109977,0.09672045439470955,1517.7450073242187,1470.672001953125,1527.2826844786653,72.39166995953849,32.44958886691552,28.098815174334757,4.350773692580763,0.011160540201442574,-0.3954805202297318,1.039963904870146,1.0732508828058667,1575.4000244140625
2025-12-15,1571.0,1588.699951171875,1567.699951171875,1575.4000244140625,1535.496826171875,784781,-0.0019006588656850232,-0.010302816880886634,0.08438874687871234,1523.8750061035157,1473.8600024414063,1531.8652882820363,71.24804182916458,32.20373459128541,28.91979905772489,3.28393553356052,0.011194096904552602,0.040162814339431474,1.0338118402783534,1.068893939590231,1578.199951171875
2025-12-16,1570.0,1580.300048828125,1564.699951171875,1578.199951171875,1538.225830078125,999338,0.0017772798745854246,0.010630107483005746,0.1098452539886603,1531.6850036621095,1477.412001953125,1536.2781133191638,67.30537994229798,31.8674755743491,29.50933436104973,2.358141213299369,0.009511416068777935,0.27339729172852034,1.0303684813774066,1.0682192571100746,1579.4000244140625
2025-12-17,1578.199951171875,1586.199951171875,1570.300048828125,1579.4000244140625,1539.3955078125,582251,0.0007604063358996882,0.018442078079343283,0.10147150953530115,1538.9600036621093,1480.2140014648437,1540.3849619948683,72.08121394916886,31.33659500120484,29.874786489080755,1.4618085121240867,0.009532983262178092,-0.41736329450095966,1.0262774995163761,1.067007894028203,1605.5999755859375
2025-12-18,1581.0,1608.800048828125,1574.5999755859375,1605.5999755859375,1564.931884765625,1748780,0.01658854676895105,0.023849015162967113,0.10274723597935265,1546.4400024414062,1483.5480004882813,1546.5959156702081,75.04253075473828,32.65357532939015,30.430544257142635,2.2230310722475153,0.009604681821173607,2.0034813164769147,1.0382555889986897,1.0822703242884524,1612.5
2025-12-19,1611.0,1624.0,1595.0,1612.5,1571.6571044921875,1802793,0.004297474164786541,0.021604140305684583,0.10331850838179957,1553.9900024414062,1486.6340014648438,1552.8724951301883,74.26900584795322,33.86370630525107,31.117176666764323,2.7465296384867486,0.00960205577434193,0.030886103454980107,1.0376514633084326,1.0846650879847597,1646.699951171875
2025-12-22,1615.9000244140625,1649.800048828125,1612.800048828125,1646.699951171875,1604.9908447265625,1466208,0.02120927204457357,0.04525829989391483,0.10169265067602962,1561.5900024414063,1490.2360009765625,1561.8084433246347,77.77777777777777,37.15410466979006,32.32456226736947,4.829542402420586,0.009460341489551554,-0.18670196744717782,1.054502109130698,1.1049927327569462,1633.0
2025-12-23,1646.5,1646.5,1628.800048828125,1633.0,1591.6378173828125,1161166,-0.00831964023690257,0.034723134281834156,0.09252696417076556,1568.5050048828125,1493.752001953125,1568.5885915794315,72.08516458530927,38.21576990841277,33.50280379557813,4.712966112834636,0.009861392707111775,-0.20804824417817935,1.0411187690931252,1.0932202921668417,1631.5
2025-12-24,1630.0,1636.5999755859375,1615.300048828125,1631.5,1590.1759033203125,955523,-0.0009185548071034555,0.032987194365319716,0.0730728583280269,1574.0600036621095,1497.3640014648438,1574.5801542861523,68.44349818911543,38.49239344398984,34.500721725260476,3.991671718729364,0.009455734700094047,-0.17710043180733848,1.0364916179842283,1.0895814233572687,1612.300048828125
2025-12-26,1630.5,1633.699951171875,1608.0,1612.300048828125,1571.462158203125,461192,-0.011768281441541517,0.004172940548122783,0.0678897845311095,1579.1850036621095,1500.2500024414062,1578.1725251949115,60.46395382622784,36.73884149440369,34.948345679089115,1.7904958153145714,0.00979214874453954,-0.5173407652144428,1.0209697059490954,1.0746875828724387,1612.4000244140625
2025-12-29,1614.0,1629.800048828125,1610.0999755859375,1612.4000244140625,1571.5596923828125,891096,6.200805241562968e-05,-6.200036337211667e-05,0.06267710573092455,1583.9400024414062,1503.3180029296875,1581.4322870253068,55.80608824717411,34.954275010906485,34.949531545452594,0.004743465453891815,0.009810528090424318,0.9321584069107878,1.0179678661620954,1.0725608429299684,1604.5999755859375
2025-12-30,1614.9000244140625,1616.199951171875,1599.0,1604.5999755859375,1563.9571533203125,1973547,-0.004837539512540956,-0.025566270015358272,0.049100997440952865,1587.695001220703,1506.1340014648438,1583.6387335548907,63.87098959014237,32.53554495337676,34.46673422703743,-1.9311892736606708,0.009890784299858953,1.2147411726682646,1.0106474948603081,1.065376635827441,1590.9000244140625
2025-12-31,1614.800048828125,1614.800048828125,1588.300048828125,1590.9000244140625,1550.604248046875,729913,-0.008537923083834165,-0.025780756635601643,0.03527043337305691,1590.4050048828126,1509.0000024414062,1584.330285065288,62.69792000865857,29.176879487716633,33.40876327917327,-4.231883791456639,0.010170867188664466,-0.6301517014796202,1.000311253755949,1.0542743683500004,1607.699951171875
2026-01-01,1591.0,1613.5,1587.199951171875,1607.699951171875,1566.9786376953125,565878,0.010560014142937835,-0.01458783256397489,0.04280988654752971,1593.7050048828125,1512.2660009765625,1586.5559675516297,62.555641781778675,27.55311147692305,32.23763291872323,-4.684521441800179,0.010355974692348207,-0.22473226261211954,1.0087813906878529,1.0631065898021148,1612.0
2026-01-02,1611.0,1619.0999755859375,1601.9000244140625,1612.0,1571.1697998046875,637080,0.0026746588037094288,-0.00018609986915463228,0.03181203969695501,1596.1900024414062,1515.532001953125,1588.9792087371889,61.096441330777964,26.309956828238,31.052097700626184,-4.742140872388184,0.010017126312106335,0.12582570801480175,1.0099048343457935,1.063652894114115,1596.9000244140625
2026-01-05,1601.9000244140625,1610.0999755859375,1576.0999755859375,1596.9000244140625,1556.4522705078125,907810,-0.009367230512368208,-0.009612999110213072,0.016615721145036177,1597.4950012207032,1518.202001953125,1589.7335721349864,56.574933365188635,23.831590241036793,29.607996208708308,-5.776405967671515,0.010263662545827345,0.424954479814152,0.9996275563891054,1.0518363316341928,1601.800048828125
2026-01-06,1603.9000244140625,1625.4000244140625,1596.0999755859375,1601.800048828125,1561.2281494140625,570335,0.0030684603539037347,-0.0017449375547884394,0.006282196063106094,1597.9950012207032,1521.16400390625,1590.8827603914756,57.125639653426155,22.009150101860996,28.088226987338846,-6.07907688547785,0.009853942919341586,-0.3717462905233474,1.0023811386171515,1.0530094353500392,1625.199951171875
2026-01-07,1599.0,1633.9000244140625,1595.800048828125,1625.199951171875,1584.035400390625,1309781,0.014608503952081575,0.02156007683163197,0.04072744401912143,1601.175,1524.412001953125,1594.1510642753233,62.19382432375338,22.197154737029678,26.910012537277012,-4.712857800247335,0.00922769181915345,1.2965116992644674,1.0150045754972912,1.0661159509959364,1577.9000244140625
2026-01-08,1625.0,1632.800048828125,1574.5,1577.9000244140625,1537.9334716796875,1657201,-0.029104066071197088,-0.018535751485276197,0.01747483539635941,1602.5299987792969,1527.022001953125,1592.6033461932984,43.370034348035944,18.318279256985306,25.191665881218675,-6.873386624233369,0.011431504608487407,0.26525045026611327,0.9846305689228932,1.0333184606350545,1582.199951171875
2026-01-09,1583.0,1606.4000244140625,1578.0999755859375,1582.199951171875,1542.12451171875,1410053,0.0027250945505303825,-0.01848638264772018,0.008927433003385943,1603.229998779297,1529.622001953125,1591.6125466674487,42.656298261662975,15.413533032423175,23.236039311459578,-7.8225062790364035,0.011184148172633995,-0.14913580187315845,0.9868827007831477,1.034373164841781,1586.0999755859375
2026-01-12,1572.0999755859375,1594.0,1562.800048828125,1586.0999755859375,1545.92578125,652320,0.00246493776666723,-0.0067631339864796525,0.004878326820055179,1603.6149963378907,1532.6680004882812,1591.087539897781,32.78406202294509,13.273194968917323,21.24347044295113,-7.970275474033805,0.01110629199900679,-0.5373790914242231,0.989077789374662,1.0348620673757356,1614.800048828125
2026-01-13,1582.0,1622.9000244140625,1582.0,1614.800048828125,1573.89892578125,2573438,0.018094744142206576,0.008115869399249132,0.025009536500874674,1605.5849975585938,1536.4760009765625,1593.3458740816234,45.23560878651729,13.734494978722068,19.741675350105318,-6.0071803713832495,0.01177727165492918,2.9450545744419916,1.005739373053151,1.0509764212404105,1588.5
2026-01-14,1612.9000244140625,1613.0,1583.0999755859375,1588.5,1548.2650146484375,1570385,-0.01628687641371529,-0.022581806715790242,0.006526453647699659,1606.1,1539.85,1592.8843622643258,40.037062345290735,11.841384310898547,18.161617142263964,-6.320232831365416,0.012414342524953399,-0.3897715818294437,0.9890417782205343,1.0315939864272494,1588.5
2026-01-15,1588.5,1588.5,1588.5,1588.5,1548.2650146484375,0,0.0,0.0067177738905692674,0.005761666104388885,1606.554998779297,1543.4360009765626,1592.4668039534376,43.947083784008655,10.22323339666741,16.573940393144653,-6.350706996477243,0.012414340871541248,-1.0,0.988761667796611,1.0291971931423942,1670.5
2026-01-19,1690.0,1736.0,1673.5,1718.300048828125,1674.77734375,10621562,0.028614216598698006,0.08334914272560279,0.06561243338178291,1615.0900024414063,1555.2060034179688,1611.174871378622,67.8493119026074,23.058497246991692,17.679862548751125,5.3786346982405675,0.01762045493634047,1.845009684199474,1.0639035881781844,1.1048697375471255,1678.5
2026-01-20,1715.0,1716.699951171875,1675.0,1678.5,1635.9853515625,1825981,-0.023162455739478394,0.03944757818040845,0.019311380197402972,1616.6800048828125,1560.8200024414064,1617.5867883901817,62.710386214767965,25.63650434725878,19.271190908452656,6.3653134388061225,0.018038996628246835,-0.8280873378134026,1.0382388567499286,1.075396264383158,1686.699951171875
2026-01-21,1678.5,1694.300048828125,1660.0999755859375,1686.699951171875,1643.9776611328125,1766163,0.004885285178358734,0.06181929567005029,0.032884232193432394,1619.3650024414062,1566.3940014648438,1624.1689943693907,61.75595238095238,28.018283743261236,21.020609475414375,6.997674267846861,0.017916958307593312,-0.032759377014328184,1.041581081861688,1.0768043988897587,1687.4000244140625
2026-01-22,1695.0,1712.5999755859375,1682.699951171875,1687.4000244140625,1644.6600341796875,3123567,0.00041505499641547594,0.062260009074008416,0.034262963171353134,1622.1600036621094,1571.0200024414062,1630.190997230788,61.34175975873854,29.620899839297635,22.740667548191027,6.8802322911066085,0.0179089064268091,0.7685609991829747,1.0402179936656497,1.0740792744788727,1701.0999755859375
2026-01-23,1699.0,1709.699951171875,1689.199951171875,1701.0999755859375,1658.012939453125,1831521,0.008118970590054397,0.018317854286703072,0.05507655155276803,1626.6,1576.0140014648437,1636.9442332646117,65.74017389303248,31.631824226378512,24.518898883828523,7.112925342549989,0.017664199014609402,-0.41364440077642006,1.045801042411126,1.079368567794976,1745.0999755859375
2026-01-27,1720.0,1749.0,1700.0,1745.0999755859375,1700.8984375,2932973,0.025865616737102304,0.015596767733371042,0.08229964597035866,1633.2349975585937,1582.132001953125,1647.244780152357,69.35962391390893,36.35682966666832,26.886485040396487,9.470344626271832,0.018379189591977457,0.6013864978889132,1.068492885711219,1.1030052950269829,1762.9000244140625
2026-01-28,1748.0,1765.699951171875,1739.9000244140625,1762.9000244140625,1718.2476806640625,2534826,0.010200016662167632,0.050283005310731266,0.09865390205451052,1641.15,1588.3340014648438,1658.2595653201386,68.88889260997627,41.06438107578697,29.722064247474584,11.342316828312384,0.018300833255314574,-0.13574860730051042,1.074185799234721,1.1099051098750168,1768.4000244140625
2026-01-29,1751.0999755859375,1776.5999755859375,1736.0999755859375,1768.4000244140625,1723.6082763671875,1893136,0.0031198592795005364,0.04843782273511321,0.11157206441389955,1650.025,1595.262001953125,1668.7491328528931,79.51656100107431,44.72340988833503,32.72233337564667,12.001076512688357,0.018034932745518185,-0.2531495258451665,1.0717413520486432,1.1085326562338722,1743.0999755859375
2026-01-30,1757.0999755859375,1760.0,1731.0,1743.0999755859375,1698.9490966796875,1672787,-0.014306745351074013,0.03300933410334417,0.08421971047232257,1656.7950012207032,1601.4460009765626,1675.8301654941354,73.40702296106006,45.06226435189615,35.19031957089657,9.871944780999577,0.018515291225346606,-0.1163936452531672,1.0520915226697607,1.0884537939605796,1724.0
2026-02-02,1713.699951171875,1729.5999755859375,1709.199951171875,1724.0,1680.3328857421875,1030696,-0.01095747567750216,0.013461892153737054,0.0694789081885856,1662.395001220703,1606.8060009765625,1680.417768780408,69.21146854659568,43.290573764048304,36.81037040952692,6.480203354521386,0.018823242016849755,-0.3838450442285838,1.0370579788402035,1.0729359978443016,1716.5
2026-02-03,1845.0,1854.0,1712.699951171875,1716.5,1673.0228271484375,2711705,-0.004350348027842177,-0.016388731869837248,0.07489509284078144,1668.375,1611.9060009765626,1683.8541717537025,65.05772762105812,40.81086662241228,37.61046965210399,3.20039697030829,0.018675157630494724,1.6309454970233705,1.0288454334307335,1.0648883985543014,1645.300048828125
2026-02-04,1651.0,1656.0,1598.0,1645.300048828125,1603.6263427734375,4823180,-0.041479726869720346,-0.06670825001833236,0.027156947605179838,1670.55,1614.9180029296874,1680.1823505226953,57.42290046135292,32.723226841067344,36.63302108989666,-3.9097942488293143,0.021244601712807246,0.7786521763982439,0.984885246672129,1.0188133675166915,1646.199951171875
2026-02-05,1630.0999755859375,1659.0999755859375,1630.0,1646.199951171875,1604.50341796875,1720981,0.0005469533319415465,-0.0691020535824054,0.012921486974484253,1671.6,1617.9480029296874,1676.945931536903,57.52280980076598,26.0856297424657,34.52354282041047,-8.43791307794477,0.021021348254262762,-0.643185408796686,0.9848049480568767,1.017461592208792,1619.9000244140625
2026-02-06,1645.0,1645.9000244140625,1600.0,1619.9000244140625,1578.86962890625,1988639,-0.015976143565725742,-0.07067864889990705,0.026617655966889364,1673.7,1619.9380029296874,1671.5129880013942,42.281881194054975,18.489961166100784,31.316826489548532,-12.826865323447748,0.020226700523568997,0.15552641197084682,0.9678556637474234,0.9999765555746231,1621.699951171875
2026-02-09,1625.0,1636.0,1613.5999755859375,1621.699951171875,1580.6240234375,933821,0.0011111344716865368,-0.059338775422346335,0.02496523904626846,1675.675,1622.1760009765626,1666.7688892557255,32.860155321368296,12.471810869958517,27.54782336563053,-15.076012495672014,0.020224806962330075,-0.53042206252618,0.967789070775583,0.9997065362794166,1644.5999755859375
2026-02-10,1625.0,1658.5,1611.0999755859375,1644.5999755859375,1602.9439697265625,1527966,0.014120999632215803,-0.04188757612237837,0.036882920938441366,1678.6,1624.7219995117186,1664.6575641443173,43.6013490877437,9.441389527151614,23.92653659793475,-14.485147070783135,0.02042326191690443,0.6362514871693825,0.979745011072285,1.0122346937384936,1634.4000244140625
