Date,Open,High,Low,Close,Adj Close,Volume,Daily_Return,Return_5D,Return_20D,SMA_20,SMA_50,EMA_20,RSI_14,MACD,MACD_Signal,MACD_Histogram,Volatility_20,Volume_Change,Price_vs_SMA20,Price_vs_SMA50,Target_Next_Day_Close
2024-11-06,273.7250061035156,282.92498779296875,270.5,281.95001220703125,261.315673828125,19554884,0.037152863258240076,-0.0023882805589341416,0.06165866232638906,272.85125122070315,269.4465008544922,273.7714027280817,67.94282701920596,2.3192961967436077,2.1107592921556826,0.20853690458792506,0.019502796635181313,1.8496273822326756,1.0333469644930025,1.046404430240834,281.70001220703125
2024-11-07,283.0,284.8500061035156,277.2250061035156,281.70001220703125,261.083984375,11997142,-0.0008866819974330253,0.02102217629161318,0.07314290364583331,273.8112518310547,269.73450134277346,274.52650839274355,59.38891841574434,2.663348065410162,2.221277046806579,0.442071018603583,0.019221603393930555,-0.3864887155556638,1.0288109430245185,1.0443603276729225,284.5
2024-11-08,282.5,289.3999938964844,282.5,284.5,263.6790466308594,20852658,0.009939608348014328,0.032012379061602925,0.07703958574191905,274.8287521362305,270.0375012207031,275.47636473629177,62.50001825214536,3.125913677446647,2.4022043729345928,0.7237093045120542,0.019264692795650126,0.7381354659301358,1.035190087603991,1.0535573715277293,286.75
2024-11-11,284.5,291.6000061035156,283.0249938964844,286.75,265.764404296875,16139444,0.00790861159929701,0.060466000268383224,0.04358113499959515,275.42750244140626,270.3885009765625,276.55004428521636,66.41309759266521,3.632186864341861,2.6482008712160465,0.9839859931258146,0.017313542822530798,-0.22602461518334982,1.041108812512296,1.060511075598055,285.32501220703125
2024-11-12,287.5,289.8500061035156,284.5249938964844,285.32501220703125,264.4437255859375,11260890,-0.004969443044354871,0.04956779768614239,0.07073836446857262,276.37000274658203,270.7705010986328,277.3857555158654,63.54709157390332,3.8737729633040203,2.8933152896336414,0.980457673670379,0.015662431847212048,-0.30227522088121495,1.0324022483317792,1.0537522036165112,284.5
2024-11-13,285.0,286.79998779296875,282.7749938964844,284.5,263.6790466308594,11391200,-0.002891482245631627,0.009044113078797489,0.06924734359734752,277.29125213623047,271.1000012207031,278.0633026095925,62.57108614773142,3.9530913210376184,3.105270495914437,0.8478208251231814,0.01568904158451066,0.011571909502712474,1.0259970259005067,1.0494282505310204,283.3500061035156
2024-11-14,284.4750061035156,287.2749938964844,282.1000061035156,283.3500061035156,262.6132507324219,9783520,-0.0040421578083809084,0.005857273074137304,0.07177307273197409,278.24000244140626,271.5755010986328,278.5667981804423,63.40057636887608,3.878448454915201,3.2599060877145902,0.618542367200611,0.01562004817705579,-0.1411335065664724,1.0183654529085389,1.043356285663656,276.42498779296875
2024-11-18,283.3500061035156,283.3500061035156,270.1499938964844,276.42498779296875,256.1950378417969,15289764,-0.024439802934103305,-0.028383171202218782,0.007655064221240737,278.3450012207031,271.8555010986328,278.3628162387781,46.6354622168064,3.2233456210159375,3.25259399437486,-0.029248373358922386,0.014634396398107619,0.5628080690794315,0.9931020373302412,1.01680851288964,281.0
2024-11-19,278.0,284.8999938964844,277.3500061035156,281.0,260.4352111816406,12919778,0.01655064632021519,-0.02005231037489097,0.025360381377873553,278.6925018310547,272.2695013427734,278.6139765969897,49.890103256659366,3.038313370276626,3.2097378695552132,-0.17142449927858738,0.015060787231420781,-0.15500474696666344,1.0082797282086338,1.0320656504462296,278.57501220703125
2024-11-21,281.0,283.79998779296875,277.6499938964844,278.57501220703125,258.1877136230469,11672608,-0.008629849797041844,-0.02365723196781011,0.021450200651183415,278.9850021362305,272.6925018310547,278.6102657027079,45.63579131249194,2.6652741092009933,3.1008451174843694,-0.43557100828337614,0.015166482358215399,-0.09653184443262108,0.9985304230476194,1.0215719549913442,285.82501220703125
2024-11-22,280.9750061035156,286.79998779296875,278.95001220703125,285.82501220703125,264.9070739746094,14733232,0.02602530622743715,0.004657336404327861,0.044682038855256234,279.59625244140625,273.1515020751953,279.2973844174054,60.57540163848602,2.920980966088223,3.0648722872051404,-0.1438913211169175,0.016153869429488037,0.26220566988971106,1.0222776940364404,1.0463973656946872,291.2250061035156
2024-11-25,287.75,293.7749938964844,286.95001220703125,291.2250061035156,269.9118957519531,23297474,0.018892656925955098,0.027792482196464352,0.0650027175095782,280.4850021362305,273.83250244140623,280.4333483875111,64.92324039238221,3.5188023076300396,3.1556582912901203,0.36314401633991933,0.01655273920535065,0.5812873916598884,1.0382908315435302,1.0635151178440951,294.5
2024-11-26,292.5,295.17498779296875,289.6499938964844,294.5,272.9472045898437,15771340,0.011245579286966345,0.06538848875908676,0.08381633410584266,281.6237518310547,274.42200256347655,281.77302949346245,74.05189936875524,4.208333614738422,3.3661933559797808,0.8421402587586408,0.016482624846264927,-0.32304506488557516,1.0457214566783761,1.0731646779375106,291.45001220703125
2024-11-27,295.75,298.0,290.95001220703125,291.45001220703125,270.12042236328125,13659676,-0.01035649505252545,0.037188655541036564,0.043501700483670414,282.2312530517578,274.7450030517578,282.69464689475467,68.95552518881652,4.457302608449936,3.5844152064738117,0.8728874019761244,0.015789840866121767,-0.13389249106290269,1.032663849434077,1.060801867075728,286.1000061035156
2024-11-28,292.875,293.0,285.2749938964844,286.1000061035156,265.1619873046875,11896556,-0.01835651356814927,0.02701245110560002,0.01778726393253338,282.4812530517578,274.9480029296875,283.01896681939854,54.4195905377921,4.174787200867115,3.702489605352473,0.47229759551464223,0.016404919514533173,-0.1290748038240439,1.0128105954383273,1.040560407986233,288.92498779296875
2024-11-29,287.5,290.375,285.79998779296875,288.92498779296875,267.7802124023437,8540112,0.009874105659511967,0.010845711374244837,0.02229097848020789,282.79625244140624,275.20750244140623,283.5814450073576,57.29427655570441,4.131221962735822,3.788236076829143,0.3429858859066788,0.0164978507327185,-0.28213577105844745,1.0216719114862824,1.0498441547918305,292.2749938964844
2024-12-02,291.2250061035156,292.7749938964844,289.1000061035156,292.2749938964844,270.88507080078125,11194000,0.01159472612287904,0.0036054177043969293,0.05935121552102607,283.61500244140626,275.6715020751953,284.4094020444173,57.76335171194077,4.317247155218524,3.8940382925070196,0.4232088627115047,0.01554255132327513,0.31075564348570595,1.030534320753597,1.060229264527895,291.6499938964844
2024-12-03,295.3500061035156,296.20001220703125,289.29998779296875,291.6499938964844,270.3058166503906,15445286,-0.002138397102221301,-0.009677440079849275,0.05794869614907827,284.413752746582,276.17100219726564,285.0989822208046,55.05675515822851,4.363936441007297,3.9880179222070753,0.37591851880022187,0.015562450755082304,0.37978256208683225,1.0254426555678902,1.0560485770629977,294.0
2024-12-04,294.6499938964844,297.0,291.79998779296875,294.0,272.4838256835937,14036431,0.008057624387778128,0.00874931441470439,0.08727813105110593,285.5937530517578,276.6600024414063,285.9466981997756,58.78479776503165,4.5382497707119,4.098064291908041,0.4401854788038593,0.014696575894175506,-0.09121585705826363,1.0294342815920023,1.0626761996876153,299.29998779296875
2024-12-05,295.0,300.8999938964844,293.8999938964844,299.29998779296875,277.3959350585937,13487264,0.01802716936383919,0.04613764910119289,0.10097473265827572,286.9662521362305,277.297001953125,287.21844006579397,63.74187047619912,5.045893146179253,4.287630062762283,0.7582630834169697,0.015014412651460278,-0.03912440420217933,1.0429797426175504,1.0793480841295326,297.3500061035156
2024-12-06,299.1499938964844,299.1499938964844,296.20001220703125,297.3500061035156,275.588623046875,7894350,-0.006515141226139831,0.02915988116813173,0.05461958939436551,287.7362518310547,277.84850219726565,288.18335111700554,62.8087917488008,5.230562286817758,4.476216507573379,0.7543457792443791,0.013139674124274137,-0.41468113918434457,1.0334116893901353,1.0701875437586645,303.75
2024-12-09,295.0,305.70001220703125,293.75,303.75,281.520263671875,9285213,0.021523436237147253,0.03926099167956787,0.0782747136580293,288.8387512207031,278.56150207519534,289.66588910586216,75.24253396828762,5.826179362686332,4.746209078595969,1.079970284090363,0.01375484952492317,0.17618461304603916,1.0516248208257317,1.090423471072486,308.1000061035156
2024-12-10,306.0,311.0,303.45001220703125,308.1000061035156,285.5519104003906,17028502,0.014321007748199666,0.05640326607676838,0.08295256978388621,290.0187515258789,279.304501953125,291.42151929611487,75.13918354336134,6.573444745340282,5.111656211944831,1.4617885333954508,0.013890907930969339,0.8339376813434436,1.0623451224533091,1.1030971715422737,309.0
2024-12-11,308.1499938964844,309.8999938964844,305.54998779296875,309.0,286.3860778808594,8608406,0.0029211096353629618,0.05102040816326525,0.07759372275501297,291.1312515258789,280.06650207519533,293.09566031553254,79.04536825655423,7.155792410155243,5.520483451586914,1.635308958568329,0.013863376274190783,-0.4944707408790274,1.0613769507068282,1.1033093844155495,309.1000061035156
2024-12-12,308.0,313.79998779296875,307.45001220703125,309.1000061035156,286.4787292480469,12958440,0.00032364434794707186,0.032743129670041116,0.08332600676183732,292.32000122070315,280.8340020751953,294.6198837239119,75.73247337426642,7.5384779061151335,5.924082342492558,1.6143955636225753,0.013736399064551706,0.5053239821634807,1.0574028626598955,1.1006502197720056,309.95001220703125
2024-12-13,309.1000061035156,311.04998779296875,304.20001220703125,309.95001220703125,287.2665405273437,7382211,0.0027499388118128465,0.04237432602953839,0.08945522744123457,293.5925018310547,281.56550231933596,296.0798959603995,73.0178558968576,7.820200899456893,6.303306053885425,1.5168948455714677,0.01364289350794166,-0.43031638067545164,1.0557150140891178,1.1008096150056876,309.20001220703125
2024-12-16,310.0,311.3999938964844,307.1000061035156,309.20001220703125,286.5714416503906,7221189,-0.0024197450248817365,0.017942427019032925,0.09122994722672395,294.88500213623047,282.44800231933596,297.32943084103107,69.26608953858018,7.891975883990085,6.621040019906358,1.270935864083727,0.013594909771373218,-0.021812164404404033,1.0485443815965505,1.094714813586996,308.8500061035156
2024-12-17,311.0,312.25,307.29998779296875,308.8500061035156,286.2470397949219,10568517,-0.0011319731232134478,0.0024342745379499764,0.11730132854281572,296.5062530517578,283.28950256347656,298.42662848507723,74.54161196599591,7.830352084309823,6.862902432787052,0.9674496515227711,0.011877443869569636,0.46354249971853667,1.0416306668905329,1.0902274998146524,312.6000061035156
2024-12-18,309.0,313.25,308.54998779296875,312.6000061035156,289.7225952148437,10965226,0.012141816175788467,0.011650505189370941,0.112455537734931,298.0862533569336,284.22700256347656,299.77647397254754,89.14330740464264,7.991981847132308,7.088718315656104,0.9032635314762043,0.011703694830189803,0.03753686538991241,1.0486897754697968,1.0998251513196833,312.75
2024-12-19,306.3500061035156,313.3999938964844,301.1499938964844,312.75,289.8616027832031,12405595,0.00047982691476566863,0.011808456242029308,0.12267786519047363,299.79500274658204,285.21250244140623,301.01204787992395,88.21174264004809,8.039503461061713,7.278875344737226,0.7606281163244875,0.01129890175754812,0.13135789449300916,1.0432128525650204,1.0965508079865856,305.20001220703125
2024-12-20,315.5,320.0,304.3999938964844,305.20001220703125,282.8641662597656,22214824,-0.024140648418764954,-0.015325051824251035,0.06778622993975825,300.76375274658204,286.00500244140625,301.4109016253627,68.26859287747149,7.382838993207599,7.299668074431301,0.08317091877629856,0.012125453918435124,0.7907100787991226,1.0147499804080018,1.0671142448620543,307.8999938964844
2024-12-23,306.6000061035156,310.6499938964844,305.0,307.8999938964844,285.3665771484375,6693583,0.00884659758015216,-0.0042044575007209595,0.05725809062921483,301.59750213623045,286.91300231933593,302.02891041308857,71.69562241272531,6.999606522187605,7.2396557639825625,-0.24004924179495735,0.011646531936617938,-0.6986884523595596,1.020897029039077,1.0731475792574565,305.29998779296875
2024-12-24,307.5,309.20001220703125,302.79998779296875,305.29998779296875,282.9568176269531,8837902,-0.008444320087871549,-0.011494311932624734,0.03667228452620974,302.1375015258789,287.73600219726563,302.34044159212476,64.9867406212966,6.4121776717098555,7.074160145528022,-0.6619824738181661,0.011731598320635387,0.320354434986464,1.0104670431545848,1.0610420158116385,305.04998779296875
2024-12-26,305.3999938964844,306.95001220703125,304.0,305.04998779296875,282.72509765625,6516148,-0.0008188667212444267,-0.02415232937662426,0.04666314982439168,302.81750030517577,288.3415020751953,302.59849361125276,58.80552289335006,5.858925123082429,6.831113141038903,-0.9721880179564746,0.011397627563013865,-0.26270420287529783,1.007372385960333,1.0579468636929557,309.1000061035156
2024-12-27,305.20001220703125,310.8999938964844,304.70001220703125,309.1000061035156,286.4787292480469,8063921,0.013276572603227121,-0.011670643953587079,0.08039146979842515,303.9675003051758,289.1940020751953,303.21768527718257,66.90647482014388,5.681775155362857,6.601245543903694,-0.9194703885408373,0.010536005770250904,0.2375288283814303,1.0168850478856684,1.0688327001441214,303.70001220703125
2024-12-30,309.1000061035156,309.3999938964844,302.6499938964844,303.70001220703125,281.47393798828125,13709891,-0.017470054318523554,-0.004914809764104744,0.05113792519963578,304.7062515258789,289.9465020751953,303.26362117526344,49.92594401041667,5.047464127311912,6.290489260585338,-1.2430251332734263,0.011457450248894718,0.7001519484131851,0.9966976741901137,1.0474346475415284,301.8500061035156
2024-12-31,300.95001220703125,303.0,295.25,301.8500061035156,279.7593078613281,9337030,-0.006091557554019689,-0.019649197508599947,0.03276028537159914,305.1850021362305,290.6960021972656,303.12899116843033,40.0,4.34539700445805,5.901470809359881,-1.556073804901831,0.01140578194372365,-0.31895665691288133,0.9890722151830182,1.0383699941586433,300.29998779296875
2025-01-01,300.0,303.3500061035156,298.95001220703125,300.29998779296875,278.32275390625,7878201,-0.005135061385472706,-0.01637733442488909,0.029658817341016386,305.6175018310547,291.2155017089844,302.8595622755292,36.36362766669856,3.6221760372274048,5.445611854933386,-1.823435817705981,0.011477966821385023,-0.15624122445788435,0.9826007541903622,1.0311950635549016,303.79998779296875
2025-01-02,298.0,304.45001220703125,297.1499938964844,303.79998779296875,281.5666198730469,8800435,0.011655012128781506,-0.004097689067433574,0.033333291812818855,306.1075012207031,291.81050170898436,302.9491266105234,42.49289580543454,3.293473843103925,5.015184252567495,-1.7217104094635696,0.011613116754075328,0.11706149665386811,0.9924617547151494,1.0410865476525626,294.45001220703125
2025-01-03,303.29998779296875,303.79998779296875,294.0,294.45001220703125,272.9009094238281,12535720,-0.03077674773413508,-0.04739564415142128,-0.01620439620362535,305.86500244140626,292.2450018310547,302.13968714352416,32.30593114173399,2.2525441702759963,4.462656236109195,-2.210112065833199,0.01304239788123519,0.4244432235451998,0.9626796457807828,1.0075450747221033,294.29998779296875
2025-01-06,295.0,297.79998779296875,290.54998779296875,294.29998779296875,272.7618713378906,9173687,-0.0005095072434808667,-0.03095167611535865,-0.010257333942966462,305.7125015258789,292.65900146484375,301.39304911013795,32.754606245646656,1.3993632007531005,3.8499976290379765,-2.450634428284876,0.012971262233590849,-0.26819624241766726,0.9626691297348071,1.0056071616451616,294.04998779296875
2025-01-07,294.29998779296875,297.5,291.29998779296875,294.04998779296875,272.5301513671875,7381943,-0.0008494733617722128,-0.02584070946770811,-0.031934196566357986,305.22750091552734,293.0710009765625,300.69370993707423,32.83060763958957,0.6950263932835696,3.219003381887095,-2.5239769886035255,0.01189823476931315,-0.1953134001628789,0.9633797312200515,1.0033404424632395,297.54998779296875
2025-01-08,293.0,298.45001220703125,289.29998779296875,297.54998779296875,275.7740173339844,7937785,0.011902738123778622,-0.009157509529756913,-0.03424218793102607,304.7,293.5875006103516,300.3943078281118,32.438720925512186,0.41447731172439717,2.658098167854556,-2.2436208561301587,0.01173965206442457,0.07529751990769906,0.976534255966422,1.013496784346675,292.29998779296875
2025-01-09,297.0,298.0,291.3500061035156,292.29998779296875,270.9082336425781,7964702,-0.01764409415352719,-0.037853852738917615,-0.05404534694832119,303.86499938964846,293.8475006103516,299.6234202057172,28.67569655797446,-0.2288529067247964,2.0807079529386856,-2.309560859663482,0.01220726632972825,0.0033909963547764654,0.9619402971059203,0.9947336192611185,300.54998779296875
2025-01-10,294.29998779296875,303.25,294.29998779296875,300.54998779296875,278.554443359375,19505556,0.02822442813731252,0.02071650648004919,-0.02766100984056119,303.43749847412107,294.23650024414064,299.7116647378364,45.22094339101874,-0.07215888520516955,1.6501345853099147,-1.7222934705150843,0.014029556750169508,1.4490001006942883,0.9904840018268257,1.021457186799019,291.8500061035156
2025-01-13,298.95001220703125,299.25,290.25,291.8500061035156,270.4911804199219,9541248,-0.028946870879416053,-0.008324776728079963,-0.05839653295908154,302.5324981689453,294.42100036621093,298.96293534409153,35.31566274210229,-0.6425862237977071,1.1915904234883903,-1.8341766472860974,0.015281502734549686,-0.5108446024301999,0.9646897700905368,0.9912676260881614,292.8500061035156
2025-01-14,291.79998779296875,294.54998779296875,286.54998779296875,292.8500061035156,271.41796875,7670070,0.0034264176086578058,-0.0040808765151114645,-0.05287841351237765,301.71499786376955,294.76000061035154,298.38075160689385,38.265808301353644,-1.0024072301160913,0.752790892767494,-1.7551981228835853,0.015346797470888553,-0.19611459632953676,0.9706179943886759,0.9935201706375324,292.6499938964844
2025-01-15,293.0,294.70001220703125,289.70001220703125,292.6499938964844,271.23260498046875,4662694,-0.0006829851557542677,-0.016467800697386403,-0.05245268540354686,300.90499725341795,295.09950073242186,297.8349651582834,38.30189928629215,-1.2888502204692145,0.34446267012015236,-1.6333128905893668,0.01534938655040735,-0.39209237986094003,0.9725660808817298,0.9916993867158096,288.04998779296875
2025-01-16,295.8999938964844,296.5,286.70001220703125,288.04998779296875,266.9692687988281,10345666,-0.015718456174452333,-0.014539856919221661,-0.07853492588358202,299.6774963378906,295.45250061035154,296.903062552063,30.34546114580786,-1.8655356687988274,-0.0975369976636436,-1.7679986711351838,0.015206763593450606,1.2188172760211158,0.9611999276321647,0.9749451678287017,281.95001220703125
2025-01-17,287.79998779296875,287.79998779296875,280.5,281.95001220703125,261.315673828125,9358955,-0.021176795155158135,-0.06188646262314912,-0.09848117599670259,298.1374969482422,295.65450073242187,295.4789625192028,29.953917050691246,-2.7827028255557593,-0.6345701632420668,-2.1481326623136923,0.01563809951433,-0.09537433356151259,0.9457046332416846,0.9536469477331121,300.25
2025-01-20,302.0,305.3999938964844,296.95001220703125,300.25,278.27642822265625,39380165,0.06490507891707908,0.02878188699953288,-0.016218912218369907,297.88999633789064,296.02050048828124,295.9333470411835,48.868453664851295,-2.0097412831136694,-0.9096043872163874,-1.1001368958972821,0.021496526185105034,3.2077523612411856,1.0079223998493472,1.0142878601473284,298.3500061035156
2025-01-21,302.3999938964844,305.8500061035156,297.79998779296875,298.3500061035156,276.51544189453125,15619474,-0.0063280396219296264,0.018780945485300293,-0.031016524788173405,297.41249694824216,296.35350036621094,296.1635050471199,48.62773901334313,-1.5328080631635999,-1.0342451224058298,-0.4985629407577701,0.02141313968056721,-0.6033669742115098,1.0031522184336343,1.0067369062111213,309.1000061035156
2025-01-22,299.3500061035156,310.0,299.3500061035156,309.1000061035156,286.4787292480469,30859317,0.036031505882624826,0.05621053323120839,0.012446834138505558,297.60249786376954,296.84550048828123,297.39555276677663,53.384432440943776,-0.28412467929206286,-0.8842210337830764,0.6000963544910135,0.022896761571370584,0.9756950202036252,1.0386337760007955,1.0412824368066114,317.70001220703125
2025-01-23,311.1000061035156,324.6000061035156,310.6499938964844,317.70001220703125,294.4493713378906,39904371,0.027822730293429743,0.10293360760484727,0.04146869339541759,298.23499908447263,297.46450073242187,299.32931080870566,64.990331179722,1.3834667742130478,-0.43068347218385156,1.8141502463968993,0.023668672959653855,0.2931060982328286,1.065267366949931,1.0680266432625916,320.1000061035156
2025-01-24,319.0,322.5,316.6000061035156,320.1000061035156,296.6737060546875,17479586,0.007554277004309329,0.13530765116077204,0.03558718790939186,298.78499908447264,298.1600006103516,301.30747226535425,66.16543366151856,2.8656707962034034,0.22858738149359942,2.637083414709804,0.02356329865948584,-0.5619631242903189,1.0713389463472254,1.0735846708084638,307.95001220703125
2025-01-27,317.79998779296875,319.1499938964844,306.75,307.95001220703125,285.41290283203125,12372895,-0.03795686868108106,0.02564533624323473,0.013994072535969515,298.9974990844727,298.6290008544922,301.94009511694253,57.579079506819696,3.0250542542117955,0.7878807560372387,2.237173498174557,0.02486408227078853,-0.2921517134330298,1.029941765900956,1.0312126796991186,303.6000061035156
2025-01-28,304.0,307.6000061035156,301.54998779296875,303.6000061035156,286.9725646972656,12077491,-0.014125689011472264,0.01759678194267722,0.0057975814630260025,299.08499908447266,299.0340008544922,302.09818187756855,53.268514912732215,2.768444747194792,1.1839935542687494,1.5844511929260425,0.025048649141779983,-0.02387509148020739,1.0150960664455384,1.0152691842264625,312.45001220703125
2025-01-29,305.04998779296875,314.70001220703125,305.04998779296875,312.45001220703125,295.3378295898437,16338112,0.02915021714623456,0.010837936063947229,0.0404596234031116,299.69250030517577,299.75450134277344,303.0840704803745,60.47843582355596,3.241831577622179,1.5955611589394354,1.6462704186827435,0.025798651062924255,0.35277368453431257,1.0425686725188803,1.0423530282527445,309.0
2025-01-30,311.0,313.70001220703125,305.95001220703125,309.0,292.0767517089844,9984186,-0.01104180532003074,-0.027384362205695623,0.01711656489787261,299.95250091552737,300.31450134277344,303.6474923393865,54.62507633572485,3.3005600968818385,1.936560946527916,1.3639991503539224,0.02586449497381486,-0.38890209590924585,1.030163106014644,1.0289213428535477,311.8999938964844
2025-01-31,311.70001220703125,315.70001220703125,309.54998779296875,311.8999938964844,294.8179626464844,15597644,0.009385093516130594,-0.025617032335761625,0.059262968130508575,300.825,300.9810009765625,304.4334448686339,61.71828793330151,3.5402977934928117,2.2573083159208953,1.2829894775719164,0.02479099616173354,0.5622349182997992,1.0368154039607227,1.036278013843047,304.79998779296875
2025-02-01,312.54998779296875,313.25,303.3500061035156,304.79998779296875,288.1067810058594,6046117,-0.022763726330408462,-0.01022901214221994,0.03567788119443094,301.35,301.3605004882813,304.46835371857054,56.51935760244035,3.1213989459019444,2.430126441917105,0.6912725039848393,0.02545541193466119,-0.61236985534482,1.011448441323938,1.011413198807125,313.6000061035156
2025-02-03,303.0,314.0,300.29998779296875,313.6000061035156,296.42486572265625,14877076,0.028871452306370005,0.03293807575415664,0.06648535664729027,302.32750091552737,301.80800048828127,305.3380348980891,60.44888389378117,3.4596261077942927,2.636026375092543,0.8235997327017497,0.026135175184598763,1.46060008431858,1.0372857419647639,1.0390712161246773,316.25
2025-02-04,318.0,318.8500061035156,313.3500061035156,316.25,298.9297180175781,15366864,0.00845023547483481,0.012161906367444297,0.06284662401008889,303.2625015258789,302.24300048828127,306.3772696696997,64.34385336162185,3.896588484406209,2.8881387969552765,1.0084496874509323,0.0260884224004279,0.03292232962982777,1.042825929380566,1.0463435033701032,317.1000061035156
2025-02-05,317.79998779296875,321.45001220703125,314.8999938964844,317.1000061035156,299.733154296875,9628027,0.0026877663352273817,0.02621361198548744,0.0848444041951597,304.50250244140625,302.7560003662109,307.39848266339646,68.8876877912985,4.262339112694235,3.1629788601030686,1.0993602525911665,0.025618291713289422,-0.3734553126779804,1.0413707721976224,1.0473781055369813,317.95001220703125
2025-02-06,320.0,323.6000061035156,314.54998779296875,317.95001220703125,300.5366516113281,15062390,0.0026805616119671694,0.019397301792044352,0.057893944837051015,305.37250366210935,303.39300048828125,308.4033902389807,61.70635160915559,4.568128962343394,3.444008880551134,1.12412008179226,0.02499660657861841,0.564431632773776,1.041187429759029,1.0479807104821863,318.0
2025-02-07,319.0,319.0,314.0,318.0,300.5838623046875,8589587,0.000157219031450051,0.04330712839790918,0.08960079955321043,306.6800033569336,303.97450073242186,309.3173530733635,63.322024247705805,4.759637084871201,3.707134521415148,1.0525025634560534,0.023853091900092615,-0.4297327980486496,1.036911427283022,1.0461403809654557,319.04998779296875
2025-02-10,318.79998779296875,321.0,315.8500061035156,319.04998779296875,301.57635498046875,12304840,0.0033018484055620245,0.017378767804150375,0.08946553233190668,307.99000244140626,304.51000061035154,310.24427066570684,57.76735272830882,4.939197892731045,3.9535471956783272,0.9856506970527175,0.023853421500204475,0.4325298759998588,1.0359102089804575,1.0477488002150133,313.0
2025-02-11,319.5,320.3999938964844,311.6000061035156,313.0,295.85772705078125,10627890,-0.018962507520591365,-0.010276679841897285,0.0695370118842844,309.007502746582,304.9370007324219,310.50672107849664,46.17885186420224,4.540972173037005,4.0710321911500635,0.46993998188694164,0.02440863486764217,-0.13628377126399038,1.0129203893689671,1.0264415248008991,310.20001220703125
2025-02-12,313.45001220703125,315.75,309.3500061035156,310.20001220703125,293.2110900878906,9668342,-0.008945647900858611,-0.021759677589636817,0.07689646017267826,310.11500396728513,305.2610009765625,310.47751070978563,42.00323515940876,3.953862145085054,4.047598181937062,-0.09373603685200749,0.024171665423640173,-0.09028584225090774,1.000274118435608,1.0161796338696012,308.54998779296875
2025-02-13,310.29998779296875,313.6499938964844,306.95001220703125,308.54998779296875,291.65142822265625,8832731,-0.005319227431110685,-0.029564472568542444,0.09434287793683649,311.445002746582,305.4460009765625,310.2939370986602,50.5836335612453,3.317191518700838,3.901516849289817,-0.5843253305889791,0.023555090268260612,-0.08642753845488704,0.9907045708613637,1.0101621458669692,308.1000061035156
2025-02-14,310.04998779296875,312.3999938964844,304.54998779296875,308.1000061035156,291.22607421875,7371341,-0.0014583753273555988,-0.031132056278252773,0.026144899595389237,311.83750305175784,305.6610009765625,310.0849912895988,54.73684210526316,2.744676773301478,3.6701488340921493,-0.9254720607906712,0.018841985531760974,-0.16545165928861638,0.9880146008364431,1.007979444937891,305.3500061035156
2025-02-17,308.1000061035156,310.29998779296875,302.0,305.3500061035156,288.6266784667969,7507772,-0.008925673305816284,-0.042939922311932555,0.0234623759235697,312.1875030517578,305.6930010986328,309.6340403194956,41.425112137373354,2.0454737474382227,3.345213816761364,-1.2997400693231413,0.01890733203355773,0.018508301271098482,0.9780981080875983,0.9988779756360646,312.20001220703125
2025-02-18,305.3500061035156,312.75,305.3500061035156,312.20001220703125,295.1015319824219,10368789,0.022433292833121676,-0.002555871543031163,0.010029136338733924,312.3425033569336,305.77500122070313,309.878418594499,53.57144316848841,2.0207941001341965,3.0803298734359306,-1.059535773301734,0.01780620350545264,0.381074039009176,0.9995437983996065,1.0210122180056527,314.1000061035156
2025-02-19,311.25,316.5,308.29998779296875,314.1000061035156,296.8974609375,7835672,0.006085822620738535,0.012572513678308583,-0.011331463535385833,312.1625030517578,305.87700134277344,310.2804745477387,52.511430160015266,2.1299956662094814,2.890263031990641,-0.7602673657811594,0.016688654400610712,-0.24430210702522737,1.0062067129550039,1.02688337052032,313.29998779296875
2025-02-20,311.20001220703125,314.29998779296875,310.25,313.29998779296875,296.1412658691406,7697134,-0.002547017812801977,0.01539458819615036,-0.021243418247070767,311.82250213623047,305.9610009765625,310.5680472377606,61.333333333333336,2.1274598693733537,2.7377023994671834,-0.6102425300938297,0.016586615776466265,-0.017680423580772597,1.0047382265443203,1.0239866740956585,306.3500061035156
2025-02-21,312.79998779296875,312.79998779296875,305.04998779296875,306.3500061035156,289.5719299316406,8722925,-0.02218315340007526,-0.00567997392188313,-0.0051956682581326685,311.7425018310547,305.88900085449217,310.1663290344992,39.831686609403704,1.5468140832990684,2.4995247362335604,-0.952710652934492,0.015036536211284016,0.13326921422960814,0.9827020836239343,1.0015070997902364,295.04998779296875
2025-02-24,302.95001220703125,303.29998779296875,293.3500061035156,295.04998779296875,278.8907775878906,12600963,-0.036885973838461705,-0.03373184249112182,-0.028162115081221906,311.3150009155273,305.60600036621094,308.72667748768674,26.07221439190093,0.17283869811683417,2.0341875286102153,-1.8613488304933812,0.016895972121778693,0.44458000040124146,0.9477538407249063,0.9654587522476888,291.29998779296875
2025-02-25,294.3500061035156,296.29998779296875,290.1000061035156,291.29998779296875,275.3461608886719,10810040,-0.012709710744442715,-0.06694434207838185,-0.06769090602578809,310.2574996948242,305.255,307.06699275485647,22.669461526176917,-1.2047527141839396,1.3863994800513844,-2.591152194235324,0.01545804168076003,-0.14212588355350297,0.9388974902443858,0.9542840831205672,294.5
2025-02-27,294.0,295.79998779296875,291.3500061035156,294.5,278.3709411621094,15555649,0.010985280951352205,-0.062400527611120804,-0.046925566343042124,309.5324996948242,304.8929998779297,305.870136302013,26.337015152243026,-2.015061220534676,0.7061073399341722,-2.7211685604688483,0.015667038161785767,0.43900013320949793,0.9514348260371848,0.9659126320312675,277.6499938964844
2025-02-28,294.0,294.0,277.0,277.6499938964844,262.4437561035156,17458839,-0.057215640419407854,-0.11378868587777347,-0.10981083895553756,307.8199996948242,304.19099975585937,303.18250369196267,19.593065266215817,-3.9711146828216783,-0.229337064616998,-3.7417776182046802,0.01963256833015596,0.12234719361435831,0.9019881559734563,0.912748878564203,283.54998779296875
2025-03-03,279.45001220703125,286.3500061035156,279.29998779296875,283.54998779296875,268.0205993652344,11471554,0.021249753380812475,-0.07442473594351018,-0.06971785056118107,306.7574996948242,303.7579992675781,301.3127402730109,25.070228993237265,-4.987725549762104,-1.1810147616460192,-3.806710788116084,0.020070837450280533,-0.34293717927062617,0.924345739142667,0.9334733191444013,280.0
2025-03-04,279.0,283.1000061035156,276.29998779296875,280.0,264.6650390625,9331785,-0.012519795259383848,-0.05100826441494066,-0.10714287452030424,305.07749938964844,303.19999938964844,299.2829554851051,25.9825370186597,-6.010565277433557,-2.146924864803527,-3.86364041263003,0.018650469936643467,-0.18652825937967954,0.9177995773538868,0.923482851463223,285.1000061035156
2025-03-05,281.3999938964844,286.95001220703125,278.6499938964844,285.1000061035156,269.4857177734375,10285712,0.018214307512555816,-0.021283837793565352,-0.09849800441576084,303.5199996948242,302.7959997558594,297.9321984011442,32.32394696133166,-6.336600870315237,-2.984860065905869,-3.3517408044093684,0.019155324143274047,0.10222342242132676,0.939312092745687,0.9415580335717387,285.8999938964844
2025-03-06,288.45001220703125,292.0,283.5,285.8999938964844,270.2419128417969,9782051,0.002805990094150612,-0.029202058076453707,-0.09839171115262035,301.95999908447266,302.4129998779297,296.7862741626052,33.85602575396696,-6.456013196121717,-3.679090691949039,-2.7769225041726777,0.019157837468940207,-0.04896705254823386,0.9468141302269129,0.9453958461173598,284.79998779296875
2025-03-07,287.3999938964844,287.70001220703125,282.8999938964844,284.79998779296875,269.2021484375,8097300,-0.003847520556135131,0.025751824432418635,-0.10426174914714914,300.30249786376953,301.92699951171875,295.64472307978264,33.545189064537325,-6.563746836323276,-4.256021920823887,-2.3077249154993886,0.01907574367748036,-0.17222880968418586,0.9483770192353398,0.9432743287402316,280.8999938964844
2025-03-10,284.45001220703125,285.6499938964844,277.95001220703125,280.8999938964844,265.5157470703125,8165123,-0.013693799380775973,-0.009345773269506363,-0.11666668586011197,298.44749755859374,301.4709991455078,294.24046315756374,33.00902845111547,-6.884463624960631,-4.781710261651236,-2.102753363309395,0.019118027982195966,0.008376001877169026,0.9412040516149267,0.9317645633996966,277.75
2025-03-11,277.0,279.29998779296875,273.20001220703125,277.75,262.53826904296875,8602609,-0.011213933659411923,-0.008035714285714257,-0.12944676186531712,296.3824981689453,300.9889990234375,292.6699428568434,24.76189581902473,-7.308563600678497,-5.287080929456689,-2.0214826712218077,0.019021326338643837,0.05357984196931276,0.9371336084820896,0.9227912013434487,268.54998779296875
2025-03-12,277.70001220703125,277.70001220703125,262.20001220703125,268.54998779296875,253.84213256835935,18584311,-0.03312335628094054,-0.05804987006748008,-0.14201281855281545,294.1599975585938,300.3539990234375,290.37280427933155,19.854396246924523,-8.291451295027741,-5.8879550025709,-2.4034962924568415,0.019750121904692094,1.1603110172739455,0.9129385029297746,0.8941115772259554,264.0
2025-03-13,268.54998779296875,271.1000061035156,263.3500061035156,264.0,249.54135131835935,8683943,-0.016942796498938706,-0.07660019015045416,-0.14893620370394056,291.84999694824216,299.5579992675781,287.86110863368094,18.915513630545604,-9.32999251716177,-6.576362505489074,-2.753630011672696,0.019862826875092436,-0.5327272019931221,0.9045742770619896,0.8812984485324454,259.8500061035156
2025-03-17,264.0,265.20001220703125,258.8999938964844,259.8500061035156,245.61862182617188,12697926,-0.015719673850319582,-0.0876052765409181,-0.15783498174088373,289.41499786376954,298.8659991455078,285.193384583189,19.607843137254903,-10.368393357958894,-7.334768675983039,-3.033624681975855,0.0199293758995789,0.4622304637421042,0.8978456818807626,0.8694532226698808,259.8500061035156
2025-03-18,259.8500061035156,259.8500061035156,259.8500061035156,259.8500061035156,245.61862182617188,0,0.0,-0.07493765842061917,-0.15660499527477756,287.0024978637695,298.17699951171875,282.7797294898868,23.00614143029189,-11.06379694139872,-8.080574329066176,-2.983222612332545,0.019958605888504174,-1.0,0.905392838172641,0.8714622741828991,265.70001220703125
2025-03-20,269.20001220703125,273.95001220703125,267.5,268.0,253.322265625,17038774,0.008656333034627872,-0.002047990385286247,-0.14157594644077276,282.80999755859375,297.0190002441406,279.90041453450414,30.045169717353758,-10.66932367351393,-9.067972865174251,-1.601350808339678,0.020319258626162517,0.21321632263622958,0.9476326944363933,0.9022991787721059,264.29998779296875
2025-03-21,264.0,269.54998779296875,260.20001220703125,264.29998779296875,249.8248748779297,22659168,-0.01380601569787776,0.001136317397608888,-0.15854828826120637,280.3199966430664,296.4590002441406,278.4146596067389,37.46477581745607,-10.571376294722313,-9.368653551083865,-1.2027227436384482,0.020109929156543603,0.32985906145594757,0.9428509951414702,0.8915229005539107,269.3999938964844
2025-03-24,267.04998779296875,271.6499938964844,265.3999938964844,269.3999938964844,254.6455535888672,9269617,0.01929627824088498,0.036751924451232654,-0.14012127547701614,278.1249969482422,295.83600036621095,277.55612001528607,36.51096393106109,-9.967327276930178,-9.488388296253127,-0.4789389806770501,0.02101717359387966,-0.590910972547624,0.9686292021663141,0.9106396569822407,271.0
2025-03-25,272.0,274.70001220703125,269.3500061035156,271.0,256.157958984375,12563930,0.005939146769730064,0.042909346294348616,-0.11539091039407667,276.3574966430664,295.41900024414065,276.9317276328779,41.0891089108911,-9.252845909696589,-9.441279818941819,0.18843390924523007,0.020909993298404043,0.35538825390520445,0.9806138906736952,0.9173411316673598,267.3999938964844
2025-03-26,272.0,272.25,266.75,267.3999938964844,252.755126953125,7308412,-0.01328415536352634,0.006398124242946945,-0.09371291320264641,274.97499694824216,294.91,276.0239434675071,31.938763054049744,-8.874801497361602,-9.327984154625776,0.4531826572641737,0.01970027279218247,-0.4183020758632052,0.9724520296905991,0.9067172828879466,272.20001220703125
2025-03-27,270.0,273.54998779296875,269.6000061035156,272.20001220703125,257.292236328125,14783522,0.017950704637656356,0.01567168733966895,-0.0655680617450356,274.01999816894534,294.5010003662109,275.65975953793793,37.07549641418663,-8.094568072641152,-9.081300938228852,0.9867328655876992,0.02023166681066838,1.0228090589309962,0.993358200225985,0.924275339875082,262.25
2025-03-28,271.0,271.8500061035156,261.6000061035156,262.25,247.88717651367188,14283389,-0.03655404761504355,-0.00775629166723435,-0.1095076400679117,272.4074981689453,293.98500061035156,274.3826395819438,31.77043294968871,-8.184761456425122,-8.901993041868106,0.7172315854429847,0.021246074473556847,-0.033830436346629744,0.96271211975727,0.892052313742315,262.6000061035156
2025-04-01,260.3500061035156,263.0,258.5,262.6000061035156,248.218017578125,8388635,0.0013346276587822281,-0.025241232171599903,-0.05420489149580099,271.6549987792969,293.59800048828123,273.2604840125697,34.30534093811899,-8.134231438808229,-8.74844072125613,0.6142092824479022,0.017449022585018337,-0.4126999551717033,0.966667307001636,0.8944202810195812,263.6000061035156
2025-04-02,262.79998779296875,265.54998779296875,261.1000061035156,263.6000061035156,249.1632537841797,7136992,0.0038080730264942186,-0.027306250540532706,-0.07035790001168829,270.6574996948242,292.86500061035156,272.3404384974217,37.39983966737775,-7.92217251972022,-8.58318708094895,0.661014561228729,0.016607927948073083,-0.1492069925559999,0.9739246331645488,0.9000734316294348,256.3500061035156
2025-04-03,259.8999938964844,260.5,255.3000030517578,256.3500061035156,242.3103179931641,12262561,-0.02750379298987171,-0.04132381467909241,-0.08446426391601558,269.475,292.0250006103516,270.8175401741926,38.74541321725401,-8.244095901976436,-8.515368845154446,0.2712729431780101,0.017356876191643986,0.7181693632275334,0.9512942057835257,0.8778358207952304,246.3000030517578
2025-04-04,253.0,253.9499969482422,244.8500061035156,246.3000030517578,232.81072998046875,14639785,-0.039204223961280316,-0.09515065390803246,-0.13609260687868985,267.5349998474121,290.7690005493164,268.4825366387226,35.175896350750406,-9.204074910414477,-8.653110058206453,-0.5509648522080237,0.01817356447839681,0.1938603200424447,0.9206272195870985,0.8470641732318492,242.8999938964844
2025-04-07,231.0500030517578,243.8500061035156,228.0,242.8999938964844,229.59690856933597,13011904,-0.01380434069486769,-0.07378457999433974,-0.1504022417557972,265.38499984741213,289.27300018310547,266.0461039966047,35.62341717762193,-10.122531275162203,-8.946994301597604,-1.1755369735645989,0.018074897192018675,-0.11119569037386823,0.9152740133622628,0.8396912043043504,247.25
2025-04-08,244.75,249.5,243.8500061035156,247.25,233.7086944580078,13806651,0.017908629941626897,-0.0584539441993186,-0.13184687290178243,263.5075004577637,287.81600006103514,264.2559988540709,40.04740101927619,-10.379754079454415,-9.233546257168966,-1.146207822285449,0.018968037045925742,0.061078455543477794,0.9383034622182623,0.8590557854586521,236.6499938964844
2025-04-09,240.6999969482422,242.3000030517578,234.0,236.6499938964844,223.689208984375,19063559,-0.04287161214768698,-0.10223828369885535,-0.15752937330538608,261.29500045776365,286.3899996948242,261.626855524777,28.6554118747099,-11.308578654271969,-9.648552736589567,-1.6600259176824022,0.020574384083333508,0.38075185647844645,0.9056812931050974,0.8263207309915063,239.75
2025-04-11,245.0,245.0,238.3500061035156,239.75,226.61944580078125,11205821,0.013099540179458469,-0.06475523974363573,-0.13681368136813676,259.3950004577637,285.1129995727539,259.54334547479823,29.48441544626074,-11.660123590338344,-10.050866907339323,-1.6092566829990211,0.021106500127698456,-0.41218630791868405,0.9242660790566687,0.8408946640779935,244.0
2025-04-15,245.0500030517578,245.0500030517578,241.3500061035156,244.0,230.6366729736328,10694621,0.01772679874869665,-0.009338217715224695,-0.091416827067201,258.16750106811526,283.74399932861326,258.06302685815075,35.3746665716841,-11.46364029420414,-10.333421584712287,-1.130218709491853,0.020870068045842384,-0.045619147405620675,0.9451228330076399,0.8599300798513648,247.6499938964844
2025-04-16,244.0,248.4499969482422,241.1999969482422,247.6499938964844,234.08677673339844,16203319,0.014958991379034448,0.019555373072690507,-0.061931841301195445,257.35000076293943,282.51699920654295,257.0713094332301,33.99560223983961,-10.887893010115079,-10.444315869792845,-0.4435771403222333,0.02109281214111908,0.5150905300898461,0.9623081140948188,0.87658439878668,236.8999938964844
2025-04-17,235.0,237.8000030517578,232.1499938964844,236.8999938964844,223.92552185058597,54875421,-0.043408036603842626,-0.04186048980188306,-0.0883202296246578,256.2025001525879,281.01699920654295,255.15023176306386,27.885877815006623,-11.170280260357345,-10.589508747905747,-0.580771512451598,0.02281175242117753,2.3866778158227953,0.9246591807472316,0.8430094783069217,238.4499969482422
2025-04-21,237.3999938964844,240.8000030517578,237.3999938964844,238.4499969482422,225.39065551757807,16298364,0.006542858132934759,0.0076061825403854755,-0.08235523822442548,255.13249969482422,279.68999938964845,253.55973320927131,30.7128765974698,-11.140580224248993,-10.699723043174396,-0.4408571810745965,0.02292424140446262,-0.7029933674677411,0.9346123964350416,0.852551029599192,234.1499938964844
2025-04-22,238.4499969482422,239.0,233.5,234.1499938964844,221.32614135742188,18367713,-0.018033143664460405,-0.023357689691410166,-0.11874300662795356,253.55499877929688,278.1009991455078,251.7111866080535,24.48021905507322,-11.333372972461063,-10.826453029031729,-0.5069199434293346,0.02223539453465147,0.12696666978354387,0.9234682614177002,0.841960275640623,243.6000061035156
2025-04-23,237.1999969482422,245.3500061035156,236.1000061035156,243.6000061035156,230.2585906982422,31898042,0.04035879758002037,-0.0016393192478868501,-0.0910447533450911,252.33499908447266,276.64799926757814,250.93869322666893,37.40716975097997,-10.601419046739124,-10.781446232573208,0.18002718583408317,0.024367660685542754,0.7366365643888273,0.9653833474839022,0.8805413621224203,242.75
2025-04-24,244.8000030517578,245.1499938964844,241.5,242.75,229.45513916015625,23000820,-0.0034893517332441615,-0.019785964131832645,-0.08153609076156776,251.25749969482422,275.1609991455078,250.1588176812719,36.6867920172126,-9.97494373374181,-10.620145732806929,0.6452019990651188,0.024268783473282107,-0.27892690090507755,0.966140315392944,0.8822107811566401,240.8999938964844
2025-04-25,243.9499969482422,246.1499938964844,238.0500030517578,240.8999938964844,227.7064514160156,16620430,-0.007621034412010674,0.01688476193776456,-0.10579064827652129,249.8324996948242,273.61999877929685,249.27702493986357,34.946952473965936,-9.518019759067187,-10.39972053805898,0.8817007789917941,0.02364957851998262,-0.27739837101459863,0.9642460215974661,0.8804180797135207,240.5
2025-04-28,240.5,241.9499969482422,238.75,240.5,227.328369140625,14218414,-0.00166041472236933,0.008597203094965034,-0.11254612546125464,248.30749969482423,272.0699987792969,248.4411178027337,38.439099333644336,-9.083471773397036,-10.136470785126592,1.0529990117295558,0.023520068234936364,-0.14452189263454673,0.9685571329725448,0.8839636897822517,241.3999938964844
2025-04-29,241.6000061035156,243.6000061035156,239.8500061035156,241.3999938964844,228.1790771484375,16647246,0.003742178363760562,0.030963058675991917,-0.09723261254099003,247.00749969482422,270.5169989013672,247.7705345735671,45.875415923743105,-8.567704217116557,-9.822717471524586,1.2550132544080288,0.023538753217563376,0.1708229905248222,0.9772982366718912,0.8923653407248574,241.5
2025-04-30,241.5500030517578,243.3999938964844,239.1999969482422,241.5,228.2736053466797,14206640,0.0004142755014255872,-0.008620714494658954,-0.11278475690765688,245.47249908447264,269.08699890136717,247.17334080465594,48.75223441836577,-8.057997477105062,-9.46977347264068,1.4117759955356188,0.022964895901160215,-0.1466071925650645,0.9838169281720409,0.8974792575858372,241.67999267578125
2025-05-02,242.0399932861328,245.8000030517578,240.75,241.67999267578125,228.4437255859375,10822257,0.0007453112868789358,-0.0044078571543512135,-0.07843663422009062,244.44399871826172,267.7165985107422,246.65016479238216,44.63700670469656,-7.5524671684627265,-9.08631221180509,1.5338450433423638,0.021814169815558494,-0.23822543543019326,0.9886926819354392,0.9027456422956299,243.57000732421875
2025-05-05,244.0,246.8699951171875,242.6999969482422,243.57000732421875,230.2302398681641,12170446,0.00782031904052971,0.011083493131517796,-0.07246762504565729,243.49249877929688,266.4169989013672,246.35681646208087,58.005562640072185,-6.9195580126030904,-8.652961371964691,1.733403359361601,0.021943091756789802,0.12457558529611701,1.0003183200522006,0.9142434917014929,241.19000244140625
2025-05-06,244.5,245.8999938964844,240.6100006103516,241.19000244140625,227.98057556152344,8869045,-0.009771338059880508,0.0028690330204002024,-0.08501518643102368,242.37199859619142,265.078798828125,245.86473893630233,51.69411930282104,-6.534691593249647,-8.229307416221683,1.694615822972036,0.02191436622860339,-0.2712637646968731,0.9951232148860791,0.9098803959715841,244.0399932861328
2025-05-07,236.00999450683597,244.4499969482422,236.00999450683597,244.0399932861328,230.6744842529297,9130056,0.011816372220564642,0.010936203216229012,-0.048020333623132294,241.75649795532226,263.8525985717773,245.6909536362862,50.048653607476574,-5.931338956931853,-7.769713724363718,1.8383747674318647,0.021473236858849557,0.029429436878491533,1.009445435180123,0.9249103272323665,241.57000732421875
2025-05-08,243.1100006103516,245.8300018310547,239.30999755859372,241.57000732421875,228.3397674560547,11434833,-0.010121234346282093,0.0002898854004917961,-0.019204204908373823,241.5199981689453,262.43999847412107,245.29848255894643,42.38478891888146,-5.588069088323493,-7.333384797155674,1.7453157088321802,0.01975396276439358,0.2524384297314277,1.0002070601012445,0.9204770946835671,242.00999450683597
2025-05-09,236.6000061035156,242.9499969482422,236.5,242.00999450683597,228.7556610107422,10582438,0.0018213651085694504,0.0013654495243942133,-0.003664056862956233,241.4754981994629,260.9981982421875,244.98529322065022,58.628842460349595,-5.220345067429264,-6.910776851210392,1.6904317837811282,0.019519436905786655,-0.0745437209271006,1.002213459797613,0.9272477593208062,257.2799987792969
2025-05-12,245.08999633789065,257.94000244140625,244.8800048828125,257.2799987792969,243.1893768310547,19791711,0.06309658534383211,0.05628768338799861,0.04056622357652939,241.97699813842775,259.87779846191404,246.15621755956897,71.728595701973,-3.654631091234023,-6.259547699215119,2.604916607981096,0.023838950967935015,0.8702411485897674,1.0632415508854058,0.9900037644693305,251.57000732421875
2025-05-13,256.95001220703125,256.95001220703125,250.6199951171875,251.57000732421875,237.7920837402344,11714159,-0.02219368579823544,0.04303662995042323,0.0630467517960751,242.72299880981444,258.7821984863281,246.67181658477372,69.46805680608989,-2.8417817833239383,-5.575994516036884,2.7342127327129457,0.022168523621172734,-0.4081280289511099,1.0364489914749957,0.9721302655117121,252.94000244140625
2025-05-14,251.57000732421875,253.69000244140625,250.75,252.94000244140625,239.0870513916016,8839105,0.005445780805745537,0.03646946975956644,0.055015651476147065,243.38249893188475,257.9399987792969,247.26878666635776,62.738684097050346,-2.0632616975979374,-4.873447952349094,2.810186254751157,0.02205609024553795,-0.24543409390294257,1.0392694772691784,0.9806156611554889,256.57000732421875
2025-05-15,253.1999969482422,257.1000061035156,250.6199951171875,256.57000732421875,242.51824951171875,12083645,0.014351248706314879,0.06209380115581986,0.05151642345991281,244.0109992980957,257.2453991699219,248.15461720520167,67.52030573311492,-1.140224070578597,-4.126803175994995,2.986579105416398,0.02194939544356578,0.3670665751792743,1.0514690241925544,0.9973745231289559,254.30999755859372
2025-05-16,257.0,257.0,253.52999877929688,254.30999755859372,240.38201904296875,6640387,-0.00880855010760917,0.05082435986506462,0.026892807697355137,244.34399948120117,256.44159912109376,248.74084390552474,66.82561088800453,-0.5843381153787846,-3.418310163871753,2.8339720484929685,0.02189640845564643,-0.45046490525003013,1.0407867518684832,0.9916877699647573,251.75
2025-05-19,254.30999755859372,254.7400054931641,251.27999877929688,251.75,237.9622344970703,6788784,-0.010066444823915721,-0.021494087397134543,0.06268470445805252,245.08649978637695,255.92359924316406,249.02743020023667,63.389675740583755,-0.34637213674395184,-2.803922558446193,2.457550421702241,0.019422686086023436,0.022347643292476738,1.0271883609233112,0.9836920109927082,249.7100067138672
2025-05-20,253.0,254.6000061035156,249.30999755859372,249.7100067138672,236.03396606445312,9366429,-0.008103250391788719,-0.0073935706014207625,0.04722168131572291,245.6495002746582,255.24679962158203,249.09243748724907,59.62922008276878,-0.3187188015307072,-2.3068818070630956,1.9881630055323884,0.019566362581719864,0.3796917091485015,1.0165296751455588,0.97830808097918,250.9199981689453
2025-05-21,249.7100067138672,252.1100006103516,248.1000061035156,250.9199981689453,237.17767333984372,5313593,0.004845586570603855,-0.007986100470323443,0.07162077603928863,246.48800048828124,254.66519958496093,249.26649088550585,60.64166949077457,-0.19689742508637664,-1.884884930667752,1.6879875055813753,0.018963003463803384,-0.4326980965744789,1.0179805819020986,0.9852936269968596,245.94000244140625
2025-05-22,249.0,249.88999938964844,245.0,245.94000244140625,232.47044372558597,11469037,-0.01984694629316075,-0.0414312062180352,0.0096058960560792,246.6050003051758,253.88199951171876,248.94968246225827,54.341635372546726,-0.4964740978743123,-1.607202764109064,1.1107286662347517,0.01755199182408315,1.1584334742988407,0.9973033885649253,0.9687177622455037,247.3600006103516
2025-05-23,246.1000061035156,250.4900054931641,245.6000061035156,247.3600006103516,233.8126678466797,7437642,0.005773758456734335,-0.027328838877601846,0.018990733719264963,246.83550033569335,253.1111996459961,248.7982841906481,53.899976479019095,-0.6122511346114266,-1.4082124382095367,0.7959613035981101,0.017560039234722997,-0.35150248447188726,1.0021248980553645,0.977277974883418,250.2400054931641
2025-05-26,248.4900054931641,250.8500061035156,248.1999969482422,250.2400054931641,236.5349273681641,3690751,0.011642969258191194,-0.005997992082764303,0.038771323509012356,247.30250091552733,252.42,248.93559098136393,59.21777568345241,-0.4662384390145746,-1.2198176383705444,0.7535791993559697,0.01758573573103616,-0.5037740455913312,1.011878183871016,0.9913636221106256,248.25
2025-05-27,250.9900054931641,250.9900054931641,247.9900054931641,248.25,234.65391540527344,6861143,-0.007952387505915648,-0.005846808996886388,0.032224532224532254,247.69000091552735,251.7670001220703,248.87029660218641,54.364513529648676,-0.5052746463177016,-1.0769090399599759,0.5716343936422743,0.017711384605842536,0.8590099955266557,1.0022608869247962,0.986030734288588,247.42999267578125
2025-05-28,249.58999633789065,250.13999938964844,246.9600067138672,247.42999267578125,233.8788146972656,6205160,-0.0033031513563696047,-0.013908837552335074,0.024979283064450186,247.9915008544922,251.16059997558594,248.73312479967163,56.29023941695553,-0.595514143472144,-0.9806300606624095,0.3851159171902655,0.017739352982308585,-0.09560841393336361,0.9977357765214687,0.9851465265644082,250.13999938964844
2025-05-29,249.6499938964844,251.7400054931641,248.1000061035156,250.13999938964844,236.44039916992188,11785042,0.01095262011108833,0.0170773233575241,0.035776394988192184,248.42350082397462,250.79240020751953,248.8671128558599,58.32139597442893,-0.44324524647871044,-0.8731530978256699,0.4299078513469594,0.01786521303506176,0.8992325741801983,1.006909565962884,0.9973986419950076,249.6699981689453
2025-05-30,250.0,251.1100006103516,248.5200042724609,249.6699981689453,235.9961395263672,13858429,-0.0018789526739023676,0.009338605889771534,0.033060268682988614,248.8230010986328,250.50580017089842,248.9435781237728,38.82525708032398,-0.3563880000986046,-0.7698000782802569,0.41341207818165226,0.017883823580318665,0.1759337811439281,1.0034040143659257,0.9966635423156553,247.67999267578125
2025-06-02,247.6000061035156,248.4199981689453,246.1999969482422,247.67999267578125,234.11512756347656,5846259,-0.007970543147989617,-0.010230230023923093,0.01687393861302322,249.02850036621095,250.26239990234376,248.82323665253548,43.587186850382466,-0.44302292617743433,-0.7044446478596924,0.2614217216822581,0.017951376672553754,-0.5781441749277642,0.9945849262696975,0.9896812017004144,246.22000122070312
2025-06-03,248.0,249.5,245.72999572753903,246.22000122070312,232.73509216308597,8573438,-0.00589466851684417,-0.008177235767560465,0.02085492237813158,249.28000030517578,249.9897998046875,248.57530946855144,38.95463797761445,-0.6223171532690515,-0.6880191489415642,0.06570199567251278,0.017849745115656117,0.4664827541851977,0.9877246506710265,0.9849201903960496,246.8600006103516
2025-06-04,246.50999450683597,249.80999755859372,246.50999450683597,246.8600006103516,233.34005737304688,6698150,0.0025992989459648896,-0.0023036498496629143,0.011555513038030485,249.4210006713867,249.6129995727539,248.41194672015143,32.30039390249408,-0.704643822576628,-0.691344083668577,-0.013299738908051029,0.017678852742634397,-0.21873232185268032,0.9897322196040371,0.9889709311329361,247.94000244140625
2025-06-05,246.8999938964844,249.4900054931641,246.8800048828125,247.94000244140625,234.36090087890625,6468060,0.004374956770575977,-0.008795062579396662,0.02636914734467899,249.7395004272461,249.21179962158203,248.36699964598523,37.86667596726197,-0.6749606530602534,-0.6880673975469124,0.013106744486658939,0.017507336190084027,-0.034351276098624206,0.9927944999378899,0.9948967216556079,248.58999633789065
2025-06-06,247.1000061035156,249.97999572753903,247.1000061035156,248.58999633789065,234.9752960205078,4445411,0.0026215773577642487,-0.004325717302740784,0.027188967317086643,250.06850051879883,248.89759979248046,248.38823742616668,43.50861927372173,-0.5921613843114812,-0.6688861948998263,0.07672481058834502,0.0175091576170728,-0.31271339474278226,0.9940876032853365,0.9987641365170002,251.2899932861328
2025-06-09,249.6000061035156,253.3999938964844,249.22000122070312,251.2899932861328,237.5274200439453,9193904,0.010861245375989537,0.014575261293216846,-0.023282048824566748,249.7690002441406,248.53539978027345,248.66459512711583,53.15997314453124,-0.30515751253389567,-0.5961404584266402,0.29098294589274454,0.010209044584346386,1.0681786228539947,1.0060895989514531,1.0110833044640508,254.8699951171875
2025-06-10,252.8999938964844,255.8000030517578,251.8300018310547,254.8699951171875,240.91136169433597,10739851,0.014246495788546198,0.03513115853139337,0.013117572432693736,249.93399963378906,248.21279968261717,249.25558560236072,57.21592153963742,0.20876484090916847,-0.4351593985594785,0.643924239468647,0.009476971460762677,0.1681491344699706,1.0197491957502014,1.0268205162791069,258.9200134277344
2025-06-11,256.0199890136719,261.6000061035156,254.1000061035156,258.9200134277344,244.73956298828125,17268454,0.015890526104042513,0.04885365303234579,0.02364201363409646,250.23300018310547,248.0432000732422,250.17600730001536,74.54613238656623,0.9321098566599062,-0.16170554751560157,1.0938154041755077,0.010024538330870253,0.6078858077267553,1.034715697922625,1.0438504798812485,259.6099853515625
2025-06-12,260.0,263.0,256.32000732421875,259.6099853515625,245.3917388916016,14528657,0.002664807230209343,0.04706776960250347,0.011848532332550565,250.38499908447267,247.79139953613281,251.0744814001627,73.82337911760177,1.5432513203978147,0.1792858260670817,1.3639654943307329,0.00954791139497594,-0.15865907857182815,1.036843206665019,1.047695706297935,260.2099914550781
2025-06-13,255.0,262.25,254.0,260.2099914550781,245.9588928222656,8692116,0.002311182686995261,0.046743615142876616,0.023200007680095336,250.67999877929688,247.75059936523436,251.94452997682131,71.27610453602021,2.052342682633622,0.5538971973803898,1.498445485253232,0.00928947600475818,-0.4017261196268863,1.038016565829696,1.0502900583157666,262.8900146484375
2025-06-16,260.0,265.3099975585937,258.0,262.8900146484375,248.49212646484372,10935361,0.01029946305433116,0.04616189132965687,0.04425030644860972,251.23699951171875,247.75639953613282,252.9869570884038,80.34825681805242,2.6416059398939638,0.9714389458831046,1.670166994010859,0.00910521240952117,0.258078125050333,1.0463825597319125,1.0610826406124683,262.9100036621094
2025-06-17,262.8900146484375,265.45001220703125,261.6600036621094,262.9100036621094,248.51104736328125,7528454,7.603565201441675e-05,0.03154552791208376,0.05286130548771939,251.89699935913086,247.7425994873047,253.93200914304242,83.19040764247858,3.0747702258478853,1.3921052018760607,1.6826650239718246,0.00879620762811675,-0.31154956841388226,1.04372026793093,1.061222430886707,261.5899963378906
2025-06-18,262.8999938964844,265.6000061035156,261.0299987792969,261.5899963378906,247.2633209228516,5016660,-0.0050207573155535146,0.010311998963731916,0.042523506483373996,252.4304992675781,247.8473992919922,254.6613412568375,76.10577475029658,3.273804108058158,1.7684449831124802,1.505359124945678,0.008940057190406532,-0.33364008068588846,1.03628522344522,1.055447816217382,265.5799865722656
2025-06-19,262.8500061035156,266.44000244140625,261.8099975585937,265.5799865722656,251.0347900390625,14184486,0.015252839520748296,0.022996038509915495,0.07985681034356529,253.4124984741211,248.23299896240235,255.7012122392592,81.25734835190069,3.7107238452037166,2.1569007555307276,1.553823089672989,0.007768783674315007,1.8274760498020597,1.0480145540232189,1.0698818758278414,266.5400085449219
2025-06-20,266.0,267.20001220703125,262.8699951171875,266.5400085449219,251.94223022460935,12904674,0.0036148129422208797,0.024326571990747503,0.07753884171751424,254.37149887084962,248.7057992553711,256.73347855408423,88.61589987440561,4.087335376738224,2.542987679772227,1.544347696965997,0.007756035247170718,-0.09022618091342893,1.0478375514870497,1.0717080556341938,263.239990234375
2025-06-23,264.0,265.20001220703125,261.8099975585937,263.239990234375,248.82293701171875,6214062,-0.012380949218701254,0.0013312623775594279,0.05195006576023298,255.02149810791016,249.0255990600586,257.35314633315954,82.40663157809107,4.072572747022264,2.8489046932222344,1.2236680538000293,0.008312798363423222,-0.5184642401660049,1.032226663977118,1.0570800400760736,264.9700012207031
2025-06-24,265.5,268.6499938964844,264.7099914550781,264.9700012207031,250.4582061767578,6319428,0.0065719915305717524,0.007835371533603697,0.0673514651387841,255.8574981689453,249.59199920654297,258.0785610843542,83.10779937436293,4.152602073111268,3.1096441692000414,1.0429579039112267,0.007972811580944318,0.016956058693974985,1.0356155403573153,1.0616125599500268,269.4100036621094
2025-06-25,265.8999938964844,269.9599914550781,265.8500061035156,269.4100036621094,254.655029296875,5331739,0.01675662309299697,0.029894137519379083,0.08883325238233963,256.95649871826174,250.18519927978517,259.15774609175946,84.95598261763061,4.522168240465646,3.3921489834531626,1.1300192570124836,0.008351902204091799,-0.1562940506640791,1.048465421213192,1.076842292980029,268.5199890136719
2025-06-26,269.1000061035156,271.29998779296875,267.19000244140625,268.5199890136719,253.81378173828125,8564099,-0.003303569415906815,0.011070120453546606,0.07347881054158201,257.87549819946287,250.6755990600586,260.04938827479873,82.19700405848316,4.689181382643312,3.6515554632911926,1.0376259193521196,0.008362361903084467,0.6062487304798678,1.041277635481195,1.0711851892267263,265.04998779296875
2025-06-27,269.0,270.0,264.5,265.04998779296875,250.5338134765625,8906108,-0.012922692397870028,-0.005590233001369516,0.06160127262714288,258.6444976806641,251.02359893798828,260.52563584795774,71.68972396186851,4.489784956399944,3.8192013619129432,0.6705835944870011,0.009076271491780866,0.0399351992544692,1.0247656152353692,1.0558767737946642,265.9800109863281
2025-06-30,266.1000061035156,266.739990234375,262.8999938964844,265.9800109863281,251.41290283203125,7119563,0.003508859597027403,0.010408831688200504,0.07388573502786722,259.5594985961914,251.60519927978515,261.0451001468502,69.10900942608882,4.356586928968454,3.926678475324046,0.42990845364440844,0.008698965531555719,-0.2005977246177567,1.0247361873669103,1.0571324112048979,264.54998779296875
2025-07-01,265.5,268.3500061035156,263.70001220703125,264.54998779296875,250.06118774414065,3886095,-0.005376431063584208,-0.0015851357731041515,0.07444556283563353,260.4759979248047,252.12719909667967,261.37889897029004,60.6426319086853,4.088505861522265,3.9590439525636896,0.12946190895857512,0.008669898146169103,-0.45416663916029676,1.0156405576737253,1.0492719101342394,267.0
2025-07-02,265.0,268.70001220703125,264.45001220703125,267.0,252.37701416015625,8750887,0.009261055830962928,-0.008945486913440548,0.08158470120656669,261.4829978942871,252.78419921875,261.9142419255005,63.098151213232505,4.02732074700117,3.972699311451186,0.054621435549983666,0.00875566638646648,1.2518458761301514,1.0210988941925139,1.0562369041466402,267.04998779296875
2025-07-03,268.3999938964844,270.8500061035156,266.45001220703125,267.04998779296875,252.42428588867188,9357962,0.00018722019838479653,-0.005474457324770254,0.07707503897471568,262.43849716186526,253.25319885253907,262.4033605795451,62.36436233887598,3.9374759285448135,3.965654634869912,-0.028178706325098446,0.008795340462451012,0.06937296756317379,1.0175717003449354,1.054478241550122,270.04998779296875
2025-07-04,268.29998779296875,271.3999938964844,267.5,270.04998779296875,255.25999450683597,7141779,0.011233851852207488,0.018864366082919748,0.08632685052180888,263.51149673461913,253.79919860839843,263.13161079034734,62.79475858699114,4.061529407776504,3.984829589451231,0.0766998183252734,0.0089464040506286,-0.2368232527552474,1.0248129252020244,1.0640301044040907,267.75
2025-07-07,270.04998779296875,270.54998779296875,267.29998779296875,267.75,253.0859375,4849218,-0.008516896489297432,0.006654594106934031,0.06550203809797117,264.3344970703125,254.33619873046874,263.5714573817428,57.99732341767492,3.9289622594986895,3.9736561234607226,-0.04469386396203312,0.00923032262778981,-0.3210069927954925,1.0129211395695317,1.052740433082223,269.6499938964844
2025-07-08,267.79998779296875,270.29998779296875,267.3500061035156,269.6499938964844,254.88186645507807,5519016,0.007096149006477592,0.019278043238870834,0.057990344342028655,265.07349700927733,254.91919860839843,264.150365621242,63.067403677931615,3.9318910751316594,3.96530311379491,-0.0334120386632506,0.008913709881336555,0.1381249512808045,1.0172650111717765,1.0577861352479578,267.79998779296875
2025-07-09,268.0,269.3999938964844,264.8500061035156,267.79998779296875,253.13319396972656,11564433,-0.006860768200965817,0.0029962089624298027,0.034296206954711916,265.5174957275391,255.44719848632812,264.497948685216,53.867583962911176,3.7417990212857717,3.9206022952930826,-0.1788032740073109,0.008609839189019879,1.0953795024330426,1.0085963904531996,1.0483575055034389,265.04998779296875
2025-07-10,267.54998779296875,267.54998779296875,263.1499938964844,265.04998779296875,250.5338134765625,6911031,-0.010268857824317634,-0.007489234568138214,0.0209545192725904,265.78949584960935,255.9181982421875,264.55052383833527,47.556548450153585,3.3308516968049275,3.802652175595452,-0.47180047879052456,0.009011693219845449,-0.40238911842889313,0.9972176926921934,1.0356824548371484,258.29998779296875
2025-07-11,261.0,262.04998779296875,257.75,258.29998779296875,244.1534881591797,13109857,-0.025466894211941815,-0.04351046299253314,-0.0073402395174326784,265.6939956665039,256.25059814453124,263.9552346911575,42.722461399022436,2.4324644574333547,3.5286146319630327,-1.096150174529678,0.010778677375243314,0.8969466350244992,0.9721709636117783,1.007997599472067,254.25
2025-07-14,258.29998779296875,259.54998779296875,251.6499938964844,254.25,240.32530212402344,10388421,-0.0156793959905831,-0.050420168067226934,-0.03286551092475609,265.26199493408205,256.46419799804687,263.030926625333,35.21788567114611,1.3778034692280698,3.0984523994160402,-1.7206489301879704,0.010995638735175723,-0.20758700876752512,0.9584863450310002,0.9913664440677067,257.3999938964844
2025-07-15,254.0,259.8500061035156,252.8000030517578,257.3999938964844,243.30279541015625,8750149,0.012389356525012385,-0.04542926118033819,-0.020957779045587155,264.98649444580076,256.78839782714846,262.4946473178236,32.82814002642469,0.7870822255477492,2.636178364642382,-1.849096139094633,0.011431218190445807,-0.15770173349732364,0.9713702369428941,1.002381712236655,262.79998779296875
2025-07-16,257.3999938964844,264.0,256.04998779296875,262.79998779296875,248.40704345703125,12179338,0.020978997764296903,-0.018670650589668436,0.004625526480436237,265.0469940185547,257.16359771728514,262.5237273630755,42.75582620445071,0.7460655822065974,2.2581558081552253,-1.512090225948628,0.012387804495784076,0.39190064077765996,0.9915222346365163,1.0219175269194982,260.6000061035156
2025-07-17,263.8500061035156,264.3500061035156,258.0,260.6000061035156,246.3275451660156,7484171,-0.008371315797724654,-0.01678921673042677,-0.018751339410113754,264.79799499511716,257.5441976928711,262.340515814546,44.176939695622835,0.5299307487242118,1.9125107962690229,-1.3825800475448111,0.012007834007724465,-0.3855026439039626,0.9841464475904398,1.0118651805710206,266.95001220703125
2025-07-18,268.6000061035156,271.8999938964844,265.6000061035156,266.95001220703125,252.32977294921875,30319126,0.024366868590913526,0.03348828812564886,0.0015382443496856357,264.81849517822263,258.042998046875,262.77951547097314,51.11162249670728,0.8611084373164886,1.7022303244785162,-0.8411218871620276,0.013248904564669714,3.051100115163056,1.00804897341998,1.0345175580332477,260.3500061035156
2025-07-21,266.95001220703125,267.1499938964844,259.20001220703125,260.3500061035156,246.09124755859372,12190000,-0.02472375276910288,0.0239921577326081,-0.010978514808051343,264.6739959716797,258.1043981933594,262.54813362645336,45.69673630475581,0.5842687214052944,1.478638003863872,-0.8943692824585776,0.01412248753541461,-0.5979435554969493,0.983662959210293,1.0087003860680976,259.70001220703125
2025-07-22,261.70001220703125,262.1499938964844,258.75,259.70001220703125,245.47683715820312,6724044,-0.0024966156375887394,0.008935580283936817,-0.019889002488558405,264.4104965209961,258.2669982910156,262.2768839674608,42.23404545436837,0.3088618101153884,1.2446827651141754,-0.935820954998787,0.014030211988443314,-0.4483967186218212,0.9821849571936687,1.0055485754103237,261.3999938964844
2025-07-23,260.25,261.75,258.1499938964844,261.3999938964844,247.08370971679688,6510321,0.006545943818046185,-0.005327222075776072,-0.029731671640786828,264.00999603271487,258.4361981201172,262.1933706273678,44.19321511440814,0.22517844675212473,1.0407819014417654,-0.8156034546896407,0.013530375900689654,-0.03178489016431185,0.9901140025928902,1.0114681913676413,261.8500061035156
2025-07-24,262.0,263.3999938964844,260.25,261.8500061035156,247.50909423828125,8139900,0.0017215463563073907,0.004796623064941441,-0.024839800324200967,263.676496887207,258.54179809570314,262.1606692441438,41.10629993452946,0.19294683160961767,0.8712148874753359,-0.6782680558657183,0.013540230016988857,0.25030701251136467,0.9930729860065127,1.0127956409067282,259.20001220703125
2025-07-25,261.79998779296875,262.04998779296875,256.04998779296875,259.20001220703125,245.0042266845703,8427780,-0.010120274335364221,-0.02903165254021245,-0.022071216205853728,263.38399810791014,258.63959838867186,261.8787019072759,40.7965589012872,-0.045900207114584646,0.6877918685573519,-0.7336920756719365,0.013426223277416388,0.03536652784432248,0.9841145022820836,1.002166775009901,250.0500030517578
2025-07-28,254.0,254.0,249.0,250.0500030517578,241.0043487548828,8998911,-0.035300959584697256,-0.03956213869901937,-0.05989174853966428,262.58749771118164,258.60559844970703,260.75215915913134,31.750462665527408,-0.9624232588762993,0.3577488430706216,-1.320172101946921,0.015395875796485681,0.06776766835394366,0.9522540304900055,0.9669164339471441,251.8000030517578
2025-07-29,249.1999969482422,252.6999969482422,247.25,251.8000030517578,242.6910400390625,12923128,0.0069986001945290255,-0.030419748879239927,-0.04819499274061134,261.9499984741211,258.6473983764648,259.899572863191,35.0746300523781,-1.5299279489017863,-0.01978651532386,-1.5101414335779264,0.01554205381507897,0.43607687641315707,0.9612521646058874,0.973526138798657,250.1999969482422
2025-07-30,251.4499969482422,252.5,249.1999969482422,250.1999969482422,241.1489105224609,6057152,-0.006354273566814617,-0.042846202026605384,-0.06292135974441126,261.1099983215332,258.6329983520508,258.97580372843396,35.84366029637272,-2.0847548687304425,-0.43278018600517654,-1.651974682725266,0.015318612935580313,-0.531293662029812,0.9582168379479044,0.9673939464123228,248.3000030517578
2025-07-31,248.1000061035156,250.1499938964844,246.0500030517578,248.3000030517578,239.31765747070312,7338764,-0.007593900558189981,-0.051747193950422044,-0.0702115169379709,260.17249908447263,258.6801983642578,257.95906080684574,39.495805592607304,-2.6472568988714897,-0.8756755285784392,-1.7715813702930505,0.015328681477754355,0.21158656741650206,0.9543668294132038,0.9598724781481602,242.75
2025-08-01,246.5,246.8999938964844,242.1999969482422,242.75,233.96841430664065,7436999,-0.022352005572069733,-0.06346455027900266,-0.10109234966489988,258.80749969482423,258.58799835205076,256.5105788252414,38.28919987966994,-3.5005307340353795,-1.4006465696698274,-2.099884164365552,0.015466250125914504,0.0133857690477579,0.9379558176878235,0.9387519975676197,246.0500030517578
2025-08-04,242.75,246.4199981689453,241.1000061035156,246.0500030517578,237.1490478515625,5234393,0.013594245321350451,-0.015996800444637582,-0.0810457402361986,257.7224998474121,258.50419830322267,255.51433351348103,38.47716308505856,-3.8659099257296816,-1.8936992408817983,-1.9722106848478833,0.01599784257095811,-0.29616865620124466,0.9547090502281906,0.9518220774238405,245.91000366210935
2025-08-05,246.0500030517578,246.9499969482422,244.52999877929688,245.91000366210935,237.0141143798828,7383968,-0.0005689875550174417,-0.023391577912085126,-0.08804001769600833,256.53550033569337,258.4573983764648,254.599635432398,30.80246887886203,-4.119287763117654,-2.3388169453289698,-1.7804708177886845,0.015806300655710162,0.4106636624342115,0.9585807942383028,0.9514527547163532,239.9600067138672
2025-08-06,246.0,246.0,239.30999755859372,239.9600067138672,231.27935791015625,7700190,-0.024195831237584398,-0.040927219661370806,-0.10395811183017734,255.14350128173828,258.30799865722656,253.20538507825222,28.382910541763664,-4.7455033436874885,-2.8201542250006737,-1.9253491186868148,0.0164076835287791,0.04282548353405646,0.9404903730975105,0.9289685490238841,242.32000732421875
2025-08-07,239.1100006103516,243.17999267578125,238.6100006103516,242.32000732421875,233.5540008544922,6190830,0.009834974763797577,-0.024083752130653613,-0.08575733452402368,254.0070022583008,258.15159881591796,252.16868243501094,21.85142299107143,-4.9937861191635875,-3.2548806038332567,-1.7389055153303308,0.01670329866065803,-0.19601594246375742,0.9539894773365442,0.9386732773908235,239.0500030517578
2025-08-08,242.3999938964844,243.25,238.3999938964844,239.0500030517578,230.40228271484372,8922847,-0.013494569881246976,-0.015242005965982242,-0.07452568970556861,253.04450302124025,257.9391989135742,250.91928439851063,23.651652626591897,-5.392255459357813,-3.682355574938168,-1.7098998844196447,0.01611029358035239,0.44130060105026314,0.9446954990035576,0.9267688046587077,241.6199951171875
2025-08-11,239.0500030517578,244.75,238.6199951171875,241.6199951171875,232.8793029785156,3047287,0.010750855606026732,-0.018004502660536215,-0.04967553542895775,252.41300277709962,257.8179989624023,250.03363780028937,28.6490096201736,-5.437982721135427,-4.03348100417762,-1.4045017169578067,0.016163398974233252,-0.6584848983738039,0.9572406827652885,0.9371727190870914,241.72000122070312
2025-08-12,242.6999969482422,246.2899932861328,241.1000061035156,241.72000122070312,232.9756774902344,8101435,0.0004138982929253743,-0.017038763690002012,-0.06091683390671365,251.62900314331054,257.72799896240235,249.24186288794783,25.84685487078727,-5.40385991545412,-4.3075567864329205,-1.0963031290211998,0.0158037435297807,1.6585730192134842,0.9606205890464704,0.9378880144720539,241.6499938964844
2025-08-13,242.88999938964844,242.88999938964844,240.1199951171875,241.6499938964844,232.90821838378903,5820844,-0.00028962156158029995,0.007042786861697348,-0.08047943256810997,250.57150344848634,257.623798828125,248.51882774590368,24.975217709866897,-5.32112770421179,-4.510270969988694,-0.8108567342230959,0.014786844040875767,-0.2815045729552851,0.9643953545027275,0.9379956160715663,246.80999755859372
2025-08-14,243.1000061035156,248.42999267578125,242.41000366210935,246.80999755859372,237.88156127929688,12857225,0.021353212466124427,0.018529176702968053,-0.05291637844184938,249.88200302124022,257.60119873046875,248.35608201377892,35.54932675572064,-4.784045164475202,-4.565025808885996,-0.21901935558920638,0.015792610629666075,1.2088248714447594,0.9877061756128737,0.9581088860414583,245.2100067138672
2025-08-18,248.63999938964844,249.00999450683597,244.75999450683597,245.2100067138672,236.3394470214844,5789317,-0.006482682470537626,0.02576868263321308,-0.08143848847739987,248.79500274658204,257.5335989379883,248.0564557947397,43.14836447588746,-4.436369564950667,-4.539294560098931,0.10292499514826403,0.014471893979085739,-0.5497226656607472,0.9855905625388848,0.9521476332605109,246.9600067138672
2025-08-19,245.4600067138672,247.5,244.77999877929688,246.9600067138672,238.0261383056641,4090961,0.007136739741792297,0.022100867910744393,-0.051430762726099366,248.1255027770996,257.44699920654296,247.95203207275182,43.14836447588746,-3.973816094497522,-4.426198866978649,0.4523827724811271,0.013825741080493267,-0.293360339397549,0.9953027961648931,0.959265431234402,250.83999633789065
2025-08-20,245.3000030517578,252.88999938964844,245.3000030517578,250.83999633789065,241.7657623291016,10099384,0.015711003881364816,0.03772958411025518,-0.03411634752668957,247.68250198364257,257.36639923095703,248.22707628847934,50.85106322537606,-3.256616156533795,-4.192282324889678,0.9356661683558833,0.014415952680273163,1.4687069859624668,1.0127481526912896,0.9746415891407422,249.91000366210935
2025-08-21,252.7400054931641,252.7400054931641,249.6100006103516,249.91000366210935,240.86941528320312,7607486,-0.003707513512034022,0.034181708976840586,-0.043955587232818116,247.10800247192384,257.1861990356445,248.3873550859679,52.197653653300016,-2.731782388316475,-3.9001823375750377,1.1683999492585628,0.014291501077229311,-0.24673762280947031,1.0113391762393606,0.9717084532497534,248.63999938964844
2025-08-22,252.0,253.0,247.6100006103516,248.63999938964844,239.64535522460935,13572686,-0.005081846480135321,0.007414617921303046,-0.05044875465324583,246.44750213623047,256.96679931640625,248.41141644822318,59.10355650163744,-2.3907672994728273,-3.5982993299545956,1.2075320304817683,0.01427552681625566,0.7841223763014484,1.008896406879409,0.967595814132763,253.83999633789065
2025-08-25,250.6000061035156,257.2900085449219,250.6000061035156,253.83999633789065,244.65724182128903,16391069,0.020913758691308626,0.035194279954870344,-0.020679072595333747,246.17950134277345,256.8393994140625,248.92842405676294,61.37225803893515,-1.6815304528042248,-3.2149455545245216,1.5334151017202968,0.015066909461788394,0.20765108689613831,1.0311175177191172,0.9883218731899605,252.02999877929688
2025-08-26,253.0,254.82000732421875,251.30999755859372,252.02999877929688,242.9127197265625,15797327,-0.007130466375300681,0.020529607740511047,0.007918399133669318,246.27850112915038,256.6221990966797,249.2238121255757,58.51892821399022,-1.2510850881191686,-2.8221734612434513,1.5710883731242826,0.012836935253721577,-0.03622350683777853,1.0233536326710482,0.9821052101745384,250.6499938964844
2025-08-28,252.0200042724609,252.3500061035156,249.0800018310547,250.6499938964844,241.58262634277344,5851451,-0.005475558026808325,-0.0007574646953443231,-0.004567153063286589,246.22100067138672,256.3769989013672,249.35963896090036,67.04942632290339,-1.009670048455007,-2.4596727786857624,1.4500027302307554,0.012806181443516581,-0.6295923354628286,1.0179878776100368,0.9776617831185158,249.41000366210935
2025-08-29,250.5,253.1000061035156,248.66000366210935,249.41000366210935,240.38751220703125,10117017,-0.004947098601914002,-0.002000720229975328,-0.0031574472252942076,246.18150100708007,256.1333990478516,249.36443559911072,61.72676301465001,-0.9079375996260524,-2.1493257428738204,1.241388143247768,0.012774131200045793,0.7289757702833024,1.0131143186706641,0.9737504151714078,250.3600006103516
2025-09-01,249.4199981689453,252.9900054931641,249.3999938964844,250.3600006103516,241.3031463623047,3198345,0.0038089769227109826,0.00691763684413349,0.008296405691804898,246.28450088500978,255.8289993286133,249.459251314467,70.26157012051775,-0.742102590004265,-1.8678811122999095,1.1257785222956445,0.012675229222351713,-0.6838648190469583,1.0165479342414838,0.9786224441614738,250.92999267578125
2025-09-02,250.3600006103516,253.1499938964844,249.6000061035156,250.92999267578125,241.8524932861328,5046939,0.002276689822815481,-0.011463928868939322,0.033697189189624055,246.69350051879883,255.51679901123046,249.59932192030647,67.96605018974859,-0.5582484138275277,-1.6059545726054332,1.0477061587779055,0.011479259704374878,0.5779845513851696,1.017173100013065,0.9820489049909881,249.55999755859372
2025-09-03,251.8999938964844,252.3999938964844,249.1199951171875,249.55999755859372,240.53207397460935,3862765,-0.0054596706538689865,-0.009800425475802732,0.014265370710430547,246.86900024414064,255.24319915771486,249.5955767430005,64.42238273228133,-0.5171286735919978,-1.3881893928027462,0.8710607192107485,0.011229965780828032,-0.23463212057843374,1.0109005071993318,0.9777341703211866,244.97000122070312
2025-09-04,249.5,250.33999633789065,244.44000244140625,244.97000122070312,236.10812377929688,5021036,-0.018392356077872263,-0.022661052519821978,-0.003822546571540908,246.8220001220703,254.84319915771485,249.15504574087694,55.236612678388454,-0.8451727026569529,-1.2795860547735878,0.4344133521166349,0.012021011752730511,0.29985541445052966,0.9924966214500683,0.9612577539065443,243.6699981689453
2025-09-05,246.1000061035156,247.32000732421875,241.2700042724609,243.6699981689453,234.8551483154297,6233782,-0.005306784689063204,-0.023014335467234748,0.015460874109334277,247.00749969482422,254.32839904785158,248.63266025783582,44.36062326563886,-1.1962596047408738,-1.262920764767045,0.06666116002617128,0.01069952014318903,0.2415330222687111,0.9864882583322273,0.9580919751045934,242.5200042724609
2025-09-08,244.3600006103516,246.9900054931641,242.1999969482422,242.5200042724609,233.7467498779297,6596932,-0.004719472668469726,-0.03131489183087388,0.0008253422837454227,247.01749954223632,253.80839935302734,248.050502544943,45.089435930804406,-1.5494325071787216,-1.3202231132493805,-0.22920939392934114,0.010548099790597312,0.05825516516297813,0.9817928070759764,0.9555239499191468,249.1499938964844
2025-09-09,245.0,249.8500061035156,245.0,249.1499938964844,240.1368865966797,12836972,0.0273379082435401,-0.007093607106571476,0.04225053635552478,247.52249908447266,253.49039947509766,248.15521600699455,53.393230608607844,-1.2795895119337786,-1.3120963929862601,0.03250688105248156,0.01167140623604386,0.9459003063848468,1.006575138898611,0.9828774360385998,255.75
2025-09-10,249.3000030517578,257.1700134277344,249.25,255.75,246.4981384277344,15261331,0.02649009137145608,0.024803664457293317,0.05848027964721769,248.22899932861327,253.2857992553711,248.87852876823317,57.016303679469914,-0.527095629772731,-1.1550962403435545,0.6280006105708236,0.012762503429020447,0.18885754366372387,1.0302986383207797,1.009728933686268,253.91000366210935
2025-09-11,255.6999969482422,255.6999969482422,252.1699981689453,253.91000366210935,244.72471618652344,5865301,-0.007194511585105201,0.03649427438811914,0.05043025972135462,248.8384994506836,253.0729995727539,249.35771685336425,55.57103632360565,-0.0783084427287406,-0.9397386808205918,0.8614302380918512,0.012953183362521421,-0.6156756576474227,1.0203807056489298,1.003307362266099,251.94000244140625
2025-09-12,254.8800048828125,255.8999938964844,250.82000732421875,251.94000244140625,242.82598876953125,5345794,-0.007758659337127494,0.033939361983854166,0.04258228348778603,249.35299987792968,252.77179962158203,249.60364881413017,54.50820577708384,0.11704675963119371,-0.7283815927302347,0.8454283523614284,0.013145363395994973,-0.08857294791861492,1.0103748603976814,0.9967092959680588,251.27999877929688
2025-09-15,251.5,251.7899932861328,249.6000061035156,251.27999877929688,242.1898498535156,3700703,-0.0026196858605765927,0.03612070902404607,0.0181111027305203,249.57649993896484,252.45639984130858,249.7633011917651,46.00748566690874,0.21611909886590297,-0.5394814544110073,0.7556005532769102,0.012374323494491527,-0.3077355767917731,1.006825557858006,0.9953401812639681,254.00999450683597
2025-09-16,252.0,254.5,250.1999969482422,254.00999450683597,244.82107543945312,7316998,0.01086435745304537,0.019506324420665022,0.035887555776781044,250.0164993286133,252.13559997558593,250.1677481741528,53.00181597362793,0.5090544187097237,-0.3297742797868611,0.8388286984965847,0.012432270348163348,0.9771913606685001,1.015972926542635,1.0074340732979854,254.1499938964844
2025-09-17,253.3000030517578,255.5,252.8500061035156,254.1499938964844,244.9560089111328,7339871,0.0005511570122280762,-0.006256133347079529,0.029113973870869225,250.37599868774413,251.86359985351564,250.5470096715177,55.5135545716332,0.7439290004543295,-0.11503362373862294,0.8589626241929524,0.012371586965880787,0.003126008781196843,1.0150733106548564,1.0090779058359307,256.92999267578125
2025-09-18,257.0,259.79998779296875,256.0,256.92999267578125,247.6354522705078,10498239,0.01093841765122816,0.011893934741109113,0.0242784102487672,250.68049850463868,251.60919982910156,251.1549128147809,61.29807119185563,1.141236008426631,0.13622030269442786,1.0050157057322031,0.012126820749647504,0.4303029303921009,1.0249301170550644,1.0211470520564976,255.8800048828125
2025-09-19,257.0,257.6600036621094,254.6999969482422,255.8800048828125,246.6234436035156,10741757,-0.0040866688315899236,0.015638653660498214,0.023888604430476912,250.97899856567383,251.37080017089843,251.60492158316487,58.26844073543974,1.3557511792401726,0.38012647800357685,0.9756247012365957,0.01213530398977367,0.023196080790311546,1.0195275554733565,1.0179384586787663,250.3300018310547
2025-09-22,248.5500030517578,251.77999877929688,247.2100067138672,250.3300018310547,241.2742156982422,15784007,-0.021689866131976987,-0.0037806309808071648,0.006796985382701015,251.06349868774413,251.07640045166016,251.48350065439246,49.21794667295688,1.0656331786918543,0.5172278181412324,0.5484053605506218,0.013119721122586121,0.46940644812575827,0.9970784408704441,0.9970272051882901,249.6300048828125
2025-09-23,250.22000122070312,252.0,248.75,249.6300048828125,240.59954833984372,8674114,-0.0027962966608956474,-0.01724337513776686,-0.016585217128171403,250.85299911499024,250.90300079345704,251.30697724757533,50.09287261391474,0.7703485706680908,0.5678519686466041,0.20249660202148667,0.01221012946788472,-0.4504491793497051,0.9951246577218831,0.9949263424246868,244.58999633789065
2025-09-24,248.3300018310547,249.1199951171875,244.25,244.58999633789065,235.7418670654297,7888797,-0.02018991485934496,-0.037615572646787276,-0.02952030503289982,250.48099899291992,250.70980072021484,250.6672647799863,49.5018287350243,0.12816936626060738,0.4799154481694048,-0.3517460819087974,0.012898237871530324,-0.09053570197486449,0.9764812393805736,0.9755900871655444,242.0
2025-09-25,245.4499969482422,245.63999938964844,241.27999877929688,242.0,233.2455596923828,7957740,-0.010589134374542009,-0.05810918577583635,-0.034510249779047486,250.0484992980957,250.40180084228516,249.84181099141617,47.882324213270245,-0.5830325030785275,0.2673258579198184,-0.8503583609983458,0.01303287378877612,0.008739355316152775,0.967812247141301,0.9664467235697838,235.75
2025-09-26,241.4499969482422,241.5500030517578,235.00999450683597,235.75,227.22164916992188,16999628,-0.025826446280991733,-0.07866970649790161,-0.05476926932175252,249.36549911499023,249.8608010864258,248.49973375413845,42.39837550204454,-1.6321731983946108,-0.11257395334306744,-1.5195992450515434,0.014101297155978475,1.1362381781762156,0.9453994270927122,0.9435253508150527,239.63999938964844
2025-09-29,236.8800048828125,240.7899932861328,236.2899932861328,239.63999938964844,230.97093200683597,8894412,0.016500527633715567,-0.04270364064719989,-0.04281834635951798,248.8294990539551,249.44160095214843,247.65594952894892,38.62168457204362,-2.1252359206401366,-0.5151063468024812,-1.6101295738376553,0.01468401211586365,-0.47678784500460836,0.9630690906856102,0.9607058264335776,239.3699951171875
2025-09-30,239.92999267578125,241.5,239.0,239.3699951171875,230.710693359375,5590909,-0.0011267078665858632,-0.04110086754371334,-0.046068616331289114,248.2514991760254,248.89000061035156,246.86681101354307,26.90354084889836,-2.508858212844899,-0.9138567200109649,-1.5950014928339342,0.014650505570858684,-0.3714133098399309,0.9642237646567429,0.9617501487813163,241.07000732421875
2025-10-01,240.0,243.57000732421875,237.83999633789065,241.07000732421875,232.3491973876953,9479378,0.007102027161754343,-0.01439138585541,-0.03401983618140414,247.82699966430664,248.50440063476563,246.31473447170265,31.82333851175862,-2.6452125026114857,-1.260127876531069,-1.3850846260804166,0.014774569492947165,0.6954985316341225,0.9727350436020266,0.9700834540895176,240.97999572753903
2025-10-03,240.97999572753903,241.3999938964844,238.05999755859372,240.97999572753903,232.262451171875,10968346,-0.000373383639378444,-0.0042148936878552146,-0.016287731041685127,247.62749938964845,248.13000030517577,245.80666411511564,33.61243882684428,-2.729078327062723,-1.5539179666374001,-1.175160360425323,0.01423797733284018,0.15707444096015588,0.9731552284035733,0.9711844413458955,242.1300048828125
2025-10-06,240.0,242.9600067138672,239.32000732421875,242.1300048828125,233.3708648681641,6064946,0.004772218340370893,0.027062586989660575,-0.006319995476279705,247.5504997253418,247.74460052490235,245.45650609299153,36.51637541722171,-2.6719459397926073,-1.777523561268442,-0.8944223785241654,0.014245627781408601,-0.4470500839415532,0.9781034784880525,0.9773371624237458,243.52999877929688
2025-10-07,242.8999938964844,245.0,242.13999938964844,243.52999877929688,234.72021484375,6587728,0.005781992600057739,0.016232679851260645,0.004164582257310645,247.6009994506836,247.37820037841797,245.273029205973,33.92639745374973,-2.4850541467440905,-1.9190296783635716,-0.5660244683805189,0.014264604107496153,0.08619730497188272,0.9835582219764119,0.9844440553240567,244.2700042724609
2025-10-08,243.25,246.3500061035156,242.57000732421875,244.2700042724609,235.43344116210935,7360563,0.0030386625749325713,0.02047044013546695,-0.019586553255349526,247.35699996948242,247.07960021972656,245.17750302182898,35.12050986374179,-2.251277470151763,-1.98547923672121,-0.26579823343055287,0.012800578171562441,0.1173143457046193,0.9875200794907669,0.9886287822031156,246.3999938964844
2025-10-09,243.9900054931641,246.8000030517578,243.16000366210935,246.3999938964844,237.4863739013672,4629760,0.008719816542221315,0.022109704278132192,-0.036559163650109805,246.88949966430664,247.00660003662108,245.29393072417713,33.82489576682529,-1.8725498193934982,-1.9628933532556678,0.09034353386216964,0.01133090660232689,-0.3710046364659877,0.998017308275614,0.997544170317527,248.6999969482422
2025-10-10,248.0,251.25,246.25,248.6999969482422,239.70318603515625,7070200,0.009334428201017042,0.03203585923136831,-0.020519107710306628,246.62899932861328,246.9445999145508,245.6183179836119,39.37869703614119,-1.3710102504894621,-1.8445167327024268,0.47350648221296465,0.011517913504467498,0.5271201962952723,1.0083972185966237,1.0071084649524582,245.1300048828125
2025-10-13,246.05999755859372,247.6999969482422,244.50999450683597,245.1300048828125,236.2623291015625,6717589,-0.014354612421537905,0.012390038159260541,-0.0270302353441374,246.2884994506836,246.8432000732422,245.57181197401195,41.829048935026485,-1.2472277871887911,-1.7250589435997,0.4778311564109088,0.01181309678959218,-0.04987284659557012,0.995296188939171,0.9930595811838391,248.4199981689453
2025-10-14,245.8000030517578,250.1499938964844,245.1100006103516,248.4199981689453,239.4333038330078,7888607,0.013421422186588927,0.020079659237710823,-0.011381728049368323,246.145499420166,246.84559997558594,245.84306780210085,48.24178138836724,-0.8735841958265382,-1.5547639940450675,0.6811797982185293,0.012255240518589618,0.17432117386163393,1.009240464498182,1.0063780686936088,250.2100067138672
2025-10-15,250.0,252.1300048828125,248.5399932861328,250.2100067138672,241.1585693359375,13278925,0.007205573456709136,0.024317363317277074,-0.014959993209505473,245.95550003051758,246.9948001098633,246.2589667460786,59.017982932300605,-0.4280954104540058,-1.3294302773268551,0.9013348668728494,0.012103028028634218,0.6833041625726823,1.0172978716996437,1.0130173048281736,253.80999755859372
2025-10-16,250.3999938964844,254.07000732421875,248.8000030517578,253.80999755859372,244.6283264160156,10661302,0.014387877175685349,0.03007306755544148,-0.0013377782650239034,245.93850021362306,247.15,246.9781125377467,68.35559936137933,0.21299160171577114,-1.02094590151833,1.2339375032341011,0.012563998918808808,-0.1971261227847887,1.0320059581486163,1.0269471881796226,240.8999938964844
2025-10-17,250.0,250.0,239.1100006103516,240.8999938964844,232.1853485107422,43802251,-0.050864835058867075,-0.03136310071359216,-0.06239053141423245,245.1370002746582,247.0497998046875,246.39924409572174,56.63145973457661,-0.31701734586039265,-0.8801601903867425,0.5631428445263499,0.01666524575946108,3.108527363730996,0.9827157614989719,0.9751070192606308,241.2400054931641
2025-10-20,240.8999938964844,241.94000244140625,239.2700042724609,241.2400054931641,232.5130615234375,9871824,0.0014114221888514855,-0.015869127859349907,-0.057214315735038435,244.40500030517578,247.07539978027344,245.9078880383353,52.267580463230196,-0.701530355811883,-0.8444342234717707,0.1429038676598876,0.01669311908182251,-0.774627472912294,0.9870502043409107,0.9763821315586302,241.3600006103516
2025-10-21,241.0,242.16000366210935,240.3600006103516,241.3600006103516,232.6287078857422,2082336,0.0004974096934802219,-0.028419602329247118,-0.03583270544917294,243.9565002441406,247.0561996459961,245.47475590233685,52.83234322830277,-0.9852200795502313,-0.8725913946874628,-0.11262868486276845,0.016098833585600988,-0.7890626899345046,0.9893567105972149,0.9769437114154329,244.3000030517578
2025-10-23,244.8000030517578,247.8000030517578,243.3699951171875,244.3000030517578,235.4623565673828,18964626,0.012180984562361274,-0.02362017306872899,-0.021351607285978402,243.69000015258788,247.1611996459961,245.36287467847217,54.440465776815635,-0.9617264195800885,-0.890418399665988,-0.07130801991410052,0.01639072648639442,8.107380365128394,1.0025031921654068,0.9884237631216537,242.97999572753903
2025-10-24,245.0,245.8800048828125,242.16000366210935,242.97999572753903,234.19009399414065,6803979,-0.005403222708675659,-0.042669721189979914,-0.006582446684072374,243.6095001220703,247.18839965820314,245.13593382600234,52.65957403636299,-1.0376595902581585,-0.9198666377844222,-0.11779295247373622,0.015799972634228346,-0.6412278839561614,0.9974159283845013,0.9829749133192204,243.91000366210935
2025-10-27,243.2899932861328,245.72999572753903,243.05999755859372,243.91000366210935,235.0864715576172,9550336,0.0038275082349294998,0.012494851979607535,0.007892577116154431,243.7050003051758,247.23219970703124,245.01917857229824,52.38095043710829,-1.011137542986006,-0.938120818824739,-0.07301672416126714,0.015629431644996368,0.40363984074612813,1.0008411947094924,0.986562445956236,242.3800048828125
2025-10-28,243.66000366210935,244.6999969482422,241.3999938964844,242.3800048828125,233.61181640625,8780789,-0.006272800444119375,0.004725581842522031,0.0281230323767232,244.0365005493164,247.2467999267578,244.7678286971091,48.4670839814893,-1.100886410930542,-0.9706739372458997,-0.1302124736846424,0.014463239056308426,-0.08057800270063797,0.9932120987525423,0.9803160443516883,242.27999877929688
2025-10-29,243.6000061035156,243.6000061035156,241.63999938964844,242.27999877929688,233.5154266357422,8776917,-0.00041260046827695795,0.0038117259140653115,0.011016522268287421,244.16850051879882,247.15619995117189,244.53089251446033,47.301322303857184,-1.1666344563420807,-1.0098660410651359,-0.15676841527694485,0.014027226332035011,-0.0004409626515339271,0.9922655799765763,0.9802707713873318,241.9199981689453
2025-10-30,242.88999938964844,244.7700042724609,240.5,241.9199981689453,233.1684417724609,8344622,-0.001485886627725752,-0.009742140209094696,0.010652976997010066,244.2960006713867,247.09039978027343,244.2822359101256,43.61824358837805,-1.2335694755803956,-1.0546067279681879,-0.17896274761220776,0.01402984189450795,-0.04925362744116191,0.990274083505618,0.9790748583679255,240.6699981689453
2025-10-31,242.1100006103516,243.19000244140625,240.5,240.6699981689453,231.9636688232422,5659566,-0.005166997393605599,-0.009506945424363256,-0.0016593070192073567,244.27600021362304,246.964599609375,243.93821326810843,38.208525020367404,-1.3716687701337378,-1.118019136401298,-0.25364963373243987,0.013999960322172886,-0.3217708363542411,0.9852380011072548,0.9745121306843738,240.5
2025-11-03,240.6699981689453,241.2899932861328,239.5,240.5,231.79983520507807,4902693,-0.0007063538049556506,-0.013980581406711212,-0.001991848850730893,244.2520004272461,246.7577996826172,243.61076438543142,42.446980106338465,-1.477795777689579,-1.1899744646589543,-0.28782131303062464,0.014000641010377853,-0.13373339934546213,0.9846388139270791,0.974639911319253,237.9199981689453
2025-11-04,240.5,240.83999633789065,237.5200042724609,237.9199981689453,229.3131561279297,6848284,-0.010727658341183721,-0.018400885485679974,-0.017387381278519243,244.04150009155273,246.5179995727539,243.06878665052798,32.46494916290797,-1.7499148524378256,-1.3019625422147287,-0.4479523102230969,0.014150508478382244,0.3968412870232747,0.9749161436874019,0.9651222165573712,240.0500030517578
2025-11-06,240.0,240.6199951171875,238.3699951171875,240.0500030517578,231.36610412597656,7141517,0.008952609697399305,-0.009204208926756885,-0.01428980308373784,243.86750030517578,246.34619964599608,242.7812834506451,33.223259854708985,-1.773256588697791,-1.3962213515113413,-0.3770352371864496,0.014245328637344429,0.04281846372025466,0.9843460188477728,0.9744416735338884,236.4900054931641
2025-11-07,238.6999969482422,239.25,236.0,236.4900054931641,227.9348907470703,5520619,-0.014830233340285104,-0.022445406402447077,-0.031849996492483545,243.47850036621094,245.99919982910157,242.1821141213612,21.36248108422042,-2.055324630741495,-1.5280420073573722,-0.527282623384123,0.014560594968055913,-0.2269683037931577,0.9712972814333274,0.9613446127363682,239.83999633789065
2025-11-10,237.44000244140625,241.5500030517578,237.0200042724609,239.83999633789065,231.1636962890625,8566758,0.01416546478461389,-0.003448713330990283,-0.026623367374553064,243.15050048828124,245.75539978027345,241.9590552848402,47.43714610790637,-1.9856598711594131,-1.6195655801177804,-0.3660942910416327,0.014810811839709372,0.551774900604443,0.9863849585185199,0.9759297112182614,241.69000244140625
2025-11-11,241.1000061035156,242.0500030517578,238.80999755859372,241.69000244140625,232.94677734375,8831094,0.007713501216491281,0.004948035099402226,-0.02818654842321855,242.80000076293945,245.57619995117187,241.93343120451314,51.013962571643646,-1.7608717820764355,-1.6478268205095115,-0.11304496156692401,0.01475421709009508,0.030856013441724395,0.9954283430064033,0.9841751867219286,245.22000122070312
2025-11-12,242.75,246.3000030517578,242.1000061035156,245.22000122070312,236.3490753173828,13152546,0.014605481168600054,0.030682595443591643,0.0003671371765918696,242.80450057983398,245.49239990234375,242.2464378727217,57.539057401013125,-1.2830934987532316,-1.5748801561582555,0.29178665740502385,0.01482887455303987,0.48934503471483826,1.009948335533735,0.99889039871805,245.3300018310547
2025-11-13,246.0,246.0,244.0,245.3300018310547,236.45509338378903,6211124,0.00044857927495312033,0.02199541225649737,-0.012438597378095051,242.65000076293944,245.3917999267578,242.5401106306582,52.261743293375936,-0.8853686583009903,-1.4369778565868025,0.5516091982858122,0.014496657123304476,-0.5277626096118577,1.0110447189766691,0.9997481656040602,244.3699951171875
2025-11-14,243.9199981689453,245.8999938964844,242.1499938964844,244.3699951171875,235.52981567382807,6841554,-0.003913123982806965,0.0333206031586446,-0.023340439790476286,242.35800018310547,245.26059997558593,242.71438534366098,53.10129008492766,-0.6402529381605575,-1.2776328729015536,0.6373799347409961,0.014397502242963666,0.10150014715532962,1.0083017475493359,0.9963687406029053,244.0500030517578
2025-11-17,243.97000122070312,244.77999877929688,242.69000244140625,244.0500030517578,235.22140502929688,6559062,-0.0013094572648996161,0.01755339717373916,-0.0384539403519073,241.87000045776367,245.1504000854492,242.8415870301464,50.321099472591996,-0.4664408100715889,-1.1153944603355608,0.6489536502639719,0.013930205050863252,-0.04129061906110809,1.009013116921769,0.9955113390257253,240.8999938964844
2025-11-18,242.92999267578125,244.0,240.3000030517578,240.8999938964844,232.1853485107422,4730012,-0.01290722850187942,-0.00326868524532109,0.0,241.87000045776367,245.06899993896485,242.65667339836907,46.84028578613997,-0.5762304336695934,-1.0075616550023674,0.431331221332774,0.0083849252464383,-0.2788584709216043,0.9959895540602661,0.9829884398127925,246.07000732421875
2025-11-19,241.1999969482422,246.8500061035156,240.5399932861328,246.07000732421875,237.16831970214844,13298452,0.021461243498229088,0.0034663000541730327,0.02002156243190578,242.11150054931642,245.11700012207032,242.98175281987855,56.65146680291917,-0.24325849286677226,-0.8547010225752485,0.6114425297084762,0.009659975560055536,1.811504917957925,1.0163499328446648,1.0038879686095776,246.25999450683597
2025-11-20,247.5,247.8000030517578,245.7100067138672,246.25999450683597,237.3514404296875,6705862,0.0007720858981683509,0.003790782492317124,0.020301598790575248,242.35650024414062,245.19179992675782,243.2939663138745,57.66242093126011,0.035544808573462205,-0.6766518563455064,0.7121966649189686,0.00965936497793189,-0.495741158444607,1.0161064145536147,1.004356567309336,244.4900054931641
2025-11-21,245.0,247.25,243.6100006103516,244.4900054931641,235.6454925537109,5516450,-0.007187480927287826,0.0004911011105068752,0.0007777422801178435,242.36600036621098,245.0986001586914,243.4078748071402,56.62275972483391,0.11237966976710823,-0.5188455511229835,0.6312252208900917,0.00945334251227761,-0.17736899447080778,1.008763626596733,0.9975169394474989,247.2700042724609
2025-11-24,245.0200042724609,249.3800048828125,245.0200042724609,247.2700042724609,238.32492065429688,19711070,0.011370602956506382,0.013194022456210375,0.017655809615423568,242.58050079345702,244.92900024414064,243.77569666098026,60.76312389410157,0.39306352723002647,-0.3364637354523815,0.729527262682408,0.009682465513252567,2.573143960336811,1.0193317412721343,1.0095578883104361,245.63999938964844
2025-11-25,248.0,248.0,244.0,245.63999938964844,236.7538909912109,8188793,-0.006592004103402771,0.01967623749795866,0.007092762500777505,242.667000579834,244.76360015869142,243.9532493018058,62.65573970607076,0.4784642963885233,-0.17347812908420057,0.6519424254727239,0.009797416576884956,-0.5845586769262145,1.012251351863709,1.0035805946243184,250.19000244140625
2025-11-26,246.0,250.5500030517578,245.6199951171875,250.19000244140625,241.1392822265625,8202096,0.018523054319587118,0.01674318281203213,0.03222211981706069,243.05750045776367,244.7286001586914,244.54722579129157,65.40097198306339,0.9028843527482309,0.04179436728228572,0.8610899854659452,0.0104554955554069,0.001624537340240595,1.0293449162038182,1.0223161587128495,249.55999755859372
2025-11-27,250.3999938964844,251.9199981689453,247.69000244140625,249.55999755859372,240.53207397460935,5268129,-0.0025181057462920764,0.013400483738198687,0.030047873600695052,243.4215003967285,244.69420013427734,245.0246326262727,71.79057964562371,1.1748611087857341,0.2684077155829754,0.9064533932027588,0.010487786924804617,-0.3577094196410283,1.0252175635753649,1.0198852176375504,249.52999877929688
2025-11-28,251.0,251.9900054931641,248.6000061035156,249.52999877929688,240.50315856933597,7049965,-0.00012020668212175956,0.02061431213094589,0.031456682655218504,243.8020004272461,244.60460021972656,245.45371511703692,68.16647462076182,1.372166515209841,0.48915947550834854,0.8830070397014924,0.01047152749523112,0.33822937896926963,1.0234944682242675,1.0201361648764817,250.27999877929688
2025-12-01,250.1000061035156,250.75,248.8600006103516,250.27999877929688,241.2260284423828,3865446,0.003005650637875279,0.012172905952310131,0.03993019771249395,244.28250045776366,244.5272003173828,245.9133611801093,66.79701579466231,1.5709423576765005,0.705516051941979,0.8654263057345215,0.010352272223304131,-0.45170706521238047,1.0245514857195845,1.0235262108037357,250.1699981689453
2025-12-02,250.0,251.4499969482422,248.8699951171875,250.1699981689453,241.12001037597656,8535708,-0.00043951019213706033,0.01844161696202873,0.04020789259436719,244.76600036621093,244.3920004272461,246.31875517904606,61.17380339110092,1.7000009621146432,0.9044130339765118,0.7955879281381314,0.010348758008625414,1.2082077980134764,1.0220782208094632,1.0236423358031281,254.69000244140625
2025-12-03,250.6000061035156,257.1300048828125,250.5500030517578,254.69000244140625,245.47650146484372,17215454,0.018067731164983503,0.017986330213390023,0.0704858961059367,245.604500579834,244.36820037841798,247.11601682308037,67.62047457338902,2.142312164396486,1.1519928600605067,0.9903193043359795,0.01048356168387505,1.016874757196474,1.0369924078757629,1.0422387284720531,256.92999267578125
2025-12-04,256.0,258.79998779296875,255.5,256.92999267578125,247.6354522705078,10687381,0.008794967265707054,0.02953195700147071,0.07031863948938955,246.44850006103516,244.5002001953125,248.05068119000427,72.55746984689698,2.643127145970368,1.450219717242479,1.1929074287278891,0.010479275788984745,-0.37919842253361424,1.0425301538136782,1.0508375554316092,259.9100036621094
2025-12-05,258.20001220703125,261.1000061035156,257.70001220703125,259.9100036621094,250.50765991210935,7886562,0.01159853295169233,0.041598224396231176,0.09903166148652431,247.61949996948243,244.70580017089844,249.1801404730619,75.99998799309012,3.243104123081821,1.8087965984103473,1.4343075246714736,0.009688581137014277,-0.2620678536677976,1.0496346357784492,1.0621325832105024,261.3800048828125
2025-12-08,260.010009765625,263.07000732421875,259.7099914550781,261.3800048828125,251.9244842529297,9684253,0.005655808549078323,0.04435035223611261,0.08980991024772988,248.6965003967285,245.04160034179688,250.3420323216096,85.53089136295583,3.7934781583895187,2.205732910406182,1.587745247983337,0.009438196795816867,0.22794355766175434,1.0509999315062772,1.0666760440603797,257.4100036621094
2025-12-09,261.3800048828125,261.82000732421875,257.04998779296875,257.4100036621094,248.0980987548828,8560580,-0.015188618664549458,0.028940342751550663,0.06504200033890184,249.48250045776368,245.34980041503906,251.01517244927624,70.52859946168843,3.8647571125102615,2.537537750826998,1.3272193616832637,0.01035374258580885,-0.11603094219037857,1.0317757886416878,1.04915513779375,257.9800109863281
2025-12-10,258.010009765625,260.3699951171875,257.25,257.9800109863281,248.64749145507807,7944200,0.002214394608249126,0.012917698038338976,0.0520349469949668,250.12050094604493,245.79440063476562,251.67849040518593,70.92858945105992,3.92203030057658,2.8144362607769144,1.1075940397996655,0.010000441566671018,-0.07200213069675188,1.031422894207215,1.0495764359159243,259.25
2025-12-11,258.3099975585937,259.9800109863281,257.7200012207031,259.25,249.87152099609372,6473376,0.00492281944177142,0.009029725568654667,0.056739893470229674,250.81650085449218,246.18660064697266,252.399586557073,76.83633875824601,4.023516619376437,3.056252332496819,0.967264286879618,0.010000135386793412,-0.1851443820649027,1.0336241798955659,1.0530629990368974,260.6000061035156
2025-12-12,259.5,260.82000732421875,257.3599853515625,260.6000061035156,251.17269897460935,4008271,0.0052073523761451135,0.0026547744668699025,0.06641572742408508,251.62800140380858,246.61120086669922,253.18057889482947,75.56576579213072,4.164869445846222,3.2779757551667,0.8868936906795217,0.009884674531042945,-0.3808067073502296,1.0356558278476684,1.0567241276456774,261.739990234375
2025-12-15,259.989990234375,262.5,258.5400085449219,261.739990234375,252.2714385986328,4023911,0.0043744593405978804,0.0013772490046586316,0.07248509306048034,252.51250076293945,247.02460052490235,253.99576092716714,81.46987821005708,4.319091967669237,3.4861989976672074,0.83289297000203,0.009827729130374187,0.0039019317805606413,1.0365427036030124,1.059570543493255,259.2200012207031
2025-12-16,261.739990234375,261.75,258.79998779296875,259.2200012207031,249.84262084960935,2982041,-0.009627833375463024,0.007031574270010221,0.07604818509082611,253.4285011291504,247.38940063476562,254.49330762178963,69.17198186827285,4.189676392876748,3.626894476709116,0.5627819161676326,0.009562462354552898,-0.25891974250921557,1.0228525997105642,1.0478217763395758,261.1400146484375
2025-12-17,259.0,262.1300048828125,258.3099975585937,261.1400146484375,251.69317626953125,4923276,0.00740688765794606,0.012249025224969179,0.061242763748784235,254.18200149536133,247.76960083007813,255.12632733861324,73.30921658023712,4.193700288424083,3.7402556390521093,0.45344464937197326,0.008663871028578591,0.6509752884014672,1.0273741378702739,1.0539630922177934,263.8500061035156
2025-12-18,261.17999267578125,264.989990234375,261.0,263.8500061035156,254.30514526367188,9008412,0.010377541943261681,0.017743514381931114,0.07142862011308693,255.0615020751953,248.1760009765625,255.95715388765157,76.01746555404618,4.365243111398456,3.865253133521379,0.49998997787707733,0.008798357359073146,0.8297596965922691,1.0344564113236083,1.0631568123641149,264.45001220703125
2025-12-19,267.0,267.0,263.29998779296875,264.45001220703125,254.8834381103516,12750745,0.002274042409080801,0.014773622461030644,0.08163935647841947,256.0595024108887,248.5796011352539,256.7659975371163,75.8860357246393,4.497760133537469,3.991754533524597,0.5060056000128714,0.008441006178092543,0.41542649248280394,1.0327678126261397,1.063844382239322,272.6700134277344
2025-12-22,267.510009765625,273.1000061035156,266.79998779296875,272.6700134277344,262.8060913085937,14651313,0.031083383782443796,0.0417590876486702,0.10272175644598525,257.32950286865236,249.10500152587892,258.28066571717517,81.70802983119425,5.206054078647924,4.234614442549263,0.971439636098661,0.010297879959944002,0.14905544734837073,1.0596142703734683,1.0945987104133168,271.3999938964844
2025-12-23,272.0,272.4800109863281,270.2099914550781,271.3999938964844,261.5820007324219,7572420,-0.004657716172323356,0.04698708671562368,0.10486889175558889,258.6175025939941,249.55900146484376,259.530125543776,75.92303096354273,5.600344881257001,4.507760530290811,1.0925843509661908,0.010192307841870918,-0.483157584579621,1.0494262421308647,1.0875183515859572,268.0599975585937
2025-12-24,270.94000244140625,270.9800109863281,267.20001220703125,268.0599975585937,258.3628234863281,4694861,-0.012306545368474087,0.026499128903979985,0.07142569624208917,259.51100234985347,250.01760131835937,260.342494307092,66.69666843075808,5.579002128355398,4.7220088499037285,0.8569932784516698,0.0103767022718343,-0.38000520309227437,1.0329427081369564,1.0721645041992867,266.29998779296875
2025-12-26,267.20001220703125,268.8800048828125,265.739990234375,266.29998779296875,256.6664733886719,2899112,-0.0065657307380980745,0.009285509315061002,0.06707801890583309,260.34800186157224,250.37520111083984,260.9098746390803,59.950141658136765,5.358302587048058,4.849267597332595,0.5090349897154631,0.010538590327425065,-0.3824924742180865,1.0228616539740574,1.0636036900279078,264.239990234375
2025-12-29,265.989990234375,267.3900146484375,263.6000061035156,264.239990234375,254.68101501464844,3755074,-0.0077356276869049445,-0.0007941840157369429,0.05895079360012634,261.0835014343262,250.65580078125,261.2270285052988,54.37306465431156,4.95999627408986,4.871413332684049,0.08858294140581169,0.010803075391135864,0.2952497178446365,1.0120899588932577,1.0541945943831559,263.6499938964844
2025-12-30,264.0,264.7200012207031,263.0199890136719,263.6499938964844,254.11236572265625,5117699,-0.002232804873203764,-0.033080350192745245,0.053420150161409774,261.7520011901855,250.8526007080078,261.4577871139831,60.64118123398401,4.544343514486457,4.805999369044531,-0.2616558545580743,0.010864298811381474,0.362875671691157,1.0072511105843267,1.051015589044551,263.2799987792969
2025-12-31,264.0,264.6000061035156,261.260009765625,263.2799987792969,253.75575256347656,5705044,-0.0014033571998972594,-0.02991892151731068,0.05240436785508584,262.4075012207031,251.30020080566408,261.63133108210826,59.100255291321346,4.137386972520233,4.672276889739671,-0.5348899172194388,0.010880901934376387,0.1147673983952553,1.0033249718645045,1.047671263036105,267.3500061035156
2026-01-01,264.5,268.04998779296875,263.75,267.3500061035156,257.67852783203125,3639755,0.015458854995022087,-0.0026486288948163184,0.049707501436071944,263.0405014038086,251.82240081787108,262.17596679843274,62.6879741480274,4.0960696168146455,4.557035435154667,-0.46096581834002137,0.010700008345009499,-0.3620110554800279,1.0163834264180147,1.06166093737179,269.0
2026-01-02,267.3500061035156,272.3999938964844,266.1499938964844,269.0,259.268798828125,8286204,0.006171662086461804,0.010138987348096817,0.04697780589380174,263.64400177001954,252.37520080566406,262.8258747223915,63.035371784975155,4.14864305788376,4.475356959700486,-0.326713901816726,0.010634433133414287,1.2765829018711425,1.0203152667764943,1.0658733470692214,263.29998779296875
2026-01-05,269.45001220703125,269.6499938964844,261.70001220703125,263.29998779296875,253.77500915527344,7006599,-0.02118963645736527,-0.0035573814568056195,0.013042915174848124,263.8135009765625,252.7552005004883,262.8710283481608,52.120712773230856,3.687853263768659,4.317856220514121,-0.6300029567454617,0.011615888168193249,-0.1544259591002104,0.998053499226943,1.0417193682725436,265.6000061035156
2026-01-06,263.29998779296875,266.1000061035156,262.95001220703125,265.6000061035156,255.9918212890625,4083654,0.008735352894719384,0.007396215635024239,0.016145080502983022,264.02450103759764,253.20760070800782,263.1309309915279,58.7253756260434,3.4682860451321744,4.147942185437731,-0.679656140305557,0.011704941093622544,-0.417170299028102,1.0059672684153416,1.0489416801109315,270.79998779296875
2026-01-07,265.0,272.5,264.5,270.79998779296875,261.0036926269531,10242615,0.019578243862789835,0.028562705289191914,0.052018118722517936,264.6940002441406,253.745400390625,263.8613173535699,62.12345209953748,3.6715491733347676,4.052663583017139,-0.38111440968237176,0.011776586311582524,1.5081985398371165,1.0230680995534325,1.0672114149698448,262.20001220703125
2026-01-08,270.8999938964844,270.8999938964844,261.3500061035156,262.20001220703125,252.7148284912109,9269522,-0.0317576660768254,-0.01926311493888777,0.016357861233391224,264.9050003051758,254.14180053710936,263.7030978158043,48.19593975499189,3.1029219572553757,3.862715257864787,-0.7597933006094113,0.01406368688601085,-0.09500435191599022,0.9897888371490596,1.0317075414311674,261.95001220703125
2026-01-09,261.3500061035156,263.95001220703125,260.45001220703125,261.95001220703125,252.473876953125,4735387,-0.0009534705887145334,-0.026208133059363425,0.010414704752290227,265.04000091552734,254.53520080566406,263.53613728163543,47.245482887831436,2.602112349703077,3.610594676232445,-1.0084823265293679,0.014036701945816821,-0.48914442405983827,0.9883414250761305,1.0291307896821247,263.1000061035156
2026-01-12,260.70001220703125,264.5,259.04998779296875,263.1000061035156,253.58226013183597,3802164,0.004390127287245527,-0.0007595203141839146,0.009593246129882882,265.16500091552734,254.95880096435548,263.49460097895735,37.509778211833904,2.2718238529106998,3.342840511568096,-1.0710166586573964,0.014023803833459357,-0.19707428347461353,0.9922124156473064,1.0319314536637563,264.20001220703125
2026-01-13,263.45001220703125,264.8500061035156,261.29998779296875,264.20001220703125,254.64247131347656,6931244,0.0041809429038282,-0.00527106123611587,0.009398724170706307,265.28800201416016,255.4294012451172,263.5617830006787,40.56111079549773,2.074910858235114,3.0892545809015,-1.014343722666386,0.014021107998968618,0.8229734435442553,0.9958988352323946,1.0343367322601111,260.20001220703125
2026-01-14,264.0,264.0,259.6000061035156,260.20001220703125,250.7871856689453,5625861,-0.015140044720609369,-0.03914319078197803,0.0037806148511423388,265.3370025634766,255.8234014892578,263.24161435366466,39.87114971079086,1.5779002685806631,2.786983718437333,-1.2090834498566698,0.014283654337177085,-0.1883331477004705,0.9806397513094074,1.0171079373204144,260.20001220703125
2026-01-15,260.20001220703125,260.20001220703125,260.20001220703125,260.20001220703125,250.7871856689453,0,0.0,-0.007627764709716378,-0.003599610893304628,265.2900024414063,256.26900177001954,262.9519379587472,41.76568681893607,1.1705227380128918,2.4636915223524447,-1.293168784339553,0.01418498164424826,-1.0,0.9808134864203968,1.0153393910689965,267.45001220703125
2026-01-19,252.0,252.0,241.5500030517578,245.9499969482422,237.0526580810547,65833247,-0.08038891111414881,-0.0651843738404394,-0.06995656798951433,264.5450019836426,257.0062017822266,261.7202946458075,35.98353094762301,-0.12227318948237098,1.7789256317637705,-1.9011988212461415,0.02375920273352604,4.473201300700374,0.9297094827119426,0.9569807858436318,239.8999938964844
2026-01-20,245.9499969482422,246.0,239.3999938964844,239.8999938964844,231.2215118408203,16796201,-0.024598508342453695,-0.09197584098332656,-0.1201819705779088,262.90650100708007,257.0074017333984,259.64217076491957,33.013657080370066,-1.8089833994248465,1.061343825526047,-2.8703272249508935,0.022753874507186782,-0.7448674983325674,0.9124916766132911,0.9334361278253767,239.5500030517578
2026-01-21,239.8999938964844,242.6000061035156,237.6000061035156,239.5500030517578,230.8842010498047,14397792,-0.0014589030997541608,-0.07936206067063134,-0.11735442726971679,261.3140014648437,256.9646017456055,257.7286309827137,28.648228140258055,-3.137784304806104,0.22151819945961693,-3.3593025042657207,0.02277598196875231,-0.14279473078465776,0.9167132327732773,0.9322295811347273,240.6499938964844
2026-01-22,242.0,242.8999938964844,239.1999969482422,240.6499938964844,231.9443817138672,8537915,0.004591904949752479,-0.07513457876009488,-0.10225324148232107,259.9435012817383,256.8732015991211,256.10209411735855,28.040269973061356,-4.05536085212313,-0.6338576108569325,-3.421503241266197,0.02284179709403263,-0.4069983091851862,0.9257780737347893,0.9368435181185042,238.3999938964844
2026-01-23,242.3000030517578,243.5500030517578,237.8500061035156,238.3999938964844,229.77577209472656,13546802,-0.00934967819266952,-0.1086184968578705,-0.10476903933685044,258.5485015869141,256.7346014404297,254.41617981060864,29.623564774209825,-4.907532097432778,-1.4885925081721019,-3.418939589260676,0.022859529367426527,0.586663957183926,0.9220706847389849,0.9285853662066682,234.8000030517578
2026-01-27,235.1999969482422,236.3999938964844,231.75,234.8000030517578,232.148681640625,15677537,-0.015100633124553453,-0.045334393310973664,-0.1114138217932289,257.07650222778324,256.5432015991211,252.5479725002419,25.320489856442578,-5.806440096642945,-2.3521620258662708,-3.454278070776674,0.02296057548032044,0.15728693753699208,0.9133468092844702,0.915245469722719,237.3500061035156
2026-01-28,235.5,238.1000061035156,234.9499969482422,237.3500061035156,234.66989135742188,10155128,0.01086031950006272,-0.010629378315320515,-0.099753417037039,255.76150283813476,256.40920166015627,251.10054712912512,22.00836922662033,-6.241123441221305,-3.129954308937278,-3.1111691322840267,0.023247405160044025,-0.3522497826029688,0.9280130256887357,0.9256688315659527,239.8000030517578
2026-01-29,236.1999969482422,240.8999938964844,235.4499969482422,239.8000030517578,237.09222412109372,12201949,0.010322295703559803,0.001043623447360087,-0.08918260345033635,254.5875030517578,256.3872018432617,250.02430483604252,29.104465502462645,-6.315122049322127,-3.7669878570142483,-2.548134192307879,0.023488836258395446,0.20155541121687492,0.9419158449541268,0.935304107723582,236.8999938964844
2026-01-30,238.0,238.0,235.3000030517578,236.8999938964844,234.22496032714844,11362317,-0.012093449200863748,-0.015582796987782421,-0.1138956854754708,253.0650024414063,256.20380157470703,248.7743704608465,27.7333170572917,-6.532470725612967,-4.320084430733992,-2.212386294878975,0.023067675356521575,-0.0688113021944281,0.936123097271561,0.9246544838149336,242.3000030517578
2026-02-02,244.0,244.0800018310547,239.2899932861328,242.3000030517578,239.56399536132807,12335721,0.022794467262134965,0.016359099224502627,-0.09925649423138361,251.7300025939942,256.12460174560545,248.1577640409333,32.80991916879218,-6.1975440781197335,-4.695576360211141,-1.5019677179085926,0.023808048126616212,0.08566949857146211,0.962539230743005,0.9460239328841247,242.69000244140625
2026-02-03,259.2099914550781,259.8900146484375,242.27999877929688,242.69000244140625,239.94960021972656,25915412,0.0016095723678761775,0.0336030634033222,-0.0782756791001753,250.69950332641605,256.08860168457034,247.63702484097834,32.012036551672395,-5.8333988152044185,-4.923140851209797,-0.9102579639946216,0.023533067496407437,1.100842909790194,0.9680513890983611,0.9476798297346033,233.33999633789065
2026-02-04,235.91000366210935,235.9199981689453,226.25999450683597,233.33999633789065,230.7051696777344,25995324,-0.03852654006945755,-0.016894921687409026,-0.12146087735047673,249.0865028381348,255.8100015258789,246.27540307877953,29.38286012514361,-6.227491773426408,-5.1840110356531195,-1.0434807377732884,0.024559075543257917,0.003083570502371291,0.9367829797246108,0.9121613500099406,233.38999938964844
2026-02-05,233.33999633789065,235.57000732421875,231.6999969482422,233.38999938964844,230.75460815429688,10102736,0.00021429267396300133,-0.026730623772034945,-0.13814619678609774,247.2160034179688,255.5650015258789,245.04822177505278,29.43702597176737,-6.461296647979452,-5.439468158118387,-1.0218284898610657,0.023862861411816108,-0.6113633359599595,0.9440731836241819,0.913231459691929,230.72000122070312
2026-02-06,232.92999267578125,232.92999267578125,228.6000061035156,230.72000122070312,228.11476135253903,12279085,-0.011440071022442155,-0.026086926276923772,-0.12006105843149895,245.64200286865238,255.17560150146485,243.6836293413052,19.69971838843462,-6.7838354019413885,-5.708341606882987,-1.0754937950584011,0.02318186791615006,0.21542174317927332,0.939253053330915,0.9041616826339828,230.0800018310547
2026-02-09,231.8500061035156,232.92999267578125,229.6100006103516,230.0800018310547,227.4819793701172,9112474,-0.0027739224439247145,-0.050433351493160306,-0.12166447371946754,244.04850234985355,254.78600158691407,242.38804576890038,30.03774199095909,-7.010282121718916,-5.968729709850173,-1.041552411868743,0.023164117794631307,-0.2578865607657248,0.9427634245475743,0.903032350278351,231.47000122070312
2026-02-10,229.97999572753903,232.8600006103516,227.1999969482422,231.47000122070312,228.85629272460935,12435622,0.00604137421151929,-0.04623182293391759,-0.12022046426851019,242.46700210571294,254.4248016357422,241.3482320024054,37.98803996072455,-6.996925245769603,-6.174368817034059,-0.8225564287355436,0.023206761740521883,0.36468120512607216,0.9546453711659484,0.9097776621325492,229.80999755859372
