Date,Open,High,Low,Close,Adj Close,Volume,Daily_Return,SMA_20,SMA_50,EMA_20,EMA_50,RSI_14,Volatility_20,MACD,MACD_Signal,MACD_Histogram,Return_5D,Return_20D,Volume_Change,Price_vs_SMA20,Price_vs_SMA50,Price_Change,Target
2024-11-29,1842.0,1872.300048828125,1833.949951171875,1848.050048828125,1716.8160400390625,2482280,0.0038839830078976068,1839.660009765625,1824.9970043945314,1851.9606235005886,1828.1430892563753,53.20208597357572,0.017020521430986625,12.850670845839659,13.256591268829476,-0.40592042298981745,-0.02652232139613353,0.005030454510752902,-0.3164126452149464,0.00456064654227539,0.012631825903320765,7.1500244140625,1871.5
2024-12-02,1848.050048828125,1878.550048828125,1835.449951171875,1871.5,1738.6005859375,2014744,0.012689023864231874,1844.9325073242187,1827.2970043945313,1853.8215165005324,1829.8433602659295,56.312661313644945,0.01436893577359397,12.858649451447263,13.177002905353033,-0.31835345390576997,-0.010678200398198223,0.059709491948910065,-0.18834942069387817,0.014400251808838915,0.024190372719466696,23.449951171875,1890.75
2024-12-03,1884.0,1896.300048828125,1872.050048828125,1890.75,1756.483642578125,2954648,0.010285866951643019,1851.6000061035156,1830.3820043945314,1857.338514929053,1832.2318559417756,54.5313915307971,0.014330688762681062,14.253975715653269,13.392397467413081,0.8615782482401872,-0.0046327017461603726,0.07587912469182867,0.46651286714341866,0.021143872201032848,0.0329810910840099,19.25,1897.6500244140625
2024-12-04,1882.0,1911.0,1877.5999755859375,1897.6500244140625,1762.8935546875,3730643,0.003649358410187764,1858.335009765625,1833.13400390625,1861.1777063085776,1834.797274313238,54.767404751400925,0.014330023044192926,15.735170882000375,13.86095215033054,1.8742187316698349,0.0034901115335510546,0.07640606765532354,0.26263534607168104,0.021156042609021233,0.035194383154932736,6.9000244140625,1924.0
2024-12-05,1885.0,1938.0999755859375,1884.0,1924.0,1787.37255859375,3881814,0.013885582297543886,1865.8575073242187,1836.5580029296875,1867.1607818982368,1838.2954204186012,60.64307153094143,0.014501548436494198,18.818325593178997,14.852426838900232,3.965898754278765,0.045140949798394114,0.08482983114645393,0.04052143290044108,0.031161271666003097,0.04761188970390509,26.3499755859375,1922.699951171875
2024-12-06,1926.0,1939.3499755859375,1915.300048828125,1922.699951171875,1786.1649169921875,2250408,-0.0006757010541190711,1870.0725036621093,1839.5000024414062,1872.4502265909641,1841.605402016769,61.639579562980856,0.012356409395612812,20.915741194357906,16.065089709991767,4.850651484366139,0.040393874825569,0.04585505093467379,-0.4202689773389452,0.028141928939496675,0.045229654047319844,-1.300048828125,1909.9000244140625
2024-12-09,1915.0,1926.050048828125,1901.0,1909.9000244140625,1774.2738037109375,1379520,-0.006657266907408532,1873.9700073242188,1842.0500024414061,1876.0168740026877,1844.2836225029373,64.25580577303664,0.012454206806203603,21.299582722357854,17.111988312464987,4.187594409892867,0.020518313873397087,0.042550329059112046,-0.3869911589365128,0.01917320818871961,0.03683397404127448,-12.7999267578125,1936.3499755859375
2024-12-10,1916.449951171875,1942.800048828125,1912.199951171875,1936.3499755859375,1798.845458984375,2695207,0.013848866869348164,1878.9125061035156,1845.1000024414063,1881.7628836772828,1847.8940677218784,71.07752018247885,0.012726017400607649,23.46755059165457,18.383100768302903,5.084449823351669,0.024117400812343037,0.05379590508078236,0.9537281083275342,0.0305695285415581,0.04945529945465866,26.449951171875,1930.9000244140625
2024-12-11,1926.25,1934.800048828125,1916.0,1930.9000244140625,1793.7825927734375,1387117,-0.002814548630459157,1882.0925048828126,1847.5500024414061,1886.4426113665,1851.1492032784347,67.88349042924773,0.012368572960110282,24.463910502986437,19.59926271523961,4.864647787746826,0.017521671315692933,0.034059858578085134,-0.4853393449927965,0.025932582699642003,0.045113811189150615,-5.449951171875,1936.199951171875
2024-12-12,1924.949951171875,1949.0,1921.5,1936.199951171875,1798.7060546875,2306173,0.002744796048889553,1885.2600036621093,1850.352001953125,1891.1814056336784,1854.4845267252363,59.10402967320315,0.012367493402139218,25.388529542368133,20.757116080665316,4.631413461702817,0.006340930962513092,0.033825440591480405,0.6625655946830729,0.02702011786746395,0.0463954691475643,5.2999267578125,1968.800048828125
2024-12-13,1939.0,1975.0,1912.3499755859375,1968.800048828125,1828.9910888671875,2569918,0.01683715446667522,1890.4625061035156,1853.3980029296874,1898.573657366483,1858.9674883763298,66.50965688570665,0.012721752267935071,28.42419578748354,22.290532022028962,6.133663765454578,0.023976750833198057,0.05579839057682001,0.11436479396818888,0.041438294846732025,0.06226511829408483,32.60009765625,1954.4000244140625
2024-12-16,1970.8499755859375,1980.0,1950.25,1954.4000244140625,1815.61376953125,1371189,-0.007314112178447796,1895.235009765625,1856.9150024414062,1903.8904542281573,1862.7099407699666,61.42470158744849,0.01285845041795235,29.32992442185173,23.698410501993514,5.6315139198582145,0.023299648898455816,0.05134623080197298,-0.46644640023533823,0.03121777211985666,0.05249837598623872,-14.4000244140625,1950.5999755859375
2024-12-17,1945.300048828125,1963.199951171875,1938.0,1950.5999755859375,1812.0836181640625,1987909,-0.0019443557002943868,1901.0150085449218,1860.3950024414062,1908.3389800717555,1866.1566088019656,62.65135605167462,0.012389958436334331,29.402158922068793,24.83916018600857,4.562998736060223,0.007359206847764144,0.06299726189969346,0.4497702359047513,0.026083416921031638,0.048487000355384134,-3.800048828125,1960.3499755859375
2024-12-18,1949.0,1971.949951171875,1946.75,1960.3499755859375,1821.1412353515625,3460812,0.004998462074250476,1908.0050048828125,1864.0630029296874,1913.2924082159632,1869.8504663229057,80.63605567835293,0.012119501594616448,29.90146334335509,25.851620817477876,4.049842525877214,0.015251929566271416,0.07678993875933315,0.740930797134074,0.027434399055121957,0.05165435530071622,9.75,1934.25
2024-12-19,1910.0,1946.199951171875,1910.0,1934.25,1796.8948974609375,1916115,-0.013313936751592759,1912.9000061035156,1866.95900390625,1915.2883693382526,1872.3759382318115,70.14960040359122,0.012637854431858588,27.869849514506086,26.25526655688352,1.6145829576225665,-0.0010071021697396487,0.05331229107503033,-0.4463394717771436,0.01116106112622861,0.03604310322452534,-26.0999755859375,1911.3499755859375
2024-12-20,1954.5999755859375,1957.6500244140625,1896.4000244140625,1911.3499755859375,1775.6207275390625,3786921,-0.011839226787676127,1913.5475036621094,1868.9920043945312,1914.9132842189842,1873.904331853542,59.339109478802335,0.010694575795234909,24.133741581214736,25.830961561749767,-1.6972199805350314,-0.02918024777395911,0.00682150811490434,0.9763537157216555,-0.001148405290156808,0.0226635379347855,-22.9000244140625,1903.0
2024-12-23,1918.5,1939.4000244140625,1899.1500244140625,1903.0,1767.8636474609375,2058339,-0.004368627249113688,1914.1125061035157,1870.87900390625,1913.778685721938,1875.0453384475209,53.02543910954072,0.01071241488550613,20.265468178404944,24.717862885080805,-4.452394706675861,-0.026299643763805447,0.005973488988634257,-0.45646106691953703,-0.005805565800380755,0.017168932906234856,-8.3499755859375,1896.949951171875
2024-12-24,1908.5999755859375,1923.6500244140625,1889.25,1896.949951171875,1762.243408203125,1310301,-0.003179216409944785,1913.9825012207032,1872.0250024414063,1912.1759490981224,1875.9043428680839,49.82637070263705,0.010701031585330182,16.52119915939147,23.07853013994294,-6.55733098055147,-0.027504370493979247,-0.0013687966041505684,-0.3634182707513194,-0.008899010329491058,0.013314431536952111,-6.050048828125,1900.75
2024-12-26,1905.5999755859375,1908.9000244140625,1886.300048828125,1900.75,1765.7734375,1065107,0.002003241480239115,1914.4674987792969,1872.922001953125,1911.08776346973,1876.8786823634532,43.507401938125604,0.010656851469819721,13.702517080534335,21.203327528061223,-7.500810447526888,-0.030402722130329463,0.005129399498382314,-0.18712799578112205,-0.0071651771513715585,0.014858065641738125,3.800048828125,1892.0
2024-12-27,1900.0,1902.9000244140625,1882.699951171875,1892.0,1757.6448974609375,1328546,-0.004603446008154655,1917.0224975585938,1873.3600024414063,1909.2698812345175,1877.4716752119452,41.76945008796917,0.00869995940473433,10.63998819162316,19.09065966077361,-8.45067146915045,-0.021843091637585577,0.02775814813854538,0.24733571368885943,-0.013052792854784443,0.009950034982225306,-8.75,1928.949951171875
2024-12-30,1888.0,1968.949951171875,1865.6500244140625,1928.949951171875,1791.9708251953125,6262203,0.019529572500990966,1921.0674926757813,1874.6340014648438,1911.144173609504,1879.4904311319426,54.52170058152169,0.00959217678566619,11.066891996738377,17.485906127966565,-6.419014131228188,0.009208138651082054,0.04377581786545748,3.7135763458698454,0.004103165831573429,0.028974162244250666,36.949951171875,1917.4000244140625
2024-12-31,1915.199951171875,1927.800048828125,1878.550048828125,1917.4000244140625,1781.2412109375,1968650,-0.005987675704491768,1923.3624938964845,1875.6260009765624,1911.7399689242238,1880.9770818488885,45.15965487308429,0.009423708197697523,10.353880683920579,16.059501039157368,-5.705620355236789,0.007567012303763887,0.02452579450390724,-0.6856298015251182,-0.003100023787165971,0.02227204326222288,-11.5499267578125,1911.949951171875
2025-01-01,1917.4000244140625,1936.949951171875,1907.9000244140625,1911.949951171875,1776.1781005859375,880695,-0.0028424288999646663,1924.4224914550782,1876.7110009765624,1911.759967233524,1882.1917041752802,45.159626711399774,0.009216444212931572,9.242496967277475,14.69610022478139,-5.453603257503914,0.00790743055225751,0.011212455994644932,-0.5526401341020497,-0.006481186090156629,0.018776972148069504,-5.4500732421875,1972.199951171875
2025-01-02,1911.949951171875,1976.300048828125,1910.050048828125,1972.199951171875,1832.149658203125,3487645,0.03151233114814089,1928.1499877929687,1879.2830004882812,1917.5161561800337,1885.7214393516174,57.17989069675946,0.011519986360267276,13.072694944639352,14.371419168752983,-1.2987242241136308,0.03759039914343032,0.03928539287998123,2.960105371326055,0.022845714108230525,0.049442766554825324,60.25,1946.6500244140625
2025-01-03,1980.0,1992.0999755859375,1941.0,1946.6500244140625,1808.4140625,2853344,-0.012955038733588276,1929.282489013672,1881.7610009765624,1920.2908102975603,1888.1107956285762,45.45454089993843,0.011624321668868435,13.88641492975944,14.274418320954275,-0.38800339119483596,0.028884790916523517,0.011772361961571054,-0.18187086128318675,0.009002069680977394,0.034483137552444316,-25.5499267578125,1953.050048828125
2025-01-06,1951.25,1973.4000244140625,1930.0,1953.050048828125,1814.3597412109375,1789037,0.003287711881332589,1930.7999938964845,1883.907001953125,1923.4107377766618,1890.6574330089506,49.71356345298623,0.011634330380635712,14.876238347943854,14.394782326352193,0.48145602159166145,0.012493894743929923,0.015785145070478457,-0.37300339531441007,0.011523749224143317,0.036701942719739616,6.4000244140625,1915.9000244140625
2025-01-07,1960.0,1981.0,1908.9000244140625,1915.9000244140625,1779.8477783203125,2494547,-0.01902154245169163,1931.0999938964844,1885.327001953125,1922.6954317421284,1891.6473385542492,43.55019494946561,0.012359950618556072,12.51867653317231,14.019561167716217,-1.5008846345439064,-0.0007823093673207104,0.003141525694173808,0.3943518216783666,-0.007871145735831175,0.01621629692316768,-37.1500244140625,1932.25
2025-01-08,1906.300048828125,1938.5,1894.550048828125,1932.25,1795.0367431640625,2372138,0.008533835470323048,1930.8949951171876,1886.9250024414061,1923.6053906238303,1893.239599787416,44.902035907986615,0.012106229745047858,11.833192519529575,13.58228743807889,-1.7490949185493143,0.010617458273781022,-0.0021173732215927776,-0.04907063286440383,0.0007017496478259672,0.024020561230547004,16.3499755859375,1934.800048828125
2025-01-09,1926.800048828125,1944.449951171875,1920.0,1934.800048828125,1797.4056396484375,2742139,0.0013197302772027797,1931.0899963378906,1888.1860034179688,1924.6715485480488,1894.8694213184242,50.109115001302804,0.01209159186392571,11.364703896616902,13.138770729786494,-1.7740668331695915,-0.01896354490908847,0.0020197961389771812,0.15597785626299987,0.0019212219509552118,0.02468721054269871,2.550048828125,1995.0999755859375
2025-01-10,1936.0,2002.3499755859375,1935.25,1995.0999755859375,1853.423583984375,4802079,0.031165973349202236,1934.0349975585937,1890.6530029296875,1931.3790177897524,1898.8000312896993,64.4670952026296,0.013939088889826881,15.678392678187492,13.646695119466695,2.031697558720797,0.024888886324833104,0.030420424490979592,0.7512164773558161,0.031573874363405266,0.05524386150943759,60.2999267578125,1989.4000244140625
2025-01-13,1994.9000244140625,2012.199951171875,1965.4000244140625,1989.4000244140625,1848.128173828125,5694121,-0.0028569752100773282,1935.0649963378905,1893.6650024414062,1936.9048279444485,1902.352972196537,65.06276960925146,0.013493875731843701,18.424695274787837,14.602295150530924,3.8224001242569123,0.018611901731728997,0.0104632136707834,0.18576162532936258,0.02807917469387384,0.050555416005064274,-5.699951171875,1813.550048828125
2025-01-14,1936.0999755859375,1939.0,1797.75,1813.550048828125,1684.765869140625,15819311,-0.08839347211616255,1928.0224975585938,1894.6150024414062,1925.156753742894,1898.8705046134621,40.86728765881042,0.024049431947576538,6.338470535641591,12.949530227553058,-6.611059691911468,-0.053421355123808745,-0.07206814051701871,1.778183147144221,-0.0593729839124919,-0.04278703246243732,-175.8499755859375,1825.699951171875
2025-01-15,1836.0,1843.550048828125,1812.550048828125,1825.699951171875,1696.0528564453125,3350594,0.0066995131188141155,1921.7774963378906,1895.9810009765624,1915.6846773075588,1896.0010711451646,41.92922936683549,0.024155308195602482,-2.233804164594403,9.912863349123567,-12.14666751371797,-0.05514299331252426,-0.06403159334427044,-0.788195958724119,-0.04999410459800862,-0.037068435690277374,12.14990234375,1792.25
2025-01-16,1833.0,1837.949951171875,1785.300048828125,1792.25,1664.9783935546875,5362008,-0.018321713351859503,1913.3724975585938,1896.567001953125,1903.928993754458,1891.9324016884914,39.81414585623789,0.024310449976310954,-11.592889517070262,5.6117127758848016,-17.204602292955062,-0.07367688920333915,-0.08574998223758157,0.6003156455243459,-0.06330314547383871,-0.05500306703939129,-33.449951171875,1788.9000244140625
2025-01-17,1773.0,1793.0999755859375,1750.050048828125,1788.9000244140625,1678.7261962890625,2424374,-0.0018691452564862931,1906.104998779297,1896.8740014648438,1892.9738538172774,1887.8919163051805,34.64532132178111,0.024218696121974314,-19.06062806484465,0.6772446077389112,-19.73787267258356,-0.10335319216838568,-0.07514539257383357,-0.547860801401266,-0.06148925397094837,-0.05692206069955061,-3.3499755859375,1796.199951171875
2025-01-20,1790.0999755859375,1799.0,1762.5999755859375,1796.199951171875,1685.57666015625,3401004,0.004080678997253395,1900.3474975585937,1896.03,1883.7572916605723,1884.2961529666195,36.586967863711294,0.024195576434206723,-24.111874900057728,-4.280579293820416,-19.831295606237312,-0.0971147435765668,-0.060245389847436215,0.4028380109669547,-0.05480447471871258,-0.052652146236148674,7.2999267578125,1802.4000244140625
2025-01-21,1791.4000244140625,1820.75,1791.4000244140625,1802.4000244140625,1691.3948974609375,4005357,0.0034517723030458303,1895.3174987792968,1895.4390014648438,1876.0089804942381,1881.0845400822056,37.89636464616848,0.024232282902235083,-27.300032533397143,-8.884469941735762,-18.41556259166138,-0.006148175740320672,-0.05286388627742378,0.17769840905803114,-0.049024754124350645,-0.04908571416905447,6.2000732421875,1827.699951171875
2025-01-22,1808.199951171875,1831.449951171875,1804.050048828125,1827.699951171875,1715.1365966796875,3009261,0.014036798943140916,1891.854998779297,1895.2430004882813,1871.408120558775,1878.9910267916046,32.69873860559092,0.024508191026300682,-27.468537575608025,-12.601283468510216,-14.867254107097809,0.0010954702598946486,-0.03650597104958919,-0.24869094065772412,-0.03391118645393934,-0.035638200114183144,25.2999267578125,1807.0
2025-01-23,1817.050048828125,1828.949951171875,1804.199951171875,1807.0,1695.7115478515625,3750930,-0.011325683495588379,1887.167498779297,1894.0369995117187,1865.2740138388915,1876.1678492703652,33.08296204504555,0.024587251333739367,-28.938803584491325,-15.868787491706438,-13.070016092784886,0.008229878644162358,-0.04932263580165719,0.246462171277267,-0.04248033035284509,-0.0459531675115939,-20.699951171875,1792.8499755859375
2025-01-24,1800.0,1829.4000244140625,1791.0999755859375,1792.8499755859375,1682.432861328125,3171259,-0.007830672060908928,1882.2099975585938,1892.4369995117188,1858.376486386229,1872.9004816748975,30.951223215268072,0.024614236715918843,-30.88971133861878,-18.872972261088908,-12.016739077529873,0.0022080334943082036,-0.05240487548311967,-0.15454060726273222,-0.04747611695218112,-0.052623693127684806,-14.1500244140625,1711.949951171875
2025-01-27,1775.0,1779.75,1707.300048828125,1711.949951171875,1606.5152587890625,4174844,-0.04512369998366583,1871.3599975585937,1889.3809985351563,1844.4311020801001,1866.588696164975,28.034438974392955,0.025800998803218254,-38.51974401846019,-22.802326612563164,-15.717417405897024,-0.04690457760286304,-0.11249643873246595,0.3164626414934888,-0.08518406217653877,-0.0939096177535628,-80.9000244140625,1693.25
2025-01-28,1711.949951171875,1730.5,1691.0,1693.25,1588.9669189453125,5079829,-0.010923188005043216,1860.1524963378906,1886.0669995117187,1830.0329018819955,1859.791100236937,24.389177016228615,0.025828269196732815,-45.550452405055694,-27.35195177106167,-18.198500633994023,-0.06055815742098969,-0.1169031091895184,0.21677097395735023,-0.08972516859046449,-0.10223231707125824,-18.699951171875,1719.0
2025-01-29,1696.0,1724.0999755859375,1696.0,1719.0,1613.1309814453125,3733620,0.015207441311088088,1850.5049987792968,1883.7469995117187,1819.458339797996,1854.2698806198023,27.970575495496746,0.026251464140354223,-48.485617637800715,-31.57868494440948,-16.906932693391234,-0.05947363028717012,-0.10091788807212854,-0.2650106922890515,-0.07106438451452188,-0.08745707335136958,25.75,1713.0999755859375
2025-01-30,1722.0,1732.949951171875,1697.8499755859375,1713.0999755859375,1607.594482421875,2543744,-0.003432242242037531,1837.55,1881.597998046875,1809.3289717777998,1848.7338059125918,17.615959878815545,0.024819619739081273,-50.70336308522906,-35.4036205725734,-15.299742512655655,-0.05196459569123546,-0.1313761190552617,-0.31869231469726433,-0.06772606155699842,-0.08955048986863341,-5.9000244140625,1725.449951171875
2025-01-31,1709.050048828125,1738.199951171875,1709.050048828125,1725.449951171875,1619.1839599609375,2033832,0.007209138848836449,1826.4899963378907,1879.3799975585937,1801.3404936248546,1843.8991449423677,20.14475028242846,0.024961876355845302,-50.8779135960433,-38.498479177267384,-12.379434418775915,-0.03759378940339664,-0.11363114605501223,-0.20045727871987118,-0.05531924366878594,-0.08190469547759438,12.3499755859375,1694.0
2025-02-01,1726.0,1731.949951171875,1688.0,1694.0,1589.6708984375,569018,-0.018227101371740773,1813.5374938964844,1875.2919970703124,1791.1175894701064,1838.0207471014905,29.91765729720065,0.02501745453878525,-52.943692424824576,-41.38752182677882,-11.556170598045753,-0.010485091085511988,-0.13263871501068858,-0.7202236959591549,-0.06591399091487851,-0.09667400988941298,-31.449951171875,1692.0
2025-02-03,1665.0,1700.5999755859375,1661.5,1692.0,1587.7939453125,2659929,-0.0011806375442738881,1802.3424926757812,1871.297998046875,1781.677819044382,1832.294443293589,26.747814833402543,0.024875698215646305,-54.11837734851542,-43.933692931126146,-10.184684417389278,-0.0007382253063634714,-0.11686414821281588,3.6745955312485723,-0.06122171181347739,-0.09581477575138388,-2.0,1732.550048828125
2025-02-04,1695.0999755859375,1735.9000244140625,1692.050048828125,1732.550048828125,1625.8466796875,3647768,0.02396574989841893,1792.3574951171875,1867.957998046875,1776.998983785691,1828.3828984125903,39.867620356995765,0.025576085703945182,-51.18721916456502,-45.38439817781392,-5.802820986751101,0.007882518224621826,-0.10335099038523743,0.371377957832709,-0.03336803425209107,-0.0724898254459317,40.550048828125,1712.8499755859375
2025-02-05,1730.0,1746.800048828125,1710.0,1712.8499755859375,1607.3599853515625,2681942,-0.011370565170981561,1781.259991455078,1864.3939965820311,1770.8895544333336,1823.852195556643,37.771336103846345,0.025565396664218972,-49.87891339116527,-46.28330122048419,-3.595612170681079,-0.00014593427328402075,-0.1147147341538568,-0.2647717727662505,-0.03840540751901002,-0.08128325947944334,-19.7000732421875,1723.5
2025-02-06,1723.8499755859375,1728.449951171875,1712.8499755859375,1723.5,1617.35400390625,2057798,0.006217721671986753,1767.6799926757812,1862.04599609375,1766.3762635349208,1819.9168153387354,38.434626172834136,0.024243742828317462,-47.43589223776553,-46.51381942394046,-0.9220728138250678,-0.001130111696691416,-0.13613351657035222,-0.23272091641057113,-0.024993207401134237,-0.07440524905635822,10.6500244140625,1725.6500244140625
2025-02-07,1723.1500244140625,1731.0,1700.6500244140625,1725.6500244140625,1619.37158203125,2428098,0.0012474757261748959,1754.4924926757812,1859.5979956054687,1762.4975740948391,1816.2200784397287,37.63094278807414,0.024297964507279328,-44.80975243796547,-46.17300602674546,1.3632535887799904,0.018683603550214034,-0.13257765997951176,0.17994963548414367,-0.016439208706861448,-0.07203060635037623,2.1500244140625,1733.8499755859375
2025-02-10,1723.949951171875,1740.0,1712.0999755859375,1733.8499755859375,1627.066650390625,1823071,0.004751804280047622,1750.5074890136718,1856.8449951171874,1759.7692313797058,1812.9898783278154,33.9928419290564,0.014970984514562004,-41.58745589235491,-45.25589599986735,3.6684401075124384,0.024734028124076435,-0.043946994070380274,-0.24917733962961952,-0.009515819573625503,-0.06623871128429197,8.199951171875,1723.199951171875
2025-02-11,1742.800048828125,1749.0,1715.0,1723.199951171875,1617.072509765625,1702553,-0.006142414028908916,1745.3824890136718,1853.493994140625,1756.2864427884838,1809.468704713857,35.19957260313666,0.014846929894035915,-39.43850805754414,-44.09241841140271,4.653910353858571,-0.0053967258623058845,-0.05614285081960346,-0.06610713460967788,-0.012709270306895505,-0.07029644734789718,-10.6500244140625,1717.300048828125
2025-02-12,1723.9000244140625,1742.4000244140625,1699.1500244140625,1717.300048828125,1611.5357666015625,2214307,-0.0034238060068059184,1741.634991455078,1849.8869946289062,1752.5734528874973,1805.854247620299,36.256151815776626,0.014392862648009895,-37.77606526216459,-42.829147781555086,5.053082519390493,0.0025980519634623,-0.041818915425791636,0.3005803637243598,-0.013972469975825443,-0.0716729974240284,-5.89990234375,1703.0999755859375
2025-02-13,1712.0,1729.949951171875,1700.25,1703.0999755859375,1598.2103271484375,1838463,-0.008268836451659989,1737.344989013672,1845.468994140625,1747.8616931444915,1801.824668324834,47.87413534760566,0.014459986984390796,-37.17585449579224,-41.69848912440252,4.522634628610284,-0.011836393625797803,-0.047962461656418154,-0.16973436835994282,-0.019711118772775264,-0.07714516960550948,-14.2000732421875,1711.25
2025-02-14,1711.0,1723.4000244140625,1699.949951171875,1711.25,1605.8585205078125,1460459,0.004785405748866101,1733.0974914550782,1841.2399951171874,1744.3748652259683,1798.2727205473896,54.55465361948182,0.014477340653364193,-35.631803036164456,-40.48515190675491,4.853348870590452,-0.00834469574382668,-0.04729426204273757,-0.2056087068382665,-0.012606037203790192,-0.07059915896999297,8.1500244140625,1709.9000244140625
2025-02-17,1711.25,1720.1500244140625,1694.0999755859375,1709.9000244140625,1604.591552734375,1127023,-0.0007888827383126795,1728.4724914550782,1837.2399951171874,1741.091547053406,1794.8071246205923,47.37298737362168,0.014419315692786575,-34.12370603577688,-39.2128627325593,5.089156696782425,-0.013813162331868578,-0.051320460911595145,-0.22830904530698914,-0.010745017425982191,-0.06931047170840769,-1.3499755859375,1725.5
2025-02-18,1706.0,1728.5,1701.25,1725.5,1619.2308349609375,1511900,0.009123326137902898,1723.3624938964845,1833.0229956054689,1739.6066378102244,1792.0891981648829,53.389836730144545,0.01416174006516934,-31.308831917098814,-37.6320565694672,6.323224652368388,0.0013347544645418985,-0.055917247853701,0.34149879816117323,0.0012403113744704284,-0.05865883617567643,15.5999755859375,1712.300048828125
2025-02-19,1723.199951171875,1731.5999755859375,1703.449951171875,1712.300048828125,1606.84375,1294110,-0.007649928236380776,1718.6274963378905,1828.65099609375,1737.0060102881196,1788.9602119163826,46.421795280612244,0.014068495663286008,-29.79963796412926,-36.06557284839961,6.265934884270351,-0.002911547113395807,-0.05240727790363864,-0.1440505324426219,-0.0036816864173581957,-0.06362665566812187,-13.199951171875,1687.550048828125
2025-02-20,1705.199951171875,1714.550048828125,1683.550048828125,1687.550048828125,1583.6182861328125,1681532,-0.014454242419100871,1713.3625,1823.677998046875,1732.295918720501,1784.9833427756666,48.17849494689029,0.014274738723450848,-30.251983009932246,-34.902854880706144,4.650871870773898,-0.009130366379379806,-0.058733261673720616,0.29937331447867654,-0.015065376516571919,-0.07464472860041109,-24.75,1700.699951171875
2025-02-21,1690.0,1704.1500244140625,1685.1500244140625,1700.699951171875,1595.9581298828125,1222563,0.00779230361368044,1712.8,1818.31599609375,1729.2867789539653,1781.6781117323808,52.31135850931483,0.010426689255133723,-29.212637397200297,-33.76481138400498,4.552173986804682,-0.006165112536522965,-0.006571453792968085,-0.2729469317265446,-0.00706448436952648,-0.0646840511630251,13.14990234375,1644.050048828125
2025-02-24,1685.0,1690.0,1637.5999755859375,1644.050048828125,1542.7972412109375,4455420,-0.03330975714129647,1710.3400024414063,1812.1089965820313,1721.1689951324568,1776.280932794959,28.34065477072508,0.012603919293295041,-32.58450825912291,-33.52875075902857,0.9442424999056556,-0.038511009208566205,-0.0290565192215414,2.6443275315873294,-0.03875834835100417,-0.09274218497391502,-56.64990234375,1636.0999755859375
2025-02-25,1636.0,1651.949951171875,1631.25,1636.0999755859375,1535.3367919921875,1951519,-0.00483566376087774,1706.195001220703,1805.8189965820313,1713.067183747074,1770.7836403553895,30.070091443467845,0.01199634013648568,-35.489147873862294,-33.92083018199531,-1.5683176918669801,-0.05181108340426688,-0.04822572682609805,-0.5619898909642638,-0.04108265795211908,-0.09398451412756757,-7.9500732421875,1629.199951171875
2025-02-27,1620.0,1660.0,1615.199951171875,1629.199951171875,1528.8616943359375,2266866,-0.004217361113028173,1702.0,1799.19599609375,1705.0798282637218,1765.231338818781,25.026444284672394,0.012001180881060607,-37.910857236117636,-34.71883559281978,-3.1920216432978563,-0.04853127097270282,-0.048975556365509765,0.16159053537270207,-0.042773236679274386,-0.09448445043839294,-6.9000244140625,1575.050048828125
2025-02-28,1612.0,1614.949951171875,1562.449951171875,1575.050048828125,1478.0467529296875,4910121,-0.033237112672879876,1694.4800048828124,1792.0119970703124,1692.6960397460457,1757.7732490152262,18.7291997337566,0.01359217226807454,-43.69582564438201,-36.514233603132226,-7.181592041249786,-0.06666468948765258,-0.08716561279659418,1.1660393688907944,-0.07048177358867506,-0.1210717052100598,-54.14990234375,1572.4000244140625
2025-03-03,1575.050048828125,1603.4000244140625,1568.449951171875,1572.4000244140625,1475.559814453125,1784684,-0.0016825017186178348,1688.4000061035156,1785.232998046875,1681.239276381095,1750.5037107955727,15.68541578670441,0.013208307356049505,-47.941648132384444,-38.79971650898267,-9.141931623401774,-0.07543948400151768,-0.07178274827977416,-0.6365295274800764,-0.06870408746157108,-0.11921859716107723,-2.6500244140625,1535.5
2025-03-04,1560.0,1560.0,1523.0,1535.5,1440.9324951171875,3246644,-0.02346732627901915,1680.5750061035155,1777.882998046875,1667.359345297181,1742.0721927251582,14.11087449106202,0.013911827477625663,-53.6653953553614,-41.77285227825842,-11.892543077102978,-0.06602600018503035,-0.09249408983451535,0.8191702284550093,-0.08632462435573053,-0.1363323673791521,-36.9000244140625,1572.949951171875
2025-03-05,1532.0,1581.4000244140625,1531.050048828125,1572.949951171875,1476.075927734375,3112003,0.024389417891159226,1672.5950012207031,1771.402998046875,1658.3679744281044,1735.4399479583628,25.3710640056251,0.013958096764249353,-54.5507807459162,-44.32843797178998,-10.222342774126219,-0.03859790071291125,-0.09211860734655342,-0.04147082341026609,-0.05957512127927238,-0.1120315631698781,37.449951171875,1585.449951171875
2025-03-06,1580.0,1594.699951171875,1575.1500244140625,1585.449951171875,1487.80615234375,2011489,0.007946851704141888,1666.225,1765.0969970703125,1651.423400784654,1729.5579873000693,29.809484664627888,0.014141343065849838,-53.625646442266316,-46.18787966588525,-7.437766776381068,-0.02685367131795635,-0.07437897435849927,-0.35363526320508043,-0.04847787593399746,-0.10177743557244363,12.5,1557.949951171875
2025-03-07,1582.6500244140625,1587.0,1555.5999755859375,1557.949951171875,1461.9998779296875,2091986,-0.017345233748737088,1657.9474975585938,1758.41599609375,1642.521167488199,1722.8282603930813,25.329869105298812,0.014247366625617383,-54.48343983465179,-47.84699169963856,-6.636448135013232,-0.01085685986230911,-0.09605456851066141,0.040018613077178244,-0.06031406093013797,-0.11400376552943228,-27.5,1549.300048828125
2025-03-10,1557.0,1572.449951171875,1547.0,1549.300048828125,1453.8824462890625,1855766,-0.005552105404441066,1649.1299987792968,1750.822998046875,1633.6429657110489,1716.0232324885735,24.748402431735542,0.014172896583426171,-55.22462698334766,-49.32251875638038,-5.902108226967279,-0.0146909025866655,-0.1021933608153347,-0.11291662563707405,-0.06053491842672618,-0.11510184035939572,-8.64990234375,1567.8499755859375
2025-03-11,1529.949951171875,1573.949951171875,1522.5999755859375,1567.8499755859375,1471.2900390625,1846190,0.011973101512417372,1640.8299987792968,1743.8319970703126,1627.3769666515145,1710.2125165316074,25.44006414072011,0.014529396602330739,-53.69622244984157,-50.19725949507262,-3.498962954768949,0.0210680401080674,-0.09574069402625329,-0.00516013333577614,-0.044477504218994754,-0.10091684392764319,18.5499267578125,1540.5999755859375
2025-03-12,1556.0,1565.0,1507.0999755859375,1540.5999755859375,1445.71826171875,3113860,-0.017380489475605665,1631.7,1736.4049975585938,1619.1124913119359,1703.5610443376595,24.373095382202564,0.014794128154329888,-54.06062092131265,-50.96993178032063,-3.090689140992019,-0.02056643668912428,-0.10596563414579896,0.6866411366110747,-0.055831356507974834,-0.11276460402265628,-27.25,1534.75
2025-03-13,1540.5999755859375,1547.949951171875,1529.1500244140625,1534.75,1440.2286376953125,1983351,-0.003797206074673931,1622.5724975585938,1727.6559985351562,1611.0779683298467,1696.9410033832417,25.830395815697926,0.014791631904023595,-54.1967075662576,-51.615286937508024,-2.5814206287495765,-0.03197827287729926,-0.10630061354315812,-0.36305710597136676,-0.054125469087351136,-0.11165764405571317,-5.8499755859375,1545.1500244140625
2025-03-17,1528.0,1547.550048828125,1519.050048828125,1545.1500244140625,1449.9881591796875,2029100,0.006776363846921374,1614.675,1719.6259985351562,1604.7991165283436,1690.9884159726857,25.179502142806214,0.015024093138846225,-52.856070282784685,-51.863443606563365,-0.9926266762213203,-0.008215878018536182,-0.09274261842293408,0.023066517222619654,-0.04305818544656817,-0.10146158191939357,10.4000244140625,1545.1500244140625
2025-03-18,1545.1500244140625,1545.1500244140625,1545.1500244140625,1545.1500244140625,1449.9881591796875,0,0.0,1606.3700012207032,1711.467998046875,1599.118250612698,1685.2692633625438,30.73625043689978,0.014901908479058302,-51.203365057467636,-51.73142789674422,0.5280628392765863,-0.0026786447319882,-0.09706353576972238,-1.0,-0.038110757023673746,-0.09717854720194262,0.0,1544.449951171875
2025-03-19,1558.5,1561.3499755859375,1525.0999755859375,1544.449951171875,1449.3310546875,4522829,-0.0004530778443038175,1598.0974975585937,1704.0389965820314,1593.911745904048,1679.7469373942824,31.62956760801235,0.014907074411021288,-49.38084270302102,-51.26131085799958,1.8804681549785656,-0.014924912956239655,-0.09676008589969043,inf,-0.033569632934583635,-0.09365339979323287,-0.7000732421875,1562.0
2025-03-20,1547.8499755859375,1582.0999755859375,1547.050048828125,1562.0,1465.8004150390625,4608677,0.011363300451923797,1589.9224975585937,1696.6339965820312,1590.8725320084245,1675.1294104376439,37.08189369129381,0.015026461105716473,-45.990192032159484,-50.207087092831564,4.21689506067208,0.013890708005446673,-0.09475514343668501,0.018981040406347516,-0.01756217526418433,-0.0793535888431207,17.550048828125,1566.699951171875
2025-03-21,1535.0999755859375,1592.050048828125,1521.5,1566.699951171875,1470.2109375,8109210,0.003008931608114551,1582.6424926757813,1689.2719946289062,1588.5703814525625,1670.8772747801627,48.018015303272286,0.015110973203441376,-42.43466970900272,-48.6526036160658,6.2179339070630775,0.020817690941114186,-0.08503188314214949,0.759552687246253,-0.010073368797871848,-0.0725590928203113,4.699951171875,1604.1500244140625
2025-03-24,1591.0,1610.9000244140625,1560.0,1604.1500244140625,1505.3543701171875,2487843,0.02390379422312172,1578.4724914550782,1681.4529956054687,1590.0541569727054,1668.260519863845,56.46771365168601,0.016155682151488125,-36.17794786146601,-46.15767246514584,9.979724603679834,0.038183994478059535,-0.04942077094067665,-0.6932077230704348,0.01626733002823134,-0.04597391148812365,37.4500732421875,1624.9000244140625
2025-03-25,1622.0,1658.949951171875,1618.949951171875,1624.9000244140625,1524.82666015625,4906013,0.012935199129881392,1574.6824951171875,1674.1629956054687,1593.3728110147395,1666.560108277579,69.49412406670481,0.016366110225446352,-29.20840284859287,-42.767818541835254,13.559415693242386,0.05161311118008882,-0.04456984120307772,0.9719946154158441,0.03189057441902777,-0.029425433079525238,20.75,1633.4000244140625
2025-03-26,1624.9000244140625,1644.949951171875,1622.0,1633.4000244140625,1532.8031005859375,3096513,0.00523109106547337,1574.1499938964844,1670.5599951171876,1597.1849265765795,1665.259712831951,65.08611944308879,0.014686815060160324,-22.737011139377955,-38.7616570613438,16.024645921965842,0.057593367253302885,-0.006477919830758072,-0.3688331033774268,0.03763938045758706,-0.022244020455259573,8.5,1630.1500244140625
2025-03-27,1625.6500244140625,1645.0,1613.550048828125,1630.1500244140625,1529.7530517578125,3383080,-0.0019897146757823503,1573.8524963378907,1666.6489965820313,1600.3244597039588,1663.8828623057593,61.69546806720703,0.01465351072317431,-17.66698047102568,-34.542721743280175,16.875741272254494,0.04362997721770956,-0.003636667233458124,0.09254506601457835,0.03577052373533568,-0.02189961548161668,-3.25,1592.5
2025-03-28,1616.0999755859375,1625.550048828125,1581.5999755859375,1592.5,1494.4219970703125,2211077,-0.023096048737965336,1572.0174987792968,1662.6539965820311,1599.5792730654866,1661.0835343722001,58.583863062888206,0.015516703791889418,-16.496821861090666,-30.933541766842275,14.436719905751609,0.016467766408511553,-0.0225263640263903,-0.34643076722986155,0.013029435891526808,-0.04219398427228327,-37.6500244140625,1530.3499755859375
2025-04-01,1577.0,1585.0,1526.0999755859375,1530.3499755859375,1436.099609375,4126827,-0.03902670292876764,1569.7824951171874,1657.4829956054687,1592.9860066388628,1655.956728145288,46.28065472782047,0.01618875967655993,-20.349869662849414,-28.816807346043706,8.466937683194292,-0.046005702524663517,-0.02838009704862743,0.8664329645688504,-0.025119734519849002,-0.07670245809857629,-62.1500244140625,1527.550048828125
2025-04-02,1515.0,1538.550048828125,1506.4000244140625,1527.550048828125,1433.4720458984375,3167863,-0.0018295989822462166,1567.5399963378907,1652.1099975585937,1586.7540106568879,1650.9211720936346,41.5690572856786,0.016188969740475987,-23.36008794219697,-27.725463465274363,4.365375523077393,-0.05991136323666546,-0.02852326055047627,-0.23237320100891068,-0.02551127729001541,-0.0753944646025611,-2.7999267578125,1470.0999755859375
2025-04-03,1500.0,1500.0,1465.0,1470.0999755859375,1379.5601806640625,3966161,-0.037609290305257725,1564.2699951171876,1645.4639965820313,1575.6441025548927,1643.8301447796073,36.90565585991489,0.017465706983334855,-30.035221064228153,-28.18741498506512,-1.847806079163032,-0.09997553960286265,-0.042592005479689,0.25199890273032644,-0.06020061742870375,-0.10657420725118333,-57.4500732421875,1422.0999755859375
2025-04-04,1449.0,1456.199951171875,1419.0999755859375,1422.0999755859375,1334.5164794921875,4421312,-0.03265084062114121,1556.7274963378907,1637.3519970703126,1561.020852367373,1635.1348440269144,31.90943553645228,0.017581711928429375,-38.75180432434718,-30.300292852921533,-8.451511471425643,-0.12762632010075636,-0.09590259084438868,0.11475857888774565,-0.08648110929411632,-0.1314634983006232,-48.0,1374.0999755859375
2025-04-07,1345.0,1383.75,1302.75,1374.0999755859375,1289.4727783203125,6484139,-0.03375290121935548,1546.1599975585937,1628.6939965820313,1543.2188641024743,1624.898182519425,25.49076470999789,0.01843255534846851,-48.968480048664105,-34.033930292070046,-14.934549756594059,-0.13714287247350865,-0.13330599015738054,0.4665644496475254,-0.11128215853750008,-0.1563178973646268,-48.0,1403.3499755859375
2025-04-08,1380.0,1424.25,1372.0,1403.3499755859375,1316.921142578125,3938359,0.02128666073771468,1538.429998779297,1620.9039965820311,1529.8980175770898,1616.2100175416413,31.253308355518143,0.019291633911361267,-54.08161937627801,-38.04346810891164,-16.038151267366374,-0.08298755319114148,-0.09923295383760489,-0.3926165062161684,-0.08780381512356224,-0.13421770904066224,29.25,1380.0
2025-04-09,1380.6500244140625,1388.699951171875,1357.050048828125,1380.0,1295.0091552734375,3306801,-0.016638740151891374,1529.9649963378906,1614.2649975585937,1515.622015903081,1606.9468795988316,29.487350491691842,0.019465832708887226,-59.33400158139193,-42.3015748034077,-17.032426777984227,-0.09659261177158773,-0.10927518459460572,-0.16036069845334056,-0.09801857996545371,-0.14512177239356294,-23.3499755859375,1390.550048828125
2025-04-11,1360.0,1425.0,1360.0,1390.550048828125,1304.909423828125,4859622,0.007644962918931242,1521.1,1608.2109985351562,1503.7103999911806,1598.4607293725296,28.234110872112126,0.019283538912144595,-61.93134554974881,-46.22752895267593,-15.70381659707288,-0.05411191624984979,-0.11308475269870888,0.469584048148044,-0.08582601483917883,-0.1353435276249748,10.550048828125,1426.5
2025-04-15,1420.0,1428.800048828125,1406.0,1426.5,1338.6453857421875,3265147,0.02585304369459518,1515.395001220703,1602.3609985351563,1496.3570285634491,1591.7171713579207,33.5097719402025,0.020313224058326796,-60.39272895797308,-49.06056895373536,-11.332160004237714,0.0030940331127209397,-0.07406203907185038,-0.32810679513756424,-0.05866127389168836,-0.10975117261086899,35.949951171875,1431.699951171875
2025-04-16,1415.0,1436.0999755859375,1405.5,1431.699951171875,1343.525146484375,2553111,0.0036452514348930265,1510.242498779297,1596.732998046875,1490.1992116690135,1585.4419862525856,28.05140843079124,0.020378297760941296,-58.0842129711275,-50.865297757213796,-7.218915213913704,0.04191832953157282,-0.06714451788768527,-0.21807165190418687,-0.05200658018225984,-0.10335669587643559,5.199951171875,1438.0
2025-04-17,1420.0,1442.0999755859375,1384.0,1438.0,1349.43701171875,3549969,0.004400397459655148,1504.8849975585938,1590.9839990234375,1485.2278581767266,1579.6599475760138,25.30390957248619,0.02032350089363382,-55.11105024903486,-51.71444825557801,-3.396601993456848,0.024690935986652285,-0.06934603289068642,0.3904483588845138,-0.04444525506407647,-0.09615684326010862,6.300048828125,1482.0
2025-04-21,1435.0,1499.0,1430.0,1482.0,1390.7274169921875,2840104,0.030598052851182223,1501.7274963378907,1586.7439990234375,1484.9204431122764,1575.8301457102878,31.710556235362404,0.021697263940774487,-48.64363158928677,-51.10028492231977,2.456653333033003,0.07391304347826089,-0.040869833618913276,-0.19996371799303037,-0.013136535347456912,-0.06601190808845173,44.0,1479.9000244140625
2025-04-22,1490.0,1499.9000244140625,1464.5,1479.9000244140625,1388.756591796875,2608145,-0.001416987574856643,1498.5,1582.5019995117189,1484.442307998161,1572.0681801692592,31.79890975166566,0.021695047522393276,-43.18974172780054,-49.518176283415926,6.328434555615388,0.06425513102619829,-0.04179476758624279,-0.08167271339359405,-0.012412396120078412,-0.06483528938940628,-2.0999755859375,1594.0
2025-04-23,1555.0,1600.0,1543.699951171875,1594.0,1495.82958984375,13293318,0.0770997862717877,1500.1,1579.7309985351562,1494.876373903098,1572.9282515351706,50.15331154432935,0.027902777352158074,-29.322567952227473,-45.47905461717824,16.15648666495077,0.11742025937609535,0.020486555697823317,4.096847759614592,0.06259582694487041,0.00903255141418067,114.0999755859375,1586.699951171875
2025-04-24,1595.0,1603.300048828125,1576.0999755859375,1586.699951171875,1488.9791259765625,3193118,-0.004579704409112262,1501.1,1577.207998046875,1503.6214765001243,1573.4683181875903,56.486701824942145,0.02793104027988132,-18.706152872729035,-40.1244742682884,21.418321395559367,0.1082629079320212,0.01276568623432972,-0.7597952595431781,0.057024815916244816,0.006018199969030277,-7.300048828125,1578.199951171875
2025-04-25,1590.0,1618.0,1568.0999755859375,1578.199951171875,1481.0025634765625,3800415,-0.005357030479343106,1499.8024963378907,1574.3019970703126,1510.7241883736244,1573.6538724222683,55.75501610312658,0.027430062288071856,-10.853335897364332,-34.27024659410359,23.416910696739258,0.09749648899295904,-0.01617683685892546,0.1901893384459954,0.05227185247751589,0.002475988793011928,-8.5,1549.300048828125
2025-04-28,1565.0,1569.4000244140625,1537.0999755859375,1549.300048828125,1470.6558837890625,2618810,-0.018311939702121194,1496.0224975585938,1570.7749975585937,1514.3980798454818,1572.6988205166158,59.623341037262755,0.02751653403900926,-6.88256454069824,-28.79271018342252,21.91014564272428,0.04541163888537447,-0.0465259243338364,-0.3109147290493275,0.03561280084789933,-0.013671562613261929,-28.89990234375,1569.0
2025-04-29,1555.0,1580.800048828125,1548.0999755859375,1569.0,1489.3558349609375,2231069,0.01271538795004612,1492.8024963378907,1567.477998046875,1519.5982627173405,1572.5537687316505,69.16754826828594,0.027670867160504185,-2.1216214807025153,-23.458492442878523,21.336870962176008,0.06020675323741198,-0.039426976522278556,-0.14805999671606573,0.05104325846790535,0.0009709877618834126,19.699951171875,1567.5
2025-04-30,1571.0,1587.9000244140625,1554.0,1567.5,1487.9320068359375,3682256,-0.0009560229445506607,1489.6699951171875,1564.3639990234376,1524.1603329347365,1572.3555817225663,78.71994692277154,0.027671166182832673,1.5129820162251235,-18.464197551057794,19.977179567282917,-0.016624843161856973,-0.03843206053171777,0.650444697138457,0.05224647414388575,0.0020046491599909387,-1.5,1572.4000244140625
2025-05-02,1567.0,1581.0,1557.0999755859375,1572.4000244140625,1492.5833740234375,1370848,0.0031260123853669164,1488.6649963378907,1561.4659985351564,1528.754589266101,1572.3573245732132,77.06100978204371,0.02721648501239822,4.734249016749118,-13.824508237496412,18.558757254245528,-0.00901236982282072,-0.012621648719583933,-0.6277151833006722,0.05624840261721719,0.007002410484226731,4.9000244140625,1568.5999755859375
2025-05-05,1580.0,1597.699951171875,1563.300048828125,1568.5999755859375,1488.9761962890625,1012225,-0.0024167188814061547,1490.5774963378906,1558.7759985351563,1532.5493879632281,1572.2099775541044,82.2062880401498,0.02566057247021036,6.900944349768224,-9.679417720043485,16.58036206981171,-0.006082863948138617,0.02499428275245008,-0.2616066843296996,0.05234379255002549,0.006302366125737872,-3.800048828125,1579.0999755859375
2025-05-06,1576.800048828125,1583.800048828125,1565.0999755859375,1579.0999755859375,1498.9432373046875,2055057,0.006693867246859941,1493.1549926757812,1556.132998046875,1536.9827772606288,1572.4801735553526,82.20324600837208,0.025672397481756593,9.357461270511976,-5.872041921932394,15.22950319244437,0.01923444511626582,0.03374680050408796,1.030237348415619,0.05755931790854491,0.014759006825180585,10.5,1563.300048828125
2025-05-07,1552.0,1578.4000244140625,1545.0,1563.300048828125,1483.9453125,5469936,-0.010005653221512922,1497.8149963378905,1553.2009985351563,1539.4891840765808,1572.1201686640889,75.09173190371575,0.02412820986631902,9.9150520366195,-2.714623130222015,12.629675166841515,-0.0036328560687539646,0.06339709869394472,1.661695515014912,0.043720387798455294,0.00650208846278961,-15.7999267578125,1580.699951171875
2025-05-08,1561.9000244140625,1598.0,1555.800048828125,1580.699951171875,1500.4620361328125,2789018,0.01113023847008332,1505.7449951171875,1550.3049975585936,1543.4140190380376,1572.4566307232176,76.15872580451591,0.02262971191070446,11.626945250745393,0.15369054597146636,11.473254704773927,0.008421021481259894,0.11152519394467375,-0.4901187143688701,0.049779316084563166,0.019605789609881318,17.39990234375,1569.4000244140625
2025-05-09,1566.0,1577.699951171875,1557.300048828125,1569.4000244140625,1489.735595703125,2035161,-0.0071486854601565675,1515.5099975585938,1547.4469970703126,1545.8888766928972,1572.3367638091331,72.67083649426147,0.02091557797219486,11.934252668588215,2.509802970494816,9.4244496980934,-0.0019079114432842825,0.14212943184490334,-0.27029477758838416,0.035559004521436795,0.01418661019428274,-11.2999267578125,1670.300048828125
2025-05-12,1598.800048828125,1675.0,1594.0,1670.300048828125,1585.513916015625,4028207,0.06429210070372826,1528.8575012207032,1547.1019970703126,1557.737559753395,1576.1784612608585,77.15607267749327,0.02439684345198082,20.088022505699882,6.025446877535829,14.062575628164053,0.06483493231229853,0.19022344952172632,0.9793063054962237,0.09251519353143654,0.07963149940411675,100.9000244140625,1619.5999755859375
2025-05-13,1685.0,1688.0999755859375,1615.199951171875,1619.5999755859375,1537.387451171875,3118470,-0.030353871615916184,1540.8375,1545.4799975585938,1563.6292184041133,1577.881265744195,67.67012651097986,0.02533085761707255,22.20293009658758,9.26094352134618,12.9419865752414,0.02564752113619151,0.17362317071444755,-0.22584167099655006,0.051116665830068,0.04795919594199314,-50.7000732421875,1637.699951171875
2025-05-14,1630.0,1642.300048828125,1617.0,1637.699951171875,1554.568603515625,1569126,0.011175584007643291,1553.1949951171875,1545.3529956054688,1570.683573905805,1580.2270965452803,57.30036413112636,0.02533811449989355,25.050756830245746,12.418906183126094,12.631850647119652,0.04759156912936913,0.1777353519580498,-0.49682825231603955,0.05440717766947969,0.05975783903678571,18.0999755859375,1696.0
2025-05-15,1650.0,1702.5999755859375,1625.0,1696.0,1609.9091796875,4961582,0.03559873637805744,1566.6699951171875,1546.55099609375,1582.6184716290618,1584.76721040625,65.60092917060442,0.025779088722307872,31.64719754711905,16.264564455924685,15.382633091194364,0.07294240044901978,0.18892393971258326,2.162003561218156,0.08255089156356672,0.09663373809446023,58.300048828125,1659.9000244140625
2025-05-16,1691.9000244140625,1693.5,1658.0,1659.9000244140625,1575.641845703125,2586263,-0.02128536296340655,1578.0799987792968,1547.1649975585938,1589.9786195133477,1587.7135952693015,60.80975400185092,0.026639842034472182,33.574927149812765,19.726636994702304,13.848290155110462,0.057665348918156445,0.15939099044838345,-0.4787422640601324,0.05184783135079114,0.07286554894491741,-36.0999755859375,1649.5999755859375
2025-05-19,1661.0,1664.0,1638.0999755859375,1649.5999755859375,1565.864501953125,1642018,-0.0062052224089585994,1588.6599975585937,1548.65599609375,1595.6568439012133,1590.1405121444636,63.95768817195168,0.026815004639113113,33.880980041419434,22.55750560404573,11.323474437373704,-0.012393026783846794,0.14714880082471304,-0.3651001464274901,0.038359358277412804,0.06518166703696844,-10.300048828125,1638.300048828125
2025-05-20,1660.800048828125,1666.0,1636.4000244140625,1638.300048828125,1555.138427734375,2421580,-0.006850101191228974,1596.475,1549.9739965820313,1599.7181015133,1592.029121426176,59.87461785615388,0.026400890481173073,32.83323837705325,24.612652158647233,8.220586218406016,0.011546106152182656,0.10546561999198723,0.47475849838430517,0.02619837380987807,0.05698550584775511,-11.2999267578125,1652.0
2025-05-21,1645.0,1657.5,1628.4000244140625,1652.0,1568.1427001953125,1420835,0.008362296748800402,1605.0799987792968,1552.3039965820312,1604.6973299406047,1594.3809205859338,61.63591766587752,0.026359546155631526,32.731063794727106,26.23633448586321,6.494729308863896,0.00873178802862662,0.11629162291153894,-0.41326117658718686,0.029232188586479798,0.06422453568211267,13.699951171875,1633.0
2025-05-22,1638.4000244140625,1640.699951171875,1614.0,1633.0,1550.1072998046875,2202093,-0.01150121065375298,1607.0299987792969,1553.5049975585937,1607.3928223272137,1595.8953942884461,58.032874210239996,0.020559624917867714,30.76233939210988,27.141535467112547,3.6208039249973325,-0.03714622641509435,0.024466750313676178,0.5498583579374101,0.016160246691368542,0.05117138507203804,-19.0,1648.199951171875
2025-05-23,1633.0,1670.800048828125,1622.5,1648.199951171875,1564.5355224609375,1459454,0.009307992144442778,1610.104998779297,1554.7599975585938,1611.279215550515,1597.9465533819139,60.24189791509668,0.020581329077950374,30.0818552454557,27.72959942278118,2.3522558226745183,-0.00704866140737459,0.03875969111524746,-0.33724234171762957,0.023659918093204987,0.06009927819085129,15.199951171875,1673.5999755859375
2025-05-26,1652.4000244140625,1675.800048828125,1645.5999755859375,1673.5999755859375,1588.6463623046875,1078813,0.01541076639154304,1614.875,1557.072998046875,1617.2145260300788,1600.91335425266,61.71004425996908,0.0207087746002476,31.232112004094006,28.430101939043748,2.8020100650502577,0.014548981786614679,0.06044862968296516,-0.26081054969872297,0.036365028615798434,0.074837196255557,25.4000244140625,1652.0999755859375
2025-05-27,1673.800048828125,1675.5,1641.5,1652.0999755859375,1568.2376708984375,2740015,-0.012846558504801986,1620.0149963378906,1559.1289965820313,1620.5369497973034,1602.920672736318,60.85043546484138,0.020445197992171663,30.062289099846566,28.756539371204312,1.3057497286422546,0.008423320726678618,0.06635249694568168,1.5398424008609464,0.01980535940752173,0.059630075001952984,-21.5,1657.300048828125
2025-05-28,1664.0,1666.800048828125,1647.0,1657.300048828125,1573.173828125,1775441,0.0031475536099703216,1624.429998779297,1560.917998046875,1624.0381973240483,1605.0531972889378,59.64736746300377,0.020327657397055,29.217991651737748,28.848829827311,0.3691618244267474,0.003208262002496909,0.056277915123087885,-0.3520323793847844,0.020234820874724512,0.06174703021033112,5.2000732421875,1664.699951171875
2025-05-29,1670.0,1675.5,1655.5999755859375,1664.699951171875,1580.1982421875,2374051,0.004465034770850584,1629.2899963378907,1563.3999975585937,1627.9107453095558,1607.3922856765041,62.12158899472871,0.020309194384825126,28.813842081333405,28.841832278115483,-0.027990196782077703,0.019412095022581122,0.06200953822767152,0.3371613024595017,0.02173336540061885,0.06479464869609275,7.39990234375,1636.5999755859375
2025-05-30,1664.699951171875,1664.699951171875,1627.300048828125,1636.5999755859375,1553.5244140625,4408910,-0.016879904132967805,1632.4999938964843,1565.4369970703126,1628.7382910501635,1608.5376852807956,44.73929426345622,0.020800029160999125,25.927244313262918,28.258914685144973,-2.331670371882055,-0.007037966223509384,0.04082927383303647,0.8571252260376883,0.002511474244889457,0.04545885822860016,-28.0999755859375,1631.5
2025-06-02,1625.0999755859375,1635.199951171875,1605.699951171875,1631.5,1548.6834716796875,1883100,-0.0031162016754348043,1635.6449951171876,1567.1639965820314,1629.0013109501479,1609.4381682109606,52.16600506323263,0.020808794761483198,22.963362034406146,27.19980415499721,-4.2364421205910645,-0.025155339507696883,0.04009946792876029,-0.5728876298223371,-0.00253416550019194,0.041052502200334365,-5.0999755859375,1630.4000244140625
2025-06-03,1646.9000244140625,1651.699951171875,1617.0,1630.4000244140625,1547.6392822265625,2380133,-0.0006742112080524443,1638.2099975585938,1568.8689965820313,1629.134521756235,1610.260201787553,48.58363764088189,0.02078969411316615,20.29179396822542,25.818202117642855,-5.526408149417435,-0.013134768774619054,0.032486891027333265,0.2639440284637036,-0.00476738217699224,0.03921999094002362,-1.0999755859375,1626.0999755859375
2025-06-04,1631.0,1644.5999755859375,1622.199951171875,1626.0999755859375,1543.5574951171875,1659720,-0.0026374195067068174,1641.3499938964844,1570.5019970703124,1628.845517359064,1610.8813693874897,32.8423949292537,0.02063415890764013,17.624415731017052,24.179444840317696,-6.555029109300644,-0.01882584464065451,0.04017138412097432,-0.3026776234773435,-0.009291143489965919,0.035401405804857386,-4.300048828125,1632.4000244140625
2025-06-05,1634.9000244140625,1653.9000244140625,1624.5999755859375,1632.4000244140625,1549.5377197265625,1409322,0.0038743305594448607,1643.9349975585938,1571.9099975585937,1629.1840418404922,1611.7252382120612,42.09315254656083,0.020531852139790516,15.836309431960444,22.510817758646247,-6.674508326685803,-0.0194028519884768,0.032707075877277614,-0.15086761622442335,-0.0070166844562965245,0.03848186406945608,6.300048828125,1637.699951171875
2025-06-06,1631.199951171875,1639.800048828125,1622.0,1637.699951171875,1554.568603515625,1261281,0.0032467083304013045,1647.3499938964844,1573.3299975585937,1629.9950808244334,1612.7438544065637,46.47719363672435,0.02042451038785475,14.67768686572208,20.944191580061414,-6.266504714339334,0.0006721102299562798,0.04351976914446176,-0.10504412760178294,-0.005857918936694279,0.040913192854116424,5.2999267578125,1648.300048828125
2025-06-09,1648.0,1658.0,1639.0,1648.300048828125,1564.630615234375,1299786,0.006472551732486176,1646.2499938964843,1574.212998046875,1631.7384111104993,1614.1382149721153,52.97265246818696,0.014393633353716195,14.448258891923388,19.64500504243381,-5.196746150510421,0.010297302377030304,-0.013171286210184263,0.030528486514900255,0.001245287738339468,0.04706291389613073,10.60009765625,1668.0999755859375
2025-06-10,1653.300048828125,1684.9000244140625,1649.0,1668.0999755859375,1583.4256591796875,3055223,0.012012331596962245,1648.6749938964845,1575.0769970703125,1635.2014172510173,1616.254362447167,54.618468832837834,0.012809075520916494,15.683336444220458,18.85267132279114,-3.1693348785706803,0.02312312966593799,0.02994566604784854,1.3505584765492165,0.011782177664709988,0.05905932134660743,19.7999267578125,1721.9000244140625
2025-06-11,1676.0,1725.4000244140625,1666.0,1721.9000244140625,1634.49462890625,5085821,0.03225229279751485,1652.8849975585938,1576.8469970703125,1643.4584274570216,1620.3973295831238,71.25777972114724,0.014409389624644069,20.764004103173193,19.234937878867548,1.5290662243056445,0.058913996843032335,0.05141361406400313,0.6646316815499229,0.041754282335073445,0.09198928470121065,53.800048828125,1701.199951171875
2025-06-12,1725.0,1726.0,1695.0,1701.199951171875,1614.8453369140625,3607962,-0.012021646407276987,1653.1449951171876,1578.2679956054687,1648.9576201917696,1623.566059841506,62.348549832651116,0.012475672849984862,22.856669456500867,19.95928419439421,2.8973852621066563,0.042146487214436146,0.003066008945681098,-0.29058415543921035,0.029068808965108897,0.0778904190598163,-20.7000732421875,1695.300048828125
2025-06-13,1666.0,1711.0,1664.5999755859375,1695.300048828125,1609.2447509765625,1988422,-0.0034680828315836187,1654.9149963378907,1580.3239965820312,1653.3711848238033,1626.3791574488243,55.56127010703522,0.01145291414562856,23.765099737737728,20.720447303062915,3.0446524346748127,0.03517133746937806,0.021326600333389623,-0.4488794505041904,0.024403097790279948,0.0727547341524695,-5.89990234375,1723.0
2025-06-16,1692.0,1729.4000244140625,1683.4000244140625,1723.0,1635.538818359375,2116100,0.016339261708287367,1658.5849975585938,1584.1769970703126,1660.0025005548696,1630.16821009789,67.61054401658167,0.011798482848025415,26.41568823118996,21.859495488688324,4.556192742501636,0.04531938904265864,0.04449565076405326,0.06421071583396287,0.03883732370437683,0.08763099274034329,27.699951171875,1729.5999755859375
2025-06-17,1728.0,1738.800048828125,1720.0,1729.5999755859375,1641.8037109375,1777245,0.0038305139790699716,1663.1499938964844,1588.2179956054688,1666.6308315102094,1634.06749501899,67.8342347594153,0.011605292502528532,28.717820422588375,23.231160475468336,5.486659947120039,0.03686829380738854,0.05572845268674631,-0.16013184632106237,0.03995429271762305,0.08901925325847371,6.5999755859375,1715.9000244140625
2025-06-18,1727.9000244140625,1745.0,1710.0,1715.9000244140625,1628.79931640625,1794428,-0.007920878448922197,1666.3449951171874,1593.1339965820312,1671.3231355962905,1637.2766138187967,62.24882850396028,0.011763065996195707,29.101343038348205,24.40519698804431,4.696146050303895,-0.0034845228613326062,0.0386804021876892,0.009668334979139104,0.029738757245398685,0.07705944891981348,-13.699951171875,1713.9000244140625
2025-06-19,1719.699951171875,1719.699951171875,1697.199951171875,1713.9000244140625,1626.900634765625,2514527,-0.0011655690725238532,1670.3899963378906,1598.9699975585938,1675.3780773884591,1640.2814534499837,71.13179062360678,0.011360485703939568,28.91064032376289,25.306285655188027,3.6043546685748638,0.007465361866157538,0.049540737546884595,0.40129723789419236,0.026047826059520177,0.07187753805947011,-2.0,1739.9000244140625
2025-06-20,1713.9000244140625,1742.5999755859375,1709.0999755859375,1739.9000244140625,1651.580810546875,2719770,0.015170079718558105,1674.975,1606.2859985351563,1681.523024724231,1644.188064076026,76.59471623433915,0.011618573140852463,30.50583745252061,26.346196014654545,4.159641437866064,0.026308012918873747,0.05563649797282699,0.08162290562002328,0.038761787139546915,0.08318196510506522,26.0,1703.199951171875
2025-06-23,1729.199951171875,1729.800048828125,1699.199951171875,1703.199951171875,1616.74365234375,2221446,-0.021093208073576952,1676.4549987792968,1612.282998046875,1683.5874939097207,1646.5022557268437,65.20466151496686,0.012371874571511801,28.48034973120184,26.773026757964004,1.7073229732378365,-0.011491612784750416,0.017686410144439835,-0.18322284604948214,0.015953277846439295,0.05639019529148236,-36.7000732421875,1691.800048828125
2025-06-24,1719.9000244140625,1732.5999755859375,1689.199951171875,1691.800048828125,1605.9224853515625,3601071,-0.006693226086524007,1678.4400024414062,1618.5189990234376,1684.3696419971877,1648.2786397700313,63.32659346406005,0.012083897601401558,25.65947284256208,26.550315974883624,-0.8908431323215424,-0.021854722069481358,0.024030067083626427,0.621048182130018,0.007959799794622175,0.04527660771909558,-11.39990234375,1717.0999755859375
2025-06-25,1702.0,1720.699951171875,1701.0,1717.0999755859375,1629.938232421875,1307518,0.014954442621831765,1681.429998779297,1625.0499975585938,1687.486816624688,1650.9775156843805,65.95104125382647,0.012463560119049411,25.175196242768834,26.27529202846067,-1.1000957856918347,0.0006993129872381321,0.03608273999635547,-0.6369085752544174,0.021214071851065233,0.05664439750508337,25.2999267578125,1724.0999755859375
2025-06-26,1710.0,1726.9000244140625,1702.699951171875,1724.0999755859375,1636.5828857421875,2971055,0.004076640905903872,1684.4,1631.0019970703124,1690.9737841448068,1653.8450631315004,66.16767957984395,0.012459568750791343,25.06728498945222,26.03369062065898,-0.9664056312067615,0.005951310477028571,0.03568212059611553,1.2722861176672136,0.02356920896814142,0.057080235758663896,7.0,1723.300048828125
2025-06-27,1735.0,1752.5,1710.800048828125,1723.300048828125,1635.8236083984375,6478283,-0.0004639677333911907,1688.7350036621094,1636.8339990234374,1694.0524760194085,1656.56878806078,64.56878391439322,0.011678526100086812,24.633260249171144,25.753604546361412,-1.1203442971902682,-0.009540764039892347,0.05297572683339857,1.1804655248724778,0.020468010132471636,0.05282517949668365,-0.7999267578125,1728.5999755859375
2025-06-30,1725.0,1734.800048828125,1713.300048828125,1728.5999755859375,1640.8544921875,1855229,0.0030754521021552073,1693.5900024414063,1642.6459985351562,1697.3427140733636,1659.393540512747,62.45370216812056,0.011599460520032343,24.435277641321363,25.489939165353405,-1.054661524032042,0.01491311950577856,0.0595157680575773,-0.7136233474209138,0.020672047599514812,0.05232653726209512,5.2999267578125,1718.300048828125
2025-07-01,1728.5999755859375,1745.0,1714.0,1718.300048828125,1631.077392578125,1639826,-0.005958536910380952,1697.9850036621094,1647.3719995117187,1699.3386507166742,1661.7035996623697,49.09729589753416,0.011745819077630308,23.180051781085922,25.02796168849991,-1.8479099074139889,0.01566378959402215,0.05391316431417015,-0.1161058823465998,0.01196420764741817,0.043055271873887226,-10.2999267578125,1718.5999755859375
2025-07-02,1722.0,1738.5,1711.0,1718.5999755859375,1631.3621826171875,2069447,0.0001745485359305743,1702.6100036621094,1652.1459985351562,1701.1730626089852,1663.934830090745,54.860358587880356,0.01169536280448092,21.956378363791373,24.413645023558207,-2.457266659766834,0.000873565908408036,0.056884571298679854,0.2619918210834564,0.00939144718369772,0.04022282359410213,0.2999267578125,1711.9000244140625
2025-07-03,1716.0,1730.5,1706.5,1711.9000244140625,1625.002197265625,1839063,-0.0038984936966444117,1706.5850036621093,1654.5039990234375,1702.1946780189926,1665.8158181034241,54.61624789448421,0.011787779058668822,20.212975697057345,23.573511158258036,-3.3605354612006906,-0.007076127454690551,0.04870129797292533,-0.11132635916744904,0.003114418994979932,0.03469077465180062,-6.699951171875,1725.9000244140625
2025-07-04,1715.0,1729.0,1706.199951171875,1725.9000244140625,1638.2916259765625,768500,0.008178047666534738,1710.9950073242187,1657.2880004882813,1704.4523300566182,1668.1720614881551,50.87297813530959,0.01185678064892788,19.73352374224214,22.805513675054858,-3.0719899328127163,0.0015087190345670631,0.05385606391395137,-0.5821241577912231,0.008711315360968452,0.04140018144436346,14.0,1710.4000244140625
2025-07-07,1725.5,1725.5,1703.300048828125,1710.4000244140625,1623.578369140625,1366412,-0.008980821473284495,1714.1000061035156,1659.932001953125,1705.0187771382796,1669.8280600342694,44.51428435905234,0.012098549179394718,17.89653404838691,21.823717749721272,-3.9271837013343607,-0.010528723492377545,0.037675164561262964,0.778024723487313,-0.002158556488115245,0.030403668584951204,-15.5,1708.0999755859375
2025-07-08,1700.0,1718.9000244140625,1687.5,1708.0999755859375,1621.39501953125,2139193,-0.0013447432152094985,1716.1000061035156,1663.1080004882813,1705.3122246094852,1671.3289194676681,47.61611630433485,0.01187878400080962,16.06986832419534,20.672947864616084,-4.603079540420744,-0.005936142089470242,0.023979378086106395,0.565554898522554,-0.004661750765762518,0.027052948506318758,-2.300048828125,1674.0
2025-07-09,1710.0,1714.300048828125,1671.0,1674.0,1589.0260009765625,2894808,-0.019963688351579134,1713.7050048828125,1665.2080004882812,1702.3301079800103,1671.4336677238382,39.805797385306995,0.010346058285490603,11.735361589563809,18.88543060960563,-7.150069020041823,-0.02595134191755799,-0.027818121688198527,0.35322432337802145,-0.023169101315385184,0.005279820604477505,-34.0999755859375,1663.699951171875
2025-07-10,1675.0,1679.9000244140625,1649.0,1663.699951171875,1579.248779296875,2740853,-0.006152956289202538,1711.8300048828125,1667.1319995117187,1698.6510454268546,1671.1303847218003,28.833269924458662,0.010108208849256941,7.383987898482701,16.585142067381046,-9.201154168898345,-0.02815589260750495,-0.02204326421133984,-0.05318314720699957,-0.028116140956550417,-0.0020586542282488335,-10.300048828125,1638.300048828125
2025-07-11,1643.199951171875,1655.5,1630.0,1638.300048828125,1555.138427734375,2548153,-0.015267117322362633,1708.9800048828124,1668.45,1692.9033314650708,1669.8429205691073,30.764638715587566,0.010588723365042997,1.864440940459417,13.64100184199672,-11.776560901537303,-0.05075611237428279,-0.03362236675413366,-0.07030657973995691,-0.04135797718682733,-0.018070635123542837,-25.39990234375,1619.800048828125
2025-07-14,1640.0,1642.4000244140625,1607.0,1619.800048828125,1537.577392578125,3334703,-0.011292192790467781,1703.8200073242188,1669.4740014648437,1685.9411140710758,1667.8804550106374,29.522133111134266,0.009897356625253869,-3.9570211028974427,10.121397253017888,-14.07841835591533,-0.05297005045177938,-0.05989550271147703,0.308674557610944,-0.04931269625601107,-0.029754253491299273,-18.5,1566.4000244140625
2025-07-15,1590.0,1621.4000244140625,1550.0,1566.4000244140625,1486.887939453125,14685607,-0.03296704704552622,1695.660009765625,1669.2200024414062,1674.5562483894555,1663.90083028136,13.04556062037446,0.011792400668664082,-12.73273238809793,5.550571324794724,-18.283303712892653,-0.08295764486693291,-0.09435704988177263,3.4038725487697103,-0.07622989550212307,-0.06159761917360139,-53.4000244140625,1562.800048828125
2025-07-16,1566.4000244140625,1574.0,1560.0,1562.800048828125,1483.470703125,5218099,-0.0022982479123008215,1688.0050109863282,1669.2100024414062,1663.9128008121859,1659.9360937537822,9.775505892566983,0.01178302485726934,-19.750364839049098,0.49038409202595945,-20.240748931075057,-0.06642768887208783,-0.08922429827356482,-0.6446793789320386,-0.07417333559042219,-0.06374869157124914,-3.5999755859375,1543.9000244140625
2025-07-17,1563.5999755859375,1566.800048828125,1542.4000244140625,1543.9000244140625,1465.5301513671875,4966082,-0.012093693257966609,1679.5050109863282,1668.47400390625,1652.4830125837932,1655.3856596620285,8.966092220716362,0.011868668265403037,-26.531128794174947,-4.913918485214222,-21.617210308960725,-0.07200813264040062,-0.09918898277518762,-0.04829670728746238,-0.08074104315570249,-0.07466342250495567,-18.9000244140625,1548.800048828125
2025-07-18,1544.0,1550.0,1530.0,1548.800048828125,1481.6978759765625,3902458,0.0031737964483302683,1669.9500122070312,1668.0620043945312,1642.6084446070631,1651.205831786189,8.799251241823043,0.011063972623719786,-31.150458961950335,-10.161226580561445,-20.989232381388888,-0.05462979755388475,-0.10983388292686147,-0.21417769581734658,-0.07254705978821044,-0.07149731559870616,4.9000244140625,1530.4000244140625
2025-07-21,1548.800048828125,1550.699951171875,1526.0,1530.4000244140625,1464.094970703125,3368842,-0.011880180677928398,1661.3100158691407,1665.26400390625,1631.921928398206,1646.468349144145,8.484294028262283,0.010572027136209564,-35.88240951432681,-15.30546316731452,-20.57694634701229,-0.055192012420755665,-0.10145604257381446,-0.13673843510935924,-0.07879925492809994,-0.08098654578243082,-18.4000244140625,1520.0999755859375
2025-07-22,1533.0999755859375,1539.800048828125,1518.300048828125,1520.0999755859375,1454.2413330078125,3218227,-0.006730298395067336,1652.7250122070313,1663.27400390625,1621.2722186065616,1641.512726651666,7.998315915630471,0.010572291005140266,-40.00251814975081,-20.24487416380178,-19.757643985949034,-0.029558253387696576,-0.10148957813372839,-0.04470824099200854,-0.0802462815299127,-0.08607964050665373,-10.300048828125,1529.800048828125
2025-07-23,1524.0999755859375,1536.0,1518.0,1529.800048828125,1463.52099609375,3471536,0.006381207419234647,1643.3600158691406,1661.116005859375,1612.5605833895677,1637.1318373252527,11.951557555881678,0.009858255547190812,-42.00085932172033,-24.59607119538549,-17.404788126334836,-0.02111594507867165,-0.10907922044195406,0.07871073109510296,-0.06910230621678841,-0.07905285155765746,9.7000732421875,1507.199951171875
2025-07-24,1530.0,1537.9000244140625,1501.5999755859375,1507.199951171875,1441.900146484375,4654421,-0.014773236328213257,1632.5150146484375,1657.3400048828125,1602.5262374640733,1632.0364692408066,5.889504574307949,0.009773907248552217,-44.890725758699546,-28.655002108048304,-16.23572365065124,-0.02377101668621051,-0.1258047836468119,0.3407382207760483,-0.0767619668744971,-0.09059097908009145,-22.60009765625,1490.0999755859375
2025-07-25,1501.0999755859375,1512.199951171875,1486.5999755859375,1490.0999755859375,1425.5408935546875,2733655,-0.011345525570540249,1620.8550109863281,1653.94400390625,1591.8189744280605,1626.4703322347332,5.851736821556386,0.009713872696126991,-48.00739152377287,-32.525479991193215,-15.481911532579652,-0.03790035601212827,-0.13532180504536495,-0.4126756045488794,-0.08067040821919237,-0.09906262118508792,-17.0999755859375,1466.0999755859375
2025-07-28,1490.0999755859375,1494.199951171875,1463.5,1466.0999755859375,1402.5809326171875,4404841,-0.016106301854385774,1607.7300109863281,1650.27400390625,1579.8457364430965,1620.1812986406628,5.383512957808364,0.009592313322881803,-51.816660809528,-36.383716154860174,-15.432944654667828,-0.042015190670650515,-0.15185699624403926,0.6113375682008153,-0.08809317138609725,-0.11160209024947791,-24.0,1472.4000244140625
2025-07-29,1466.0999755859375,1477.5,1461.0,1472.4000244140625,1408.6080322265625,6223556,0.004297148170681275,1595.435009765625,1646.9560034179688,1569.6128114879502,1614.385954553345,8.586739286887479,0.009982237532215093,-53.70805979288116,-39.84858488246437,-13.859474910416786,-0.03137948288795189,-0.14310656894979756,0.41289004529334883,-0.07711688949939535,-0.10598703222286807,6.300048828125,1476.5
2025-07-30,1480.5,1484.300048828125,1468.800048828125,1476.5,1412.5302734375,1642426,0.0027845527831806827,1583.330010986328,1643.4460034179688,1560.744924679574,1608.97866221792,10.539671789635776,0.010106129509051091,-54.250803852267154,-42.72902867642493,-11.521775175842222,-0.03484118651254753,-0.1408704637642021,-0.7360952484399594,-0.06747172746367561,-0.1015828953739652,4.0999755859375,1467.9000244140625
2025-07-31,1465.0,1482.699951171875,1459.5,1467.9000244140625,1404.3028564453125,2306285,-0.005824568632534666,1571.1300109863282,1640.14400390625,1551.9025532257158,1603.4461666177685,11.343054268606423,0.010079003876806514,-54.74382583895772,-45.13198810893149,-9.611837730026231,-0.026074793014195685,-0.14253168790246074,0.40419416156344345,-0.06570429299320667,-0.10501759545622975,-8.5999755859375,1452.0999755859375
2025-08-01,1465.0,1466.9000244140625,1450.0,1452.0999755859375,1389.1873779296875,2152783,-0.010763709084637307,1557.440008544922,1636.2220043945313,1542.3975458314512,1597.5110218714224,11.483732486412208,0.00938327985477767,-55.766638118648416,-47.25891811087487,-8.507720007773543,-0.025501644602777485,-0.15864189405819107,-0.06655812269515693,-0.0676366552682829,-0.11252875729215389,-15.800048828125,1474.4000244140625
2025-08-04,1452.0999755859375,1475.4000244140625,1440.5999755859375,1474.4000244140625,1410.521240234375,2384774,0.015357102956445434,1545.6400085449218,1632.2380053710938,1535.9215914107474,1592.6831396181926,25.348383846974087,0.010797122903434297,-54.15354825327222,-48.63784413935434,-5.515704113917877,0.005661311620176468,-0.137979418049206,0.10776329987741451,-0.0460909291536295,-0.09670034666368792,22.300048828125,1482.699951171875
2025-08-05,1479.9000244140625,1485.4000244140625,1471.199951171875,1482.699951171875,1418.4615478515625,2614394,0.005629358803836748,1534.3700073242187,1628.8500048828125,1530.85286376895,1588.3700734046115,29.064303453697576,0.011109065572316754,-51.61049453472447,-49.23237421842837,-2.3781203162960978,0.00699533183036416,-0.1319595033286869,0.0962858535022606,-0.033675095254534396,-0.08972591292803064,8.2999267578125,1463.199951171875
2025-08-06,1480.9000244140625,1483.699951171875,1456.4000244140625,1463.199951171875,1399.8062744140625,1735697,-0.013151683174055462,1523.8300048828125,1624.9680029296876,1524.4097292358952,1583.4614411601906,28.97343400038295,0.010790271563640512,-50.585475301847964,-49.50299443511229,-1.082480866735672,-0.009007821759651202,-0.12592595509445936,-0.33609968505129684,-0.03978793796989198,-0.09955153053239062,-19.5,1475.5
2025-08-07,1458.0,1479.199951171875,1451.0,1475.5,1411.5736083984375,1495363,0.008406266565464282,1514.4200073242187,1621.18400390625,1519.7516597848576,1579.2276591539085,31.61065201253409,0.011304515068204521,-48.22472442596222,-49.24734043328228,1.0226160073200603,0.005177447686855352,-0.113121329984599,-0.1384654118777644,-0.02569961248265942,-0.08986271981170779,12.300048828125,1475.699951171875
2025-08-08,1474.800048828125,1482.199951171875,1459.0,1475.699951171875,1411.7647705078125,2815614,0.00013551417951540579,1506.2900024414062,1617.9660034179688,1515.5562589645733,1575.167749036966,34.89784459544626,0.01115816175093849,-45.80961325392536,-48.559794997410904,2.750181743485541,0.016252307680409306,-0.09924927840450093,0.8828966612120268,-0.020308208392773353,-0.08792895026567638,0.199951171875,1488.0
2025-08-11,1475.0,1531.0,1465.5999755859375,1488.0,1423.5321044921875,2374556,0.008335060808504657,1499.7,1615.0960034179689,1512.9318533488997,1571.749405937477,41.23431538370767,0.011449125343836075,-42.414184785226325,-47.33067295497399,4.916488169747666,0.0092240744443437,-0.08136809782385068,-0.15664718246180054,-0.007801560312062443,-0.07869253787329064,12.300048828125,1499.0999755859375
2025-08-12,1490.0,1509.9000244140625,1489.0,1499.0999755859375,1434.1510009765625,3422656,0.007459661012054752,1496.3349975585938,1612.4700024414062,1511.614531657189,1568.9004086687892,41.68020245794532,0.009500608065792499,-38.385128134402066,-45.54156399085961,7.156435856457541,0.011060919237975586,-0.04296479046168278,0.4413877794417145,0.0018478335612379388,-0.07030830135371052,11.0999755859375,1501.0999755859375
2025-08-13,1500.0,1507.5,1489.0,1501.0999755859375,1436.064453125,2916128,0.0013341338353489718,1493.2499938964843,1609.9700024414062,1510.6131453646888,1566.241568155736,48.1391169379795,0.00953229923250712,-34.63147830102798,-43.35954685289328,8.728068551865299,0.025902149862504054,-0.039480465391880215,-0.14799267002000782,0.005256977546652778,-0.06762239463491555,2.0,1489.800048828125
2025-08-14,1501.0,1516.199951171875,1485.800048828125,1489.800048828125,1425.254150390625,4227538,-0.007527764267267867,1490.5449951171875,1607.1180029296875,1508.6309456945398,1563.2438615154376,49.90514648825817,0.009329567606234166,-32.19734249429507,-41.12710598117364,8.92976348687857,0.009691663048542853,-0.035041113239485444,0.4497093406050763,-0.0004997811481725088,-0.07299896702525782,-11.2999267578125,1485.0
2025-08-18,1498.0999755859375,1501.9000244140625,1475.9000244140625,1485.0,1420.661865234375,2795155,-0.0032219416504253306,1487.3549926757812,1604.06400390625,1506.3803794379169,1560.1754747893422,56.80346331607593,0.009261622090869117,-30.306244632069365,-38.96293371135279,8.656689079283424,0.006302127218164921,-0.04119321204593085,-0.33882202832949104,-0.0015833427039126187,-0.07422646703392315,-4.800048828125,1476.0999755859375
2025-08-19,1476.300048828125,1482.5999755859375,1469.199951171875,1476.0999755859375,1412.1475830078125,2515817,-0.0059932824337121104,1484.639990234375,1600.6200024414063,1503.496531452014,1556.8783963892085,51.30740324094523,0.00902359561299157,-29.18921840116741,-37.008190649315715,7.818972248148306,-0.007997328235257006,-0.03548095136035734,-0.09993649726043818,-0.005752246136849249,-0.07779487115339051,-8.9000244140625,1496.0
2025-08-20,1468.0,1500.300048828125,1458.0,1496.0,1431.1854248046875,10219330,0.013481488207574222,1483.434991455078,1597.1780029296874,1502.7825760756318,1554.4910082955141,56.19834518338478,0.009554532333050394,-26.393948399183046,-34.885342199289184,8.491393800106138,-0.0020678911589774307,-0.015854204310902564,3.062032333830322,0.00847021178366377,-0.06334798171781582,19.9000244140625,1493.5
2025-08-21,1500.0,1505.0,1486.0999755859375,1493.5,1428.793701171875,2157601,-0.0016711229946524409,1481.6199890136718,1592.6100024414063,1501.898521211286,1552.0992040486312,58.465596291389446,0.009406490617501232,-24.102566507039683,-32.72878706083929,8.626220553799605,-0.005062937652084765,-0.023728623133416726,-0.7888706011059433,0.008018257768131793,-0.06223118170140507,-2.5,1466.300048828125
2025-08-22,1489.5999755859375,1491.5,1464.0,1466.300048828125,1402.7720947265625,2802805,-0.018212220402996304,1479.5749938964843,1587.9120043945313,1498.5081905081279,1548.734531294886,54.36656684326575,0.009695468522797231,-24.20244783594262,-31.023519215859956,6.821071379917335,-0.015773928869505016,-0.02713634797556197,0.2990376812024096,-0.008972133973013122,-0.07658607985193537,-27.199951171875,1504.199951171875
2025-08-25,1480.0,1509.699951171875,1476.199951171875,1504.199951171875,1439.0301513671875,2764914,0.025847303472464445,1480.2799926757812,1584.0900024414063,1499.0502629522941,1546.988077172415,58.361379162947586,0.011133547625793118,-20.98153703388971,-29.015122779465905,8.033585745576197,0.012929260048400781,0.009462435955274184,-0.013518956902103474,0.016159077076260207,-0.050432772851545335,37.89990234375,1492.800048828125
2025-08-26,1501.9000244140625,1506.5,1485.0,1492.800048828125,1428.1240234375,4092265,-0.007578714741260706,1481.6149963378907,1579.4860034179687,1498.455004464278,1544.863056453031,52.78546843270437,0.010614078950037588,-19.128319503761304,-27.037762124324985,7.909442620563681,0.011313646445633374,0.01821163200791731,0.48006954285015735,0.007549230075208735,-0.05488238224476663,-11.39990234375,1449.800048828125
2025-08-28,1488.0,1488.0,1446.0,1449.800048828125,1386.987060546875,4367902,-0.028804929390078615,1480.4849975585937,1573.8900048828125,1493.821199165597,1541.1350953697015,46.728536346947045,0.012482167467297115,-20.888581330540774,-25.807925965568145,4.919344635027372,-0.03088232030205551,-0.015349073085577425,0.06735560869103052,-0.020726281442277346,-0.07884283887038655,-43.0,1454.800048828125
2025-08-29,1449.800048828125,1462.5999755859375,1439.199951171875,1454.800048828125,1391.7705078125,3404604,0.0034487514357870452,1479.4,1568.6680053710938,1490.104899133457,1537.749407270032,44.75949955436555,0.012492802558062756,-21.630796934649652,-24.97250015938445,3.341703224734797,-0.025912253881402725,-0.014696885317897035,-0.22054020442766342,-0.016628329844447134,-0.07258894562334847,5.0,1468.4000244140625
2025-09-01,1446.0,1472.5,1446.0,1468.4000244140625,1404.78125,2105254,0.009348346940799557,1479.425,1563.7580053710938,1488.0377682078004,1535.0298236286214,48.26933751463658,0.012623058490001782,-20.88090174087506,-24.154180475682573,3.273278734807512,0.0014321595280690769,0.00034062265255396795,-0.38164497251369034,-0.007452203109949781,-0.06098001137612207,13.5999755859375,1465.699951171875
2025-09-02,1469.0,1477.4000244140625,1459.699951171875,1465.699951171875,1402.1981201171875,1295198,-0.0018387858875614782,1480.104998779297,1558.27400390625,1485.9103570615216,1532.311005100906,44.46098597493826,0.01237436565758091,-20.270808480275946,-23.37750607660125,3.1066975963253043,-0.025595001495649417,0.009365729505263376,-0.384778273785491,-0.00973244980545458,-0.059408071046755766,-2.7000732421875,1466.0999755859375
2025-09-03,1475.0,1475.0,1452.5999755859375,1466.0999755859375,1402.5809326171875,1800307,0.0002729238093668318,1479.6899963378905,1553.5320043945312,1484.023654063847,1529.7144941395347,41.34312031428326,0.011873223784567441,-19.529898041017987,-22.6079844694846,3.0780864284666123,-0.017885900568631152,-0.005629441597047924,0.38998593265276815,-0.009184370229971955,-0.05627951568507866,0.4000244140625,1443.300048828125
2025-09-04,1465.0999755859375,1465.9000244140625,1440.9000244140625,1443.300048828125,1380.7685546875,2192155,-0.015551413367086653,1477.7200012207031,1548.5620043945312,1480.1452154699687,1526.3256923626168,36.329236794132306,0.01226271572583154,-20.545647289618273,-22.195517033511333,1.6498697438930598,-0.004483376866523003,-0.026573078600703903,0.21765621085737052,-0.023292607776943378,-0.06797400121383085,-22.7999267578125,1419.0
2025-09-05,1448.0,1452.300048828125,1402.800048828125,1419.0,1357.521484375,3895199,-0.016836449806715614,1475.5100036621093,1542.6000048828125,1474.321861615686,1522.11684168173,34.2245811854969,0.012476378663018938,-23.045789230912078,-22.365571472991483,-0.6802177579205946,-0.024608226303651004,-0.03020773144263389,0.7768811968131815,-0.038298624558190414,-0.08012446810033695,-24.300048828125,1403.0
2025-09-08,1423.9000244140625,1428.5999755859375,1401.0,1403.0,1342.2147216796875,2929976,-0.01127554615926707,1471.8850036621093,1536.1780053710938,1467.5293033665732,1517.4455929883288,32.5976122700429,0.012433482205563362,-26.01831309681552,-23.09611979775629,-2.922193299059227,-0.04453828883594524,-0.04913588614029141,-0.24779812276599988,-0.046800533663105895,-0.08669438366221242,-16.0,1427.0999755859375
2025-09-09,1410.199951171875,1431.800048828125,1409.0999755859375,1427.0999755859375,1365.2703857421875,2906889,0.017177459434025266,1469.4550048828125,1530.25400390625,1463.6788911969888,1513.9026276,40.23125236061195,0.013180950460652317,-26.12820339405198,-23.70253651701543,-2.425666877036548,-0.02633552355314983,-0.03293350761944769,-0.007879586726990295,-0.028823631316464034,-0.06740974247216036,24.0999755859375,1463.9000244140625
2025-09-10,1434.9000244140625,1471.9000244140625,1432.0999755859375,1463.9000244140625,1400.47607421875,3205017,0.025786594813033803,1468.2500061035157,1524.9600048828124,1463.6999515033767,1511.9417412005514,44.00448336226634,0.01439438348993263,-22.980926046405784,-23.558214422893503,0.5772883764877186,-0.0015005464896729048,-0.016196220151839746,0.10255912764470887,-0.0029626982267123045,-0.04004038156623141,36.800048828125,1467.699951171875
2025-09-11,1463.9000244140625,1470.4000244140625,1458.300048828125,1467.699951171875,1404.111572265625,1982922,0.0025957556489102362,1466.6800048828125,1519.9480029296874,1464.0809038527575,1510.2067690425642,45.204447538306965,0.014289660207280347,-19.950091505075534,-22.83658983932991,2.8864983342543766,0.016905633976497914,-0.02094591750079211,-0.3813068698231554,0.0006954116001220314,-0.03437489417868552,3.7999267578125,1467.199951171875
2025-09-12,1475.0,1480.0,1463.0,1467.199951171875,1403.6331787109375,2110883,-0.00034066908539498453,1464.9850036621094,1514.9200024414063,1464.3779559783877,1508.5202271652824,50.18570017935231,0.014280406910496838,-17.38804060796383,-21.746879993056695,4.358839385092864,0.03396754839455607,-0.022583455442952816,0.0645315347754476,0.0015119250396616651,-0.031500046994314454,-0.5,1466.5
2025-09-15,1467.199951171875,1468.300048828125,1452.0,1466.5,1402.9635009765625,1725617,-0.00047706597271623963,1463.820001220703,1510.012001953125,1464.5800554090176,1506.872375119585,40.80936662663123,0.01419873424756341,-15.238418025840929,-20.44518759961354,5.206769573772611,0.04526015680684248,-0.015639715441312263,-0.18251414218599515,0.0018308253590346298,-0.028815666297250908,-0.699951171875,1483.0999755859375
2025-09-16,1463.9000244140625,1485.199951171875,1461.0999755859375,1483.0999755859375,1418.8443603515625,1724524,0.01131945147353397,1463.725,1505.1560009765626,1466.343857330629,1505.9401241574813,47.69375258666677,0.014432754966110397,-12.056369026999619,-18.767423885090757,6.711054858091138,0.03924041830146319,-0.0012794777199074403,-0.0006333966343632369,0.013236759354344287,-0.014653647446719745,16.5999755859375,1481.5
2025-09-17,1490.800048828125,1499.0,1475.300048828125,1481.5,1417.3135986328125,2656774,-0.0010788049438847924,1463.9950012207032,1500.5780004882813,1467.7872994896165,1504.9816879160114,59.384242007244715,0.01436640400114065,-9.553549555822428,-16.92464901923709,7.371099463414662,0.012022662266832018,0.0036583053339045435,0.5405839524413694,0.01195700720610441,-0.012713767949465745,-1.5999755859375,1493.800048828125
2025-09-18,1492.5999755859375,1502.9000244140625,1486.0999755859375,1493.800048828125,1429.080810546875,2792406,0.008302429178619564,1463.8850036621093,1496.292001953125,1470.264704188522,1504.5431922655061,61.066972419861024,0.01416114598839876,-6.502578273815516,-14.840234870152777,8.337656596337261,0.017782992794549424,-0.001470555596173151,0.051051387886210886,0.020435379207505457,-0.0016654189969252241,12.300048828125,1467.4000244140625
2025-09-19,1493.800048828125,1493.800048828125,1464.0,1467.4000244140625,1403.8245849609375,3197957,-0.017673064366796054,1462.5800048828125,1492.1600024414063,1469.9918775433355,1503.0865974478024,49.735449735449734,0.014703486621425177,-6.1440975557147794,-13.101007407265179,6.9569098515503995,0.0001363639918523507,-0.017475711808461636,0.14523353695701835,0.003295559569499347,-0.016593380057656416,-26.4000244140625,1439.9000244140625
2025-09-22,1423.0,1449.199951171875,1415.0,1439.9000244140625,1377.5159912109375,4457129,-0.018740629373357742,1461.2600036621093,1487.68400390625,1467.125986769119,1500.60869262295,43.96633872867551,0.014736898646953137,-7.986950582208692,-12.078196042253882,4.09124546004519,-0.018138408173158926,-0.01800451717584106,0.39374263006037924,-0.014617507626648148,-0.03211971048066647,-27.5,1429.800048828125
2025-09-23,1444.199951171875,1444.199951171875,1420.4000244140625,1429.800048828125,1367.853515625,3106480,-0.007014358924014474,1457.5400085449219,1483.51400390625,1463.5711355366434,1497.8318830623687,41.879206580767715,0.013378249314157547,-10.145457979254843,-11.691648429654077,1.5461904503992336,-0.03593818868263077,-0.04946144446141443,-0.30303116647510087,-0.019032039981180332,-0.036207245052416445,-10.0999755859375,1442.300048828125
2025-09-24,1425.0999755859375,1444.699951171875,1420.0,1442.300048828125,1379.81201171875,2894044,0.008742481167380856,1455.0150085449218,1479.96400390625,1461.5453177548798,1495.6541640727905,49.7654783703037,0.013545546971623483,-10.723827501393544,-11.498084244001971,0.7742567426084275,-0.026459636295561917,-0.0338290449813714,-0.06838479565295774,-0.008738713787916385,-0.025449237264361713,12.5,1423.800048828125
2025-09-25,1440.199951171875,1442.5,1416.0,1423.800048828125,1362.113525390625,2713246,-0.012826734641679716,1453.7150085449218,1477.1120043945311,1457.950530238046,1492.8363556318234,51.15719650151264,0.012269645711734585,-12.530540631258418,-11.704575521453261,-0.825965109805157,-0.04686035460697335,-0.017933507466092236,-0.062472443404454125,-0.020578283598199788,-0.03609201970317663,-18.5,1395.300048828125
2025-09-26,1420.0,1426.5,1392.0,1395.300048828125,1334.848388671875,2568054,-0.020016855613579465,1450.740008544922,1473.7620043945312,1451.9838177228155,1489.011402423835,48.24921450855436,0.012942172339601028,-16.076762705867623,-12.579012958336135,-3.497749747531488,-0.04913450619215254,-0.04089909128606961,-0.05351228749623149,-0.038214951948835174,-0.05323923084761635,-28.5,1387.4000244140625
2025-09-29,1397.0999755859375,1402.5999755859375,1383.0,1387.4000244140625,1327.29052734375,2990852,-0.005661882131157037,1446.690008544922,1470.6320043945314,1445.832980264839,1485.0266425018833,40.25528701811579,0.012681665577959115,-19.302132230903908,-13.92363681284969,-5.378495418054218,-0.03646086471966259,-0.05516208025964964,0.16463750372850416,-0.04098319873688298,-0.05659606191879116,-7.9000244140625,1385.0999755859375
2025-09-30,1392.0999755859375,1405.0,1381.9000244140625,1385.0999755859375,1325.090087890625,2782077,-0.001657812301896433,1442.660009765625,1467.3580029296875,1440.0488845811342,1481.10794968165,26.71392684148026,0.012682419589326319,-21.79264350625681,-15.497438151531114,-6.295205354725695,-0.031263163880029254,-0.05499077455893697,-0.06980452392829872,-0.03989854421003796,-0.05605859454851223,-2.300048828125,1389.5
2025-10-01,1386.0999755859375,1396.800048828125,1382.0,1389.5,1329.299560546875,2253527,0.0031766836268993792,1438.830010986328,1464.5400024414062,1435.2347050972166,1477.5154810666834,26.972930304916886,0.012735330433526345,-23.144550466665123,-17.02686061455792,-6.117689852107205,-0.03660822785870754,-0.05224744346327659,-0.18998395802848012,-0.03428480821894448,-0.05123793294571234,4.4000244140625,1393.5
2025-10-03,1396.5,1399.800048828125,1380.4000244140625,1393.5,1333.1263427734375,2793839,0.0028787333573228047,1436.3400085449218,1462.0080029296876,1431.2599712784343,1474.2207563189704,28.736315520323686,0.0124117326180584,-23.62089295169517,-18.34566708198537,-5.2752258697098,-0.02128111236761354,-0.03450429373196495,0.23976282511813696,-0.029825813031777008,-0.046858842627677685,4.0,1417.699951171875
2025-10-06,1393.5,1421.0,1390.800048828125,1417.699951171875,1356.2777099609375,1970901,0.017366308698869792,1436.2750061035156,1459.7660009765625,1429.9685407920954,1472.0042541563394,37.601616686908336,0.012568952713352514,-21.794431352732545,-19.035419936134804,-2.7590114165977404,0.0160538246684383,-0.0009161725356765515,-0.2945545537878167,-0.012932798282157,-0.02881698147274695,24.199951171875,1433.4000244140625
2025-10-07,1422.0,1441.9000244140625,1417.199951171875,1433.4000244140625,1371.297607421875,1592836,0.011074327278638663,1437.7950073242187,1458.2900024414062,1430.2953487560922,1470.4903627938972,37.31497855826282,0.012504352912588659,-18.86264583732782,-19.000865116373408,0.13821927904558962,0.03315554215838157,0.02166787199861897,-0.1918234350685296,-0.0030567521014941896,-0.017067920636961054,15.7000732421875,1453.199951171875
2025-10-08,1433.199951171875,1458.699951171875,1427.199951171875,1453.199951171875,1390.2396240234375,1735807,0.013813259676695111,1439.1000061035156,1457.552001953125,1432.476739462357,1469.8123074361708,43.39093042508501,0.012298284072663005,-14.77122261993668,-18.154936617086065,3.3837139971493855,0.04916610842991975,0.018288820708038722,0.08975876989219223,0.00979775207321148,-0.0029858631290123686,19.7999267578125,1486.5
2025-10-09,1453.199951171875,1491.0999755859375,1452.5,1486.5,1422.0968017578125,2681316,0.022914980695720066,1440.2300048828124,1457.9600024414062,1437.6218118945135,1470.4667267523994,48.44745942241191,0.012006714806039893,-8.740944436319069,-16.272138180932668,7.531193744613599,0.06980928391507746,0.015438196057810272,0.54470859951596,0.03212680957924665,0.01957529528299989,33.300048828125,1495.5
2025-10-10,1491.0,1498.5,1473.9000244140625,1495.5,1430.70703125,2129445,0.006054490413723412,1441.6200073242187,1458.422001953125,1443.1340202855122,1471.4484237425015,56.45382777493988,0.012058211189326203,-3.198806891475442,-13.657471923041223,10.458665031565781,0.07319698600645852,0.018941234416427033,-0.2058209476242263,0.0373746149484895,0.02542336717165546,9.0,1494.699951171875
2025-10-13,1490.0,1502.199951171875,1476.5,1494.699951171875,1429.941650390625,1820492,-0.0005349707978100637,1442.9950073242187,1458.7860009765625,1448.0450613223086,1472.360248347575,64.34552139648349,0.012059432987511281,1.115955744451412,-10.702786389542696,11.818742133994109,0.05431332626932206,0.018743184920388956,-0.1450861609480405,0.035831685893033025,0.024619066930495943,-0.800048828125,1495.4000244140625
2025-10-14,1515.4000244140625,1535.0,1490.199951171875,1495.4000244140625,1430.6114501953125,5802489,0.0004683704188512827,1444.440008544922,1459.3360009765624,1452.5550578072375,1473.2637689776334,68.06164543322473,0.01205519861570887,4.539596635287353,-7.654309784576688,12.19390641986404,0.04325380141202673,0.019706801509759675,2.1873191422977962,0.03528011933183425,0.024712625066034576,0.7000732421875,1495.699951171875
2025-10-15,1497.9000244140625,1509.4000244140625,1486.0999755859375,1495.699951171875,1430.8984375,1710696,0.00020056623840836174,1445.0700073242188,1460.2080004882812,1456.6640952705363,1474.1436192597605,65.76146876256553,0.01181034964002677,7.194128850835796,-4.684622057494192,11.878750908329987,0.02924580334986082,0.008495702105961955,-0.7051789326959517,0.03503632598492982,0.024306092468830198,0.2999267578125,1515.0
2025-10-16,1499.9000244140625,1519.9000244140625,1498.0,1515.0,1449.3623046875,2021043,0.012903690217415331,1446.7450073242187,1461.02,1462.2198957209614,1475.7458302691819,76.79196431132914,0.012122365833274895,10.731511218528112,-1.601395402289731,12.332906620817843,0.019172552976791213,0.022612217347283137,0.18141563433830443,0.04717831568813923,0.036946790598349113,19.300048828125,1486.199951171875
2025-10-17,1499.0,1501.300048828125,1479.199951171875,1486.199951171875,1433.161865234375,3210161,-0.019009933219884534,1446.3650024414062,1461.09,1464.5037105258102,1476.1557957947778,76.65682468723554,0.01279834242704746,11.08322842380926,0.9355293629300669,10.147699060879193,-0.006218688617937174,-0.005087761017421477,0.5883684810268757,0.02754142188398433,0.017185766223761084,-28.800048828125,1495.4000244140625
2025-10-20,1489.9000244140625,1509.9000244140625,1489.0999755859375,1495.4000244140625,1442.0335693359375,2354881,0.006190333430527328,1447.7650024414063,1461.7340014648437,1467.4462166104056,1476.9104714269067,81.43184395490086,0.012178749816106334,11.966394715941533,3.1417024335323602,8.824692282409172,0.0004683704188512827,0.019081368089236994,-0.2664290046511686,0.03290245439855774,0.02303156587688401,9.2000732421875,1486.0
2025-10-21,1502.699951171875,1503.0,1481.0,1486.0,1432.9688720703125,274400,-0.006285959783734585,1450.070001220703,1461.9440014648437,1469.2132435998906,1477.2669235278124,78.20007628530158,0.011409492727828097,11.772105450638719,4.867783036953632,6.904322413685087,-0.006285959783734585,0.03201609473178313,-0.8834760652449105,0.02477811329732375,0.016454801627868484,-9.4000244140625,1523.9000244140625
2025-10-23,1510.0,1547.5,1505.5,1523.9000244140625,1469.516357421875,5011470,0.02550472706195328,1454.775,1462.9080029296874,1474.4215084393354,1479.0956725821752,81.63838382329023,0.012386719643447081,14.509093239337062,6.7960450774303185,7.713048161906744,0.01885409785571812,0.06581338115288404,17.263374635568514,0.04751595567291327,0.04169231514369299,37.9000244140625,1523.800048828125
2025-10-24,1525.0,1532.5999755859375,1516.4000244140625,1523.800048828125,1469.419921875,1491451,-6.560508191866266e-05,1458.85,1463.62400390625,1479.124226571601,1480.8487853761342,81.24697751918288,0.012338199308227776,16.480135839133027,8.73286322977086,7.747272609362167,0.005808613087871395,0.0565069661241564,-0.7023925115784391,0.04452140304220797,0.041114415151208124,-0.0999755859375,1533.5
2025-10-27,1531.4000244140625,1549.5,1526.800048828125,1533.5,1478.7738037109375,1394846,0.00636563253776945,1464.3349975585938,1464.3120043945312,1484.30287166002,1482.9135388907957,79.84533585024383,0.011791074918581404,18.610377447109613,10.708366073238611,7.902011373871002,0.03182616766393287,0.0770473011727768,-0.06477249336384505,0.04723304609718487,0.04724949013449965,9.699951171875,1522.0999755859375
2025-10-28,1535.0,1542.0,1512.0,1522.0999755859375,1467.780517578125,1936466,-0.007433990488465936,1470.6749938964845,1464.7320043945313,1487.9025958434406,1484.4502618984484,73.37898256397585,0.010743435735320684,19.157882429478377,12.398269344486565,6.759613084991813,0.017854721636999304,0.09087645833905644,0.3883009307120642,0.034966924645400375,0.039166189459429575,-11.4000244140625,1557.300048828125
2025-10-29,1530.0,1559.0,1522.0,1557.300048828125,1501.724365234375,2596355,0.023125992908998638,1479.1699951171875,1466.0820043945312,1494.511877080077,1487.3071162878475,75.37784597144834,0.0112395845811312,22.176498928665524,14.353915261322356,7.822583667343167,0.04798119032848258,0.1224592917863152,0.340769732078952,0.05282019914468836,0.06221892374380889,35.2000732421875,1549.800048828125
2025-10-30,1557.699951171875,1559.9000244140625,1538.0999755859375,1549.800048828125,1494.4920654296875,2183395,-0.0048160275893164295,1487.4049987792969,1467.3780053710936,1499.777417246558,1489.7578195247213,67.65196469566212,0.01137205922224206,23.690497622573957,16.221231733572676,7.4692658890012815,0.016995881618953934,0.11890843704080978,-0.1590537503538615,0.04194893125949914,0.0561696053473196,-7.5,1541.5
2025-10-31,1549.800048828125,1558.199951171875,1537.5999755859375,1541.5,1486.4884033203125,1723467,-0.0053555610831222955,1495.0049987792968,1468.686005859375,1503.7509965564095,1491.786924641399,62.87791488448452,0.011628632431117242,23.94458959735175,17.76590330632849,6.178686291023261,0.011615665182244328,0.10939186757826547,-0.21064809619880964,0.031100231275927082,0.0495776454940886,-8.300048828125,1543.5
2025-11-03,1540.0999755859375,1549.699951171875,1528.199951171875,1543.5,1488.4168701171875,2252136,0.0012974375608174604,1502.5049987792968,1469.636005859375,1507.5366159319897,1493.814888380952,63.57062550409933,0.011651086233270182,24.030335849985704,19.018789815059932,5.011546034925772,0.006521030322790944,0.10764262648008605,0.30674738767844123,0.027284435828173227,0.05026006020955695,2.0,1529.0999755859375
2025-11-04,1536.4000244140625,1541.9000244140625,1525.0,1529.0999755859375,1474.5308837890625,1666863,-0.009329461881478762,1508.075,1470.3480053710937,1509.5902692323657,1495.1986172909515,58.70798673188851,0.011711597767524286,22.67494608497327,19.750021069042603,2.9249250159306683,0.004598909475250101,0.0785779983430055,-0.2598746256886796,0.013941598120741644,0.03995786711732622,-14.4000244140625,1526.4000244140625
2025-11-06,1529.0999755859375,1531.9000244140625,1514.300048828125,1526.4000244140625,1471.9271240234375,2474769,-0.001765712651221829,1512.725,1471.5500048828126,1511.191198297289,1496.4222018840148,57.83563837576294,0.01164672212165029,21.139246362663243,20.027866127766732,1.1113802348965116,-0.019842049345156654,0.06488070211803998,0.48468650392983714,0.009039993663132817,0.037273636199415414,-2.699951171875,1512.4000244140625
2025-11-07,1515.0999755859375,1518.800048828125,1490.5,1512.4000244140625,1458.4268798828125,2238714,-0.009171907610112995,1515.6850036621095,1471.7140063476563,1511.3063245941246,1497.048783159703,49.31795052763647,0.011679582598876801,18.578350610281632,19.737963024269714,-1.1596124139880821,-0.024132161076096503,0.04073773412560877,-0.09538466014403768,-0.002167323183979515,0.027645329113484773,-14.0,1540.5
2025-11-10,1518.0,1544.9000244140625,1511.4000244140625,1540.5,1485.5240478515625,1558896,0.018579724366788453,1518.3850036621093,1472.6680053710938,1514.0866746327795,1498.752752447558,64.29700024812588,0.011306487298287456,18.601825203045564,19.510735460024886,-0.9089102569793219,-0.0006487187804087302,0.03632694248234114,-0.30366451453825727,0.014564814776590109,0.046060615414682926,28.0999755859375,1570.0
2025-11-11,1547.800048828125,1572.5,1541.199951171875,1570.0,1513.97119140625,2270763,0.01914962674456344,1522.1100036621094,1475.0720043945312,1519.4117532391815,1501.5467621554967,67.74499276695903,0.011925258509304667,20.76150671927917,19.76088971187574,1.0006170074034273,0.01716877227081315,0.0498161150117018,0.4566481663946793,0.031462900987885234,0.06435482154271761,29.5,1594.0
2025-11-12,1575.0,1600.0,1573.5,1594.0,1537.11474609375,2331564,0.015286624203821653,1527.0750061035155,1477.8560034179689,1526.515395787831,1505.1723793258693,74.02134709556344,0.012234050273563606,24.131496434626797,20.635011056425952,3.4964853782008447,0.042443283925365005,0.06643477090520533,0.026775581599664866,0.043825610156013405,0.07858952178927758,24.0,1598.5
2025-11-13,1599.4000244140625,1605.0,1580.0,1598.5,1541.4542236328125,1944022,0.0028230865746550204,1532.2300048828124,1480.4580029296876,1533.371072379466,1508.8322860189726,69.48797441753527,0.012216765518187796,26.85577331776676,21.879163508694113,4.976609809072649,0.04723530819754429,0.06894474649104998,-0.1662154673858406,0.04325068358275364,0.07973343170607902,4.5,1594.5999755859375
2025-11-14,1590.0,1598.0,1574.0999755859375,1594.5999755859375,1537.6932373046875,2543918,-0.0024398025737019102,1537.1750061035157,1483.0360034179687,1539.2023964943683,1512.1957248255203,68.13522033620603,0.012267430582494415,28.373016525740468,23.177934112103383,5.195082413637085,0.05435066771023167,0.06612290408686228,0.30858498514934496,0.03735747019982105,0.07522674561564666,-3.9000244140625,1606.4000244140625
2025-11-17,1594.0,1607.699951171875,1585.5,1606.4000244140625,1549.0721435546875,2000978,0.007400005649560448,1541.7450073242187,1485.8420043945312,1545.6021705819583,1515.8900110838945,68.47439464499719,0.012100730295372748,30.1797150535956,24.578290300401825,5.6014247531937755,0.04277833457582769,0.06033004911819306,-0.2134266906401857,0.04193625844915564,0.08113784619291187,11.800048828125,1595.199951171875
2025-11-18,1604.0,1604.0,1590.0999755859375,1595.199951171875,1538.2718505859375,1640123,-0.006972157041813309,1547.1950073242188,1488.8800024414063,1550.325768733379,1519.000204812835,68.54385948614092,0.011215186818357169,30.357838085403728,25.734199857402206,4.623638228001521,0.016050924313296244,0.07334141002632455,-0.18033931407541715,0.031027080374747284,0.07140934699648693,-11.2000732421875,1662.5999755859375
2025-11-19,1595.300048828125,1669.5,1588.5999755859375,1662.5999755859375,1603.2666015625,6342672,0.042251771863802245,1555.5550048828125,1493.752001953125,1561.0185503383846,1524.6315683725645,72.9611531350433,0.014163969136724427,35.52807502272367,27.692974890466502,7.835100132257168,0.04303637113295955,0.11180951480684143,2.867192887362716,0.06881464838409186,0.11303614884668856,67.4000244140625,1645.4000244140625
2025-11-20,1662.5999755859375,1668.4000244140625,1642.5999755859375,1645.4000244140625,1586.680419921875,2724035,-0.01034521317481274,1563.5250061035156,1498.6000024414063,1569.0548812027348,1529.3675862565449,69.99998467737446,0.014367963036265736,37.80187623314987,29.714755159003175,8.087121074146694,0.029340021528972526,0.10726784953840007,-0.5705224864221262,0.05236565964147187,0.0979581087238093,-17.199951171875,1608.0
2025-11-21,1636.0,1643.5,1606.0,1608.0,1550.614990234375,2958835,-0.02273004975029147,1567.7300048828124,1502.2180029296876,1572.7639401358076,1532.4512103249156,62.4020842553486,0.014822165363349874,36.16907607457688,31.005619342117917,5.163456732458961,0.008403376783659322,0.05518733134627629,0.08619566195001171,0.025686817877927755,0.07041720766494076,-37.4000244140625,1610.4000244140625
2025-11-24,1614.300048828125,1640.0,1602.9000244140625,1610.4000244140625,1552.9295654296875,6392688,0.00149255249630742,1572.0600036621095,1505.1480029296874,1576.348329114689,1535.5080265637057,62.45809944111372,0.014810441113445661,34.669088426963754,31.738313159087085,2.930775267876669,0.002490039802793831,0.05683158735461191,1.1605422404426067,0.02438839526649114,0.06992802121752002,2.4000244140625,1601.0999755859375
2025-11-25,1618.300048828125,1618.9000244140625,1592.5999755859375,1601.0999755859375,1543.9613037109375,2285950,-0.005774992975120408,1575.4400024414062,1507.8160034179687,1578.7056287786177,1538.0802598586952,63.66741836726182,0.014908132949725367,32.356910865742066,31.862032700418084,0.494878165323982,0.00369861120527748,0.04408214906158303,-0.6424117679448771,0.016287496258040202,0.06186694660124946,-9.300048828125,1617.9000244140625
2025-11-26,1601.0999755859375,1627.5,1601.0999755859375,1617.9000244140625,1560.161865234375,1243303,0.010492816866090271,1580.2300048828124,1510.8300048828125,1582.4384283629458,1541.2104467040037,66.48647198191864,0.014833114550948372,31.516810849754847,31.792988330285436,-0.2761774805305883,-0.02688557189237406,0.06293939318358266,-0.4561110260504385,0.023838314305418877,0.07086834335114679,16.800048828125,1629.0
2025-11-27,1619.0999755859375,1633.199951171875,1614.0,1629.0,1570.8656005859375,2106176,0.006860730217219446,1583.8150024414062,1514.0800048828125,1586.872863756951,1544.653174284239,71.23085984819016,0.014109028506771015,31.38491503383102,31.711373670994554,-0.3264586371635332,-0.009967195922403471,0.046041192399518316,0.6940166636773175,0.028529214263624442,0.07590087363057284,11.0999755859375,1624.199951171875
2025-11-28,1629.0,1636.9000244140625,1619.0,1624.199951171875,1566.2369384765625,1841289,-0.002946622976135682,1587.5349975585937,1516.9020043945313,1590.4278244631341,1547.7726557308129,66.65337317817679,0.014065203398014946,30.54100512869718,31.47729996253508,-0.936294833837902,0.010074596499922261,0.04800612982300989,-0.12576679251876388,0.023095524614995512,0.07073492319642062,-4.800048828125,1642.9000244140625
2025-12-01,1630.0,1646.5,1628.0,1642.9000244140625,1584.2696533203125,2034350,0.011513405864034931,1592.604998779297,1520.1300048828125,1595.4251768394129,1551.5031407772149,65.15590715361395,0.014078897836890862,31.02352024651691,31.386544019331446,-0.363023772814536,0.020181321104875805,0.06578010017130231,0.1048510038348136,0.0315803514828321,0.08076284208383505,18.7000732421875,1635.5
2025-12-02,1651.0,1652.9000244140625,1624.0,1635.5,1577.1337890625,2326220,-0.004504245117837757,1597.2049987792968,1522.96400390625,1599.2418266642308,1554.7971352565398,59.26751397890734,0.014181371316263491,30.457699428342266,31.200775101133612,-0.7430756727913455,0.02148524448104716,0.05960479429867194,0.14347088750706605,0.023976259309212697,0.0738927484859173,-7.4000244140625,1640.5
2025-12-03,1635.5,1654.5999755859375,1628.800048828125,1640.5,1581.955322265625,2371611,0.00305716906144915,1602.775,1526.4260034179688,1603.1711765057325,1558.158031913146,59.358272479611465,0.013882195273952342,30.066156628594626,30.97385140662582,-0.9076947780311926,0.013968709589532446,0.07285332953548385,0.01951277179286559,0.02353730249099213,0.07473273930514616,5.0,1654.5999755859375
2025-12-04,1650.0,1672.0,1645.0999755859375,1654.5999755859375,1595.552001953125,3935708,0.008594925684814125,1609.1849975585938,1530.7200024414062,1608.069157370514,1561.9400689199222,62.78770515431517,0.01386422272627583,30.541542440449803,30.887389613390617,-0.3458471729408146,0.01571514768934157,0.08398843626924535,0.6595082414443179,0.028222347397127097,0.0809292182417099,14.0999755859375,1683.0
2025-12-05,1662.699951171875,1691.0,1651.0,1683.0,1622.9385986328125,3391204,0.017164284318332168,1617.7149963378906,1535.7840014648436,1615.2054280971315,1566.6875171975723,65.2467911633257,0.013784703351445436,32.83147295923095,31.276206282558686,1.5552666766722645,0.03620246927461124,0.1128008283734534,-0.13834969464198055,0.04035630739029964,0.09585722887772011,28.4000244140625,1688.5999755859375
2025-12-08,1683.0,1695.4000244140625,1676.9000244140625,1688.5999755859375,1628.3387451171875,2702407,0.0033273770564097305,1625.1199951171875,1540.71,1622.1953850008274,1571.4683979186848,69.01464593925218,0.013437489456792412,34.69815192570991,31.960595411188933,2.737556514520975,0.027816635518143507,0.0961376018084632,-0.20311281774850465,0.039061718925052336,0.09598819738038791,5.5999755859375,1657.5999755859375
2025-12-09,1687.0,1687.0,1656.4000244140625,1657.5999755859375,1598.4449462890625,2817704,-0.018358403676538626,1629.4999938964843,1545.3859985351562,1625.567250770838,1574.8461068468125,48.80497243500871,0.01392119095351338,33.29229468376957,32.226935265705066,1.065359418064503,0.013512672324021757,0.05579616279359079,0.04266455792928303,0.01724454237171252,0.07261226461036073,-31.0,1666.0
2025-12-10,1663.300048828125,1671.0,1657.0,1666.0,1606.545166015625,1482249,0.0050675823707666545,1633.0999938964844,1550.7999975585938,1629.417988792663,1578.420769323408,55.13970757986183,0.013623497106006422,32.48152762771565,32.27785373810718,0.2036738896084671,0.015544041450777257,0.04516938519447922,-0.4739514867423974,0.02014573891768747,0.07428424208328879,8.4000244140625,1672.4000244140625
2025-12-11,1667.5,1677.4000244140625,1649.0,1672.4000244140625,1612.7169189453125,1408684,0.0038415512689451425,1636.7949951171875,1556.4999975585938,1633.511515994701,1582.1062303073554,69.00824153453813,0.01362746321010081,31.986694672353906,32.21962192495653,-0.2329272526026216,0.010757916771890086,0.046230856686933164,-0.04963066259447635,0.02175289477490483,0.0744619511964411,6.4000244140625,1673.199951171875
2025-12-12,1677.4000244140625,1677.9000244140625,1660.0,1673.199951171875,1613.4881591796875,1284337,0.00047831065901404735,1640.7249938964844,1562.2619970703124,1637.2913669639556,1585.6785330863563,68.71271239521641,0.013589052666018104,31.298296119091447,32.03535676378351,-0.7370606446920647,-0.005822964247251927,0.04929134377858979,-0.08827174866755072,0.019793053312528175,0.07101110716999001,0.7999267578125,1684.0
2025-12-15,1673.199951171875,1688.0,1660.0,1684.0,1623.90283203125,1689723,0.006454726956309553,1644.6049926757812,1568.1519970703125,1641.7398082054835,1589.5342768868913,74.48314847354581,0.013572730778965144,31.263819140641317,31.88104923915507,-0.6172300985137547,-0.002724135764802016,0.04830675697620346,0.315638341027316,0.023954084719226654,0.07387549366778194,10.800048828125,1651.699951171875
2025-12-16,1681.0,1682.0,1645.4000244140625,1651.699951171875,1592.7554931640625,1929309,-0.019180551560644354,1647.4299926757812,1573.31599609375,1642.6883932499018,1591.9721464666948,59.14499337135037,0.014275062490872613,28.30388235196915,31.16561586171789,-2.8617335097487384,-0.003559377715348311,0.035418757352953634,0.14179010405847592,0.002591890711640145,0.0498208594285812,-32.300048828125,1655.0
2025-12-17,1651.0,1664.5,1646.300048828125,1655.0,1595.937744140625,1394918,0.001997971136212584,1647.0499938964845,1578.0619970703126,1643.8609272261017,1594.4438269974128,57.34462263773581,0.010656091445381712,25.92554394996,30.117601479366314,-4.192057529406313,-0.006602641056422609,-0.004571138997676916,-0.27698569798824346,0.0048268152958174165,0.048754740354006086,3.300048828125,1661.4000244140625
2025-12-18,1657.0,1673.9000244140625,1651.199951171875,1661.4000244140625,1602.109375,1822056,0.0038670842381043347,1647.8499938964844,1582.6219970703125,1645.531317434479,1597.0695602294384,60.41434139866707,0.010413287126592211,24.277268870875787,28.94953495766821,-4.672266086792423,-0.006577373737993053,0.00972407910696238,0.3062101141429101,0.00822285436645714,0.04977690660788282,6.4000244140625,1642.4000244140625
2025-12-19,1675.0,1681.0,1632.5,1642.4000244140625,1583.7874755859375,3487150,-0.011436138028648957,1649.5699951171875,1586.4059985351562,1645.233099051582,1598.8472254915805,49.86025724130873,0.00933568357108942,21.193551713520492,27.398338308838667,-6.204786595318176,-0.01840779802571768,0.021393050008745362,0.9138544589189355,-0.004346569545001746,0.03529615113067504,-19.0,1670.300048828125
2025-12-22,1651.9000244140625,1673.5,1644.0,1670.300048828125,1610.69189453125,1339691,0.016987350218784947,1652.5649963378905,1590.0819995117188,1647.620427601729,1601.6492969949745,58.7261843688896,0.009989940614695764,20.761655013996005,26.071001649870137,-5.309346635874132,-0.0081353629286669,0.037195742365849105,-0.6158206558364281,0.010731833561485094,0.05044900158673548,27.9000244140625,1679.9000244140625
2025-12-23,1675.0999755859375,1686.9000244140625,1656.199951171875,1679.9000244140625,1619.94921875,1614314,0.005747455729689266,1656.5049987792968,1593.77,1650.6946749171893,1604.7179529721936,59.65686295042572,0.009856895915861565,20.952484370067623,25.047298193909636,-4.0948138238420135,0.017073363247470885,0.049216195134402785,0.20498980735109806,0.014123124078711418,0.05404169008957536,9.5999755859375,1674.699951171875
2025-12-24,1676.0,1680.0,1665.0999755859375,1674.699951171875,1614.9346923828125,989858,-0.003095465900717076,1659.3449951171874,1597.37,1652.9808917033497,1607.4623450584556,55.15119245229659,0.00974106649333481,20.448399141173468,24.127518383362403,-3.6791192421889356,0.011903293759440992,0.03510719197768908,-0.3868243724578986,0.009253624833817746,0.048410794726253224,-5.2000732421875,1660.9000244140625
2025-12-26,1668.0,1676.4000244140625,1650.5,1660.9000244140625,1601.627197265625,921138,-0.008240238347266948,1660.9399963378905,1600.68,1653.7350948186556,1609.557940327303,43.87812724654873,0.009909656805763835,18.719581523710758,23.045931011432074,-4.326349487721316,-0.0003009510007538907,0.01958258097855281,-0.06942409921423076,-2.4065844591716623e-05,0.03762152611019219,-13.7999267578125,1630.800048828125
2025-12-29,1659.699951171875,1660.800048828125,1625.4000244140625,1630.800048828125,1572.6014404296875,1516288,-0.018122689592081964,1661.270001220703,1603.382001953125,1651.5508047243193,1610.3909641900802,35.90246528292607,0.010772583799837464,14.750628568430784,21.38687052283182,-6.6362419544010365,-0.007062819905933604,0.0040635992209505645,0.6461029726273371,-0.01834136074821596,0.017100133868037295,-30.0999755859375,1615.199951171875
2025-12-30,1630.800048828125,1635.699951171875,1611.0999755859375,1615.199951171875,1557.55810546875,3323273,-0.009565916843981004,1659.8849975585938,1605.3860009765624,1648.0888186717057,1610.5795519148567,38.81857192064151,0.01064383697134688,10.22849947626355,19.155196313518168,-8.926696837254617,-0.032988143474526055,-0.01686047405840574,1.191716217499578,-0.026920567661279447,0.0061131405091004514,-15.60009765625,1623.300048828125
2025-12-31,1624.5,1631.699951171875,1616.800048828125,1623.300048828125,1565.369140625,1359963,0.005014919453392164,1659.275,1608.1280029296875,1645.7279834485075,1611.0783949310633,38.721636268433045,0.010682048358572307,7.215118382599485,16.76718072733443,-9.552062344734946,-0.0336924666726397,-0.007459462654769156,-0.59077602110931,-0.02168112649914878,0.009434600896692995,8.10009765625,1634.5
2026-01-01,1622.9000244140625,1645.699951171875,1618.4000244140625,1634.5,1576.1693115234375,773806,0.006899495370532582,1658.975,1610.9100024414063,1644.658651691507,1611.9968892474922,40.2369960045759,0.010780084350338455,5.6654270963445015,14.546830001136446,-8.881402904791944,-0.02400427082101786,-0.003657421517829884,-0.43100952011194427,-0.014753085489534147,0.014643895390085123,11.199951171875,1640.199951171875
2026-01-02,1632.0,1643.0,1625.0999755859375,1640.199951171875,1581.666015625,950573,0.003487275112802113,1658.2549987792968,1613.9940014648437,1644.23401354678,1613.1028916758994,41.70855288582453,0.01062190483627404,4.84141518952697,12.60574703881455,-7.764331849287581,-0.012463166318207541,-0.008703024674567073,0.22843839411945632,-0.010887980208540168,0.01623670824256291,5.699951171875,1607.5999755859375
2026-01-05,1625.0,1633.5,1580.0999755859375,1607.5999755859375,1550.2294921875,3245802,-0.01987561063067078,1654.4849975585937,1615.6680004882812,1640.7450575505093,1612.8870910449205,32.69928322446711,0.010630429227763048,1.540081139557742,10.39261385896319,-8.852532719405447,-0.014226191162343138,-0.044800965189579656,2.4145741568506573,-0.028338136665996435,-0.004993615581855576,-32.5999755859375,1616.300048828125
2026-01-06,1600.300048828125,1626.0,1597.300048828125,1616.300048828125,1558.6190185546875,2112043,0.005411839620746761,1650.8700012207032,1617.5180004882814,1638.4169614817108,1613.0209325266148,41.024374421218916,0.010697840830576965,-0.36996198727592855,8.240098689715365,-8.610060676991294,0.0006810906943452988,-0.04281649165174528,-0.349300111343822,-0.020940444957517033,-0.0007529756452717653,8.7000732421875,1647.699951171875
2026-01-07,1620.800048828125,1654.5,1616.699951171875,1647.699951171875,1588.8983154296875,3816569,0.01942702554919551,1650.375,1619.8019995117188,1639.301055737917,1614.3808940421152,48.37992737549426,0.01101306163211256,0.6426170830800402,6.720602368388301,-6.0779852853082605,0.015031048857150342,-0.005972505164017594,0.8070508034164077,-0.001620873333712035,0.01722306286111876,31.39990234375,1646.699951171875
2026-01-08,1653.300048828125,1660.5999755859375,1635.4000244140625,1646.699951171875,1587.9339599609375,3266398,-0.000606906615059799,1649.4099975585937,1622.2939990234374,1640.005712445913,1615.648308047204,46.65755534103355,0.010941947040926188,1.348852912184384,5.6462524771475175,-4.297399564963134,0.007464026412893787,-0.011584663162139908,-0.14415329580049518,-0.001643039869244146,0.01504409938218909,-1.0,1661.4000244140625
2026-01-09,1647.0999755859375,1675.0,1647.0999755859375,1661.4000244140625,1602.109375,3281306,0.008926989541553132,1648.8599975585937,1624.3759985351562,1642.0432659666892,1617.4424930027672,54.40630598189555,0.011106618408336997,3.0594554538827197,5.128893072494558,-2.069437618611838,0.012925298057130608,-0.006577373737993053,0.004564048839118762,0.007605270838055597,0.022792768369080885,14.7000732421875,1667.5999755859375
2026-01-12,1659.199951171875,1677.199951171875,1641.5,1667.5999755859375,1608.088134765625,4175707,0.003731763019602541,1648.5799987792968,1626.7319970703124,1644.4772383113796,1619.409453104068,49.303746028308474,0.011141942745423048,4.8593885307032,5.074992164136287,-0.21560363343308708,0.03732271766061168,-0.003346865735930349,0.27257470043939813,0.011537187652843145,0.02512274830102737,6.199951171875,1665.0
2026-01-13,1685.0,1697.5999755859375,1626.0,1665.0,1605.580810546875,7149266,-0.0015591122715290506,1647.6299987792968,1629.2019970703125,1646.431787043629,1621.1973176882223,46.0139051718226,0.011037096359414985,6.006809401348846,5.261355611578799,0.7454537897700471,0.030130513952025373,-0.01128266033254155,0.7121091111038202,0.010542416218187564,0.021972722224782894,-2.5999755859375,1668.5
2026-01-14,1665.0,1677.9000244140625,1649.199951171875,1668.5,1608.9560546875,2470615,0.0021021021021021546,1648.4700012207031,1631.7019970703125,1648.5335216109024,1623.0523248377037,48.326146650513664,0.01013094072514946,7.116534477765299,5.632391384816099,1.4841430929491999,0.01262368722735685,0.010171368483849363,-0.6544239646419646,0.0121506601663752,0.022551913888539443,3.5,1668.5
2026-01-15,1668.5,1668.5,1668.5,1668.5,1608.9560546875,0,0.0,1649.145001220703,1634.4899975585938,1650.4350909812927,1624.8345866087743,52.217028734948634,0.010125812100392519,7.904877093444384,6.086888526541756,1.8179885669026277,0.013238628453599466,0.00815709969788525,-1.0,0.011736383862528935,0.020807715245860343,0.0,1698.0
2026-01-16,1670.0,1700.9000244140625,1664.800048828125,1698.0,1649.264892578125,3098089,0.017680551393467248,1650.975,1637.9219970703125,1654.9650823164077,1627.7038185064694,69.67211122975084,0.010818221382529972,10.785716725746624,7.02665416638273,3.759062559363894,0.022029598560313834,0.022029598560313834,inf,0.0284831690364785,0.0366794041701294,29.5,1716.800048828125
2026-01-19,1698.0,1719.0,1685.0999755859375,1716.800048828125,1667.525390625,2087629,0.01107187799065068,1654.695001220703,1642.0099975585938,1660.854126746095,1631.197788323005,79.19543036099138,0.010609178338334914,14.419589657848064,8.505241264675798,5.914348393172267,0.029503522404946247,0.04529957580864341,-0.3261558980390815,0.03753262538510467,0.0455478659574132,18.800048828125,1687.300048828125
2026-01-20,1720.0,1720.0,1681.800048828125,1687.300048828125,1638.8720703125,1739341,-0.01718313091855772,1655.5450012207032,1644.9459985351561,1663.3727859920027,1633.3978769702646,66.37667143953081,0.010862923506447018,14.749038939034563,9.754000799547551,4.995038139487011,0.01339342271959465,0.01017781207150592,-0.16683424114150547,0.01918102352035583,0.02574798828088316,-29.5,1682.5
2026-01-21,1687.5999755859375,1694.9000244140625,1668.9000244140625,1682.5,1634.209716796875,1728435,-0.002844810460035707,1655.675,1647.1959985351561,1665.1944254213358,1635.3234504224113,62.6984126984127,0.01081688639043274,14.456164378871108,10.694433515412264,3.761730863458844,0.00839077015283185,0.0015476966177463414,-0.006270190836644485,0.016201851208721547,0.02143278729200383,-4.800048828125,1703.0999755859375
2026-01-22,1690.5999755859375,1709.0,1681.5,1703.0999755859375,1654.218505859375,1853439,0.012243670481983715,1657.0950012207031,1649.377998046875,1668.8044778179644,1637.9813533700005,65.42423170247655,0.011115604370166893,15.705264535127071,11.696599719355227,4.008664815771844,0.02073717445965695,0.01695827625371904,0.07232207170070026,0.027762424200993122,0.032571052604483494,20.5999755859375,1707.0
2026-01-23,1712.699951171875,1721.0,1698.800048828125,1707.0,1658.006591796875,1874357,0.002289956238605839,1659.4,1651.547998046875,1672.442146597206,1640.687966963334,78.36757501712259,0.010907315930261135,16.816039943741544,12.720487764232491,4.095552179509053,0.005300353356890497,0.027756020776868118,0.011286047180403491,0.02868506689164753,0.03357577377024632,3.9000244140625,1720.199951171875
2026-01-27,1720.0,1725.5,1700.5,1720.199951171875,1670.8277587890625,2671530,0.007732836070225568,1663.8699951171875,1654.0599975585938,1676.9905089376507,1643.80608399112,78.90927394976707,0.009959382683569743,18.547657352306942,13.885921681847382,4.66173567045956,0.001980371765524236,0.05481965885884765,0.4253047845207716,0.03385478205628688,0.03998642957988487,13.199951171875,1729.5999755859375
2026-01-28,1705.0999755859375,1734.4000244140625,1691.0,1729.5999755859375,1679.9578857421875,2713867,0.0054644952219995435,1669.5899963378906,1656.5239965820313,1682.0009343327258,1647.1705503281717,75.96702167927491,0.009541908744216893,20.442827841025064,15.197302913682918,5.245524927342146,0.0250695937496066,0.07082715940590623,0.015847473170804705,0.035942943704546544,0.044114047942973765,9.4000244140625,1721.5999755859375
2026-01-29,1722.800048828125,1725.0,1696.0999755859375,1721.5999755859375,1672.1875,2235602,-0.004625346966306343,1674.5049926757813,1659.0519970703126,1685.7722715949365,1650.0893513186725,72.73830938251126,0.009701948353599906,21.056504687273673,16.36914326840107,4.687361418872602,0.023239212829680556,0.060555611286265965,-0.1762300805455831,0.028124719314751405,0.037701035667403515,-8.0,1695.5999755859375
2026-01-30,1713.199951171875,1713.199951171875,1683.0,1695.5999755859375,1646.9337158203125,4448681,-0.015102230697436547,1677.559991455078,1659.7119970703125,1686.708243403603,1651.8740816820948,59.71589521928268,0.010453440639007478,19.22327139373897,16.939968893468652,2.2833025002703167,-0.004403734429870854,0.037381447284146496,0.9899253087087951,0.010753704322199522,0.021623015667160156,-26.0,1676.800048828125
2026-02-02,1670.0,1688.5,1653.5999755859375,1676.800048828125,1628.67333984375,1916380,-0.011087477605863927,1679.3899963378906,1660.3399975585937,1685.7646058249861,1652.851570589782,52.439044123310445,0.010837113273515504,16.0681996258877,16.765615039952465,-0.6974154140647641,-0.017691828454525438,0.022314412111828386,-0.5692251253798598,-0.0015421953896434229,0.00991366304114492,-18.7999267578125,1695.300048828125
2026-02-03,1780.0,1780.0999755859375,1689.0999755859375,1695.300048828125,1646.6424560546875,3200948,0.011032919526051455,1683.775,1662.0859985351562,1686.6727432538564,1654.5162167952074,57.40832489685208,0.009837182192561139,14.888947390381873,16.39028151003835,-1.5013341196564767,-0.014475004680000736,0.054553417873885346,0.6703096463123179,0.006844767755861032,0.01998335243918861,18.5,1621.800048828125
2026-02-04,1642.0,1645.0,1586.0,1621.800048828125,1575.251953125,5834470,-0.043355157130330335,1684.05,1662.3139990234374,1680.4943914037867,1653.2332298161061,41.49363366632514,0.01420520142589844,7.932109343869797,14.698647076804638,-6.766537732934841,-0.06232650802466222,0.0034028335295712697,0.8227318906773868,-0.03696443168069532,-0.024372020099158898,-73.5,1610.0
2026-02-05,1613.699951171875,1631.800048828125,1600.199951171875,1610.0,1563.7906494140625,3184531,-0.007275896209678501,1682.1650024414062,1662.4919995117189,1673.7806398415212,1651.537809039004,39.78344568234437,0.013549332173788805,1.4498863599558263,12.048894933434877,-10.59900857347905,-0.06482340681258147,-0.02288034975364417,-0.4541867556093355,-0.04290007361743328,-0.03157428699033498,-11.800048828125,1593.699951171875
2026-02-06,1612.0,1612.0,1574.0999755859375,1593.699951171875,1547.95849609375,3342992,-0.010124253930512417,1679.5150024414063,1662.007998046875,1666.1539075872693,1649.269657750097,30.90442850016717,0.013698588115757627,-4.945590087917708,8.64999792916436,-13.595588017082068,-0.060096736188527955,-0.032185584242158116,0.04975960353345599,-0.051095138265979945,-0.0410997100827871,-16.300048828125,1602.0
2026-02-09,1600.4000244140625,1619.9000244140625,1594.4000244140625,1602.0,1556.0201416015625,1863558,0.005208037323475967,1676.5450012207032,1661.467998046875,1660.0440116265768,1647.4159456814657,28.14165915155121,0.013573642748880742,-9.23781885038511,5.072434573254467,-14.310253423639578,-0.04460880644678,-0.03575299358443884,-0.442547873282377,-0.044463465738424246,-0.03579244265720562,8.300048828125,1573.0999755859375
2026-02-10,1595.0,1602.4000244140625,1567.800048828125,1573.0999755859375,1527.94970703125,3234785,-0.018039965302161343,1671.820001220703,1660.4459985351561,1651.763627241754,1644.5015939130135,28.206103046864257,0.013979528649658046,-14.800816906996943,1.0977842772041853,-15.898601184201128,-0.0720816785952777,-0.05666826660080515,0.735811281430468,-0.05904943448617896,-0.05260395280923031,-28.9000244140625,1551.5999755859375
2026-02-11,1574.0,1578.0999755859375,1546.0999755859375,1551.5999755859375,1507.0667724609375,2944646,-0.01366728137669182,1666.15,1658.6199975585937,1642.224231845962,1640.8583931943047,26.51596878119372,0.014182820749306602,-20.70572060483255,-3.262916699203162,-17.442803905629386,-0.04328528248159347,-0.0681081227712087,-0.08969344175888039,-0.06875132755998115,-0.06452353289492732,-21.5,1476.0999755859375
2026-02-12,1529.0,1535.0,1469.5,1476.0999755859375,1433.7337646484375,5397659,-0.04865944907706554,1656.5299987792969,1655.4319970703125,1626.4028741069123,1634.3972787782902,15.97722818506088,0.0173338299068589,-31.118899050660048,-8.83411316949454,-22.284785881165508,-0.08316771702736803,-0.11531317016126008,0.8330417306528526,-0.108920468283894,-0.1083294401713549,-75.5,1455.199951171875
2026-02-13,1423.0,1476.800048828125,1396.0,1455.199951171875,1413.43359375,7214938,-0.014158949095413598,1645.8649963378907,1651.72599609375,1610.0978338273849,1627.3699325976465,14.090134242488816,0.017366621548305722,-40.58997927856217,-15.185286391308066,-25.4046928872541,-0.08690468986847777,-0.1278394059503296,0.3366791047748663,-0.11584488739371233,-0.11898223154848278,-20.9000244140625,1461.800048828125
2026-02-16,1451.0999755859375,1467.0,1446.800048828125,1461.800048828125,1419.84423828125,2388700,0.004535526304089599,1634.054998779297,1647.8699975585937,1595.9742352560268,1620.876995979234,12.441901314738914,0.01662966078435238,-47.02127389731959,-21.552483892510374,-25.468790004809215,-0.08751557501365481,-0.13910480045457896,-0.6689230039121612,-0.105415637833398,-0.11291542961892694,6.60009765625,1482.5999755859375
2026-02-17,1464.0,1510.699951171875,1458.0,1482.5999755859375,1440.0472412109375,2840341,0.014228982120014999,1622.3449951171874,1643.8619970703126,1585.1766867160181,1615.4543677285164,15.2504363822963,0.01682731408718437,-49.86492909774756,-27.214972933557814,-22.64995616418975,-0.0575297192832841,-0.13641662778496,0.18907397329091147,-0.08613767105753956,-0.0980994887477026,20.7999267578125,1467.199951171875
2026-02-18,1483.199951171875,1483.199951171875,1443.4000244140625,1467.199951171875,1425.0892333984375,2036245,-0.010387174334045346,1611.339990234375,1639.4339965820313,1573.9408071403855,1609.640469040021,14.939373679997601,0.016682454034053214,-52.75309475962922,-32.322597298772095,-20.430497460857126,-0.05439547933879685,-0.13044514389074746,-0.2830984026213754,-0.0894535231149661,-0.10505701709811918,-15.4000244140625,1450.4000244140625
2026-02-19,1470.0,1501.800048828125,1443.0,1450.4000244140625,1408.7713623046875,2397127,-0.01145033214075164,1599.7349914550782,1635.2899975585938,1562.175018309307,1603.395745721356,15.328070778667524,0.016685246268897485,-55.75489284281343,-37.00905640758037,-18.745836435233066,-0.017410711738324758,-0.13794946542997766,0.1772291644669477,-0.0933498159624454,-0.11306249865195944,-16.7999267578125,1436.5
2026-02-20,1443.0,1455.0,1431.0,1436.5,1395.2703857421875,2392491,-0.009583579826315747,1586.4049926757812,1630.6999975585939,1550.205968946516,1596.850814516597,15.543459387401313,0.01604392356958016,-58.58017941004459,-41.32328100807322,-17.256898401971377,-0.012850434166669644,-0.1565380655320695,-0.0019339818040512435,-0.09449352048680658,-0.11908996004742799,-13.9000244140625,1426.199951171875
2026-02-23,1438.199951171875,1441.5999755859375,1415.5,1426.199951171875,1385.265869140625,2629763,-0.007170239351287799,1572.364990234375,1625.77599609375,1538.3958720155977,1590.158623797196,10.484595490464187,0.015851992338781033,-60.9477989414861,-45.2481845947558,-15.6996143467303,-0.024353602727534063,-0.16449914987002046,0.09917362280568653,-0.09295872139757627,-0.12275740655625142,-10.300048828125,1339.199951171875
2026-02-24,1402.300048828125,1406.699951171875,1322.5,1339.199951171875,1300.762939453125,10004684,-0.06100126418354879,1553.314990234375,1619.09599609375,1519.4248319352432,1580.3171072236541,10.084759497512039,0.019175801129400472,-69.04838063772672,-50.008223803349985,-19.040156834376738,-0.09672199296873008,-0.2214858800225208,2.8044051878439236,-0.1378439276055611,-0.17287180352317313,-87.0,1378.199951171875
2026-02-25,1355.0,1391.4000244140625,1354.0,1378.199951171875,1338.6436767578125,5703505,0.02912186486108581,1535.7449890136718,1612.9799951171874,1505.9748432911128,1572.3909442412316,19.596021765138374,0.0209722588339074,-71.49700298506355,-54.305979639692694,-17.19102334537085,-0.06065976210598589,-0.20316837961044631,-0.429916527098707,-0.10258541552720916,-0.14555669918786251,39.0,1373.5
2026-02-26,1391.0,1405.0,1368.0,1373.5,1334.0784912109375,2329520,-0.003410209939333275,1518.339990234375,1607.41599609375,1493.3581915491022,1564.5912993690265,20.21105343745417,0.02099368548001538,-72.97558351608882,-58.03990041497192,-14.9356831011169,-0.053019872531461676,-0.20219562065657182,-0.5915634333624675,-0.09539364777714708,-0.1455229988143699,-4.699951171875,1389.0999755859375
2026-02-27,1398.0,1404.800048828125,1382.0,1389.0999755859375,1349.230712890625,8651443,0.011357827146659893,1503.014990234375,1602.0979956054687,1483.4288376478485,1557.7092866716505,21.75643265809788,0.021549105534944938,-72.05794247780227,-60.84350882753799,-11.214433650264283,-0.03299688438152626,-0.1807619747659437,2.713830746248154,-0.07579100367500265,-0.13294943293342956,15.5999755859375,1371.0
2026-03-02,1351.0,1386.0,1350.0,1371.0,1331.6502685546875,2088938,-0.013030002090600235,1487.7249877929687,1596.2899951171876,1472.7213293004343,1550.3873538609976,22.398253337427903,0.02156009022325807,-71.96169250904518,-63.06714556383943,-8.894546945205747,-0.038704216142006254,-0.1823712070153154,-0.7585445572490046,-0.0784587129682681,-0.1411335006836577,-18.0999755859375,1364.0
2026-03-04,1356.0,1382.0,1356.0,1364.0,1324.8511962890625,3161598,-0.0051057622173595885,1471.1599853515625,1590.7219946289063,1462.3669169861073,1543.0780458664487,23.321958388463457,0.021035297929340724,-71.62461127985875,-64.7786387070433,-6.845972572815455,0.018518555654384317,-0.1954226622344144,0.5134953742045001,-0.07284047038973432,-0.14252772979466938,-7.0,1354.0999755859375
2026-03-05,1378.199951171875,1378.199951171875,1332.5,1354.0999755859375,1315.2352294921875,2217963,-0.00725808241500181,1457.7749816894532,1584.3979931640624,1452.0557797099007,1535.6671411495659,28.671328671328666,0.019574676793304227,-71.33402695065092,-66.08971635576482,-5.244310594886102,-0.017486559599313223,-0.1650635498720211,-0.298467736884955,-0.07111866193736156,-0.14535364130209288,-9.9000244140625,1356.699951171875
2026-03-06,1356.0,1380.800048828125,1354.199951171875,1356.699951171875,1317.7606201171875,1871596,0.001920076532615278,1445.1099792480468,1577.9339916992187,1442.9742722300887,1528.6488199739701,31.602536801219145,0.01971966818360707,-70.08603232175915,-66.88897954896369,-3.197052772795459,-0.012231560850473278,-0.15732922287461182,-0.15616446261727535,-0.06117875410574311,-0.14020487656084077,2.5999755859375,1358.5999755859375
2026-03-09,1330.0,1372.699951171875,1328.0,1358.5999755859375,1319.606201171875,2256550,0.0014004750368137309,1433.35498046875,1571.6119921875,1434.9386249306456,1521.9802378411061,30.380205106068942,0.019832652939497555,-68.15798862994711,-67.14278136516037,-1.0152072647867385,-0.021956662973184993,-0.14751834271756392,0.20568220919471947,-0.052153866907669565,-0.13553728125036424,1.9000244140625,1361.5
2026-03-10,1361.0,1364.4000244140625,1345.0,1361.5,1322.4229736328125,1671877,0.0021345682807125677,1421.32998046875,1565.6239916992188,1427.9444701753462,1515.6868951806707,25.29580015329762,0.019738586347544294,-65.63934289387339,-66.84209367090298,1.2027507770295927,-0.006929248723559489,-0.15012484394506864,-0.25910039662316364,-0.042094363230850994,-0.13037868145957374,2.9000244140625,1350.300048828125
2026-03-11,1367.199951171875,1376.0,1346.9000244140625,1350.300048828125,1311.54443359375,1837000,-0.008226185216213766,1410.1899841308593,1560.0139916992186,1420.5497633803727,1509.2011365001788,25.736830690586856,0.019594997796671332,-63.81146165118639,-66.23596726695968,2.4245056157732847,-0.010043952472049145,-0.14163112975373704,0.09876504072967096,-0.04246940907018725,-0.13443080894592896,-11.199951171875,1358.0999755859375
2026-03-12,1350.0,1363.4000244140625,1341.0,1358.0999755859375,1319.1204833984375,2616965,0.005776439662119381,1400.5149841308594,1554.8719921875,1414.6021645428075,1503.2756007780517,30.099161772973332,0.019750479389028665,-61.0299484387574,-65.19476350131923,4.1648150625618285,0.0029539916343837014,-0.12470997876042611,0.4245862819814916,-0.030285294356378525,-0.12655190754624768,7.7999267578125,1325.4000244140625
2026-03-13,1350.0,1356.699951171875,1321.0,1325.4000244140625,1287.359130859375,2190786,-0.02407772016766807,1392.9799865722657,1548.9139916992187,1406.1067226257842,1496.300087979464,27.8420320460352,0.01763720389298753,-60.763745320921316,-64.30855986523966,3.544814544318342,-0.023070633068702162,-0.10209332271823568,-0.16285238816720893,-0.04851466841565944,-0.14430366597692926,-32.699951171875,1328.5999755859375
2026-03-16,1312.800048828125,1337.699951171875,1302.4000244140625,1328.5999755859375,1290.46728515625,3618375,0.002414328589807946,1386.6499877929687,1542.7959912109375,1398.7251276696084,1489.7236129836394,29.967142203551973,0.017584331843227094,-59.60745053031974,-63.368337998255676,3.7608874679359374,-0.022081554938245596,-0.08699833688421055,0.6516332494365036,-0.04186349310789322,-0.138836253688265,3.199951171875,1321.0999755859375
2026-03-17,1328.5999755859375,1328.5999755859375,1297.699951171875,1321.0999755859375,1283.1824951171875,2285672,-0.005645039995347267,1379.6149841308593,1536.4139916992187,1391.3322560425922,1483.1109213209845,44.485068492641176,0.017459250387653696,-58.6205249760842,-62.418775393821385,3.7982504177371865,-0.02967317254062618,-0.09625124404324781,-0.3683153349224445,-0.04241401348781779,-0.14014062438675898,-7.5,1357.199951171875
2026-03-18,1326.5,1378.4000244140625,1326.5,1357.199951171875,1318.2462158203125,2564106,0.02732569544551411,1373.3449829101562,1531.4059912109376,1388.081560340619,1478.1732362170978,43.486340519238986,0.01843291193357295,-54.29948240136832,-60.79491679533078,6.495434393962455,0.005109903054316023,-0.08458115909822761,0.12181712861687943,-0.01175599134899771,-0.11375562133024675,36.0999755859375,1311.800048828125
2026-03-19,1341.4000244140625,1354.199951171875,1309.199951171875,1311.800048828125,1274.1494140625,1663249,-0.03345115235566387,1365.5749877929688,1525.3159912109375,1380.8166544822864,1471.6487974959616,34.72014471916525,0.019526448176298485,-53.916897295877334,-59.419312895440086,5.502415599562752,-0.034091692504328974,-0.10591596749961019,-0.35133375921276266,-0.03937897182179242,-0.13998144883625305,-45.39990234375,1333.699951171875
2026-03-20,1334.9000244140625,1352.5,1328.9000244140625,1333.699951171875,1295.4207763671875,5050431,0.01669454301615092,1359.7399841308593,1519.0359912109375,1376.3293494051043,1466.239038816586,36.69545272521636,0.020073810669891275,-51.25571279781866,-57.7865928759158,6.530880078097141,0.00626220507388453,-0.08046061174697816,2.0364852165851293,-0.01915074445327058,-0.12200898537717808,21.89990234375,1358.5999755859375
2026-03-23,1314.800048828125,1365.0,1310.0,1358.5999755859375,1319.606201171875,5166409,0.018669884775945,1355.8449829101562,1513.2739916992186,1374.6408376128027,1462.0178990820507,47.11626848019932,0.020645512912442092,-46.60030176718874,-55.54933465417039,8.949032886981648,0.02258015998138907,-0.05422904588518096,0.022963980697884967,0.0020319378029987167,-0.10221150760649857,24.9000244140625,1373.300048828125
2026-03-24,1380.0,1394.0,1360.0,1373.300048828125,1333.8843994140625,3555664,0.010820015829786644,1353.1999877929688,1507.5119921875,1374.5131434428333,1458.5387676995438,52.088024486448916,0.020826024313061915,-41.24918697723638,-52.689305118783594,11.440118141547217,0.03951258360975718,-0.03709150480637968,-0.3117726451777241,0.014853725403839823,-0.08902877327338841,14.7000732421875,1381.300048828125
2026-03-25,1348.0,1411.4000244140625,1348.0,1381.300048828125,1341.65478515625,4167275,0.005825383904141335,1355.3049926757812,1501.7859936523437,1375.1595153842895,1455.5097983320372,56.15944572921914,0.015482704025407946,-35.948465281664085,-49.34113715135969,13.392671869695604,0.017757219660552437,0.03143675268163659,0.17201034743440324,0.019180226069278813,-0.0802284382285367,8.0,1364.4000244140625
2026-03-27,1377.0,1407.4000244140625,1359.800048828125,1364.4000244140625,1325.23974609375,8956139,-0.012234868469309212,1354.6149963378907,1495.773994140625,1374.1348019585537,1451.9368660215284,51.637618468309185,0.014342058603111359,-32.73395917392827,-46.01970155587341,13.285742381945141,0.04009755574634011,-0.010013007725097167,1.1491595827009258,0.007223475380550888,-0.08783009347748524,-16.9000244140625,1341.5999755859375
2026-03-30,1350.0,1359.199951171875,1336.199951171875,1341.5999755859375,1303.0941162109375,5541018,-0.016710677528693596,1353.0199951171876,1489.2359936523437,1371.0362470659236,1447.6099291417013,46.67968433350023,0.014790105604303608,-31.661242224824036,-43.14800968966354,11.486767464839502,0.0059233895953292315,-0.02322535450605201,-0.381316212265129,-0.00844039228722631,-0.09913540815269287,-22.800048828125,1354.4000244140625
2026-04-01,1399.699951171875,1399.699951171875,1349.0,1354.4000244140625,1315.5267333984375,2469237,0.009540883319213433,1351.2849975585937,1482.953994140625,1369.4518449086036,1443.9546387602254,48.664915108497595,0.014715140965571048,-29.43889607926735,-40.406186967584304,10.967290888316953,-0.0030913817513235076,-0.024980168297273342,-0.554371236476763,0.0023052330641551203,-0.08668776660267179,12.800048828125,1402.199951171875
2026-04-02,1347.0,1412.800048828125,1341.199951171875,1402.199951171875,1361.9547119140625,6509389,0.03529232567644969,1352.8449951171874,1477.0379931640625,1372.5707121717724,1442.3172000312704,58.578503178673145,0.01652012795290251,-23.54915612609375,-37.034780799286196,13.485624673192447,0.02104412824306756,0.022757075982403396,1.636194500568394,0.03648234367782269,-0.050667648590319546,47.7999267578125,1403.300048828125
2026-04-06,1397.0,1422.300048828125,1394.0999755859375,1403.300048828125,1363.0233154296875,2134581,0.000784551201368,1354.8099975585938,1470.7679931640625,1375.4973156628537,1440.787115670363,57.64031177046153,0.01645312662298639,-18.57856397224168,-33.343537433877295,14.764973461635613,0.01592702470304297,0.028812352513288175,-0.6720765958218198,0.035791034430593005,-0.04587259489567337,1.10009765625,1441.5999755859375
2026-04-07,1391.0,1446.5,1388.0999755859375,1441.5999755859375,1400.223876953125,3459049,0.027292756662979034,1359.1849975585938,1465.8539916992188,1381.7928070840996,1440.8189925297972,69.27670683836978,0.01727309598918721,-11.417239050825401,-28.958277757266917,17.541038706441515,0.05658161081097046,0.06461856700214286,0.6204814902784199,0.06063558542463303,-0.01654599724844766,38.2999267578125,1461.0
2026-04-08,1449.9000244140625,1466.0,1431.9000244140625,1461.0,1419.067138671875,4239052,0.013457286863630458,1364.4,1461.4239916992187,1389.3363492665662,1441.6104045874522,70.84383416116435,0.01741743144394453,-4.128823115821206,-23.992386828977775,19.86356371315657,0.08899823090852044,0.07687775674940789,0.2254963719796974,0.07080035180299026,-0.0002901223064811948,19.4000244140625,1464.9000244140625
2026-04-09,1458.9000244140625,1469.0,1436.0,1464.9000244140625,1422.855224609375,3101205,0.00266942122796876,1369.7150024414063,1456.6599926757813,1396.5328897568038,1442.5237230120251,72.89809694715366,0.01741033258161846,1.9396394431053068,-18.80598157456116,20.745621017666465,0.08158594064394253,0.07824234560454779,-0.26842015620473636,0.0694925745888718,0.005656798278055868,3.9000244140625,1451.199951171875
2026-04-10,1452.0,1457.5999755859375,1421.0999755859375,1451.199951171875,1409.54833984375,3450066,-0.009352224052059377,1374.2,1451.5439916992189,1401.7392765582392,1442.8639672535878,66.11796442379986,0.0176599251146618,5.5791454121967945,-13.92895617720957,19.508101589406365,0.03494508750984382,0.06588318117655168,0.1124920796916038,0.05603256525387495,-0.0002370169483744729,-13.7000732421875,1429.4000244140625
2026-04-13,1441.0,1447.800048828125,1417.5,1429.4000244140625,1388.3741455078125,2252652,-0.015022000752004327,1378.1549987792969,1445.7279931640626,1404.373633496889,1442.335969495175,71.94028395910283,0.017957124425770923,6.6280047017487504,-9.817564001417907,16.445568703166657,0.018598998558956303,0.05857955471051457,-0.3470698821413851,0.03718378968995214,-0.011293942447821973,-21.7999267578125,1451.300048828125
2026-04-15,1445.0,1474.9000244140625,1437.0999755859375,1451.300048828125,1409.6455078125,3993858,0.01532113057227602,1382.8150024414062,1440.1619946289063,1408.8428159093876,1442.6875020180357,71.94029673990575,0.018160379034796323,9.121238232841279,-6.02980355456607,15.151041787407348,0.006728685770298393,0.06862534048863189,0.7729582731820095,0.049525819625767804,0.007733889826809854,21.9000244140625,1450.199951171875
2026-04-16,1460.0,1468.699951171875,1435.0999755859375,1450.199951171875,1408.5771484375,5229848,-0.0007580084195121239,1389.054998779297,1434.733994140625,1412.7815906962912,1442.982107867206,68.75508938064644,0.017010053412437103,10.882923514163394,-2.647258140820177,13.530181654983572,-0.007392230546286793,0.09416019651348995,0.3094726953236695,0.044019101076856054,0.010779668631545652,-1.10009765625,1442.300048828125
2026-04-17,1443.300048828125,1458.0,1430.0,1442.300048828125,1400.90380859375,3319268,-0.005447457322947935,1394.7400024414062,1429.6679956054688,1415.5928724231326,1442.9553604539087,64.5324257423197,0.01715458317768289,11.508947709838367,0.18398302931153143,11.324964680526836,-0.01542765732083129,0.08557886145680804,-0.3653222808769968,0.03409957863362911,0.008835655034235033,-7.89990234375,1428.300048828125
2026-04-20,1445.9000244140625,1451.9000244140625,1424.0,1428.300048828125,1387.3057861328125,2352656,-0.009706718107217016,1400.1000061035156,1424.6979956054688,1416.8030796997984,1442.380642350937,59.654883260930404,0.017301349939811903,10.751457290953113,2.2974778816398476,8.453979409313265,-0.015779977338930995,0.08114455773465723,-0.2912123998423749,0.020141448897704254,0.0025282924758558345,-14.0,1441.199951171875
2026-04-21,1430.0,1455.0,1422.4000244140625,1441.199951171875,1399.83544921875,3091487,0.009031647344921678,1404.3000061035157,1419.6159936523438,1419.1265912685676,1442.334340736072,66.04008331782384,0.01646965693643001,11.06451020054783,4.050884345421444,7.013625855126385,0.008255160596243538,0.06189213308434782,0.31404123679789997,0.026276397427886438,0.015204081678454913,12.89990234375,1285.300048828125
2026-04-22,1345.0,1358.0,1281.0,1285.300048828125,1248.4100341796875,33066256,-0.10817368000670824,1402.9750061035156,1412.8859936523438,1406.3812062742397,1436.17613321027,42.44296037481661,0.028951656845201748,-1.2527711564000583,2.9901532450571437,-4.242924401457202,-0.11438020699719487,-0.02020124943864221,9.69590653300499,-0.08387530552109367,-0.09030165589964277,-155.89990234375,1277.5999755859375
2026-04-23,1290.0,1294.300048828125,1272.0,1277.5999755859375,1240.9310302734375,8304759,-0.0059908760209012035,1400.1700073242187,1406.2379931640626,1394.1163271610683,1429.957460362257,39.54816695129812,0.0286815418313441,-11.503037080377908,0.09151517997013325,-11.594552260348042,-0.1190180536459563,-0.042063415790518977,-0.7488448949285338,-0.08753939242886472,-0.09147670465700265,-7.7000732421875,1203.199951171875
2026-04-24,1264.4000244140625,1264.800048828125,1198.0999755859375,1203.199951171875,1191.040283203125,10903519,-0.05823420932670331,1392.4000061035156,1398.4279931640624,1375.9338151620975,1421.0650090214579,24.746192893401016,0.030873377083607996,-25.337828146948368,-4.994353485413567,-20.3434746615348,-0.1657769462398062,-0.11438247255012757,0.31292419202050303,-0.13588053296631114,-0.1396053589791687,-74.4000244140625,1228.199951171875
2026-04-27,1209.0,1232.0,1201.0,1228.199951171875,1215.78759765625,6066942,0.020777926375122435,1385.145001220703,1390.9519921875,1361.863923353505,1413.5016734195135,29.0499953847538,0.031230012504805768,-33.89399974443836,-10.774282737218527,-23.119717007219833,-0.14009668194048286,-0.10565797167200852,-0.44357945356907247,-0.11330586322046808,-0.11700766232749041,25.0,1196.0
2026-04-28,1227.9000244140625,1232.699951171875,1192.300048828125,1196.0,1183.9130859375,6643295,-0.026217189750864067,1375.8799987792968,1383.4099926757813,1346.0673592245998,1404.972196030513,20.179696543464956,0.03146205496090861,-42.779953656531006,-17.175416921081023,-25.604536735449983,-0.17013596966367983,-0.13414902068911883,0.09499893026832962,-0.13073814499730302,-0.1354695959028706,-32.199951171875,1200.199951171875
2026-04-29,1200.0,1210.800048828125,1192.0999755859375,1200.199951171875,1188.0706787109375,4777201,0.0035116648594273325,1367.6699951171875,1376.3819921875,1332.1752251243404,1396.9419119184097,17.120506157997085,0.03151282018963803,-48.91932368042535,-23.52419827294989,-25.39512540747546,-0.06621029675820844,-0.12034599113460343,-0.2808988611825909,-0.12244916137899402,-0.12800373879900648,4.199951171875,1199.0999755859375
2026-04-30,1200.0,1213.699951171875,1184.0,1199.0999755859375,1186.9818115234375,5070033,-0.0009164936099718135,1360.5449951171875,1370.8419921875,1319.5013918349687,1389.183404611254,16.25188158243874,0.03142533804203781,-53.259633589985015,-29.471285336356914,-23.7883482536281,-0.06144333242022648,-0.10621645989354156,0.06129781853432581,-0.11866202155066856,-0.12528213870039667,-1.0999755859375,1199.0999755859375
2026-05-01,1199.0999755859375,1199.0999755859375,1199.0999755859375,1199.0999755859375,1186.9818115234375,0,0.0,1352.7799926757812,1365.7199926757812,1308.034590287442,1381.7291524926143,16.837654077347224,0.03126327574303986,-56.053213905565826,-34.787671050198696,-21.26554285536713,-0.003407559634576285,-0.11466335353568124,-1.0,-0.11360311205214278,-0.12200159475105445,0.0,1200.5
2026-05-04,1208.0,1213.5,1191.4000244140625,1200.5,1188.36767578125,3318673,0.0011675627075034,1342.6949951171875,1360.4939916992187,1297.793200736257,1374.6221269046687,18.181799670881716,0.029812519375791043,-57.491450508326125,-39.32842694182418,-18.16302356650194,-0.022553291217317972,-0.14384535600882475,inf,-0.10590267755096315,-0.11759992522965183,1.4000244140625,1200.199951171875
2026-05-05,1200.0,1205.4000244140625,1190.0,1200.199951171875,1188.0706787109375,2459953,-0.00024993654987504055,1332.539990234375,1354.8459912109374,1288.4986055396491,1367.7820415818142,12.865985441096086,0.02979866653608937,-57.98703635138395,-43.06014882373614,-14.926887527647807,0.0035116648594273325,-0.14473034318345235,-0.25875402608211173,-0.09931412192681978,-0.1141428922861133,-0.300048828125,1189.0999755859375
2026-05-06,1208.0,1212.0,1186.4000244140625,1189.0999755859375,1177.0828857421875,3541520,-0.00924843862483038,1319.914990234375,1349.2839916992189,1279.0320693535814,1360.7749017388385,12.496383651051872,0.028661874009548297,-58.59996306888115,-46.16811167276515,-12.431851396116002,-0.00924843862483038,-0.17515261117937486,0.4396697823088489,-0.09910866655526722,-0.11871779187979088,-11.0999755859375,1183.4000244140625
2026-05-07,1195.0,1196.0,1181.0999755859375,1183.4000244140625,1171.4404296875,3725309,-0.004793500369105863,1306.0349914550782,1343.9439916992187,1269.9242555498179,1353.8190241966904,12.575861683202106,0.028190235253747274,-58.86706742172646,-48.707902822557415,-10.159164599169046,-0.013093112744167357,-0.19000682791645274,0.051895513790688685,-0.0938986840654137,-0.11945733473771632,-5.699951171875,1198.4000244140625
2026-05-08,1179.800048828125,1202.800048828125,1176.800048828125,1198.4000244140625,1186.2889404296875,2813749,0.012675341972742338,1292.7099914550781,1339.1819921875,1263.1124240130791,1347.7241614601166,16.863624959224822,0.02851535249662254,-57.20890624607273,-50.40810350726048,-6.800802738812251,-0.0005837304529449083,-0.1819236777653792,-0.244693795870356,-0.07295523950801994,-0.10512534412404688,15.0,1194.9000244140625
2026-05-11,1196.9000244140625,1206.300048828125,1191.0999755859375,1194.9000244140625,1182.82421875,2505962,-0.0029205606881652635,1279.8949951171876,1334.5559936523437,1256.616005003649,1341.731058046546,13.511108764145234,0.0285543116312295,-55.53702605151716,-51.433888016111815,-4.103138035405344,-0.004664702695491463,-0.17661241412725026,-0.10938680031516668,-0.06640776862741223,-0.10464601702928773,-3.5,1145.800048828125
2026-05-12,1183.0,1184.0,1142.5999755859375,1145.800048828125,1134.220458984375,3959561,-0.041091283440231274,1265.7149963378906,1330.6879956054688,1246.0621044155039,1334.0474890575883,19.765923379829772,0.02941329031313238,-57.51105499367486,-52.64932141162443,-4.861733582050434,-0.045325699514180084,-0.19840490467473604,0.580056281779213,-0.09474087599239724,-0.13894162071644675,-49.0999755859375,1143.199951171875
2026-05-13,1146.300048828125,1154.5999755859375,1137.0999755859375,1143.199951171875,1131.646728515625,2635034,-0.0022692420539772717,1250.309991455078,1325.9879956054688,1236.2657088684916,1326.5632718855998,20.21275732300208,0.028856280009499725,-58.60967742528078,-53.841392614355705,-4.768284810925074,-0.03860064364347915,-0.21229248762516773,-0.3345135988560348,-0.08566678744888791,-0.13785045191915907,-2.60009765625,1124.0
2026-05-14,1139.0,1143.199951171875,1103.4000244140625,1124.0,1112.6407470703125,5837032,-0.01679491951709189,1233.9999938964843,1320.9979956054688,1225.5737365953019,1318.6196141645958,26.760564389261233,0.028766426335165955,-60.33412498027519,-55.13993908753961,-5.194185892735582,-0.050194374842499445,-0.22493446569783704,1.215163827108113,-0.08914100035701603,-0.14912815633393622,-19.199951171875,1132.5999755859375
2026-05-15,1121.9000244140625,1152.0,1121.800048828125,1132.5999755859375,1121.15380859375,3729249,0.007651223830905218,1218.514990234375,1315.8679956054686,1216.719092689648,1311.3247263771973,18.961022284191017,0.029076758794048797,-60.31158156516449,-56.17426758306459,-4.137313982099897,-0.054906581681936184,-0.21472652205331344,-0.36110526719743874,-0.07050796694090097,-0.13927538372510098,8.5999755859375,1146.5999755859375
2026-05-18,1129.0,1149.5,1121.4000244140625,1146.5999755859375,1135.0123291015625,2588569,0.012360939697846351,1204.4299865722655,1311.3799951171875,1210.0410815369137,1304.8649322285205,31.811468682835454,0.02956654712135878,-58.489798757711014,-56.637373817993875,-1.8524249397171388,-0.040421832656510004,-0.1972275177567301,-0.3058739172417825,-0.04801442311388205,-0.1256539066821169,14.0,1179.4000244140625
2026-05-19,1156.0,1198.300048828125,1152.300048828125,1179.4000244140625,1167.48095703125,5756760,0.02860635751484608,1191.339990234375,1307.6879956054688,1207.1228856204516,1299.9447397652084,43.67398915178223,0.03055414239675774,-53.77939752047996,-56.0657785584911,2.286381038011136,0.029324466882596267,-0.18165413240885597,1.223915993740171,-0.01002229919098362,-0.09810288969733034,32.800048828125,1169.800048828125
2026-05-20,1166.199951171875,1181.0,1162.4000244140625,1169.800048828125,1157.9779052734375,1415960,-0.0081397111982483,1185.564990234375,1304.0019970703124,1203.568329735468,1294.8410263951266,41.526916535406386,0.019873370023070606,-50.2418516118928,-54.90099316917144,4.6591415572786445,0.02326810601153606,-0.08986228554593723,-0.7540352559425788,-0.013297408017365175,-0.10291544686564709,-9.5999755859375,1168.199951171875
2026-05-21,1173.699951171875,1180.5999755859375,1163.199951171875,1168.199951171875,1156.39404296875,2245247,-0.0013678385958805217,1180.094989013672,1300.2319970703124,1200.1999127294116,1289.8747097197052,41.14613100338929,0.01988207114787656,-47.02535646393244,-53.325865828123646,6.300509364191207,0.03932379997497781,-0.08562932569240933,0.5856712054012825,-0.010079729134125755,-0.10154499058316711,-1.60009765625,1164.0
2026-05-22,1169.9000244140625,1176.0,1159.9000244140625,1164.0,1152.236572265625,2044782,-0.0035952331342437027,1178.134991455078,1296.3399975585937,1196.7523019932771,1284.9384465934422,39.70671462268373,0.01530426703531464,-44.30444774959528,-51.521582212417975,7.217134462822692,0.02772384344950929,-0.03257974797430441,-0.08928416339048661,-0.011997768980293496,-0.10208741364752347,-4.199951171875,1165.699951171875
2026-05-25,1168.0,1178.0,1162.0999755859375,1165.699951171875,1153.9193115234375,1419803,0.001460439151095283,1175.009991455078,1292.4239965820314,1193.7949352483818,1280.2624271651455,40.346947558251536,0.01440457294127422,-41.532179030924226,-49.52370157611923,7.991522545195004,0.016657924291492376,-0.05088747963258444,-0.3056457852230703,-0.007923371163571091,-0.09805144886298392,1.699951171875,1161.9000244140625
2026-05-26,1165.699951171875,1173.699951171875,1160.0,1161.9000244140625,1150.15771484375,1196820,-0.003259781176101484,1173.3049926757812,1288.65599609375,1190.7573246927325,1275.620764312162,42.06535394713227,0.01328722162459553,-39.19000049947249,-47.45696136078989,8.2669608613174,-0.014838052940260194,-0.028511685272523013,-0.15705206989983822,-0.009720378190592323,-0.09836292390204808,-3.7999267578125,1165.199951171875
2026-05-27,1155.300048828125,1169.800048828125,1153.699951171875,1165.199951171875,1153.42431640625,1004168,0.002840112478245782,1171.5549926757812,1284.7979956054687,1188.3232891193175,1271.2905363458763,44.61535905672084,0.013275103901306104,-36.64510862663542,-45.294590813959005,8.649482187323585,-0.003932379436005551,-0.029161807552005037,-0.1609699035778145,-0.00542445002038838,-0.09308704157592683,3.2999267578125,1165.199951171875
2026-05-28,1165.199951171875,1165.199951171875,1165.199951171875,1165.199951171875,1153.42431640625,0,0.0,1169.8599914550782,1281.593994140625,1186.1210664576563,1267.1301212410135,39.22074689651838,0.013278421292829502,-34.23363939718615,-43.08240053060444,8.848761133418286,-0.0025680535228498336,-0.0282712243384855,-1.0,-0.003983417090285336,-0.09081974751824444,0.0,1183.800048828125
2026-05-29,1180.0,1191.699951171875,1177.0,1183.800048828125,1171.83642578125,12446602,0.015963009299428288,1169.0949951171874,1278.6979956054688,1185.9000171596058,1263.8622752640374,46.71792513645384,0.013831960590384981,-30.470416234615186,-40.56000367140659,10.089587436791405,0.017010351226911524,-0.012759508856078683,inf,0.012578151281422251,-0.07421451124775498,18.60009765625,1195.0999755859375
2026-06-01,1190.0999755859375,1212.800048828125,1190.0999755859375,1195.0999755859375,1183.022216796875,5970435,0.009545469075625146,1168.8249938964843,1276.1779956054688,1186.7762036763993,1261.1657144923472,68.77378303826019,0.014012406388993901,-26.273362149532204,-37.702675367031716,11.429313217499512,0.025220919315048995,-0.004498146117503099,-0.5203160669876004,0.02247982531744199,-0.06353190565792881,11.2999267578125,1243.5
2026-06-02,1210.0,1257.0,1202.199951171875,1243.5,1230.93310546875,7663067,0.04049872429319801,1170.9899963378907,1273.9039965820311,1192.1784699929326,1260.4729413750003,78.31737204663352,0.01669915153900505,-18.824689768934604,-33.9270782474123,15.102388478477693,0.07022977353588389,0.03607736259766292,0.28350229087160317,0.06192196678782423,-0.02386678797115566,48.4000244140625,1179.0
2026-06-03,1228.800048828125,1230.0,1176.800048828125,1179.0,1167.0849609375,4800922,-0.05186972255729794,1170.4849975585937,1271.2479956054688,1190.9233776126532,1257.2779240661769,62.365113343213125,0.020487421620273272,-17.919608105857378,-30.725584219101314,12.805976113243936,0.011843502751820223,-0.008493798497439808,-0.37349862659428656,0.007274764272217885,-0.07256490938381616,-64.5,1168.300048828125
2026-06-04,1166.4000244140625,1176.5,1158.199951171875,1168.300048828125,1156.4931640625,2025595,-0.009075446286577638,1169.729998779297,1267.9399975585939,1188.7687748712694,1253.788595625469,57.95102286277604,0.0205599211855758,-17.85984384102221,-28.152436143485495,10.292592302463284,0.002660571392173683,-0.012759823622121358,-0.5780820850661602,-0.0012224615532338088,-0.0785841198497757,-10.699951171875,1154.699951171875
2026-06-05,1179.0,1182.5,1147.0,1154.699951171875,1143.0303955078125,1971395,-0.011640928775010884,1167.5449951171875,1263.8619970703126,1185.5241249951366,1249.9027664312105,51.807223665410746,0.02046232077366163,-18.694397078005977,-26.260828330389593,7.566431252383616,-0.024581936523027648,-0.03646534742316443,-0.026757569997951203,-0.01100175496364762,-0.08637180811787992,-13.60009765625,1151.300048828125
2026-06-08,1141.9000244140625,1159.0,1132.300048828125,1151.300048828125,1139.6649169921875,1546444,-0.002944403297410303,1165.3649963378907,1259.4219970703125,1182.264689169707,1246.0359931918738,42.783769838010606,0.020462399084866294,-19.40642504804441,-24.88994767392056,5.483522625876148,-0.036649592212014026,-0.036488387894474617,-0.21555852581547585,-0.01206913503834782,-0.08585045242476509,-3.39990234375,1146.300048828125
2026-06-09,1158.699951171875,1159.0,1136.4000244140625,1146.300048828125,1134.7154541015625,2225582,-0.004342916518668916,1165.3899963378906,1254.7219970703125,1178.8394853276516,1242.124779687413,43.81903784632101,0.018267096935804195,-20.14198627758401,-23.940355394653253,3.7983691170692424,-0.07816642635454363,0.0004363763123516051,0.4391610688780194,-0.016380737409582742,-0.08641113210364135,-5.0,1132.0999755859375
2026-06-10,1140.800048828125,1152.0,1130.0,1132.0999755859375,1120.658935546875,1600595,-0.012387745474410794,1164.8349975585938,1250.07599609375,1174.3881034474884,1237.810081487355,41.09521311736043,0.01847744920704975,-21.6215117584793,-23.476586667418463,1.8550749089391623,-0.03977949483805132,-0.009709566182677931,-0.28081957887869335,-0.028102711578263422,-0.09437507869638742,-14.2000732421875,1110.199951171875
2026-06-11,1112.9000244140625,1114.0,1089.5,1110.199951171875,1098.980224609375,3435236,-0.01934460284987438,1164.1449951171876,1245.4479956054688,1168.2749460879063,1232.805762651454,37.79490184523428,0.018605418564579215,-24.281295643966587,-23.63752846272809,-0.6437671812384984,-0.04973045898143025,-0.012277623512566671,1.1462243728113606,-0.04633876722536806,-0.10859389144373194,-21.9000244140625,1109.5999755859375
2026-06-12,1120.0,1122.5,1100.5,1109.5999755859375,1098.38623046875,2203987,-0.0005404211964737948,1162.9949951171875,1240.5519946289062,1162.6868536591473,1227.9741631586887,37.209303620084555,0.01850755058681977,-26.13632328595918,-24.137287427374307,-1.9990358585848718,-0.039057744429768726,-0.020307258075033308,-0.35841758761261233,-0.04591165031270812,-0.10555947643463437,-0.5999755859375,1119.300048828125
2026-06-15,1123.5,1128.0,1113.0,1119.300048828125,1107.98828125,2361006,0.008741955169082605,1161.6299987792968,1234.8939965820311,1158.5547770085739,1223.7124331849411,40.54174917160793,0.018388778606386415,-26.518047666651455,-24.61343947522974,-1.9046081914217154,-0.027794665719481082,-0.023809460438773855,0.07124316069014935,-0.036440131535561554,-0.0936063727525195,9.7000732421875,1159.0
2026-06-16,1141.0,1161.9000244140625,1137.5,1159.0,1147.2869873046875,8343470,0.03546855127312787,1160.6099975585937,1230.0079956054688,1158.5971791982333,1221.1746907071004,48.81499448443977,0.01902414790110676,-23.347971829646212,-24.360345946113036,1.0123741164668232,0.011079081070316965,-0.017296950985054793,2.533862260409334,-0.0013871994571651304,-0.057729702456539904,39.699951171875,1166.800048828125
2026-06-17,1169.0,1173.5999755859375,1159.300048828125,1166.800048828125,1155.00830078125,2263670,0.006729981732635837,1160.4599975585938,1224.5119970703124,1159.3784048772707,1219.0423518098858,50.29697416225102,0.01900862914952599,-19.975994309183307,-23.48347561872709,3.5074813095437847,0.030651067918474162,-0.002564540840125029,-0.7286896219438674,0.005463394932069632,-0.04713056987621621,7.800048828125,1161.800048828125
2026-06-18,1152.0,1168.800048828125,1136.0999755859375,1161.800048828125,1150.058837890625,3368037,-0.0042852243664385226,1160.1400024414063,1218.527998046875,1159.609037634495,1216.7975556145227,45.699766262597144,0.019031213649545273,-17.50534531954213,-22.2878495588901,4.782504239347972,0.04647820205881237,-0.005478430586587479,0.48786572247721627,0.0014309017732560656,-0.04655448976935833,-5.0,1131.699951171875
2026-06-19,1110.0,1136.0,1091.4000244140625,1131.699951171875,1120.262939453125,10014063,-0.025908156645897185,1158.525,1211.8639965820312,1156.95102939996,1213.4603946559876,38.455940698591924,0.019881782901810453,-17.771307943318334,-21.38454123577575,3.6132332924574158,0.019917065674291523,-0.02774918284203176,1.97326395167274,-0.02315448421753962,-0.06614937454718738,-30.10009765625,1130.5
2026-06-22,1136.0,1148.699951171875,1127.0,1130.5,1119.0750732421875,2312385,-0.0010603085832356918,1156.7650024414063,1205.4499975585939,1154.431883742821,1210.2070458459489,25.153929813373182,0.019871900154639455,-17.872883791118056,-20.68220974684421,2.8093259557261554,0.010006209848378855,-0.03019640786335165,-0.7690862340290849,-0.022705564558032777,-0.06217594899032776,-1.199951171875,1109.5
2026-06-23,1121.5999755859375,1125.800048828125,1105.5,1109.5,1098.287353515625,3235632,-0.018575851393188847,1154.145001220703,1199.0519970703126,1150.1526567196952,1206.2577499304216,31.103875845497214,0.02024131491436788,-19.424000095905967,-20.430567816656563,1.0065677207505956,-0.04270923209663502,-0.045098565550411696,0.3992618011274074,-0.038682315630604,-0.07468566608380475,-21.0,1113.9000244140625
2026-06-24,1097.5999755859375,1121.5,1093.199951171875,1113.9000244140625,1102.642822265625,3503015,0.00396577234255302,1151.5800048828125,1192.3039965820312,1146.7000250715396,1202.6358783415449,34.684696759435866,0.020257360508970628,-20.066906933054952,-20.35783563993624,0.2909287068812887,-0.04533769472086724,-0.04402671550596848,0.08263702423514174,-0.03272024549660746,-0.0657583740327373,4.4000244140625,1100.699951171875
2026-06-25,1133.0,1133.5,1097.5,1100.699951171875,1089.576171875,5877425,-0.01185032135099473,1148.3550048828124,1185.3139965820312,1142.319065652524,1198.638391001558,34.76299647842693,0.020367157448430782,-21.394923466573346,-20.565253205263662,-0.8296702613096834,-0.05259088921357846,-0.055355306130188686,0.677818964520563,-0.04149853791580812,-0.0713853423262942,-13.2000732421875,1100.699951171875
2026-06-26,1100.699951171875,1100.699951171875,1100.699951171875,1100.699951171875,1089.576171875,0,0.0,1144.2,1178.4819946289062,1138.3553404638908,1194.7976678709822,35.44303441843218,0.01990712380881872,-22.191575468998735,-20.89051765801068,-1.3010578109880555,-0.027392419667332746,-0.0701977481235222,-1.0,-0.03801787172533215,-0.06600189380197034,0.0,1102.4000244140625
2026-06-29,1095.5999755859375,1108.300048828125,1086.0,1102.4000244140625,1091.259033203125,5186504,0.001544538309806942,1139.5650024414062,1171.963994140625,1134.9310246496213,1191.1742308726716,37.126120198548186,0.019711791789476088,-22.427219195522184,-21.19785796551298,-1.2293612300092036,-0.02485623669698145,-0.07756669154513685,inf,-0.032613302398477866,-0.05935674651640821,1.7000732421875,1071.800048828125
2026-06-30,1102.5,1105.699951171875,1068.5999755859375,1071.800048828125,1060.9683837890625,3794233,-0.02775759697774105,1130.9800048828124,1164.57599609375,1128.9185507618597,1186.4928904003366,33.86842158544876,0.017404174241485354,-24.797283196713124,-21.91774301175301,-2.8795401849601134,-0.0339792259322893,-0.1380779663625854,-0.268441131058609,-0.052326262002146885,-0.07966500046095443,-30.5999755859375,1034.199951171875
2026-07-01,1070.0,1076.5,1030.0,1034.199951171875,1023.7482299804688,3819777,-0.03508126137646739,1123.7400024414062,1159.553994140625,1119.8977317532897,1180.5206182737304,31.24386184989835,0.015432348487962913,-29.37101881470676,-23.408398172343762,-5.962620642362996,-0.07155047265943959,-0.12281598713157338,0.006732322448305128,-0.0796803985574946,-0.10810539535216133,-37.60009765625,1078.0999755859375
2026-07-02,1049.0,1082.9000244140625,1048.0,1078.0999755859375,1067.20458984375,3726609,0.042448294804421804,1119.229998779297,1155.563994140625,1115.9169930706848,1176.5041224820523,43.59496747444421,0.018880549336577325,-29.117721196745606,-24.550262777224134,-4.567458419521472,-0.02053236721040652,-0.07720625650291091,-0.02439095266556135,-0.03674849962761758,-0.0670356803668812,43.9000244140625,1139.0
2026-07-03,1127.0999755859375,1159.0,1115.0999755859375,1139.0,1127.4891357421875,12768463,0.05648829031923852,1118.445001220703,1154.2799951171876,1118.1153746830005,1175.0333725807955,53.315369994650446,0.02307851241910527,-23.729321158796893,-24.38607445353869,0.6567532947417973,0.0347960847889095,-0.013596563467367928,2.4262953263945857,0.01837819361422569,-0.01323768512130914,60.9000244140625,1134.199951171875
2026-07-06,1145.0,1147.9000244140625,1126.0,1134.199951171875,1122.7376708984375,2747815,-0.004214265871927081,1117.5899963378906,1152.3999951171875,1119.6472391105124,1173.4320619373084,45.270784274837446,0.023087525887986966,-19.620130481065644,-23.432885659044082,3.8127551779784383,0.028846086768471002,-0.014852859316435985,-0.7847967292539438,0.014862297343759101,-0.015793165586972874,-4.800048828125,1168.199951171875
2026-07-07,1135.0,1175.0,1134.0,1168.199951171875,1156.39404296875,5179529,0.029977077643911665,1118.684991455078,1151.843994140625,1124.2713069258803,1173.2268811229778,50.24270118717873,0.02404239838067124,-13.464837152574773,-21.439275957750223,7.974438805175449,0.08994205817507739,0.01910486034275105,0.8849627795175439,0.04426175384045571,0.014199802329527233,34.0,1145.5999755859375
2026-07-08,1165.0,1176.5,1141.699951171875,1145.5999755859375,1134.0224609375,3091794,-0.01934598230659612,1119.3599914550782,1150.7519946289062,1126.3026087030287,1172.1434730627016,47.3529323767181,0.024298625456755416,-10.291715507164326,-19.209763867633043,8.918048360468717,0.10771613776217315,0.011924741887758605,-0.4030742949793311,0.023441952840166647,-0.004477088953150285,-22.5999755859375,1150.4000244140625
2026-07-09,1144.0999755859375,1161.9000244140625,1121.0,1150.4000244140625,1138.77392578125,2033525,0.00418998684568761,1121.3699951171875,1149.7779956054687,1128.5976006755081,1171.2907888019706,53.33096759856612,0.023833565427031054,-7.30545715473113,-16.828902525052662,9.523445370321532,0.06706247144549882,0.03620975951201788,-0.3422831534054339,0.0258880025533778,0.0005409990545750618,4.800048828125,1164.0999755859375
2026-07-10,1173.0,1191.5,1153.5,1164.0999755859375,1152.33544921875,3979475,0.011908858554530166,1124.0949951171874,1149.0779956054687,1131.978779238406,1171.008796126832,55.72986685107646,0.023924834496137717,-3.7896693816526295,-14.221055896372656,10.431386514720026,0.02203685301662639,0.049116799927127364,0.9569343873323417,0.03558861185444523,0.013073072531123945,13.699951171875,1221.199951171875
2026-07-13,1162.0,1237.0,1162.0,1221.199951171875,1208.8583984375,9028077,0.04905074889052963,1129.189990234375,1149.4919946289062,1140.4760337082603,1172.9770767168338,66.96019614268536,0.026065388246454803,3.56303612128022,-10.664237492842082,14.227273614122302,0.07670605161824429,0.0910389510394789,1.2686603132322731,0.08148315317460646,0.06238230181508871,57.0999755859375,1166.699951171875
2026-07-14,1200.0,1209.0999755859375,1164.0,1166.699951171875,1154.9091796875,9754723,-0.044628236307822755,1129.5749877929688,1148.8219946289062,1142.973549657176,1172.730914930757,56.95834072007276,0.027214569714084914,4.935520078036461,-7.544285978666373,12.479806056702834,-0.0012840267614249168,0.006643616196613467,0.08048735073925495,0.032866311471222584,0.015561990131242038,-54.5,1168.0
2026-07-15,1157.0,1181.5999755859375,1144.5,1168.0,1156.196044921875,3253196,0.0011142957765784,1129.6349853515626,1148.3999951171875,1145.3570211183971,1172.5453888550412,59.15646314541936,0.027177807097746764,6.058290377134199,-4.8237707075062595,10.882061084640458,0.019553094353555345,0.0010284120000509933,-0.6665004224107645,0.03396231096410097,0.017067228288182343,1.300048828125,1187.4000244140625
2026-07-16,1175.4000244140625,1204.0,1174.699951171875,1187.4000244140625,1175.4000244140625,5147444,0.016609609943546655,1130.9149841308595,1148.4799951171874,1149.3611166703652,1173.127923582846,61.204447281216176,0.027389050453811764,8.416493665843745,-2.1757178328362583,10.592211498680005,0.032162725325779906,0.022034751687056264,0.582272940210181,0.04994631875588191,0.03388829536634969,19.4000244140625,1203.9000244140625
2026-07-17,1197.800048828125,1223.5,1195.800048828125,1203.9000244140625,1203.9000244140625,5037972,0.013895906738036423,1134.5249877929687,1148.5899951171875,1154.5552983602413,1174.3346726350505,62.63380018038562,0.026735301802378562,11.484413693569422,0.5563084724448777,10.928105221124545,0.034189545282046874,0.06379789375039246,-0.021267254194508922,0.06114897192000287,0.04815471972767083,16.5,1221.300048828125
2026-07-20,1205.0,1224.699951171875,1200.0999755859375,1221.300048828125,1221.300048828125,3612829,0.014453047646154182,1139.064990234375,1149.1179956054686,1160.9119412619445,1176.1764520936024,69.24065714948247,0.0268229467413774,15.145214367199287,3.4740896513957598,11.671124715803527,8.1966639577713e-05,0.08031848635835903,-0.282880293896036,0.07219522968292547,0.06281517955397063,17.4000244140625,1239.5
2026-07-21,1219.0,1240.699951171875,1217.199951171875,1239.5,1239.5,4642320,0.014902112866808093,1145.564990234375,1150.9919946289062,1168.3965182846166,1178.6597284820884,77.81089061365202,0.026366895356058268,19.29261596432707,6.637794913982022,12.654821050345047,0.06239826165673712,0.11716989634970698,0.2849542560691358,0.08199884822458346,0.07689715113929164,18.199951171875,1237.300048828125
2026-07-22,1243.800048828125,1243.800048828125,1227.699951171875,1237.300048828125,1237.300048828125,2377718,-0.0017748698441911737,1151.7349914550782,1152.8739965820312,1174.9587592887603,1180.9593488878154,74.31277662961432,0.02642006409356879,22.14665112825969,9.739566156837556,12.407084971422135,0.05933223358572337,0.1107819568268471,-0.48781686742835484,0.0742923137769268,0.07323094500907724,-2.199951171875,1244.699951171875
2026-07-23,1236.0,1248.800048828125,1228.800048828125,1244.699951171875,1244.699951171875,1878476,0.005980685405095221,1158.934991455078,1155.2879956054687,1181.6007775633425,1183.4589803499355,69.29536123733615,0.026099238053755924,24.720640675819368,12.735781060633919,11.98485961518545,0.04825663262562907,0.13082584390658725,-0.20996686739133907,0.0740032532878453,0.077393650679757,7.39990234375,1271.0
2026-07-24,1237.0,1276.0,1236.5999755859375,1271.0,1271.0,3674904,0.02112962951702846,1167.4499938964843,1158.05599609375,1190.1149892239766,1186.891961512683,73.15505992769997,0.026250004309944935,28.553592043520894,15.899343257211314,12.65424878630958,0.055735504797082225,0.1547197750366145,0.9563220397811842,0.08869759445362356,0.09752896603205927,26.300048828125,1295.9000244140625
2026-07-27,1284.5999755859375,1303.0,1277.300048828125,1295.9000244140625,1295.9000244140625,3847049,0.019590892536634597,1177.1249938964843,1161.0419970703124,1200.1897544801752,1191.1667875088158,72.30179984471526,0.0263429034845359,33.217546292915586,19.362983864352167,13.854562428563419,0.061082430691391965,0.17552612093132658,0.04684340053508884,0.10090264936471413,0.11615258335533159,24.9000244140625,1318.5999755859375
2026-07-28,1301.0,1342.0,1301.0,1318.5999755859375,1318.5999755859375,5187064,0.01751674569351036,1189.464990234375,1163.82599609375,1211.4669183950098,1196.164167433409,80.20252426489267,0.024977921218805713,38.30391628215875,23.151170347913485,15.152745934245267,0.06381603516412859,0.23026676200253626,0.34832283134423303,0.10856560421010587,0.13298721631211946,22.699951171875,1344.300048828125
2026-07-29,1344.0,1352.699951171875,1323.199951171875,1344.300048828125,1344.300048828125,3061520,0.019490424479014168,1204.9699951171874,1167.31599609375,1224.117692721973,1201.973417684182,81.54898643481908,0.022577730160624032,43.902600420889485,27.301456362508688,16.601144058380797,0.08647861939498203,0.2998453996297996,-0.40977786277555084,0.11562947980077071,0.15161623187433892,25.7000732421875,1352.699951171875
2026-07-30,1349.0,1369.9000244140625,1345.5999755859375,1352.699951171875,1352.699951171875,3747919,0.006248532350402458,1218.6999938964843,1171.00599609375,1236.3636220981543,1207.88426213468,81.22517414226371,0.021557729547689017,48.45879700804721,31.5329244916164,16.925872516430815,0.0867678992823282,0.2547073386553922,0.2242020303640022,0.10995319434355602,0.15516056765227598,8.39990234375,1346.9000244140625
2026-07-31,1317.699951171875,1356.5,1294.300048828125,1346.9000244140625,1346.9000244140625,3369019,-0.004287666864176254,1229.0949951171874,1174.6639965820314,1246.8908985091932,1213.3358606554402,75.06983624453616,0.019037771438366616,51.013557475903326,35.429051088473784,15.584506387429542,0.05971677766645356,0.18252855523622702,-0.10109610159664606,0.09584696851331904,0.1466257826350288,-5.7999267578125,1377.0
2026-08-03,1352.0,1377.0,1343.5,1377.0,1377.0,2314332,0.0223475945061562,1241.2349975585937,1178.8899975585937,1259.2822415083176,1219.7540621983642,96.46492053285922,0.019023978823552272,54.834937006282416,39.31022827203551,15.524708734246907,0.06258196933255444,0.21407164457841832,-0.31305463103651243,0.10937896748677309,0.16804791189311943,30.0999755859375,1369.9000244140625
2026-08-04,1375.699951171875,1375.9000244140625,1347.4000244140625,1369.9000244140625,1369.9000244140625,3013543,-0.0051561187987926305,1251.320001220703,1183.0499975585938,1269.8172684517217,1225.6421391479994,93.49423912660457,0.018693514251986898,56.63761594196012,42.77570580602043,13.861910135939688,0.03890493688605523,0.17265886121622653,0.30212216743319464,0.09476394773333825,0.15793924791096117,-7.0999755859375,1350.0
2026-08-05,1370.0,1375.0,1337.0999755859375,1350.0,1350.0,3215211,-0.014526625344483901,1261.5400024414062,1186.7459985351563,1277.4537190753672,1230.5189180049406,84.95274362003445,0.018348135110399726,55.81706198170309,45.38397704115697,10.433084940546124,0.004240088495752081,0.1784218128230306,0.06692056492971887,0.07012064412337371,0.13756440018871266,-19.9000244140625,1335.0
2026-08-06,1349.9000244140625,1363.199951171875,1332.5,1335.0,1335.0,3821560,-0.011111111111111072,1270.770001220703,1190.1419995117187,1282.9343172586655,1234.61621533808,78.36437211891807,0.018845305501258302,53.34150475378988,46.97548258368355,6.366022170106326,-0.013084905604188957,0.1604659002680051,0.18858762302069754,0.05054415725709414,0.12171488826351173,-15.0,1356.5999755859375
2026-08-07,1329.0,1369.0,1328.0,1356.5999755859375,1356.5999755859375,1725616,0.016179756993211614,1280.395001220703,1193.597998046875,1289.950094242215,1239.3998922105452,78.75055445313411,0.018920299552345927,52.51716019457331,48.0838181058615,4.433342088711804,0.007201686091062864,0.16536380382888272,-0.5484524644386062,0.05951676966294161,0.13656354803358256,21.5999755859375,1357.199951171875
2026-08-10,1356.5999755859375,1367.5,1351.5999755859375,1357.199951171875,1357.199951171875,1321698,0.00044226418747972396,1287.195001220703,1196.8399975585937,1296.3548425212302,1244.0195023658914,77.03263885306461,0.01628841017813842,51.32068133942607,48.73119075257442,2.589490586851653,-0.014379120427105985,0.11136587408924559,-0.23407177494877196,0.054385660202831136,0.13398612507970642,0.5999755859375,1365.4000244140625
2026-08-11,1360.0999755859375,1379.800048828125,1358.0,1365.4000244140625,1365.4000244140625,1828636,0.006041905052462715,1297.1300048828125,1199.277998046875,1302.9305741300714,1248.7795228383686,78.63211297487817,0.011257829979718739,50.45255495839524,49.07546359373858,1.377091364656657,-0.003284911248851774,0.17030948963579373,0.3835505539086841,0.05263159380652656,0.1385183640804978,8.2000732421875,1365.4000244140625
2026-08-12,1370.0,1370.0,1340.4000244140625,1365.4000244140625,1365.4000244140625,1418468,0.0,1307.0000061035157,1203.0059985351563,1308.8800455856895,1253.352875841337,77.90108971634868,0.011296155009301293,49.19744107059705,49.09985908911028,0.09758198148676911,0.011407425491898104,0.16900687021751937,-0.22430270431075405,0.04468249276038752,0.13499020460134506,0.0,1370.0
2026-08-13,1362.9000244140625,1372.9000244140625,1354.0,1370.0,1370.0,778760,0.0033689581834535076,1316.1300048828125,1207.0399975585938,1314.7009936251475,1257.927272867167,75.43681256986429,0.011145757766629556,48.02038475429913,48.88396422214806,-0.863579467848929,0.02621722846441954,0.15378134733999493,-0.4509851473561617,0.040930603297038314,0.13500795563611437,4.5999755859375,1360.0
2026-08-14,1372.800048828125,1374.9000244140625,1346.5,1360.0,1360.0,1033374,-0.007299270072992692,1323.9350036621095,1211.1459985351562,1319.0151847084667,1261.9301249115917,67.83529119265594,0.011481825272687433,45.75322798507091,48.257816974732634,-2.504588989661727,0.0025062837057725496,0.12966190914557973,0.32694796856541175,0.027240760489096433,0.12290343331429748,-10.0,1325.0
2026-08-17,1355.0999755859375,1362.800048828125,1325.0,1325.0,1325.0,970745,-0.02573529411764708,1329.1200012207032,1214.6199975585937,1319.585167117184,1264.4034533464314,51.666674084138286,0.013325772065486286,40.66353845949243,46.7389612716846,-6.075422812192173,-0.023725281705228474,0.08490947926463965,-0.06060632452529291,-0.0030997962688991848,0.09087616099131575,-35.0,1298.0
2026-08-18,1318.0,1320.0,1292.5,1298.0,1298.0,3056990,-0.02037735849056599,1332.0450012207032,1217.6539965820311,1317.5294369155476,1265.720964979905,38.02377247535857,0.0141401421876648,34.05864166925858,44.202897351199404,-10.144255681940827,-0.04936284107874245,0.04719645018152474,2.1491174304271463,-0.025558446741291693,0.06598426453122234,-27.0,1324.800048828125
2026-08-19,1309.0,1324.800048828125,1301.4000244140625,1324.800048828125,1324.800048828125,1693632,0.02064718707867863,1336.4200012207032,1221.507998046875,1318.2218761453169,1268.0377917974822,43.410508082475026,0.014670354618818436,30.63362794617069,41.489043470193664,-10.855415524022973,-0.029734857814551652,0.07071849716879375,-0.44598052332523164,-0.00869483574173116,0.08456109247455476,26.800048828125,1318.4000244140625
2026-08-20,1339.699951171875,1345.300048828125,1318.4000244140625,1318.4000244140625,1318.4000244140625,1510868,-0.004830936124831653,1340.1050048828124,1225.6719995117187,1318.2388426471023,1270.012781311858,43.28780182639685,0.014773917128854801,27.090568204781448,38.60934841711123,-11.51878021232978,-0.03766421575615875,0.05921111603868834,-0.1079124626837471,-0.016196477432488907,0.07565484480292008,-6.4000244140625,1302.5
2026-08-21,1319.9000244140625,1321.699951171875,1302.5,1302.5,1302.5,1484443,-0.012060091110153714,1341.6800048828125,1229.53,1316.7399052521403,1271.2867898878635,31.196374741501913,0.01448971544674357,22.737564258072325,35.43499158530345,-12.697427327231125,-0.04227941176470584,0.024783634933123633,-0.017489946176634907,-0.029202197796958738,0.059347880897578774,-15.9000244140625,1322.0
2026-08-24,1302.5,1325.800048828125,1301.0,1322.0,1322.0,1091648,0.01497120921305184,1342.9850036621094,1233.5839990234374,1317.2408666566985,1273.2755432255942,38.62232858989444,0.014217464474711259,20.623529094604464,32.472699087163654,-11.84916999255919,-0.0022641509433962703,0.020140423716511924,-0.2646076676571616,-0.015625642583414267,0.0716740822242805,19.5,1315.800048828125
2026-08-25,1322.0,1322.9000244140625,1294.4000244140625,1315.800048828125,1315.800048828125,1314934,-0.004689826907620986,1342.8450073242188,1236.72,1317.1036459111199,1274.9431708962818,41.31099017110929,0.013725997496318304,18.23762476655702,29.625684223042327,-11.388059456485308,0.013713442856798874,-0.0021234087741950347,0.20454029137597463,-0.02014004471743481,0.06394337346216199,-6.199951171875,1298.5
2026-08-26,1319.5,1323.0,1296.5999755859375,1298.5,1298.5,834925,-0.013147931438011962,1340.5550048828125,1239.3539990234376,1315.331870110061,1275.8669681160357,40.83375637941225,0.01321539633662856,14.780429448987661,26.656633268231396,-11.876203819243734,-0.019852089265386952,-0.034069811176493325,-0.3650441771221977,-0.0313713385348845,0.0477232501958013,-17.300048828125,1282.0
2026-08-27,1295.0,1304.699951171875,1280.0,1282.0,1282.0,1936771,-0.012706969580284944,1337.0200073242188,1241.757998046875,1312.1574062900552,1276.1074791703088,30.773214266612726,0.013298672749965986,10.587123380248386,23.442731290634793,-12.855607910386407,-0.0276092413076523,-0.05226580448282414,1.3196945833458096,-0.04115122213790238,0.032407282269508654,-16.5,1316.0999755859375
2026-08-28,1290.0,1334.199951171875,1290.0,1316.0999755859375,1316.0999755859375,3459476,0.02659904491882803,1335.4800048828124,1245.4459985351561,1312.532889080139,1277.6758123630786,40.96704317959994,0.014800534474424138,9.901344616664346,20.734453955840703,-10.833109339176357,0.010441439989203438,-0.022867360806177017,0.7862080751931952,-0.014511658149891579,0.05672985993281261,34.0999755859375,1312.199951171875
2026-08-31,1316.5999755859375,1322.5999755859375,1297.699951171875,1312.199951171875,1312.199951171875,3125051,-0.0029633192663240937,1332.2400024414062,1249.0799975585937,1312.5011807079234,1279.029700159502,38.082424779390244,0.01373840458367324,8.940104667814921,18.375584098235546,-9.435479430420624,-0.007413047525056782,-0.04705885898919748,-0.09666926436257972,-0.015042373170604893,0.05053315539169087,-3.9000244140625,1351.4000244140625
2026-09-01,1316.0999755859375,1368.0,1313.0999755859375,1351.4000244140625,1351.4000244140625,4031856,0.029873551822021893,1331.3150024414062,1253.917998046875,1316.2058324894606,1281.8677520910533,47.33231856239957,0.015480037189075726,11.212186280853302,16.942904534759098,-5.7307182539057955,0.02705576399517806,-0.01350463513416822,0.29017286437885326,0.01508660379836757,0.0777419468569932,39.2000732421875,1331.5
2026-09-02,1340.0999755859375,1349.300048828125,1317.4000244140625,1331.5,1331.5,2739386,-0.01472548768281301,1330.3900024414063,1258.2699975585938,1317.662419871417,1283.8141147541494,43.06806393191849,0.015489537103065401,11.277066665093798,15.809736960826038,-4.53267029573224,0.025413939160569887,-0.013703703703703662,-0.32056452412983005,0.0008343399729077502,0.05819895776223983,-19.9000244140625,1319.0
2026-09-03,1345.0,1345.0,1308.0,1319.0,1319.0,1515496,-0.009387908374014264,1329.5900024414063,1262.6359985351562,1317.7898084550916,1285.1939533912416,42.68380238738346,0.015432540409160958,10.202234297588802,14.688236428178593,-4.486002130589791,0.028861154446177872,-0.011985018726591745,-0.4467752992823939,-0.007964863169819925,0.044639944948690155,-12.5,1293.4000244140625
2026-09-04,1324.9000244140625,1331.4000244140625,1291.199951171875,1293.4000244140625,1293.4000244140625,2210569,-0.019408624401772157,1326.4300048828125,1266.49,1315.4669718797554,1285.515760098019,44.165443935818466,0.015460999894989029,7.2017010934278005,13.190929361228434,-5.989228267800634,-0.01724789270797522,-0.046587020720369576,0.45864390272227706,-0.0249014123226714,0.021247719614100775,-25.5999755859375,1282.800048828125
2026-09-07,1271.699951171875,1286.800048828125,1263.0,1282.800048828125,1282.800048828125,2008363,-0.008195434812009905,1322.710009765625,1270.0980004882813,1312.3558363510288,1285.4092616168468,47.01258993323564,0.01550185275197408,3.9232032246979998,11.337384133922349,-7.414180909224349,-0.0224050475824924,-0.05481867449192679,-0.09147237656910956,-0.030172872846537097,0.010000841143723153,-10.5999755859375,1277.0
2026-09-08,1281.4000244140625,1290.0,1268.199951171875,1277.0,1277.0,2241262,-0.004521397417643902,1318.2900085449219,1274.2019995117187,1308.988613841407,1285.0794866514802,39.760064518356046,0.01536765341555334,0.8471887119146686,9.239345049520814,-8.392156337606146,-0.05505403512651308,-0.06474294919688306,0.11596459404998005,-0.03132088408262777,0.002195884553119161,-5.800048828125,1229.800048828125
2026-09-09,1248.800048828125,1264.800048828125,1222.699951171875,1229.800048828125,1229.800048828125,2099173,-0.0369615905809515,1311.510009765625,1278.1140014648438,1301.4468457449038,1282.9116655603682,33.84391832242848,0.017085308153299214,-5.337687010807713,6.323938637455109,-11.661625648262822,-0.07637998585946304,-0.09931153739661591,-0.0633968719408976,-0.06230220153035818,-0.03780097282507372,-47.199951171875,1207.0
2026-09-10,1224.800048828125,1237.0,1196.9000244140625,1207.0,1207.0,2197859,-0.01853963890296728,1303.360009765625,1280.692001953125,1292.451908054913,1279.9347374991773,33.01316847694865,0.017217083427605914,-11.941366335289331,2.6708776429062215,-14.612243978195552,-0.08491281273692186,-0.118978102189781,0.04701184704643202,-0.07393199810001284,-0.057540768460129975,-22.800048828125,1206.0999755859375
2026-09-11,1196.0,1223.4000244140625,1195.699951171875,1206.0999755859375,1206.0999755859375,2272845,-0.0007456705998860613,1295.6650085449219,1282.0340014648436,1284.2279144864392,1277.0392566398345,27.923815139594893,0.017256838868098107,-17.050902040374922,-1.2734782937500073,-15.777423746624915,-0.06749655727559911,-0.11316178265739885,0.03411774822679714,-0.0691266896677013,-0.059229338529356024,-0.9000244140625,1206.0999755859375
2026-09-14,1206.0999755859375,1206.0999755859375,1206.0999755859375,1206.0999755859375,1206.0999755859375,0,0.0,1289.7200073242188,1283.472001953125,1276.787158400677,1274.2573240494858,28.59929767942728,0.016644286070796935,-20.859787256149957,-5.190740086229998,-15.66904716991996,-0.05979113682779735,-0.08973586748231133,-1.0,-0.0648358025489329,-0.06028337684768082,0.0,1253.699951171875
2026-09-15,1252.0,1290.0,1250.0,1253.699951171875,1253.699951171875,4443984,0.03946602814813338,1287.5050048828125,1285.182001953125,1274.5883767598386,1273.4511525640892,42.18422303507752,0.018879787720554465,-19.80908916186877,-8.114409901357753,-11.694679260511016,-0.018245927038469056,-0.0341294675101117,inf,-0.026256250331247764,-0.024496180878199356,47.5999755859375,1253.0
2026-09-16,1262.5,1284.5999755859375,1244.9000244140625,1253.0,1253.0,3049093,-0.0005583083665439137,1283.9150024414062,1287.3300024414064,1272.532340877949,1272.649146581184,44.64549579560709,0.01814788788700036,-18.815984604141477,-10.254724841914499,-8.561259762226978,0.01886481562102893,-0.0541968947628263,-0.31388299327810365,-0.02407869865421019,-0.02666760067449675,-0.699951171875,1258.300048828125
2026-09-17,1242.199951171875,1258.300048828125,1235.300048828125,1258.300048828125,1258.300048828125,1386250,0.004229887332900972,1280.9100036621094,1289.4880029296876,1271.1768844922517,1272.0864368653777,38.05787239623398,0.01820297753891886,-17.40068813981361,-11.683917501494323,-5.716770638319288,0.042502111705157386,-0.04558553889032868,-0.54535660276679,-0.01765147806586156,-0.02418630807786056,5.300048828125,1249.300048828125
2026-09-18,1258.300048828125,1260.800048828125,1235.5999755859375,1249.300048828125,1249.300048828125,2886447,-0.007152507073636238,1278.2500061035157,1291.1920043945313,1269.0933763337634,1271.1928530207795,37.272384159221915,0.018095451971600895,-16.811487911182667,-12.709431583431993,-4.102056327750674,0.03581798699664218,-0.040844492262475995,1.0821980162308384,-0.022648118237557264,-0.03244440441377297,-9.0,
