Date,Open,High,Low,Close,Adj Close,Volume,Daily_Return,SMA_20,SMA_50,EMA_20,EMA_50,RSI_14,Volatility_20,MACD,MACD_Signal,MACD_Histogram,Return_5D,Return_20D,Volume_Change,Price_vs_SMA20,Price_vs_SMA50,Price_Change,Target
2024-11-29,2455.10009765625,2507.5,2455.10009765625,2496.14990234375,2426.22802734375,1795164,0.013788462287848136,2472.9849853515625,2664.8430029296874,2495.464469609021,2610.3611055450583,52.61955258678572,0.012693192239836719,-49.905381312139525,-67.51671541342077,17.611334101281244,0.020815827561087907,-0.023014168555887116,-0.2933899619370761,0.009367188692774997,-0.0633032041289032,33.949951171875,2479.14990234375
2024-12-02,2485.0,2490.5,2460.550048828125,2479.14990234375,2409.704345703125,1006993,-0.006810488418198757,2470.52998046875,2656.9089990234374,2493.9107012980426,2605.215568164615,46.233000488990626,0.012577442753259583,-45.532042700184775,-63.11978087077357,17.587738170588793,0.0031155602273975624,-0.01942058643577571,-0.43905236513209933,0.003489098267637417,-0.06690447310955093,-17.0,2482.85009765625
2024-12-03,2480.0,2491.449951171875,2466.0,2482.85009765625,2413.30078125,1641588,0.0014925258488813764,2467.7974853515625,2648.3310009765623,2492.857310475015,2600.416922262326,48.879787344035066,0.012545362713576376,-41.29158185164306,-58.75414106694747,17.46255921530441,0.001472308226954322,-0.021536907327586174,0.6301880946540841,0.0060996140866652615,-0.06248497761771163,3.7001953125,2464.5
2024-12-04,2481.10009765625,2493.0,2456.550048828125,2464.5,2395.464599609375,1321495,-0.007390739245020095,2464.7824829101564,2638.0689990234373,2490.1566142392994,2595.0868468794897,50.42277362619214,0.012596555880561952,-38.96254958275222,-54.79582277010842,15.833273187356205,-0.009007158801461745,-0.023883098725427043,-0.19498985129033597,-0.00011460764270886319,-0.06579395727999883,-18.35009765625,2494.60009765625
2024-12-05,2465.60009765625,2515.0,2450.050048828125,2494.60009765625,2424.7216796875,2071795,0.012213470341347232,2463.4449829101563,2627.39,2490.579803136152,2591.146190047206,53.886505476443894,0.01294447614228129,-34.292644150697924,-50.69518704622632,16.4025428955284,0.013159023282798055,-0.01060939534928762,0.5677660528416679,0.012646969979938014,-0.05054061343909731,30.10009765625,2483.800048828125
2024-12-06,2495.0,2495.800048828125,2475.0,2483.800048828125,2414.22412109375,1308086,-0.004329370803068611,2462.599987792969,2618.055,2489.934112249673,2586.936537450379,64.94472316844391,0.012851482547001684,-31.104629326680424,-46.777075502317146,15.672446175636722,-0.004947560843212684,-0.0067580688102266695,-0.36862189550607083,0.008608812287925,-0.05128041663443848,-10.800048828125,2400.75
2024-12-09,2465.0,2476.949951171875,2383.300048828125,2400.75,2333.50048828125,3385021,-0.03343668862045024,2458.8624877929688,2607.0910009765626,2481.440387273514,2579.6351046091877,46.972817215896725,0.014716735649195747,-34.877503324617464,-44.397161066777215,9.519657742159751,-0.03162370386301849,-0.03019592001615834,1.5877664006800778,-0.023633890907469774,-0.07914606774342417,-83.050048828125,2397.35009765625
2024-12-10,2408.699951171875,2413.0,2388.300048828125,2397.35009765625,2330.196044921875,2063838,-0.0014161834192439882,2453.3449951171874,2595.3160009765625,2473.4317882623454,2572.486672963975,48.17774139587856,0.014320150988679172,-37.70721159173809,-43.05917117176939,5.351959580031306,-0.03443623120087269,-0.04400440868695532,-0.3903027484910728,-0.022823898625094402,-0.07627815003869359,-3.39990234375,2401.35009765625
2024-12-11,2405.0,2409.35009765625,2385.0,2401.35009765625,2334.083740234375,1718225,0.0016685089106971418,2448.859997558594,2584.0180029296876,2466.5668653474795,2565.7754347166133,52.784037321291564,0.014303542312392966,-39.175419361228705,-42.282420809661254,3.1070014484325483,-0.025623819169709905,-0.036008891597369974,-0.16746130267976456,-0.01940082321966516,-0.0706914212928601,4.0,2344.949951171875
2024-12-12,2385.050048828125,2399.949951171875,2338.0,2344.949951171875,2279.263427734375,3231056,-0.02348684872706497,2443.0324951171874,2571.7510009765624,2454.98430209266,2557.115611832506,34.66830571360117,0.014957966661546236,-44.378438052759975,-42.701624258281,-1.6768137944789743,-0.05998963385954159,-0.04734919716763153,0.8804615227924166,-0.04014786710424316,-0.08818935025924556,-56.400146484375,2390.10009765625
2024-12-13,2344.949951171875,2394.550048828125,2333.449951171875,2390.10009765625,2323.149169921875,2260902,0.019254204748298198,2439.290002441406,2561.0780029296875,2448.804854051097,2550.5659838255942,38.245957628738914,0.015705465185305606,-44.347418925687634,-43.030783191762325,-1.3166357339253096,-0.03772443406468384,-0.030365668674140922,-0.3002591103342065,-0.02016566490082097,-0.06676013189674472,45.150146484375,2366.14990234375
2024-12-16,2390.300048828125,2393.0,2363.0,2366.14990234375,2299.86962890625,1247552,-0.01002058254212268,2438.1375,2550.5339990234374,2440.9329538884926,2543.333980630228,34.39616007505161,0.014290380754832698,-45.72828939036617,-43.570284431483095,-2.158004958883076,-0.014412203543163637,-0.009647601414364382,-0.4482060699667655,-0.029525651304017853,-0.07229235005308121,-23.9501953125,2363.25
2024-12-17,2353.35009765625,2380.0,2353.35009765625,2363.25,2297.05078125,2131569,-0.001225578455903209,2435.1550048828126,2540.8239990234374,2433.5345773276836,2536.271863742768,32.70392140524193,0.013877294440877529,-46.52037909364299,-44.16030336391508,-2.3600757297279102,-0.014224079198773554,-0.024619218600838044,0.708601324834556,-0.029527896474201194,-0.06988835082307462,-2.89990234375,2359.199951171875
2024-12-18,2350.050048828125,2383.0,2350.050048828125,2359.199951171875,2293.114501953125,988403,-0.0017137623307416083,2432.5974975585937,2531.34,2426.4550891223685,2529.3278671713606,34.709061597522634,0.01384597999224324,-46.93389624240126,-44.71502193961231,-2.2188743027889473,-0.017552686934534933,-0.02122104441761874,-0.5363026015109058,-0.03017249933882691,-0.0680035273128561,-4.050048828125,2359.85009765625
2024-12-19,2347.0,2386.949951171875,2336.0,2359.85009765625,2293.74609375,1655915,0.00027557922085064135,2431.45,2522.1610009765627,2420.1117566017856,2522.6816801315526,27.545409205721,0.01362669428973705,-46.67115416085244,-45.10624838386034,-1.5649057769920987,0.006354142644677152,-0.009631505246595062,0.6753439639499272,-0.029447408889242972,-0.06435390256905373,0.650146484375,2333.89990234375
2024-12-20,2352.10009765625,2373.5,2324.64990234375,2333.89990234375,2268.52294921875,2069691,-0.010996543949241988,2425.8824951171873,2513.46,2411.901103815306,2515.278473159482,26.75636818252852,0.012276335208097696,-48.003538148546795,-45.68570633679764,-2.3178318117491585,-0.023513741272848887,-0.045537306065330796,0.24987756014046614,-0.03791716744672495,-0.07143940928292077,-25.9501953125,2338.89990234375
2024-12-23,2337.0,2351.75,2315.25,2338.89990234375,2273.3828125,1066199,0.0021423369506887724,2419.254992675781,2505.1439990234376,2404.948608437063,2508.3616664608257,27.059801233188395,0.011944834501842949,-48.10151947054601,-46.16886896354731,-1.932650506998698,-0.011516599169396624,-0.05363250377183415,-0.48485112028800437,-0.033214808102206506,-0.06636109411055545,5.0,2335.550048828125
2024-12-24,2331.10009765625,2356.949951171875,2331.10009765625,2335.550048828125,2270.126953125,683646,-0.0014322346639410455,2412.0724975585936,2496.1910009765625,2398.33922180764,2501.584740279151,28.418471123648857,0.011871138736597883,-47.89734478138644,-46.514564127115136,-1.3827806542713006,-0.011721126064476839,-0.05794203984065471,-0.35880074920347893,-0.03172477146019518,-0.06435443124568246,-3.349853515625,2332.75
2024-12-26,2332.25,2341.85009765625,2324.699951171875,2332.75,2267.4052734375,1033769,-0.0011988819633859116,2404.3650024414064,2487.0639990234376,2392.0926292545314,2494.9637700721255,20.18793699218068,0.011795058020906708,-47.414905888346766,-46.69463247936146,-0.7202734089853067,-0.011211407137719176,-0.061984763519622676,0.5121407863133844,-0.029785412102026163,-0.062046653839237784,-2.800048828125,2341.25
2024-12-27,2343.0,2345.64990234375,2328.25,2341.25,2275.667236328125,556816,0.0036437680848784293,2398.3175048828125,2478.26,2387.2504740874333,2488.9357790889053,23.518537499965973,0.011773485954109111,-45.818523212736636,-46.519410626036496,0.7008874132998599,-0.007881897953909478,-0.049122716907824326,-0.46137289858759545,-0.02379480813804966,-0.05528475624026543,8.5,2343.5
2024-12-30,2341.5,2359.14990234375,2325.0,2343.5,2277.85400390625,924180,0.0009610250934330988,2390.685009765625,2469.505,2383.0837622695826,2483.232415203066,34.80227716971447,0.011176647679877727,-43.866160453068005,-45.988760591442805,2.1226001383748,0.004113328787840986,-0.06115414070301628,0.6597583402775782,-0.019737024983584536,-0.05102439557725135,2.25,2326.85009765625
2024-12-31,2340.0,2352.64990234375,2323.25,2326.85009765625,2261.670654296875,1878762,-0.007104716169724745,2383.07001953125,2461.26900390625,2377.728175163551,2477.0997752992694,32.51493177161292,0.011181994470486279,-43.16482958384813,-45.42397438992387,2.2591448060757386,-0.0051519112363146435,-0.06143226940150659,1.0328961890540804,-0.02359138481632136,-0.054613659066386225,-16.64990234375,2322.10009765625
2025-01-01,2325.0,2337.14990234375,2320.25,2322.10009765625,2257.0537109375,559893,-0.0020413863380303043,2375.03251953125,2453.36900390625,2372.4302630199986,2471.0213565681706,30.417649982867374,0.011133336281163583,-42.50236432068277,-44.839652376075655,2.3372880553928823,-0.005758793813313345,-0.06474414228702086,-0.7019883306134571,-0.022287030362618726,-0.05350556970475854,-4.75,2370.0
2025-01-02,2330.0,2379.64990234375,2315.5,2370.0,2303.61181640625,1650744,0.020627837013613926,2370.30751953125,2446.8980029296877,2372.1988093990462,2467.059734741968,56.46118252769797,0.012291639932055719,-37.67790657060277,-43.407303214981084,5.729396644378312,0.015968277783731555,-0.03834449178332322,1.948320482663652,-0.00012973824228120571,-0.031426730022100294,47.89990234375,2406.25
2025-01-03,2381.85009765625,2414.60009765625,2364.800048828125,2406.25,2338.84619140625,1274239,0.015295358649789037,2365.8900146484375,2441.38900390625,2375.44177993247,2464.675039261891,54.36601386564161,0.012495264186194207,-30.5769450106186,-40.84123157410859,10.26428656348999,0.02776294714361982,-0.03541653739982509,-0.22808200423566583,0.017059113104021383,-0.01439303767241806,36.25,2376.199951171875
2025-01-06,2418.0,2418.949951171875,2361.64990234375,2376.199951171875,2309.63818359375,900419,-0.012488331980519463,2360.510009765625,2435.727001953125,2375.513986717175,2461.2054279642434,52.63021362458963,0.012715947674169758,-27.062213267454354,-38.085427912777746,11.023214645323392,0.013953467536537145,-0.043320756719936626,-0.2933672568489899,0.0066468438351624925,-0.02443913079483764,-30.050048828125,2390.800048828125
2025-01-07,2377.14990234375,2402.25,2375.25,2390.800048828125,2323.829345703125,922768,0.006144305174760056,2360.0125122070312,2433.4410009765625,2376.969802156313,2458.4444327040037,56.7940852414009,0.010469510570662097,-22.835424615559987,-35.0354272533342,12.200002637774212,0.02748348560841518,-0.004144517826460525,0.024820666822890303,0.013045497200479641,-0.017522903629603206,14.60009765625,2401.0
2025-01-08,2391.0,2409.0,2368.0,2401.0,2333.74365234375,953351,0.004266333847899428,2360.1950073242188,2430.9,2379.2583924271403,2456.191709852866,60.00479165084059,0.01051052687963264,-18.44993398722454,-31.71832860011227,13.268394612887729,0.03397782137961469,0.001522473645930278,0.033142675081927475,0.017288822554557624,-0.01229997120408083,10.199951171875,2435.39990234375
2025-01-09,2405.050048828125,2473.64990234375,2386.39990234375,2435.39990234375,2367.179931640625,2425267,0.014327322925343555,2361.897497558594,2428.0919970703126,2384.605202895389,2455.3763448525087,65.56765610819664,0.010978866067535658,-12.059600869372389,-27.786583053964293,15.726982184591904,0.027594895503691985,0.01417944210664368,1.5439392207067493,0.031120065481729364,0.0030097316255953237,34.39990234375,2442.050048828125
2025-01-10,2435.39990234375,2456.0,2413.800048828125,2442.050048828125,2373.6435546875,1651911,0.002730617866074203,2366.7525024414062,2425.98,2390.076140603269,2454.8537450084154,74.2109284564203,0.009380000615161864,-6.385002258406075,-23.50626689485265,17.121264636446575,0.01487794237012996,0.04140817487713311,-0.3188745816440004,0.03181471079424068,0.006624147284035722,6.650146484375,2451.0
2025-01-13,2417.050048828125,2460.5,2409.050048828125,2451.0,2382.343017578125,2595013,0.0036649335570209107,2369.797497558594,2423.9010009765625,2395.8784129267674,2454.7026177531834,74.65908358574467,0.00848178304133645,-1.1523718884291156,-19.035487893567943,17.883116005138827,0.03147885294385078,0.025480063535192166,0.5709157454608631,0.034265587049130686,0.011179911643470429,8.949951171875,2367.949951171875
2025-01-14,2465.0,2468.0,2364.10009765625,2367.949951171875,2301.619384765625,2052741,-0.03388414884868418,2369.8875,2420.695,2393.2185594263015,2451.3005523970537,55.27685705924267,0.011350462973256552,-3.664675386691215,-15.961325392192599,12.296650005501384,-0.009557510954314341,0.0007607501225268543,-0.20896696856624608,-0.000817569959808142,-0.021789217075313148,-83.050048828125,2373.0
2025-01-15,2373.89990234375,2384.89990234375,2350.10009765625,2373.0,2306.52783203125,1215150,0.002132667046288672,2370.375,2417.405,2391.2929823380823,2448.22994249913,56.50767987065481,0.011354665031732184,-5.188388757881512,-13.806738065330382,8.61834930744887,-0.011661807580174877,0.004125674389082734,-0.408035402420471,0.0011074197120708748,-0.018368870751901398,5.050048828125,2345.0
2025-01-16,2376.949951171875,2380.0,2326.050048828125,2345.0,2279.31201171875,2762596,-0.01179941002949858,2369.665002441406,2413.8089990234375,2386.8841268773126,2444.1817094599487,50.57034220532319,0.01166695951333405,-8.556672581374187,-12.756724968539144,4.200052387164957,-0.037119120460156085,-0.006018968915636691,1.2734608896021067,-0.010408645279393681,-0.028506397586253018,-28.0,2354.0
2025-01-17,2350.0,2379.300048828125,2343.0,2354.0,2288.06005859375,1333005,0.003837953091684332,2369.3724975585938,2410.4619970703125,2383.7523052699494,2440.6451718340686,51.564828614008945,0.011702331369511937,-10.380180732756344,-12.281416121382586,1.901235388626242,-0.03605579208762655,-0.0024790124008555736,-0.5174810214740049,-0.0064880037117142205,-0.023423724223379856,9.0,2345.199951171875
2025-01-20,2356.449951171875,2368.0,2335.64990234375,2345.199951171875,2279.506591796875,1382273,-0.0037383384996283464,2369.9375,2407.3519970703123,2380.0806524987042,2436.902222004179,52.8002205572797,0.011455207562917995,-12.392560749526638,-12.303645047011397,-0.08891570251524072,-0.04316607459327826,0.004841702429815964,0.036960101424975855,-0.010438059580948865,-0.02581759791425385,-8.800048828125,2340.5
2025-01-21,2353.5,2377.300048828125,2332.449951171875,2340.5,2274.938232421875,1842885,-0.002004072688781333,2370.0175048828123,2404.6519970703125,2376.311066546447,2433.1217427098977,52.808287066363604,0.011457713591143621,-14.202910876097121,-12.683498212828543,-1.5194126632685787,-0.011592285199393815,0.000684124042523937,0.3332279513525911,-0.012454551420822454,-0.026678287398123123,-4.699951171875,2342.949951171875
2025-01-22,2342.550048828125,2362.0,2332.199951171875,2342.949951171875,2277.3193359375,2658047,0.0010467640127642674,2370.3875,2401.3569970703124,2373.1338174631546,2429.5855940221318,45.20644430542179,0.011453707481279959,-15.263982125356051,-13.199594995334046,-2.0643871300220056,-0.012663315983196366,0.0031683766945875824,0.4423292826193712,-0.01157513226344841,-0.024322516797666827,2.449951171875,2321.699951171875
2025-01-23,2315.0,2341.300048828125,2253.85009765625,2321.699951171875,2256.66455078125,3408925,-0.009069762667944015,2369.834997558594,2397.9699951171874,2368.2353540068425,2425.3547844985924,34.17555634148414,0.011638785520201282,-17.61651393460079,-14.082978783187396,-3.5335351514133926,-0.009936054937366712,-0.0047369194419140115,0.2824923712786116,-0.020311560271625496,-0.031806087691095206,-21.25,2368.10009765625
2025-01-24,2332.85009765625,2380.800048828125,2323.0,2368.10009765625,2301.764892578125,1688664,0.01998541907232876,2371.1775024414064,2396.1019970703123,2368.222472449643,2423.1095026616376,48.5714556366295,0.012465093691113061,-15.557471456656003,-14.377877317881119,-1.1795941387748847,0.005989846073173322,0.011468274492792307,-0.5046344522100076,-0.0012978382183484287,-0.011686438827854554,46.400146484375,2392.85009765625
2025-01-27,2365.0,2409.699951171875,2361.14990234375,2392.85009765625,2325.82177734375,2477358,0.010451416316605622,2373.6450073242186,2394.66,2370.5679605645582,2421.922859328093,50.349063137319774,0.012656939735301161,-11.792609441666173,-13.86082374263813,2.068214300971958,0.020318159421999216,0.02105828788404107,0.4670520600901067,0.008090969910315738,-0.0007558076485805311,24.75,2388.85009765625
2025-01-28,2401.0,2407.0,2379.449951171875,2388.85009765625,2321.93408203125,1892156,-0.0016716467128123913,2376.745007324219,2394.6530029296873,2372.3091164780526,2420.6258882821385,47.8866073946234,0.012528800970479216,-9.027630832296381,-12.894185160569782,3.8665543282734003,0.02065802078882717,0.026645463780606393,-0.23622019909920167,0.005093138007959546,-0.00242327605141032,-4.0,2383.949951171875
2025-01-29,2385.14990234375,2396.0,2364.0,2383.949951171875,2317.171142578125,699576,-0.0020512574184469168,2379.8375,2393.87400390625,2373.417767401274,2419.187616238599,40.02716349680332,0.01252894348173045,-7.149352942429232,-11.745218716941672,4.59586577451244,0.017499306794621416,0.026635308950743175,-0.6302757277941142,0.001728038646283584,-0.0041456036191467125,-4.900146484375,2408.75
2025-01-30,2384.0,2425.0,2384.0,2408.75,2341.2763671875,1419960,0.010402923440542056,2381.775,2393.842001953125,2376.7827419344862,2418.7782979547324,43.96957486336188,0.011895220385761521,-3.617942120005864,-10.119763397554511,6.501821277548647,0.037494099435280814,0.016350210970464074,1.0297437304881814,0.011325587009688115,0.0062276449467891645,24.800048828125,2468.800048828125
2025-01-31,2401.5,2479.0,2401.5,2468.800048828125,2399.644287109375,2116148,0.024929963187597215,2384.9025024414063,2395.562001953125,2385.546294971976,2420.739935243885,52.72005270803968,0.012679046462538203,3.980380135931682,-7.299734690857273,11.280114826788955,0.042523519707439617,0.02599482548701304,0.4902870503394461,0.03517860637943622,0.03057238627732786,60.050048828125,2506.050048828125
2025-02-01,2475.0,2602.0,2435.14990234375,2506.050048828125,2435.850830078125,2970999,0.01508830171065556,2391.3950073242186,2396.7780029296873,2397.0228429582758,2424.0854298942477,74.53800745434734,0.012592886366389488,12.8596311326246,-3.2678615261608988,16.1274926587855,0.047307581566748524,0.05464611578340106,0.4039656016497901,0.04794483602781974,0.04559122528864569,37.25,2441.949951171875
2025-02-03,2505.0,2520.0,2416.5,2441.949951171875,2373.546142578125,2528480,-0.025578139465420646,2393.952502441406,2396.1880029296876,2401.3016151690945,2424.7859993561156,60.12628317981191,0.01405443587542459,14.556362657368027,0.29698331054488625,14.25937934682314,0.022228206603554623,0.02139447101350922,-0.1489461962121159,0.02004945740632701,0.019097812102488097,-64.10009765625,2438.050048828125
2025-02-04,2450.0,2450.0,2402.85009765625,2438.050048828125,2369.755859375,1992474,-0.0015970443382258281,2395.8050048828127,2395.3650048828126,2404.801465993764,2425.3061581589395,64.70680390285011,0.014047235578418646,15.40872292246786,3.319331232929481,12.089391689538378,0.02269347040178249,0.015431090723917018,-0.211987439093843,0.017632922487103107,0.01781984952535475,-3.89990234375,2391.050048828125
2025-02-05,2453.0,2453.0,2387.0,2391.050048828125,2324.072265625,1357416,-0.019277701055641194,2393.587512207031,2393.4480078125,2403.4918072160845,2423.962781322437,55.22788388466735,0.01435797971564673,12.151640817659882,5.0857931498755615,7.06584766778432,-0.00734818938116244,-0.018210501475730556,-0.31872837487465333,-0.001060108880901695,-0.0010018847188439262,-47.0,2372.699951171875
2025-02-06,2400.0,2408.949951171875,2360.300048828125,2372.699951171875,2306.236083984375,1132113,-0.007674493332016863,2390.120007324219,2391.6580078125,2400.559249497588,2421.952474257709,53.77850652382767,0.014410966836755287,7.997490172452672,5.668132554390984,2.329357618061688,-0.03892583269425409,-0.028398311365293027,-0.165979331317739,-0.0072883604584549665,-0.007926742276152003,-18.35009765625,2363.85009765625
2025-02-07,2380.0,2381.949951171875,2336.10009765625,2363.85009765625,2297.63427734375,855602,-0.003729866269544191,2385.7625122070312,2389.01201171875,2397.063139798413,2419.673949685103,53.172134094488094,0.014370596973927268,3.94570303125829,5.323646649764446,-1.3779436185061558,-0.05674266211816892,-0.03555687570124444,-0.24424328666838024,-0.009184658757384204,-0.010532351423548239,-8.849853515625,2361.449951171875
2025-02-10,2370.89990234375,2398.0,2352.050048828125,2361.449951171875,2295.30126953125,1326354,-0.001015354775141919,2385.4375122070314,2386.6580126953127,2393.6714075482664,2417.3906556257607,52.51358362137023,0.012215299817893729,0.5347959728082969,4.365876514373216,-3.831080541564919,-0.03296545859237143,-0.002744990449136453,0.5501997424035943,-0.010055832907969528,-0.01056207524888309,-2.400146484375,2315.25
2025-02-11,2371.0,2377.949951171875,2296.550048828125,2315.25,2250.395263671875,1389260,-0.019564230505477398,2382.550012207031,2383.3060107421875,2386.202702067479,2413.3851397188682,49.17929202715087,0.01295100319311996,-5.829127838524073,2.3268756437937586,-8.156003482317832,-0.05036814108354759,-0.02433628318584069,0.047427760612928305,-0.028247051210769356,-0.028555296900792903,-46.199951171875,2332.5
2025-02-12,2325.699951171875,2339.89990234375,2305.10009765625,2332.5,2267.162109375,1341909,0.007450599287333937,2381.925012207031,2380.6660107421876,2381.0881590134336,2410.213173455383,45.10719227770001,0.012832787842200828,-9.372610849242847,-0.013021654813562433,-9.359589194429285,-0.02448716991801192,-0.005330490405117239,-0.03408361285864414,-0.020750028633871726,-0.02023215794439454,17.25,2321.5
2025-02-13,2330.10009765625,2345.60009765625,2313.35009765625,2321.5,2256.470458984375,1334967,-0.004715969989281921,2380.300012207031,2377.2040087890623,2375.4130962502495,2406.734225476741,39.808593352238724,0.012834058888649302,-12.91952647474318,-2.594322618799486,-10.325203855943693,-0.02157877195832847,-0.013806287170773146,-0.005173227096621269,-0.024702773560258635,-0.023432573974766974,-11.0,2318.35009765625
2025-02-14,2322.0,2366.0,2313.39990234375,2318.35009765625,2253.40869140625,1135380,-0.0013568392607150592,2378.95751953125,2373.895009765625,2369.978524955583,2403.268181248486,39.905503927781396,0.01281460418186333,-15.802492163457373,-5.235956527731064,-10.566535635726309,-0.01924825945820896,-0.011448854713734913,-0.14950706646681156,-0.025476462432562515,-0.0233982176468955,-3.14990234375,2329.39990234375
2025-02-17,2318.35009765625,2336.0,2300.0,2329.39990234375,2264.14892578125,1409168,0.004766236427652171,2378.4025146484373,2372.4680078125,2366.1138942306466,2400.37138599732,42.3244587990626,0.012862048423455069,-16.999674683379453,-7.588700158860742,-9.41097452451871,-0.013572190599347667,-0.004742618097094642,0.24114217266465854,-0.02060316199755222,-0.01815329240559941,11.0498046875,2296.0
2025-02-18,2329.39990234375,2338.550048828125,2288.0,2296.0,2231.684814453125,1035705,-0.014338414932594579,2376.0550170898437,2370.441005859375,2359.4363804943946,2396.278390468013,34.51022245357669,0.013240645571657933,-20.408289383863575,-10.15261800386131,-10.255671380002266,-0.008314436885865417,-0.020038819501198457,-0.26502375870016914,-0.03369240885166617,-0.03140386353229962,-33.39990234375,2250.39990234375
2025-02-19,2298.75,2305.699951171875,2248.0,2250.39990234375,2187.362060546875,1521343,-0.019860669710910273,2372.4900146484374,2367.422001953125,2349.051954003857,2390.557665443532,18.75532202485276,0.013797994481232777,-26.483897986349803,-13.41887400035901,-13.065023985990793,-0.03519832696945335,-0.030710277093358385,0.46889606596472944,-0.0514607486441957,-0.04943018165448812,-45.60009765625,2248.050048828125
2025-02-20,2250.39990234375,2254.449951171875,2226.5,2248.050048828125,2185.077880859375,2206196,-0.0010441937511540544,2366.487512207031,2365.48400390625,2339.432724939502,2384.9691314586144,8.995498991153184,0.012845505807453935,-31.12963209511281,-16.961025619309773,-14.168606475803038,-0.03163900545848586,-0.05069466824774027,0.4501634411174864,-0.05004778718162309,-0.04964478934721188,-2.349853515625,2241.64990234375
2025-02-21,2248.050048828125,2253.550048828125,2226.39990234375,2241.64990234375,2178.85693359375,1781509,-0.0028469768667789275,2358.9275024414064,2362.515,2330.120075168478,2379.348769532541,11.015898146942632,0.012477681949813286,-34.92525161959111,-20.55387081936604,-14.371380800225069,-0.03308395715989598,-0.06318832736768498,-0.19249740276929161,-0.04971649191265025,-0.05115950487351398,-6.400146484375,2241.449951171875
2025-02-24,2230.0,2251.0,2218.800048828125,2241.449951171875,2178.662841796875,1627949,-8.919821586139687e-05,2351.5574951171875,2360.0210009765624,2321.6753014545156,2373.940972734084,11.176871023791193,0.012492786390010053,-37.51696955567604,-23.946490566628043,-13.570478989047999,-0.03775648444193003,-0.061703388851812924,-0.08619658952045706,-0.046823241266242314,-0.05024152317103255,-0.199951171875,2259.300048828125
2025-02-25,2243.0,2269.60009765625,2237.949951171875,2259.300048828125,2196.0126953125,1988040,0.007963638736130374,2345.325,2357.942001953125,2315.734801204383,2369.445250227968,20.5980551547987,0.012735603504873247,-37.69603456942377,-26.69639936718719,-10.999635202236583,-0.015984299290886295,-0.05228713055929557,0.22119304720233868,-0.03667933065646545,-0.0418339183250873,17.85009765625,2244.949951171875
2025-02-27,2269.64990234375,2269.64990234375,2233.10009765625,2244.949951171875,2182.064697265625,1699658,-0.006351567895416688,2337.1349975585936,2355.657001953125,2308.993386915573,2364.563081637533,20.972480484265375,0.012381081592772175,-38.55148036679702,-29.06741556710916,-9.484064799687864,-0.0024217700890402094,-0.06800209603658536,-0.14505844952817848,-0.03944361215035351,-0.046996252293716984,-14.35009765625,2190.25
2025-02-28,2245.050048828125,2249.60009765625,2185.85009765625,2190.25,2128.896728515625,3683249,-0.024365777572600833,2323.2074951171876,2352.265,2297.6844929236136,2357.7272745144924,17.35611857581216,0.011294748772585034,-43.14589719193373,-31.883111892074073,-11.262785299859654,-0.025711193066299987,-0.11282811216742539,1.1670530189014494,-0.057230142118873,-0.06887616828886196,-54.699951171875,2176.85009765625
2025-03-03,2199.0,2199.0,2158.5,2176.85009765625,2115.87255859375,1306470,-0.006117978469923568,2306.7474975585938,2349.12400390625,2286.1764552791024,2350.6340518926004,16.666651971775238,0.010158266292776674,-47.32275845623508,-34.97104120490628,-12.3517172513288,-0.02890719225145233,-0.13136208166545393,-0.6452941411237741,-0.05631192839260649,-0.07333538202476057,-13.39990234375,2157.35009765625
2025-03-04,2179.949951171875,2180.0,2136.0,2157.35009765625,2096.918701171875,1800330,-0.008957897478101495,2292.5175048828123,2345.4930078125,2273.90727836264,2343.054288981371,18.445226371902137,0.009189241986466657,-51.61149296865142,-38.29913155765531,-13.312361410996111,-0.03752029059210349,-0.11654614517346984,0.37801097614181733,-0.05896025087645808,-0.08021465403204055,-19.5,2170.449951171875
2025-03-05,2152.0,2191.89990234375,2150.0,2170.449951171875,2109.6513671875,1145673,0.0060721964088521485,2279.1375,2342.191005859375,2264.0541995825674,2336.2854914202144,17.069632543145147,0.009541877541717326,-53.338444879199415,-41.30699422196413,-12.031450657235283,-0.03932638239101338,-0.10975988691654415,-0.3636316675276199,-0.0476880174312102,-0.07332495695605587,13.099853515625,2218.949951171875
2025-03-06,2175.0,2229.800048828125,2163.75,2218.949951171875,2156.79296875,1856868,0.022345597037984666,2270.5324951171874,2339.9150048828124,2259.758556876787,2331.6840976849858,31.916732893124703,0.01088182144317494,-50.21467848570592,-43.08853107471249,-7.1261474109934255,-0.011581549952339842,-0.07197678599015433,0.6207661348395224,-0.022718258406889753,-0.05169634514865446,48.5,2204.550048828125
2025-03-07,2226.699951171875,2226.699951171875,2189.199951171875,2204.550048828125,2142.796630859375,1738356,-0.006489512003704734,2262.125,2337.181005859375,2254.5006037292956,2326.698448710207,30.698741779496288,0.010862087337186249,-48.34374627337411,-44.13957411444482,-4.204172158929289,0.0065289573464786255,-0.07086859097405085,-0.06382359973891516,-0.025451710746256285,-0.056748260703274905,-14.39990234375,2247.75
2025-03-10,2208.0,2267.14990234375,2194.64990234375,2247.75,2184.7861328125,1242387,0.019595813302056175,2256.3199951171873,2335.266005859375,2253.85768908841,2323.602431113728,37.513384996557605,0.012037469220217622,-42.880840357997386,-43.88782736315533,1.0069870051579457,0.03256995161039611,-0.04911483083100865,-0.2853092231970896,-0.0037982179547818152,-0.03747581887450519,43.199951171875,2216.949951171875
2025-03-11,2240.0,2262.449951171875,2211.25,2216.949951171875,2154.84912109375,1325891,-0.013702613203481206,2249.0949951171874,2333.0680029296873,2250.3426664296926,2319.41998091993,37.814076687363624,0.012289765261357881,-40.56909927260358,-43.224081745044984,2.6549824724414037,0.027626417047643015,-0.061191218525843194,0.06721255132257498,-0.014292434963885336,-0.049770538883564544,-30.800048828125,2192.89990234375
2025-03-12,2217.35009765625,2229.949951171875,2185.0,2192.89990234375,2131.47265625,1526212,-0.010848259707176622,2242.977490234375,2330.4839990234377,2244.871926992936,2314.45840921106,40.505277891552474,0.011820037919613228,-40.214102610535065,-42.622085918143,2.4079833076079353,0.010343454895034077,-0.052845307269733244,0.1510840634712809,-0.02232638896674457,-0.059036705138220534,-24.050048828125,2174.800048828125
2025-03-13,2185.0,2209.949951171875,2164.449951171875,2174.800048828125,2113.8798828125,1845629,-0.008253843915210224,2235.092492675781,2326.58,2238.198414786764,2308.9816107646707,38.502582810895326,0.011634277977263924,-40.92155390947073,-42.28197951640855,1.3604256069378167,-0.019896754462818578,-0.06760983973070744,0.20928743844236575,-0.026975368601178547,-0.06523736607891194,-18.099853515625,2171.25
2025-03-17,2161.0,2195.449951171875,2156.5,2171.25,2110.42919921875,1111886,-0.0016323564228527543,2227.5799926757813,2321.88,2231.8223752832628,2303.5803711268404,38.85017933564611,0.011636768553039365,-41.29267715379274,-42.08411904388539,0.7914418900926492,-0.015105145308824564,-0.0647210855050614,-0.3975571471839682,-0.025287528556097977,-0.06487415370303379,-3.550048828125,2171.25
2025-03-18,2171.25,2171.25,2171.25,2171.25,2110.42919921875,0,0.0,2220.224987792969,2317.7810009765626,2226.0535776372376,2298.390944808141,38.87480103104031,0.011652488350728723,-41.1128714089873,-41.889869516905776,0.7769981079184731,-0.034034034034034044,-0.06345033815425971,-1.0,-0.022058569767585978,-0.06322038230308383,0.0,2200.050048828125
2025-03-19,2207.0,2212.85009765625,2193.449951171875,2200.050048828125,2138.422607421875,1341405,0.013264271193149213,2213.7574951171873,2313.9660009765626,2223.577051083989,2294.5344390834343,40.92509524073058,0.01210472301201409,-38.206035418545525,-41.15310269723373,2.947067278688202,-0.0076230418890678164,-0.055529260298104344,inf,-0.0061919367045832185,-0.049229743263454015,28.800048828125,2242.39990234375
2025-03-20,2203.89990234375,2248.89990234375,2188.449951171875,2242.39990234375,2179.586181640625,1426689,0.019249495500424096,2211.077490234375,2310.7939990234377,2225.3697035849186,2292.4899474465838,49.640280336817455,0.01273092038447754,-32.114867505488746,-39.34545565888473,7.230588153395985,0.02257284974434759,-0.023344990268401533,0.0635781139924183,0.014166130426326543,-0.029597660677927858,42.349853515625,2246.199951171875
2025-03-21,2245.0,2255.199951171875,2225.800048828125,2246.199951171875,2183.27978515625,2152415,0.0016946347634752001,2210.8674926757812,2307.01,2227.353536688438,2290.674653475027,59.21594995411549,0.011947729509088767,-26.673465758195107,-36.811057678746806,10.1375919205517,0.03283055947245517,-0.0018663132572573904,0.5086784856405284,0.01598126464527794,-0.026358814581698916,3.800048828125,2256.199951171875
2025-03-24,2250.25,2266.0,2241.0,2256.199951171875,2192.99951171875,1454404,0.004451963412599458,2211.2749877929687,2303.292998046875,2230.100814258289,2289.3227043650995,63.21838145521481,0.01198621710981015,-21.308567343555296,-33.710559611708504,12.401992268153208,0.039124905548359346,0.0036253206853640307,-0.32429201617717773,0.020316316888179108,-0.020445964501664932,10.0,2271.300048828125
2025-03-25,2250.75,2292.0,2243.35009765625,2271.300048828125,2207.6767578125,2229340,0.006692712517969435,2212.7574951171873,2299.6989990234374,2234.024550883988,2288.6159335597276,69.26458922016096,0.012046189903005421,-15.65790048379722,-30.100027786126248,14.442127302329027,0.04607946981145661,0.01322693006315312,0.5328203167758065,0.02645683218342789,-0.012348985761776635,15.10009765625,2245.949951171875
2025-03-26,2272.0,2279.89990234375,2237.800048828125,2245.949951171875,2183.03662109375,1416907,-0.011161051869535865,2212.9824951171877,2297.2589990234374,2235.160303292358,2286.942757779812,62.256493506493506,0.012336536979990882,-13.074532238800657,-26.69492867666113,13.620396437860474,0.020863117349625204,0.0020076290338970626,-0.36442758843424516,0.014897296353418077,-0.0223348990572564,-25.35009765625,2244.64990234375
2025-03-27,2244.199951171875,2260.89990234375,2200.0,2244.64990234375,2181.773193359375,3752627,-0.0005788414062596337,2212.2499877929686,2294.6919970703125,2236.0640746305858,2285.2842144293786,54.927136955563235,0.012199711523073142,-11.005235859479399,-23.556990113224785,12.551754253745386,0.001003389269526922,-0.006484373995376935,1.6484638723642413,0.014645684135862475,-0.02180776103740825,-1.300048828125,2258.85009765625
2025-03-28,2247.0,2296.0,2240.300048828125,2258.85009765625,2195.5751953125,2280152,0.006326240585524223,2212.9449951171873,2292.9689990234374,2238.2341720616014,2284.24758239906,60.41826124511555,0.01219561106429568,-8.125797350929133,-20.470751560765656,12.344954209836523,0.0056317989312462124,0.0061917400328319605,-0.3923851211431352,0.020743896771203644,-0.014879791825235508,14.2001953125,2233.85009765625
2025-04-01,2259.0,2284.64990234375,2220.0,2233.85009765625,2171.27587890625,2495962,-0.011067578156664593,2215.125,2290.5660009765625,2237.8166411658535,2282.2712104483617,47.132863047804754,0.011087682380868269,-7.771527324561248,-17.930906713524777,10.15937938896353,-0.009905971987995366,0.019906447965414964,0.09464719895866591,0.008453291645505333,-0.024760650117102996,-25.0,2237.89990234375
2025-04-02,2243.699951171875,2243.699951171875,2190.050048828125,2237.89990234375,2175.2119140625,1351493,0.0018129258949599603,2218.177490234375,2288.42,2237.824570801844,2280.531159150142,54.8573932161444,0.010959128104077613,-7.082339581542783,-15.76119328712838,8.678853705585597,-0.014705299065003619,0.02804502007429477,-0.4585282147725005,0.008891268708750222,-0.022076409774538796,4.0498046875,2244.550048828125
2025-04-03,2225.449951171875,2252.89990234375,2220.60009765625,2244.550048828125,2181.676025390625,1310088,0.0029716014006748726,2222.537487792969,2286.5010009765624,2238.465092518633,2279.120135215945,63.02650261750446,0.010684579624189703,-5.931171236190494,-13.795188876940804,7.86401764075031,-0.0006233007743647878,0.0404199352096859,-0.03063648868325619,0.009904247355132376,-0.018347226671022752,6.650146484375,2244.550048828125
2025-04-04,2230.0,2267.050048828125,2222.0,2244.550048828125,2181.676025390625,1120226,0.0,2226.2424926757812,2284.5330029296874,2239.044612167156,2277.7644455536774,69.35882563396467,0.010650104114541006,-4.961667019903871,-12.028484505533418,7.066817485629548,-4.44851179334238e-05,0.03414043139591483,-0.14492308913599694,0.008223522914765408,-0.017501587436157956,0.0,2249.39990234375
2025-04-07,2150.0,2261.60009765625,2150.0,2249.39990234375,2186.389892578125,3435185,0.002160724158571048,2227.764990234375,2283.087001953125,2240.0308302792128,2276.652110525837,71.53480799763193,0.009486901154788676,-3.7586578290324724,-10.37451917023323,6.615861341200757,-0.004183631008673583,0.013722684982504285,2.0665106862365272,0.009711487613915137,-0.014755066092775425,4.849853515625,2289.25
2025-04-08,2268.300048828125,2306.199951171875,2252.35009765625,2289.25,2225.123779296875,2774874,0.017715879517345323,2231.9999877929686,2281.51,2244.718370252621,2277.1461454071773,76.66060636816755,0.010045694101468943,0.40562961592740976,-8.218489413001102,8.624119028928511,0.02480018798122363,0.03842051633933141,-0.19221992410889077,0.025649647186441523,0.003392490061406604,39.85009765625,2350.0
2025-04-09,2293.949951171875,2354.14990234375,2289.5,2350.0,2284.172119140625,2989089,0.02653707546139561,2237.1124877929688,2280.652998046875,2254.7451921333236,2280.0031593127783,79.6050950870181,0.010780972305482977,8.509779270913896,-4.872835676218102,13.382614947131998,0.050091649558967166,0.045489934378823316,0.07719809980561276,0.05046125879812187,0.030406643190574387,60.75,2366.14990234375
2025-04-11,2394.60009765625,2394.85009765625,2344.35009765625,2366.14990234375,2299.86962890625,3836083,0.006872298869680771,2244.5724853515626,2280.198994140625,2265.3551645343164,2283.3814629610515,77.25167150897099,0.010137914743133098,16.050518027787803,-0.6881649354169213,16.738682963204724,0.05417560351532913,0.06729964792078791,0.28336192063869636,0.05416506608078865,0.03769447685223573,16.14990234375,2361.5
2025-04-15,2400.0,2400.0,2345.199951171875,2361.5,2295.35009765625,3042779,-0.001965176567699345,2253.002490234375,2279.7499951171876,2274.5118155310483,2286.4449350017944,75.29617698951985,0.009668689816737094,21.404659966260624,3.730400044918588,17.674259921342035,0.052103962321060404,0.07688453881367407,-0.20680053064545267,0.048156853015434715,0.03585919730580376,-4.64990234375,2366.60009765625
2025-04-16,2351.0,2376.0,2351.0,2366.60009765625,2300.30712890625,1131979,0.002159685647364018,2262.592492675781,2278.9069970703126,2283.282128114401,2289.588274713734,74.75336897271649,0.00925972520552543,25.762418164522842,8.13680366883944,17.6256144956834,0.05210287205506847,0.08819203812850529,-0.6279785682759083,0.04596833292656586,0.03848033320301036,5.10009765625,2375.0
2025-04-17,2357.10009765625,2379.89990234375,2343.10009765625,2375.0,2308.4716796875,1962402,0.0035493543467985944,2272.779992675781,2277.03099609375,2292.017163532077,2292.937754136725,73.97131940878026,0.009157661641419259,29.553105051955754,12.420063945462703,17.133041106493053,0.0374576826471551,0.0938399539435808,0.7336028318546546,0.04497575992996733,0.04302488814351484,8.39990234375,2351.0
2025-04-21,2368.10009765625,2372.39990234375,2348.800048828125,2351.0,2285.143798828125,1478430,-0.010105263157894728,2281.7674926757813,2273.9299951171874,2297.634576529022,2295.2147049548926,74.43593223804143,0.009684615856199745,30.27169899450928,15.99039095527202,14.28130803923726,0.00042553191489358433,0.08278641335636161,-0.24662225170989427,0.030341613484479585,0.033892866116505375,-24.0,2398.699951171875
2025-04-22,2370.0,2406.0,2355.10009765625,2398.699951171875,2331.508056640625,2352346,0.020289217852775376,2291.699987792969,2273.0649951171877,2307.259850304532,2299.272949904578,79.47199831105223,0.010153247313927161,34.294847629941614,19.65128229020594,14.643565339735673,0.01375654551551575,0.09029335603049682,0.5911108405538308,0.046690214229111605,0.05527116748732046,47.699951171875,2423.800048828125
2025-04-23,2410.0,2438.0,2393.39990234375,2423.800048828125,2355.90478515625,2226066,0.010464042259219486,2300.7699951171876,2272.7799951171874,2318.3589168305884,2304.156365548639,80.29386576513157,0.009653850707081938,39.058349677232854,23.532695767611326,15.525653909621528,0.02638155783532703,0.08089553798801719,-0.053682579008360154,0.0534734258409307,0.06644728219862339,25.10009765625,2325.300048828125
2025-04-24,2423.800048828125,2487.39990234375,2317.10009765625,2325.300048828125,2260.1640625,7065430,-0.04063866573796937,2304.725,2271.4649951171873,2319.01997702083,2304.985529598815,63.22487574063103,0.013885692648153385,34.48777892024191,25.723712398137444,8.764066522104464,-0.017451215720402535,0.03521507406986735,2.17395351260924,0.008927333555250666,0.023700586989745923,-98.5,2332.199951171875
2025-04-25,2331.89990234375,2341.89990234375,2294.39990234375,2332.199951171875,2266.870849609375,2859858,0.0029673169908663866,2308.525,2270.6549951171874,2320.2752126542628,2306.0527618173664,63.525543381202006,0.013874870469074952,31.064243854063534,26.79181868932266,4.2724251647408735,-0.018021073190789494,0.033684957736359156,-0.5952322788563471,0.010255445001407786,0.02710449460047159,6.89990234375,2318.60009765625
2025-04-28,2345.0,2349.0,2315.0,2318.60009765625,2253.651611328125,1555660,-0.005831341137277457,2310.890002441406,2269.7499951171876,2320.115677892547,2306.544814203205,60.41346369746987,0.01392259700482037,26.943089959326244,26.82207294332338,0.12101701600286319,-0.013781328091769462,0.02082509919925779,-0.4560359290566175,0.003336418092898572,0.021522239296905582,-13.599853515625,2321.699951171875
2025-04-29,2328.0,2332.5,2312.60009765625,2321.699951171875,2256.66455078125,1896387,0.0013369504809210842,2314.6775024414064,2268.9549951171875,2320.266561062007,2307.1391333000156,60.75561527758491,0.013619355863596019,23.654503684532756,26.188559091565256,-2.5340554070325005,-0.032100721877441174,0.03372737667661552,0.21902407981178396,0.0030338778179947916,0.023246365030683776,3.099853515625,2342.10009765625
2025-04-30,2320.0,2352.5,2316.0,2342.10009765625,2276.49365234375,2083807,0.00878672822217097,2319.550012207031,2269.4919970703127,2322.345945499554,2308.510151510064,62.386460166944815,0.013695905331508109,22.435771095519158,25.43800149235604,-3.0022303968368824,-0.03370738077646951,0.043414429667070875,0.09883003838351567,0.009721750050891395,0.03199310712691084,20.400146484375,2318.60009765625
2025-05-02,2334.10009765625,2345.0,2310.0,2318.60009765625,2253.651611328125,1424284,-0.010033729994510687,2322.5375122070313,2269.2139990234373,2321.989198085906,2308.9058356726596,54.10089837844328,0.013924219772482593,19.35060144776753,24.22052148343834,-4.869920035670809,-0.002881327584047244,0.026451511794428395,-0.31649908076899635,-0.00169530719313969,0.02176352633734243,-23.5,2348.60009765625
2025-05-05,2324.10009765625,2354.89990234375,2319.10009765625,2348.60009765625,2282.8115234375,2074103,0.012938841859933214,2328.275012207031,2269.7560009765625,2324.523569473558,2310.4624733975065,49.78601283773697,0.013827368143487978,19.1060884593835,23.197634878627373,-4.091546419243873,0.007032049921849248,0.05136871096247475,0.4562425752167405,0.008729675550635346,0.03473681604796498,30.0,2381.800048828125
2025-05-06,2340.199951171875,2390.10009765625,2340.199951171875,2381.800048828125,2315.081298828125,1888125,0.01413605969147591,2335.47001953125,2271.025,2329.9784722692307,2313.260025375178,52.273741395834534,0.01406303198762697,21.345214405734623,22.827150784048825,-1.4819363783142023,0.027257805792279877,0.06430142221002311,-0.08966671375529567,0.01983756113733973,0.04877755587372438,33.199951171875,2370.800048828125
2025-05-07,2369.0,2386.89990234375,2355.300048828125,2370.800048828125,2304.389404296875,1610400,-0.004618355770633298,2341.78251953125,2271.8530029296876,2333.866241465316,2315.516496883137,51.3266840664871,0.014171949976789933,21.978772176742496,22.65747506258756,-0.6787028858450661,0.021148339014034345,0.05624735348000587,-0.14709036742800397,0.012391214408195158,0.04355345428196252,-11.0,2354.89990234375
2025-05-08,2361.699951171875,2371.89990234375,2341.0,2354.89990234375,2288.9345703125,2323073,-0.006706658578075508,2347.300012207031,2273.0310009765626,2335.8694472632624,2317.060944156102,48.38081903716778,0.014321148755600392,20.956291255824,22.317238301234852,-1.3609470454108532,0.005465097200716862,0.04916346310621966,0.44254408842523607,0.003237715714734352,0.0360175032069576,-15.900146484375,2332.89990234375
2025-05-09,2330.0,2342.699951171875,2302.300048828125,2332.89990234375,2267.551025390625,1805685,-0.009342222987101967,2351.4750122070313,2274.6810009765627,2335.5866334614043,2317.6820797713035,44.38515489160518,0.014564439779894458,18.16139832626277,21.486070306240435,-3.3246719799776656,0.0061674303826497745,0.0371210116587084,-0.22271706485332143,-0.007899343929598996,0.025594314693881404,-22.0,2382.5
2025-05-12,2360.0,2387.0,2346.10009765625,2382.5,2315.761962890625,1274873,0.021261134095988954,2356.1375122070312,2277.37,2340.0545731317466,2320.2239589959586,53.932584269662925,0.014786616838010226,19.721402843188116,21.13313681362997,-1.4117339704418548,0.014434088790841848,0.04073386480288299,-0.29396710943492355,0.011188857889824346,0.04616289843108503,49.60009765625,2360.0
2025-05-13,2375.60009765625,2398.0,2352.800048828125,2360.0,2293.89208984375,1929665,-0.009443861490031513,2356.6375122070312,2279.737001953125,2341.9541375953895,2321.7838037412153,44.84413187625267,0.013814183298722554,18.9240114778936,20.6913117464827,-1.7673002685891,-0.009152761936859877,0.004255319148936065,0.5136135128754002,0.0014268158660598264,0.035207130462027475,-22.5,2350.5
2025-05-14,2370.0,2370.0,2338.5,2350.5,2284.658203125,1568111,-0.0040254237288135375,2355.855017089844,2281.9180029296876,2342.7680292529712,2322.909929084697,39.81094540194973,0.013756263479747866,17.32578164493725,20.018205726173612,-2.6924240812363607,-0.008562530964245307,-0.006614078984703453,-0.18736620086906275,-0.0022730673369105803,0.03005454051471698,-9.5,2355.199951171875
2025-05-15,2351.60009765625,2369.89990234375,2340.0,2355.199951171875,2289.226318359375,3236681,0.001999553785098973,2355.5400146484376,2283.8360009765624,2343.9520218166763,2324.176204460665,55.62239814309823,0.01375867725800055,16.251087349124646,19.26478205076382,-3.0136947016391744,0.0001274146845164914,-0.0026678165691826905,1.0640637046739676,-0.0001443675227114939,0.031247405752776257,4.699951171875,2381.39990234375
2025-05-16,2360.0,2387.0,2349.0,2381.39990234375,2314.692626953125,1473000,0.011124300150753053,2356.2800048828126,2286.565,2347.518486628778,2326.420271044315,58.62551886311943,0.013978476568519691,17.31391741199559,18.874609123010174,-1.5606917110145844,0.020789576077085092,0.006253614500462801,-0.5449041780762454,0.010660828682874098,0.04147483336084911,26.199951171875,2382.699951171875
2025-05-19,2375.0,2405.0,2375.0,2382.699951171875,2315.9560546875,936655,0.0005459178976388035,2356.665002441406,2290.4139990234376,2350.8691022995495,2328.6273173238274,61.74419551278898,0.013959042710191917,18.05301702689303,18.710290703786747,-0.6572736768937162,8.392494097586578e-05,0.003242084703947379,-0.3641174473862865,0.0110473693560594,0.04029225816284102,1.300048828125,2341.10009765625
2025-05-20,2394.60009765625,2394.60009765625,2338.5,2341.10009765625,2275.521240234375,1617408,-0.017459123837714086,2356.1700073242187,2293.6989990234374,2349.9387209049496,2329.1164459643146,53.114986730641824,0.014338019206911067,15.107844455814757,17.98980145419235,-2.881956998377593,-0.008008433196504239,-0.00421093251541893,0.7267916148421778,-0.006395934767492768,0.020665788603035546,-41.599853515625,2363.89990234375
2025-05-21,2346.0,2375.699951171875,2345.0,2363.89990234375,2297.6826171875,1570754,0.009738927741844705,2354.4300048828127,2297.8299951171875,2351.2683572324545,2330.4805030772336,53.473521073285795,0.013729056632520905,14.446991738949691,17.28123951114382,-2.8342477721941286,0.005700873151988972,-0.014507879074714403,-0.02884491729977845,0.00402216138993211,0.02875317467652473,22.7998046875,2330.699951171875
2025-05-22,2355.0,2363.10009765625,2313.10009765625,2330.699951171875,2265.412841796875,2423653,-0.014044567258942764,2349.775,2301.0349951171875,2349.309461417161,2330.4891088848667,51.87014878627679,0.013779471672447976,11.11616240303465,16.048224089521987,-4.932061686487337,-0.010402513802621915,-0.03841079948045334,0.5429869986006721,-0.008117819292538686,0.012892005605145852,-33.199951171875,2359.199951171875
2025-05-23,2336.89990234375,2364.5,2329.60009765625,2359.199951171875,2293.114501953125,844118,0.012228086238930125,2351.4699951171874,2303.8399951171873,2350.2514128223715,2331.6150242686713,51.64594123485208,0.010669976712823007,10.653362639533952,14.96925179952438,-4.315889159990428,-0.00932222729581289,0.014578721727045219,-0.6517166442555926,0.003287286706076963,0.02402942746545719,28.5,2394.10009765625
2025-05-26,2368.0,2397.300048828125,2364.10009765625,2394.10009765625,2327.036865234375,892618,0.01479321261728539,2354.5650024414062,2307.63099609375,2354.427478044646,2334.0654193034784,51.899915150372394,0.011116043121839548,12.953421659595278,14.56608577153856,-1.6126641119432819,0.004784549762032908,0.026541526361524737,0.05745642196944023,0.016790827678934545,0.03747093955180474,34.900146484375,2380.199951171875
2025-05-27,2394.10009765625,2409.5,2360.300048828125,2380.199951171875,2313.5263671875,1865258,-0.005806000550262258,2357.6449951171876,2310.2799951171874,2356.881999294858,2335.8746166316505,51.43905381706951,0.011115180601133196,13.49900126733337,14.352668870697524,-0.8536676033641548,0.016701487285729177,0.026567692107790863,1.0896486514948163,0.009566731251481865,0.03026471085862517,-13.900146484375,2362.0
2025-05-28,2388.0,2388.0,2352.0,2362.0,2295.835693359375,897517,-0.007646395910105963,2359.6599975585937,2313.18099609375,2357.3694279334427,2336.8991414696247,51.07937059355362,0.011296635756527578,12.32076694894613,13.946288486347246,-1.6255215374011165,-0.0008037152257869273,0.017357991848939713,-0.5188242055522614,0.0009916693268637892,0.02110470559315955,-18.199951171875,2366.699951171875
2025-05-29,2369.0,2376.0,2355.5,2366.699951171875,2300.404296875,1111275,0.0019898184470257263,2360.889990234375,2316.6569970703126,2358.258049194246,2338.0678006736343,55.423630410408734,0.011148832290255222,11.632166172479629,13.483464023573724,-1.8512978510940954,0.015446003670227526,0.010503331407672123,0.23816596231603415,0.002460919806315554,0.021601365314264313,4.699951171875,2348.300048828125
2025-05-30,2360.0,2374.89990234375,2343.5,2348.300048828125,2282.519775390625,3288892,-0.007774497284558257,2362.3749877929686,2320.1269970703124,2357.309668206996,2338.469065307144,43.90157045999319,0.011046593315315595,9.492305363809919,12.685232291620965,-3.1929269278110457,-0.004620168942583991,0.012809432382020924,1.9595662639760634,-0.005957961389522235,0.012142892088832832,-18.39990234375,2371.60009765625
2025-06-02,2347.89990234375,2384.0,2343.60009765625,2371.60009765625,2305.167236328125,1178205,0.009922091872268446,2363.5249877929687,2324.1339990234374,2358.670661487877,2339.768321477697,52.06260841782472,0.010890088154387726,9.566295173918206,12.061444868080413,-2.4951496941622064,-0.009398103288173587,0.009793067803647082,-0.6417623321167129,0.0034165536243480894,0.02042313337043265,23.300048828125,2352.300048828125
2025-06-03,2365.10009765625,2379.5,2342.60009765625,2352.300048828125,2286.40771484375,1643913,-0.008137986183757717,2362.0499877929688,2327.755,2358.063936472663,2340.2597617659494,50.30928699971056,0.010560838013984603,7.975641754820117,11.244284245428354,-3.2686424906082365,-0.011721663270354066,-0.012385590475789243,0.3952690745668199,-0.004127744550382615,0.010544515564621229,-19.300048828125,2364.5
2025-06-04,2359.5,2367.60009765625,2342.10009765625,2364.5,2298.265869140625,3287896,0.005186392432356968,2361.7349853515625,2331.0439990234377,2358.676894903838,2341.210359343755,51.55779839774915,0.010590554175924204,7.611728294823479,10.517773055307378,-2.9060447604838995,0.0010584250635055081,-0.00265735139968426,1.0000425813288172,0.00117075567986554,0.014352367862030197,12.199951171875,2376.39990234375
2025-06-05,2364.5,2380.0,2348.89990234375,2376.39990234375,2309.832763671875,1787978,0.00503273518449987,2362.8099853515623,2333.7239990234375,2360.3648003743056,2342.590341422186,49.12033688348415,0.01052908387953972,8.18914752829005,10.052047949903912,-1.8629004216138618,0.004098513276713511,0.009129899737395197,-0.45619386987909594,0.005751591146321332,0.018286611158033476,11.89990234375,2389.800048828125
2025-06-06,2373.300048828125,2396.5,2370.10009765625,2389.800048828125,2322.857177734375,997488,0.005638843222960377,2365.654992675781,2336.5960009765627,2363.1681573699075,2344.441702496929,51.1981272926822,0.010322368176854026,9.61717545037709,9.965073449998549,-0.34789799962145906,0.01767235836012948,0.02439030771410744,-0.44211394099927404,0.010206499353074931,0.02276989596375501,13.400146484375,2393.199951171875
2025-06-09,2394.0,2399.0,2378.300048828125,2393.199951171875,2326.162109375,1293622,0.0014226723049139967,2366.189990234375,2339.3360009765624,2366.02832820819,2346.35379068026,60.092964565063376,0.009189882410962797,10.897620585412369,10.151582877081314,0.7460377083310554,0.009107713200455336,0.004491060302990624,0.2968797619620487,0.011414958667298226,0.02302531580449619,3.39990234375,2395.199951171875
2025-06-10,2393.39990234375,2400.199951171875,2378.39990234375,2395.199951171875,2328.105712890625,1778782,0.0008357011703183925,2367.949987792969,2341.8139990234376,2368.806578014255,2348.2693263858137,56.59503632272648,0.008901273729046867,11.936173091945875,10.508500920054226,1.4276721718916487,0.01823742781671145,0.01491523354740476,0.3750400039578794,0.011507828931937998,0.022796837054821557,2.0,2376.39990234375
2025-06-11,2395.199951171875,2402.89990234375,2371.300048828125,2376.39990234375,2309.832763671875,1977707,-0.007849051941958729,2369.244982910156,2344.422998046875,2369.529751759921,2349.3724862273016,60.25121604733412,0.009049700702419816,11.114110071265713,10.629622750296525,0.4844873209691887,0.00503273518449987,0.011018890595086095,0.1118321413191723,0.003019915409847363,0.013639562623090996,-18.800048828125,2332.699951171875
2025-06-12,2386.89990234375,2388.0,2324.10009765625,2332.699951171875,2267.3564453125,3339584,-0.01838914028265004,2368.119982910156,2346.1839990234375,2366.0221517039167,2348.7186613231675,44.435113580201346,0.009982509724235126,6.857351086124709,9.875168417462163,-3.0178173313374543,-0.01838914028265004,-0.009553329002407907,0.6886141374834593,-0.014957025823815645,-0.005747225220688173,-43.699951171875,2319.0
2025-06-13,2305.0,2324.89990234375,2302.0,2319.0,2254.040283203125,1740682,-0.00587300186849693,2364.9999877929686,2347.3869970703126,2361.5438515416386,2347.5532236242198,32.687844290213434,0.009665339091403994,2.3512634562930543,8.370387425228342,-6.019123968935288,-0.02962592994457547,-0.02620303388873768,-0.47877280523562216,-0.019450312063593714,-0.01209301964513794,-13.699951171875,2327.39990234375
2025-06-16,2320.0,2336.60009765625,2313.10009765625,2327.39990234375,2262.205078125,1105297,0.0036222088588830914,2362.2349853515625,2349.2579931640626,2358.2920468561256,2346.7628972994953,37.51179418242207,0.009720286080926219,-0.5358644251991791,6.589137055142839,-7.125001480342018,-0.027494588906332162,-0.023208985588356157,-0.3650207217630791,-0.014746662895024444,-0.009304253038157514,8.39990234375,2328.60009765625
2025-06-17,2320.0,2333.10009765625,2313.10009765625,2328.60009765625,2263.37158203125,1119284,0.0005156807436879074,2361.6099853515625,2351.0719970703126,2355.4642421704234,2346.050630646819,41.40948582250566,0.008929704955305446,-2.6960104108393352,4.732107561946405,-7.42811797278574,-0.02780555063181278,-0.005339370158718992,0.012654517292637113,-0.013977704997888744,-0.00955815025744213,1.2001953125,2297.300048828125
2025-06-18,2327.699951171875,2331.39990234375,2285.5,2297.300048828125,2232.9482421875,2056563,-0.013441573269548757,2358.279992675781,2352.1269970703124,2349.9247951854427,2344.1388431245173,34.298664628110856,0.009070964752145602,-6.854578705982476,2.414770308360629,-9.269349014343105,-0.03328558187433517,-0.028173719813428977,0.8373915824759399,-0.02585780485652441,-0.02330951870816373,-31.300048828125,2294.199951171875
2025-06-19,2300.10009765625,2307.800048828125,2290.300048828125,2294.199951171875,2229.93505859375,1214549,-0.001349452657623651,2356.4549926757813,2353.1199951171875,2344.6176671841504,2342.180455204806,36.849769983431216,0.008569035062280498,-10.281902639644159,-0.12456428124032848,-10.15733835840383,-0.016504480132843002,-0.015660531498980723,-0.4094277685633749,-0.0264189393378632,-0.025039115755921416,-3.10009765625,2306.199951171875
2025-06-20,2295.0,2313.0,2292.39990234375,2306.199951171875,2241.59912109375,2685864,0.005230581577630344,2353.8049926757812,2354.25599609375,2340.958837087743,2340.769455046652,33.178987344633626,0.008143358663606602,-11.892690306876375,-2.4781894863675378,-9.414500820508838,-0.005519641581770207,-0.02246524292003038,1.211408514600893,-0.020224717702628937,-0.020412412669485014,12.0,2275.10009765625
2025-06-23,2283.39990234375,2286.0,2258.699951171875,2275.10009765625,2234.62548828125,842856,-0.013485323984948394,2347.8549926757814,2353.972998046875,2334.686576189506,2338.1941861293817,31.280317785447465,0.007679677816623534,-15.500074197756021,-5.082566428645235,-10.417507769110786,-0.022471344367950175,-0.049705524057451655,-0.6861881316403213,-0.030987814514309,-0.03350628934829204,-31.099853515625,2263.10009765625
2025-06-24,2295.0,2301.0,2260.300048828125,2263.10009765625,2222.839111328125,2440747,-0.005274493202458208,2342.0,2352.235,2327.868816329196,2335.2493199147493,25.38837321753641,0.007668611791895484,-19.1069980530292,-7.8874527535220285,-11.219545299507173,-0.0281284880413456,-0.049197485891036896,1.8958054519395957,-0.03368911287094364,-0.03789370634471051,-12.0,2278.699951171875
2025-06-25,2279.0,2290.5,2271.39990234375,2278.699951171875,2238.1611328125,1047270,0.006893134568718651,2337.834997558594,2350.4860009765625,2323.186067266594,2333.031697611107,26.70482262253894,0.00784140360674268,-20.470759219839692,-10.404114046785562,-10.06664517305413,-0.008096503400040422,-0.035266743788367916,-0.570922344675626,-0.02529479045718526,-0.03054093909721751,15.599853515625,2280.800048828125
2025-06-26,2288.89990234375,2291.0,2271.60009765625,2280.800048828125,2240.22412109375,1874722,0.0009216209686448984,2333.540002441406,2348.872001953125,2319.1493036057877,2330.9833976588334,22.530228414340314,0.007818091222498871,-21.138418905362414,-12.550975018500932,-8.587443886861482,-0.005840773528438703,-0.03629522293318865,0.7901037936730737,-0.02260083545090435,-0.02898069927539569,2.10009765625,2306.89990234375
2025-06-27,2280.800048828125,2310.5,2279.300048828125,2306.89990234375,2265.859375,1050745,0.011443288739420687,2331.4699951171874,2347.677998046875,2317.982693961784,2330.0389468621634,30.483919944789506,0.008218177814635862,-19.338580841145813,-13.908496183029907,-5.430084658115906,0.00030350844969850854,-0.017629836742981353,-0.4395195661010006,-0.010538455491554561,-0.017369543752188292,26.099853515625,2294.60009765625
2025-06-30,2309.89990234375,2317.0,2288.0,2294.60009765625,2253.7783203125,1403754,-0.005331746156390982,2327.6199951171875,2346.07,2315.7557800279237,2328.6491880697745,28.262748031520985,0.00786544258997173,-18.68924961671746,-14.86464686976742,-3.824602746950042,0.008571051453994727,-0.032467531130604965,0.3359606755207021,-0.014186120384859068,-0.021938775204384423,-12.2998046875,2295.5
2025-07-01,2300.0,2302.60009765625,2286.60009765625,2295.5,2254.662353515625,759914,0.0003921826485884239,2324.779992675781,2344.96,2313.8266581205025,2327.3492199101756,31.05384370847598,0.007723360468299054,-17.895744343755723,-15.47086636456508,-2.4248779791906436,0.014316601540207863,-0.02414660019941839,-0.45865586135462477,-0.012594737036634765,-0.021092044213973815,0.89990234375,2307.10009765625
2025-07-02,2295.0,2309.0,2287.60009765625,2307.10009765625,2266.05615234375,1128034,0.005053407822369849,2321.9099975585937,2343.1280029296877,2313.186033314383,2326.555136684531,42.94379775320216,0.007717634410259289,-16.14474815624999,-15.605642722902063,-0.5391054333479257,0.012463311139217614,-0.02427570409970392,0.4844232373663335,-0.006378326428636659,-0.015375986812667016,11.60009765625,2313.39990234375
2025-07-03,2310.0,2326.89990234375,2304.0,2313.39990234375,2272.243896484375,1060039,0.0027306161071640744,2318.7599975585936,2340.92,2313.2064017933703,2326.0392451417556,48.39077201972213,0.007636530657871304,-14.086350790326378,-15.301784336386927,1.2154335460605488,0.014293165914467165,-0.02651068952572566,-0.060277438446004306,-0.00231162139267849,-0.011756103436362658,6.2998046875,2339.300048828125
2025-07-04,2318.0,2341.39990234375,2310.300048828125,2339.300048828125,2297.683349609375,1242346,0.011195706569424146,2316.234997558594,2341.2,2315.6915110347754,2326.5592766588684,53.10709181611534,0.007995491807437333,-10.247009535760299,-14.290829376261602,4.043819840501303,0.014044886148487645,-0.02113147500551915,0.17198140823120656,0.009957992731239521,-0.0008115287766422425,25.900146484375,2410.39990234375
2025-07-07,2341.0,2415.699951171875,2341.0,2410.39990234375,2367.51806640625,2701583,0.030393644266045516,2317.0949951171874,2342.7639990234375,2324.7113578261065,2329.847144332786,65.64651645851468,0.010648673503782178,-1.4504204144318464,-11.722747583895652,10.272327169463805,0.05046622494515729,0.0071870096618766866,1.1745817992733105,0.040268054362546185,0.02887013090029812,71.099853515625,2392.699951171875
2025-07-08,2405.39990234375,2418.5,2386.0,2392.699951171875,2350.133056640625,1471046,-0.007343159595494697,2316.9699951171874,2344.24599609375,2331.186461954275,2332.31196028726,69.24942807092906,0.010787673460140264,4.046061230042142,-8.568985821108093,12.615047051150235,0.042343694694783274,-0.001043754196294544,-0.45548739387240744,0.032684910125846206,0.020669313356560956,-17.699951171875,2423.39990234375
2025-07-09,2399.0,2439.699951171875,2397.10009765625,2423.39990234375,2380.286865234375,1741690,0.012830673213680255,2319.3199951171873,2346.2799951171874,2339.96869437232,2335.884036446338,73.45685195938069,0.010984740791642638,10.755311486802384,-4.704126359525999,15.459437846328383,0.05040951834107554,0.019777815995382753,0.1839806505031114,0.044875182142041545,0.03286901281477738,30.699951171875,2408.39990234375
2025-07-10,2423.39990234375,2434.0,2397.60009765625,2408.39990234375,2365.5537109375,1053695,-0.00618965115311465,2323.1049926757814,2347.6059912109376,2346.485952274361,2338.7277958932955,68.35493101515974,0.01015677252753152,14.6926977394005,-0.8247615397406989,15.5174592791412,0.04106510072199532,0.032451645199308876,-0.395015760554404,0.036715908207715066,0.025896130509299713,-15.0,2519.60009765625
2025-07-11,2500.0,2530.0,2461.0,2519.60009765625,2474.77587890625,7242235,0.04617181523894143,2333.1349975585936,2351.6259912109376,2362.9730137393026,2345.82082733498,84.10046485527923,0.0140498090742679,26.480777218764615,4.636346211960364,21.84443100680425,0.07707435774151605,0.08650284504366113,5.873179620288603,0.07992040764583902,0.07142892070129588,111.2001953125,2516.60009765625
2025-07-14,2500.0,2532.5,2490.0,2516.60009765625,2471.828857421875,2427712,-0.0011906651388013945,2342.595007324219,2354.9859912109373,2377.6041645885357,2352.5180536220887,86.26614508749257,0.014102228386195717,35.17536054625725,10.744149078819742,24.43121146743751,0.04405916014568212,0.08129251665000536,-0.664784144673571,0.07427877622380187,0.06862635576112726,-3.0,2526.89990234375
2025-07-15,2520.699951171875,2529.89990234375,2510.0,2526.89990234375,2481.94580078125,1700294,0.004092745882467552,2352.5099975585936,2357.88798828125,2391.8228062795088,2359.3565574935265,86.05466857610185,0.014078264196584835,42.40813406228472,17.076946075512737,25.33118798677198,0.05608724616981231,0.08515837686646588,-0.29963109297972745,0.0741292938036974,0.07167936513629687,10.2998046875,2517.60009765625
2025-07-16,2526.300048828125,2532.89990234375,2507.5,2517.60009765625,2472.811279296875,1284379,-0.003680321756660887,2363.525,2360.8239892578126,2403.8015959344366,2365.5621865195158,83.69388278304295,0.013595885049161963,46.849688619003246,23.03149458421084,23.818194034792405,0.038871089835976314,0.09589520051614597,-0.2446135785928787,0.06518868962936711,0.06640736840687733,-9.2998046875,2509.800048828125
2025-07-17,2513.0,2525.39990234375,2506.199951171875,2509.800048828125,2465.14990234375,807474,-0.0030982080257251354,2374.3050048828127,2363.9219921875,2413.8966866862165,2371.218573276716,80.45639945029775,0.013642214564340203,49.17341335243418,28.25987833785551,20.91353501457867,0.04210270328681576,0.09397615824467342,-0.3713117389804723,0.05706724437958209,0.06171018211376504,-7.800048828125,2489.60009765625
2025-07-18,2514.89990234375,2514.89990234375,2481.5,2489.60009765625,2445.309326171875,771112,-0.008048430464134726,2383.4750122070313,2367.05599609375,2421.1065353500294,2375.860985997482,78.59241630833071,0.013929398462959664,48.82222251332087,32.37234717294859,16.44987534037228,-0.011906651388014389,0.07952482454575627,-0.04503179049727912,0.04452536104037012,0.0517706812871049,-20.199951171875,2464.89990234375
2025-07-21,2490.89990234375,2493.60009765625,2455.39990234375,2464.89990234375,2421.048828125,1169960,-0.009921350555759156,2392.9650024414063,2368.703994140625,2425.277332206574,2379.35270820714,73.2182008004176,0.013716125530447541,46.02030844050205,35.10193942645928,10.918369014042767,-0.020543667371168417,0.08342481497101017,0.5172374441066927,0.03006099120921224,0.04061119854615904,-24.7001953125,2479.699951171875
2025-07-22,2470.0,2485.0,2452.60009765625,2479.699951171875,2435.585205078125,861632,0.006004320424554566,2403.7949951171877,2371.0979931640627,2430.460438774698,2383.287894205757,73.45108261180222,0.013541065406648093,44.48125933338042,36.97780340784351,7.503455925536912,-0.01867899520993932,0.09570935626751287,-0.2635372149475196,0.031577133744297055,0.045802391263842564,14.800048828125,2450.39990234375
2025-07-23,2481.0,2487.0,2442.0,2450.39990234375,2406.806640625,1320795,-0.011815965401087425,2412.379992675781,2373.0959912109374,2432.3594353050844,2385.919737662149,67.51918158567776,0.014016984855606257,40.43121685765573,37.66848609780595,2.7627307598497737,-0.026692164246045147,0.07534996043843956,0.5328991959444402,0.015760332030360497,0.032575130301984175,-29.300048828125,2437.800048828125
2025-07-24,2455.89990234375,2466.0,2421.0,2437.800048828125,2394.430908203125,693984,-0.0051419580549173505,2420.2299926757814,2374.7479931640623,2432.8775889739454,2387.954259668658,63.03945941263999,0.014145920190916933,35.79223552804751,37.29323598385427,-1.5010004558067536,-0.028687544266173037,0.06883549484342866,-0.4745709970131625,0.007259663835881273,0.0265510512465171,-12.599853515625,2415.39990234375
2025-07-25,2426.10009765625,2428.60009765625,2405.39990234375,2415.39990234375,2372.42919921875,769388,-0.009188672588280156,2425.654992675781,2375.4279931640626,2431.2130473901175,2389.030559381407,50.75987841945289,0.014282228282013244,29.962911000078748,35.827170987099166,-5.864259987020418,-0.029804061858108577,0.047032816590683924,0.10865380181675666,-0.004227761311066993,0.016827245151070615,-22.400146484375,2441.60009765625
2025-07-28,2415.39990234375,2448.300048828125,2412.300048828125,2441.60009765625,2398.163330078125,987995,0.01084714596828329,2433.004992675781,2376.60599609375,2432.202290272606,2391.092109901989,57.24446090533789,0.014279692879242502,27.144362793691926,34.09060934841772,-6.946246554725796,-0.009452637271536002,0.06406345059871166,0.2841310236187724,0.0035327116082142394,0.027347444914860065,26.2001953125,2453.60009765625
2025-07-29,2444.800048828125,2457.5,2429.699951171875,2453.60009765625,2409.949951171875,732282,0.004914809764104744,2440.9099975585937,2378.85599609375,2434.240176690096,2393.543403539411,54.736538199395625,0.014268615755317144,25.58402601895932,32.38929268252604,-6.805266663566719,-0.010525407924168673,0.06887392622794608,-0.25882013572943185,0.005198921758831346,0.031420187554536745,12.0,2437.39990234375
2025-07-30,2442.0,2452.89990234375,2398.5,2437.39990234375,2394.037841796875,1224146,-0.006602622541454495,2447.4249877929688,2380.32599609375,2434.541102942825,2395.2632662376204,54.53124308587176,0.014435917671202952,22.77766081703021,30.466966309426876,-7.689305492396667,-0.00530525649611957,0.05647774226175528,0.6716865906850094,-0.0040961767977449395,0.02397734862521423,-16.2001953125,2521.199951171875
2025-07-31,2420.10009765625,2549.0,2420.10009765625,2521.199951171875,2476.34716796875,5505507,0.03438091908822383,2457.814990234375,2384.13599609375,2442.794326583687,2400.201959764454,50.27338544886862,0.016065230992644508,27.004271339505067,29.774427315442516,-2.770155975937449,0.03421113326494574,0.08982452563328924,3.497426777524903,0.025789150603014205,0.057489990211420615,83.800048828125,2553.699951171875
2025-08-01,2550.0,2727.5,2536.89990234375,2553.699951171875,2508.268798828125,4259653,0.012890687224110797,2468.5349853515627,2388.02599609375,2453.356767020657,2406.221488839255,55.75905218055018,0.0161072135828669,32.60056993871467,30.33965584009695,2.2609140986177216,0.05725761961567,0.09165130503509111,-0.22629232875373695,0.03450020612455826,0.06937694788462462,32.5,2543.699951171875
2025-08-04,2547.0,2583.199951171875,2535.10009765625,2543.699951171875,2498.44677734375,1293028,-0.003915886827428938,2475.199987792969,2391.0179931640623,2461.9608797969636,2411.612801087593,52.61032019695091,0.014994634889635688,35.815897104036594,31.434904092884878,4.380993011151716,0.04181677974768805,0.05530204705804653,-0.6964475744855274,0.027674516692279348,0.06385646550729919,-10.0,2534.699951171875
2025-08-05,2537.5,2553.0,2517.300048828125,2534.699951171875,2489.60693359375,756361,-0.0035381531520074505,2482.2999877929688,2394.1079931640625,2468.888410404098,2416.439748149722,52.65938018038268,0.014882891034933728,37.2089209845135,32.5897074712106,4.6192135133028955,0.0330534114312655,0.059347182220007344,-0.41504669659125715,0.02110944029190261,0.0587241504598987,-9.0,2535.60009765625
2025-08-06,2538.699951171875,2563.10009765625,2526.60009765625,2535.60009765625,2490.4912109375,885487,0.00035512940455095787,2487.9099975585937,2397.5799951171875,2475.241904428113,2421.112703032331,54.10044195079174,0.014709166020951694,37.948094730255434,33.66138492301957,4.286709807235866,0.040288914108051355,0.04629867121971398,0.17072006621176916,0.01916874008483226,0.057566422317565424,0.900146484375,2517.5
2025-08-07,2535.699951171875,2544.0,2495.0,2517.5,2472.712890625,847151,-0.007138388136591622,2493.3650024414064,2400.59599609375,2479.2664849587686,2424.892597031063,54.46397042509242,0.014739709161754473,36.650880105706165,34.25928395955689,2.3915961461492756,-0.0014675357938807032,0.04529982647403297,-0.04329369036473718,0.00967968890834736,0.04869790839294758,-18.10009765625,2498.60009765625
2025-08-08,2516.0,2529.89990234375,2486.60009765625,2498.60009765625,2454.1494140625,839794,-0.007507409073982174,2492.3150024414062,2403.6019970703123,2481.1077814061478,2427.7830872516583,55.493987642547715,0.01065566585581263,33.709185496592454,34.149264266964,-0.4400787703715494,-0.021576479057510256,-0.008334655971610094,-0.008684402190400564,0.002521790066138123,0.0395232241867532,-18.89990234375,2518.39990234375
2025-08-11,2490.10009765625,2524.5,2478.5,2518.39990234375,2473.596923828125,992436,0.007924359206610498,2492.404992675781,2406.5379931640623,2484.6594119716337,2431.336687843505,56.207875619260214,0.01081227549008988,32.59976034490364,33.83936348255193,-1.2396031376482881,-0.009946160834130358,0.0007151730976948656,0.18176124144730732,0.010429649171927464,0.046482502872358215,19.7998046875,2483.800048828125
2025-08-12,2518.0,2536.60009765625,2480.10009765625,2483.800048828125,2439.612548828125,1406211,-0.013738824196834143,2490.25,2409.1679931640624,2484.577567862728,2433.3940745487844,55.26815784872996,0.011193371204773497,28.598943089828026,32.791279404007156,-4.19233631417913,-0.020081233804505105,-0.017056415046614593,0.41692864829570864,-0.0025900817877221164,0.030978352641172668,-34.599853515625,2495.10009765625
2025-08-13,2485.0,2501.5,2473.39990234375,2495.10009765625,2450.71142578125,969803,0.0045495002037125865,2489.125,2411.7799951171874,2485.579713557349,2435.8139185922146,59.07506637104837,0.01123314997401441,26.039914171544297,31.44100635751459,-5.401092185970292,-0.015972550260364704,-0.00893708258946535,-0.31034318462876487,0.0024004811555265403,0.03454714057988285,11.300048828125,2480.60009765625
2025-08-14,2498.89990234375,2509.0,2473.199951171875,2480.60009765625,2436.469482421875,1104362,-0.005811390097583802,2487.665002441406,2413.8639990234374,2485.1054644239107,2437.5702393398237,60.591314693634736,0.011283853171637024,22.581530669509448,29.66911121991356,-7.0875805504041125,-0.01465735942154911,-0.011634373497406258,0.1387487974361803,-0.0028399743447058297,0.027647000270028324,-14.5,2568.10009765625
2025-08-18,2539.0,2597.0,2521.300048828125,2568.10009765625,2522.412841796875,3089136,0.03527372271035256,2491.5900024414063,2417.43,2493.009715207943,2442.689057313017,67.13627289768586,0.01366959176792186,26.59468854490069,29.054226684910986,-2.459538140010295,0.027815575635810053,0.031531168428978296,1.7972132326175658,0.03070733753943248,0.06232656070961731,87.5,2604.800048828125
2025-08-19,2572.199951171875,2615.0,2558.39990234375,2604.800048828125,2558.4599609375,1400717,0.014290701209570766,2498.585009765625,2421.662001953125,2503.65641364796,2449.046351097924,69.19755363436568,0.01366384573512782,32.363458614318915,29.71607307079257,2.647385543526344,0.03430755631937821,0.0567569280810758,-0.5465667422865164,0.04251007616205281,0.07562494135320903,36.699951171875,2669.800048828125
2025-08-20,2599.0,2680.0,2588.5,2669.800048828125,2622.303466796875,3156954,0.024953930736158814,2508.0900146484373,2427.15400390625,2519.479616998452,2457.70335885205,76.25397914599294,0.014523903833831522,41.699521106149405,32.11276267786394,9.586758428285464,0.07488525498973075,0.07666254038776388,1.2538128686951042,0.06447537099355456,0.09997142518824986,65.0,2648.0
2025-08-21,2667.10009765625,2667.10009765625,2627.300048828125,2648.0,2600.891357421875,2235686,-0.008165423788082493,2517.97001953125,2432.586005859375,2531.71965347479,2465.165972230401,66.65792139130703,0.014339098630717431,46.799856529628414,35.05018144821683,11.749675081411581,0.061280067476000344,0.0806399385942067,-0.29182180038100014,0.0516407977299733,0.08855349558936747,-21.800048828125,2629.89990234375
2025-08-22,2647.0,2658.5,2619.0,2629.89990234375,2583.11328125,1223445,-0.006835384311272619,2527.5750122070312,2438.5300048828126,2541.070153367072,2471.6261263524934,60.40414545769707,0.014400675650551859,48.81863168906784,37.80387149638703,11.01476019268081,0.06018697041436183,0.07880049621295626,-0.4527652809920535,0.04048342369367332,0.07847756520434285,-18.10009765625,2631.60009765625
2025-08-25,2643.0,2643.0,2615.199951171875,2631.60009765625,2584.782958984375,667598,0.0006464867012561104,2538.3850219726564,2444.7820068359374,2549.6920528231844,2477.899615423229,62.279981909453134,0.014094988741741617,49.97958357180232,40.239013911470096,9.740569660332227,0.02472645052190625,0.08950906849947016,-0.4543293732043533,0.03672219733283538,0.07641503017362866,1.7001953125,2692.60009765625
2025-08-26,2624.60009765625,2705.0,2624.60009765625,2692.60009765625,2644.697998046875,4348648,0.023179813701301955,2550.935021972656,2452.0860107421877,2563.3023428072856,2486.319242177465,69.26080630107728,0.014651199431745709,55.185690219849675,43.228349173146015,11.957341046703661,0.033707020570590496,0.10280143756585725,5.513872120647456,0.055534568486986874,0.09808550183819387,61.0,2654.39990234375
2025-08-28,2748.0,2748.0,2646.800048828125,2654.39990234375,2607.17724609375,3198743,-0.014187103144559399,2560.9750122070313,2458.6020068359376,2571.978300858377,2492.9106406153587,63.282619946586074,0.01526708249605333,55.58834292236679,45.70034792299017,9.887994999376623,-0.005768277100427266,0.08183884769132099,-0.264428162500161,0.03648020370812041,0.07963789786366916,-38.2001953125,2659.800048828125
2025-08-29,2664.800048828125,2723.0,2641.39990234375,2659.800048828125,2612.4814453125,1972773,0.002034413307356875,2572.09501953125,2465.8520068359376,2580.342276855496,2499.4553232903695,66.37514026137922,0.015070784956807061,55.701107090643745,47.700499756520884,8.000607334122861,0.00445621179309863,0.0912448327705766,-0.3832661767450527,0.034098673894582224,0.07865356130640305,5.400146484375,2649.5
2025-09-01,2659.800048828125,2673.300048828125,2639.300048828125,2649.5,2602.364501953125,1096729,-0.003872489901134868,2578.5100219726564,2472.9580078125,2586.9287266787824,2505.339428259375,67.71539844355479,0.013412749443358891,54.33302831778383,49.027005468773474,5.306022849010354,0.0074527922674101355,0.05088848616250763,-0.44406731032916613,0.027531395039152723,0.07138899715635019,-10.300048828125,2677.0
2025-09-02,2649.0,2692.39990234375,2645.10009765625,2677.0,2629.37548828125,1525106,0.010379316852236364,2584.6750244140626,2480.3740087890624,2595.506943185565,2512.0712153864583,68.28873193440644,0.013322489218316075,54.83572411320438,50.18874919765966,4.6469749155447175,0.017251824235826607,0.048282903702740576,0.3905951242285013,0.03572014845729675,0.07927271875701195,27.5,2664.699951171875
2025-09-03,2681.0,2686.89990234375,2658.300048828125,2664.699951171875,2617.294189453125,1010692,-0.004594713794592864,2590.7250244140623,2488.166005859375,2602.0967534699753,2518.0566560054945,71.99119362160828,0.013340397182222024,53.62346508215114,50.875692374557964,2.747772707593178,-0.010361786181564914,0.04756850348810038,-0.33729721081682196,0.028553754667399872,0.07094942415288227,-12.300048828125,2666.60009765625
2025-09-04,2750.0,2750.0,2655.5,2666.60009765625,2619.16064453125,2494678,0.0007130808418183143,2597.320031738281,2496.236005859375,2608.239929106763,2523.8818890114067,71.336106612497,0.013274339931840623,52.2141745057811,51.1433888008026,1.0707857049785048,0.004596216004124853,0.05203777528910014,1.4682870745983938,0.02667367327529619,0.06824839133678953,1.900146484375,2633.39990234375
2025-09-05,2667.60009765625,2672.89990234375,2623.800048828125,2633.39990234375,2586.551025390625,944879,-0.012450384045841978,2602.2100219726562,2503.3300048828123,2610.636117034095,2528.1767130636554,68.16445725576422,0.013691727923749201,47.866547510695455,50.48802054278117,-2.621473032085717,-0.009925613203897288,0.038570673970986125,-0.6212421001828693,0.011985919701996094,0.05195874982812208,-33.2001953125,2623.89990234375
2025-09-08,2630.0,2644.60009765625,2618.800048828125,2623.89990234375,2577.219970703125,903410,-0.003607503741283269,2607.5300170898436,2510.192001953125,2611.8993346826337,2531.930563623659,58.14355366729994,0.01359032400620167,43.1569645657064,49.02180934736622,-5.864844781659819,-0.009662237273542207,0.042264112152432975,-0.043888159224620304,0.0062779278269541015,0.04529848724804777,-9.5,2642.0
2025-09-09,2637.0,2646.199951171875,2611.300048828125,2642.0,2594.998291015625,1610956,0.006898166214375223,2614.7000122070312,2516.89400390625,2614.766064712859,2536.247012109006,55.74071157681848,0.013431880895025214,40.41918555214579,47.30128458832214,-6.882099036176349,-0.013074336944340681,0.057392098270652836,0.7831947842065066,0.010440963653771208,0.0497065017039192,18.10009765625,2643.5
2025-09-10,2642.0,2652.89990234375,2619.0,2643.5,2596.471435546875,1031486,0.0005677517032551815,2620.9550170898438,2523.872001953125,2617.502629978301,2540.453011634143,44.95202963787696,0.013387098071437611,37.933242615000836,45.42767619365789,-7.494433578657052,-0.00795584927396864,0.04967443714551667,-0.3597056654557915,0.00860181985694241,0.04739859943543073,1.5,2622.0
2025-09-11,2643.800048828125,2657.699951171875,2614.0,2622.0,2575.353759765625,1212707,-0.008133156799697394,2627.8650146484374,2530.402001953125,2617.9309509327486,2543.6509327465296,45.003865698865816,0.013084224243890047,33.838179144417154,43.10977678380975,-9.271597639392596,-0.016725454144942975,0.05564053001652791,0.1756892483271708,-0.0022318553714685556,0.03619899050671551,-21.5,2580.5
2025-09-12,2625.0,2628.89990234375,2569.0,2580.5,2534.59228515625,1368380,-0.015827612509534683,2632.135009765625,2535.87,2614.366098462963,2545.09599420745,41.290600277196695,0.013718139453108378,26.933634497727326,39.87454832659326,-12.940913828865938,-0.020088062696694386,0.03422704460793757,0.12836818786400994,-0.019617158532541524,0.01759948262332064,-41.5,2581.0
2025-09-15,2580.5,2593.39990234375,2568.39990234375,2581.0,2535.083251953125,752745,0.0001937608990505435,2637.1550048828126,2541.222001953125,2611.1883747998236,2546.5039944346086,41.04108707943364,0.013608689663912175,21.257041005332212,36.151046862341055,-14.894005857008842,-0.016349671839779534,0.04047403789051329,-0.4499006124029875,-0.021293782420388277,0.015653098397661623,0.5,2580.89990234375
2025-09-16,2588.199951171875,2590.0,2572.60009765625,2580.89990234375,2534.985107421875,1040928,-3.8782509201862325e-05,2637.7949951171877,2546.0539990234374,2608.3037583754353,2547.8528535683004,24.785620125475603,0.011141543787671902,16.55933699164325,32.232704888201496,-15.673367896558247,-0.023126456342259627,0.0049841533432366525,0.3828427953689497,-0.021569186717980728,0.013686238914680538,-0.10009765625,2569.699951171875
2025-09-17,2587.0,2591.10009765625,2566.5,2569.699951171875,2523.984130859375,970247,-0.004339552712487649,2636.039990234375,2549.24,2604.62720530843,2548.7096024939306,28.226315624313543,0.010680151941834635,11.796645867587358,28.145493084078673,-16.348847216491315,-0.02791755204392854,-0.013475160088407212,-0.06790191060284667,-0.025166552597178832,0.008025902297106282,-11.199951171875,2586.800048828125
2025-09-18,2570.89990234375,2609.89990234375,2570.89990234375,2586.800048828125,2540.780029296875,1550153,0.006654511414241782,2631.889990234375,2553.122001953125,2602.9293808817342,2550.2033454874286,32.29879777124738,0.009029892341208528,9.294868351317746,24.37536813752649,-15.080499786208744,-0.013424847891638114,-0.0310884704779415,0.5976890420686691,-0.01713215277749308,0.013190927362357264,17.10009765625,2559.60009765625
2025-09-19,2600.0,2604.699951171875,2554.800048828125,2559.60009765625,2514.064208984375,2214708,-0.010514902836884166,2627.4699951171874,2555.846005859375,2598.802782479307,2550.5718455724805,29.852159068525523,0.009135299856915325,5.0590651513407465,20.512107540289342,-15.453042388948596,-0.008099167736388302,-0.0333836489213557,0.4287028441708658,-0.025830893440102008,0.0014688255036761002,-27.199951171875,2572.199951171875
2025-09-22,2569.0,2587.199951171875,2560.199951171875,2572.199951171875,2526.439697265625,1174161,0.004922586745938373,2624.584997558594,2559.1220068359376,2596.2691794976467,2551.420006576378,24.831933807776608,0.009162786434025795,2.6878792762367993,16.947261887478835,-14.259382611242035,-0.0034095501077586743,-0.021939979966710155,-0.4698348495603032,-0.019959363646232738,0.005110324674245145,12.599853515625,2522.199951171875
2025-09-23,2568.89990234375,2575.300048828125,2518.199951171875,2522.199951171875,2477.3291015625,1430474,-0.01943861322958984,2619.114990234375,2559.17400390625,2589.2149672761448,2550.2741220507114,21.024852860580935,0.010025003182146889,-3.189122526493975,12.919985004684273,-16.109107531178246,-0.02274398597116023,-0.04157172154758948,0.21829459503424142,-0.03700297215809812,-0.014447650952197476,-50.0,2549.5
2025-09-24,2522.199951171875,2576.0,2510.0,2549.5,2504.143798828125,1882881,0.010823903479754149,2611.9599853515624,2559.832001953125,2585.4325894403214,2550.2437643232324,28.4187299661821,0.00867696112927044,-5.579486168823223,9.220090769982773,-14.799576938805997,-0.007860820934624368,-0.05314569281224135,0.31626370000433424,-0.023913071295828245,-0.004036203135690932,27.300048828125,2538.300048828125
2025-09-25,2546.0,2567.5,2531.800048828125,2538.300048828125,2493.142822265625,1624258,-0.004392999086830773,2606.154992675781,2560.0600048828123,2580.9437760486835,2549.775383323424,30.926627579365274,0.008260371480350638,-8.28213770665161,5.719645074655897,-14.001782781307508,-0.01874903320106691,-0.04373864443451514,-0.13735493639799856,-0.026036419183952064,-0.008499783603971972,-11.199951171875,2511.800048828125
2025-09-26,2535.0,2545.39990234375,2499.39990234375,2511.800048828125,2467.1142578125,885612,-0.010440058105910088,2598.754992675781,2559.94400390625,2574.3586591705352,2548.286154519687,28.952340788345793,0.008393605702820408,-12.419176515985328,2.0918807565276527,-14.51105727251298,-0.018674811300364524,-0.055643280428243846,-0.45475903458686984,-0.03346023156962705,-0.018806643819029516,-26.5,2497.89990234375
2025-09-29,2495.0,2517.39990234375,2443.0,2497.89990234375,2453.461669921875,2403556,-0.005533938296903851,2591.1749877929688,2559.7060009765623,2567.0768728060793,2546.310223061807,22.510483791341358,0.00841271966747515,-16.627760755488453,-1.6520475458755686,-14.975713209612884,-0.028885798242191285,-0.05721837994197021,1.714005681946496,-0.035997215891878355,-0.024145780261183306,-13.900146484375,2514.39990234375
2025-09-30,2497.89990234375,2526.300048828125,2491.60009765625,2514.39990234375,2469.66796875,1678088,0.00660554891912124,2583.0449829101562,2560.2019970703127,2562.060018476334,2545.0588379356086,26.70515118035034,0.00813681133160632,-18.41935512255759,-5.005509061211973,-13.413846061345616,-0.00309255767945793,-0.060739670398300305,-0.3018311202235354,-0.02657525556874666,-0.017890031637728156,16.5,2536.199951171875
2025-10-01,2515.39990234375,2550.0,2497.89990234375,2536.199951171875,2491.080322265625,1483899,0.008670080207927366,2576.619982910156,2561.627998046875,2559.5971549235283,2544.711430611541,34.53496692133905,0.008538951489220402,-17.874083507932028,-7.579223950555985,-10.294859557376043,-0.005216728310698193,-0.04822306539371857,-0.11572039130248235,-0.015687230560336173,-0.009926518172969521,21.800048828125,2544.89990234375
2025-10-03,2536.199951171875,2548.60009765625,2508.300048828125,2544.89990234375,2499.625244140625,1242611,0.0034303096519874288,2570.5349731445312,2562.9319970703127,2558.1974165825973,2544.718821659863,42.72279569849543,0.008612945494004239,-16.549169944210007,-9.37321314928679,-7.175956794923216,0.0026001077054196298,-0.04563871253866136,-0.16260405863202276,-0.009972659803738017,-0.007035728902356833,8.699951171875,2541.800048828125
2025-10-06,2535.199951171875,2549.60009765625,2520.199951171875,2541.800048828125,2496.58056640625,818923,-0.0012180650063171594,2565.95498046875,2564.76,2556.6357625107426,2544.604359980187,42.07120572110878,0.00827567978168963,-15.569819484486743,-10.612534416326781,-4.957285068159962,0.011943625852701256,-0.034783875185117274,-0.34096591773290275,-0.009413622539945059,-0.008952085642272655,-3.099853515625,2517.199951171875
2025-10-07,2540.0,2559.39990234375,2508.300048828125,2517.199951171875,2472.418212890625,1291750,-0.009678219050940573,2560.619982910156,2566.347998046875,2552.87997095466,2543.529677281822,38.27751884070474,0.008457276997066903,-16.587489228114464,-11.807525378684318,-4.779963849430146,0.007726510101552009,-0.04066464238081924,0.5773766275950243,-0.016956843275484402,-0.019150967410656826,-24.60009765625,2500.10009765625
2025-10-08,2511.0,2525.0,2486.10009765625,2500.10009765625,2455.62255859375,1225128,-0.006793204293391253,2553.5249877929687,2568.042001953125,2547.853316354812,2541.826556512192,37.46399671430167,0.008247262002635567,-18.559868490287045,-13.157994001004864,-5.40187448928218,-0.005687164032328607,-0.053709274164931875,-0.051574995161602466,-0.020922015798597766,-0.026456695118382625,-17.099853515625,2517.60009765625
2025-10-09,2501.0,2523.0,2498.300048828125,2517.60009765625,2472.811279296875,1259173,0.006999719737784016,2547.2299926757814,2569.562001953125,2544.972057431139,2540.876499302155,37.553954686406364,0.008503795700108195,-18.497660009194078,-14.225927202642708,-4.27173280655137,-0.007333748865908873,-0.04762621613154905,0.027788933074748057,-0.011632202472775613,-0.02022208619888485,17.5,2528.89990234375
2025-10-10,2510.0,2534.89990234375,2506.5,2528.89990234375,2483.909912109375,1018875,0.004488323899422886,2542.574987792969,2571.067998046875,2543.441375994245,2540.4068288331982,44.14341070829763,0.008524431022878353,-17.336712705526224,-14.848084303219412,-2.488628402306812,-0.006287084213121519,-0.035507283621758146,-0.1908379547528417,-0.005378439383252655,-0.01640100368218892,11.2998046875,2492.800048828125
2025-10-13,2519.199951171875,2531.60009765625,2485.39990234375,2492.800048828125,2448.452392578125,1114750,-0.014274923844225018,2538.189990234375,2572.1760009765626,2538.6183924546144,2538.53989628398,36.09943786031308,0.008395778680914902,-19.109329626058297,-15.70033336778719,-3.4089962582711077,-0.01927767686627868,-0.03398564277150751,0.09409888357256779,-0.01788279899490839,-0.03085945600857072,-36.099853515625,2502.300048828125
2025-10-14,2493.0,2509.199951171875,2482.300048828125,2502.300048828125,2457.783447265625,1461017,0.0038109755351078967,2534.254992675781,2571.7980029296873,2535.1595025854253,2537.1187257955153,45.940445928393274,0.008477145160791705,-19.522527160650952,-16.464772126359943,-3.0577550342910094,-0.005919236704582609,-0.030492038423818313,0.3106230096434177,-0.012609206232209725,-0.027023099801148094,9.5,2519.0
2025-10-15,2502.60009765625,2531.800048828125,2502.60009765625,2519.0,2474.186279296875,881070,0.00667384040522867,2531.1599975585937,2571.10400390625,2533.6205023391944,2536.408187529025,43.49678816462089,0.008669286597047075,-18.291588643721752,-16.830135429832303,-1.461453213889449,0.007559658255870572,-0.023983844661134568,-0.3969474687837308,-0.004804120470583633,-0.020265226076848296,16.699951171875,2561.5
2025-10-16,2517.800048828125,2568.5,2507.10009765625,2561.5,2515.93017578125,1446646,0.016871774513695925,2530.75,2571.4600048828124,2536.275692592604,2537.3921801749457,54.364181626963905,0.009517973283249392,-13.72841358181222,-16.209791060228287,2.481377478416068,0.017437202351802572,-0.0031910150319828245,0.6419194842634524,0.012150548256445718,-0.0038732878846647,42.5,2603.699951171875
2025-10-17,2565.5,2615.0,2560.0,2603.699951171875,2557.37939453125,2050690,0.016474702780353345,2531.5949951171874,2572.8400048828125,2542.6970505525346,2539.9924849199233,66.32327917420483,0.010119931839313149,-6.6304493961574735,-14.293922727414126,7.663473331256652,0.029578097875207154,0.0065331305183042865,0.41754790045387735,0.028482026625017032,0.011994506549375608,42.199951171875,2594.39990234375
2025-10-20,2609.0,2624.699951171875,2585.60009765625,2594.39990234375,2548.244873046875,1011485,-0.0035718588940861773,2533.3349853515624,2574.0160009765623,2547.621131675508,2542.1261091326223,67.42510007229893,0.009841999000412275,-1.7356899048395462,-11.78227616289921,10.046586258059664,0.04075732169669499,0.01359579753078033,-0.5067587007299982,0.024104556778034365,0.00791910437209956,-9.300048828125,2591.699951171875
2025-10-21,2594.0,2606.699951171875,2585.10009765625,2591.699951171875,2545.5927734375,82020,-0.0010406842713167608,2534.3099853515623,2575.5,2551.819114484686,2544.070181369456,64.6902765727436,0.009798259801766787,1.9036348442177768,-9.045093961475812,10.94872880569359,0.03572709131569485,0.007581059159539993,-0.9189113036772666,0.022645203685432932,0.00629002181008542,-2.699951171875,2601.60009765625
2025-10-23,2601.0,2667.199951171875,2596.10009765625,2601.60009765625,2555.31689453125,3386744,0.0038199431534882144,2538.279992675781,2577.56,2556.5601605010256,2546.326256517958,63.017572914328035,0.0086270814193844,5.523019084036605,-6.131471352373329,11.654490436409933,0.0327908287638945,0.03148051225973725,40.29168495488905,0.024946067873985258,0.009326687897177973,9.900146484375,2516.39990234375
2025-10-24,2584.0,2584.0,2474.5,2516.39990234375,2471.632568359375,3110800,-0.03274915133546308,2536.6249877929686,2577.52,2552.7353740098565,2545.1526740013223,45.651506640303126,0.011268866933341894,1.4991818215412422,-4.6053407175904155,6.104522539131658,-0.017606909098672685,-0.012982976135026525,-0.08147766704539816,-0.00797322645111043,-0.023712753986874974,-85.2001953125,2511.800048828125
2025-10-27,2516.39990234375,2525.0,2506.0,2511.800048828125,2467.1142578125,2127832,-0.0018279501248353869,2535.2999877929688,2578.08,2548.8367716115968,2543.8447279160987,45.44349533744387,0.01123788916365191,-2.0374218049828414,-4.091756935068901,2.0543351300860593,-0.035295888184960655,-0.010440058105910088,-0.315985598559856,-0.009269095995736953,-0.025709035860747118,-4.599853515625,2497.10009765625
2025-10-28,2519.0,2526.0,2481.89990234375,2497.10009765625,2452.676025390625,2294976,-0.005852357228328442,2534.564990234375,2578.12,2543.909469330135,2542.0116051608106,46.852508427947825,0.01106909997982347,-5.95769229753796,-4.464944007562713,-1.4927482899752471,-0.03750378058509818,-0.005852357228328442,0.07855131420149708,-0.01478158686894053,-0.03142596246247261,-14.699951171875,2488.10009765625
2025-10-29,2512.60009765625,2513.60009765625,2484.0,2488.10009765625,2443.836181640625,1870143,-0.0036041807088339484,2534.075,2578.27,2538.5942910754793,2539.897428395926,48.07197761937562,0.011028813953390918,-9.679184081761377,-5.507792022402446,-4.171392059358931,-0.039973706627875916,-0.003923217530976686,-0.1851143541370367,-0.018142676260075104,-0.03497302545650765,-9.0,2469.60009765625
2025-10-30,2491.0,2497.0,2454.89990234375,2469.60009765625,2425.665283203125,1195631,-0.007435392176314282,2531.835009765625,2576.3,2532.023415511743,2537.1406703277034,42.31261290146,0.011023829542870347,-13.960362156788506,-7.198306049279658,-6.7620561075088474,-0.05073800547552143,-0.01781729495206419,-0.3606740233233502,-0.024580950918731463,-0.04141594625771462,-18.5,2465.5
2025-10-31,2469.0,2479.5,2452.89990234375,2465.5,2421.63818359375,1401937,-0.0016602273623738117,2528.300012207031,2573.5139990234375,2525.6878521296726,2534.3312322756365,39.60657338627049,0.010794395224396278,-17.482542374395962,-9.25515331430292,-8.227389060093042,-0.02022727083097653,-0.02787633172976267,0.1725498920653612,-0.024838829214817386,-0.041971405270935055,-4.10009765625,2460.0
2025-11-03,2456.10009765625,2474.89990234375,2440.300048828125,2460.0,2416.23583984375,1049185,-0.0022307848306631906,2524.0550170898437,2569.317998046875,2519.431866212561,2531.4162819903177,44.023317908470446,0.010736325634506333,-20.481600466545387,-11.500442744751414,-8.981157721793974,-0.020622680078492772,-0.03336080223255955,-0.2516175833864146,-0.025377821266232576,-0.04254747685182427,-5.5,2445.699951171875
2025-11-04,2460.0,2463.300048828125,2441.300048828125,2445.699951171875,2402.1904296875,1251588,-0.005813027978912588,2519.2500122070314,2565.2719970703124,2512.4097790658293,2528.05485725234,39.86388645020479,0.010775915083074693,-23.738625938518453,-13.948079383504822,-9.79054655501363,-0.020583935154469213,-0.037807890396632904,0.1929145003026158,-0.029195221069274368,-0.04661183922601406,-14.300048828125,2436.0
2025-11-06,2463.89990234375,2463.89990234375,2432.60009765625,2436.0,2392.662841796875,1329256,-0.003966124776355828,2515.1900146484377,2561.3939990234376,2505.132657250036,2524.4448628502873,34.75386839735518,0.010632810305562918,-26.793686148919278,-16.517200736587714,-10.276485412331564,-0.020939711270188677,-0.03225804574407076,0.062055564610718594,-0.03148470460968593,-0.04895537315666608,-9.699951171875,2414.0
2025-11-07,2417.0,2425.0,2400.60009765625,2414.0,2389.693115234375,817896,-0.009031198686371145,2510.885009765625,2557.0419970703124,2496.4533565595566,2520.1136917581193,20.699267869683126,0.010702067781747286,-30.63689644312126,-19.341139877894424,-11.295756565226835,-0.022513806064802466,-0.03443866017083297,-0.38469640159608076,-0.038586000310172945,-0.05594041757397819,-22.0,2408.800048828125
2025-11-10,2405.0,2429.300048828125,2404.0,2408.800048828125,2384.54541015625,780558,-0.0021540808499896924,2505.4450073242188,2551.36599609375,2488.1054224898967,2515.7484508589037,4.611149267919927,0.010504527425369383,-33.71363113812231,-22.215638129940004,-11.497993008182306,-0.022997343813374593,-0.04321577876065863,-0.04565128084744274,-0.03857396918055258,-0.055878281471141086,-5.199951171875,2427.5
2025-11-11,2422.199951171875,2433.699951171875,2403.10009765625,2427.5,2403.05712890625,1422399,0.007763181166063449,2500.3750122070314,2546.827998046875,2482.333477490859,2512.2877272958094,12.762197765803762,0.010638183755341129,-34.24824334256755,-24.622159172465512,-9.626084170102036,-0.013211382113821113,-0.04009644756985986,0.8222848270083709,-0.029145632895565574,-0.04685357556080976,18.699951171875,2424.5
2025-11-12,2430.60009765625,2434.800048828125,2416.199951171875,2424.5,2400.08740234375,1680827,-0.0012358393408856694,2496.960009765625,2542.1219970703123,2476.8255272536344,2508.8450713234247,12.745133238244762,0.010237684283643668,-34.51612192619223,-26.600951723210855,-7.915170202981372,-0.008668255139685832,-0.02739892790849119,0.1816846046714038,-0.029019291251054607,-0.04626921808074777,-3.0,2407.60009765625
2025-11-13,2429.0,2431.0,2405.0,2407.60009765625,2383.357666015625,1256059,-0.006970469104454535,2492.2250122070313,2537.2839990234374,2470.2326291967406,2504.8746801992215,8.081226907388995,0.010236148208756651,-35.680792548462705,-28.416919888261226,-7.2638726602014785,-0.011658416397270166,-0.0378451621803807,-0.25271369391376985,-0.03395556746934352,-0.05111130697907717,-16.89990234375,2427.699951171875
2025-11-14,2405.10009765625,2430.199951171875,2392.0,2427.699951171875,2403.255126953125,975973,0.008348501703082656,2487.660009765625,2532.297998046875,2466.181897956277,2501.848220237365,23.331273131394397,0.01031631217934476,-34.58325794018083,-29.65018749864515,-4.93307044153568,0.005675207610553068,-0.036244560868648246,-0.2229879328916874,-0.024102995730272334,-0.04130558368551998,20.099853515625,2425.0
2025-11-17,2431.39990234375,2438.39990234375,2416.0,2425.0,2400.582275390625,920038,-0.0011121436858668732,2480.835009765625,2527.5039990234377,2462.2598124366314,2498.8345645417817,23.60090350039576,0.009341500328056165,-33.54463567173161,-30.429077133262442,-3.1155585384691697,0.00672532001141235,-0.05328908842475111,-0.057312036296086055,-0.022506538945892978,-0.0405554250608674,-2.699951171875,2404.0
2025-11-18,2415.800048828125,2422.89990234375,2401.89990234375,2404.0,2379.793701171875,1229034,-0.008659793814432937,2470.8500122070313,2522.2519970703124,2456.7112588712375,2495.1155620107315,22.729860151662066,0.008254666563591827,-34.023838901046474,-31.14802948681925,-2.8758094142272235,-0.00968074150360454,-0.07669852706414726,0.3358513452705214,-0.027055471548966693,-0.046883498241914935,-21.0,2441.60009765625
2025-11-19,2412.0,2450.699951171875,2411.0,2441.60009765625,2417.015380859375,1465143,0.015640639624064034,2463.2100219726562,2518.4160009765624,2455.272100660286,2493.0169163497717,38.33415816114032,0.009346582863827032,-31.012108981053643,-31.12084538566613,0.10873640461248613,0.007053040897607721,-0.05889601080753293,0.19210941275831273,-0.00877307420952274,-0.030501673786429876,37.60009765625,2428.39990234375
2025-11-20,2445.10009765625,2459.0,2425.0,2428.39990234375,2403.947998046875,1396929,-0.0054063707341637235,2455.04501953125,2514.5060009765625,2452.712843677759,2490.482915800516,39.38139296069588,0.009349675669224872,-29.352084208482665,-30.767093150229435,1.4150089417467697,0.008639227381552317,-0.0630088559265074,-0.04655791277711463,-0.010853209198007918,-0.03424374354221917,-13.2001953125,2433.699951171875
2025-11-21,2436.199951171875,2443.199951171875,2413.0,2433.699951171875,2409.19482421875,1840712,0.0021825271953805903,2446.650012207031,2510.34,2450.9020920105318,2488.256132873903,41.85449365196695,0.009291897442530827,-27.294202395154116,-30.072514999214373,2.7783126040602575,0.0024714751084060627,-0.06453726175503849,0.31768472127073033,-0.005292976506874518,-0.030529748491489258,5.300048828125,2424.199951171875
2025-11-24,2441.89990234375,2444.89990234375,2413.0,2424.199951171875,2399.790283203125,4092327,-0.003903521465505877,2442.0400146484376,2505.9539990234375,2448.3590309782785,2485.7441257483333,41.01404176619607,0.006204008886769885,-26.128691545450238,-29.28375030846155,3.1550587630113114,-0.0003299170425257181,-0.03663962595372894,1.2232304673408985,-0.007305393592877262,-0.032623922020684266,-9.5,2414.10009765625
2025-11-25,2422.0,2424.199951171875,2406.0,2414.10009765625,2389.792236328125,1240672,-0.004166262568705448,2437.1550170898436,2501.7960009765625,2445.0962754237994,2482.9345560192323,41.897463313130146,0.0062256375381846895,-25.72346547304869,-28.571693341378978,2.8482278683302873,0.004201371737208914,-0.03889638875413537,-0.696829701047839,-0.009459767340168198,-0.03505317911055932,-10.099853515625,2425.199951171875
2025-11-26,2412.0,2427.699951171875,2409.0,2425.199951171875,2400.7802734375,1242683,0.004597925962722682,2433.560009765625,2498.69,2443.201387399806,2480.6704538683557,47.25049194918783,0.006319885736613261,-24.2273773527063,-27.702830143644444,3.475452790938146,-0.0067169666728461586,-0.028793457880146534,0.0016208957726135953,-0.00343532050173496,-0.02941143112115751,11.099853515625,2451.699951171875
2025-11-27,2426.10009765625,2459.699951171875,2425.0,2451.699951171875,2427.013427734375,1872248,0.010926934081123996,2431.7400024414064,2496.1039990234376,2444.0107744257175,2479.534355723396,59.38278131209099,0.006869467372432064,-20.66517295810536,-26.29529870653663,5.630125748431272,0.00959481541966678,-0.014629695372249452,0.5066175364111363,0.008208093262614126,-0.017789342058237564,26.5,2466.60009765625
2025-11-28,2450.0,2470.0,2447.199951171875,2466.60009765625,2441.763671875,973225,0.006077475539881139,2431.5900024414063,2493.8180029296873,2446.1621385429107,2479.027129916841,63.72271819358997,0.00683807711734638,-16.450155858646212,-24.32627013695855,7.876114278312336,0.01351857137053103,-0.0012147715748987986,-0.4801837149779302,0.014398025645644302,-0.010914150608208873,14.900146484375,2464.5
2025-12-01,2466.60009765625,2488.0,2458.800048828125,2464.5,2439.6845703125,1924828,-0.0008514139192021819,2431.540002441406,2491.71400390625,2447.908601538824,2478.4574385475535,59.53608247422681,0.006830369529088202,-13.127855028416434,-22.08658711525013,8.958732086833695,0.01662406139751127,-0.0004055972419387821,0.9777831436718127,0.013555194455160147,-0.010921800761879912,-2.10009765625,2477.800048828125
2025-12-02,2471.0,2484.39990234375,2460.0,2477.800048828125,2452.850830078125,2179406,0.005396651989501011,2432.4300048828127,2489.53400390625,2450.755406042567,2478.4316585585566,63.044551172125665,0.006911607309524186,-9.314335040910464,-19.532136700382196,10.217801659471732,0.026386623832921785,0.007235792206554903,0.13226012921674046,0.018652147792223156,-0.004713313840949132,13.300048828125,2448.0
2025-12-03,2478.199951171875,2484.89990234375,2403.10009765625,2448.0,2423.350830078125,3535932,-0.01202681743517553,2432.5450073242187,2487.302001953125,2450.4929864194655,2477.238260183711,59.300153318376175,0.007331692109094737,-8.597600084955502,-17.345229377296857,8.747629292341355,0.00940130681476714,0.0009404460375537216,0.6224292307169936,0.00635342516962583,-0.015801057500160236,-29.800048828125,2462.199951171875
2025-12-04,2440.0,2483.0,2423.199951171875,2462.199951171875,2437.40771484375,2587753,0.005800633648641806,2433.8550048828124,2485.102001953125,2451.6079354435046,2476.648522575404,58.16373690620068,0.007373680847052444,-6.805317617604942,-15.237247025358474,8.431929407753533,0.004282742672071738,0.010755316573019202,-0.2681553265164601,0.011646111305807788,-0.009215738735573305,14.199951171875,2338.60009765625
2025-12-05,2422.0,2422.0,2286.699951171875,2338.60009765625,2315.052490234375,4008271,-0.05019895051853851,2430.085009765625,2481.4300048828127,2440.8452842256706,2471.2348588530845,36.995808015333374,0.01344161088862846,-15.183371604629883,-15.226471941212758,0.04310033658287438,-0.05189329235883222,-0.031234425163111035,0.5489387897531179,-0.03764679496467421,-0.05755951485454369,-123.599853515625,2314.0
2025-12-08,2350.10009765625,2355.10009765625,2302.0,2314.0,2290.699951171875,1898154,-0.010519155318989504,2425.345007324219,2476.7200048828126,2428.764780966083,2465.068785956885,36.59917786188836,0.013592413920476741,-23.536745092916135,-16.888526571553435,-6.6482185213627005,-0.06106715358084802,-0.039355715255089296,-0.5264407022379475,-0.045908935424845435,-0.06569979834701252,-24.60009765625,2306.5
2025-12-09,2318.0,2330.39990234375,2298.10009765625,2306.5,2283.275634765625,1471488,-0.003241140881590332,2419.2950073242187,2472.08400390625,2417.12051611217,2458.85040219387,27.903171190626026,0.013401373477466689,-30.41147651430356,-19.59311656010346,-10.818359954200098,-0.06913392745679436,-0.049845520082389294,-0.22477944360678848,-0.046623089363943195,-0.06698154417269128,-7.5,2301.699951171875
2025-12-10,2306.5,2316.89990234375,2295.0,2301.699951171875,2278.52392578125,2857290,-0.002081096391990056,2413.1550048828126,2467.882001953125,2406.1280813559515,2452.687639408694,28.69156906107291,0.013398622264886681,-35.83400244596123,-22.841293737275016,-12.992708708686216,-0.05976309184155437,-0.050649638617498494,0.9417691479645094,-0.046186446160904636,-0.06733792403758791,-4.800048828125,2305.60009765625
2025-12-11,2296.300048828125,2313.0,2292.0,2305.60009765625,2282.384765625,1108032,0.0016944634692237504,2408.0550048828127,2464.036005859375,2396.5539876702655,2446.919500516441,28.354209175359543,0.013386828905628955,-39.36293270197075,-26.145621530214164,-13.217311171756585,-0.06360159882266747,-0.04236583978348185,-0.6122087712482807,-0.04254674707131477,-0.0642993478286726,3.900146484375,2260.60009765625
2025-12-12,2306.89990234375,2309.0,2244.699951171875,2260.60009765625,2237.837890625,3203114,-0.019517695217719955,2399.7000122070312,2458.960009765625,2383.6059981451212,2439.612857267022,25.316870669618353,0.013691537938586677,-45.26892725922107,-29.97028267601555,-15.298644583205522,-0.0333532868993599,-0.06883052143036217,1.8908136227112573,-0.057965543127555134,-0.08066821392848982,-45.0,2293.5
2025-12-15,2260.60009765625,2299.0,2252.0,2293.5,2270.406494140625,1274115,0.0145536144928331,2393.1250122070314,2454.1060107421877,2375.0244745122527,2433.882941295766,32.975715534283054,0.014269354135398081,-46.755752126975494,-33.32737656620754,-13.428375560767954,-0.008859118409680233,-0.05422680412371139,-0.6022261461814971,-0.041629673209237585,-0.06544379502726375,32.89990234375,2281.10009765625
2025-12-16,2293.39990234375,2302.699951171875,2276.0,2281.10009765625,2258.13134765625,1256042,-0.0054065412442773075,2386.980017089844,2448.8300146484376,2366.079295764062,2427.891457231471,29.73280526656636,0.014216104219320186,-48.376980319994345,-36.3372973169649,-12.039683003029445,-0.011012314044548055,-0.05112308749740013,-0.014184747844582346,-0.04435727097652054,-0.0684938995311471,-12.39990234375,2275.60009765625
2025-12-17,2281.199951171875,2286.199951171875,2268.300048828125,2275.60009765625,2252.686767578125,808100,-0.002411117340116342,2378.6800170898437,2443.506015625,2357.4622292776035,2421.9192470520507,23.677171153036284,0.01356015382486267,-49.534615168427536,-38.97676088725743,-10.557854281170108,-0.011339381356956002,-0.0679882017367821,-0.3566297942266262,-0.043334924703199496,-0.06871516456070731,-5.5,2265.5
2025-12-18,2270.0,2278.300048828125,2255.300048828125,2265.5,2242.6884765625,1057295,-0.004438432599230713,2370.535021972656,2438.4720166015627,2348.7039217273555,2415.7851589323627,19.502581357945346,0.013554436096300915,-50.68280279526698,-41.31796926885934,-9.364833526407637,-0.017392477427899844,-0.06708116821555155,0.3083714886771438,-0.044308572115188787,-0.07093459159011775,-10.10009765625,2280.0
2025-12-19,2263.699951171875,2284.800048828125,2263.699951171875,2280.0,2257.04248046875,1237214,0.0064003531229308575,2362.8500244140623,2434.0700146484373,2342.1606910866553,2410.460250738937,23.03420822384713,0.013677733345487775,-49.84810304085022,-43.023996023257524,-6.824107017592695,0.008581748874497253,-0.06315484827859141,0.17016915808738342,-0.035063598433255364,-0.06329728139339916,14.5,2289.5
2025-12-22,2280.0,2295.0,2280.0,2289.5,2266.44677734375,790773,0.004166666666666652,2356.115026855469,2429.5080126953126,2337.1453871736403,2405.7167114942727,22.16966868902348,0.013773525899262408,-47.86823168863384,-43.99284315633279,-3.875388532301052,-0.0017440592980161318,-0.055564703359869405,-0.36084379905174047,-0.028273249012114216,-0.05762813374712304,9.5,2302.60009765625
2025-12-23,2289.300048828125,2310.0,2280.699951171875,2302.60009765625,2279.414794921875,1128801,0.005721815966914123,2350.5400268554686,2424.9820166015625,2333.855359600556,2401.672922716311,27.39430065422988,0.013897384521367899,-44.72652148068755,-44.13957882120374,-0.5869426594838103,0.009425276875000055,-0.046186982929270703,0.42746527764605013,-0.020395283063250863,-0.05046714495508792,13.10009765625,2282.199951171875
2025-12-24,2302.60009765625,2305.0,2278.10009765625,2282.199951171875,2259.22021484375,519380,-0.008859613315025827,2343.390026855469,2420.7700146484376,2328.9357968930626,2396.9877081459413,22.544258827560014,0.013873237033631086,-43.382725778278655,-43.98820821261872,0.6054824343400682,0.0029002694816293584,-0.058964210324555455,-0.5398834692740351,-0.026111776094610774,-0.05724214305285287,-20.400146484375,2285.39990234375
2025-12-26,2282.300048828125,2290.0,2275.0,2285.39990234375,2262.387939453125,533626,0.0014021344493639898,2335.0750244140627,2416.43201171875,2324.7895212216995,2392.6117157615417,37.17451901797739,0.013531407637342441,-41.580237589993885,-43.506614088093755,1.92637649809987,0.008783889800816569,-0.06783050623655484,0.027428857483923208,-0.021273458690166752,-0.054225448404732854,3.199951171875,2293.300048828125
2025-12-29,2288.89990234375,2298.699951171875,2280.0,2293.300048828125,2270.20849609375,1086695,0.0034567895431663054,2326.410021972656,2411.9180126953124,2321.790523850883,2388.7171405876825,44.57265247231821,0.013447053792757993,-39.06397176748442,-42.618085623971886,3.5541138564874686,0.005833354749177566,-0.07025867265342034,1.0364356309475173,-0.014232217378626918,-0.049179932005496384,7.900146484375,2290.199951171875
2025-12-30,2293.300048828125,2298.0,2283.0,2290.199951171875,2267.1396484375,1556717,-0.0013518063882805853,2317.69501953125,2406.49201171875,2318.7818978814535,2384.8537213949057,45.62533498801578,0.013442237216214256,-36.89466620086023,-41.473401739349555,4.578735538489326,0.0003057222851605701,-0.07072430465738488,0.4325243053478667,-0.011863108876566518,-0.04832430773947072,-3.10009765625,2315.89990234375
2025-12-31,2290.0,2325.5,2286.800048828125,2315.89990234375,2292.580810546875,1324220,0.011221706278844668,2309.6000122070313,2400.7360107421873,2318.507422115958,2382.1496500595663,53.42662187622615,0.013707302624537692,-32.72447723095274,-39.7236168376702,6.999139606717456,0.005775994147241503,-0.06534027899504868,-0.14935084540093024,0.002727697481564587,-0.03533754149512267,25.699951171875,2323.0
2026-01-01,2322.0,2326.0,2300.0,2323.0,2299.609375,758866,0.003065805067423044,2303.3500122070313,2395.3080126953123,2318.935286676343,2379.8300559395834,54.134950104432576,0.013615659374348417,-28.517917088435752,-37.48247688782331,8.964559799387558,0.017877508413395082,-0.051062091503268014,-0.4269335910951353,0.008531047252406233,-0.03018735474188472,7.10009765625,2348.0
2026-01-02,2326.0,2357.699951171875,2322.0,2348.0,2324.357666015625,973413,0.01076194575979339,2297.6400146484375,2390.434013671875,2321.7033546119296,2378.5818184517566,72.95160793968303,0.013819044957649575,-22.902886582607607,-34.566558826780174,11.663672244172567,0.027391310200044927,-0.04638126611834348,0.2827205330058271,0.021918135578461406,-0.017751593823204317,25.0,2384.10009765625
2026-01-05,2341.5,2394.0,2336.39990234375,2384.10009765625,2360.09423828125,1344113,0.015374828644058702,2299.9150146484376,2386.084013671875,2327.6459015685314,2378.798221557815,73.3987147346492,0.008671476890807541,-15.36286473130167,-30.725820007684472,15.362955276382802,0.03959361919279769,0.019456084024626508,0.38082499411863213,0.03660356251062644,-0.0008314527083947097,36.10009765625,2424.699951171875
2026-01-06,2398.800048828125,2428.10009765625,2367.800048828125,2424.699951171875,2400.285400390625,1584720,0.017029424878400645,2305.4500122070312,2384.2500146484376,2336.8891443878974,2380.598289385817,82.37139444906136,0.00892960441561748,-6.0416300689889795,-25.788982019945372,19.747351950956393,0.05872849658003765,0.04783921831109561,0.17900801495112395,0.05172523296251587,0.016965476051135433,40.599853515625,2399.39990234375
2026-01-07,2416.0,2421.89990234375,2382.0,2399.39990234375,2375.239990234375,892690,-0.010434300877474434,2310.095007324219,2382.00201171875,2342.8425499075024,2381.3356075410306,75.62075837008234,0.009304778696349512,-0.6880554672102335,-20.768796709398345,20.08074124218811,0.036055098890714454,0.040277434356709385,-0.4366891312029886,0.03865853773822616,0.007303894177841763,-25.300048828125,2386.699951171875
2026-01-08,2389.0,2418.10009765625,2368.10009765625,2386.699951171875,2362.66796875,1163828,-0.005292969779430945,2314.345007324219,2379.7940087890624,2347.019445266014,2381.5459739579264,74.8156701608106,0.009406401951492298,2.5010801582757267,-16.11482133586353,18.61590149413926,0.027421416776528096,0.03692922700750967,0.30373141852154717,0.03126368091994673,0.002901907626167436,-12.699951171875,2372.60009765625
2026-01-09,2382.0,2386.0,2361.0,2372.60009765625,2348.7099609375,1189464,-0.005907677464317196,2317.6950073242188,2377.4840087890625,2349.4556978746077,2381.1951552794294,68.99097341694322,0.009565561859918066,3.8464137136547834,-12.122574325959869,15.968988039614652,0.01047704329482535,0.02905967954638311,0.022027309877404644,0.023689523495767993,-0.0020542351135728774,-14.099853515625,2406.199951171875
2026-01-12,2362.0,2413.89990234375,2361.0,2406.199951171875,2381.9716796875,1057665,0.01416161684761641,2324.975,2376.216005859375,2354.8599124743478,2382.1757355105055,71.78049409515373,0.008589847274204896,7.536946395455743,-8.190670181676747,15.72761657713249,0.009269683574674836,0.06440761179590337,-0.11080537115877409,0.034935838523801374,0.012618358448291048,33.599853515625,2389.5
2026-01-13,2415.10009765625,2422.199951171875,2365.0,2389.5,2365.439697265625,1519683,-0.006940383804655004,2329.775,2374.696005859375,2358.1589684291716,2382.462961568917,66.00366525667587,0.00843257582117271,9.010308415686268,-4.750474462204145,13.760782877890414,-0.014517240021744815,0.04185742315238716,0.4368282962941952,0.02563552274361254,0.00623405863491468,-16.699951171875,2353.5
2026-01-14,2398.89990234375,2398.89990234375,2341.0,2353.5,2329.80224609375,1027639,-0.015065913370998163,2333.3949951171876,2372.566005859375,2357.7152571502033,2381.32715915445,62.41729104961814,0.009131908733431175,7.190175429647752,-2.3623444838337653,9.552519913481518,-0.01912974252391808,0.031739029084316916,-0.32378068320827436,0.008616202968157433,-0.008036027580387123,-36.0,2353.5
2026-01-15,2353.5,2353.5,2353.5,2353.5,2329.80224609375,0,0.0,2337.289990234375,2370.7220068359375,2357.3138040882795,2380.2358980111385,61.99368106400287,0.009091954139783776,5.6822059912460645,-0.7534343888177994,6.435640380063864,-0.013910400071686313,0.03423268544591074,-1.0,0.006935386637239368,-0.007264456476245673,0.0,2360.39990234375
2026-01-16,2370.0,2372.89990234375,2348.89990234375,2360.39990234375,2336.6328125,1367606,0.0029317622025706314,2342.0349853515627,2369.2100048828124,2357.607718207848,2379.4580158281037,61.85930268382413,0.008977697515005028,4.986413529990841,0.39453519494392864,4.591878335046912,-0.005142120378630932,0.041889164574597126,inf,0.00784143580563574,-0.003718582363279442,6.89990234375,2413.89990234375
2026-01-19,2353.0,2425.39990234375,2353.0,2413.89990234375,2389.593994140625,1505238,0.022665650827589534,2348.72998046875,2369.2080029296876,2362.968878601743,2380.8086780444037,68.55687282769128,0.010059987584966183,8.652258028665528,2.0460797616882487,6.606178266977279,0.003200046267196166,0.058728027343750044,0.10063717181702914,0.027746877000307056,0.018863645302057818,53.5,2379.10009765625
2026-01-20,2423.0,2439.0,2368.5,2379.10009765625,2355.14453125,1460806,-0.014416424083580015,2353.2099853515624,2368.61400390625,2364.505185178363,2380.7416748919272,59.22901627702022,0.01077045404045098,8.64970439268518,3.366804687887635,5.282899704797545,-0.0043523341049382935,0.039135225008189556,-0.02951825558483112,0.011002040814823283,0.004427101137081186,-34.7998046875,2368.0
2026-01-21,2379.10009765625,2400.5,2360.0,2368.0,2344.15625,1020245,-0.004665670716076709,2356.47998046875,2367.42400390625,2364.8380246851857,2380.242001366754,56.49539204934694,0.010830612425502149,7.663653675191654,4.226174485348439,3.4374791898432147,0.006161036753770999,0.02840263162080059,-0.30158761669927425,0.004888655803033151,0.00024330077451248386,-11.10009765625,2390.60009765625
2026-01-22,2368.89990234375,2402.0,2365.699951171875,2390.60009765625,2366.52880859375,1745964,0.009543960158889364,2361.8999877929687,2366.746005859375,2367.291555444335,2380.648201221244,56.19188344823573,0.010688849772362527,8.606628525230008,5.102265293324753,3.5043632319052547,0.01576379760197577,0.04749809342021649,0.7113183598057329,0.01215128075346645,0.010078855837432094,22.60009765625,2409.5
2026-01-23,2400.0,2434.300048828125,2376.800048828125,2409.5,2385.238525390625,1378097,0.007905923856641461,2368.1049926757814,2366.78400390625,2371.311407306779,2381.779644310607,53.88616209835869,0.010756349510407867,10.755029765357449,6.232818187731293,4.522211577626156,0.02080160129116093,0.05430126146806136,-0.21069563862714236,0.01748022467426383,0.018048117624273996,18.89990234375,2400.89990234375
2026-01-27,2412.0,2421.60009765625,2380.5,2400.89990234375,2376.724853515625,2060117,-0.0035692457589748816,2373.4849853515625,2366.2480029296876,2374.1293592150623,2382.5294583511227,45.963350694286284,0.010844779478817691,11.629637992133667,7.312182148611768,4.317455843521898,-0.00538547600394601,0.04691922174362162,0.49489985102645173,0.011550491012744612,0.01464423820798132,-8.60009765625,2378.39990234375
2026-01-28,2403.10009765625,2420.199951171875,2340.60009765625,2378.39990234375,2354.451416015625,1797593,-0.009371486074049029,2377.894982910156,2365.3160009765625,2374.5360776082707,2382.367514978285,46.40410357599726,0.011133317283052505,10.387469075880745,7.9272395340655635,2.460229541815181,-0.00029431099313126374,0.03851189985692893,-0.12743159733160792,0.00021233882792246015,0.005531565914146616,-22.5,2352.60009765625
2026-01-29,2370.5,2374.699951171875,2312.0,2352.60009765625,2328.911376953125,1478536,-0.010847546984035783,2379.7299926757814,2364.2880029296875,2372.4469366604594,2381.2001652793815,44.41168068484349,0.011258964150177828,7.237780017409932,7.789347630734438,-0.5515676133245062,-0.006503337138407894,0.015847055943721156,-0.17749123411139234,-0.01140040891320886,-0.004943520103707572,-25.7998046875,2373.0
2026-01-30,2341.0,2385.0,2340.0,2373.0,2349.10595703125,2090462,0.008671215462446424,2382.2299926757814,2362.9160009765624,2372.499609359463,2380.8785901703864,50.06421051641249,0.011386167553383082,6.3149357281672565,7.494465250221003,-1.1795295220537465,-0.00736220904261875,0.02152389151958678,0.41387291212388466,-0.0038745178694581327,0.004267607912964338,20.39990234375,2357.300048828125
2026-02-02,2356.10009765625,2360.0,2303.0,2357.300048828125,2333.56396484375,1375089,-0.006616077190002123,2382.6949951171873,2361.49400390625,2371.0520321660024,2379.953941490298,41.66950873999937,0.011274716723157488,4.267526738803099,6.849077547937422,-2.581550809134323,-0.021664225429290362,0.003960838512830023,-0.3422080860594452,-0.010658076816841312,-0.0017759753237516036,-15.699951171875,2368.60009765625
2026-02-03,2390.0,2399.89990234375,2343.300048828125,2368.60009765625,2344.750244140625,1553270,0.004793640433572444,2381.9199951171877,2360.1920068359377,2370.818514593645,2379.508692712492,46.372799256984415,0.010764751077540793,3.5162269899624334,6.182507436342425,-2.666280446379991,-0.013453207547707069,-0.00650140487609463,0.12957779460093133,-0.00559208432199351,0.0035624605099752577,11.300048828125,2371.0
2026-02-04,2360.60009765625,2393.5,2356.800048828125,2371.0,2347.1259765625,1232755,0.0010132155048565572,2379.234997558594,2359.1280078125,2370.83579891806,2379.1750184884727,53.438120545264425,0.009976891194491804,3.0789760689772265,5.5618011628693855,-2.482825093892159,-0.003111294419604449,-0.022147050048778816,-0.20634854210794007,-0.003461195538500449,0.0050323645635949295,2.39990234375,2354.39990234375
2026-02-05,2362.5,2423.0,2351.60009765625,2354.39990234375,2330.693115234375,1962066,-0.007001306476697611,2376.984997558594,2357.93400390625,2369.2704754347924,2378.2034453063266,50.16597263747901,0.009835873571282369,1.3770882002536382,4.724858570346236,-3.347770370092598,0.0007650278894797413,-0.01875468943548919,0.5916106606746676,-0.009501572470184343,-0.0014988127558469364,-16.60009765625,2424.199951171875
2026-02-06,2354.39990234375,2429.0,2337.5,2424.199951171875,2399.790283203125,1421995,0.0296466410649443,2378.859997558594,2357.91400390625,2374.501854076419,2380.0072298500736,59.55091249452694,0.011900754082025265,5.596102019306727,4.899107260138335,0.6969947591683923,0.02157604347740194,0.015712071381904336,-0.27525628597610885,0.019059530052131325,0.02811211399389974,69.800048828125,2435.0
2026-02-09,2425.0,2439.0,2402.0,2435.0,2410.481689453125,958484,0.004455098195552898,2381.9799926757814,2357.5800048828123,2380.263582259617,2382.163809071639,53.621715036658834,0.011816497734063298,9.699366290958551,5.859159066302379,3.8402072246561723,0.032961417538043936,0.02630021907416724,-0.3259582487983431,0.022258796248182965,0.032838756248713595,10.800048828125,2453.60009765625
2026-02-10,2435.0,2458.10009765625,2430.10009765625,2453.60009765625,2428.89453125,792532,0.007638643801334721,2384.35,2357.3200048828126,2387.2480122973916,2384.9652321533886,63.540525909425725,0.01153127788493966,14.287408866216083,7.54480902628512,6.742599839930963,0.03588617600924193,0.019699171908506674,-0.17314008371553413,0.029043595804412143,0.04084303046425966,18.60009765625,2462.89990234375
2026-02-11,2460.0,2470.60009765625,2447.0,2462.89990234375,2438.1005859375,1137856,0.003790269121844103,2388.0199951171876,2357.2880029296875,2394.452954206569,2388.0214937294813,67.36186794064153,0.011389255101121074,18.46107440462356,9.728062101952808,8.733012302670751,0.03875997568272882,0.03071768250418505,0.4357224692504529,0.03135648251675875,0.044802289445670516,9.2998046875,2409.699951171875
2026-02-12,2475.0,2479.60009765625,2350.10009765625,2409.699951171875,2385.436279296875,4656164,-0.021600533225588525,2390.8299926757813,2355.9260009765626,2395.9050491556454,2388.8716293154575,53.14246051288066,0.011970664402848361,17.276786919242113,11.23780706541067,6.038979853831442,0.02348795919209601,0.02387930791241777,3.0920503121660383,0.007892639189696078,0.022824974202509923,-53.199951171875,2305.199951171875
2026-02-13,2400.0,2400.0,2300.300048828125,2305.199951171875,2281.988525390625,2791519,-0.043366395035688954,2388.414990234375,2353.07,2387.2664683952867,2385.5903870353172,36.61102513427743,0.015589347528456496,7.815857556971878,10.553417163722914,-2.737559606751036,-0.04908836003501882,-0.020522646623380103,-0.400468067705519,-0.03484111404540058,-0.020343656936735906,-104.5,2319.0
2026-02-16,2308.10009765625,2327.0,2288.10009765625,2319.0,2295.649658203125,2036833,0.005986486691147874,2386.3449951171874,2350.2060009765623,2380.764899976688,2382.9789993084423,39.62503633968169,0.015643939270915588,1.4152375066450986,8.72578123230735,-7.310543725662251,-0.047638603696098514,-0.017539359454574632,-0.27034958386455543,-0.028220980308792387,-0.013277985403660597,13.800048828125,2312.300048828125
2026-02-17,2309.300048828125,2326.0,2303.39990234375,2312.300048828125,2289.01708984375,1233244,-0.002889155313443248,2381.265002441406,2349.68,2374.2444379625395,2380.207275760195,41.27739335671432,0.014640743123879774,-4.150090404121329,6.150606905021615,-10.300697309142944,-0.05758886664664664,-0.042089505624064105,-0.39452866288006916,-0.028961477845840064,-0.015908528468504154,-6.699951171875,2323.5
2026-02-18,2312.60009765625,2328.89990234375,2306.0,2323.5,2300.1044921875,830787,0.004843640935591864,2378.484997558594,2349.87,2369.4116343470596,2377.983461024501,46.00602343429578,0.014415866890532605,-7.569652173443046,3.4065550893286827,-10.976207262771728,-0.05659990574976026,-0.02337022208986661,-0.32634012409547497,-0.02311765582504557,-0.011221897381557232,11.199951171875,2279.300048828125
2026-02-19,2336.0,2337.39990234375,2275.60009765625,2279.300048828125,2256.349365234375,940180,-0.01902300459301698,2374.05,2349.3260009765627,2360.8295785833516,2374.11352329131,37.92837071141762,0.014951252961143881,-13.688454198178079,-0.012446768172669653,-13.67600743000541,-0.054114580647409816,-0.03745774965028503,0.13167394289992496,-0.03991068055511686,-0.029806826349059026,-44.199951171875,2314.5
2026-02-20,2285.0,2331.199951171875,2278.300048828125,2314.5,2291.195068359375,1716316,0.015443316113634475,2370.2449951171875,2349.582001953125,2356.4172377658897,2371.7757380641997,44.74974678487166,0.015242191072092865,-15.51842031554861,-3.113641477647858,-12.404778837900752,0.004034378372859582,-0.031833052182528854,0.8255185177306472,-0.02351866378033694,-0.014931167298678131,35.199951171875,2345.39990234375
2026-02-23,2325.0,2350.0,2320.800048828125,2345.39990234375,2321.78369140625,1300035,0.013350573490494622,2367.039990234375,2350.377998046875,2355.367967725686,2370.7413915653583,47.28461947297135,0.015466095229818014,-14.310356883609984,-5.352984558840284,-8.9573723247697,0.011384175223695614,-0.02660307020388042,-0.24254333118143745,-0.00914225698759,-0.0021179979166166254,30.89990234375,2358.60009765625
2026-02-24,2331.10009765625,2372.0,2330.300048828125,2358.60009765625,2334.85107421875,1544803,0.005628121370393702,2364.925,2352.337998046875,2355.6757896238346,2370.2652623924523,48.584486033818486,0.015529567633453992,-12.147780416181376,-6.711943730308502,-5.435836685872874,0.020023374064966237,-0.017618312469506625,0.18827800789978721,-0.0026744621261774394,0.002662074759058644,13.2001953125,2374.89990234375
2026-02-25,2368.89990234375,2380.0,2349.0,2374.89990234375,2350.98681640625,1158620,0.006910796240404249,2364.75,2353.96599609375,2357.506657501922,2370.447012978778,52.34178817927977,0.015481779358316478,-9.01474856017694,-7.17250469628219,-1.8422438638947503,0.022121756980309826,-0.001471577591535822,-0.24998850986177523,0.0042921671820488425,0.008893036808831674,16.2998046875,2383.300048828125
2026-02-26,2378.0,2387.300048828125,2355.199951171875,2383.300048828125,2359.30224609375,1470677,0.003537052856874112,2366.2849975585937,2356.0099951171874,2359.96317096156,2370.951053600321,44.565516400185814,0.01528213517588705,-5.787264639366185,-6.895456684898989,1.108192045532804,0.04562804272016341,0.013049370865222398,0.2693350710327804,0.007190617904050679,0.011583165507572572,8.400146484375,2338.10009765625
2026-02-27,2369.300048828125,2378.89990234375,2330.60009765625,2338.10009765625,2314.557373046875,3053227,-0.018965279337823993,2364.540002441406,2357.2599951171874,2357.8809735039117,2369.6627808182006,38.20307140657676,0.015770848862968295,-6.7983515226487725,-6.876035652448946,0.0776841298001738,0.01019662892903428,-0.014707080633691527,1.0760690484722342,-0.01118183864847148,-0.00812803742507193,-45.199951171875,2320.60009765625
2026-03-02,2303.0,2354.0,2290.199951171875,2320.60009765625,2297.233642578125,2273224,-0.00748470949449187,2362.7050048828123,2358.3619970703126,2354.3304138993726,2367.738754027536,33.76463295424743,0.015789412283796322,-8.909050915275657,-7.282638705014288,-1.6264122102613685,-0.010573806480812742,-0.015568638023029546,-0.255468394587104,-0.017820636575259077,-0.016011918213137962,-17.5,2261.300048828125
2026-03-04,2292.89990234375,2311.60009765625,2252.10009765625,2261.300048828125,2238.53076171875,2648737,-0.025553756068534383,2357.3400024414063,2357.987998046875,2345.4703791306824,2363.564687156971,28.067894063333156,0.016670857094013617,-15.191693355443022,-8.864449635100035,-6.327243720342986,-0.041253304841635696,-0.04530104044760419,0.1651896161574926,-0.04074081528918885,-0.041004428054272006,-59.300048828125,2255.0
2026-03-05,2275.5,2277.800048828125,2228.39990234375,2255.0,2232.294189453125,1751288,-0.002786029581253402,2351.540002441406,2357.297998046875,2336.8541525468077,2359.307248444933,31.257575784465274,0.01665416919071164,-20.44343485063291,-11.180246678206611,-9.2631881724263,-0.050486297222641974,-0.04892450442851115,-0.3388214835976543,-0.041053948621404185,-0.04339629445731227,-6.300048828125,2225.699951171875
2026-03-06,2245.10009765625,2250.0,2219.5,2225.699951171875,2203.2890625,1674258,-0.012993369768569796,2345.1050048828124,2355.7599951171874,2326.268038130147,2354.0677465910876,38.22222222222222,0.016795133592619388,-26.662399349101634,-14.276677212385616,-12.385722136716018,-0.06612683859665192,-0.054663590090943015,-0.043984770066374024,-0.05091671949116164,-0.055209377956536076,-29.300048828125,2194.60009765625
2026-03-09,2199.0,2200.0,2170.39990234375,2194.60009765625,2172.50244140625,1512817,-0.013973066539921697,2333.6250122070314,2354.007998046875,2313.7282342754897,2347.8141132995256,32.469000729394594,0.015126790470229573,-33.711862420667785,-18.163714254042052,-15.548148166625733,-0.061374617854833,-0.09471159893581993,-0.09642540158087942,-0.0595746590919928,-0.06771765453765917,-31.099853515625,2190.199951171875
2026-03-10,2224.0,2224.0,2175.0,2190.199951171875,2168.146484375,1084986,-0.002004987828568061,2321.385009765625,2352.1039990234376,2301.963635884669,2341.633165765108,32.680837211879435,0.014985897712247002,-39.20177409178041,-22.371326221589726,-16.83044787019068,-0.05619242480256548,-0.10053390095610881,-0.28280419905381815,-0.05651154721938818,-0.0688337113999989,-4.400146484375,2161.39990234375
2026-03-11,2190.199951171875,2195.0,2156.0,2161.39990234375,2139.636474609375,1313256,-0.013149506652447629,2306.775,2349.46599609375,2288.576613642677,2334.565194650545,28.100505960037736,0.014769701799689321,-45.35368286778157,-26.967797550828095,-18.385885316953477,-0.04417819145059776,-0.1190903911324499,0.21038981148143843,-0.06302092646931326,-0.08004631438066398,-28.800048828125,2136.89990234375
2026-03-12,2165.10009765625,2165.10009765625,2109.300048828125,2136.89990234375,2115.383056640625,1791973,-0.011335246186248593,2290.475,2346.3999951171877,2274.1312125665886,2326.8136145600824,29.68035288896135,0.014616880804869288,-51.61111928353466,-31.896461897369413,-19.71465738616525,-0.052372548849778267,-0.1323642912526698,0.36452679447114655,-0.06704945378414955,-0.08928575401014459,-24.5,2160.0
2026-03-13,2136.0,2191.89990234375,2120.300048828125,2160.0,2138.250732421875,2298875,0.01081009813838918,2277.9900024414064,2343.2819970703126,2263.2615732745326,2320.271904185177,27.1652577294292,0.014705976257011198,-54.08276544542332,-36.333722606980196,-17.749042838443124,-0.029518781782460257,-0.10362283945370132,0.28287368169051663,-0.05179566298137927,-0.07821593700607134,23.10009765625,2175.699951171875
2026-03-16,2169.60009765625,2186.699951171875,2154.0,2175.699951171875,2153.79248046875,1981511,0.007268495912905015,2271.515002441406,2340.33599609375,2254.9223711695176,2314.602415831714,23.73881590033089,0.011909544099837034,-54.15049478993933,-39.897077043572025,-14.253417746367305,-0.008612114117993341,-0.05617733938184721,-0.13805187319884726,-0.04218112192371603,-0.0703471831380916,15.699951171875,2158.199951171875
2026-03-17,2172.800048828125,2184.800048828125,2145.5,2158.199951171875,2136.46875,1705956,-0.008043388515302508,2263.475,2336.5399951171876,2245.710712122123,2308.468985845054,19.39522650855946,0.011776032756528297,-54.98247083148408,-42.914155801154436,-12.068315030329643,-0.014610538176150656,-0.06934025391467225,-0.13906306853709116,-0.04651036518102692,-0.07632655307334812,-17.5,2135.300048828125
2026-03-18,2165.0,2175.0,2129.699951171875,2135.300048828125,2113.79931640625,2441148,-0.010610649088058643,2254.625,2331.563994140625,2235.195410856028,2301.6780471385077,14.131784673973812,0.01188035753141991,-56.83449588482881,-45.698223817889314,-11.136272066939497,-0.012075439388760545,-0.07654715921910904,0.430956015278237,-0.05292452233603149,-0.08417694980953734,-22.89990234375,2077.300048828125
2026-03-19,2112.0,2133.60009765625,2070.10009765625,2077.300048828125,2056.383544921875,2098905,-0.027162458986422555,2242.3150024414062,2324.61599609375,2220.157757329561,2292.8789099498654,10.114712969362785,0.012762542377337966,-62.26460672850499,-49.01150040001245,-13.253106328492535,-0.027890802676464155,-0.10596081393237577,-0.14019756278603346,-0.07359133459554741,-0.10639002212890682,-58.0,2082.699951171875
2026-03-20,2099.699951171875,2099.800048828125,2069.0,2082.699951171875,2061.72900390625,2429744,0.0025994811615184243,2232.484997558594,2318.2819970703126,2207.0665376954958,2284.6365978409244,12.856295780798959,0.012469788422920887,-65.37863746774156,-52.28492781355828,-13.093709654183279,-0.0357870596426505,-0.08625459283315051,0.15762457090721105,-0.06709341677571012,-0.10161923622585614,5.39990234375,2052.199951171875
2026-03-23,2062.300048828125,2097.0,2033.300048828125,2052.199951171875,2031.5361328125,2599535,-0.014644452256715401,2219.3699951171875,2311.5919970703126,2192.3173389789604,2275.521435226452,12.387876996386467,0.011740162076867339,-69.50639787634282,-55.72922182611519,-13.777176050227624,-0.056763341807991696,-0.1133290338423526,0.0698802013710087,-0.07532319726458479,-0.11221359401970085,-30.5,2085.0
2026-03-24,2070.0,2115.0,2066.0,2085.0,2064.005859375,1702418,0.01598287184901026,2206.35,2305.8399951171873,2182.0966400285834,2268.0500063940426,23.312137032128547,0.011979992741211011,-69.33177438253233,-58.44973233739863,-10.882042045133701,-0.03391713132609808,-0.11102580079564828,-0.34510672100971906,-0.05500033992793524,-0.09577420618292458,32.800048828125,2134.800048828125
2026-03-25,2098.0,2154.699951171875,2086.0,2134.800048828125,2113.304443359375,2069217,0.02388491550509597,2195.1599975585937,2300.4119970703123,2177.592202771397,2262.824517862046,33.92189199162685,0.013496112924925172,-64.43220194516607,-59.646226258952126,-4.785975686213945,-0.00023415912919333426,-0.09488681402604704,0.21545766080950735,-0.02749683339601651,-0.07199229896779456,49.800048828125,2074.39990234375
2026-03-27,2123.300048828125,2127.0,2069.5,2074.39990234375,2053.512451171875,2789151,-0.028293116499379378,2180.1349975585936,2294.1099951171873,2167.7643646354304,2255.435317253485,31.316375143128823,0.014156164965139172,-64.67748078706381,-60.65247716457447,-4.0250036224893435,-0.0013961134242552742,-0.12653164864061905,0.34792580961784103,-0.04849933390971208,-0.09577138552252117,-60.400146484375,2055.199951171875
2026-03-30,2064.0,2082.39990234375,2046.199951171875,2055.199951171875,2034.505859375,2482193,-0.00925566528911903,2163.7299926757814,2288.143994140625,2157.043944305568,2247.5829499561673,32.26462342419127,0.013959490145953678,-65.66420554827755,-61.65482284131509,-4.009382706962462,-0.01320401432982532,-0.1376662992213581,-0.11005427816564972,-0.05015877298520622,-0.10180480055681053,-19.199951171875,2064.699951171875
2026-04-01,2119.89990234375,2119.89990234375,2052.0,2064.699951171875,2043.91015625,2028470,0.004622421285375822,2150.0599853515623,2282.3679931640627,2148.2492782928352,2240.4110676509013,34.237632603098945,0.013917126659721194,-64.93113571107142,-62.31008541526636,-2.6210502958050625,0.006091024411564838,-0.11693260983926046,-0.1827911850528947,-0.03970123380800925,-0.09536938944294998,9.5,2065.300048828125
2026-04-02,2055.0,2069.89990234375,2022.5,2065.300048828125,2044.5042724609375,1431905,0.0002906464234231354,2137.2949829101562,2276.46599609375,2140.3493516771487,2233.5439688735373,37.01002764813931,0.01398502386940288,-63.568966245399224,-62.56186158129293,-1.0071046641062935,-0.009448417828237465,-0.11001466779475355,-0.29409604283031054,-0.033685071390567915,-0.09276042235112256,0.60009765625,2084.800048828125
2026-04-06,2065.300048828125,2092.800048828125,2041.9000244140625,2084.800048828125,2063.807861328125,1661298,0.009441727370831376,2128.4699829101564,2269.8839990234374,2135.0589418820036,2227.710873969796,42.86108076173985,0.013555182653145984,-60.22175123673378,-62.0938395123811,1.8720882756473216,-0.023421397253315157,-0.07805244602168904,0.16020127033567166,-0.020517054237393376,-0.0815389466047341,19.5,2110.60009765625
2026-04-07,2064.699951171875,2119.5,2050.800048828125,2110.60009765625,2089.34814453125,2709707,0.012375310928560035,2121.2499877929686,2264.5139990234375,2132.7295281462175,2223.1182945065198,43.2807550026898,0.014040011963555494,-54.85487801873569,-60.646047213652025,5.7911691949163355,0.017450924130684387,-0.06403543341186257,0.6310782291918728,-0.005020572868829633,-0.0679677411725263,25.800048828125,2145.60009765625
2026-04-08,2130.0,2192.800048828125,2130.0,2145.60009765625,2123.995849609375,3794437,0.016582961423562192,2117.2449951171875,2260.0660009765625,2133.9552966709825,2220.078365218274,46.110126373803205,0.01450516433569379,-47.23291321239867,-57.96342041340136,10.730507201002688,0.04398605908531139,-0.03598861269393061,0.4003126537297206,0.01339245226908333,-0.05064715068978178,35.0,2133.199951171875
2026-04-09,2145.5,2162.89990234375,2115.0,2133.199951171875,2111.720458984375,2506245,-0.0057793372110303,2114.1749877929688,2254.917998046875,2133.883359004401,2216.6713685890036,46.72603708530336,0.014254740299531674,-41.712207021430004,-54.713177735007086,13.000970713577082,0.03317673348184136,-0.02797782910423996,-0.33949489739848093,0.008998764761079123,-0.053978923836887814,-12.400146484375,2155.300048828125
2026-04-10,2133.199951171875,2170.0,2121.39990234375,2155.300048828125,2133.59814453125,2144484,0.010360068517772714,2112.4299926757812,2249.8339990234376,2135.9230437495175,2214.2646501670083,52.62466855229281,0.014489723110140513,-35.148543873347535,-50.80025096267518,15.651707089327644,0.04357720324999126,-0.015934573610540292,-0.1443438291148711,0.02029419024582251,-0.042018189002542415,22.10009765625,2127.199951171875
2026-04-13,2131.0,2140.699951171875,2113.5,2127.199951171875,2105.781005859375,1994541,-0.013037673186862553,2110.7199951171874,2244.36,2135.092273027837,2210.850348245631,57.10621177269023,0.014484687726041586,-31.847122771236172,-47.009625324387386,15.162502553151214,0.02033763495332952,-0.0158230557588116,-0.0699203164957165,0.007807741478173954,-0.05220198579021419,-28.10009765625,2157.60009765625
2026-04-15,2140.89990234375,2168.0,2140.89990234375,2157.60009765625,2135.875,1552971,0.014291156065337152,2111.7550048828125,2239.94400390625,2137.2358753734,2208.762103124479,59.957455620187865,0.014626871390066314,-26.4725262022107,-42.90220549995205,16.42967929774135,0.0222685481973548,0.009687021507088778,-0.2213892820453428,0.021709475136762645,-0.036761591408713865,30.400146484375,2139.10009765625
2026-04-16,2158.0,2163.699951171875,2129.10009765625,2139.10009765625,2117.561279296875,1845734,-0.008574341473239655,2110.710009765625,2235.67400390625,2137.413420352719,2206.0302597727837,61.933527653003274,0.014555669711027876,-23.43576220992827,-39.0089168419473,15.573154632019026,-0.0030294554922420946,-0.009675880714699048,0.18851800838521782,0.013450491900485015,-0.04319677470027507,-18.5,2240.800048828125
2026-04-17,2142.0,2245.0,2133.0,2240.800048828125,2218.237060546875,4882697,0.04754333435976399,2113.9650146484373,2233.0300048828126,2147.2597659218054,2207.393780912209,67.99073733163206,0.018039332947554387,-12.676640330926148,-33.74246153974307,21.06582120881692,0.0504406994745803,0.029921450161905838,1.6453958154316926,0.059998643923055164,0.003479596748956436,101.699951171875,2231.5
2026-04-20,2240.800048828125,2253.39990234375,2223.199951171875,2231.5,2209.03076171875,1460822,-0.0041503251630991,2117.630017089844,2230.51400390625,2155.282645357824,2208.3391228372207,62.318442130693676,0.017950257646848218,-4.844549986590664,-27.962879229112588,23.118329242521924,0.03535468354547966,0.033963511484802034,-0.7008165773956483,0.05377236910659307,0.00044204882463118024,-9.300048828125,2310.699951171875
2026-04-21,2238.699951171875,2335.699951171875,2227.199951171875,2310.699951171875,2287.43310546875,3217281,0.035491799763331944,2126.400012207031,2229.3560009765624,2170.084293530591,2212.3532729679914,78.72595918410957,0.019187046345333875,7.6648565018740555,-20.83733208291526,28.502188584789316,0.0862636349248267,0.08214297678680405,1.2023771547799802,0.08667228080644879,0.03648764493408864,79.199951171875,2368.800048828125
2026-04-22,2310.39990234375,2408.0,2310.39990234375,2368.800048828125,2344.9482421875,5558325,0.025143938583105374,2140.9750122070313,2229.312001953125,2189.0096035589277,2218.488440648781,84.82892286534542,0.018238828329397435,22.013090384196857,-12.26724758949284,34.2803379736897,0.09788651353941646,0.14032638191312086,0.7276467302669551,0.10641181486104288,0.0625699977180371,58.10009765625,2366.39990234375
2026-04-23,2336.0,2400.0,2336.0,2366.39990234375,2342.572265625,2063531,-0.0010132330441154913,2155.160009765625,2229.552001953125,2205.903917728911,2224.288890127015,84.04416452105055,0.018299821418735582,32.81225806094744,-3.2513464594047834,36.06360452035223,0.10625954574848828,0.13621738984160703,-0.6287494883800426,0.0980158742835514,0.06137910229083867,-2.400146484375,2327.300048828125
2026-04-24,2388.60009765625,2388.60009765625,2299.0,2327.300048828125,2303.8662109375,1676706,-0.016522927285831712,2168.9150146484376,2227.61400390625,2217.465454024074,2228.3285434094114,77.20096358375291,0.018418831830829173,37.780138916859414,4.954950615848056,32.82518830101136,0.0386022840570881,0.13405131283584648,-0.18745780896918918,0.07302500702424261,0.04475014286454903,-39.099853515625,2328.300048828125
2026-04-27,2334.89990234375,2362.800048828125,2325.0,2328.300048828125,2304.856201171875,1099681,0.0004296824556435652,2181.0800170898438,2225.4800048828124,2228.021129719698,2232.2489946023024,76.29018483177461,0.018324107672970973,41.321582448792014,12.22827698243685,29.093305466355165,0.04337891500252078,0.11669067090077934,-0.34414202609163447,0.06749868440622961,0.04620128858480883,1.0,2289.5
2026-04-28,2321.0,2334.39990234375,2281.10009765625,2289.5,2266.44677734375,1629120,-0.016664539799178257,2188.8150146484377,2222.1980029296874,2233.876260222584,2234.494132068879,68.78803635490958,0.018448035407637047,40.53015587984282,17.888652761918046,22.641503117924778,-0.009174688025212152,0.07246578022929873,0.48144780168066914,0.045999769134320426,0.030286228761606044,-38.800048828125,2314.39990234375
2026-04-29,2305.0,2349.699951171875,2291.0,2314.39990234375,2291.095947265625,1778765,0.010875694406529801,2200.8150146484377,2219.2280029296876,2241.545178519838,2237.6276916875013,68.11154804902506,0.0168902093339433,41.434527206465646,22.59782765082757,18.836699555638077,-0.022965275820256537,0.11569611034441207,0.09185633961893536,0.051610374765394165,0.042885138114886055,24.89990234375,2250.89990234375
2026-04-30,2312.0,2368.800048828125,2211.60009765625,2250.89990234375,2228.2353515625,4434979,-0.02743691785317426,2210.6000122070313,2216.052001953125,2242.436104598306,2238.148170536766,61.38076516860139,0.018173640448436515,36.60536483038413,25.399335086738883,11.20602974364525,-0.04880831844423483,0.09522185472040667,1.4932911317683897,0.018230294903727892,0.01572521780170848,-63.5,2250.89990234375
2026-05-01,2250.89990234375,2250.89990234375,2250.89990234375,2250.89990234375,2228.2353515625,0,0.0,2219.910009765625,2214.9660009765626,2243.242180574063,2238.6482384507653,59.656546097426364,0.01820422612588177,32.4046778994898,26.800403649289066,5.6042742502007314,-0.032827802552939045,0.09018257159651322,-1.0,0.013959976954830155,0.016223229318799676,0.0,2309.300048828125
2026-05-04,2268.800048828125,2365.800048828125,2268.800048828125,2309.300048828125,2286.04736328125,2554255,0.0259452436883425,2232.110009765625,2214.772001953125,2249.5334061220688,2241.4188976812497,67.33295222691633,0.01878781880243042,33.402958480597135,28.12091461555068,5.282043865046454,-0.00816046025062922,0.11814263992219853,inf,0.034581646390540205,0.042680712412672475,58.400146484375,2327.39990234375
2026-05-05,2301.5,2335.39990234375,2288.10009765625,2327.39990234375,2303.965087890625,1741424,0.007837809350417668,2244.2400024414064,2215.0739990234374,2256.949262905086,2244.7907017856614,66.54968856603314,0.018774717628743894,35.248289604014644,29.546389613243477,5.701899990771167,0.016553790060602758,0.11636600529244578,-0.318226253839182,0.03705481580039466,0.05070977464853719,18.099853515625,2317.10009765625
2026-05-06,2330.0,2339.39990234375,2288.300048828125,2317.10009765625,2293.768798828125,1196175,-0.004425455495262298,2254.5650024414062,2214.9460009765626,2262.6779138337683,2247.6263643688217,67.63075167097105,0.01883537311123495,35.47073510052087,30.731258710698956,4.739476389821913,0.0011666934956942043,0.09783947239901636,-0.3131052517939341,0.027737100126687952,0.04612035536516376,-10.2998046875,2272.199951171875
2026-05-07,2310.0,2327.89990234375,2268.10009765625,2272.199951171875,2249.32080078125,1859012,-0.019377732765965328,2260.8949951171876,2214.8039990234374,2263.5847745326355,2248.5900344395295,53.50445338657924,0.01936484305138704,31.659012791616533,30.916809526882474,0.7422032647340586,0.009462903617324825,0.059004403315378484,0.5541304574999477,0.005000212782593844,0.02591468688594787,-44.900146484375,2287.699951171875
2026-05-08,2272.199951171875,2297.300048828125,2256.0,2287.699951171875,2264.664794921875,1104526,0.006821582753756328,2268.6199951171875,2214.267998046875,2265.881458022087,2250.123756664327,56.18669718335221,0.01926730883061583,29.548301435163467,30.643107908538674,-1.0948064733752076,0.01634903835119772,0.07242640330791561,-0.4058532166548683,0.008410379920724409,0.03316308287423721,15.5,2307.199951171875
2026-05-11,2277.10009765625,2317.10009765625,2259.199951171875,2307.199951171875,2283.968505859375,1903862,0.008523845091665594,2276.214990234375,2213.5039990234377,2269.816552607781,2252.362038801878,49.556400506970846,0.019238139200204615,29.113432977142566,30.337172922259455,-1.2237399451168898,-0.0009094087437081511,0.07047738082980182,0.7236914296268264,0.013612493139020082,0.042329244577725834,19.5,2262.0
2026-05-12,2285.300048828125,2307.0,2256.0,2262.0,2239.2236328125,983506,-0.01959082529839562,2282.9549926757813,2211.5719970703126,2269.072119026088,2252.7399980645496,36.006277538606035,0.019588762942039747,24.835252946724722,29.23678892715251,-4.401535980427788,-0.02809998499952271,0.06336971226135257,-0.4834152895535496,-0.009178889966297864,0.02280188164639894,-45.199951171875,2267.300048828125
2026-05-13,2265.0,2295.800048828125,2250.0,2267.300048828125,2244.47021484375,1308559,0.0023430808258730895,2288.439990234375,2209.42,2268.9033504358054,2253.3109804474348,37.113144806277944,0.019415982519891864,21.623175587852074,27.714066259292427,-6.090890671440352,-0.021492402886909345,0.05084350491596634,0.3305043385602122,-0.009237708437390456,0.026196942558737103,5.300048828125,2248.699951171875
2026-05-14,2268.0,2285.89990234375,2245.0,2248.699951171875,2226.057373046875,1380764,-0.008203633068267102,2293.9199829101562,2206.727998046875,2266.979217172574,2253.1301557699617,39.20328328897664,0.019404866998752653,17.376404333104347,25.646533874054814,-8.270129540950467,-0.010342399658920809,0.05123643051379889,0.05517901752997001,-0.019712994383053132,0.019019993928634713,-18.60009765625,2272.199951171875
2026-05-15,2248.699951171875,2298.89990234375,2246.199951171875,2272.199951171875,2249.32080078125,1038522,0.010450482727921706,2295.4899780273436,2205.4099951171875,2267.476429934412,2253.8779908837623,42.742548815491595,0.01643677893966045,15.725784069890778,23.66238391322201,-7.93659984333123,-0.006775364047221344,0.01401280866633825,-0.24786422589233204,-0.010145993699995644,0.030284598420503014,23.5,2254.199951171875
2026-05-18,2263.10009765625,2265.0,2224.699951171875,2254.199951171875,2231.502197265625,1118204,-0.007921838036620277,2296.6249755859376,2204.0819921875,2266.2120033855986,2253.890616777414,45.17363227490091,0.016518283293712396,12.81745441557905,21.49339801369342,-8.675943598114369,-0.022971567753839572,0.010172507807248543,0.07672634763635244,-0.01847276976653043,0.02273869990409664,-18.0,2232.89990234375
2026-05-19,2242.0,2282.0,2229.5,2232.89990234375,2210.41650390625,1145022,-0.009449050345800902,2292.734973144531,2203.5139892578127,2263.039422333994,2253.0674515055057,38.74620574151711,0.014454929551315495,8.69363151020707,18.93344471299615,-10.23981320278908,-0.012864764657935401,-0.03366947265856335,0.023983101473434187,-0.026097683117170797,0.01333593216525713,-21.300048828125,2209.300048828125
2026-05-20,2224.89990234375,2226.89990234375,2201.0,2209.300048828125,2187.05419921875,1071994,-0.010569149781794351,2284.759973144531,2202.599990234375,2257.9213867620065,2251.3510827730597,43.54440412477998,0.013119997638144825,3.4810340074845953,15.842962571893839,-12.361928564409244,-0.025581087086368526,-0.06733366966912491,-0.06377868722173019,-0.03302750626034039,0.0030418862360191558,-23.599853515625,2179.0
2026-05-21,2224.0,2229.0,2176.0,2179.0,2157.059326171875,1581812,-0.01371477307674751,2275.3899780273437,2201.6659912109376,2250.405064213244,2248.5137854094105,39.80143229166667,0.013304629293656388,-3.0596777203390957,12.062434513447252,-15.122112233786348,-0.030995665355687874,-0.07919198363646984,0.47557915436093867,-0.04236195946987041,-0.010294927251190848,-30.300048828125,2203.60009765625
2026-05-22,2180.0,2224.5,2175.39990234375,2203.60009765625,2181.411865234375,1382889,0.011289627194240426,2269.20498046875,2201.8459912109374,2245.947448350673,2246.7524643210513,33.41701170909954,0.013383667072596823,-6.186897890980617,8.41256803256168,-14.599465923542297,-0.030190940493703078,-0.0531516987825279,-0.12575641100206603,-0.028910954883832444,0.0007966526506914665,24.60009765625,2196.5
2026-05-25,2215.0,2238.10009765625,2192.89990234375,2196.5,2174.383056640625,780722,-0.0032220445369383066,2262.6149780273436,2201.9719921875,2241.2381675553706,2244.781779445716,28.72931113826428,0.01336445393182881,-9.132882762027293,4.903477873643886,-14.03636063567118,-0.025596642898461086,-0.05660784523646867,-0.4354413116309407,-0.029220604773413893,-0.002485041683960661,-7.10009765625,2209.39990234375
2026-05-26,2199.60009765625,2220.0,2190.0,2209.39990234375,2187.153076171875,2302703,0.005872935280559988,2258.609973144531,2202.9319921875,2238.2059518209307,2243.3942548534824,32.64581153274219,0.013083260840049007,-10.307860092126703,1.861210280489768,-12.16907037261647,-0.010524430573593313,-0.034985847414828575,1.9494531984496404,-0.021787768311440137,0.002936046223482154,12.89990234375,2198.39990234375
2026-05-27,2205.10009765625,2214.60009765625,2187.0,2198.39990234375,2176.263916015625,616538,-0.004978727476330214,2252.8099731445313,2204.1619921875,2234.4148994897705,2241.629770441336,36.64978116567371,0.012757606394571339,-11.988450762807588,-0.908721928169703,-11.079728834637885,-0.004933755598365508,-0.05012098379477503,-0.732254658981206,-0.024152090699791396,-0.0026141861914746834,-11.0,2198.39990234375
2026-05-28,2198.39990234375,2198.39990234375,2198.39990234375,2198.39990234375,2176.263916015625,0,0.0,2250.1849731445313,2204.929990234375,2230.984899761578,2239.934481496333,32.88616353201758,0.011329052699584874,-13.16853233370739,-3.3606840092772403,-9.80784832443015,0.00890312177317587,-0.023324004743762394,-1.0,-0.02301369506010613,-0.0029615851385516928,0.0,2153.5
2026-05-29,2133.5,2207.800048828125,2118.10009765625,2153.5,2131.816162109375,17701621,-0.02042390117279458,2245.314978027344,2204.4859912109373,2223.6053854985707,2236.544893986673,23.157540174897775,0.01211609361226019,-17.524787514014406,-6.193504710224674,-11.331282803789733,-0.022735566997631018,-0.04327153874871659,inf,-0.04089180312154213,-0.023128289957030024,-44.89990234375,2084.300048828125
2026-06-01,2158.5,2167.5,2080.300048828125,2084.300048828125,2063.31298828125,1470488,-0.03213371310511959,2234.064978027344,2203.0079931640626,2210.338210577576,2230.574507902024,21.366431967546546,0.01198995596034746,-26.25831930130971,-10.206467628441683,-16.05185167286803,-0.05108124341992948,-0.0974321202280225,-0.9169291897052818,-0.06703696207236538,-0.05388448190124071,-69.199951171875,2093.699951171875
2026-06-02,2079.0,2097.0,2065.699951171875,2093.699951171875,2072.6181640625,2148903,0.0045098604440541035,2222.37998046875,2202.1759912109374,2199.2298049198903,2225.206878226332,22.39183340037367,0.011823718679526848,-32.05174009525899,-14.575522121805145,-17.47621797345385,-0.05236713871904286,-0.10041246067619636,0.4613536458645022,-0.057901902657408556,-0.04925856991993329,9.39990234375,2090.60009765625
2026-06-03,2092.0,2099.60009765625,2072.199951171875,2090.60009765625,2069.549560546875,1544973,-0.0014805624434819364,2211.05498046875,2202.4419921875,2188.8841185138294,2219.9281809490735,23.55302202985723,0.011852305020293772,-36.47276475734543,-18.954970648913203,-17.517794108432227,-0.049035575635066664,-0.0977514955996528,-0.28104107072306195,-0.05447846565396716,-0.05078085821464336,-3.099853515625,2079.39990234375
2026-06-04,2089.0,2110.89990234375,2073.5,2079.39990234375,2058.462158203125,2142735,-0.005357406863730874,2201.4149780273438,2202.3759912109376,2178.4570503071554,2214.4172680625907,16.3642450505276,0.011365702137084224,-40.41434934935205,-23.246846389000975,-17.167502960351076,-0.05413027896932321,-0.08485170890382665,0.38690773236813847,-0.055425749757062936,-0.05583791748454876,-11.2001953125,2121.5
2026-06-05,2086.699951171875,2127.5,2077.199951171875,2121.5,2100.138427734375,1822999,0.020246272787066033,2193.10498046875,2203.7619921875,2173.0325693255218,2210.7734536287635,28.644999673902873,0.012409419588263608,-39.683510691316314,-26.534179249464046,-13.149331441852269,-0.014859530996052972,-0.07264936605289474,-0.1492186387957447,-0.03265004689991871,-0.03732798391075111,42.10009765625,2110.10009765625
2026-06-08,2105.300048828125,2125.0,2091.5,2110.10009765625,2088.853271484375,1601497,-0.005373510414211635,2183.2499877929686,2204.263994140625,2167.039000595115,2206.8254788847435,29.587785169096705,0.012074039866486459,-39.568076480205036,-29.140958695612248,-10.427117784592788,0.012378279625637756,-0.08542816300577416,-0.12150418074831637,-0.033505045480689666,-0.04271897410413705,-11.39990234375,2132.800048828125
2026-06-09,2119.699951171875,2138.60009765625,2110.10009765625,2132.800048828125,2111.32470703125,1460636,0.010757760353211854,2176.789990234375,2204.223994140625,2163.778148045878,2203.9225208433077,37.24574442970066,0.0119690861445797,-37.21589600502284,-30.755946157494368,-6.459949847528474,0.01867511991599602,-0.057117573462367344,-0.08795583132531626,-0.02020862903798716,-0.032403215599849516,22.699951171875,2169.5
2026-06-10,2134.89990234375,2204.89990234375,2133.5,2169.5,2147.655029296875,2325534,0.0172074035688623,2171.8999877929687,2206.12599609375,2164.323086327223,2202.5726180651386,48.44923178947301,0.012745975545233467,-32.02127535685304,-31.009011997366102,-1.012263359486937,0.03774031314367776,-0.04313502700212701,0.5921379453881734,-0.0011050176373026586,-0.016601951184384477,36.699951171875,2139.800048828125
2026-06-11,2164.0,2165.0,2135.300048828125,2139.800048828125,2118.254150390625,1178896,-0.013689767767630756,2166.4549926757813,2207.817998046875,2161.9875589463563,2200.110948683295,39.755921827873614,0.012941224335011681,-29.955727929896966,-30.798355183872275,0.8426272539753086,0.029046912244391487,-0.048427938234711365,-0.4930643886522408,-0.012303483773154645,-0.030807770060268247,-29.699951171875,2168.800048828125
2026-06-12,2151.199951171875,2179.39990234375,2145.0,2168.800048828125,2146.962158203125,1156153,0.013552668164430681,2161.2849975585937,2209.9,2162.636367506525,2198.883070257602,45.8445863045206,0.013120686405885887,-25.682655411000724,-29.775215229297963,4.092559818297239,0.02229556862037474,-0.045506515520529756,-0.019291778070330223,0.0034771218409512896,-0.018598104516889945,29.0,2156.10009765625
2026-06-15,2200.0,2211.0,2150.0,2156.10009765625,2134.39013671875,1439449,-0.005855750131846915,2156.3800048828125,2211.7160009765626,2162.0138656160225,2197.2053066261765,41.99941951485514,0.013081704483009092,-23.055228255650036,-28.43121783456838,5.375989578918343,0.021799913687077455,-0.04351870093184351,0.24503331306496623,-0.0001298042209298409,-0.0251460419401749,-12.699951171875,2199.89990234375
2026-06-16,2161.0,2209.0,2160.10009765625,2199.89990234375,2177.748779296875,1337309,0.020314365151744118,2154.7300048828124,2214.017998046875,2165.622059590092,2197.3109770464735,50.20497436485971,0.013875399115833503,-17.23996354911469,-26.192966977477642,8.953003428362951,0.03146092084557739,-0.014778987613981998,-0.07095770673361823,0.02096313568687424,-0.006376685155938039,43.7998046875,2197.60009765625
2026-06-17,2201.10009765625,2224.60009765625,2183.0,2197.60009765625,2175.47216796875,1511401,-0.0010454133322383985,2154.1450073242186,2215.757998046875,2168.667587024964,2197.322315109602,49.89138968162192,0.013679191191490685,-12.670837858961477,-23.48854115377441,10.817703294812933,0.012952338168356725,-0.005295772829987944,0.13018083330030672,0.020172778612526823,-0.008194893308127782,-2.2998046875,2218.5
2026-06-18,2208.699951171875,2221.60009765625,2196.800048828125,2218.5,2196.16162109375,1120482,0.009510330094196773,2156.120007324219,2217.21599609375,2173.4135311178247,2198.1528125562845,59.44220620779663,0.013453335270433105,-7.279412839437555,-20.24671549090704,12.967302651469485,0.036779114578941785,0.01812758145938509,-0.25864677871722985,0.02893159585917283,0.0005791063696599566,20.89990234375,2194.60009765625
2026-06-19,2209.60009765625,2210.60009765625,2179.89990234375,2194.60009765625,2172.50244140625,1508994,-0.010773000831079571,2155.6700073242187,2218.4439990234373,2175.4312993595795,2198.013490403342,68.45104636071,0.013468443765160792,-4.878950542851271,-17.173162501295888,12.294211958444617,0.011896001589480676,-0.004084225631307836,0.3467364937589359,0.018059392300194557,-0.010748029419576706,-23.89990234375,2184.89990234375
2026-06-22,2203.699951171875,2208.199951171875,2182.5,2184.89990234375,2162.89990234375,765860,-0.004420028652536434,2155.0900024414063,2219.03599609375,2176.3330710723576,2197.499232048064,65.24066091074735,0.013485627646868607,-3.716450642615655,-14.481820129559843,10.765369486944188,0.01335735976210306,-0.005281173528909666,-0.4924698176400967,0.013832322487029933,-0.015383298788343625,-9.7001953125,2160.10009765625
2026-06-23,2160.10009765625,2179.699951171875,2156.0,2160.10009765625,2160.10009765625,710082,-0.011350545011648894,2152.6250122070314,2219.6939990234373,2174.787073604157,2196.0325993268166,60.82893843901875,0.013628067239909832,-4.741639406475315,-12.533783984942938,7.792144578467623,-0.018091643463003848,-0.02231366292503334,-0.07283054344136008,0.003472544175984722,-0.026847800369513033,-24.7998046875,2157.800048828125
2026-06-24,2160.0,2166.0,2140.0,2157.800048828125,2157.800048828125,942271,-0.0010647880765435325,2150.59501953125,2219.697998046875,2173.1692617207254,2194.5332836209855,62.564155533593286,0.013596583972436387,-5.674293878335902,-11.16188596362153,5.487592085285629,-0.018110687595332742,-0.018467910898440687,0.3269889956371237,0.0033502492247218223,-0.027885752599324035,-2.300048828125,2174.199951171875
2026-06-25,2161.0,2200.89990234375,2161.0,2174.199951171875,2174.199951171875,1898262,0.007600288243879039,2149.3850219726564,2220.3999951171877,2173.2674226208346,2193.735898034746,59.203653849597636,0.013726985447329532,-5.032087435667108,-9.935926258030648,4.903838822363539,-0.019968469158496704,-0.011007984100652068,1.0145605669706486,0.011545129860653813,-0.020807081628044396,16.39990234375,2174.199951171875
2026-06-26,2174.199951171875,2174.199951171875,2174.199951171875,2174.199951171875,2174.199951171875,0,0.0,2150.42001953125,2219.0679931640625,2173.3562348637906,2192.969782471496,61.65879357399331,0.012898616295593026,-4.471588514081304,-8.843058709240779,4.371470195159475,-0.009295609941037397,0.009612236439226818,-1.0,0.0110582729999921,-0.020219318259019327,0.0,2151.300048828125
2026-06-29,2172.0,2189.89990234375,2143.0,2151.300048828125,2151.300048828125,1423514,-0.010532565016114104,2153.77001953125,2217.463994140625,2171.2556457175365,2191.335675269795,53.362424410235654,0.01074108137627024,-5.808265745228709,-8.236100116438365,2.4278343712096557,-0.015378211825439858,0.032145083927657137,inf,-0.001146812649784478,-0.029837663875188034,-22.89990234375,2118.199951171875
2026-06-30,2151.0,2151.300048828125,2114.199951171875,2118.199951171875,2118.199951171875,2364422,-0.015386090691663634,2154.99501953125,2213.613994140625,2166.2027224274734,2188.4676076581122,40.552451709033946,0.011364340945989308,-9.429792554230062,-8.474838603996705,-0.9549539502333566,-0.01939731706407377,0.011701772255516829,0.6609755857687385,-0.017074317121799427,-0.04310328865886659,-33.10009765625,2182.0
2026-07-01,2133.5,2190.0,2120.199951171875,2182.0,2182.0,2497576,0.030119936879815512,2159.5650146484377,2209.8779931640624,2167.7072250534284,2188.2139759852453,56.90445661421946,0.013115415693097852,-7.070246500300982,-8.19392018325756,1.1236736829565785,0.011215103635305645,0.0437194576075155,0.0563156661543498,0.010388659382507444,-0.012615172987060363,63.800048828125,2210.60009765625
2026-07-02,2186.0,2216.0,2179.199951171875,2210.60009765625,2210.60009765625,2585362,0.013107285818629633,2166.1250244140624,2206.7619970703126,2171.7922605394115,2189.0918631095983,56.84798859608494,0.013203320994597579,-2.8595374256383366,-7.1270436317337165,4.26750620609538,0.016741857833616258,0.06309522048386196,0.035148479966175206,0.0205320896720715,0.0017392453699278851,28.60009765625,2201.199951171875
2026-07-03,2224.89990234375,2239.300048828125,2190.0,2201.199951171875,2201.199951171875,1536616,-0.004252305287754776,2170.1100219726563,2204.2399951171874,2174.5929929805984,2189.5666900924325,57.46934491149387,0.012658561655196436,-0.2778307485091318,-5.7572010550888,5.479370306579669,0.012418361055268834,0.03756773564547489,-0.40564764238044804,0.014326429943380261,-0.0013791801038211214,-9.400146484375,2202.0
2026-07-06,2202.10009765625,2221.39990234375,2190.300048828125,2202.0,2202.0,2131061,0.0003634603152244953,2174.7050170898438,2201.713994140625,2177.2031841253033,2190.054270873122,50.40558100587107,0.012549085283464935,1.8118616343740541,-4.24338851719623,6.055250151570284,0.023567122215003344,0.04355238997705646,0.38685331924176247,0.012551119667108677,0.00012990145865278166,0.800048828125,2208.800048828125
2026-07-07,2200.0,2219.39990234375,2193.699951171875,2208.800048828125,2208.800048828125,2552492,0.003088123900147677,2178.505017089844,2200.0999951171875,2180.212409335096,2190.789399420377,52.12603358831833,0.012390252589217736,3.9708910530148387,-2.600532603154017,6.5714236561688555,0.042772212135179455,0.03563390766131991,0.19775642273965888,0.01390634012803454,0.003954390132378541,6.800048828125,2135.800048828125
2026-07-08,2199.0,2199.0,2130.0,2135.800048828125,2135.800048828125,1326689,-0.03304961897240544,2176.82001953125,2196.527998046875,2175.982660715384,2188.632954299112,36.89383721443114,0.014086479129088548,-0.20617582472277718,-2.121661247467769,1.9154854227449918,-0.02117321318601051,-0.015533510565510444,-0.4802377441339679,-0.01884398817315099,-0.027647245686259612,-73.0,2144.5
2026-07-09,2139.0,2166.800048828125,2137.10009765625,2144.5,2144.5,2201039,0.004073392158900235,2177.0550170898437,2194.4,2172.9843120758237,2186.9022502089506,41.6583335365804,0.013780236524953837,-2.7824437884446525,-2.2538177556631456,-0.5286260327815069,-0.029901427094991773,0.002196444090394767,0.6590466944400686,-0.014953695168145658,-0.022739701057236644,8.699951171875,2150.60009765625
2026-07-10,2151.5,2178.0,2145.0,2150.60009765625,2150.60009765625,1665179,0.002844531432151909,2176.14501953125,2192.39400390625,2170.8524821311025,2185.4786363833546,44.21978730897469,0.013437907440889175,-4.2825611117918925,-2.6595664268888948,-1.6229946849029977,-0.02298739534710903,-0.008391714663465222,-0.24345774881771742,-0.011738611924173359,-0.019063136541850864,6.10009765625,2130.60009765625
2026-07-13,2143.0,2143.0,2120.0,2130.60009765625,2130.60009765625,1833988,-0.009299729885531183,2174.87001953125,2188.8200048828126,2167.018921704926,2183.3265368254292,44.94690638528501,0.013534092490510748,-7.004504187214025,-3.5285539789539206,-3.475950208260104,-0.03242502377100365,-0.01182690916238971,0.10137588811773379,-0.0203552035190321,-0.02659876421847652,-20.0,2120.199951171875
2026-07-14,2125.0,2145.0,2116.10009765625,2120.199951171875,2120.199951171875,2681897,-0.004881322635728602,2170.8850219726564,2184.676005859375,2162.5599721303497,2180.8509844468585,43.73332725695434,0.012636818964667713,-9.886898576258773,-4.800222898414892,-5.086675677843881,-0.04011232148571198,-0.03622889890897474,0.4623307240832546,-0.023347653278626673,-0.029512868047515066,-10.400146484375,2102.60009765625
2026-07-15,2121.0,2128.5,2091.0,2102.60009765625,2102.60009765625,2029614,-0.00830103477075228,2166.1350219726564,2180.386005859375,2156.8495078947212,2177.782322219776,38.114251485551385,0.012718882669001463,-13.436490488281379,-6.52747641638819,-6.909014071893189,-0.015544503423946976,-0.043228975144894655,-0.2432170213844902,-0.029331008303695876,-0.03567529235378052,-17.599853515625,2098.39990234375
2026-07-16,2104.89990234375,2123.0,2096.0,2098.39990234375,2098.39990234375,2143092,-0.001997619669656614,2160.130017089844,2176.9100048828127,2151.2828787946287,2174.669286146206,37.590063641109225,0.01242138205084257,-16.39944570937223,-8.501870274984999,-7.897575434387232,-0.02149689795115417,-0.0541357212784539,0.05591112398712261,-0.028577036686549807,-0.036064927977254184,-4.2001953125,2143.800048828125
2026-07-17,2100.0,2154.5,2092.10009765625,2143.800048828125,2143.800048828125,1059832,0.02163560264831621,2157.5900146484373,2174.0320068359374,2150.5702283216283,2173.4587278200065,48.85636171134748,0.013389740816544862,-14.912296995412362,-9.783955619070472,-5.12834137634189,-0.0031619308654992073,-0.023147747456303103,-0.5054659342669376,-0.006391374508914423,-0.013905939706845288,45.400146484375,2139.699951171875
2026-07-20,2153.800048828125,2153.800048828125,2128.39990234375,2139.699951171875,2139.699951171875,689849,-0.0019125373462377526,2155.3300170898438,2170.6820068359375,2149.5349638311754,2172.1348542259625,53.59651000001634,0.013368594007382936,-13.904284602405369,-10.608021415737452,-3.2962631866679164,0.00427102839506821,-0.02068742422634051,-0.34909589444364764,-0.007251820275334299,-0.014272959174348634,-4.10009765625,2142.5
2026-07-21,2139.699951171875,2147.699951171875,2127.5,2142.5,2142.5,1032417,0.0013086175127459132,2154.4500122070312,2168.2920068359376,2148.8649672758256,2170.9727030798463,41.698223188245166,0.013148607366416746,-12.732712198775062,-11.032959572344975,-1.6997526264300866,0.010517898944295112,-0.008147815777308831,0.49658403505694726,-0.005546664874711847,-0.01189507997752314,2.800048828125,2154.60009765625
2026-07-22,2139.699951171875,2159.89990234375,2130.0,2154.60009765625,2154.60009765625,819175,0.005647653515169271,2154.2900146484376,2166.0380078125,2149.4111701691995,2170.330640122058,37.35325707001537,0.01321428356644993,-10.704461503138646,-10.96725995850371,0.26279845536506485,0.024731283926964442,-0.001482969274012591,-0.20654638581115958,0.000143937448395504,-0.005280567614693506,12.10009765625,2161.800048828125
2026-07-23,2150.0,2166.0,2139.89990234375,2161.800048828125,2161.800048828125,833281,0.003341664738485406,2153.67001953125,2164.300009765625,2150.5910633748113,2169.996107130139,41.01282402550104,0.013119489404054017,-8.419032955773673,-10.457614557957703,2.0385816021840295,0.030213567210693126,-0.005703202383509631,0.01721976378673662,0.0037749651632539433,-0.0011550898333039733,7.199951171875,2145.0
2026-07-24,2148.0,2163.0,2139.0,2145.0,2145.0,1603494,-0.007771324104295374,2152.2100219726562,2161.7560107421873,2150.058581148639,2169.0158676348397,37.88268827941564,0.013227762194023695,-7.87268647383371,-9.940628941132905,2.0679424672991953,0.0005597309191829325,-0.013430205053650446,0.9243136468970252,-0.0033500550127760036,-0.007751110975948911,-16.800048828125,2174.60009765625
2026-07-27,2155.0,2181.300048828125,2152.39990234375,2174.60009765625,2174.60009765625,698681,0.013799579326922995,2153.3750244140624,2160.164013671875,2152.3958684350782,2169.234857047444,43.372121301587576,0.013383481555815016,-4.993658659577704,-8.951234884821865,3.9575762252441606,0.016310766593821135,0.010830682982049478,-0.5642758875306051,0.00985665432242253,0.006682864769993169,29.60009765625,2022.699951171875
2026-07-28,2174.60009765625,2213.0,2016.0,2022.699951171875,2022.699951171875,9947304,-0.06985199101576911,2148.6000244140623,2155.9600146484377,2140.043876314773,2163.488390150363,33.214633036365186,0.020475196975933058,-14.798492898904897,-10.120686487638473,-4.677806411266424,-0.05591600878792302,-0.045085450949597816,13.237261353893981,-0.05859632868454477,-0.06181008115695168,-151.900146484375,2117.800048828125
2026-07-29,2050.5,2123.0,2047.0,2117.800048828125,2117.800048828125,5183374,0.04701641368071052,2145.390026855469,2154.1300146484373,2137.9254165541397,2161.6966904906676,46.84622177004696,0.022154294409669272,-14.725366716125336,-11.041622533335845,-3.683744182789491,-0.01707975826611896,-0.0294225257432974,-0.47891669943936566,-0.01286012225375308,-0.01686526141563534,95.10009765625,2107.89990234375
2026-07-30,2120.0,2132.60009765625,2088.0,2107.89990234375,2107.89990234375,2602039,-0.004674731445895142,2140.255017089844,2152.7080126953124,2135.0658437721977,2159.5870125241217,45.00116039387083,0.021902976821310368,-15.29001895097872,-11.891301816864422,-3.398717134114298,-0.024932993462366437,-0.04645806151071197,-0.49800284525098903,-0.015117411003707379,-0.020814764513957515,-9.900146484375,2101.300048828125
2026-07-31,2119.60009765625,2119.60009765625,2091.10009765625,2101.300048828125,2101.300048828125,1759019,-0.003131008976416161,2135.2600219726564,2150.66201171875,2131.8500537775244,2157.3012492419257,46.45878860018684,0.021898729936906048,-16.08464911399369,-12.729971276290275,-3.3546778377034165,-0.02037293760926573,-0.045384292458558906,-0.32398438301654975,-0.01590437361027233,-0.022951985305759964,-6.599853515625,2138.0
2026-08-03,2107.0,2138.0,2105.300048828125,2138.0,2138.0,740649,0.017465354932220345,2132.060021972656,2149.49201171875,2132.4357629415695,2156.5443375069485,52.02272945435217,0.022329140139668528,-13.596290326417147,-12.90323508631565,-0.6930552401014971,-0.01683072565649979,-0.02906448683015439,-0.578942012564958,0.0027860275818351334,-0.0053463849393702734,36.699951171875,2096.5
2026-08-04,2119.10009765625,2119.10009765625,2070.199951171875,2096.5,2096.5,1657094,-0.01941066417212345,2126.44501953125,2147.234013671875,2129.0133093280865,2154.189657604715,49.34252143791662,0.02266423987196847,-14.802319306789741,-13.283051930410469,-1.519267376379272,0.03648591022379177,-0.05084210718290483,1.2373539962924407,-0.014082197873073252,-0.023627612709579453,-41.5,2085.300048828125
2026-08-05,2085.300048828125,2097.800048828125,2074.199951171875,2085.300048828125,2085.300048828125,1150148,-0.005342213771464377,2123.92001953125,2144.9720166015627,2124.8501416614235,2151.488104319359,48.6090639353093,0.021506671602672594,-16.471969805900244,-13.920835505508425,-2.551134300391819,-0.015346113537953565,-0.023644535464688476,-0.30592470915952863,-0.018183345110918316,-0.027819462124256705,-11.199951171875,2079.5
2026-08-06,2081.0,2094.0,2075.199951171875,2079.5,2079.5,1160270,-0.002781397732851132,2120.67001953125,2142.5940185546874,2120.5310805508116,2148.6650414048745,42.54579541459986,0.021476632513579168,-18.055067740997856,-14.747681952606312,-3.307385788391544,-0.013473079206546945,-0.030310095593378383,0.008800606530637856,-0.019413684897733527,-0.02944749122246138,-5.800048828125,2096.0
2026-08-07,2083.10009765625,2099.39990234375,2077.199951171875,2096.0,2096.0,1054665,0.007934599663380615,2117.9400146484377,2141.4440185546873,2118.19478716502,2146.599745663507,45.07551184468776,0.02155851905746977,-17.773391562046072,-15.352823874494264,-2.4205676875518076,-0.002522271310601676,-0.02538830799633729,-0.09101760797055858,-0.010359129388317243,-0.021221203151207565,16.5,2087.199951171875
2026-08-10,2096.0,2097.0,2076.0,2087.199951171875,2087.199951171875,1118008,-0.004198496578303956,2115.7700073242186,2141.5020166015624,2115.2428980228156,2144.2703419579525,43.851457106048784,0.02148596129740451,-18.052157521383833,-15.892690603872179,-2.1594669175116543,-0.023760546692294215,-0.020369916687846268,0.06005982942450916,-0.013503384608649253,-0.025356999437180838,-8.800048828125,2064.89990234375
2026-08-11,2086.0,2086.5,2063.800048828125,2064.89990234375,2064.89990234375,956661,-0.010684193824173183,2113.0050048828125,2140.926015625,2110.4483270057617,2141.1577756985716,40.24786702283527,0.02158286321341427,-19.84376258098473,-16.68290499929469,-3.160857581690042,-0.01507278686203195,-0.026082468682993576,-0.14431649862970564,-0.022766203784609782,-0.03551085498816545,-22.300048828125,2063.0
2026-08-12,2065.0,2072.10009765625,2050.10009765625,2063.0,2063.0,995523,-0.00092009416126837,2111.025,2140.374013671875,2105.9294387194986,2138.0927648868633,39.13330680333375,0.021516169133629196,-21.172861175546586,-17.58089623454507,-3.5919649410015175,-0.010693928118716944,-0.018833870359081573,0.04062254027288659,-0.02274961215523269,-0.036149763161783956,-1.89990234375,2092.0
2026-08-13,2063.0,2092.0,2052.89990234375,2092.0,2092.0,1186057,0.014057198254968428,2110.7050048828123,2140.626015625,2104.602825508118,2136.2852054795353,44.323054119896604,0.021764304577058167,-19.65950125760446,-17.996617239156947,-1.6628840184475138,0.006011060351045927,-0.003049896417075648,0.19139085686618995,-0.008861970213526277,-0.022715792142142432,29.0,2077.0
2026-08-14,2089.0,2090.89990234375,2066.39990234375,2077.0,2077.0,1148419,-0.0071701720841300665,2107.3650024414064,2139.736015625,2101.973984983535,2133.9602954607303,39.208308768110776,0.021208537463771406,-19.446361706423886,-18.286566132610336,-1.1597955738135504,-0.009064885496183228,-0.03115964516590075,-0.03173371937436398,-0.01440899056700108,-0.02931951192431346,-15.0,2055.0
2026-08-17,2070.89990234375,2076.0,2055.0,2055.0,2055.0,1024288,-0.010592200288878195,2103.1300048828125,2138.634013671875,2097.50027212796,2130.8638132857996,55.010866263527916,0.021308922129489784,-20.812746824941314,-18.79180227107653,-2.0209445538647834,-0.015427343774033764,-0.03958496663304889,-0.1080885983251757,-0.02288494043215095,-0.039106276780982094,-22.0,2035.0
2026-08-18,2055.0,2060.0,2034.9000244140625,2035.0,2035.0,1234596,-0.009732360097323589,2097.7550048828125,2136.6780126953126,2091.5478652586307,2127.1044480589057,33.25241400016394,0.021367146185317806,-23.241535771643157,-19.681748971189858,-3.559786800453299,-0.014480073494028578,-0.05017502917152861,0.2053211596738418,-0.029915316486787837,-0.04758696073586254,-20.0,2020.699951171875
2026-08-19,2035.0,2041.699951171875,2008.300048828125,2020.699951171875,2020.699951171875,1449442,-0.00702705102119161,2091.0599975585938,2133.70201171875,2084.800444869416,2122.931722690787,32.67090581464515,0.02130533139577918,-26.02031692390574,-20.949462561733036,-5.070854362172703,-0.02050414388178623,-0.06214617117581589,0.17402129927522858,-0.033648028496966735,-0.052960563343073815,-14.300048828125,2028.0
2026-08-20,2022.9000244140625,2043.5999755859375,2018.199951171875,2028.0,2028.0,1401471,0.003612633743021343,2084.3699951171875,2131.4660107421873,2079.3908786913767,2119.2089100362464,35.473635623816435,0.021309651205703245,-27.31855675863244,-22.223281401112917,-5.095275357519522,-0.030592734225621365,-0.06189288824406114,-0.033096184600694634,-0.02704414055529439,-0.048542181869538674,7.300048828125,2015.0
2026-08-21,2028.0,2034.699951171875,2012.0,2015.0,2015.0,857550,-0.0064102564102563875,2077.8699951171875,2128.390009765625,2073.2584140541026,2115.1222861132565,23.097124353604343,0.021295680028832788,-29.0614106831772,-23.590907257525778,-5.4705034256514224,-0.02985074626865669,-0.06060606060606055,-0.38810721020984384,-0.030256943535893237,-0.05327501503265909,-13.0,2030.0
2026-08-24,2019.9000244140625,2030.0,2006.199951171875,2030.0,2030.0,891171,0.007444168734491274,2070.639990234375,2125.8680078125,2069.138565096569,2111.78415724607,33.54775658913604,0.02107966592492387,-28.899129163283305,-24.652551638677284,-4.246577524606021,-0.012165450121654486,-0.06649502950546982,0.039205877208326134,-0.019626777434050745,-0.0450959360883121,15.0,2024.199951171875
2026-08-25,2024.0,2029.199951171875,2012.0,2024.199951171875,2024.199951171875,1019583,-0.0028571669104063835,2070.714990234375,2122.3540087890624,2064.8586971037407,2108.3494824980626,34.46872471092885,0.01410219168102642,-28.905332674859892,-25.50310784591381,-3.402224828946082,-0.0053071493012899484,0.0007415830504819976,0.14409355780203792,-0.022463274415778042,-0.04624773115640143,-5.800048828125,2021.0
2026-08-26,2030.300048828125,2051.89990234375,2021.0,2021.0,2021.0,765343,-0.0015808473713392335,2065.8749877929686,2118.8220068359374,2060.681678331956,2104.924012596178,34.93045580440584,0.008781148927541478,-28.83605423553422,-26.169697123837896,-2.6663571116963247,0.00014848757132446266,-0.04570783199371864,-0.2493568449062018,-0.021722024836028322,-0.04616810969507352,-3.199951171875,2009.0
2026-08-27,2020.0,2028.0,2004.300048828125,2009.0,2009.0,989046,-0.005937654626422595,2060.9299926757812,2114.6320068359373,2055.7596137289124,2101.162286612014,27.056973842457268,0.008803637182679964,-29.410425210586254,-26.81784274118757,-2.5925824693986854,-0.009368836291913207,-0.04691869013029715,0.29229116879621286,-0.02519735889153548,-0.04995290267737479,-12.0,2010.4000244140625
2026-08-28,2018.0,2018.0,1997.5,2010.4000244140625,2010.4000244140625,933212,0.0006968762638439596,2056.3849914550783,2110.9480053710936,2051.4396528417838,2097.6029822120945,28.924287627555728,0.00882764077870915,-29.41358656016814,-27.336991504983686,-2.0765950551844554,-0.002282866295750585,-0.04325894555837306,-0.0564523793635483,-0.02236204175390197,-0.04763167103178142,1.4000244140625,1967.4000244140625
2026-08-31,2001.0999755859375,2008.5999755859375,1967.4000244140625,1967.4000244140625,1967.4000244140625,1800025,-0.0213887780928238,2047.8549926757812,2106.5980078125,2043.4358787058102,2092.4969838670736,25.973418876796828,0.008549600843251532,-32.5110652635708,-28.371806256701113,-4.139259006869686,-0.03083742639701359,-0.07979418876797828,0.9288489646511189,-0.039287434193079326,-0.06607714565484714,-43.0,1994.800048828125
2026-09-01,1987.0,2003.0,1980.0,1994.800048828125,1994.800048828125,922778,0.01392702250383615,2042.7699951171876,2103.2920068359376,2038.8038949079355,2088.665731512605,35.070072803884855,0.008659540563562756,-32.38161141396313,-29.173767288153517,-3.2078441258096113,-0.014524208602381128,-0.04850939717237057,-0.4873526756572826,-0.023482793659454892,-0.05158197609043416,27.4000244140625,1975.0
2026-09-02,1983.0,1983.800048828125,1962.300048828125,1975.0,1975.0,1497019,-0.009925831333198909,2037.2549926757813,2099.636005859375,2032.7273334881322,2084.208251845444,23.31206757521352,0.008799702838756574,-33.49065731963151,-30.037145294449118,-3.453512025182391,-0.022761009401286447,-0.05289409017666802,0.6222959368342116,-0.030558272233763943,-0.059360768014816864,-19.800048828125,1962.0
2026-09-03,1978.9000244140625,1978.9000244140625,1959.9000244140625,1962.0,1962.0,1638341,-0.006582278481012671,2031.3799926757813,2095.3920068359375,2025.991396965453,2079.415771380917,23.526727304608997,0.008843019481253166,-35.01494505404821,-31.032705246368938,-3.9822398076792744,-0.023394723743155765,-0.05650396729983165,0.09440227545542168,-0.0341541183461162,-0.06365969059763704,-13.0,1973.4000244140625
2026-09-04,1967.0,1984.199951171875,1950.4000244140625,1973.4000244140625,1973.4000244140625,2247162,0.005810409996973798,2025.2499938964843,2091.3760083007815,2020.9826948177017,2075.258291107707,30.251721006411344,0.008718338942429914,-34.90075321118411,-31.806314839331975,-3.094438371852135,-0.01840429742870886,-0.05849235476428316,0.37160823052099645,-0.025601762566933733,-0.05641069966302858,11.4000244140625,1960.0
2026-09-07,1972.0,1974.199951171875,1958.0,1960.0,1960.0,713057,-0.006790323425703404,2018.8899963378906,2087.5500073242188,2015.1748191207778,2070.738358123091,31.250022888155655,0.008756692847600006,-35.48250510281173,-32.54155289202792,-2.9409522107838058,-0.003761321704906617,-0.06094286802778892,-0.6826855384703017,-0.02916949236695038,-0.061100336220309234,-13.4000244140625,1980.0
2026-09-08,1967.0,1990.800048828125,1956.699951171875,1980.0,1980.0,1256067,0.010204081632652962,2014.645001220703,2084.7860083007813,2011.8248363473704,2067.1799911378716,40.10697313387487,0.009045739418518604,-33.938492993941054,-32.82094091241055,-1.117552081530505,-0.007419314450498149,-0.04111574718337918,0.7615239735392823,-0.017196578652671397,-0.050262236931543795,20.0,1945.0
2026-09-09,1973.0,1979.5999755859375,1936.0,1945.0,1945.0,1455307,-0.017676767676767624,2008.7450012207032,2080.046008300781,2005.4605662190493,2062.3886189363866,32.21937705477052,0.00968800127134359,-35.13405623634776,-33.28356397719799,-1.8504922591497674,-0.015189873417721489,-0.05719825496849251,0.15862211171856289,-0.03173374479188037,-0.06492452943918392,-35.0,1942.300048828125
2026-09-10,1940.0,1950.0,1936.0,1942.300048828125,1942.300048828125,1232506,-0.0013881497027634637,2001.2600036621093,2074.680007324219,1999.445278848485,2057.679263245867,33.706875986246715,0.008844343518212103,-35.88574369939329,-33.80399992163706,-2.0817437777562304,-0.010040749832759932,-0.07155829405921366,-0.15309553242030716,-0.029461416670544235,-0.06380741031327937,-2.699951171875,1927.0
2026-09-11,1930.5,1946.5999755859375,1926.199951171875,1927.0,1927.0,1100313,-0.007877283861139839,1993.7600036621093,2069.196008300781,1992.5457284819627,2052.554586255833,26.94719506211156,0.00886047808389864,-37.28623499491323,-34.50044693629229,-2.7857880586209376,-0.023512731245576735,-0.07221954742416947,-0.10725546163669797,-0.03348447332652149,-0.06872041494877626,-15.300048828125,1927.0
2026-09-14,1927.0,1927.0,1927.0,1927.0,1927.0,0,0.0,1987.3600036621094,2063.696008300781,1986.303278150347,2047.6308769908983,27.665462419638942,0.00874283830614837,-37.95857165100506,-35.192071879234845,-2.7664997717702136,-0.016836734693877586,-0.062287104622871015,-1.0,-0.030371952515338946,-0.06623844197544132,0.0,1938.0999755859375
2026-09-15,1944.0,1969.4000244140625,1933.800048828125,1938.0999755859375,1938.0999755859375,1715702,0.005760236422385878,1982.5150024414063,2058.2820068359374,1981.712487429927,2043.335547524037,31.618629814263755,0.00881719011685675,-37.16728668637552,-35.58711484066298,-1.5801718457125418,-0.0211616284919508,-0.04761671961378988,inf,-0.022403374905497844,-0.05838948737386472,11.0999755859375,1962.0
2026-09-16,1944.0999755859375,1977.0,1943.5,1962.0,1962.0,1013304,0.012331677785010431,1979.5800048828125,2054.806005859375,1979.835107674696,2040.145918209369,40.101101305956135,0.009330096900303765,-34.217220602009775,-35.31313599293234,1.0959153909225634,0.008740359897172256,-0.02904931587583448,-0.4093939390406959,-0.00888067410230952,-0.04516533706575435,23.9000244140625,1942.199951171875
2026-09-17,1962.0,1968.9000244140625,1942.199951171875,1942.199951171875,1942.199951171875,1171388,-0.010091768006179946,1975.2900024414062,2050.7600048828126,1976.2508070553797,2036.304899894173,36.66926745931191,0.009442714554891062,-33.09546650394395,-34.86960209513467,1.7741355911907135,-5.15356297861036e-05,-0.04230771638467701,0.156008463402888,-0.016751996531462587,-0.05293649839691559,-19.800048828125,1932.0
2026-09-18,1950.0,1959.5999755859375,1932.0,1932.0,1932.0,1994635,-0.005251751327519427,1971.1400024414063,2046.3880029296874,1972.036444478677,2032.214511663029,42.06277913989196,0.0094185118955226,-32.6531143382133,-34.4263045437504,1.773190205537098,0.002594706798131785,-0.04119106699751862,0.7027961700136931,-0.019856530937898086,-0.05589751443319898,-10.199951171875,
