Date,Open,High,Low,Close,Adj Close,Volume,Daily_Return,SMA_20,SMA_50,EMA_20,EMA_50,RSI_14,Volatility_20,MACD,MACD_Signal,MACD_Histogram,Return_5D,Return_20D,Volume_Change,Price_vs_SMA20,Price_vs_SMA50,Price_Change,Target
2024-11-29,1851.0999755859375,1877.0,1845.0,1857.8499755859375,1766.2283935546875,5244346,0.0006462990634186205,1838.992498779297,1874.9280004882812,1862.274889069328,1868.0279206377859,58.29547357010945,0.01879062305553157,6.052465807555336,-0.4376672722809094,6.490133079836245,-0.02334079348879614,0.030936130489582547,-0.38074435663182105,0.010254243461655184,-0.009108629716925738,1.199951171875,1879.800048828125
2024-12-02,1859.0,1882.800048828125,1835.199951171875,1879.800048828125,1787.095947265625,2868263,0.011814771661132095,1845.1200012207032,1874.6810009765625,1863.9439519034993,1868.4895727236815,57.66098744217284,0.017825637306603262,6.5453329127226425,0.9589327647198012,5.586400148002841,-0.005238875270971333,0.06973967780800971,-0.4530751784874606,0.01879555128364442,0.002730623422809482,21.9500732421875,1892.0999755859375
2024-12-03,1887.0,1899.75,1871.1500244140625,1892.0999755859375,1798.789306640625,4715792,0.0065432101491220696,1851.6825012207032,1874.6390014648437,1866.6254779684934,1869.4154708751425,55.20324790138473,0.01783434827706196,7.838082404143961,2.334762692604633,5.503319711539328,-0.01665673072341889,0.07453786626900194,0.6441281709522453,0.021827432261518627,0.009314312839671974,12.2999267578125,1889.25
2024-12-04,1884.0,1913.949951171875,1875.0,1889.25,1796.0799560546875,4705573,-0.0015062499987903433,1857.9625,1874.3090014648437,1868.7801943524464,1870.1932955467055,53.38968029855313,0.01786750965642876,8.534248968582688,3.574659947800244,4.959589020782444,-0.018316445830085737,0.07121592937786247,-0.002166974285549461,0.016839683255178674,0.00797147029837626,-2.8499755859375,1934.8499755859375
2024-12-05,1900.0,1949.9000244140625,1888.949951171875,1934.8499755859375,1839.4310302734375,9050038,0.024136549205207025,1866.9950012207032,1875.077001953125,1875.072554469922,1872.7288516266754,59.57905902591543,0.018301417472240313,12.620027104630026,5.383733379166201,7.236293725463825,0.04211884315492043,0.10298143281407635,0.9232595052717278,0.03634448636491713,0.031877610130438085,45.5999755859375,1922.4000244140625
2024-12-06,1932.800048828125,1937.949951171875,1912.4000244140625,1922.4000244140625,1827.5950927734375,3573331,-0.006434582178964421,1871.9300048828125,1875.5530029296874,1879.57993255984,1874.6767407555926,58.137566980682706,0.016538164778832465,14.684158860134175,7.243818475359796,7.440340384774379,0.034744489424000324,0.05412078515370067,-0.6051584534783169,0.026961488623827894,0.02497771132631187,-12.449951171875,1923.6500244140625
2024-12-09,1924.199951171875,1930.199951171875,1897.199951171875,1923.6500244140625,1828.783447265625,4274645,0.0006502288723082561,1877.9600036621093,1876.1200024414063,1883.7770841650042,1876.5972616833758,68.47827441778367,0.01621474752560492,16.233730362479264,9.041800852783691,7.191929509695573,0.023326936081991212,0.06688664891155982,0.19626337442571096,0.02432960268741374,0.025334212049764982,1.25,1948.550048828125
2024-12-10,1939.0,1965.5999755859375,1932.0,1948.550048828125,1852.45556640625,6174921,0.012944155172740945,1883.8900085449218,1877.0860034179686,1889.9459379424443,1879.4189396106208,69.63833566087995,0.016146566777455847,19.24910906700552,11.083262495628057,8.165846571377463,0.02983461443400004,0.06481056904332272,0.44454592135721205,0.03432261968051166,0.03807180133463684,24.9000244140625,1974.1500244140625
2024-12-11,1955.0,1978.0,1952.0,1974.1500244140625,1876.79296875,5025612,0.013137961532645015,1889.592510986328,1878.43400390625,1897.9653747492653,1883.1338841127167,71.13122581837771,0.016019622264420406,23.43438548832455,13.553487094167355,9.880898394157196,0.044938480568512684,0.06131393490943893,-0.1861252961778782,0.044749073112910015,0.050955221375235296,25.5999755859375,1987.0
2024-12-12,1975.199951171875,1998.800048828125,1970.550048828125,1987.0,1889.0091552734375,6462130,0.006509118064495389,1895.502508544922,1880.6620043945313,1906.4448628683829,1887.2070651279043,65.34492666495743,0.016034333472270276,27.471458965007287,16.33708146833534,11.134377496671945,0.026953006730286555,0.06324911605497596,0.2858394161745872,0.04827083638381247,0.05654285318520252,12.8499755859375,1999.699951171875
2024-12-13,1969.75,2006.449951171875,1953.800048828125,1999.699951171875,1901.0828857421875,5362693,0.006391520468985945,1902.0675048828125,1882.56900390625,1915.3262998496677,1891.6185508551189,69.90591345593094,0.016028478816188636,31.334444728654717,19.336554120399217,11.9978906082555,0.040210115364190724,0.07027399113794641,-0.17013538879595425,0.05132964315852591,0.062218674068564496,12.699951171875,1980.050048828125
2024-12-16,1995.449951171875,1999.5999755859375,1977.5999755859375,1980.050048828125,1882.4019775390625,3119221,-0.009826425375584313,1907.8425048828126,1884.3020043945312,1921.4904664190447,1895.0864527364133,60.68835615639026,0.016263227915963283,32.43639925988964,21.956523148297304,10.479876111592336,0.02931927517909183,0.06194523985697886,-0.41834802029502716,0.037847748836976294,0.05081353424784994,-19.64990234375,1976.5999755859375
2024-12-17,1968.0,1982.0,1958.0,1976.5999755859375,1879.1221923828125,5811050,-0.0017424171900247698,1916.1000061035156,1885.4710034179689,1926.7389911016057,1898.2830614756103,59.845054509570716,0.01453479773109415,32.65488885609716,24.09619628985728,8.55869256623988,0.014395281647849867,0.09117007307169733,0.8629811738251314,0.03157453644888377,0.04833220558829633,-3.4500732421875,1979.1500244140625
2024-12-18,1966.800048828125,1984.949951171875,1961.5999755859375,1979.1500244140625,1881.54638671875,3064095,0.0012901188200051816,1923.8200073242188,1886.3680029296875,1931.7305180837445,1901.4543149241772,80.73259409161957,0.014534905125649814,32.65735737666705,25.808428507219237,6.848928869447814,0.002532735576407985,0.0846143441096383,-0.4727123325388699,0.028760495721634867,0.04918553608854518,2.550048828125,1946.199951171875
2024-12-19,1934.0,1959.75,1920.0,1946.199951171875,1850.2213134765625,5323592,-0.016648598052561803,1929.4275024414062,1886.3210009765626,1933.108559330233,1903.2090457574204,69.11923903757527,0.015257281741536555,29.658631914755233,26.578469188726437,3.080162726028796,-0.020533492112795648,0.06114876876746567,0.7374108831482054,0.008692966545384956,0.03174377540424596,-32.9500732421875,1922.1500244140625
2024-12-20,1975.1500244140625,1979.949951171875,1911.25,1922.1500244140625,1827.3572998046875,11056720,-0.012357377125269742,1930.4225036621094,1885.7090014648438,1932.0648893382167,1903.9518292341515,59.082139287515,0.01332896247646165,25.052700350927125,26.273315421166576,-1.2206150702394503,-0.03878078144291908,0.010461308668189062,1.0769285099233752,-0.004285320561873687,0.019324839050410644,-24.0499267578125,1924.300048828125
2024-12-23,1930.050048828125,1940.0,1909.0,1924.300048828125,1829.4014892578125,2781793,0.001118551823090952,1932.1525085449218,1885.8150024414062,1931.325380718208,1904.7497986299936,57.21975131581468,0.013220735718574171,21.330075570691633,25.284667451071588,-3.9545918803799545,-0.02815585395581044,0.01830983677318354,-0.7484070321035533,-0.004064099330704703,0.020407646739948188,2.1500244140625,1909.050048828125
2024-12-24,1927.050048828125,1942.0,1840.0,1909.050048828125,1814.9034423828125,2360544,-0.007924959524522768,1931.397509765625,1885.29400390625,1929.2039205382,1904.9184358926655,54.20561959265628,0.012709441835225101,16.953887203604836,23.61851140157824,-6.664624197973403,-0.034174809062105904,-0.007847608239661907,-0.15143074987966398,-0.011570617039996033,0.012600711015180347,-15.25,1907.4000244140625
2024-12-26,1909.050048828125,1919.75,1902.300048828125,1907.4000244140625,1813.3348388671875,3623321,-0.000864317001576409,1930.5425109863281,1884.26400390625,1927.127359002568,1905.0157530895829,42.83103730143245,0.012709435135870644,13.200417023100044,21.534892525882604,-8.33447550278256,-0.03625293641963401,-0.008885412099733703,0.5349516891021731,-0.011987556057722842,0.012278545076406145,-1.6500244140625,1916.75
2024-12-27,1909.4000244140625,1924.1500244140625,1903.9000244140625,1916.75,1822.2236328125,3937500,0.0049019479219152284,1933.547509765625,1883.4130029296875,1926.1390390975616,1905.4759196350894,48.50012605616596,0.009730886893326636,10.855098928157531,19.398933806337592,-8.54383487818006,-0.015132027494986877,0.03237011542059709,0.08671023075239548,-0.008687404721521956,0.017700311624936262,9.3499755859375,1906.0
2024-12-30,1915.699951171875,1916.0,1886.5,1906.0,1812.00390625,7789055,-0.005608451806443204,1935.955010986328,1883.1310034179687,1924.2210353739843,1905.4964718062624,45.53954344401824,0.0098640675212357,8.03634430758234,17.12641590658654,-9.090071599004201,-0.008402062382714126,0.02591706814156325,0.9781726984126984,-0.015472989204984982,0.012144134709971326,-10.75,1880.0
2024-12-31,1892.300048828125,1897.0,1845.050048828125,1880.0,1787.2860107421875,3613063,-0.01364113326337879,1935.9650085449218,1881.36900390625,1920.0095081955096,1904.4966101668012,32.77203678001814,0.01007944607655145,3.66226197741571,14.433585120752374,-10.771323143336664,-0.023021383206378476,0.00010636831933252822,-0.5361358983856193,-0.02890806822329156,-0.0007276636871382826,-26.0,1882.5
2025-01-01,1874.0,1892.949951171875,1874.0,1882.5,1789.6627197265625,1838368,0.0013297872340425343,1935.485009765625,1881.4270043945312,1916.4371740816516,1903.6339980033972,23.940848126739326,0.009969591698538187,0.39296941700149546,11.625461980002198,-11.232492563000703,-0.013907466095204213,-0.0050737147665596005,-0.49118850127993896,-0.027375572271696933,0.000570309452858156,2.5,1957.8499755859375
2025-01-02,1887.0,1962.6500244140625,1885.300048828125,1957.8499755859375,1861.296875,7083645,0.04002654745600931,1938.9150085449219,1883.52900390625,1920.3812504153932,1905.76011477134,43.88503725616024,0.013415001484303586,3.8379038461307573,10.06795035322791,-6.230046507097153,0.02644959134221092,0.03631069238371709,2.8532247080018798,0.00976575402096947,0.03945836327741878,75.3499755859375,1938.75
2025-01-03,1952.949951171875,1952.949951171875,1922.0,1938.75,1843.1387939453125,6218003,-0.009755586906101565,1939.110009765625,1885.2720043945312,1922.1306551377368,1907.0538357606993,37.548528871935645,0.012568055447165046,4.969544974961536,9.048269277574635,-4.078724302613098,0.011477761836441891,0.002015672772190724,-0.12220290542510248,-0.00018565721584224223,0.028366196220392943,-19.0999755859375,1937.8499755859375
2025-01-06,1952.0,1973.0,1928.0,1937.8499755859375,1842.2830810546875,7164403,-0.00046422922711153447,1939.8825073242188,1886.5610034179688,1923.6277332756606,1908.261527518552,40.6637056529867,0.012473353606120128,5.727728584462739,8.384161138952257,-2.656432554489518,0.016710375438582004,0.008036803462163844,0.15220320736416504,-0.0010477602280587741,0.027186490166523185,-0.9000244140625,1930.8499755859375
2025-01-07,1945.0,1958.550048828125,1923.6500244140625,1930.8499755859375,1835.62841796875,4294832,-0.0036122507357069233,1940.2425048828125,1887.9110034179687,1924.3155658766393,1909.1473490113908,40.03485291474384,0.012506542763914677,5.698069263308753,7.846942763823557,-2.148873500514804,0.027047859354222048,0.0037428591898196473,-0.40053176796447665,-0.004840904821555927,0.02274417178046526,-7.0,1933.1500244140625
2025-01-08,1930.0,1938.5999755859375,1888.75,1933.1500244140625,1837.81494140625,5482050,0.0011912105327742673,1939.4725036621094,1889.3330029296876,1925.1569428802036,1910.0886303997308,39.96947444296448,0.012150235125045643,5.793376319767049,7.436229475012255,-1.6428531552452066,0.02690572346032538,-0.00790332505101643,0.2764294389163535,-0.0032598963048503025,0.023191793832230835,2.300048828125,1917.300048828125
2025-01-09,1934.050048828125,1951.8499755859375,1910.550048828125,1917.300048828125,1822.74658203125,6833503,-0.008199040625800125,1936.6300048828125,1890.3720043945314,1924.4086672561962,1910.371431122413,43.1904078714085,0.011838423935188825,4.537640191108267,6.856511618231458,-2.3188714271231916,-0.020711457600665728,-0.028797191136884726,0.2465232896452969,-0.009981233382706562,0.01424483877829033,-15.8499755859375,1966.949951171875
2025-01-10,1937.0,1977.800048828125,1932.25,1966.949951171875,1869.947998046875,8036913,0.025895739362285397,1935.6275024414062,1892.9250024414061,1928.4602181053085,1912.5901966145489,59.41966790499457,0.013231357274367028,7.4627663149810815,6.977762557581384,0.4850037573996975,0.014545429360090179,-0.010090613401170123,0.17610440794421245,0.01618206431297435,0.03910611811614033,49.64990234375,1962.199951171875
2025-01-13,1956.0,1982.800048828125,1949.0,1962.199951171875,1865.4322509765625,5804152,-0.002414906387002924,1933.7525024414062,1896.127001953125,1931.67352601641,1914.5356771854244,57.8826783984206,0.013138783830451762,9.290568647759073,7.440323775616922,1.8502448721421514,0.012565459603535611,-0.01875281337983936,-0.27781325989219985,0.014711008101891635,0.03484626776090992,-4.75,1940.050048828125
2025-01-14,1968.8499755859375,1971.800048828125,1931.0999755859375,1940.050048828125,1844.374755859375,5792162,-0.011288300323583966,1931.7525024414062,1899.7830029296874,1932.471290093716,1915.5362407792559,56.26769601358422,0.01319520549857486,8.849788309576525,7.722216682408844,1.127571627167681,0.0047647789100733196,-0.02020150956470701,-0.002065762578237096,0.004295346518890005,0.021195602780075977,-22.14990234375,1949.6500244140625
2025-01-15,1947.0,1958.050048828125,1937.0999755859375,1949.6500244140625,1853.501220703125,2985439,0.004948313365284784,1930.4050048828126,1903.55900390625,1934.1073600289872,1916.8740362159149,58.276207720111756,0.01325841132729467,9.169405318601548,8.011654409647385,1.1577509089541635,0.008535292031978337,-0.01363449939529926,-0.48457260000669866,0.009969420656582994,0.024213076880322724,9.5999755859375,1928.449951171875
2025-01-16,1965.949951171875,1966.949951171875,1916.8499755859375,1928.449951171875,1833.3466796875,7533579,-0.010873784000571485,1927.8700012207032,1906.8550024414062,1933.5685591854526,1917.3279936651684,52.190183000454276,0.013444643674521707,7.624148923804341,7.934153312478776,-0.310004388674435,0.00581541858853285,-0.025617094518742944,1.5234409411815149,0.00030082420018184163,0.01132490341573958,-21.2000732421875,1815.449951171875
2025-01-17,1851.0,1858.0,1812.0,1815.449951171875,1725.9193115234375,16409953,-0.058596283471776145,1921.332501220703,1908.0800024414064,1922.3191679460642,1913.3327763124903,37.74196768101679,0.018354827171590336,-2.687651943045921,5.809792261373837,-8.497444204419757,-0.07702280371177661,-0.0671822028981508,1.1782413113342276,-0.05510891528746662,-0.048546209357579514,-113.0,1813.300048828125
2025-01-20,1822.949951171875,1827.949951171875,1793.1500244140625,1813.300048828125,1723.8756103515625,4333011,-0.0011842256198593137,1915.8900024414063,1907.8720043945314,1911.9363946967367,1909.40992425428,40.347322966123436,0.01823458689278933,-10.907571875344047,2.4663194340302605,-13.373891309374308,-0.07588416371880102,-0.056629281899636674,-0.7359522601923357,-0.05354689125291722,-0.04956933974007289,-2.14990234375,1800.699951171875
2025-01-21,1819.050048828125,1831.6500244140625,1793.050048828125,1800.699951171875,1711.896728515625,7169109,-0.0069487108128591935,1909.7099975585938,1907.8250024414062,1901.3424476943687,1905.14678805497,38.49830110735258,0.01823371669603502,-18.228513266385562,-1.6726471060529038,-16.55586616033266,-0.07182809419809744,-0.06423119810838285,0.6545328410197897,-0.057081989687480905,-0.05615035505481132,-12.60009765625,1856.449951171875
2025-01-22,1807.4000244140625,1865.800048828125,1805.1500244140625,1856.449951171875,1764.8973388671875,8373913,0.03096018299090786,1907.0799926757813,1908.3550024414062,1897.0669718350835,1903.237108177202,34.910705170660535,0.019711502144560543,-19.309267766302582,-5.199971238102839,-14.109296528199742,-0.04780348886985364,-0.027553021822837365,0.16805491449495324,-0.026548462412878896,-0.027198844661044608,55.75,1865.449951171875
2025-01-23,1858.0,1879.550048828125,1852.699951171875,1865.449951171875,1773.4534912109375,5907471,0.004847962636600478,1904.982489013672,1908.462001953125,1894.055827010016,1901.7552588828753,38.75420822452255,0.019758102260397405,-19.21801539140779,-8.00358006876383,-11.21443532264396,-0.03266872441346813,-0.021993327411786168,-0.2945387658075741,-0.020752179124893386,-0.022537546326430097,9.0,1875.449951171875
2025-01-24,1865.5,1894.9000244140625,1864.25,1875.449951171875,1782.96044921875,4887027,0.005360636983971601,1902.9174865722657,1908.595,1892.2838388349548,1900.7236781883264,40.6865601265742,0.019765485875259843,-18.129791845363343,-10.028822424083733,-8.10096942127961,0.03304965799870718,-0.02154691474012005,-0.17273787717282063,-0.014434433229087678,-0.017366203321356823,10.0,1822.0
2025-01-27,1848.75,1863.0,1812.0,1822.0,1732.146484375,7652371,-0.028499801414842763,1898.7174865722657,1907.6669995117188,1885.5901398982924,1897.6364751221176,35.73207178486429,0.020693416595297876,-21.334401504248717,-12.289938240116731,-9.044463264131986,0.0047978552570477895,-0.044071353620146914,0.5658540458237697,-0.04040489810348928,-0.04490668420308466,-53.449951171875,1829.75
2025-01-28,1830.0,1863.5,1824.9000244140625,1829.75,1739.5142822265625,6999495,0.004253567508232692,1896.2049865722656,1906.9709985351562,1880.2720313365503,1894.9742604114465,36.637363254511854,0.020552058328685098,-22.983774866575004,-14.428705565408386,-8.555069301166618,0.016132642647776807,-0.02672872340425536,-0.08531682533426566,-0.035046309361518486,-0.040494060263356765,7.75,1881.25
2025-01-29,1845.0,1888.6500244140625,1840.5,1881.25,1788.474365234375,5145155,0.028145921573985433,1896.1424865722656,1908.3669995117189,1880.3651712092599,1894.4360541208016,45.73422488565743,0.021571867021837797,-19.905833485302537,-15.524131149387216,-4.381702335915321,0.013358856678290731,-0.0006640106241699861,-0.2649248267196419,-0.007854096766318116,-0.01420953072373244,51.5,1859.949951171875
2025-01-30,1873.1500244140625,1887.199951171875,1844.0,1859.949951171875,1768.2247314453125,7336056,-0.011322285091362128,1891.2474853515625,1909.0709985351561,1878.420864539033,1893.0836579267261,36.428207349859996,0.01954115012937329,-18.96664303913849,-16.212633527337474,-2.7540095118010157,-0.002948350341184347,-0.05000384382606404,0.4258182698091699,-0.01654861905810792,-0.025730340778824926,-21.300048828125,1879.800048828125
2025-01-31,1871.0,1897.449951171875,1871.0,1879.800048828125,1787.095947265625,5820470,0.010672382686288673,1888.2999877929688,1909.9859985351563,1878.5522154237083,1892.562732079722,39.9340468466018,0.019668682807652313,-16.431182414560908,-16.256343304782163,-0.17483910977874473,0.0023194954648253496,-0.0304061643697614,-0.20659411542114725,-0.004501371084992919,-0.015804278005274456,19.85009765625,1851.3499755859375
2025-02-01,1880.300048828125,1890.5999755859375,1846.0,1851.3499755859375,1760.0489501953125,1701402,-0.015134627355671948,1883.9749877929687,1908.967998046875,1875.9615259153493,1890.946545550554,39.328678254724416,0.019905787682940566,-16.52698198539929,-16.31047104090559,-0.2165109444936988,0.016108658389647257,-0.04463709837695018,-0.707686492671554,-0.017317115364281252,-0.03018281213718003,-28.4500732421875,1863.300048828125
2025-02-03,1836.0,1876.550048828125,1832.4000244140625,1863.300048828125,1771.4097900390625,4823228,0.006454788883666129,1880.5974914550782,1908.44,1874.7556709546611,1889.862369208498,39.66982772896819,0.01999235969130907,-15.460414758213346,-16.140459784367142,0.6800450261537954,0.01833586491494743,-0.03498455478775031,1.8348550195662168,-0.00919784414556971,-0.023652800806876324,11.9500732421875,1898.800048828125
2025-02-04,1889.0,1911.199951171875,1875.0,1898.800048828125,1805.1590576171875,7334787,0.019052218681755884,1878.8799926757813,1907.9330004882813,1877.0456117045148,1890.2128664484833,46.57028506684846,0.02051506118732279,-11.616689269583503,-15.235705681410415,3.6190164118269124,0.009328929609634606,-0.017768913510139428,0.5207215997253292,0.010602090729581312,-0.004786830385458506,35.5,1897.050048828125
2025-02-05,1906.0,1919.699951171875,1894.300048828125,1897.050048828125,1803.4952392578125,4996744,-0.0009216346929631358,1877.8674926757812,1907.3840014648438,1878.9507961924776,1890.4809912476849,62.71028591811636,0.02043933003152929,-8.612440647214498,-13.911052674571232,5.298612027356734,0.01994682579113216,-0.010561727160220413,-0.31876085835894075,0.010215074400702493,-0.005417866894543756,-1.75,1915.6500244140625
2025-02-06,1917.0,1924.0,1900.0,1915.6500244140625,1821.177978515625,4765255,0.009804683644180745,1875.3024963378907,1908.5640014648438,1882.4459607850094,1891.4680121561703,65.16519177989525,0.019654309622948226,-4.676778396084728,-12.064197818873932,7.387419422789204,0.019071164301908805,-0.026080951743204683,-0.04632796877326517,0.02151521056200951,0.0037127510231671867,18.5999755859375,1903.6500244140625
2025-02-07,1919.300048828125,1923.699951171875,1889.449951171875,1903.6500244140625,1809.769775390625,4126260,-0.006264192230869714,1872.375,1909.4800024414062,1884.465395416348,1891.9457381270681,65.28128337362479,0.01968633195113211,-2.497250667751132,-10.150808388649374,7.653557720898242,0.02824968240355119,-0.029838919689527565,-0.1340946077387254,0.016703397777722145,-0.0030531757441238827,-12.0,1880.300048828125
2025-02-10,1905.0,1905.0,1878.5999755859375,1880.300048828125,1787.5712890625,3828734,-0.012265897242916046,1869.3875,1909.4900024414062,1884.068695741279,1891.4890444290704,53.916912851996905,0.019713562654612698,-2.6238608912369727,-8.645418889166894,6.021557997929921,0.00912359767858728,-0.03079817452961675,-0.07210549020178081,0.0058374996238741055,-0.015286780017680095,-23.3499755859375,1875.6500244140625
2025-02-11,1883.0999755859375,1903.0,1870.0,1875.6500244140625,1783.150634765625,4411601,-0.0024730225460348754,1865.6875,1909.1610034179687,1883.2669175196393,1890.8679063892662,51.699444480827324,0.019658031766951824,-3.064097505161044,-7.5291546123657245,4.4650571072046805,-0.012191923224538548,-0.037955530004539995,0.15223491629347974,0.005339867697062075,-0.01755272548722267,-4.6500244140625,1863.1500244140625
2025-02-12,1885.0,1894.5999755859375,1847.0,1863.1500244140625,1771.26708984375,5633947,-0.0066643562697177305,1862.4225036621094,1908.63900390625,1881.351022938156,1889.7809306255326,47.96762758980693,0.01957753676640949,-4.371244738233827,-6.897572637539345,2.5263278993055183,-0.017869862966980676,-0.03386135415032743,0.277075374676903,0.0003906314225276727,-0.023833202297076153,-12.5,1843.25
2025-02-13,1868.5,1873.5,1835.6500244140625,1843.25,1752.3485107421875,5237744,-0.010680849181922913,1863.8125061035157,1906.8070043945313,1877.722354086903,1887.9561882480607,53.94907579648467,0.014500979531869341,-6.933014520956704,-6.9046610142228175,-0.028353506733886036,-0.037793972537445875,0.015313035101948147,-0.07032423272707389,-0.011032497118770636,-0.03333163988177847,-19.9000244140625,1856.4000244140625
2025-02-14,1854.0,1859.300048828125,1828.3499755859375,1856.4000244140625,1764.8499755859375,5292961,0.00713415131645867,1865.9675048828126,1905.4870043945311,1875.6916560228228,1886.7186916271196,54.85516370835348,0.014558452280813778,-7.812085599507327,-7.08614593127972,-0.7259396682276069,-0.024820738788130625,0.023768805175840457,0.010542134170742123,-0.00512735642164945,-0.025760857915725348,13.1500244140625,1842.300048828125
2025-02-17,1838.550048828125,1852.75,1822.1500244140625,1842.300048828125,1751.4451904296875,4428956,-0.007595332579457326,1868.047509765625,1903.8600048828125,1872.511502956661,1884.9767840663749,41.78445411644994,0.014578382187769504,-9.53657426221298,-7.576231597466372,-1.9603426647466078,-0.020209540505879975,0.023102181809455224,-0.16323660801581574,-0.013783086780662404,-0.03233428713077918,-14.0999755859375,1851.949951171875
2025-02-18,1842.300048828125,1861.6500244140625,1837.5999755859375,1851.949951171875,1760.619384765625,4365260,0.0052379645486566595,1867.822509765625,1901.9280029296874,1870.5532599295384,1883.6816141489435,48.225378260667064,0.012851037308976618,-10.009197679791669,-8.062824813931432,-1.946372865860237,-0.012635658536347294,-0.002423981318300239,-0.014381718852027436,-0.008497894479139612,-0.02627757290540301,9.64990234375,1810.800048828125
2025-02-19,1847.4000244140625,1849.199951171875,1805.9000244140625,1810.800048828125,1721.498779296875,4611411,-0.022219770203677047,1865.0900146484375,1898.6610034179687,1864.86247791988,1880.8235135481273,36.01540055597175,0.013705732036700145,-13.54803504372353,-9.159866859889853,-4.3881681838336775,-0.028097563212817978,-0.029295828767434307,0.05638862289989599,-0.029108496315951807,-0.04627521944764044,-41.14990234375,1825.1500244140625
2025-02-20,1805.550048828125,1831.0,1805.550048828125,1825.1500244140625,1735.14111328125,2218020,0.007924660480997936,1862.575018310547,1895.42400390625,1861.0803394907543,1878.6402394644385,44.368020706832695,0.013784029619314029,-15.021507461102601,-10.332194980132403,-4.689312480970198,-0.009819598853078815,-0.026820191456659592,-0.5190148958746033,-0.0200931471369303,-0.03707559857180287,14.3499755859375,1815.0
2025-02-21,1821.800048828125,1829.8499755859375,1806.199951171875,1815.0,1725.4915771484375,3379879,-0.005561200053853632,1862.2250183105468,1891.7300048828124,1856.6917357297302,1876.1445437991665,39.53637571454563,0.012270085240129014,-16.814440704773688,-11.62864412506066,-5.185796579713028,-0.02230124104158515,-0.0038419319429198184,0.5238271070594493,-0.025359458629435904,-0.04056075903261133,-10.1500244140625,1764.0999755859375
2025-02-24,1800.050048828125,1808.0,1750.25,1764.0999755859375,1677.101806640625,7594720,-0.02804409058626034,1858.9425170898437,1887.4110034179687,1847.873472858893,1871.7506391633535,22.644157850609034,0.01370543672590257,-22.087943732649137,-13.720504046578355,-8.367439686070782,-0.042446979954177455,-0.0358792318153095,1.2470390212193987,-0.051019620365874076,-0.06533342637545483,-50.9000244140625,1767.699951171875
2025-02-25,1745.1500244140625,1778.449951171875,1745.1500244140625,1767.699951171875,1680.524169921875,5092963,0.002040686829408278,1853.2650146484375,1883.2330029296875,1840.237899364891,1867.6702200264328,23.926587481250223,0.01182370414446608,-25.680713650965117,-16.11254596745571,-9.568167683509408,-0.04549259009223672,-0.06035882994186048,-0.32940740409126346,-0.04616990166017573,-0.061348251426181076,3.5999755859375,1764.300048828125
2025-02-27,1755.199951171875,1775.8499755859375,1751.0999755859375,1764.300048828125,1677.2919921875,5757079,-0.0019233481007316922,1848.48251953125,1878.9360034179688,1833.0057231232943,1863.6164878225777,17.500504585833326,0.011662936015417217,-28.474121453124553,-18.58486106458948,-9.889260388535074,-0.025679257094173846,-0.05142606245048964,0.1303987482335922,-0.045541393988660826,-0.06101110116646322,-3.39990234375,1687.699951171875
2025-02-28,1755.050048828125,1755.0999755859375,1682.449951171875,1687.699951171875,1604.4696044921875,12182167,-0.04341670664642838,1838.8775146484375,1873.7660034179687,1819.1670781755402,1856.7178001107854,13.699748308066333,0.014384062537977896,-36.448746507701344,-22.157638153211852,-14.291108354489491,-0.07530891784433658,-0.10219177181956451,1.1160326269623884,-0.08221187233640467,-0.09930058070574843,-76.60009765625,1708.5999755859375
2025-03-03,1692.300048828125,1728.5999755859375,1692.300048828125,1708.5999755859375,1624.3388671875,7504969,0.012383732309496409,1831.7400146484374,1869.4950024414063,1808.6368779289114,1850.9092579725561,20.89828062859202,0.014703961329515819,-40.61406337489234,-25.848923197547947,-14.765140177344392,-0.05862260298295452,-0.07710589671454249,-0.3839380957427361,-0.06722571875798322,-0.08606336291102848,20.9000244140625,1688.300048828125
2025-03-04,1695.0,1699.0,1670.0,1688.300048828125,1605.0400390625,6759673,-0.011881029525855458,1822.9900146484374,1864.7750024414063,1797.1762275383603,1844.532426241402,19.845467873656645,0.01459558823645031,-45.034017318472706,-29.685942021732902,-15.348075296739804,-0.042968044785917536,-0.09391938786781107,-0.099307005798425,-0.07388409411901649,-0.0946360571019218,-20.2999267578125,1711.5
2025-03-05,1692.449951171875,1732.949951171875,1692.449951171875,1711.5,1627.0958251953125,8180782,0.01374160427702309,1813.6250122070312,1860.8240014648438,1789.0165868204213,1839.3154683495823,26.404208627778118,0.014180914389360883,-46.13302766718539,-32.9753591508234,-13.157668516361987,-0.03179269826568587,-0.09864127028210279,0.21023339442603217,-0.056309882980028786,-0.0802461712377397,23.199951171875,1715.8499755859375
2025-03-06,1715.0,1722.300048828125,1691.0999755859375,1715.8499755859375,1631.231201171875,10610547,0.0025416158842754832,1804.565008544922,1856.9930004882813,1782.0483381314227,1834.4736843196356,29.16936614784734,0.014255342242638433,-46.12133655271555,-35.604554631201836,-10.516781921513711,-0.02746135685614748,-0.09551675948355776,0.2970088923039387,-0.04916145028796619,-0.07600622342961516,4.3499755859375,1686.0
2025-03-07,1703.0999755859375,1705.0,1675.5,1686.0,1602.8533935546875,8019331,-0.01739661159813477,1793.0825073242188,1852.3780004882813,1772.9008773570017,1828.6511868953362,23.581361564348924,0.014074110998690856,-47.96777220432841,-38.077198145827154,-9.890574058501258,-0.0010072591225085414,-0.11988099156280141,-0.24421134933005806,-0.05971978806709563,-0.08981860097907907,-29.8499755859375,1701.449951171875
2025-03-10,1686.0,1719.0,1676.199951171875,1701.449951171875,1617.5413818359375,7558981,0.009163672106687448,1782.9725036621094,1848.2869995117187,1766.0960272441325,1823.662903141475,28.253779906037593,0.014491015138018142,-47.63529380707405,-39.98881727807654,-7.6464765289975105,-0.0041847269789468955,-0.10621704128857612,-0.05740503790154061,-0.04572283213722722,-0.0794449392213629,15.449951171875,1661.5999755859375
2025-03-11,1680.0,1680.0,1637.050048828125,1661.5999755859375,1579.6566162109375,12671234,-0.02342118588824249,1772.0375,1843.9189990234374,1756.1440223243044,1817.3074942177284,23.118182993578415,0.014971941411002197,-50.010868114575715,-41.99322744537638,-8.017640669199338,-0.01581476779599722,-0.11631126286386562,0.6763151012021329,-0.06232234047759284,-0.09887583106094051,-39.8499755859375,1590.8499755859375
2025-03-12,1636.9000244140625,1636.9000244140625,1563.800048828125,1590.8499755859375,1512.3956298828125,14870008,-0.042579442127790745,1757.7974975585937,1838.0859985351562,1740.4017321587457,1808.42680721256,21.33452375687233,0.017013557854422053,-56.94602327726693,-44.983786611754496,-11.962236665512435,-0.07049373322469321,-0.15184071928188958,0.17352485164428333,-0.0949754008664421,-0.13450732073812158,-70.75,1579.8499755859375
2025-03-13,1599.25,1606.050048828125,1570.300048828125,1579.8499755859375,1501.938232421875,7822888,-0.006914542646265898,1743.6324951171875,1830.5259985351563,1725.1110886756212,1799.4630098938692,17.749122428593807,0.017012569024950505,-62.608084749150294,-48.50864623923366,-14.09943850991663,-0.07926100879160958,-0.15205434082916613,-0.4739150106711443,-0.09393178894629536,-0.1369420719234895,-11.0,1590.050048828125
2025-03-17,1545.1500244140625,1594.0,1545.1500244140625,1590.050048828125,1511.63525390625,7526032,0.006456355603261965,1730.9724975585937,1823.5519995117188,1712.2481324996693,1791.250736910899,20.42854767884984,0.017303407054552425,-65.51700929328126,-51.91031885004319,-13.606690443238072,-0.05690981682792107,-0.13736603888342602,-0.03794711109247628,-0.08141229795922764,-0.1280478707194076,10.2000732421875,1590.050048828125
2025-03-18,1590.050048828125,1590.050048828125,1590.050048828125,1590.050048828125,1511.63525390625,0,0.0,1717.6549987792969,1816.5960009765624,1700.6102197690461,1783.3605138488294,23.58475989614847,0.0170638780311286,-67.0494486450275,-54.938144809040054,-12.111303835987442,-0.0654735111467859,-0.1434766063796007,-1.0,-0.07429020964155093,-0.12470904484357076,0.0,1586.550048828125
2025-03-19,1603.0,1603.0,1572.800048828125,1586.550048828125,1508.307861328125,7387068,-0.0022011885742713178,1704.867498779297,1809.7100024414062,1689.7473463461013,1775.642456397037,22.498863987629505,0.017106085953731563,-67.7651837651133,-57.50355260025471,-10.2616311648586,-0.04516726520253311,-0.13882103523944478,inf,-0.06939979208700295,-0.12331254914446249,-3.5,1615.550048828125
2025-03-20,1592.0,1631.9000244140625,1592.0,1615.550048828125,1535.8778076171875,7186750,0.018278654380566417,1693.0475036621094,1803.3580029296875,1682.6809370586748,1769.3643227668836,29.046341673114952,0.017841995305183548,-65.24030177925329,-59.05090243605443,-6.189399343198858,0.015526337254454292,-0.12764918522455815,-0.02711738947035547,-0.045773939990670816,-0.10414346668629006,29.0,1592.550048828125
2025-03-21,1577.949951171875,1603.9000244140625,1563.6500244140625,1592.550048828125,1514.0120849609375,10074677,-0.0142366372472853,1682.1350036621093,1796.8630029296876,1674.0970429414795,1762.430429671246,34.21271800306077,0.01756248153050944,-64.35339649939988,-60.11140124872352,-4.241995250676361,0.008038784339302385,-0.12052683571620315,0.4018404703099454,-0.053256697375033774,-0.11370535971214356,-23.0,1592.75
2025-03-24,1597.949951171875,1607.0999755859375,1572.699951171875,1592.75,1514.2020263671875,8857726,0.0001255540898210672,1670.5150024414063,1789.37900390625,1666.3497055184814,1755.7762951743346,29.360401516604668,0.01731598695912162,-62.90920512968523,-60.67096202491586,-2.2382431047693743,0.0016980290487489391,-0.1273320117827964,-0.12079305371278903,-0.046551513950940364,-0.1098867280084348,0.199951171875,1628.449951171875
2025-03-25,1605.0,1636.1500244140625,1605.0,1628.449951171875,1548.1414794921875,9890140,0.0224140330697693,1661.1875,1782.70400390625,1662.7402051045187,1750.7831052134538,39.89188698850423,0.018497496871455493,-58.21294279349536,-60.179358178631766,1.9664153851364077,0.02415012179777043,-0.10278239604855377,0.11655519712395712,-0.019707317101847324,-0.08652813501084554,35.699951171875,1599.449951171875
2025-03-26,1626.0,1637.75,1595.0,1599.449951171875,1520.5716552734375,6651302,-0.017808345893056687,1652.9549987792968,1775.892001953125,1656.7125618728385,1744.8484717216272,31.439439588410337,0.01796745473773521,-56.18352993416124,-59.38019252973766,3.19666259557642,0.008130788154636637,-0.09333372637192783,-0.3274815118896194,-0.03236933107491442,-0.099354043256684,-29.0,1603.550048828125
2025-03-27,1595.550048828125,1619.949951171875,1586.0,1603.550048828125,1524.469482421875,9426573,0.002563442296675822,1644.7475036621095,1768.9700024414062,1651.6494653923896,1739.3073570983527,31.382636629920114,0.017978202201995468,-53.62619263949318,-58.229392551688775,4.603199912195592,-0.007427810737714036,-0.09286072686426727,0.4172522913558878,-0.02504789017296354,-0.0935120173801593,4.10009765625,1570.6500244140625
2025-03-28,1590.0,1598.449951171875,1560.0,1570.6500244140625,1493.1920166015625,6799047,-0.020516992555427827,1635.0650024414062,1761.81400390625,1643.9352329182632,1732.6933440519101,31.06844471655768,0.01830455132503269,-53.635959468558895,-57.3107059350628,3.6747464665039047,-0.013751545472732607,-0.1097602556564502,-0.2787360793790066,-0.039395973818265435,-0.10850406403192592,-32.9000244140625,1526.5
2025-04-01,1539.25,1547.4000244140625,1517.8499755859375,1526.5,1451.21923828125,12680733,-0.0281093965732645,1627.0050048828125,1756.0350048828125,1632.7509250212856,1724.6073305596783,23.758827070708847,0.016908432953103257,-56.554314806771345,-57.15942770940451,0.6051129026331665,-0.04159472610265269,-0.09551457950801256,0.8650750612549083,-0.061773015191217265,-0.13071208959079395,-44.1500244140625,1550.1500244140625
2025-04-02,1535.199951171875,1555.6500244140625,1535.199951171875,1550.1500244140625,1473.7030029296875,6193478,0.01549297373996894,1619.0825073242188,1750.7720043945312,1624.8841725825025,1717.7658675735756,32.429465600551794,0.01708874979582742,-56.309670291636166,-56.989476225850844,0.6798059342146772,-0.04808248893462508,-0.09273671627996893,-0.5115835969419118,-0.042575027892851336,-0.11459058031365411,23.6500244140625,1496.5
2025-04-03,1534.6500244140625,1534.6500244140625,1485.050048828125,1496.5,1422.6986083984375,10459504,-0.03460956911853841,1609.4925048828125,1744.6880053710938,1612.6571085270261,1709.088774727553,34.2776334198667,0.01830302601582924,-59.756065621450944,-57.542794104970866,-2.213271516480077,-0.06436584720668892,-0.11360542751938929,0.6887932757652486,-0.07020380930014922,-0.1422535173091331,-53.6500244140625,1451.6500244140625
2025-04-04,1460.5,1472.0,1448.0,1451.6500244140625,1380.0606689453125,9590254,-0.029969913522176705,1596.5000061035157,1736.5920068359376,1597.3231005162677,1698.9931374603575,30.802651253422823,0.01844957413301254,-65.35302792805965,-59.10484086958863,-6.248187058471018,-0.09472733609098827,-0.15182586946300758,-0.08310623524786642,-0.09072970944922205,-0.1640811320679968,-44.8499755859375,1396.75
2025-04-07,1352.0,1405.9000244140625,1307.0,1396.75,1327.867919921875,21715252,-0.03781904969568828,1580.5450073242187,1727.2180078125,1578.2209004670995,1687.1404654030887,24.4717381182992,0.01941379526264694,-73.37283763232995,-61.9584402221369,-11.414397410193047,-0.11071850616685697,-0.18597195566411306,1.2643041571161722,-0.11628584220791925,-0.1913296447337494,-54.9000244140625,1428.800048828125
2025-04-08,1431.0,1456.5,1415.0,1428.800048828125,1358.33740234375,12805001,0.022946159891265472,1567.685009765625,1718.285009765625,1563.9903431681496,1677.0094686746588,30.366499150130522,0.02066622743568265,-76.26330757807796,-64.81941369332512,-11.443893884752839,-0.06400258838642314,-0.15255038622293893,-0.4103222472389453,-0.0885923894611098,-0.16847319233552877,32.050048828125,1403.699951171875
2025-04-09,1405.050048828125,1409.449951171875,1381.9000244140625,1403.699951171875,1334.4752197265625,8546854,-0.01756725699781203,1552.797509765625,1709.9190087890624,1548.7245915494568,1666.291448380432,28.84904634122509,0.02035731762450501,-79.66111025369992,-67.78775300540008,-11.87335724829984,-0.0944747740126275,-0.1749978010196095,-0.3325378108131346,-0.0960186744608151,-0.1790839542944475,-25.10009765625,1409.449951171875
2025-04-11,1411.25,1438.800048828125,1397.050048828125,1409.449951171875,1339.941650390625,12567440,0.0040963170193171194,1540.190008544922,1701.5130078125,1535.4603400849253,1656.219232803626,24.80440407935461,0.020287723209284445,-80.95669798811969,-70.421542001944,-10.535155986175681,-0.058169093770882085,-0.15175134094783893,0.470417068081425,-0.08488566777326535,-0.17164902959872597,5.75,1426.0
2025-04-15,1445.5999755859375,1447.699951171875,1409.0,1426.0,1355.675537109375,10178530,0.011742203981322419,1531.947509765625,1692.4080078125,1525.035545791123,1647.191027595641,29.313137794554493,0.019010376286033286,-79.72894433520037,-72.28302246859528,-7.44592186660509,-0.01766956496585037,-0.10362383512953222,-0.1900872413156538,-0.0691587075211435,-0.15741358264833683,16.550048828125,1413.0999755859375
2025-04-16,1425.0,1427.5,1396.800048828125,1413.0999755859375,1343.4117431640625,12022740,-0.009046300430618825,1523.610009765625,1683.4710083007812,1514.3750152953912,1638.0109863403584,28.368468876580778,0.01902598204676235,-78.88749889844871,-73.60391775456597,-5.283581143882742,0.01170572800138725,-0.10554799669389836,0.18118628131960124,-0.07253170658591764,-0.16060331979684278,-12.9000244140625,1419.5
2025-04-17,1398.0,1429.800048828125,1378.300048828125,1419.5,1349.49609375,14264227,0.004529066962448036,1515.0825073242188,1674.2650073242187,1505.339299552973,1629.4419280525012,22.930468550839336,0.018967623208278953,-76.81870068108606,-74.24687433986999,-2.5718263412160667,-0.006508992518409196,-0.10726080537768057,0.1864372846788669,-0.06308732815681879,-0.15216528220426687,6.4000244140625,1451.0
2025-04-21,1410.0,1471.800048828125,1410.0,1451.0,1379.442626953125,15648970,0.022190912293061027,1508.1300048828125,1666.2580078125,1500.1641281669756,1622.4442053837759,30.892034595086514,0.019929988786792835,-71.80960007567569,-73.75941948703114,1.949819411355449,0.033696694787683557,-0.08745010820923882,0.09707802602973148,-0.03788135286602942,-0.12918648060698318,31.5,1422.800048828125
2025-04-22,1440.0,1440.0,1419.300048828125,1422.800048828125,1352.63330078125,9399738,-0.01943483885036179,1499.9425048828125,1657.4480078125,1492.7961206108948,1614.6150227737505,28.093579973085667,0.02020174402616964,-69.31631678798885,-72.87079894722268,3.554482159233828,0.009471849387167053,-0.10321136740750836,-0.3993382312062711,-0.05143027536293098,-0.1415718368711085,-28.199951171875,1474.9000244140625
2025-04-23,1446.0,1487.800048828125,1439.5999755859375,1474.9000244140625,1402.1639404296875,11136642,0.03661791804747905,1492.9100036621094,1648.9700073242188,1491.0917304969107,1609.1360032302334,38.911413334509504,0.021686921406438516,-62.416836766131155,-70.78000651100437,8.363169744873218,0.034291742225850186,-0.08706014680020968,0.18478217158818677,-0.012063673767252134,-0.1055628556838456,52.0999755859375,1471.4000244140625
2025-04-24,1469.9000244140625,1482.9000244140625,1461.5,1471.4000244140625,1398.8365478515625,7114292,-0.0023730422008708674,1486.8525024414062,1640.4570068359376,1489.2163299175918,1603.7345922962659,42.9557728675708,0.02156329973640134,-56.579160546543335,-67.93983731811217,11.360676771568833,0.04125684653270989,-0.07607297773982713,-0.36118158417950397,-0.01039274440603271,-0.1030548083353595,-3.5,1480.199951171875
2025-04-25,1475.5,1501.699951171875,1463.5,1480.199951171875,1407.2025146484375,8329979,0.005980648777899056,1481.225,1631.7480053710938,1488.3576271799045,1598.8900965658977,40.70431221958309,0.021657892582069068,-50.65871737904604,-64.48361333029894,13.824895951252898,0.04276150135390977,-0.070663976661827,0.17087954781726689,-0.0006920277662913529,-0.09287466796366854,8.7999267578125,1482.0999755859375
2025-04-28,1480.199951171875,1489.5999755859375,1465.300048828125,1482.0999755859375,1409.0087890625,5886253,0.001283626859032383,1473.9075012207031,1623.3170043945313,1487.7616603614315,1594.3100918215855,47.78119892186939,0.02083017828610094,-45.2913173101806,-60.64515412627527,15.35383681609467,0.021433477316290528,-0.08987072367844051,-0.29336520536246247,0.00555833684166021,-0.08699288458526637,1.9000244140625,1497.5
2025-04-29,1482.0,1509.800048828125,1474.0999755859375,1497.5,1423.6494140625,8056743,0.010390678542433918,1468.8100036621095,1615.6610034179687,1488.6891212793905,1590.5136176325038,57.76986087591863,0.020835646930330794,-39.341456991740415,-56.38441469936831,17.04295770762789,0.052502072398297184,-0.0637406322699744,0.3687388224733119,0.01953281654288793,-0.07313477466374216,15.4000244140625,1500.0999755859375
2025-04-30,1496.800048828125,1508.800048828125,1482.5999755859375,1500.0999755859375,1426.12109375,7704183,0.001736210741861477,1463.6375,1608.1500024414063,1489.7758693085855,1586.9679846110698,71.28731691348074,0.02082467119817926,-34.02414436511867,-51.912360632518386,17.888216267399713,0.017085870740212616,-0.0645131552443835,-0.04375961849596044,0.024912231058535638,-0.06718902259828566,2.5999755859375,1506.9000244140625
2025-05-02,1499.699951171875,1523.199951171875,1496.199951171875,1506.9000244140625,1432.5858154296875,7402310,0.004533063754946776,1460.45,1601.0250024414063,1491.4067412233926,1583.8280646033443,67.95400729951996,0.02047374410350413,-28.92796511449501,-47.315481528913715,18.387516414418705,0.02412668167117693,-0.040588290840782415,-0.03918299967692873,0.03180528221716762,-0.0587904485462828,6.800048828125,1508.5999755859375
2025-05-05,1515.0,1523.0,1502.800048828125,1508.5999755859375,1434.2020263671875,4282493,0.0011281114502177392,1459.554998779297,1594.332001953125,1493.0441921150637,1580.8779434654068,77.02216321702167,0.01952329304487071,-24.469960022779787,-42.746377227686935,18.276417204907148,0.01918661353256912,-0.011726186972854546,-0.42146532636433764,0.03360269181199711,-0.05377300729218385,1.699951171875,1511.5
2025-05-06,1506.0,1515.5999755859375,1499.0999755859375,1511.5,1436.958984375,4270530,0.0019223282917899542,1457.6224975585938,1587.4340014648437,1494.8018881041053,1578.1572398000967,76.67975132761438,0.01917428726160082,-20.46702006863029,-38.29050579587561,17.82348572724532,0.019836734969541636,-0.02493308634993041,-0.0027934663290751782,0.03696258978689403,-0.04783443053051262,2.9000244140625,1508.300048828125
2025-05-07,1500.0,1518.800048828125,1496.5999755859375,1508.300048828125,1433.9168701171875,5691799,-0.0021170699119252845,1458.2125,1580.7540014648437,1496.0874272206786,1575.4177421149213,73.1309988774191,0.0174866365411404,-17.352837918051364,-34.10297222031076,16.750134302259397,0.00721205263981628,0.00788509778023716,0.33280857411140996,0.03434859379420003,-0.04583505881976416,-3.199951171875,1511.4000244140625
2025-05-08,1508.0,1516.5,1501.199951171875,1511.4000244140625,1436.864013671875,8424409,0.00205527778663539,1461.2,1573.9430029296875,1497.5457698105247,1572.9072433815543,79.23858848544087,0.015944185689572482,-14.467906979340114,-30.17595917211663,15.708052192776517,0.007532863817100832,0.0411600585506946,0.48009601182332684,0.034355341099139375,-0.03973649515847111,3.0999755859375,1507.5999755859375
2025-05-09,1500.699951171875,1511.4000244140625,1494.0999755859375,1507.5999755859375,1433.2513427734375,4478653,-0.0025142574875888224,1466.742498779297,1567.8790014648437,1498.5033132177068,1570.346174056236,76.61632645534841,0.012963018050618558,-12.345894817301769,-26.60994630115366,14.26405148385189,0.0004644974188963147,0.07936278903593164,-0.468371846618558,0.02785593029495249,-0.038446223096672935,-3.800048828125,1626.9000244140625
2025-05-12,1537.0,1632.0,1532.0,1626.9000244140625,1546.66796875,11372857,0.07913242953042521,1476.6474975585938,1563.9140014648438,1510.7315714268836,1572.563972109484,84.721688763504,0.020940408931773104,-1.025842706141475,-21.493125582151226,20.46728287600975,0.07841710906973698,0.13864779452409404,1.539347656538696,0.10175246773782352,0.04027460774072151,119.300048828125,1568.5999755859375
2025-05-13,1609.0,1612.199951171875,1564.5999755859375,1568.5999755859375,1491.2430419921875,12846210,-0.03583505313986468,1484.8924987792968,1558.9860009765625,1516.2428480134602,1572.4085212654234,75.72334407155714,0.02240263339008193,3.2041183599731085,-16.55367679372636,19.75779515369947,0.03777702652063342,0.11747526547706744,0.12954994510174522,0.05637275215239829,0.006166812661148134,-58.300048828125,1592.4000244140625
2025-05-14,1574.0,1595.0,1569.5,1592.4000244140625,1513.869384765625,4870057,0.015172796888024198,1494.0400024414062,1555.552001953125,1523.4959124325653,1573.1925017810563,73.03017542516437,0.022494998092244537,8.380255644671252,-11.566890306046838,19.947145950718088,0.055758120309867376,0.12980246165539633,-0.6208954236307829,0.0658349320044487,0.02368806855358853,23.800048828125,1613.0
2025-05-15,1589.800048828125,1618.5999755859375,1571.0,1613.0,1533.453369140625,11151167,0.012936432598660286,1503.3900024414063,1552.4580029296876,1532.0201112485115,1574.7535801425836,76.01027507071062,0.0225116302748135,13.983435266094375,-6.456825191618597,20.440260457712974,0.06722242552915514,0.13113604488078545,1.2897405512912887,0.07290855824542819,0.03899751037133492,20.5999755859375,1589.9000244140625
2025-05-16,1612.5999755859375,1612.5999755859375,1581.5,1589.9000244140625,1511.49267578125,4576751,-0.014321125595745499,1512.2300048828124,1548.9700024414062,1537.5324839309449,1575.3475583493084,69.14485628303939,0.022732117929864057,16.37130232712252,-1.8911996878703734,18.262502014992894,0.05459011021550242,0.12511503211569686,-0.5895720151980506,0.05136124748250118,0.02642402493795522,-23.0999755859375,1559.800048828125
2025-05-19,1576.5,1585.0,1555.699951171875,1559.800048828125,1482.876953125,8855798,-0.01893199265597245,1519.2450073242187,1546.4120043945313,1539.653204397343,1574.7378520935758,62.34509932611153,0.023415273364340083,15.654433142130756,1.6179268781298526,14.036506264000904,-0.041244068215011476,0.09883765327800287,0.9349529830222356,0.026694207523073686,0.00865748868706921,-30.0999755859375,1560.5999755859375
2025-05-20,1570.0,1583.5,1558.0,1560.5999755859375,1483.637451171875,7143998,0.000512839295276013,1524.7250061035156,1543.4520043945313,1541.648134986733,1574.1834255638646,60.5131590668637,0.02307580964196702,14.978197218419837,4.28998094618785,10.688216272231987,-0.00510008933094086,0.07553409757817886,-0.1932970919165049,0.023528812958935805,0.011110142163528472,0.7999267578125,1568.5
2025-05-21,1567.9000244140625,1571.0,1552.0999755859375,1568.5,1491.14794921875,4157309,0.005062171304402563,1532.0100036621093,1541.0560034179687,1544.205455464187,1573.9605461299875,61.19843139261271,0.02241299416293565,14.907892419843165,6.413563240918913,8.494329178924252,-0.01500880686236905,0.1024036731597524,-0.41806968590976645,0.02381837993920745,0.01780856537410854,7.9000244140625,1547.5
2025-05-22,1555.5,1560.800048828125,1540.0,1547.5,1471.18359375,6158990,-0.013388587822760645,1535.6400024414063,1537.7760034179687,1544.519221610455,1572.9228776543018,56.351686277745124,0.021484119271014183,13.007706125575623,7.732391817850256,5.275314307725368,-0.04060756354618722,0.04922365881360635,0.48148477777331444,0.0077231626811872095,0.006323415478208834,-21.0,1564.800048828125
2025-05-23,1550.0,1587.199951171875,1550.0,1564.800048828125,1487.6304931640625,5038421,0.011179353039176165,1540.3100036621095,1534.7550048828125,1546.4507289645187,1572.604335347393,58.38306398602456,0.02153207606381077,12.750781087859195,8.736069671852043,4.014711416007152,-0.015787140826787338,0.06347697625685167,-0.1819403830822911,0.015899426159532885,0.01957644304773361,17.300048828125,1580.5
2025-05-26,1566.5999755859375,1583.800048828125,1562.699951171875,1580.5,1502.5560302734375,3170102,0.010033199566700235,1545.3250061035155,1532.6450048828126,1549.6935166821836,1572.9139692553385,59.91379310344828,0.021577690612873863,13.65659625335502,9.720174988152639,3.9364212652023802,0.013270900451264112,0.0677611485858498,-0.37081438807912237,0.02276219808619872,0.031223796094155827,15.699951171875,1570.0999755859375
2025-05-27,1579.9000244140625,1582.9000244140625,1556.4000244140625,1570.0999755859375,1492.6690673828125,7775714,-0.006580211587511875,1549.7250061035156,1530.0180053710938,1551.6369889587318,1572.803616562421,58.69931222053482,0.021691522742068096,13.381018196102104,10.452343629742533,2.9286745663595717,0.006087402376405482,0.059375211827535246,1.4528277008121506,0.013147474166175328,0.026197057860846668,-10.4000244140625,1571.800048828125
2025-05-28,1581.0,1587.699951171875,1570.0,1571.800048828125,1494.2852783203125,3623370,0.0010827802487882732,1553.440008544922,1528.2220068359375,1553.5572803748646,1572.7642609649977,58.535895313544245,0.021626742179978904,13.148237604228143,10.991522424639655,2.1567151795884882,0.0021039520740357975,0.049616059317612704,-0.5340144969323717,0.011818956755465916,0.028515517900708953,1.7000732421875,1585.5999755859375
2025-05-29,1589.0,1608.9000244140625,1576.5999755859375,1585.5999755859375,1507.4046630859375,8609500,0.008779696099450618,1557.7150085449218,1528.1170068359374,1556.608965633062,1573.2676223226815,60.72017448200655,0.02166855954967689,13.91687104022958,11.57659214775764,2.3402788924719395,0.0246203396355007,0.056996201180927075,1.3761029097221646,0.017901199441522565,0.03761686342920963,13.7999267578125,1562.699951171875
2025-05-30,1571.0,1572.0,1555.0999755859375,1562.699951171875,1506.5369873046875,13148092,-0.014442497960811429,1560.5050048828125,1527.7740063476563,1557.1890594939014,1572.8532038461794,37.9954997418446,0.02201027316425413,12.533697328394283,11.76801318388497,0.7656841445093132,-0.0013420869061339102,0.037029614343200734,0.5271609268830943,0.0014065615183511259,0.022860674863629717,-22.9000244140625,1553.800048828125
2025-06-02,1560.0,1560.0,1539.0,1553.800048828125,1497.9569091796875,4374509,-0.005695208691262832,1562.7650085449218,1527.0490063476564,1556.8662965733513,1572.106021296452,46.605519485064576,0.02207798362185992,10.597216343513082,11.533853815810591,-0.9366374722975088,-0.01689335727420116,0.029961602793100894,-0.6672894439740762,-0.0057366012598042415,0.01751812965351444,-8.89990234375,1543.0
2025-06-03,1559.0,1567.300048828125,1535.5999755859375,1543.0,1487.5450439453125,6853403,-0.006950732712532992,1564.3400085449218,1526.1080053710937,1555.545696899699,1570.964608696591,37.95120638291158,0.02216231683395471,8.09772203182115,10.846627459012703,-2.748905427191554,-0.017260031849770763,0.020840224942110464,0.5666679391904326,-0.01364154111533038,0.011068675722462262,-10.800048828125,1551.199951171875
2025-06-04,1543.0,1557.300048828125,1541.4000244140625,1551.199951171875,1495.4503173828125,4548307,0.005314291102965107,1566.4850036621094,1525.4010034179687,1555.1318163541919,1570.1895240877789,33.956361414596984,0.022165040036985863,6.701274194128473,10.017556806035858,-3.3162826119073845,-0.013106054851956928,0.028442551849733766,-0.33634327355329896,-0.009757547920663915,0.01691289549180744,8.199951171875,1554.300048828125
2025-06-05,1547.9000244140625,1567.699951171875,1541.5999755859375,1554.300048828125,1498.43896484375,6948539,0.0019985158289284044,1568.6300048828125,1524.1760034179688,1555.0526003993284,1569.5664074109297,39.68714350477637,0.022164986361480513,5.778124570860655,9.169670359000818,-3.3915457881401636,-0.019740115564927385,0.02838429517076002,0.5277198746698497,-0.009135332111512202,0.019764151477652817,3.10009765625,1563.800048828125
2025-06-06,1554.699951171875,1568.9000244140625,1543.0999755859375,1563.800048828125,1507.5975341796875,3960020,0.00611207598376029,1571.440008544922,1523.6010034179687,1555.8856907258805,1569.3402757018002,51.315789473684205,0.022164085251811412,5.746846380883198,8.485105563377294,-2.7382591824940956,0.0007039724135302627,0.03727784170356263,-0.43009314619951045,-0.004861757162382039,0.026384234008756738,9.5,1572.9000244140625
2025-06-09,1578.0,1588.0,1571.0,1572.9000244140625,1516.3704833984375,2903202,0.005819142666453336,1568.740008544922,1523.20400390625,1557.5061034580883,1569.4798736905163,53.836570518238965,0.012852821381311733,6.3827735280026445,8.064639156302364,-1.68186562829972,0.012292428231253316,-0.03319195967155286,-0.26687188448543187,0.002651819834058535,0.03262597812267258,9.0999755859375,1596.0
2025-06-10,1584.0,1607.5,1577.5,1596.0,1538.6402587890625,8591925,0.014686232581465397,1570.110009765625,1522.5550048828125,1561.1721888430322,1570.5198786438293,57.83475783475784,0.010525672401072668,8.651001983136894,8.18191172166927,0.469090261467624,0.03434867141931308,0.01746782152270998,1.959465100947161,0.016489284236994178,0.04823799132487856,23.0999755859375,1631.0999755859375
2025-06-11,1590.0999755859375,1634.5999755859375,1590.0999755859375,1631.0999755859375,1572.4786376953125,10597410,0.02199246590597581,1572.0450073242187,1523.1880053710938,1567.8319780566421,1572.8955687199905,72.04640990263346,0.0111061889375164,13.129515184377851,9.171432414210987,3.9580827701668646,0.05150852690119079,0.024302907924228956,0.23341509615132816,0.037565698174403056,0.07084612656764791,35.0999755859375,1608.5999755859375
2025-06-12,1617.0,1628.0,1598.0999755859375,1608.5999755859375,1550.7874755859375,10483574,-0.013794372102738484,1571.8250061035155,1523.28900390625,1571.7146444880036,1574.295741538263,61.24228522228022,0.011234735524617078,14.693825923989607,10.27591111616671,4.417914807822896,0.0349352924480395,-0.002727851465630815,-0.010741869947468285,0.023396350954859462,0.05600445579329999,-22.5,1602.0
2025-06-13,1576.0,1609.0,1570.199951171875,1602.0,1544.4246826171875,6968315,-0.004102931546752897,1572.4300048828125,1523.9160034179688,1574.5989640605749,1575.3821830465663,55.78890836112839,0.010775827213093562,15.225480719690495,11.265825036871469,3.959655682819026,0.02442764418667287,0.007610526070906065,-0.3353111257668425,0.018805285466039736,0.051239042313944966,-6.5999755859375,1623.800048828125
2025-06-16,1600.0,1634.800048828125,1597.0999755859375,1623.800048828125,1565.441162109375,5591842,0.01360802049196308,1575.6300048828125,1525.8620043945311,1579.2847816574845,1577.2809228811373,63.62254690355701,0.010135401335245669,17.207544859652216,12.45416900142762,4.753375858224597,0.03236062281391594,0.04103090011317989,-0.19753311955616248,0.030571926020725372,0.0641853877687033,21.800048828125,1639.9000244140625
2025-06-17,1620.699951171875,1647.4000244140625,1615.5999755859375,1639.9000244140625,1580.962646484375,7622083,0.009914998831017874,1579.5950073242188,1527.6570043945312,1585.0576619200158,1579.7365739216443,66.09929430043859,0.010276860675782122,19.848675274060042,13.933070255954105,5.915605018105937,0.02750628096119212,0.050813821651093605,0.3630719537497662,0.03817751816777285,0.0734739667979446,16.0999755859375,1632.9000244140625
2025-06-18,1621.0,1644.699951171875,1621.0,1632.9000244140625,1574.214111328125,5629707,-0.0042685528969981235,1582.815008544922,1530.3850048828126,1589.6140773956395,1581.8214151174254,61.55350759913222,0.010367320242785482,21.133336706726368,15.373123546108559,5.760213160617809,0.001103579703922497,0.04105835155502868,-0.2613952117813464,0.03164300034985362,0.06698642446454176,-7.0,1618.4000244140625
2025-06-19,1623.9000244140625,1630.0,1611.5,1618.4000244140625,1560.2352294921875,5147760,-0.008879906781312674,1586.360009765625,1533.7200048828124,1592.3555961592988,1583.2558703839602,64.18749211020037,0.010058009367472968,20.742306926545098,16.44696022219587,4.295346704349228,0.006092284580916596,0.04581584776352998,-0.08560783003449379,0.020197190077409548,0.055212176447891,-14.5,1622.9000244140625
2025-06-20,1619.0,1630.699951171875,1608.9000244140625,1622.9000244140625,1564.573486328125,9202821,0.0027805239323506203,1589.2650085449218,1538.2430053710937,1595.2645893264194,1584.8105430910232,68.00416018625421,0.00984031941093085,20.558539356014762,17.269276048959647,3.2892633070551156,0.013046207499414875,0.03712932884265219,0.7877331111007506,0.021163881220751107,0.05503487989047982,4.5,1584.0
2025-06-23,1601.0,1601.0,1575.4000244140625,1584.0,1527.071533203125,7943676,-0.023969452109723788,1589.440008544922,1541.3470043945313,1594.1917712953318,1584.7787570874536,59.31818181818181,0.01119929950499095,17.077140715235146,17.23084898221475,-0.15370826697960283,-0.024510437018922526,0.0022144890857322963,-0.1368216332796215,-0.0034225944456388185,0.02767254582119462,-38.9000244140625,1581.5999755859375
2025-06-24,1601.0,1609.0,1576.5999755859375,1581.5999755859375,1524.7576904296875,8083992,-0.0015151669280697444,1590.0150085449218,1544.9050048828126,1592.992552656342,1584.6540989893551,57.09617507452727,0.011095402332570559,13.96348295834332,16.577375777440466,-2.6138928190971455,-0.03555097747434677,0.007324374357568164,0.017663862423391796,-0.005292423602142708,0.02375225051841189,-2.4000244140625,1614.9000244140625
2025-06-25,1590.0,1619.9000244140625,1585.0999755859375,1614.9000244140625,1556.8609619140625,7813533,0.021054659422202082,1592.1700073242187,1549.0140063476563,1595.0789785380298,1585.8402137118928,62.39770244115628,0.012018226404260672,14.021293648397204,16.066159351631814,-2.04486570323461,-0.011023332556112209,0.02742077506491447,-0.03345611920447222,0.014276124399581945,0.04253416547327136,33.300048828125,1616.0
2025-06-26,1608.800048828125,1624.0,1606.5999755859375,1616.0,1557.9215087890625,6519233,0.0006811415996705872,1593.690008544922,1552.8140063476562,1597.071456772503,1587.0229504290737,61.05931168895657,0.011893060472944866,13.99454744206514,15.651836969718481,-1.6572895276533401,-0.0014829611825614153,0.019172568669363566,-0.16564849729309394,0.013998952955379071,0.040691282661058883,1.0999755859375,1608.0
2025-06-27,1619.0,1629.5999755859375,1602.4000244140625,1608.0,1550.208984375,8912268,-0.004950495049504955,1595.955010986328,1556.7120068359375,1598.1122704132172,1587.845579824012,57.471258394606664,0.011423797398786942,13.175933776795773,15.156656331133942,-1.9807225543381684,-0.00918111047502268,0.028988321650713855,0.36707308973310204,0.007547198342532195,0.03294635933868517,-8.0,1601.800048828125
2025-06-30,1615.0,1615.0,1594.0999755859375,1601.800048828125,1544.2318115234375,6294505,-0.003855691027285446,1598.3550109863281,1560.3580078125,1598.463487405113,1588.3928139026048,51.33028642846904,0.011370167119795691,11.889833703095746,14.503291805526302,-2.613458102430556,0.011237404563210207,0.030892005722487736,-0.2937257946013293,0.00215536462057386,0.02655931575198144,-6.199951171875,1606.800048828125
2025-07-01,1609.0,1617.699951171875,1600.5,1606.800048828125,1549.0521240234375,4178937,0.003121488230480418,1601.5450134277344,1563.4740087890625,1599.2574456358761,1589.1146662526253,43.5338149014115,0.011193955847401287,11.14556915870844,13.831747276162732,-2.6861781174542916,0.015933278724825195,0.04134805497610183,-0.33609759623671753,0.0032812286612809243,0.027711391296244992,5.0,1610.5
2025-07-02,1618.0,1649.0,1603.4000244140625,1610.5,1552.619140625,8653641,0.0023026830093597628,1604.5100158691407,1567.2280078125,1600.328165099126,1589.9533067917382,50.56180505274435,0.011168489577571028,10.730593678568994,13.211516556643986,-2.480922878074992,-0.0027246419886945983,0.03822850096360941,1.0707756541914848,0.003733217039230879,0.027610527614228927,3.699951171875,1618.699951171875
2025-07-03,1618.5,1632.4000244140625,1615.0,1618.699951171875,1560.5244140625,5259695,0.005091556145218945,1607.7300109863281,1570.1040063476562,1602.0778590108164,1591.0806261791945,54.89160982684175,0.011190782282448334,10.937311630306567,12.756675571376503,-1.8193639410699358,0.0016707618637841204,0.041433378575973734,-0.3921986132773476,0.006823247753406627,0.030950780730291682,8.199951171875,1640.699951171875
2025-07-04,1625.0,1643.4000244140625,1612.300048828125,1640.699951171875,1581.7337646484375,4411273,0.013591153804676903,1611.5750061035155,1573.4900048828124,1605.7561535023458,1593.0264820612604,54.944386190975514,0.011454072847981766,12.729614166507872,12.751263290402777,-0.02164912389490503,0.020335790529772968,0.049175022344689845,-0.1613063114876433,0.018072348452944857,0.0427139327739601,22.0,1627.0
2025-07-07,1640.0,1644.0,1623.0,1627.0,1568.526123046875,3294523,-0.008350064959829928,1614.2800048828126,1576.426005859375,1607.779376978313,1594.3587768823875,46.17209680726134,0.011671845500753867,12.89589937441906,12.780190507206035,0.11570886721302465,0.015732270198338005,0.03439505038223323,-0.2531582153269589,0.007879670861754128,0.032081425929696615,-13.699951171875,1638.699951171875
2025-07-08,1628.0,1646.199951171875,1621.5,1638.699951171875,1579.8056640625,4590681,0.007191119343500363,1616.4150024414062,1579.5580053710937,1610.724193568176,1596.0976464623675,51.67434540435126,0.011350775653989169,13.812547429947472,12.986661891754324,0.8258855381931482,0.01985306284189825,0.026754355370848915,0.3934281229786527,0.013786650517849703,0.03744208544395099,11.699951171875,1633.699951171875
2025-07-09,1637.800048828125,1638.0,1623.5999755859375,1633.699951171875,1574.9852294921875,4580828,-0.0030511992121707854,1616.5450012207032,1582.2820043945312,1612.9123609590042,1597.5722466470543,54.67316515899358,0.0102891682964528,13.974450636643724,13.184219640732206,0.7902309959115179,0.014405433822958669,0.0015940013640203254,-0.002146304655017417,0.010612107883305195,0.03249607000176883,-5.0,1615.800048828125
2025-07-10,1638.9000244140625,1638.9000244140625,1607.0999755859375,1615.800048828125,1557.7286376953125,5330179,-0.010956664552086326,1616.9050048828126,1584.596005859375,1613.1873788513014,1598.287062418861,47.995486631178224,0.010104965434129707,12.514132441971242,13.050202200980014,-0.5360697590087717,-0.0017915008532931598,0.004475987412324134,0.16358418172435196,-0.0006833772246055198,0.01969211259738537,-17.89990234375,1594.9000244140625
2025-07-11,1579.0999755859375,1607.0999755859375,1563.0,1594.9000244140625,1537.579833984375,11391755,-0.012934783873301936,1616.5500061035157,1586.356005859375,1611.445726047755,1598.154237399065,53.42553199651665,0.010491783201145528,9.560158889559489,12.352193538695909,-2.7920346491364203,-0.027914870555764804,-0.004431944810198152,1.1372180934261307,-0.013392707684705433,0.005385940181856538,-20.9000244140625,1570.300048828125
2025-07-14,1591.800048828125,1591.800048828125,1559.800048828125,1570.300048828125,1513.8638916015625,9173426,-0.015424148980733188,1613.8750061035157,1587.5900073242187,1607.527090122076,1597.061916278636,46.8836330558636,0.010493607658391984,5.174453251730938,10.916645481302917,-5.7421922295719785,-0.03484938609211741,-0.032947406325434136,-0.19473110157302365,-0.0270002057845834,-0.010890694963011798,-24.5999755859375,1585.5999755859375
2025-07-15,1565.0999755859375,1603.5999755859375,1564.0,1585.5999755859375,1528.614013671875,7614807,0.009743314196054786,1611.1600036621094,1589.0720068359376,1605.4387934995866,1596.6124284083342,41.02874229116053,0.010483739312892124,2.89989794064536,9.313295973171407,-6.413398032526047,-0.03240372073482056,-0.03311180439034778,-0.16990587813102764,-0.01586436357535865,-0.002184942680422264,15.2999267578125,1607.9000244140625
2025-07-16,1579.0,1612.0,1578.5,1607.9000244140625,1550.112548828125,6223491,0.014064107701492912,1609.9100036621094,1591.0640063476562,1605.6731964438225,1597.0550792320882,47.80488030800154,0.011028200617300954,2.863712940293226,8.023379366595771,-5.159666426302545,-0.0157923287806343,-0.015310184105711389,-0.18271191902828265,-0.0012485041048721458,0.010581609538797842,22.300048828125,1583.5
2025-07-17,1598.0,1610.0,1580.0999755859375,1583.5,1526.5894775390625,7374814,-0.015175088030087047,1608.1650024414062,1592.506005859375,1603.5614634491728,1596.5235074974964,43.902428650418955,0.011358445638406937,0.8562872694903945,6.589960947174696,-5.733673677684301,-0.019990127399458157,-0.021564522916204254,0.18499633083746736,-0.015337358047191326,-0.005655241378204371,-24.4000244140625,1586.0999755859375
2025-07-18,1592.0999755859375,1599.300048828125,1580.0,1586.0999755859375,1529.0960693359375,5161833,0.0016419170103805225,1606.325,1594.076005859375,1601.898464605055,1596.1147415401806,46.021262418183994,0.011341192096927912,-0.5188349303455198,5.1682017716706525,-5.687036702016172,-0.005517617840251732,-0.02267548726016655,-0.3000727882764229,-0.012590866987728228,-0.005003544526183149,2.5999755859375,1584.300048828125
2025-07-21,1580.0,1589.0,1566.800048828125,1584.300048828125,1527.36083984375,3682661,-0.001134812928263007,1606.3400024414063,1593.2240063476563,1600.2224250072522,1595.6514202573549,44.20400688274182,0.009984362879874389,-1.7338811253664517,3.787785192263232,-5.521666317629684,0.00891549357745225,0.0001894247652305392,-0.2865594450653479,-0.013720603097590656,-0.005601194486134314,-1.7999267578125,1570.9000244140625
2025-07-22,1565.0,1585.800048828125,1565.0,1570.9000244140625,1514.4423828125,8473741,-0.008458009216104179,1605.8050048828125,1593.2700073242188,1597.4298154269486,1594.6807772831082,40.284583597629755,0.010161026176559082,-3.7350288824120526,2.2832223773281752,-6.018251259740228,-0.009270907794030947,-0.006765270192869655,1.300983174937905,-0.021736749083863537,-0.014040296250680734,-13.4000244140625,1574.5
2025-07-23,1576.300048828125,1591.9000244140625,1550.0,1574.5,1517.9129638671875,8035026,0.0022916643516384116,1603.7850036621094,1592.9120068359375,1595.2460234815248,1593.889374252398,38.9056184292126,0.008870815379086424,-4.97313771788663,0.8319503582852144,-5.8050880761718435,-0.020772450965185985,-0.025017043657994176,-0.05177347289703571,-0.01825993109752212,-0.011558709305299291,3.5999755859375,1552.5
2025-07-24,1580.0,1582.0,1548.199951171875,1552.5,1496.70361328125,14169664,-0.013972689742775435,1600.6100036621094,1591.7020068359375,1591.1749736261415,1592.266261536618,27.861425479396317,0.009299591548148753,-7.641477828667348,-0.8627352791052982,-6.77874254956205,-0.019576886643511204,-0.039294554455445496,0.7634870129853968,-0.030057292877113305,-0.024628986247158872,-22.0,1515.699951171875
2025-07-25,1543.4000244140625,1549.5,1511.300048828125,1515.699951171875,1461.2261962890625,10851259,-0.023703735154991912,1595.9950012207032,1590.2180053710938,1583.9868762495446,1589.2636611301575,24.966228831243,0.01048653823352664,-12.580591749856694,-3.2063065732555778,-9.374285176601116,-0.04438561597484125,-0.05740052787818717,-0.23419080367749012,-0.05031033931021978,-0.046860275727936586,-36.800048828125,1516.0
2025-07-28,1513.9000244140625,1519.300048828125,1482.5,1516.0,1461.515380859375,6439855,0.0001979605712152388,1591.7049987792968,1589.3420043945312,1577.5119356543498,1586.3905763799553,20.91038217460057,0.010506227834844614,-16.282963812934213,-5.821638021191305,-10.461325791742908,-0.04311055148842868,-0.05356476851832803,-0.40653384091191636,-0.047562204577705144,-0.04614614361902,0.300048828125,1513.699951171875
2025-07-29,1512.9000244140625,1517.199951171875,1496.0999755859375,1513.699951171875,1459.2979736328125,7070448,-0.0015171826043041126,1587.0499938964845,1588.40400390625,1571.434603798876,1583.5399636266973,21.181549437315525,0.010421900669168394,-19.18160150319659,-8.493630717592362,-10.687970785604227,-0.036412293814511054,-0.05794130870493186,0.0979203724307458,-0.04621785262386242,-0.047030889213739414,-2.300048828125,1519.0
2025-07-30,1519.9000244140625,1521.699951171875,1506.0,1519.0,1464.40771484375,5719051,0.003501386667827955,1582.4749938964844,1587.41400390625,1566.440832008507,1581.0089846609444,25.255623594257457,0.010456953690594266,-20.811224271350056,-10.9571494283439,-9.854074843006156,-0.03524928548745632,-0.056814653834213025,-0.1911331502614827,-0.04011121448446506,-0.043097770170793054,5.300048828125,1509.0
2025-07-31,1509.699951171875,1527.0999755859375,1497.0,1509.0,1454.76708984375,6851407,-0.006583278472679366,1576.9899963378907,1586.64400390625,1560.9702765791253,1578.1851029095349,26.746077327910342,0.01031411526013372,-22.648550095158498,-13.295429561706818,-9.35312053345168,-0.02801932367149762,-0.06777040494284103,0.19799718519733434,-0.04311377782723928,-0.04893599554474333,-10.0,1469.5999755859375
2025-08-01,1493.9000244140625,1498.699951171875,1465.5,1469.5999755859375,1416.782958984375,8702978,-0.026110022805873045,1568.4349975585938,1584.7400024414062,1552.2683431512028,1573.926862622335,24.761901848186227,0.0106754762443983,-26.97296914006006,-16.030937477377467,-10.942031662682592,-0.030414974646066906,-0.10428474472966787,0.2702468266737037,-0.06301505776554438,-0.07265546820177897,-39.4000244140625,1480.5
2025-08-04,1461.5,1482.800048828125,1451.0,1480.5,1427.291259765625,8610216,0.007417000949334174,1561.1099975585937,1582.7400024414062,1545.4332628510883,1570.2630640881257,23.065131414706357,0.011025472360387404,-29.18414485856124,-18.66157895361422,-10.522565904947019,-0.023416886543535576,-0.0900430239704979,-0.010658650406791814,-0.051636334201087035,-0.06459683983705415,10.9000244140625,1460.300048828125
2025-08-05,1478.699951171875,1478.699951171875,1455.0,1460.300048828125,1407.8173828125,10213323,-0.013644006195119851,1552.1900024414062,1580.54400390625,1537.3253377060441,1565.9507889798906,11.76168854127333,0.010830489722921829,-32.19535675590055,-21.36833451407149,-10.82702224182906,-0.03527773275173118,-0.10886672829652055,0.18618661831480177,-0.05920019679855528,-0.0760775750507085,-20.199951171875,1436.699951171875
2025-08-06,1452.0,1456.0999755859375,1430.300048828125,1436.699951171875,1385.0654296875,10566934,-0.016161129129036778,1542.3400024414063,1577.842001953125,1527.7419675599328,1560.882128673694,11.810640049183746,0.011056714000560389,-36.07029857675434,-24.308727326608057,-11.761571250146282,-0.05418041397506579,-0.12058517836074445,0.03462252197448379,-0.06849336145228109,-0.08945258815935808,-23.60009765625,1436.9000244140625
2025-08-07,1430.0,1442.0,1414.199951171875,1436.9000244140625,1385.25830078125,9892020,0.00013925889120014467,1533.395001220703,1574.8680029296875,1519.0903539269927,1556.020085369395,10.69554244670205,0.011091509193811858,-38.679203863496696,-27.182822633985786,-11.49638122951091,-0.04777997056722172,-0.11071916017319816,-0.06387037148145336,-0.06292897572368697,-0.08760605857695158,0.2000732421875,1423.0999755859375
2025-08-08,1425.0,1433.199951171875,1417.0999755859375,1423.0999755859375,1371.9542236328125,10048009,-0.00960404244808355,1524.804998779297,1572.0760034179686,1509.9484131326067,1550.8075320445537,10.059528814402086,0.011003257074811632,-41.38328792499988,-30.022915692188604,-11.360372232811272,-0.03164126345433571,-0.10771838121404587,0.015769175557671655,-0.06670034743772534,-0.09476388387592659,-13.800048828125,1428.199951171875
2025-08-11,1419.9000244140625,1433.4000244140625,1414.0,1428.199951171875,1376.8709716796875,6625368,0.003583708575244371,1517.6999938964843,1569.5640014648438,1502.1628453268227,1545.9993916181743,13.126665846557586,0.010932947861292354,-42.62343222359573,-32.54301899847003,-10.080413225125696,-0.035325936391844004,-0.09049232200068746,-0.3406287753126017,-0.058970839483783864,-0.09006580818688278,5.0999755859375,1424.0999755859375
2025-08-12,1428.199951171875,1441.0,1421.0,1424.0999755859375,1372.918212890625,9899184,-0.002870729397920324,1509.6249938964843,1567.1860009765626,1494.7282863038813,1541.2190223620082,11.237180281780539,0.010408726404863544,-43.43638170970894,-34.72169154071781,-8.714690168991126,-0.02478947615679239,-0.10185418925748901,0.4941334579452794,-0.05665315469492768,-0.09130124012176201,-4.0999755859375,1426.5999755859375
2025-08-13,1425.0,1434.0,1422.4000244140625,1426.5999755859375,1375.328369140625,10318063,0.00175549472850145,1500.559991455078,1564.6940014648437,1488.2398757593153,1536.7241577825546,13.925570144112612,0.009530024801646749,-43.37887624487189,-36.45312848154863,-6.925747763323258,-0.007029982549730862,-0.11275579704913108,0.04231449784143826,-0.04928827657028377,-0.0882562505829412,2.5,1447.699951171875
2025-08-14,1426.199951171875,1470.0,1426.199951171875,1447.699951171875,1395.6700439453125,12902347,0.014790393906512822,1493.7699890136719,1562.5619995117188,1484.3789305605114,1533.2330124252733,28.589460155032086,0.010321139061190731,-41.15628700209186,-37.39376018565728,-3.7625268164345798,0.007516129566645713,-0.08575942458359642,0.2504621264669542,-0.030841453624474453,-0.07350879413152038,21.0999755859375,1435.800048828125
2025-08-18,1464.699951171875,1464.699951171875,1429.5999755859375,1435.800048828125,1384.1978759765625,7254561,-0.008219867890523425,1486.2549926757813,1560.0019995117189,1479.7523703955223,1529.4121118920518,26.46717070773498,0.010251524788153953,-39.89520459711207,-37.89404906794824,-2.0011555291638317,0.008924231227646962,-0.09476068915661429,-0.43773322791582026,-0.033947703520793335,-0.07961653300602763,-11.89990234375,1440.0
2025-08-19,1432.699951171875,1449.4000244140625,1432.699951171875,1440.0,1388.246826171875,3986094,0.002925164388525303,1479.039990234375,1557.3439990234374,1475.9664303578536,1525.9057545629519,28.612904734173014,0.010369836603461878,-38.117492025686715,-37.938737659495935,-0.17875436619078044,0.008262182629569903,-0.09108126262753125,-0.4505395984677777,-0.026395493355246272,-0.07534879840100851,4.199951171875,1496.199951171875
2025-08-20,1440.699951171875,1499.0,1440.699951171875,1496.199951171875,1442.427001953125,10413061,0.03902774386935759,1475.3049865722655,1555.347998046875,1477.8934323401413,1524.740821096635,44.89246106273387,0.014196992111402261,-31.807122914412275,-36.7124147104792,4.905291796066926,0.05062845082647538,-0.04755240440590747,1.6123470746048638,0.014163149172400604,-0.03802881859832984,56.199951171875,1496.4000244140625
2025-08-21,1508.0,1508.0,1484.300048828125,1496.4000244140625,1442.619873046875,6565539,0.00013372092548924464,1471.3999877929687,1552.6539990234376,1479.6559649186102,1523.6294173051617,47.04780362126632,0.014168126866149277,-26.484666937092015,-34.666865155801766,8.18219821870975,0.04892755504180957,-0.049603033080938386,-0.3694900087495886,0.016990646206673368,-0.03623085030197117,0.2000732421875,1487.5
2025-08-22,1498.0999755859375,1504.300048828125,1486.0999755859375,1487.5,1434.0396728515625,5543397,-0.005947623809714586,1468.1499877929687,1550.2319995117186,1480.4030158787425,1522.2125774108417,54.893390384010864,0.01393623285033094,-22.72280546154343,-32.2780532169501,9.555247755406668,0.027491918332875454,-0.041867954911433136,-0.15568287691231442,0.013179860619090905,-0.0404662008857239,-8.9000244140625,1532.0999755859375
2025-08-25,1506.699951171875,1539.0,1506.699951171875,1532.0999755859375,1477.0367431640625,10694531,0.02998317686449581,1468.969989013672,1548.8339990234374,1485.3265358508563,1522.6003185157474,61.91135304755952,0.014694587921624001,-15.958695934397156,-29.014181760439513,13.055485826042357,0.06707056935707079,0.01082009958592578,0.9292377940818599,0.0429756816302651,-0.010804271760596002,44.5999755859375,1529.5999755859375
2025-08-26,1523.0,1538.4000244140625,1518.5999755859375,1529.5999755859375,1474.6265869140625,15994798,-0.0016317473009840322,1469.6499877929687,1546.9499975585939,1489.5430539208642,1522.8748148714412,67.42079392950365,0.014703177045455778,-10.676744641796404,-25.346694336710893,14.66994969491449,0.06222220526801214,0.008970960149035312,0.49560537063289645,0.04079201734489047,-0.01121563205018796,-2.5,1500.0999755859375
2025-08-28,1529.5999755859375,1529.5999755859375,1498.0,1500.0999755859375,1446.1868896484375,5443364,-0.01928608817393551,1468.969989013672,1544.1539965820311,1490.5484750318235,1521.9816839190685,65.47852712101715,0.01535687305005083,-8.770067764211262,-22.031369022210967,13.261301257999705,0.002606619797713483,-0.008984591414836651,-0.6596791031684177,0.021191710385565846,-0.028529551517275323,-29.5,1469.5999755859375
2025-08-29,1501.9000244140625,1501.9000244140625,1467.699951171875,1469.5999755859375,1416.782958984375,8169075,-0.0203319781990442,1466.4999877929688,1540.8879956054689,1488.553379846501,1519.9274992785536,56.95448140075123,0.015956116436667757,-9.609337244573908,-19.546962666683555,9.937625422109647,-0.017909682164445884,-0.032521411727493454,0.5007401672936074,0.002113868270557627,-0.04626424517735295,-30.5,1499.4000244140625
2025-09-01,1476.699951171875,1503.4000244140625,1476.199951171875,1499.4000244140625,1445.511962890625,4546057,0.020277660127371533,1466.0199890136719,1538.5079956054688,1489.5863936148403,1519.1225002642598,65.19316872548018,0.016624984228200884,-7.780164569171802,-17.193603047181206,9.413438478009404,0.008000016412815114,-0.006361812846877091,-0.44350406869810843,0.022769154343419615,-0.025419413680730068,29.800048828125,1498.699951171875
2025-09-02,1499.4000244140625,1512.800048828125,1486.300048828125,1498.699951171875,1444.837158203125,5218763,-0.0004669022480915386,1467.4749877929687,1536.023994140625,1490.454351477415,1518.3216159861272,64.28861247542017,0.015469317041225754,-6.314235528627933,-15.017729543470553,8.70349401484262,-0.02180015987617845,0.01980129019418042,0.1479757072997545,0.02127802084440809,-0.024299127559939012,-0.7000732421875,1479.0999755859375
2025-09-03,1500.0,1501.9000244140625,1473.0,1479.0999755859375,1425.941650390625,4623483,-0.013077985070068077,1467.4049865722657,1533.9259936523438,1489.3729823448934,1516.783512441022,60.48817891730782,0.015705406552557286,-6.657289340998659,-13.345641502976175,6.688352161977516,-0.03301516789097436,-0.0009456429679585154,-0.11406534460369244,0.00796984412666495,-0.03574228371726277,-19.5999755859375,1463.0
2025-09-04,1484.0,1484.0,1460.0999755859375,1463.0,1410.420166015625,5787724,-0.010884981307338282,1467.5399841308595,1531.553994140625,1486.861269740618,1514.6743550903939,56.598990950064014,0.015590314563095248,-8.134525686993584,-12.303418339779657,4.168892652786074,-0.024731668681913233,0.0018489016514391388,0.2518103775876326,-0.0030936016598881568,-0.044761069085972105,-16.0999755859375,1444.5999755859375
2025-09-05,1470.0,1472.699951171875,1433.0,1444.5999755859375,1392.6815185546875,5466487,-0.012576913475093932,1467.9349853515625,1528.1479931640624,1482.8363845830295,1511.9263402078661,49.432446747882985,0.015411842914020967,-10.667011658487354,-11.976137003521199,1.309125345033845,-0.017011431964696677,0.005498729506894451,-0.05550316497469476,-0.015896487241249608,-0.054672726693922494,-18.4000244140625,1432.9000244140625
2025-09-08,1451.0,1458.0,1428.300048828125,1432.9000244140625,1381.4019775390625,3811567,-0.008099094122668404,1467.7349853515625,1524.4859936523437,1478.0805407574135,1508.8272690002661,49.46866541688864,0.015528434811309917,-13.462921140935578,-12.273493831004075,-1.189427309931503,-0.04435107304068975,-0.002783770570002675,-0.30273921807552084,-0.02373382203542425,-0.06007662229736906,-11.699951171875,1504.300048828125
2025-09-09,1481.0,1507.199951171875,1472.5,1504.300048828125,1450.2359619140625,13072640,0.049829034264452066,1471.794989013672,1522.4119946289063,1480.5776367641479,1508.6497309542997,59.45310649294713,0.018916283392021043,-9.804296467191307,-11.779654358241523,1.9753578910502156,0.003736636977849539,0.057058586631452135,2.429728507986348,0.02208531762717605,-0.011896875395543747,71.4000244140625,1532.5999755859375
2025-09-10,1510.0999755859375,1534.9000244140625,1509.300048828125,1532.5999755859375,1477.518798828125,7281071,0.01881268752191989,1477.014990234375,1521.0279931640625,1485.532145223366,1509.5889562339717,55.829598954934475,0.019246941902831532,-4.56857874534785,-10.337439235662789,5.768860490314939,0.036170644907763005,0.07309902533493262,-0.4430297935229609,0.03763332513148163,0.00760800095322557,28.2999267578125,1509.699951171875
2025-09-11,1523.9000244140625,1527.5,1506.5,1509.699951171875,1455.4417724609375,8003662,-0.014941944916387895,1481.294989013672,1519.0859912109374,1487.833841027986,1509.5933089766345,51.98565628370465,0.019649136845765,-2.241239700063943,-8.718199328543019,6.476959628479076,0.031920677492737415,0.060108122360382765,0.09924240540986351,0.01917576334820158,-0.00617874175219032,-22.9000244140625,1525.5999755859375
2025-09-12,1537.0,1542.9000244140625,1521.0999755859375,1525.5999755859375,1470.7703857421875,12856963,0.010531910265825006,1486.2449890136718,1517.3879907226562,1491.4306157477909,1510.2210213926855,55.57180065301721,0.019715337241104372,0.8760932909535768,-6.7993408046437,7.675434095597277,0.05607088562156859,0.06939576734489883,0.606385052242336,0.026479474691708242,0.005411921613647608,15.9000244140625,1508.4000244140625
2025-09-15,1525.5999755859375,1527.5,1501.199951171875,1508.4000244140625,1454.1885986328125,6167414,-0.011274220927585565,1489.2799926757812,1515.1819921875,1493.0467499064835,1510.149609746465,46.23212223022655,0.019793989451344918,1.9363883523594723,-5.052194973243067,6.988583325602539,0.05269034734706857,0.04192862836878075,-0.5203055340518596,0.012838439938972447,-0.004476008696253267,-17.199951171875,1511.300048828125
2025-09-16,1508.4000244140625,1514.0,1503.5,1511.300048828125,1456.9844970703125,8923112,0.001922583112652143,1493.0549926757812,1512.593994140625,1494.7851593275923,1510.1947250045696,47.09432751047521,0.019641263372312822,2.976377731478806,-3.4464804322986926,6.422858163777498,0.004653326977854588,0.05258392354953734,0.4468157967018267,0.012219949192658898,-0.0008554478713470963,2.9000244140625,1522.4000244140625
2025-09-17,1516.9000244140625,1526.699951171875,1514.0,1522.4000244140625,1467.685546875,4795698,0.007344653759883357,1497.1749938964845,1510.5019946289062,1497.4151464786846,1510.6733641970989,53.760547863090224,0.019668224942764278,4.642733528453846,-1.8286376401481852,6.471371168602031,-0.00665532515617806,0.05722223917643232,-0.4625531989288042,0.016848418268013168,0.00787687128349627,11.0999755859375,1540.5999755859375
2025-09-18,1550.0,1555.0,1538.5,1540.5999755859375,1485.2313232421875,9331945,0.011954775932744521,1499.3949951171876,1508.5399951171876,1501.5279873460422,1511.8469568005826,62.491205524004734,0.01790869820537432,7.34722225457017,0.006534338795485928,7.340687915774684,0.020467659411445904,0.029675194401180827,0.9458992205097152,0.027481071100633806,0.021252323818076443,18.199951171875,1540.199951171875
2025-09-19,1544.5999755859375,1551.300048828125,1520.0999755859375,1540.199951171875,1484.845703125,12988129,-0.000259654952876609,1501.5849914550781,1506.6699951171875,1505.211031519931,1512.95883893279,58.006267363764366,0.017910624914016668,9.350483870154221,1.875324245067233,7.475159625086988,0.009569989394061285,0.029270199173488498,0.39179227910151626,0.025716133243565448,0.022254346448360524,-0.4000244140625,1499.5
2025-09-22,1482.699951171875,1514.699951171875,1482.0,1499.5,1445.6083984375,15655204,-0.02642510872754411,1502.184991455078,1504.343994140625,1504.6671237561281,1512.4310413275825,50.135693581780544,0.018921224192901594,7.566712861585529,3.0136019683708923,4.553110893214637,-0.00590030778971895,0.00806722689075623,0.20534712890517182,-0.001787390681141902,-0.003220004307187859,-40.699951171875,1497.5
2025-09-23,1493.0,1513.0,1493.0,1497.5,1443.6802978515625,9832164,-0.0013337779259753324,1500.4549926757813,1502.3959936523438,1503.9845405412589,1511.8455102951284,53.31890976875764,0.017609347334852827,5.923396967560848,3.5955609682088836,2.327835999351964,-0.009131243553406665,-0.02258336671058625,-0.37195554909409034,-0.001969397742821771,-0.0032587904074754498,-2.0,1494.5999755859375
2025-09-24,1487.199951171875,1496.699951171875,1482.699951171875,1494.5999755859375,1440.884521484375,4937004,-0.0019365772381051416,1498.7049926757813,1500.8819921875,1503.0907724502758,1511.1692148163365,55.984846628291564,0.01761005859566056,4.337054681746622,3.7438597109164315,0.5931949708301905,-0.018260672873297246,-0.022881799528398084,-0.4978720859416096,-0.002739042780203702,-0.004185549986116182,-2.9000244140625,1484.800048828125
2025-09-25,1489.0,1502.699951171875,1476.5,1484.800048828125,1431.4368896484375,9491867,-0.006556889413818268,1497.9399963378905,1498.8659936523438,1501.3487987719757,1510.1351298756224,57.8700289403437,0.017138519211681795,2.2630082528446565,3.4476894193020766,-1.1846811664574202,-0.03621960771263166,-0.010199271386453046,0.9225965788158161,-0.008772011924302443,-0.009384391188930646,-9.7999267578125,1448.9000244140625
2025-09-26,1475.0,1478.699951171875,1441.199951171875,1448.9000244140625,1396.8270263671875,8597058,-0.024178356164789028,1496.9049987792969,1495.6859936523438,1496.3536774045554,1507.7337531908554,52.861231828060646,0.017393933951863606,-2.2515657772216855,2.3078383799973246,-4.55940415721901,-0.05927797016766956,-0.01408543244131577,-0.09427112706067209,-0.03206948630967343,-0.031280609323641344,-35.9000244140625,1441.800048828125
2025-09-29,1460.0,1465.0,1436.5,1441.800048828125,1389.982177734375,10513117,-0.004900252237078129,1494.025,1492.8519946289061,1491.1580937306096,1505.1481177256503,35.485356085037665,0.016703313484563765,-6.329346152052494,0.5804014735873606,-6.909747625639855,-0.038479460601450466,-0.03841534923840384,0.2228738017121672,-0.03495587501673338,-0.03419759358895565,-7.0999755859375,1441.800048828125
2025-09-30,1443.0,1452.199951171875,1438.0999755859375,1441.800048828125,1389.982177734375,7556305,0.0,1491.1800048828125,1489.96599609375,1486.4573275494206,1502.6638797296691,25.72192886886441,0.016705638877653504,-9.452059025186827,-1.426090626167477,-8.02596839901935,-0.03719529293614354,-0.03796617348206255,-0.281249794899077,-0.0331146849427934,-0.03232687684947294,0.0,1445.800048828125
2025-10-01,1446.0,1449.5,1427.4000244140625,1445.800048828125,1393.8385009765625,6250692,0.002774309796459651,1489.5150085449218,1487.19599609375,1482.5852057664401,1500.4339255766674,30.993468760574956,0.01651751076340997,-11.471824848580582,-3.4352374706500983,-8.036587377930484,-0.032650828017497524,-0.022513641611427215,-0.1727845818822824,-0.029348451990088422,-0.027834896929762466,4.0,1446.5999755859375
2025-10-03,1439.0,1448.300048828125,1433.199951171875,1446.5999755859375,1394.609619140625,6877533,0.0005532762005788783,1488.6950073242188,1484.7099951171874,1479.1580409873447,1498.3227902829135,24.182965339954393,0.016354814947278216,-12.859717591658182,-5.320133494851715,-7.5395840968064665,-0.02572741917158261,-0.011209859476461026,0.10028345661568361,-0.028276464642642204,-0.02566832556969613,0.7999267578125,1476.0
2025-10-06,1446.5999755859375,1478.800048828125,1442.300048828125,1476.0,1422.9530029296875,4630590,0.02032353443263002,1490.2650085449218,1482.7399951171874,1478.8572751790261,1497.4473867424072,40.19368706666657,0.01672011731127606,-11.455247364837533,-6.5471562688488785,-4.908091095988654,0.018703827130444495,0.021736137993029203,-0.32670770172967545,-0.00957212875772342,-0.00454563520197936,29.4000244140625,1458.5
2025-10-07,1477.699951171875,1482.9000244140625,1454.0,1458.5,1406.0819091796875,5570320,-0.01185636856368566,1491.5450073242187,1480.8599951171875,1476.918487066738,1495.920038242705,35.316989381636475,0.016850779810000632,-11.620346220008287,-7.561794259080761,-4.058551960927526,0.011582709534132984,0.01786584908211286,0.20293958221306574,-0.022154884473449637,-0.015099330923189708,-17.5,1495.0
2025-10-08,1457.0,1498.0,1455.0,1495.0,1441.2701416015625,4657192,0.025025711347274493,1491.0800048828125,1480.44599609375,1478.6405359175246,1495.8839583116187,43.32357523541089,0.013684755813428037,-8.70559066528449,-7.790553540321508,-0.9150371249629821,0.03689828642682813,-0.006182309729611424,-0.16392738657743178,0.0026289636400130896,0.009830823917016698,36.5,1509.300048828125
2025-10-09,1502.0,1514.0,1487.0,1509.300048828125,1455.0562744140625,7028753,0.009565250052257612,1489.9150085449219,1480.3119970703126,1481.560489528058,1496.4100795083443,42.22554939240738,0.013153731180853851,-5.1819966271143585,-7.268842157680078,2.0868455305657196,0.04392031944629493,-0.01520287558983191,0.5092255161479278,0.013010836304102278,0.019582393316532387,14.300048828125,1514.9000244140625
2025-10-10,1510.0,1521.699951171875,1498.800048828125,1514.9000244140625,1460.4549560546875,3738353,0.0037103129959383807,1490.1750122070312,1480.3359985351562,1484.7356833267252,1497.1351753870001,43.87410612261305,0.012744439277565384,-1.9155702356288202,-6.198187773269827,4.2826175376410065,0.047214191884982215,0.0034444415515486604,-0.4681342479953414,0.016592019061178753,0.0233487707609006,5.5999755859375,1493.199951171875
2025-10-13,1497.0,1504.699951171875,1483.4000244140625,1493.199951171875,1439.5347900390625,5859355,-0.014324425963740173,1488.5550109863282,1479.8199975585937,1485.5418040738823,1496.98085286876,48.319986979166664,0.012899941353730284,-1.0656343728946922,-5.1716770931948,4.106042720300108,0.011653083449779889,-0.021237562226374962,0.5673626861882759,0.0031204356918385274,0.009041608868210661,-21.7000732421875,1489.9000244140625
2025-10-14,1499.0,1514.4000244140625,1486.5,1489.9000244140625,1436.353515625,5600789,-0.0022099697734537793,1487.6300109863282,1479.437998046875,1485.956872677709,1496.703173321517,47.987293820382,0.012677042875000178,-0.6508282460433747,-4.267507323764516,3.616679077721141,0.021528984857087652,-0.012264651087622647,-0.04412874795945965,0.001525926077700745,0.00707162204904785,-3.2999267578125,1474.4000244140625
2025-10-15,1483.9000244140625,1488.5999755859375,1467.5,1474.4000244140625,1421.4105224609375,6986098,-0.010403382606893885,1485.785009765625,1479.5339990234374,1484.8562204621235,1495.8285400310288,44.985113960632,0.012849447743715636,-1.554888081176614,-3.724983475246936,2.170095394070322,-0.013779247883570211,-0.02441608100434789,0.24734175845581752,-0.007662606148758032,-0.003469994344681239,-15.5,1471.5
2025-10-16,1473.9000244140625,1474.5,1460.5,1471.5,1418.61474609375,8005748,-0.0019669183166318716,1483.240008544922,1479.3539990234376,1483.5841994657308,1494.8744796376552,46.580964311535986,0.012692946645169501,-2.4768185254233686,-3.475350485282223,0.9985319598588545,-0.025044754260409863,-0.0334340669980302,0.1459541506574915,-0.007915110486022437,-0.005309073439232429,-2.9000244140625,1441.0999755859375
2025-10-17,1454.9000244140625,1458.4000244140625,1434.0,1441.0999755859375,1389.3072509765625,16959378,-0.020659207892669063,1478.2650085449218,1478.9699975585938,1479.5380829057503,1492.765675557196,47.93649501901455,0.012949283918825003,-5.595976023030289,-3.8994755928318363,-1.6965004301984528,-0.048716118317226664,-0.06458522755860563,1.1184001794710499,-0.025140981315364002,-0.025605672890707844,-30.4000244140625,1460.9000244140625
2025-10-20,1453.699951171875,1467.0,1450.0,1460.9000244140625,1408.395751953125,6994246,0.013739538660441974,1474.3000122070312,1479.4539990234375,1477.7630297160658,1491.5160421790338,54.734746814643835,0.01348679745005055,-6.396497506113519,-4.398879975488173,-1.9976175306253463,-0.02163134731719174,-0.05148677397209134,-0.5875882948065666,-0.009089050859403331,-0.012541095986507307,19.800048828125,1472.4000244140625
2025-10-21,1478.0,1486.0,1470.0,1472.4000244140625,1419.482421875,1698704,0.007871859680892657,1472.9450134277345,1480.1639990234376,1477.252267306351,1490.7663944235446,57.17635203417052,0.01243078527748784,-6.033413226408356,-4.72578662567221,-1.3076266007361461,-0.01174575455617044,-0.018072674615496886,-0.7571283595115185,-0.0003699995646162688,-0.005245347552364106,11.5,1528.5
2025-10-23,1510.0,1546.0,1506.0,1528.5,1473.566162109375,20358624,0.03810104228180955,1474.4950134277344,1482.2719995117188,1482.1330037533653,1492.246143661837,65.58611683962641,0.015173073788069388,-1.20497691236028,-4.021624683009824,2.816647770649544,0.036692874857647384,0.020701168614357224,10.984797822339855,0.03662608966490912,0.031187258818563206,56.0999755859375,1525.4000244140625
2025-10-24,1539.5,1543.0,1518.0,1525.4000244140625,1470.57763671875,8652257,-0.0020281161831452454,1476.0350158691406,1484.2160009765626,1486.2536723877174,1493.546295848199,64.72347161273254,0.015174062429766747,2.3444264426436803,-2.748414457879123,5.092840900522804,0.036629306431575026,0.020607553413113378,-0.575007770662693,0.03344433432417868,0.027747998546304775,-3.0999755859375,1504.5
2025-10-27,1510.0,1515.300048828125,1498.0999755859375,1504.5,1472.633056640625,7273211,-0.01370134002855461,1477.0200134277343,1485.8240014648438,1487.9914178746014,1493.9758528737598,55.499804951407455,0.015446181353859268,3.4313424918225337,-1.5124630679387918,4.9438055597613255,0.04399418880587014,0.013267746850778472,-0.1593856955474161,0.01860501978473037,0.0125694554111011,-20.9000244140625,1500.199951171875
2025-10-28,1499.699951171875,1506.5,1490.5,1500.199951171875,1468.4241943359375,8211019,-0.0028581248442173246,1479.585009765625,1487.2960009765625,1489.1541353314847,1494.2199351599604,58.47904154756669,0.014328924074115432,3.9007874387439188,-0.42981296660224966,4.330600405346169,0.026901174687552487,0.03540611905128399,0.1289400238766618,0.013932921238175753,0.00867611436246702,-4.300048828125,1510.4000244140625
2025-10-29,1500.199951171875,1520.199951171875,1496.9000244140625,1510.4000244140625,1478.408203125,4884976,0.006799142497118327,1483.0150085449218,1488.5500024414061,1491.1775533393493,1494.854448464043,53.50637727804599,0.014278088040862398,5.037813824583509,0.6637123916349021,4.374101432948606,0.02580820386438254,0.0475793960762414,-0.405070673932188,0.01846577122372474,0.01467872892198422,10.2000732421875,1493.800048828125
2025-10-30,1507.0,1508.199951171875,1489.0999755859375,1493.800048828125,1462.1597900390625,5608867,-0.010990449760074128,1485.615008544922,1489.7100024414062,1491.4273148144707,1494.813099458713,46.50743808745268,0.014584451183169585,4.54702090264982,1.4403740938378857,3.106646808811934,-0.0227019634752208,0.03606602735397657,0.14818721729646156,0.005509529882321178,0.002745531935756496,-16.5999755859375,1482.300048828125
2025-10-31,1490.0,1497.0999755859375,1480.699951171875,1482.300048828125,1450.9034423828125,4819814,-0.007698486828288442,1487.440008544922,1490.5560034179687,1490.5580513871996,1494.3223915908468,42.844611253502556,0.014737601532253869,3.1932997142100703,1.7909592179123228,1.4023404962977475,-0.02825486750761863,0.025245537949445174,-0.14067957040165158,-0.003455574468394928,-0.005538842264840823,-11.5,1485.5
2025-11-03,1482.300048828125,1491.4000244140625,1474.199951171875,1485.5,1454.0355224609375,5470600,0.002158774247093209,1489.385009765625,1490.3420043945312,1490.0763322074663,1493.9764154500292,48.160547210813576,0.014737407986144969,2.3515678257051604,1.9030809394708905,0.4484868862342699,-0.012628780325689593,0.026890657452352196,0.1350230527568077,-0.002608465735959273,-0.003248921643658752,3.199951171875,1467.9000244140625
2025-11-04,1479.699951171875,1481.9000244140625,1462.9000244140625,1467.9000244140625,1436.808349609375,8691330,-0.011847846237588389,1488.9800109863281,1489.7720043945312,1487.9643028938087,1492.9538118799915,45.08050304302158,0.014316374748847938,0.26130612471365566,1.5747259765194437,-1.313419851805788,-0.02153041448413695,-0.005487788337356081,0.5887343253025263,-0.01415733348784303,-0.01468142770568297,-17.5999755859375,1466.699951171875
2025-11-06,1478.5999755859375,1483.0,1461.9000244140625,1466.699951171875,1435.6336669921875,7944752,-0.0008175442620259599,1489.3900085449218,1489.3560034179689,1485.939126539339,1491.9242487149675,48.16051912209763,0.014052831577838642,-1.4750734851234029,0.9647660841908745,-2.4398395693142776,-0.028932781075093228,0.0056221811257284315,-0.08589916618055005,-0.015234463265410328,-0.015211978999043734,-1.2000732421875,1476.800048828125
2025-11-07,1470.0,1480.9000244140625,1449.0999755859375,1476.800048828125,1445.5198974609375,8765759,0.006886273943201626,1488.4800109863281,1488.2500048828124,1485.0687381858902,1491.331142837052,51.22402837215334,0.012917520921569918,-2.0129691101649314,0.3692190453197133,-2.382188155484645,-0.011380371833122127,-0.012173880382525093,0.10333953784838101,-0.007846905616464074,-0.0076935703121929315,10.10009765625,1513.5
2025-11-10,1490.0999755859375,1520.0,1490.0,1513.5,1481.4425048828125,9787975,0.024850995367312834,1488.690008544922,1487.9280053710938,1487.7764774062816,1492.2005097846186,66.24774885093461,0.013956879592569494,0.5161739450109053,0.3986100252579517,0.1175639197529536,0.021048337141013507,0.0027827145272645293,0.11661465938089322,0.016665653233830634,0.017186311795057876,36.699951171875,1530.300048828125
2025-11-11,1525.0,1533.4000244140625,1511.0999755859375,1530.300048828125,1497.88671875,13692989,0.011100131369755628,1489.460009765625,1488.5320068359374,1491.826341351219,1493.6946093549523,65.7870724418431,0.014150326416764954,3.8319887928196295,1.0852857787702872,2.7467030140493423,0.030158228763463413,0.010165703456252118,0.3989603569686273,0.02741935922732586,0.02805988840036489,16.800048828125,1551.699951171875
2025-11-12,1540.0,1559.199951171875,1538.0999755859375,1551.699951171875,1518.8333740234375,14635417,0.01398412184599862,1492.385009765625,1490.1740063476564,1497.5285899055673,1495.9693286418906,67.2616241776731,0.013993842711032383,8.09329475749496,2.486887574515222,5.606407182979737,0.05708830667215414,0.039177606424436906,0.06882558658303162,0.03974506646616965,0.04128775871954425,21.39990234375,1541.800048828125
2025-11-13,1557.0999755859375,1557.5,1530.300048828125,1541.800048828125,1509.14306640625,19655689,-0.006380036511745346,1494.9800109863281,1491.0220068359374,1501.7449193267632,1497.7666117864487,53.62399150630109,0.01409084475809102,10.54995770800997,4.099501601214172,6.450456106795798,0.05120345002823923,0.0348345684701048,0.34302213595963815,0.031318169806770116,0.03405586353479951,-9.89990234375,1502.800048828125
2025-11-14,1520.0,1530.0,1488.800048828125,1502.800048828125,1470.9691162109375,9739549,-0.025295108811056677,1496.4000122070313,1491.1040087890624,1501.8454078507025,1497.9640014743575,44.84959592728082,0.015125491783364805,9.24335508852164,5.1282722986756655,4.115082789845974,0.017605633220713734,0.019262088947230582,-0.5044921091293213,0.004276955739698458,0.00784387941426102,-39.0,1507.5999755859375
2025-11-17,1496.0,1510.199951171875,1492.5,1507.5999755859375,1475.66748046875,7910354,0.003193988955187743,1498.205010986328,1491.6740087890626,1502.3934619207248,1498.3418828120664,50.762414339093795,0.015115109771221165,8.497226337824713,5.802063106505475,2.6951632313192384,-0.003898265222373687,0.02453277307912849,-0.18781105778101226,0.006270813760944763,0.01067657323452569,4.7999267578125,1486.4000244140625
2025-11-18,1506.0,1506.0,1483.199951171875,1486.4000244140625,1454.91650390625,7525119,-0.0140620532735386,1500.4700134277343,1492.1420092773437,1500.870277396281,1497.8735746395955,46.866499212529455,0.014675801506280731,6.124653846070942,5.866581254418568,0.2580725916523736,-0.02868720055761631,0.0314343554198635,-0.04870009610189374,-0.009377054448112414,-0.0038481490552377926,-21.199951171875,1541.0999755859375
2025-11-19,1490.5,1543.0,1490.5,1541.0999755859375,1508.4578857421875,10981126,0.03680028947351355,1504.4800109863281,1494.0720092773438,1504.7016772238674,1499.5687276178833,55.79901495097813,0.01647164109501946,8.559532997626548,6.405171603060164,2.1543613945663838,-0.00683120185570163,0.054897631481690023,0.4592627704625003,0.024340612259515195,0.031476371966395585,54.699951171875,1536.5
2025-11-20,1555.0,1555.0,1534.0,1536.5,1503.955322265625,7387584,-0.0029848651345208976,1507.685009765625,1496.1440087890626,1507.7300889168323,1501.017012809339,58.448753596416815,0.016474709524053395,10.002707693583943,7.12467882116492,2.878028872419023,-0.003437572097726549,0.043534348358521546,-0.3272471329442901,0.01911207582998682,0.026973333431719877,-4.5999755859375,1545.0
2025-11-21,1531.0,1551.5,1526.300048828125,1545.0,1512.2752685546875,9186302,0.0055320533680442985,1508.510009765625,1496.9580078125,1511.2796042580862,1502.7418358364237,62.55507103258797,0.014197904273373436,11.697471826387073,8.03923742220935,3.6582344041777226,0.028080882220347547,0.01079489695780178,0.2434785174693106,0.024189425325751995,0.03209307938951715,8.5,1548.0
2025-11-24,1563.5999755859375,1585.0,1541.0,1548.0,1515.2117919921875,19270381,0.001941747572815622,1509.6400085449218,1497.2660083007813,1514.776784804935,1504.5166658036228,62.52506235621864,0.014186501636176182,13.131290200219837,9.057647977811449,4.073642222408388,0.02679757566217833,0.014815769781188148,1.0977299679457522,0.025410025726631206,0.03388442094988566,3.0,1530.5999755859375
2025-11-25,1549.0,1550.5999755859375,1525.9000244140625,1530.5999755859375,1498.1802978515625,8107952,-0.011240325848877575,1510.9450073242188,1497.6840087890625,1516.2837553555066,1505.539540697047,62.57521064857433,0.014063964717742466,12.716971705659944,9.789512723381149,2.927458982278795,0.029736242226784615,0.017347939904245546,-0.5792531553994703,0.01300839419465462,0.021977911631365303,-17.4000244140625,1557.9000244140625
2025-11-26,1532.0999755859375,1560.300048828125,1532.0999755859375,1557.9000244140625,1524.902099609375,7575038,0.01783617487493694,1513.830010986328,1498.330009765625,1520.2472095515595,1507.592892999675,66.55776071274227,0.01452255043728004,14.425222116944042,10.716654602093728,3.708567514850314,0.010901336119830685,0.03846158853499193,-0.0657273254701064,0.029111599788552798,0.039757606308476565,27.300048828125,1566.4000244140625
2025-11-27,1564.0,1574.300048828125,1552.199951171875,1566.4000244140625,1533.2220458984375,7552252,0.005456062562934294,1516.6300109863282,1499.490009765625,1524.6427157289406,1509.8990550159256,66.36232276266213,0.014502224988160367,16.277267628725895,11.828777207420163,4.448490421305731,0.019459827148755382,0.0370762705871408,-0.003008037715454326,0.03281618658948121,0.04462184756995862,8.5,1560.0999755859375
2025-11-28,1565.0,1568.4000244140625,1557.0,1560.0999755859375,1527.055419921875,4453221,-0.004021992294389598,1519.9450073242188,1500.4660083007811,1528.019597620083,1511.8677185676906,59.57272342924604,0.014257332369367434,17.040236512023966,12.871069068340926,4.16916744368304,0.009773446981189426,0.04438340111839212,-0.41034528508847423,0.026418698089879847,0.039743630948820684,-6.300048828125,1564.0
2025-12-01,1562.5,1574.0,1556.0,1564.0,1530.872802734375,5341800,0.00249985544201925,1524.0300048828126,1501.2980078125,1531.4463026086466,1513.9121217611146,57.31019237877955,0.014063107000070506,17.7549264848235,13.847840551637443,3.907085933186057,0.010335917312661591,0.05511701307469119,0.1995362457870382,0.026226514562789613,0.04176518709890346,3.9000244140625,1561.0
2025-12-02,1567.0,1579.9000244140625,1556.0999755859375,1561.0,1527.9364013671875,6335969,-0.0019181585677748858,1527.8050048828125,1501.7060083007811,1534.2609404554423,1515.758705221463,52.192375118128,0.014102072453016808,17.87321718733233,14.652915878776422,3.220301308555907,0.019861508492723612,0.05082463816896676,0.18611123591298817,0.021727245958154003,0.039484420633244664,-3.0,1578.699951171875
2025-12-03,1555.0999755859375,1586.0,1554.0999755859375,1578.699951171875,1545.261474609375,12895312,0.011338854049887992,1533.3450012207031,1502.4760083007814,1538.4932271903406,1518.2269893763812,58.39015887466554,0.01380384019575004,19.17417361825278,15.557167426671693,3.617006191581087,0.01335125902295009,0.07548192991007019,1.0352549073393509,0.029579090103704377,0.05073221964941642,17.699951171875,1597.5999755859375
2025-12-04,1568.0,1599.0,1568.0,1597.5999755859375,1563.7611083984375,12609619,0.01197189142878785,1539.8900024414063,1504.4380078125,1544.1224413232546,1521.3396555022462,73.72371409142814,0.013877880399262231,21.482626631426,16.742259267622558,4.740367363803443,0.019918252480585652,0.0892479912537496,-0.022154795479163325,0.037476685382095726,0.06192476345961101,18.9000244140625,1616.199951171875
2025-12-05,1610.0,1631.800048828125,1600.0,1616.199951171875,1581.9671630859375,10344725,0.011642448591748122,1546.8599975585937,1506.8120068359376,1550.9869660707423,1525.0596670971336,75.42134550531458,0.013963672378005896,24.530186142831326,18.29984464266431,6.230341500167015,0.03595921829616566,0.09439321352566798,-0.17961637064529867,0.044826263348150715,0.0725956150068345,18.5999755859375,1610.800048828125
2025-12-08,1617.0999755859375,1630.0,1600.199951171875,1610.800048828125,1576.681640625,7550413,-0.0033411103247680263,1551.725,1509.1360083007812,1556.6834501428739,1528.4220350081528,81.44592276982455,0.013216041277060405,26.207567497361424,19.881389213603732,6.326178283757692,0.029923304877317758,0.06428810626238857,-0.27011950535176144,0.03807056587225513,0.06736572447291407,-5.39990234375,1599.0
2025-12-09,1601.199951171875,1606.9000244140625,1582.4000244140625,1599.0,1565.1314697265625,6957599,-0.007325582611392156,1555.1599975585937,1511.4200073242187,1560.7135977483144,1531.1897983411664,68.6894820168944,0.01327861577653589,26.281778993996568,21.1614671696823,5.120311824314268,0.0243433696348494,0.0448931248642932,-0.07851411571790845,0.0281900270777474,0.05794550307087097,-11.800048828125,1584.800048828125
2025-12-10,1608.0,1608.0,1582.800048828125,1584.800048828125,1551.2322998046875,5116140,-0.008880519807301424,1556.8150024414062,1514.1380078125,1563.0075454702012,1533.2921611053607,64.68086590520517,0.013202086852030968,24.90765481390008,21.91070469852586,2.996950115374222,0.0038640006618875233,0.02133150653981275,-0.26466874564055787,0.017975832929945073,0.046668164098008176,-14.199951171875,1598.0
2025-12-11,1598.0,1607.4000244140625,1580.5,1598.0,1564.1527099609375,5159319,0.008329095636787631,1559.625,1517.2620068359374,1566.340160187325,1535.8297234149545,65.66194305403849,0.013170890127280196,24.60020143506904,22.448604045834497,2.151597389234542,0.0002503908488831197,0.03645086871970915,0.00843976122623702,0.02460527370361465,0.05321295386050804,13.199951171875,1598.199951171875
2025-12-12,1601.4000244140625,1601.800048828125,1582.5999755859375,1598.199951171875,1564.348388671875,4633912,0.00012512588978408345,1564.3949951171876,1520.3900048828125,1569.3744259953774,1538.2756146995396,65.0841287959928,0.011536171261840271,24.09492550314235,22.77786833729607,1.317057165846279,-0.011137235827131775,0.06348143415229601,-0.10183650206548578,0.021608964590272874,0.05117762287253387,0.199951171875,1606.800048828125
2025-12-15,1585.0,1610.800048828125,1585.0,1606.800048828125,1572.766357421875,4190558,0.005381114953697752,1569.354998779297,1523.6100048828125,1572.9387710270676,1540.9628474104647,74.17515388529881,0.011547024838494584,24.11051567716686,23.04439780527023,1.0661178718966298,-0.0024832380672635823,0.06579999658306757,-0.09567596449824689,0.023860152787581038,0.054600615432235225,8.60009765625,1592.9000244140625
2025-12-16,1600.0,1603.0,1585.5999755859375,1592.9000244140625,1559.1607666015625,5499258,-0.008650749310220696,1574.679998779297,1526.536005859375,1574.83984277821,1542.9995994498215,62.135926439490525,0.011177409211824757,22.739132633161944,22.98334477084857,-0.24421213768662753,-0.00381486903435746,0.07164962207396508,0.31229731219565515,0.011570621109615811,0.043473601867207355,-13.9000244140625,1602.0
2025-12-17,1587.199951171875,1606.9000244140625,1586.0,1602.0,1568.0679931640625,4817628,0.005712835360954127,1577.725,1529.056005859375,1577.4265244183803,1545.3133406478678,62.292815467193165,0.008022824665493474,22.131475792057245,22.812970975090305,-0.6814951830330607,0.01085307334801855,0.039517244422061504,-0.12394944918023487,0.015386078055427969,0.04770524680659307,9.0999755859375,1626.800048828125
2025-12-18,1610.5,1630.0,1606.699951171875,1626.800048828125,1592.3427734375,6577293,0.015480679667993158,1582.2400024414062,1532.4220068359375,1582.128764838356,1548.5088978314075,70.4225667967106,0.008472494976276182,23.3815322955204,22.926683239176324,0.45484905634407724,0.018022558715973025,0.058769963441669404,0.3652554742707408,0.02816263418821567,0.06158750107423359,24.800048828125,1638.699951171875
2025-12-19,1650.0,1654.9000244140625,1629.800048828125,1638.699951171875,1603.9906005859375,13149023,0.007314913933228695,1586.925,1535.296005859375,1587.5164968701197,1552.045801883975,71.8038634977282,0.008511009427640617,25.043745044509706,23.350095600243,1.693649444266704,0.025341009408931248,0.06064721758697411,0.9991542113145939,0.03262595974723131,0.06735114591444534,11.89990234375,1689.5999755859375
2025-12-22,1664.0,1693.199951171875,1664.0,1689.5999755859375,1653.8125,23098923,0.031061222878332684,1594.0049987792968,1538.9020043945313,1597.2387329382927,1557.4400832056206,79.33395890704662,0.010566171923288856,30.121050484360694,24.70428657706654,5.416763907294154,0.05153094612998066,0.09147285244569603,0.7567026082470159,0.059971566513184214,0.09792564488256487,50.9000244140625,1668.300048828125
2025-12-23,1679.0,1679.0,1656.4000244140625,1668.300048828125,1632.9637451171875,6593060,-0.01260649092423538,1600.8900024414063,1541.9700048828124,1604.006477308753,1561.7875328378757,70.10775947086746,0.0106767057291039,32.056597050750725,26.17474867180338,5.881848378947346,0.04733506388249187,0.08996476900469941,-0.7145728396081497,0.04210785643230723,0.08192769220236129,-21.2999267578125,1663.4000244140625
2025-12-24,1661.0,1667.5999755859375,1652.5,1663.4000244140625,1628.16748046875,4271167,-0.0029371361689429776,1606.1650024414062,1545.3740063476562,1609.6630056044967,1565.7723364290987,65.7567314123221,0.010301610736023576,32.81684842955565,27.503168623353833,5.313679806201815,0.038327106375819264,0.06771936475171403,-0.3521722841897389,0.035634584171400724,0.07637375650270548,-4.9000244140625,1656.0999755859375
2025-12-26,1663.4000244140625,1668.800048828125,1651.699951171875,1656.0999755859375,1621.0220947265625,2006491,-0.004388630949248906,1610.65,1548.6980053710938,1614.0855741741577,1569.3145967881906,60.10127824693325,0.010429168537721103,32.456165718061584,28.493768042295383,3.9623976757662014,0.018010773222510545,0.057265034329547326,-0.530224175266385,0.028218405976430265,0.0693498473184308,-7.300048828125,1644.699951171875
2025-12-29,1658.0,1673.0999755859375,1637.0999755859375,1644.699951171875,1609.863525390625,4062817,-0.006883657135511423,1614.8799987792968,1552.10400390625,1617.0012291263213,1572.270885195394,58.329214335073715,0.010547220026863108,30.894305056731355,28.97387544518258,1.9204296115487764,0.0036614390546050313,0.05422727832180341,1.0248368918674444,0.01846573888779315,0.05965833928176502,-11.4000244140625,1621.5999755859375
2025-12-30,1647.0,1647.9000244140625,1616.800048828125,1621.5999755859375,1587.2528076171875,9395937,-0.014045100183458059,1617.7599975585938,1555.1060034179689,1617.439204979618,1574.2053593283565,55.260703745820884,0.011192531040543385,27.475820103743217,28.67426437689471,-1.198444273151491,-0.04024621270275419,0.03682862889126448,1.3126655716956979,0.0023736388791531014,0.04275848207248991,-23.0999755859375,1615.4000244140625
2025-12-31,1621.0,1628.5999755859375,1609.199951171875,1615.4000244140625,1581.1842041015625,6538656,-0.003823354258274958,1620.479998779297,1558.5920043945312,1617.244997306708,1575.8208363905412,57.39844932870159,0.011234489444730735,23.98982216841773,27.737375935199314,-3.747553766781582,-0.031708938959284616,0.03484947111727266,-0.3040975051237572,-0.0031348578008128154,0.036448294267748184,-6.199951171875,1629.800048828125
2026-01-01,1615.4000244140625,1639.5999755859375,1614.0999755859375,1629.800048828125,1595.2791748046875,3658165,0.008914215795734926,1623.0350036621094,1561.9700048828124,1618.4407164992238,1577.9376682508387,57.64424250676082,0.011138512155252779,22.133958814302105,26.616692511019874,-4.482733696717769,-0.020199576225071403,0.03236846724313769,-0.4405325803957266,0.004168144957287688,0.04342595807427273,14.4000244140625,1640.4000244140625
2026-01-02,1635.9000244140625,1643.5,1627.5,1640.4000244140625,1605.6546630859375,2524526,0.006503850330326744,1625.1750061035157,1565.3300048828125,1620.53207915778,1580.3871724141025,59.66118784908668,0.010937174795155703,21.2732780700494,25.54800962282578,-4.27473155277638,-0.009480074514414683,0.026790216250740517,-0.30989280144553344,0.009368233115429213,0.047957950909444186,10.5999755859375,1606.4000244140625
2026-01-05,1637.0,1637.0,1583.0999755859375,1606.4000244140625,1572.374755859375,5917885,-0.02072665172761412,1624.685009765625,1566.8880053710936,1619.1861691821878,1581.4072842572382,49.91796051389715,0.011706403671434216,17.644274318056205,23.967262561871866,-6.3229882438156615,-0.02328687778614158,-0.006063560855020911,1.3441568833119564,-0.011254480247959095,0.025216875046287075,-34.0,1612.199951171875
2026-01-06,1600.0999755859375,1619.9000244140625,1599.0,1612.199951171875,1578.0518798828125,4466729,0.0036105121200604717,1624.7550048828125,1568.62400390625,1618.5208150859676,1582.614839822518,54.0941749579072,0.011712659312858096,15.062635629020178,22.18633717530153,-7.123701546281353,-0.005796759099398696,0.0008690726976128271,-0.24521530918562962,-0.007727351922724527,0.02777972742805826,5.7999267578125,1639.0
2026-01-07,1615.0,1642.0,1615.0,1639.0,1604.2843017578125,4508079,0.016623278526118668,1626.7550048828125,1571.31400390625,1620.4712136492087,1584.8260225745762,57.3007131529608,0.012129447891731636,15.006225900207028,20.75031492028263,-5.744089020075602,0.014609369338407507,0.025015634771732298,0.009257333498405629,0.007527252155630897,0.04307604713347183,26.800048828125,1613.300048828125
2026-01-08,1638.9000244140625,1644.300048828125,1608.5999755859375,1613.300048828125,1579.128662109375,3942131,-0.015680263070088518,1628.1800048828125,1573.576005859375,1619.7882455710103,1585.9426510551077,47.34565269985368,0.01251903610753415,12.740880567338309,19.148428049693766,-6.407547482355458,-0.010123941284615912,0.017983341192520985,-0.12554083457721132,-0.009139011663368531,0.025244438667616494,-25.699951171875,1614.0999755859375
2026-01-09,1610.0,1631.300048828125,1607.0,1614.0999755859375,1579.91162109375,6816681,0.0004958326000135127,1628.9850036621094,1575.6500048828125,1619.246505572432,1587.0468598602383,44.942435675876986,0.012398499169183327,10.88465395882099,17.495673231519213,-6.611019272698222,-0.016032704484699845,0.010075078589447672,0.7291868281393998,-0.009137609028142675,0.02440260881793016,0.7999267578125,1595.9000244140625
2026-01-12,1610.0999755859375,1613.300048828125,1592.5999755859375,1595.9000244140625,1562.09716796875,6985362,-0.011275603399515721,1628.8700073242187,1577.6920043945313,1617.0230311763967,1587.394042783918,27.743453718190636,0.012679132042904467,7.854455765116882,15.567429738238747,-7.712973973121866,-0.006536354482333806,-0.001439073224927867,0.02474532694136644,-0.020241015404486903,0.011540921782460875,-18.199951171875,1599.0
2026-01-13,1618.0,1618.0,1586.4000244140625,1599.0,1565.1314697265625,8080618,0.0019424622711410322,1628.4800048828124,1580.0260034179687,1615.3065520167397,1587.8491783610193,31.981248254322935,0.012625581244866376,5.638150893542161,13.58157396929943,-7.94342307575727,-0.008187539741754901,-0.004854399172948609,0.15679301945983615,-0.018102773625970205,0.012008660959367807,3.0999755859375,1599.800048828125
2026-01-14,1588.0,1617.0,1583.0999755859375,1599.800048828125,1565.91455078125,7557157,0.0005003432320982437,1628.8250061035155,1582.3120043945312,1613.8297421892526,1588.3178399479646,33.10307297048192,0.012466800698086726,3.9012988249676255,11.645518940433071,-7.7442201154654455,-0.02391699278332826,0.004331737276858094,-0.06477982253337555,-0.017819567581924718,0.01105220992132053,0.800048828125,1599.800048828125
2026-01-15,1599.800048828125,1599.800048828125,1599.800048828125,1599.800048828125,1565.91455078125,0,0.0,1628.7150085449218,1584.9500048828124,1612.4935809167641,1588.7681226491472,34.438917871344884,0.01240127869987069,2.496058043890571,9.815626761124571,-7.3195687172340005,-0.008367941233130338,-0.0013732529162765461,-1.0,-0.017753234645163107,0.009369408435321934,0.0,1689.800048828125
2026-01-16,1663.699951171875,1694.0,1653.4000244140625,1689.800048828125,1654.00830078125,19335957,0.05625703041197316,1631.865008544922,1589.4120068359375,1619.8561016702272,1592.7301589698916,58.689815045662336,0.017417143861265444,8.546127995538427,9.561727008007344,-1.0155990124689165,0.046899246878872924,0.038726332744692504,inf,0.03550234852750582,0.0631604905212911,90.0,1681.199951171875
2026-01-19,1685.0,1685.0,1666.5,1681.199951171875,1645.59033203125,5104958,-0.0050894173320767955,1633.990008544922,1593.5000048828124,1625.6983730513366,1596.1995625856557,62.16326638396165,0.017440367621791738,12.50277184267793,10.14993597494146,2.35283586773647,0.053449417540506916,0.025935193303451953,-0.7359862767588902,0.028892430418833357,0.05503605021671283,-8.60009765625,1658.9000244140625
2026-01-20,1673.0,1680.199951171875,1652.9000244140625,1658.9000244140625,1623.7628173828125,6406503,-0.013264291818631313,1632.455010986328,1596.4080053710939,1628.860435085882,1598.6584042259854,58.33014638160201,0.016251612485319915,13.681313214113516,10.856211422775871,2.8251017913376444,0.03746092833900083,-0.018169952423933045,0.2549570437210258,0.01619953582166801,0.03914539317813182,-22.2999267578125,1654.4000244140625
2026-01-21,1651.0,1657.0,1631.199951171875,1654.4000244140625,1619.358154296875,6224582,-0.0027126408667028645,1631.760009765625,1598.8900048828125,1631.2927769266612,1600.844350115714,54.89649528702336,0.016022070685223253,14.089785078183013,11.5029261538573,2.5868589243257123,0.034129249855900934,-0.008331849192132035,-0.028396302944055485,0.013874598294444878,0.034717847607858746,-4.5,1663.5
2026-01-22,1666.0,1671.199951171875,1653.800048828125,1663.5,1628.265380859375,6228892,0.005500468720774032,1631.7650085449218,1601.126005859375,1634.3601315050744,1603.3014344249018,54.62554893790933,0.0160599894986251,14.975169518959774,12.197374826877795,2.7777946920819794,0.039817445447970945,6.0103152861756826e-05,0.0006924159726708901,0.019448260802808218,0.038956330677513966,9.0999755859375,1670.800048828125
2026-01-23,1667.199951171875,1675.699951171875,1662.199951171875,1670.800048828125,1635.4107666015625,5869137,0.004388367194544607,1632.5000122070312,1603.706005859375,1637.8305998215553,1605.948438911303,64.43947526158917,0.01605013554441936,16.08052966233663,12.974005793969564,3.1065238683670664,-0.011243933868493206,0.008876319943780242,-0.05775585770310354,0.023460971721105655,0.04183687204737784,7.300048828125,1682.699951171875
2026-01-27,1685.800048828125,1689.4000244140625,1661.0999755859375,1682.699951171875,1647.05859375,10673087,0.0071222779482778,1634.4000122070313,1607.30400390625,1642.1038713787286,1608.9583021372077,65.38630403253221,0.016013691121492583,17.712578626451204,13.921720360465894,3.7908582659853103,0.0008922198688825489,0.02310451822712367,0.818510455625759,0.02955209165693857,0.0469083303982254,11.89990234375,1666.5
2026-01-28,1680.0,1688.800048828125,1650.0,1666.5,1631.2017822265625,8588664,-0.009627355822167227,1636.6450134277343,1610.4820043945313,1644.4273121998021,1611.2148393082975,56.2929132098662,0.015820742734405084,17.497092922215643,14.636794872815845,2.8602980493997983,0.004581334302301787,0.027688717988441303,-0.1952971057014714,0.01824157732881759,0.03478337258821404,-16.199951171875,1659.5
2026-01-29,1658.0,1666.5,1642.0999755859375,1659.5,1624.35009765625,4749582,-0.00420042004200416,1638.8500122070313,1613.94400390625,1645.8628062760115,1613.1083750216976,61.56156064419952,0.015827622151119835,16.57046346251832,15.02352859075634,1.5469348717619784,0.003082673785467227,0.02729972447656337,-0.44699408429529897,0.012600291447756968,0.028226503511578037,-7.0,1641.0
2026-01-30,1655.0,1655.0,1618.0999755859375,1641.0,1606.241943359375,9207926,-0.01114793612533893,1639.410009765625,1615.9420043945313,1645.3996818687722,1614.202164236533,56.183917129084236,0.01596574220537185,14.179851054351047,14.854793083475283,-0.6749420291242352,-0.01352569882777277,0.006871978669977352,0.9386813408000956,0.0009698551459998825,0.015506741911110573,-18.5,1629.4000244140625
2026-02-02,1662.0,1662.0,1618.0,1629.4000244140625,1594.8875732421875,6784887,-0.0070688455733927125,1638.860009765625,1617.8000048828126,1643.8759049683235,1614.798158753299,57.94215635657281,0.01598381578981656,11.219916202870309,14.12781770735429,-2.9079015044839807,-0.024778563086049643,-0.006705681441286915,-0.2631470974028245,-0.005772296166354863,0.007170243229224239,-11.5999755859375,1656.0
2026-02-03,1727.199951171875,1728.0,1653.0,1656.0,1620.9241943359375,8805868,0.01632501238945472,1641.3400085449218,1620.0200048828126,1645.030580685626,1616.413917233562,62.15870813726041,0.015624817754983684,10.894952007535494,13.481244567390531,-2.5862925598550373,-0.01586732747765307,0.03087647835664664,0.2978650934053877,0.008931721263575682,0.0222095992696029,26.5999755859375,1535.800048828125
2026-02-04,1574.0,1584.9000244140625,1510.0999755859375,1535.800048828125,1503.2701416015625,28828622,-0.07258451157721924,1637.5200134277343,1619.776005859375,1634.6276728896735,1613.2525890607997,40.955337008095704,0.022772217352285493,0.9275913392746133,10.970513921767347,-10.042922582492734,-0.07842781348447347,-0.047388602318351736,2.2737967455337738,-0.06211830314469516,-0.05184417890342579,-120.199951171875,1520.199951171875
2026-02-05,1534.0,1551.0,1515.699951171875,1520.199951171875,1488.00048828125,10628127,-0.010157635864221692,1631.580010986328,1619.5680053710937,1623.7297946308356,1609.6034660063322,39.22575545483265,0.02239290331002479,-8.136617445637057,7.149087648286468,-15.285705093923525,-0.08394097549148838,-0.07248325126792254,-0.6313341997407993,-0.06826515344909209,-0.06135466610211923,-15.60009765625,1507.0999755859375
2026-02-06,1522.0999755859375,1525.0,1480.0,1507.0999755859375,1475.177978515625,13900866,-0.008617271416065497,1626.2700073242188,1618.5520043945312,1612.6221928170357,1605.5837212839638,18.76920521551365,0.022246146152935256,-16.190492837301917,2.4811715511687913,-18.67166438847071,-0.0815966023242306,-0.06582784976627842,0.3079318679575431,-0.07327813413613743,-0.06885909659126815,-13.0999755859375,1497.199951171875
2026-02-09,1522.0999755859375,1528.0,1493.0,1497.199951171875,1465.4876708984375,8294615,-0.006568923478492916,1620.4250061035157,1617.1680029296874,1601.6295983746395,1601.3333773579996,18.686160258732727,0.02224111824713326,-23.10574766622608,-2.6362122923101827,-20.469535373915896,-0.08113420354816003,-0.0724242774191397,-0.4033022834692457,-0.0760448983862255,-0.07418403749052441,-9.9000244140625,1497.800048828125
2026-02-10,1500.0,1515.9000244140625,1491.0,1497.800048828125,1466.0750732421875,8657000,0.0004008133020445559,1615.5200073242188,1615.9220043945313,1591.7410698464,1597.2732468274162,20.396914729774167,0.022179820751189558,-28.2124979594289,-7.7514694257339265,-20.461028533694975,-0.09553137148060087,-0.06147000067999564,0.04368918870857774,-0.07286815264583013,-0.07309879761843167,0.60009765625,1471.9000244140625
2026-02-11,1501.199951171875,1505.9000244140625,1469.0,1471.9000244140625,1440.7236328125,7934411,-0.017292044044414756,1609.1650085449219,1614.0800048828125,1580.327636948082,1592.3566498700297,18.909710391822827,0.022373585073707607,-33.9581020118128,-12.992795942949702,-20.965306068863097,-0.04160699464934947,-0.07948716421884772,-0.08346875360979555,-0.08530199414103619,-0.08808731911592745,-25.9000244140625,1386.0
2026-02-12,1428.9000244140625,1435.699951171875,1380.5,1386.0,1356.64306640625,26048896,-0.05835995854966969,1598.4750061035156,1610.5800048828125,1561.8202429530265,1584.2642322280678,12.530385713127217,0.025428150290257686,-44.92508033076501,-19.379252820512765,-25.54582751025225,-0.08827782889245883,-0.1336417316556131,2.283028318044024,-0.13292357108632574,-0.13944045263318242,-85.9000244140625,1369.0999755859375
2026-02-13,1293.9000244140625,1377.300048828125,1281.5,1369.0999755859375,1340.1009521484375,45785709,-0.012193379808125848,1586.9400024414062,1606.3880053710936,1543.4659317752084,1575.8264182421021,10.292175065332842,0.025401813148716382,-54.35362562986029,-26.37412738238227,-27.97949824747802,-0.09156658631511672,-0.1442055670714465,0.7576832814718903,-0.13727048692473295,-0.14771526492464063,-16.9000244140625,1365.5999755859375
2026-02-16,1373.699951171875,1376.0,1338.300048828125,1365.5999755859375,1336.6751708984375,14621891,-0.0025564239737145833,1570.729998779297,1601.7480053710938,1526.5263169000398,1567.582244020292,7.321686219268429,0.020587225737358716,-61.40045028721602,-33.37939196334902,-28.021058323866995,-0.08789739505597283,-0.19185706229977917,-0.680645089497249,-0.13059534315431523,-0.1474314492624858,-3.5,1391.199951171875
2026-02-17,1370.0,1431.0,1367.0,1391.199951171875,1361.73291015625,25347684,0.01874632106298435,1556.229998779297,1597.2480053710938,1513.6380915925956,1560.66529135957,13.861913500285553,0.0215761037042144,-64.179583230856,-39.53943021685042,-24.640153014005577,-0.07117111375423824,-0.17249584131730222,0.733543493109065,-0.10604476699258535,-0.12900191673825065,25.5999755859375,1373.699951171875
2026-02-18,1390.9000244140625,1401.0,1345.300048828125,1373.699951171875,1344.603515625,20241373,-0.012579068871630517,1541.9699951171874,1592.5060034179687,1500.310649647765,1553.3333172345624,13.490043195533872,0.021569842388896775,-67.02158672537894,-45.035861518556125,-21.985725206822814,-0.06671653754559803,-0.1719211941918698,-0.2014507913227891,-0.10912666555001554,-0.13739731704400107,-17.5,1370.5
2026-02-19,1385.0,1402.0,1363.199951171875,1370.5,1341.471435546875,14574228,-0.002329439677962508,1527.7749938964844,1587.9360034179688,1487.9477306336921,1546.163383225364,14.038828800407131,0.021576039390502243,-68.73971563393957,-49.77663234163282,-18.96308329230675,-0.011183261183261184,-0.17160301029045932,-0.27997829001026764,-0.10294381995045317,-0.13692995369457364,-3.199951171875,1353.199951171875
2026-02-20,1359.199951171875,1365.0,1338.199951171875,1353.199951171875,1324.5377197265625,12633552,-0.012623165872400532,1512.259991455078,1583.3040014648439,1475.1146087801858,1538.5961898115017,13.829236562120428,0.02130770794116247,-70.68253031914173,-53.95781193713461,-16.724718382007126,-0.011613486741359202,-0.18653444474188463,-0.1331580650446802,-0.1051803533664588,-0.14533156619327736,-17.300048828125,1327.5
2026-02-23,1352.0,1352.0,1318.0,1327.5,1299.3822021484375,12887826,-0.018991983519966005,1495.094989013672,1577.8940014648438,1461.0560746106441,1530.3179078581095,6.878462369733498,0.02111458609154549,-73.44931821078421,-57.85611319186453,-15.593205018919683,-0.027899806873963873,-0.20547045654500107,0.02012688118115946,-0.11209654921272653,-0.15868873399125008,-25.699951171875,1275.5
2026-02-24,1301.0,1303.5999755859375,1264.0999755859375,1275.5,1248.4835205078125,27839061,-0.03917137476459509,1474.7349914550782,1571.4400024414062,1443.3840675048684,1520.325048726419,8.378655861089001,0.021531884492819276,-78.92814840268898,-62.07052023402942,-16.857628168659552,-0.08316558024201726,-0.2419920146121658,1.1601052807509973,-0.1350988432562374,-0.18832408617677457,-52.0,1290.0999755859375
2026-02-25,1286.199951171875,1323.5999755859375,1286.199951171875,1290.0999755859375,1262.7742919921875,16669618,0.011446472431154486,1455.914990234375,1565.1060009765624,1428.7855825602085,1511.296614485616,13.08952173277926,0.022237003423636204,-81.15654268404728,-65.887724724033,-15.268817960014275,-0.06085752242665521,-0.2258626009085284,-0.4012147895361844,-0.11389058822846818,-0.17571079864177402,14.5999755859375,1289.0999755859375
2026-02-26,1305.5,1314.0,1286.300048828125,1289.0999755859375,1261.7955322265625,11493914,-0.0007751337252338564,1437.3949890136719,1559.03,1415.4821914198017,1502.5830208032755,13.618169402246806,0.02231714211552147,-82.05734683401124,-69.12164914602866,-12.935697687982582,-0.05939439942653224,-0.22319977367524102,-0.3104872589161911,-0.10316928510338912,-0.17313972432478045,-1.0,1300.0999755859375
2026-02-27,1326.300048828125,1335.0,1294.199951171875,1300.0999755859375,1272.5625,23141724,0.008533085259737172,1420.3499877929687,1552.9919995117189,1404.4934089594337,1494.6425092261252,17.226483608603786,0.02279953679827313,-80.95048573402278,-71.48741646362748,-9.463069270395295,-0.039240302617475575,-0.20773919830229282,1.0133893467447206,-0.08466224046221411,-0.16284180730183667,11.0,1288.9000244140625
2026-03-02,1291.0,1298.800048828125,1273.0,1288.9000244140625,1261.5997314453125,9700361,-0.008614684549030471,1403.3249877929688,1546.2339990234375,1393.484515193208,1486.5741764883971,16.447145267627363,0.02278698026744005,-80.05421760689887,-73.20077669228176,-6.85344091461711,-0.02907719441501888,-0.20897262483007806,-0.5808280748659866,-0.08153846355922463,-0.1664262813855475,-11.199951171875,1307.4000244140625
2026-03-04,1292.0,1317.0,1292.0,1307.4000244140625,1279.7078857421875,15154950,0.01435332426842817,1385.8949890136719,1539.6080004882813,1385.2859922618609,1479.5477391521488,22.935167347647052,0.02266466433932935,-76.96393098186581,-73.95340755019858,-3.010523431667238,0.025009819219178775,-0.2105072316340202,0.5623078357599269,-0.056638464834535183,-0.1508227912563294,18.5,1305.800048828125
2026-03-05,1320.0,1320.0,1290.0999755859375,1305.800048828125,1278.141845703125,10362147,-0.0012237842711182445,1374.3949890136719,1531.932001953125,1377.7159024110288,1472.7341042374812,31.739525348506533,0.017590749070342488,-73.79331779267704,-73.92138959869428,0.1280718060172319,0.012169656258660844,-0.14975907845262726,-0.3162533033761247,-0.04990918966808349,-0.1476122653203242,-1.5999755859375,1308.4000244140625
2026-03-06,1303.0,1327.199951171875,1303.0,1308.4000244140625,1280.686767578125,8724291,0.0019910977858139667,1363.8049926757812,1524.7340014648437,1371.1143902208416,1466.289630518916,35.21675379470763,0.01771901975710706,-70.26086418981686,-73.18928451691879,2.9284203271019322,0.014971723833407502,-0.1393237294834423,-0.1580614519365533,-0.04062528628305897,-0.14188309360383164,2.5999755859375,1315.0
2026-03-09,1290.0,1318.0,1282.5,1315.0,1287.14697265625,10068514,0.005044310197787727,1354.1999938964843,1517.7660009765625,1365.7701625807615,1460.3567038318997,37.859877894413756,0.017928521444430436,-66.16608494778802,-71.78464460309263,5.618559655304608,0.011460675866367342,-0.1274633260552287,0.15407819386125476,-0.0289469753900182,-0.13359503431101935,6.5999755859375,1295.5999755859375
2026-03-10,1320.0,1321.0,1284.0999755859375,1295.5999755859375,1268.1578369140625,9600171,-0.014752870276853569,1344.1199951171875,1510.5560009765625,1359.0872876288734,1453.8956556653914,26.360025621505642,0.018020018132096447,-63.75147541002366,-70.17801076447884,6.426535354455183,0.0051981930677058585,-0.13465133727004397,-0.04651560299762214,-0.03609798210539958,-0.14230258610184435,-19.4000244140625,1276.300048828125
2026-03-11,1288.0,1299.5,1271.300048828125,1276.300048828125,1249.2667236328125,7868891,-0.014896516765588896,1333.0449951171875,1503.1880029296874,1351.2027886954688,1446.93112206393,26.12744634584476,0.01801188573273761,-62.672770067269994,-68.67696262503708,6.004192557767084,-0.0237876510671442,-0.14788355773743034,-0.18033845438794793,-0.042567915184343816,-0.15093784254488574,-19.2999267578125,1265.800048828125
2026-03-12,1272.5,1278.5999755859375,1258.0,1265.800048828125,1238.9891357421875,7599940,-0.00822690558512551,1322.7399963378907,1496.0720043945312,1343.0691944223886,1439.8279427213495,25.224787517735734,0.017874311661411246,-61.951017789417165,-67.3317736579131,5.380755868495939,-0.03063256126839442,-0.14002308048604206,-0.03417902217733093,-0.04304696891861471,-0.15391769573256506,-10.5,1248.300048828125
2026-03-13,1251.0,1269.5999755859375,1242.5999755859375,1248.300048828125,1221.8597412109375,7366098,-0.013825248321171602,1315.854998779297,1488.7300048828124,1334.0435615086492,1432.3170449216152,25.200940086782566,0.013400465931339364,-62.075559249339676,-66.28053077619842,4.204971526858742,-0.045933945631690065,-0.0993506141211219,-0.030768927123108858,-0.05133920531809496,-0.16150004048156014,-17.5,1249.800048828125
2026-03-16,1240.199951171875,1254.300048828125,1224.199951171875,1249.800048828125,1223.3280029296875,12314450,0.0012016341755398674,1309.8900024414063,1481.1300048828125,1326.0203698247897,1425.1595156630472,29.2578664720144,0.013363668274384963,-61.346062566950195,-65.29363713434878,3.94757456739859,-0.04958171191777572,-0.08713748366459173,0.6717738482436699,-0.04587404553152105,-0.15618477465993297,1.5,1232.9000244140625
2026-03-17,1245.0,1245.0,1215.0999755859375,1232.9000244140625,1206.785888671875,11223276,-0.01352218255224813,1303.2550048828125,1472.9800048828124,1317.1517654999584,1417.6199277709302,36.005248548107545,0.013505548382250671,-61.42356924976775,-64.51962355743258,3.0960543076648293,-0.04839452944842704,-0.09717336961355572,-0.0886092354916379,-0.05398404779199467,-0.16298930037943743,-16.9000244140625,1267.0999755859375
2026-03-18,1238.0,1290.800048828125,1234.9000244140625,1267.0999755859375,1240.261474609375,12365381,0.02773943587853256,1297.0500061035157,1466.19400390625,1312.3849283652899,1411.7171845479893,43.30616235512127,0.014454520965193302,-58.05610893057451,-63.226920632060974,5.170811701486464,-0.007208393708544314,-0.08920355084932408,0.10176217710408264,-0.02309088344831934,-0.13578968935208025,34.199951171875,1220.800048828125
2026-03-19,1244.199951171875,1255.0,1215.0999755859375,1220.800048828125,1194.9422607421875,9156461,-0.03654007390885028,1289.405010986328,1458.366005859375,1303.6625588855597,1404.230238049171,34.269919105123975,0.016058099147730077,-58.449618690455964,-62.27146024373998,3.821841553284017,-0.03555063854015561,-0.11130516690585468,-0.25950838069607396,-0.053206681821194285,-0.16289872094986124,-46.2999267578125,1255.9000244140625
2026-03-20,1242.0,1264.800048828125,1229.199951171875,1255.9000244140625,1229.2987060546875,27299975,0.02875161712160046,1283.6750122070312,1450.7040063476563,1299.1137460787506,1398.4133669262255,40.837478263158,0.01781530989473412,-55.2918334847559,-60.87553489194317,5.58370140718727,0.006088260264887513,-0.08361909929656153,1.9814985287438018,-0.021637086901937067,-0.13428237675033325,35.0999755859375,1256.800048828125
2026-03-23,1238.199951171875,1261.0999755859375,1227.4000244140625,1256.800048828125,1230.1796875,12420293,0.0007166369906572712,1278.8550170898438,1443.5740063476562,1295.0838701501198,1392.8599034713982,43.04893760662659,0.01773308456334695,-52.11588206281772,-59.12360432611808,7.007722263300359,0.005600895924563032,-0.07123847607315348,-0.5450437958276518,-0.0172458706944803,-0.12938301514037542,0.9000244140625,1278.300048828125
2026-03-24,1269.0,1297.0,1251.0,1278.300048828125,1251.224365234375,13613495,0.017106937591263804,1276.39501953125,1436.8580078125,1293.4854109765965,1388.367360152054,43.779392278197406,0.01791357330232774,-47.31858813323288,-56.76260108754104,9.444012954308164,0.03682376795769704,-0.03706211011064031,0.09606874813661803,0.00149250762320791,-0.11035047173921293,21.5,1279.0999755859375
2026-03-25,1270.0,1290.5999755859375,1257.0999755859375,1279.0999755859375,1252.00732421875,10824030,0.0006257738615795816,1276.575018310547,1430.5220068359374,1292.1153695108196,1384.0823646788729,44.27282196409317,0.015596531537980686,-42.95696952244248,-54.001474774521334,11.044505252078856,0.009470444504152908,0.0028224034386024055,-0.20490439817254869,0.0019779153118099782,-0.10585089255978576,0.7999267578125,1269.699951171875
2026-03-27,1285.199951171875,1294.800048828125,1263.199951171875,1269.699951171875,1242.806396484375,13092541,-0.007348936434586784,1275.5550170898437,1423.936005859375,1289.9805677642535,1379.5967798354613,41.934116571912405,0.01545239452354785,-39.800068347332854,-51.16119348908364,11.361125141750783,0.0400556195838051,-0.015812746918933307,0.20958099709627565,-0.004590210409996183,-0.1083167038777247,-9.4000244140625,1250.5999755859375
2026-03-30,1250.0,1265.5,1243.0,1250.5999755859375,1224.1109619140625,14108486,-0.015042904875525176,1273.6300170898437,1416.9520043945313,1286.2300351758424,1374.5380816295976,37.2424563237942,0.01578268505838313,-38.39679546944626,-48.608313885156164,10.211518415709904,-0.004220120013611495,-0.029865798409080324,0.07759723647227834,-0.018082206916360415,-0.1174013151417056,-19.0999755859375,1275.699951171875
2026-04-01,1290.0,1303.0,1269.5,1275.699951171875,1248.6793212890625,8137156,0.02007034709414368,1272.4100158691406,1410.4700024414062,1285.2271700326073,1370.6620765136086,46.14489633471799,0.01636482675404747,-34.85751757855496,-45.85815462383593,11.000637045280968,0.015038113947698273,-0.01876780622433727,-0.42324385479774373,0.0025855936857642355,-0.09554974656409244,25.0999755859375,1300.800048828125
2026-04-02,1260.0,1305.4000244140625,1259.800048828125,1300.800048828125,1273.247802734375,12873492,0.019675549593925146,1273.0050170898437,1402.6900024414062,1286.7103013464662,1367.9223891533936,54.641911532063936,0.016870430833241704,-29.68505539996727,-42.6235347790622,12.938479379094929,0.017601501322499935,0.009232697795527045,0.5820628239153827,0.021834188683578167,-0.07263896758081972,25.10009765625,1306.199951171875
2026-04-06,1301.4000244140625,1320.0,1299.0,1306.199951171875,1278.5333251953125,10208682,0.004151216283098114,1272.9450134277345,1395.1900024414062,1288.5664584726956,1365.5019013894125,57.80524204655656,0.016584338706827066,-24.86350387194284,-39.07152859763833,14.208024725695488,0.02118675326650954,-0.0009179082299048957,-0.2069997790809207,0.026124410240308017,-0.06378346398254711,5.39990234375,1339.4000244140625
2026-04-07,1302.0,1345.0999755859375,1293.5,1339.4000244140625,1311.0301513671875,15355792,0.02541729787418956,1274.6250122070312,1388.8000024414061,1293.4077504671116,1364.4782983707712,66.59380985394692,0.017517365095060175,-18.15415134637101,-34.888053147384866,16.733901801013857,0.054894916848549524,0.02573133276881978,0.5041894732346448,0.0508188773848651,-0.035570260613840866,33.2000732421875,1346.199951171875
2026-04-08,1349.0,1376.9000244140625,1331.0,1346.199951171875,1317.68603515625,16030133,0.005076845329151869,1276.5150085449218,1382.6360009765624,1298.4355791056605,1363.7615004414029,67.22658499554997,0.017536268391687017,-12.148206904386825,-30.34008389878526,18.191876994398434,0.07644328918297516,0.028890191113180697,0.04391443958084351,0.05458999084263484,-0.02635259734228853,6.7999267578125,1331.5999755859375
2026-04-09,1329.9000244140625,1337.5,1314.0,1331.5999755859375,1303.395263671875,14894607,-0.010845324703234516,1277.3450073242188,1375.9980004882811,1301.594093056163,1362.5002641725612,67.78379063185409,0.01772950826507934,-8.468924189979589,-25.965851957024125,17.496927767044536,0.0438191005359152,0.012623555578659795,-0.07083696685486018,0.042474795729128746,-0.03226605335661007,-14.5999755859375,1292.5
2026-04-10,1318.0,1318.9000244140625,1283.300048828125,1292.5,1265.12353515625,19233369,-0.02936315432773462,1277.190008544922,1368.4319995117187,1300.7279889555762,1359.7551557736374,54.4971749605238,0.018678641907581568,-8.608869697627142,-22.494455505144728,13.885585807517586,-0.006380726104371237,-0.0023926950018160476,0.29129751459706177,0.011987246496330184,-0.05548832498714777,-39.0999755859375,1276.800048828125
2026-04-13,1272.0,1289.0,1265.699951171875,1276.800048828125,1249.756103515625,10366082,-0.012146964156189544,1277.2150085449218,1360.3140014648438,1298.4491375148666,1356.502014324794,61.1199450828605,0.018572691625739938,-9.872824593994892,-19.97012932291476,10.09730472891987,-0.022507964662970226,0.00039175740881547405,-0.4610365973844728,-0.00032489417523332736,-0.06139314345569293,-15.699951171875,1305.300048828125
2026-04-15,1306.300048828125,1322.5,1300.5,1305.300048828125,1277.6524658203125,12098912,0.022321427717799658,1279.190008544922,1353.0900024414063,1299.1016052589864,1354.4940941092382,60.07342146099149,0.019093455230403008,-8.477087551616478,-17.671520968655106,9.194433417038628,-0.02545914212660627,0.03120556049635881,0.1671634470960195,0.020411385414824488,-0.035319124025048595,28.5,1319.199951171875
2026-04-16,1322.0999755859375,1331.0,1309.0,1319.199951171875,1291.2579345703125,18527029,0.0106488177612718,1282.7350036621094,1346.2840014648436,1301.0157334411663,1353.1100100724789,62.083650880401215,0.01882775298906782,-6.178132273879783,-15.372843229700042,9.194710955820259,-0.020056455934719275,0.05679716379912758,0.5312971116741736,0.028427498591416755,-0.020117635107822312,13.89990234375,1318.699951171875
2026-04-17,1313.0,1328.300048828125,1306.0999755859375,1318.699951171875,1290.7685546875,12064048,-0.0003790176004447865,1286.179998779297,1339.8380004882813,1302.699944653615,1351.7605959979453,58.51601016910773,0.018838725028555388,-4.34643646056611,-13.167561875873256,8.821125415307145,-0.009687612384031596,0.055128740319984715,-0.34884065869384673,0.02528413785274414,-0.015776570980001233,-0.5,1312.5999755859375
2026-04-20,1320.0,1324.9000244140625,1308.0999755859375,1312.5999755859375,1284.7977294921875,7172300,-0.004625749459167494,1290.1649963378907,1333.5019995117189,1303.6428047424076,1350.224885393553,56.907223448799385,0.01853422717069231,-3.3484228477534543,-11.203734070249297,7.855311222495843,0.015551238364361675,0.06464429361152169,-0.40548147686415037,0.017389232626623806,-0.015674535121383344,-6.0999755859375,1313.199951171875
2026-04-21,1310.0,1325.0,1299.300048828125,1313.199951171875,1285.385009765625,10057440,0.00045708943859290585,1292.4699951171874,1326.6459985351562,1304.5530091642618,1348.7729271887815,59.30681526147212,0.017622414596772853,-2.4804833853011132,-9.459083933259661,6.978600547958548,0.028508694354420383,0.036382271702451785,0.4022614781869136,0.01603902305895157,-0.01013536947921897,0.5999755859375,1268.5999755859375
2026-04-22,1295.0,1297.699951171875,1255.9000244140625,1268.5999755859375,1241.729736328125,20088378,-0.033962821538439214,1294.8599914550782,1321.3019970703126,1301.128910728231,1345.628889871023,53.472226146812325,0.017333301574388477,-5.330039028294323,-8.633274952266595,3.303235923972272,-0.028116196942715277,0.03915459112546471,0.9973649358087147,-0.02028019711971442,-0.0398864314147938,-44.5999755859375,1240.5999755859375
2026-04-23,1254.0,1265.699951171875,1226.0,1240.5999755859375,1214.32275390625,14792854,-0.02207157538929283,1294.094989013672,1315.7099975585938,1295.3642502384887,1341.5101089186667,43.30408020786905,0.016935941573346755,-9.735473916357023,-8.85371474508468,-0.8817591712723427,-0.059581548283196506,-0.01218253724874574,-0.2636113279031289,-0.04133777959259933,-0.05708706486385986,-28.0,1154.5999755859375
2026-04-24,1200.0,1223.9000244140625,1152.199951171875,1154.5999755859375,1130.144287109375,42078914,-0.06932129751121596,1288.9849853515625,1308.6599975585937,1281.9581288430077,1334.1802997683637,27.368384055558295,0.022875744058656545,-19.9364787555362,-11.070267547174986,-8.866211208361214,-0.12444072318354793,-0.08131768719891574,1.8445433180101691,-0.10425645860333457,-0.11772348987519068,-86.0,1170.300048828125
2026-04-27,1154.5999755859375,1179.9000244140625,1154.5,1170.300048828125,1145.5118408203125,19579883,0.013597846504560973,1283.5849853515624,1302.1219995117187,1271.3240259844474,1327.7536232609034,29.612963999308533,0.02271843096838846,-26.449095179954384,-14.146033073730866,-12.303062106223518,-0.10841073396659984,-0.08448720634799978,-0.5346865891073139,-0.08825667004231097,-0.10123625185122861,15.7000732421875,1152.0999755859375
2026-04-28,1162.699951171875,1169.4000244140625,1149.800048828125,1152.0999755859375,1127.697265625,12720276,-0.015551629909280162,1277.2349853515625,1295.207998046875,1259.9693545179227,1320.8652449207086,20.578045278410983,0.022827053108501652,-32.702015940001274,-17.857229646984948,-14.844786293016327,-0.12267741515081154,-0.09928856416545795,-0.3503395296080165,-0.0979733652779494,-0.11049037890187446,-18.2000732421875,1167.5
2026-04-29,1158.5,1178.199951171875,1156.800048828125,1167.5,1142.7711181640625,8303109,0.013366916708968946,1272.1249877929688,1289.1199975585937,1251.1627493257397,1314.8509215904849,22.667481713719823,0.0231803151507952,-35.99986340911573,-21.485756399411105,-14.514107009704627,-0.07969413332145281,-0.08049141931331816,-0.34725402184669574,-0.08224426750274315,-0.09434342635978367,15.4000244140625,1181.800048828125
2026-04-30,1167.5,1189.800048828125,1159.5999755859375,1181.800048828125,1156.768310546875,12205669,0.012248435827087789,1268.684991455078,1285.0359985351563,1244.5567778497766,1309.6332403056865,27.066757814500207,0.023294474691746597,-37.0326475492368,-24.595134629376243,-12.437512919860556,-0.047396362981581674,-0.05501353598346104,0.4700118955441872,-0.06848425197125024,-0.08033700987732052,14.300048828125,1181.800048828125
2026-05-01,1181.800048828125,1181.800048828125,1181.800048828125,1181.800048828125,1156.768310546875,0,0.0,1263.9899963378907,1281.29,1238.5799465143814,1304.6201739732332,30.74783457880436,0.022692714783339982,-37.41978443908397,-27.16006459131779,-10.259719847766178,0.02355800607771874,-0.07360657359710043,-1.0,-0.06502420727054127,-0.07764826945646572,0.0,1168.4000244140625
2026-05-04,1195.0,1195.0,1165.199951171875,1168.4000244140625,1143.652099609375,7735811,-0.011338656168909389,1257.3699951171875,1277.3460009765624,1231.8961444095892,1299.278207323854,30.99579302667098,0.022072154909814196,-38.36560834377178,-29.401173341808594,-8.964435001963189,-0.0016235361315801722,-0.10178353278302843,inf,-0.07075878305401502,-0.08529088945298147,-13.4000244140625,1178.0999755859375
2026-05-05,1169.5,1185.199951171875,1160.0999755859375,1178.0999755859375,1153.1466064453125,8164108,0.008301909422451015,1250.9649963378906,1273.0840014648438,1226.7726997597176,1294.5261198047203,26.126114567376717,0.022183111322825445,-37.89563827995835,-31.100066329438548,-6.7955719505198005,0.022567485939557264,-0.09807072452499399,0.055365494322443976,-0.058247050049569885,-0.07460939401454673,9.699951171875,1167.199951171875
2026-05-06,1187.0,1191.5,1164.0999755859375,1167.199951171875,1142.4774169921875,9856963,-0.009252206637761162,1242.3549926757812,1268.9540014648437,1221.0991046561135,1289.5329367210795,21.146561224669497,0.021012320379693642,-37.96508660738073,-32.473070385026986,-5.49201622235374,-0.00025700113758031495,-0.1285650814569147,0.2073533324154948,-0.060494014953034844,-0.08018734341473906,-10.9000244140625,1162.699951171875
2026-05-07,1173.0,1175.4000244140625,1159.199951171875,1162.699951171875,1138.07275390625,12013987,-0.0038553805588168455,1233.1799926757812,1264.7980004882813,1215.5372805147574,1284.5590941505225,20.83023288300339,0.020844385868257227,-37.94582148946506,-33.567620605914605,-4.378200883550456,-0.016161869070144053,-0.13630961718596268,0.21883251463965125,-0.05715308545590096,-0.08072281050174882,-4.5,1179.199951171875
2026-05-08,1161.0,1183.5,1158.800048828125,1179.199951171875,1154.2232666015625,7582770,0.014191107502300904,1225.559991455078,1261.3180004882813,1212.076582482102,1280.4273630533205,25.98993118279381,0.021352492989300993,-36.18205740574808,-34.0905079658813,-2.0915494398667818,-0.0022001163892557685,-0.11444880385117362,-0.36883817170769373,-0.0378276384725654,-0.06510495313998277,16.5,1177.0
2026-05-11,1176.0,1187.0,1172.0999755859375,1177.0,1152.0699462890625,7336288,-0.0018656303112026817,1219.7849914550782,1258.3080004882813,1208.7359555790447,1276.3713880316218,25.62636367846504,0.020630996495432992,-34.56335450024221,-34.18507727275349,-0.3782772274887236,0.007360471932761348,-0.08936170212765959,-0.032505535576049405,-0.0350758467720119,-0.06461693039917896,-2.199951171875,1140.300048828125
2026-05-12,1162.0,1162.0,1123.0,1140.300048828125,1116.1473388671875,16891948,-0.031180927078908294,1212.9599914550781,1255.6040014648438,1202.2182501741952,1271.035257082465,26.37203147838997,0.021427791968744444,-35.82888702388118,-34.51383922297903,-1.3150478009021498,-0.032085499992487776,-0.10690789064840867,1.3025197484068238,-0.0599030002133785,-0.09183146318600455,-36.699951171875,1123.0999755859375
2026-05-13,1136.5999755859375,1142.5999755859375,1121.0,1123.0999755859375,1099.3115234375,6664111,-0.01508381347511456,1203.8499877929687,1252.2640014648437,1194.683176403885,1265.233873494366,27.464535486988552,0.02049156595584053,-37.78418031928436,-35.1679074422401,-2.61627287704426,-0.03778270855962673,-0.13958482067457478,-0.6054859392179043,-0.0670764738346437,-0.10314440543512848,-17.2000732421875,1095.0
2026-05-14,1119.800048828125,1121.9000244140625,1089.0,1095.0,1071.8067626953125,16914842,-0.025020012640706635,1192.639990234375,1248.382001953125,1185.189540555896,1258.5580353181165,35.305738323123705,0.020400671221499595,-41.12710981035252,-36.359747915862584,-4.767361894489937,-0.058226502120036105,-0.16995145502598996,1.538199318708827,-0.08186878775982272,-0.12286463735711901,-28.0999755859375,1119.0
2026-05-15,1102.0,1133.199951171875,1101.5999755859375,1119.0,1095.2984619140625,17482450,0.021917808219177992,1182.6549926757812,1244.7600024414062,1178.885774788668,1253.0851711879943,37.84935454846149,0.02148107158037563,-41.362999185857916,-37.360398169861654,-4.002601015996262,-0.05105152108601174,-0.15143698988872323,0.03355680177207687,-0.05382380581826356,-0.10103152591242263,24.0,1142.5
2026-05-18,1119.0,1146.0999755859375,1118.0,1142.5,1118.3006591796875,12096377,0.021000893655049202,1174.1499938964844,1241.832001953125,1175.420462904033,1248.748497808073,47.78189128861447,0.022433157039946777,-39.201795714406444,-37.728677678770616,-1.473118035635828,-0.02931180968564151,-0.1295901102771283,-0.3080845648064201,-0.026955665001072007,-0.07998827683366017,23.5,1196.9000244140625
2026-05-19,1162.0,1198.4000244140625,1162.0,1196.9000244140625,1171.5484619140625,32175705,0.04761490101887311,1168.3349975585938,1239.622001953125,1177.4661354287978,1246.7152243416413,55.755681598212824,0.025491639247259612,-32.722197933493135,-36.72738172971512,4.005183796221985,0.049636037150138534,-0.08856223810702146,1.6599456184277326,0.02444934621932874,-0.0344637135124663,54.4000244140625,1193.699951171875
2026-05-20,1187.0,1206.9000244140625,1184.9000244140625,1193.699951171875,1168.4161376953125,15121010,-0.0026736345366473735,1164.5899963378906,1237.38,1179.0122131186147,1244.6361940212585,52.435509612223214,0.024517756861912997,-27.527963942883844,-34.88749817234886,7.3595342294650195,0.06286170164780258,-0.0590414834112446,-0.5300488365367597,0.024995882607202563,-0.03530043222625637,-3.2000732421875,1181.199951171875
2026-05-21,1196.0999755859375,1201.800048828125,1177.0,1181.199951171875,1156.180908203125,10021033,-0.010471643219662097,1161.6199951171875,1234.8359985351562,1179.220569123687,1242.1484982232435,49.8831585782424,0.024171352272794704,-24.141849403883498,-32.73836841865579,8.59651901477229,0.07872141659531962,-0.047880078657915326,-0.3372775363550451,0.016855732629423463,-0.043435765904871464,-12.5,1174.5
2026-05-22,1182.5,1191.800048828125,1172.5,1174.5,1149.622802734375,8803066,-0.0056721566617302654,1162.6149963378907,1232.0259985351563,1178.7709911119073,1239.495615939979,51.2195074333067,0.018354806901756126,-21.748258910926097,-30.540346517109853,8.792087606183756,0.04959785522788196,0.01723542771076514,-0.12154106268285914,0.010222647823695495,-0.04669219529746375,-6.699951171875,1168.5
2026-05-25,1183.0,1185.0,1166.0999755859375,1168.5,1143.75,5856136,-0.005108556832694733,1162.5249938964844,1229.4839990234375,1177.7928014822019,1236.7114741384112,48.051953199118756,0.018155331012950422,-20.103727796376234,-28.45302277296313,8.349294976586897,0.022757111597374147,-0.0015381088208340499,-0.33476177504519444,0.005139679692811544,-0.04960129539861947,-6.0,1167.699951171875
2026-05-26,1166.300048828125,1180.699951171875,1162.9000244140625,1167.699951171875,1142.966796875,8005767,-0.0006846802123449125,1163.3049926757812,1227.3119970703126,1176.8315776431232,1234.0051399044294,50.105797692907736,0.017782218197187737,-18.649996740822644,-26.492417566535035,7.8424208257123915,-0.0243964179518521,0.013540470372810809,0.3670732715223828,0.003777993323990355,-0.048571223976247364,-0.800048828125,1159.9000244140625
2026-05-27,1161.0,1167.300048828125,1155.0,1159.9000244140625,1135.3321533203125,6371871,-0.006679735449149127,1162.9249938964845,1225.1939965820313,1175.2190487641649,1231.0990569440228,49.4157080460953,0.017601936804023784,-17.920714467256403,-24.778076946679313,6.85736247942291,-0.028315261908681943,-0.006509615062901486,-0.20408987671012657,-0.002601173333016547,-0.05329276208512433,-7.7999267578125,1159.9000244140625
2026-05-28,1159.9000244140625,1159.9000244140625,1159.9000244140625,1159.9000244140625,1135.3321533203125,0,0.0,1161.8299926757813,1223.42599609375,1173.760094064155,1228.3069380212792,45.67460132903999,0.01735812551779533,-17.145114800305464,-23.251484517404545,6.106369717099081,-0.018032448051391037,-0.018531074216639798,-1.0,-0.001661145153667431,-0.05192465411272783,0.0,1160.9000244140625
2026-05-29,1182.0,1210.0,1153.5999755859375,1160.9000244140625,1136.3109130859375,69085430,0.0008621432700677278,1160.7849914550782,1221.6479956054689,1172.535325526051,1225.6635296445256,46.372245647910525,0.017361268795682044,-16.262293240155486,-21.853646261954736,5.59135302179925,-0.011579374700670497,-0.017684907387495064,inf,9.909928180595472e-05,-0.04972624799445494,1.0,1202.5
2026-06-01,1175.0,1217.0,1173.699951171875,1202.5,1177.02978515625,19439331,0.03583424473346364,1162.489990234375,1221.0399951171876,1175.3891040473795,1224.7551559329756,63.71250832909029,0.018976265600078816,-12.066782076599793,-19.89627342488375,7.829491348283955,0.029097133076593895,0.029185189039206083,-0.7186189475841722,0.03441750905533251,-0.015183773825040206,41.5999755859375,1270.800048828125
2026-06-02,1232.5,1278.9000244140625,1232.5,1270.800048828125,1243.8831787109375,36032600,0.05679837740384608,1167.1249938964843,1221.1139965820312,1184.4758606931648,1226.5608380072954,76.5743181479752,0.02262436678884145,-3.193750551039102,-16.55576885011482,13.362018299075718,0.08829331332315404,0.07868608366287622,0.853592595341887,0.0888294359848453,0.040689118612322814,68.300048828125,1222.5999755859375
2026-06-03,1242.0999755859375,1249.9000244140625,1216.0,1222.5999755859375,1196.7039794921875,18534303,-0.037928919885260814,1169.8949951171876,1221.1499951171875,1188.1067287781907,1226.405510069203,71.40938310686842,0.024353317742412617,-0.05056929476540972,-13.254728939044938,13.204159644279528,0.05405634093640832,0.04746403935198984,-0.4856240460027864,0.0450510350832559,0.0011873893252653865,-48.2000732421875,1201.300048828125
2026-06-04,1208.0,1215.199951171875,1196.199951171875,1201.300048828125,1175.855224609375,12755957,-0.017421828221127145,1171.825,1220.0579956054687,1189.3632354496128,1225.4209821773961,63.93498733825583,0.024728621006312235,0.7134739343960064,-10.461088364356751,11.174562298752758,0.03569275242922432,0.03319867487510031,-0.3117649474058992,0.02515311486623425,-0.015374635341031345,-21.2999267578125,1197.5
2026-06-05,1220.0,1223.800048828125,1194.300048828125,1197.5,1172.1357421875,8692290,-0.0031632803410205357,1172.7400024414062,1218.8719946289064,1190.1381654067925,1224.3260416998512,59.97822578216215,0.0245794508148794,1.0008147466303399,-8.168707742159334,9.169522488789674,0.03152724163685883,0.015519037979893513,-0.31857013942583845,0.02111294703604253,-0.01753424044779468,-3.800048828125,1187.5999755859375
2026-06-08,1177.5,1200.699951171875,1176.5,1187.5999755859375,1162.4453125,8631711,-0.008267243769571997,1173.270001220703,1217.0579931640625,1189.8964330429014,1222.885803813031,47.987874318868016,0.024661014222294667,0.42478848105815814,-6.450008497515836,6.874796978573994,-0.012390872693607058,0.009005926581085344,-0.006969279671985129,0.01221370558381712,-0.024204284219473505,-9.9000244140625,1180.300048828125
2026-06-09,1193.5999755859375,1193.5999755859375,1167.300048828125,1180.300048828125,1155.300048828125,10984054,-0.006146789245436657,1175.270001220703,1215.0819946289062,1188.9824916891132,1221.21577420578,47.15138071309422,0.023566941946957996,-0.6136853826894821,-5.282743874550566,4.669058491861084,-0.0712149799517674,0.03507848661508661,0.2725233734076593,0.0042799081080921175,-0.028625184106529197,-7.2999267578125,1145.300048828125
2026-06-10,1160.0999755859375,1171.4000244140625,1143.300048828125,1145.300048828125,1145.300048828125,8887626,-0.02965347670259788,1176.3800048828125,1212.5939965820312,1184.8222590356856,1218.238686936068,43.034553910371855,0.024335006419727696,-4.212333733116338,-5.068661846263721,0.8563281131473826,-0.0632258533464849,0.019766782766249547,-0.19086104274432736,-0.026419996876590565,-0.055495860892919906,-35.0,1114.5999755859375
2026-06-11,1129.699951171875,1133.699951171875,1109.0,1114.5999755859375,1114.5999755859375,9372176,-0.02680526668413219,1177.3600036621094,1209.8739965820312,1178.134422516662,1214.174423745867,39.36812054667726,0.024439514630640893,-9.43279245737881,-5.941487968486739,-3.4913044888920703,-0.07217187190391272,0.01789952108304793,0.05451962087513573,-0.05330572457104074,-0.07874706065693507,-30.7000732421875,1116.4000244140625
2026-06-12,1120.0,1123.300048828125,1111.5,1116.4000244140625,1116.4000244140625,8075333,0.0016149729656855794,1177.2300048828124,1206.687998046875,1172.2549560307,1210.3401335759922,40.612621140985205,0.023948985985835093,-13.271805597422144,-7.407551494273821,-5.8642541031483235,-0.06772440549973902,-0.0023234813100424523,-0.13837160121619574,-0.05167212882482149,-0.074822964825167,1.800048828125,1134.9000244140625
2026-06-15,1130.0,1151.0,1123.0,1134.9000244140625,1134.9000244140625,7856192,0.016571121099455022,1176.8500061035156,1203.3699975585937,1168.6973434957822,1207.3816979225833,44.44445822835165,0.02376580734693322,-14.652550301473866,-8.85655125571383,-5.795999045760036,-0.04437517030587168,-0.0066520574056345705,-0.027137085244658077,-0.035645988419838785,-0.05689852105623674,18.5,1143.5999755859375
2026-06-16,1136.9000244140625,1153.800048828125,1123.199951171875,1143.5999755859375,1143.5999755859375,10456090,0.007665830456182077,1174.1850036621095,1200.117998046875,1166.307117980559,1204.8804539093815,47.247544165445,0.021073467172024764,-14.873336511148636,-10.059908306800793,-4.813428204347844,-0.031093850482024177,-0.0445317467966615,0.33093615838309454,-0.026047878299230345,-0.047093721244842165,8.699951171875,1157.699951171875
2026-06-17,1149.0,1162.5,1148.0,1157.699951171875,1157.699951171875,5995119,0.012329464748994212,1172.3850036621093,1196.4839965820313,1165.4873878083033,1203.0302381157537,49.645378349013185,0.021316352354803256,-13.752036070150552,-10.798333859470745,-2.9537022106798076,0.01082677186335368,-0.030158332472627003,-0.4266385427057342,-0.012525793527180456,-0.032415013924924865,14.0999755859375,1127.5
2026-06-18,1142.9000244140625,1142.9000244140625,1125.300048828125,1127.5,1127.5,16781447,-0.02608616433066724,1169.7000061035155,1192.1099975585937,1161.8695413503697,1200.0682679935674,45.079548908146954,0.021945966733323722,-15.125918882849874,-11.663850864146571,-3.4620680187033024,0.0115736808690321,-0.04546220232958775,1.799184970306678,-0.0360776317716638,-0.054198016702244826,-30.199951171875,1051.4000244140625
2026-06-19,1062.300048828125,1066.0,1030.0,1051.4000244140625,1051.4000244140625,45665442,-0.06749443510947895,1163.5450073242187,1186.5059985351563,1151.3486349754833,1194.238140794371,29.79406716772408,0.02638162709291716,-22.100600975064253,-13.751200886330109,-8.349400088734145,-0.05822285791700421,-0.10481053689734998,1.72118620045101,-0.09638216158741787,-0.11386876618229808,-76.0999755859375,1065.4000244140625
2026-06-22,1055.0,1080.300048828125,1055.0,1065.4000244140625,1065.4000244140625,10178505,0.013315578918501547,1158.3900085449218,1181.9639990234375,1143.1630530172527,1189.185665642202,17.86607632909029,0.026704253726658713,-26.196427674376764,-16.240246243939442,-9.956181430437322,-0.0612388743544896,-0.08823275617110615,-0.7771070517613735,-0.08027519526663215,-0.09861888746669316,14.0,1029.300048828125
2026-06-23,1053.800048828125,1055.300048828125,1026.0,1029.300048828125,1029.300048828125,19323064,-0.03388396354298129,1151.4700134277343,1177.0139990234375,1132.3189573801928,1182.9156414534145,18.569105123025096,0.027490139650358805,-31.9866440505009,-19.389525805251736,-12.597118245249163,-0.09994747219126998,-0.11852351471356593,0.8984186773990877,-0.10609912822300054,-0.12549888983297564,-36.0999755859375,1056.5999755859375
2026-06-24,1040.9000244140625,1065.5,1037.699951171875,1056.5999755859375,1056.5999755859375,12346266,0.026522807211457833,1146.3050109863282,1172.0399975585938,1125.1076257807401,1177.9620859292,26.921829412220504,0.028428811020337275,-33.9808462670635,-22.30778989761409,-11.673056369449409,-0.08732830599465746,-0.08905944189483772,-0.36106064752463685,-0.07825581720453682,-0.09849495086611589,27.2999267578125,1041.199951171875
2026-06-25,1065.0,1068.0,1039.0999755859375,1041.199951171875,1041.199951171875,15866779,-0.014575075496781498,1140.3700073242187,1166.4799975585938,1117.116418675134,1172.5988649583246,25.961224353395025,0.02850039772517221,-36.38450127583883,-25.12313217325904,-11.261369102579788,-0.07654106326219512,-0.10233646930230067,0.28514799535341284,-0.08696305191771732,-0.1074000811406334,-15.4000244140625,1041.199951171875
2026-06-26,1041.199951171875,1041.199951171875,1041.199951171875,1041.199951171875,1041.199951171875,0,0.0,1134.3850036621093,1160.9299975585936,1109.886278912919,1167.445966378464,26.77663328191558,0.028491722201703786,-37.853068575867155,-27.669119453780667,-10.183949122086489,-0.009701420016488882,-0.10310971722358553,-1.0,-0.08214587833002648,-0.10313287333302429,0.0,1036.699951171875
2026-06-29,1037.0999755859375,1046.5999755859375,1029.0999755859375,1036.699951171875,1036.699951171875,15080892,-0.004321936430111473,1126.0950012207031,1155.4119970703125,1102.916152461391,1162.31867166448,27.016622511898348,0.026826024733484916,-38.93125584995323,-29.92154673301518,-9.009709116938051,-0.026938307287886265,-0.13787945848492722,inf,-0.07938499855866744,-0.10274434245052529,-4.5,1000.4000244140625
2026-06-30,1030.0,1030.4000244140625,996.0,1000.4000244140625,1000.4000244140625,24128263,-0.03501488228756977,1112.575,1149.1559985351562,1093.1527116949787,1155.9689207919146,26.90466953248641,0.022892946141361663,-42.22804908696935,-32.382847203806016,-9.845201883163334,-0.02807735649771481,-0.21277936262546837,0.5999228029747843,-0.10082464156208575,-0.1294480247335565,-36.2999267578125,985.2999877929688
2026-07-01,1006.0,1014.0,982.4000244140625,985.2999877929688,985.2999877929688,13037982,-0.015093998653126661,1100.7100006103515,1143.489998779297,1082.881023704311,1149.2760214586226,28.312633712846278,0.02206721162169294,-45.53433674857115,-35.01314511275904,-10.521191635812109,-0.06748058815109226,-0.1940945464842182,-0.4596385989327122,-0.10485051716926988,-0.13833965417729915,-15.10003662109375,1040.9000244140625
2026-07-02,1006.4000244140625,1045.0,1006.0,1040.9000244140625,1040.9000244140625,18741111,0.05642955172021824,1092.6899993896484,1139.4959997558594,1078.882833295716,1145.025982358836,39.27251390419538,0.0265672447325718,-43.17049268747587,-36.64461462770241,-6.525878059773461,-0.0002880587513233168,-0.13352203270992424,0.4374242118143743,-0.04739676852951394,-0.08652595126522727,55.60003662109375,1047.199951171875
2026-07-03,1063.0,1068.699951171875,1042.0,1047.199951171875,1047.199951171875,11653534,0.006052384100345032,1085.174996948242,1137.3479992675782,1075.8654159505882,1141.1896674103277,37.09152945573195,0.026713209510583168,-40.32394842317444,-37.380481386796816,-2.9434670363776263,0.005762581906815223,-0.12551152302974944,-0.3781833958509717,-0.03499439803088122,-0.07926162278718223,6.2999267578125,1042.199951171875
2026-07-06,1050.0999755859375,1053.0,1033.0,1042.199951171875,1042.199951171875,5559747,-0.0047746373502067785,1077.904995727539,1134.7859973144532,1072.6591812097583,1137.3077177539178,34.91069968864781,0.026711377787801104,-38.0330781486,-37.51100073915745,-0.5220774094425451,0.005305295899534768,-0.12243181829161376,-0.5229132210023157,-0.033124481932254764,-0.08158899242825454,-5.0,1071.800048828125
2026-07-07,1040.5999755859375,1087.5,1040.5999755859375,1071.800048828125,1071.800048828125,18866296,0.02840155348593809,1072.479995727539,1133.179998779297,1072.5773590781744,1134.7387895607496,37.78094848144826,0.027807413100976966,-33.443550021883766,-36.69751059570272,3.2539605738189508,0.07137147408196198,-0.09192577777805355,2.3933731157191147,-0.0006339949482720248,-0.05416610778278182,29.60009765625,1069.300048828125
2026-07-08,1071.9000244140625,1079.699951171875,1064.4000244140625,1069.300048828125,1069.300048828125,13022221,-0.0023325246184989767,1068.679995727539,1131.2159997558595,1072.2652342924553,1132.17256443398,41.01297647676649,0.02716731214098105,-29.666072999278413,-35.29122307641786,5.625150077139445,0.08525328537079657,-0.06635815660513023,-0.30976271123913246,0.0005802046478504264,-0.054733977366919526,-2.5,1050.800048828125
2026-07-09,1062.699951171875,1062.699951171875,1040.4000244140625,1050.800048828125,1050.800048828125,9003333,-0.017301037272255515,1065.4899993896483,1128.5959997558593,1070.2209309149,1128.981485390613,49.88730734485557,0.02681114538599242,-27.84421979923968,-33.801822420982226,5.957602621742545,0.009511023327754664,-0.05724020110827055,-0.3086177081467132,-0.013787037485042833,-0.06893162030041161,-18.5,1068.0
2026-07-10,1075.0,1091.300048828125,1064.699951171875,1068.0,1068.0,9747266,0.01636843392903975,1063.0699981689454,1126.3199987792968,1070.0094136849095,1126.5900545909813,50.482549467041004,0.02713419746727374,-24.727453012857495,-31.986948539357282,7.259495526499787,0.019862538004178365,-0.04335365760983845,0.08262862208917521,0.004637513841559011,-0.051779244657383275,17.199951171875,1102.5999755859375
2026-07-13,1057.0999755859375,1114.9000244140625,1057.0999755859375,1102.5999755859375,1102.5999755859375,20994760,0.03239698088570919,1061.454995727539,1125.0039978027344,1073.1132767231027,1125.6492671790188,63.680469107405514,0.02791940949023448,-19.243635364103284,-29.438285904306486,10.194650540203202,0.05795435352510547,-0.02846069973855292,1.153912697160414,0.03876281144656262,-0.01991461564630399,34.5999755859375,1092.9000244140625
2026-07-14,1107.800048828125,1113.5,1090.0,1092.9000244140625,1092.9000244140625,14819413,-0.00879734390227993,1058.9199981689453,1123.2999987792969,1074.9977288841465,1124.3649831490206,57.25131031765114,0.027890978426855957,-15.501681626065192,-26.65096504865823,11.149283422593037,0.019686485001570553,-0.04433364135557827,-0.29413753717594293,0.03208932337086323,-0.02706309480839523,-9.699951171875,1076.300048828125
2026-07-15,1079.0,1088.0999755859375,1073.0,1076.300048828125,1076.300048828125,8501933,-0.015188924160594919,1054.8500030517578,1121.482000732422,1075.1217593550016,1122.4800837638875,56.978154014464984,0.02783113455739611,-13.717508725613925,-24.06427378404937,10.346765058435444,0.006546338427339871,-0.07031174378244853,-0.4262975868207466,0.020334688073480295,-0.04028771917408336,-16.5999755859375,1082.4000244140625
2026-07-16,1082.5,1097.300048828125,1077.9000244140625,1082.4000244140625,1082.4000244140625,8592146,0.0056675418649094755,1052.595004272461,1119.8760021972657,1075.8149274558646,1120.908316730561,57.99691317364986,0.027362753542793543,-11.676719839765383,-21.586762995192572,9.91004315542719,0.030072301215800845,-0.039999978346729526,0.01061088107845598,0.02831575299200886,-0.033464399370709844,6.0999755859375,1096.5
2026-07-17,1105.0,1116.800048828125,1092.0,1096.5,1096.5,12547728,0.013026584689491472,1054.8500030517578,1118.2220031738282,1077.7849343648297,1119.9511278391665,61.19013605457716,0.02269528126319676,-8.819958758928806,-19.033402147939817,10.213443389011012,0.026685393258427004,0.04289516315264619,0.4603718326015409,0.039484283858127474,-0.019425483591071383,14.0999755859375,1087.0999755859375
2026-07-20,1102.0,1103.800048828125,1083.199951171875,1087.0999755859375,1087.0999755859375,6372645,-0.008572753683595558,1055.9350006103516,1116.4240026855468,1078.6720811477924,1118.6628473586477,68.03994540107705,0.022666138048270116,-7.231102779806179,-16.67294227431309,9.441839494506912,-0.01405768215418568,0.020367890627569052,-0.4921275787935473,0.029514103574151733,-0.026266030673893326,-9.4000244140625,1073.5
2026-07-21,1080.0,1094.5,1067.199951171875,1073.5,1073.5,9485229,-0.012510326456963816,1058.1449981689452,1115.0880017089844,1078.1795019908598,1116.8917553053673,68.46734962352687,0.02139037328226548,-6.9887652043880735,-14.73610686032809,7.747341655940016,-0.017750959813971456,0.04294175563500402,0.48842890197084565,0.014511245488686016,-0.03729571266594798,-13.5999755859375,1052.0999755859375
2026-07-22,1064.0,1069.300048828125,1046.199951171875,1052.0999755859375,1052.0999755859375,7517203,-0.019934815476537082,1057.9199981689453,1113.6680017089843,1075.6957375713434,1114.350901198723,52.737037925352105,0.021144760377412735,-8.426379989391535,-13.47416148614078,5.047781496749245,-0.022484504454437726,-0.004258943880350308,-0.20748323524924916,-0.005501382517658372,-0.05528400387599116,-21.4000244140625,1047.4000244140625
2026-07-23,1046.9000244140625,1058.5,1032.0,1047.4000244140625,1047.4000244140625,13794578,-0.004467209657768034,1058.2300018310548,1112.7160021972657,1073.0009077468405,1111.7253766189326,50.04927915332462,0.020897503832653173,-9.831614116830224,-12.74565201227867,2.9140378954484465,-0.032335549898889426,0.005954738314393193,0.8350679102320371,-0.010234048740116207,-0.058699594194946914,-4.699951171875,1040.9000244140625
2026-07-24,1028.0,1043.4000244140625,1013.9000244140625,1040.9000244140625,1040.9000244140625,29036900,-0.006205842895255054,1058.215005493164,1111.1540026855469,1069.9436807627665,1108.947911826585,49.682169307147596,0.020951347932060653,-11.339058357794102,-12.464333281381759,1.1252749235876571,-0.05070677208019836,-0.0002880587513233168,1.1049502202966992,-0.016362441459646573,-0.063226139762524,-6.5,1079.199951171875
2026-07-27,1065.0,1082.0,1057.4000244140625,1079.199951171875,1079.199951171875,15956349,0.03679500995244189,1060.340005493164,1109.8880017089843,1070.8252303255388,1107.7813251342434,51.73543914454473,0.0224489472945253,-9.335619564674744,-11.838590538040355,2.5029709733656116,-0.0072670633717975,0.04099546831458656,-0.45048028542991847,0.017786696324769216,-0.02764968221104875,38.2999267578125,1105.699951171875
2026-07-28,1097.0,1118.5,1097.0,1105.699951171875,1105.699951171875,28100895,0.0245552272043974,1065.6050018310548,1108.0640002441405,1074.1466323109041,1107.6997026259153,57.672838807291285,0.02115967662900944,-5.545624845681914,-10.579997399568668,5.0343725538867545,0.029995296853167153,0.10525782105961756,0.7611105773632802,0.03762646503340741,-0.0021334950614266355,26.5,1155.5999755859375
2026-07-29,1147.0,1164.5,1128.4000244140625,1155.5999755859375,1155.5999755859375,34400369,0.045129806111663395,1074.1200012207032,1107.302000732422,1081.904093575193,1109.578144702779,69.50856879005295,0.02236657452666702,1.467570968276732,-8.170483725999588,9.63805469427632,0.09837468149579465,0.1728407489118453,0.22417342935162732,0.07585742214336842,0.043617707564484694,49.9000244140625,1155.0999755859375
2026-07-30,1168.0,1187.699951171875,1151.300048828125,1155.0999755859375,1155.0999755859375,22630218,-0.00043267567546156904,1079.8299987792968,1106.780001220703,1088.8751299571686,1111.3633145413341,67.28861682439548,0.01932542876274394,6.905629557922111,-5.155261069215249,12.060890627137361,0.10282599643066126,0.10971269910014625,-0.3421518821498688,0.0697053951934381,0.043658156374293704,-0.5,1130.0999755859375
2026-07-31,1118.9000244140625,1139.300048828125,1107.199951171875,1130.0999755859375,1130.0999755859375,14367075,-0.0216431482368602,1083.975,1105.8920007324218,1092.8013057313372,1112.0980855626913,55.67478790077182,0.02024609237946384,9.09321814459122,-2.3055652264539552,11.398783371045175,0.08569502265319562,0.07916351058008808,-0.365137578436054,0.04255169684350432,0.02188999905730665,-25.0,1180.0
2026-08-03,1145.0999755859375,1180.0,1138.0999755859375,1180.0,1180.0,8582270,0.04415540703661214,1090.8650024414062,1106.1220007324218,1101.1059432807335,1114.7609057367033,65.41593154380338,0.022008438121322152,14.684143137039428,1.0923764462447216,13.591766690794707,0.09340256985618733,0.13222035625042894,-0.40264319633606704,0.08171038337384146,0.06679010020473296,49.9000244140625,1167.5
2026-08-04,1168.0,1175.699951171875,1153.300048828125,1167.5,1167.5,9243589,-0.010593220338983023,1095.65,1106.1180017089844,1107.4291867778065,1116.8291055117345,66.37930732088894,0.021686832510925118,17.90000581617096,4.45390232022997,13.44610349594099,0.05589224161819506,0.08928899683901914,0.07705641980501654,0.06557751106649012,0.055493173600084864,-12.5,1174.0
2026-08-05,1174.699951171875,1177.5,1162.300048828125,1174.0,1174.0,9964155,0.005567451820128522,1100.8849975585938,1106.4000012207032,1113.7692642275392,1119.0711013740195,66.42754656558938,0.021627589566455194,20.73408619650263,7.709939095484502,13.024147101018128,0.01592248598372703,0.09791447338529391,0.07795305481453152,0.06641475049941782,0.06109905884373915,6.5,1165.0
2026-08-06,1174.0999755859375,1185.800048828125,1163.0,1165.0,1165.0,8521064,-0.0076660988074956915,1106.5949951171874,1106.502000732422,1118.6483819201544,1120.8722346534698,62.5137033650737,0.02121030604401557,22.000284942386543,10.568008264864911,11.432276677521632,0.008570707837683544,0.10867905011922407,-0.1448282368148629,0.0527790249734751,0.05286750428725545,-9.0,1175.0999755859375
2026-08-07,1160.0,1183.0,1155.5999755859375,1175.0999755859375,1175.0999755859375,7581410,0.008669506940718774,1111.9499938964843,1106.7859997558594,1124.0247241740385,1122.998812729253,66.0349911294355,0.02106982705254472,23.547301557072387,13.163866923306408,10.38343463376598,0.039819485861565695,0.10028087601679547,-0.11027425682989822,0.0567921057926028,0.06172284058991274,10.0999755859375,1183.0
2026-08-10,1178.0999755859375,1195.0,1175.199951171875,1183.0,1183.0,9377001,0.006722853015228125,1115.9699951171874,1106.3959997558593,1129.6414171098445,1125.3518004653608,70.37588758807735,0.020071064335493438,25.1212076721838,15.555335073081888,9.565872599101912,0.0025423728813558366,0.07291857989688122,0.23684129996926684,0.06006434328529936,0.06923741613404638,7.9000244140625,1190.699951171875
2026-08-11,1188.0,1193.5,1182.0,1190.699951171875,1190.699951171875,10160091,0.006508834464814095,1120.8599914550782,1104.7939978027343,1135.4565155919427,1127.914473042087,77.17647881073779,0.01985960302407684,26.682284549048063,17.780724968275123,8.90155958077294,0.019871478519807306,0.08948661778120659,0.0835117752466914,0.06230926275290809,0.0777574403372886,7.699951171875,1176.0999755859375
2026-08-12,1185.5999755859375,1190.4000244140625,1163.300048828125,1176.0999755859375,1176.0999755859375,7529777,-0.012261674800245315,1125.8499877929687,1103.8639978027343,1139.3273213056564,1129.8041005928262,74.29218546952619,0.019717299893571055,26.436608442311126,19.511901663082323,6.924706779228803,0.0017887355927916904,0.09272500439489395,-0.25888685445829174,0.044632933639298676,0.06543920077744228,-14.5999755859375,1175.0
2026-08-13,1170.0,1175.0,1157.0,1175.0,1175.0,6234215,-0.0009352738787273829,1130.4799865722657,1103.3379968261718,1142.7247192765462,1131.5764888048723,75.83815773937906,0.019754177685609397,25.855107930834947,20.78054291663285,5.074565014202097,0.008583690987124415,0.08555060374842904,-0.17205848194441875,0.0393815140086855,0.0649501815218627,-1.0999755859375,1169.199951171875
2026-08-14,1170.4000244140625,1174.0999755859375,1158.9000244140625,1169.199951171875,1169.199951171875,5844763,-0.004936211768617027,1134.1149841308593,1102.7719958496093,1145.2461699332441,1133.0519187016175,69.8237885462555,0.019744657515011223,24.6421892995902,21.55287219322432,3.089317106365879,-0.005020870169893943,0.06630182505414961,-0.06247009447059493,0.030935987560294375,0.06023725264358709,-5.800048828125,1139.9000244140625
2026-08-17,1163.9000244140625,1166.5,1129.699951171875,1139.9000244140625,1139.9000244140625,5817153,-0.025059808400133443,1136.7549865722656,1101.8179968261718,1144.7370132171318,1133.3204718668114,57.44127157147251,0.020596512591231235,21.07375815996238,21.457049386571935,-0.38329122660955406,-0.03643277733384409,0.048569634820998075,-0.004723887007907712,0.002766680488713198,0.034562902128652304,-29.2999267578125,1115.0
2026-08-18,1124.5,1131.9000244140625,1112.5,1115.0,1115.0,8851110,-0.02184404235525983,1138.8299865722656,1100.5119958496093,1141.904916720262,1132.6020219896816,40.08789304061879,0.02105686228016821,16.05149525502975,20.3759385602635,-4.32444330523375,-0.06357600930223595,0.0386585933861201,0.5215535847174726,-0.020924972869735256,0.013164785304503433,-24.9000244140625,1119.800048828125
2026-08-19,1125.5999755859375,1134.699951171875,1113.800048828125,1119.800048828125,1119.800048828125,8408573,0.004304976527466309,1142.214990234375,1100.0019958496093,1139.7996912067251,1132.0999838264834,41.55907917758109,0.020409088831620577,12.316660745944318,18.764082997399665,-6.447422251455347,-0.04787001779314182,0.06434756659364416,-0.049997909866672074,-0.01962410018944902,0.017998197324382337,4.800048828125,1130.0
2026-08-20,1143.0,1144.699951171875,1125.699951171875,1130.0,1130.0,8559841,0.00910872542160468,1146.344989013672,1100.3099963378907,1138.8663872822751,1132.0176315195624,49.97427287091515,0.020362232446400938,10.06381886511872,17.024030170943476,-6.960211305824757,-0.03829787234042559,0.07886191871357418,0.017989735000219387,-0.014258350819621353,0.026983308123097283,10.199951171875,1121.0
2026-08-21,1133.0,1133.5,1118.0,1121.0,1121.0,6094967,-0.007964601769911539,1150.3499877929687,1100.4019958496094,1137.1648265887252,1131.5855675384032,30.769218526688377,0.02041235037783419,7.466135695068942,15.112451275768569,-7.646315580699627,-0.04122472903250185,0.07695261188126779,-0.2879579188445206,-0.025513963667073897,0.01871861758528261,-9.0,1130.0
2026-08-24,1126.5,1144.5,1122.0,1130.0,1130.0,8565354,0.00802854594112401,1152.889990234375,1100.3039953613281,1136.4824621517039,1131.52338841925,37.491652958517236,0.0189330196737752,6.063778388675928,13.302716698350043,-7.238938309674115,-0.008684993597707247,0.04707195248939966,0.40531589424520265,-0.019854444420774008,0.026988909214057714,9.0,1144.0
2026-08-25,1132.0,1144.0,1119.9000244140625,1144.0,1144.0,8121237,0.012389380530973382,1154.8049926757812,1100.3119958496093,1137.1984181372559,1132.0126673047696,40.47013385863412,0.018373292458418816,6.012771628525343,11.844727684385104,-5.831956055859761,0.026008968609865457,0.03463873611238988,-0.0518503963759116,-0.009356551750564539,0.03970510574744475,14.0,1120.0
2026-08-26,1142.0,1142.0,1118.300048828125,1120.0,1120.0,6323984,-0.020979020979020935,1153.0249938964844,1099.5579968261718,1135.5604735527554,1131.5415823124258,36.94894852368477,0.015968929877035562,3.989757538623735,10.27373365523283,-6.283976116609095,0.00017855970990909853,-0.03080648696612065,-0.2213028630983186,-0.028642045117236437,0.01859110954841235,-24.0,1110.800048828125
2026-08-27,1120.0,1130.699951171875,1107.199951171875,1110.800048828125,1110.800048828125,6933998,-0.008214242117745574,1150.8099975585938,1099.2239978027344,1133.2023378646954,1130.7281888424534,31.25365232499624,0.016037667763457435,1.6254084283959855,8.544068609865462,-6.918660181469477,-0.016991107231747793,-0.038351595268055316,0.09646039585172894,-0.034766771939198096,0.010531111992214733,-9.199951171875,1144.0
2026-08-28,1123.5999755859375,1145.0,1123.300048828125,1144.0,1144.0,9621969,0.02988832347180792,1151.5049987792968,1101.0759973144532,1134.2306866394863,1131.2486520251023,40.09145358098083,0.016808300298653565,2.4029041371886706,7.315835715330104,-4.912931578141434,0.020517395182872544,0.012299818347359492,0.3876509626913651,-0.006517556404229931,0.03898368758399907,33.199951171875,1133.800048828125
2026-08-31,1138.5999755859375,1143.9000244140625,1111.0999755859375,1133.800048828125,1133.800048828125,8808120,-0.008916041234156458,1149.195001220703,1102.4439978027344,1134.1896735145947,1131.3487068016914,35.72504814217744,0.013447460114680225,2.1709983552991616,6.286868243323916,-4.115869888024754,0.003362875069137239,-0.0391525009931144,-0.0845823760188793,-0.013396292514521155,0.028442307353376564,-10.199951171875,1156.0
2026-09-01,1128.0,1156.0,1125.5999755859375,1156.0,1156.0,13516123,0.019580128960851928,1148.6200012207032,1104.9779968261719,1136.2668474655857,1132.315424182017,45.14258169840164,0.014098711887286227,3.735501344962131,5.776594863651559,-2.0410935186894283,0.010489510489510412,-0.00985010706638112,0.5345071365966858,0.0064251003564744155,0.04617467797583175,22.199951171875,1140.0
2026-09-02,1137.699951171875,1147.800048828125,1118.5999755859375,1140.0,1140.0,8564358,-0.01384083044982698,1146.9200012207032,1106.645997314453,1136.6223858021967,1132.6167800964479,42.110002069363304,0.014332324790482963,3.6423284582883753,5.349741582578923,-1.7074131242905475,0.017857142857142794,-0.028960817717206155,-0.36635986517731456,-0.0060335517850748045,0.03013972197657475,-16.0,1130.300048828125
2026-09-03,1144.0,1144.0,1122.5,1130.300048828125,1130.300048828125,5786250,-0.008508729098135936,1145.1850036621095,1108.4279992675781,1136.020258471333,1132.525927889847,41.38237642054982,0.01435302799412695,2.754036462615886,4.830600558586315,-2.0765640959704292,0.017554914604632987,-0.02978536581276825,-0.3243801812114814,-0.012997860421141457,0.019732494645569577,-9.699951171875,1130.0
2026-09-04,1133.0,1146.699951171875,1125.4000244140625,1130.0,1130.0,5881388,-0.00026545944896316787,1142.9300048828125,1110.2040002441406,1135.4469005216822,1132.4268718941667,47.4834689843704,0.014160448578010547,2.0027606453854787,4.265032575946148,-2.2622719305606696,-0.012237762237762184,-0.03837969238613026,0.01644208252322321,-0.011313033018271492,0.017830956969625514,-0.300048828125,1087.5
2026-09-07,1109.5,1109.9000244140625,1085.0,1087.5,1087.5,7668346,-0.03761061946902655,1138.1550048828126,1111.2200012207031,1130.8805290434268,1130.66503378067,43.58375523484458,0.016085368011953684,-1.9989826375772282,3.012229533241473,-5.011212170818701,-0.04083616760819497,-0.08072696534234991,0.3038327007162256,-0.04450624446186762,-0.02134590917608224,-42.5,1082.0
2026-09-08,1095.0,1095.0,1078.9000244140625,1082.0,1082.0,6269037,-0.005057471264367841,1132.7200073242188,1112.8520007324219,1126.2252405631004,1128.756601083389,41.20928098800984,0.015891522026613543,-5.550217601293298,1.2997401063345186,-6.849957707627817,-0.06401384083044981,-0.09129080005831325,-0.18247859447135018,-0.044777179705718075,-0.027723363674699474,-5.5,1035.0
2026-09-09,1059.0,1059.0,1026.5,1035.0,1035.0,13530457,-0.043438077634011085,1125.6650085449219,1113.8460009765624,1117.5371224142339,1125.0798716291383,31.135807448718793,0.01805831934291468,-12.018561603050557,-1.3639202355424964,-10.654641367508061,-0.09210526315789469,-0.11997277316126209,1.1582991135640133,-0.08054350793236344,-0.0707871652880509,-47.0,1036.5
2026-09-10,1039.5999755859375,1046.5999755859375,1027.300048828125,1036.5,1036.5,8998529,0.0014492753623187582,1118.740008544922,1113.7580004882811,1109.819301231926,1121.6061511730938,32.70567589931365,0.018102819331252032,-16.829730702967936,-4.4570823290275845,-12.37264837394035,-0.08298685727331889,-0.11787234042553196,-0.33494271479522086,-0.0735112786856408,-0.06936695445007854,1.5,1037.699951171875
2026-09-11,1032.0,1047.300048828125,1029.699951171875,1037.699951171875,1037.699951171875,6168088,0.0011576952936565021,1112.1650085449219,1113.5680004882813,1102.9507917023973,1118.3157119573598,30.486227460841974,0.01817447986263041,-20.311650779472075,-7.627996019116482,-12.683654760355592,-0.08168145913993363,-0.11247006969868512,-0.3145448550535316,-0.06695504426134724,-0.06813059398540496,1.199951171875,1037.699951171875
2026-09-14,1037.699951171875,1037.699951171875,1037.699951171875,1037.699951171875,1037.699951171875,0,0.0,1107.0550048828125,1113.4780004882812,1096.7364259375856,1115.1543095736151,26.112322366926747,0.017631761435313073,-22.80817903565662,-10.66403262242451,-12.14414641323211,-0.045793148347701096,-0.08965704978795919,-1.0,-0.06264824548467585,-0.06805527301228768,0.0,1077.0
2026-09-15,1085.0,1097.699951171875,1071.699951171875,1077.0,1077.0,14816117,0.03787226624010476,1105.1550048828126,1113.5819995117188,1094.8567663244824,1113.6580621393557,40.9587814724012,0.019503527639990508,-21.369179568763684,-12.805062011692346,-8.564117557071338,-0.004621072088724532,-0.03408071748878927,inf,-0.02547606874910553,-0.03285074608583757,39.300048828125,1060.0
2026-09-16,1082.5,1085.0999755859375,1053.5,1060.0,1060.0,6230590,-0.01578458681522743,1102.1650024414062,1113.3959985351562,1091.5370742935793,1111.5538244084005,39.657964347097405,0.01970238525347224,-21.354360276254965,-14.51492166460487,-6.839438611650095,0.024154589371980784,-0.05340243456026461,-0.5794721383477196,-0.038256524520381655,-0.04795777836942727,-17.0,1058.5999755859375
2026-09-17,1054.9000244140625,1063.5999755859375,1048.5999755859375,1058.5999755859375,1058.5999755859375,5469865,-0.0013207777491155426,1098.5950012207031,1113.5519970703126,1088.4002077499943,1109.477202885951,30.028051059437075,0.019514545489415638,-21.211078045624845,-15.854152940808866,-5.3569251048159785,0.021321732354980805,-0.06318586231332968,-0.12209517878724163,-0.036405614070995386,-0.04934841087704079,-1.4000244140625,1051.4000244140625
2026-09-18,1061.9000244140625,1061.9000244140625,1038.0,1051.4000244140625,1051.4000244140625,22124953,-0.0068013898903500625,1095.1150024414062,1113.2199975585938,1084.8763807656198,1107.1996664752887,30.455395388080078,0.019500939793079805,-21.431453279831885,-16.96961300861347,-4.4618402712184135,0.01320234546288268,-0.06208740016586756,3.0448809979770983,-0.03991816195549076,-0.055532575124511686,-7.199951171875,
