Date,Open,High,Low,Close,Adj Close,Volume,Daily_Return,SMA_20,SMA_50,EMA_20,EMA_50,RSI_14,Volatility_20,MACD,MACD_Signal,MACD_Histogram,Return_5D,Return_20D,Volume_Change,Price_vs_SMA20,Price_vs_SMA50,Price_Change,Target
2024-11-29,1402.0,1409.0,1356.0,1368.800048828125,1345.248779296875,1813988,-0.02997656260340309,1382.8049865722655,1546.6219946289064,1403.581024223089,1504.8736382778486,38.59181782681603,0.025441814436391808,-48.036328121139604,-63.44298610625251,15.406657985112908,0.04612335198774642,-0.011910777029104924,0.9423979886303648,-0.01012791961276937,-0.1149744064278923,-42.2999267578125,1341.25
2024-12-02,1361.0,1369.8499755859375,1340.0,1341.25,1318.1727294921875,1447488,-0.02012715359830053,1380.2049865722656,1538.9019946289063,1397.6447362018423,1498.4570250120505,37.606974720034856,0.025774087966645872,-47.47752019042605,-60.24989292308722,12.772372732661175,-0.018262298392320853,-0.03732280638794183,-0.2020410278348037,-0.02822405870957632,-0.1284370254368073,-27.550048828125,1430.699951171875
2024-12-03,1374.8499755859375,1443.9000244140625,1365.75,1430.699951171875,1406.0836181640625,5284048,0.06669148270037284,1380.5274841308594,1533.9869946289064,1400.792851913274,1495.7998848614554,52.89359054138146,0.02957335150465694,-39.363044707461995,-56.07252327996218,16.70947857250019,0.028281867449895914,0.004528665032034418,2.650495202723615,0.036342968624491184,-0.06733241143417776,89.449951171875,1457.1500244140625
2024-12-04,1450.0,1463.0,1426.5999755859375,1457.1500244140625,1432.0787353515625,2059361,0.018487505518206326,1383.2049865722656,1529.8899951171875,1406.1602016752538,1494.284204059597,58.11747248186092,0.029604929446144155,-30.446990612230593,-50.94741674641587,20.500426134185275,0.031063169583628092,0.038151930578204984,-0.6102683018776514,0.05345920421024568,-0.04754588299504057,26.4500732421875,1493.0999755859375
2024-12-05,1464.5,1498.0,1458.949951171875,1493.0999755859375,1467.4100341796875,2083780,0.024671413766287342,1388.3599853515625,1525.893994140625,1414.4401801429378,1494.2377637272966,66.29687886851588,0.02986954799451966,-20.246701519780117,-44.80727370108872,24.5605721813086,0.058110694790389106,0.07417264430642989,0.011857561641693604,0.07544152189596029,-0.021491675490312723,35.949951171875,1481.0999755859375
2024-12-06,1499.9000244140625,1503.75,1474.5,1481.0999755859375,1455.616455078125,1481294,-0.008036970193701087,1388.0124816894531,1522.2979931640625,1420.7887320898901,1493.722556349204,64.58358008847337,0.02550549893116826,-12.981555347407038,-38.44213003035239,25.46057468294535,0.08204260867316315,-0.004670591051464168,-0.2891312902513701,0.06706531470320834,-0.027063044005264603,-12.0,1534.0999755859375
2024-12-09,1482.0,1553.4000244140625,1480.550048828125,1534.0999755859375,1507.7047119140625,2490954,0.03578421502507467,1392.6399780273437,1519.8849926757812,1431.5802790895136,1495.305984554566,73.28192440290044,0.02557757664239754,-2.91363107734378,-31.33643023975067,28.42279916240689,0.14378376558131412,0.06420167432483437,0.6816067573351408,0.10157686106280683,0.00935267008928789,53.0,1538.800048828125
2024-12-10,1540.050048828125,1544.699951171875,1518.0,1538.800048828125,1512.3238525390625,912142,0.0030637333400598266,1398.4624816894532,1517.0119946289062,1441.7916857312862,1497.0116341339215,77.06209972203271,0.025273757355059386,5.382482168690558,-23.992647758062425,29.375129926752983,0.07555749028138714,0.0818716035019551,-0.6338182078031147,0.100351327959212,0.014362479846145583,4.7000732421875,1548.8499755859375
2024-12-11,1542.300048828125,1555.9000244140625,1527.050048828125,1548.8499755859375,1522.2008056640625,816840,0.00653101536191536,1405.5324829101562,1514.568994140625,1451.987713336491,1499.0445102692947,80.31173205360507,0.025037554836346548,12.622650724825462,-16.669588061484845,29.292238786310307,0.06293102949968965,0.10046540148467065,-0.10448153905861146,0.10196668836784356,0.022634149766656102,10.0499267578125,1541.199951171875
2024-12-12,1550.0,1563.3499755859375,1532.25,1541.199951171875,1514.6824951171875,1055627,-0.004939164240983729,1413.0724792480469,1512.8329931640626,1460.484116939861,1500.697664814494,77.97139438579319,0.024828589647569135,17.54104122751528,-9.82746220368482,27.3685034312001,0.03221483917516088,0.1084579431170265,0.29233019930463744,0.09067296533296718,0.01875088534953447,-7.6500244140625,1533.0999755859375
2024-12-13,1540.800048828125,1545.050048828125,1507.0999755859375,1533.0999755859375,1506.7218017578125,800589,-0.005255629277549967,1421.82998046875,1510.0449926757813,1467.3999130013922,1501.968343668276,72.77565683585375,0.02404184609863642,20.548431275729854,-3.752283507801886,24.30071478353174,0.03510904115667701,0.1289812074906831,-0.24159859495825708,0.07825829856288725,0.015267745677764934,-8.0999755859375,1534.3499755859375
2024-12-16,1535.0,1555.0,1520.199951171875,1534.3499755859375,1507.9503173828125,884651,0.0008153414779896728,1430.6999816894531,1507.2109912109374,1473.7761094380157,1503.2382115866155,70.87591240875912,0.02402025391018408,22.77019349269881,1.5522118922982533,21.217981600400556,0.0001629619998555487,0.13073439021156097,0.1050001936074565,0.07244705055079995,0.01800609505454562,1.25,1511.25
2024-12-17,1534.0,1550.0,1506.5,1511.25,1485.247802734375,1006052,-0.015055219443736112,1439.9749816894532,1503.6109912109375,1477.3450513962998,1503.5523993675326,64.25662116998569,0.023569854389060757,22.408667906629034,5.72350309516441,16.685164811464624,-0.017903592379728495,0.1399207995474261,0.13723038802872556,0.049497400452696225,0.005080442237862583,-23.0999755859375,1520.6500244140625
2024-12-18,1520.0,1538.5,1509.8499755859375,1520.6500244140625,1494.486083984375,853116,0.006220032697477285,1450.7474853515625,1499.9049926757812,1481.4693345408486,1504.2228944673966,65.60764554351994,0.022979866650745227,22.61991142742113,9.102784761615753,13.517126665805376,-0.018207025610215588,0.16507054957268852,-0.152015999173005,0.04818380853202743,0.013830897183209508,9.4000244140625,1513.1500244140625
2024-12-19,1465.0,1522.0,1465.0,1513.1500244140625,1487.1151123046875,751957,-0.004932101324819915,1461.8949890136719,1495.8879931640624,1484.4865431002024,1504.572977994717,72.82934753104462,0.022733771309080577,21.929348243683535,11.668097458029312,10.261250785654223,-0.018200056868989845,0.17280272956116938,-0.11857590292527631,0.035060682050064323,0.01153965492662848,-7.5,1451.25
2024-12-20,1516.0,1535.9000244140625,1438.9000244140625,1451.25,1426.2801513671875,1208534,-0.04090805499476635,1469.0349914550782,1490.0819921875,1481.3211580430404,1502.4818808184536,65.69186875891583,0.025182555550358695,16.200507924320846,12.574579551287618,3.6259283730332275,-0.0533885440541183,0.10913680626471822,0.6071849853116602,-0.012106581230895084,-0.026060305668477373,-61.9000244140625,1415.550048828125
2024-12-23,1467.4000244140625,1474.8499755859375,1408.050048828125,1415.550048828125,1391.1944580078125,935669,-0.024599449558570186,1471.5024963378905,1483.7579931640626,1475.0572428797152,1499.0727893678527,47.44736270534962,0.024305795131380203,8.679619741031502,11.795587589236396,-3.1159678482048943,-0.07742687694992478,0.036122163241126826,-0.22578181499237915,-0.038024024865070685,-0.04596972326362096,-35.699951171875,1433.300048828125
2024-12-24,1415.1500244140625,1446.0,1415.0,1433.300048828125,1408.6390380859375,530205,0.012539295247592674,1473.6,1476.6429931640625,1471.080367255754,1496.493466209432,45.86009691889453,0.024132738782932376,4.104227349668008,10.257315541322718,-6.15308819165471,-0.05157978572167077,0.030150626354466414,-0.43334127773817455,-0.02734795817852532,-0.029352351608742524,17.75,1452.199951171875
2024-12-26,1433.0,1456.6500244140625,1426.5999755859375,1452.199951171875,1427.213623046875,817454,0.013186284587935804,1475.5474975585937,1469.8529931640626,1469.2822323906225,1494.756465619724,42.45386663519564,0.024061522651545455,1.9804309069368173,8.601938614445539,-6.621507707508721,-0.045013692922908244,0.027560552748540523,0.5417696928546505,-0.015822971761565798,-0.01201007316669605,18.89990234375,1460.5999755859375
2024-12-27,1456.0,1471.5,1450.0,1460.5999755859375,1435.46923828125,412095,0.005784344233921823,1478.0224975585938,1463.2599926757812,1468.4553507901762,1493.4169954223207,46.1667899239457,0.02406658673275833,0.9640062294863583,7.074352137453703,-6.110345907967345,-0.03472890855516719,0.03507901697712512,-0.49587989048925074,-0.011787724477425049,-0.0018178704421347937,8.4000244140625,1470.1500244140625
2024-12-30,1461.0,1480.9000244140625,1438.0,1470.1500244140625,1444.85498046875,829082,0.006538442412539425,1483.0899963378906,1457.433994140625,1468.6167482781652,1492.5045651867028,35.722267221483946,0.02286855361055443,0.918503539943913,5.843182417951745,-4.924678878007832,0.013023272636735639,0.07404293685750996,1.0118710491512881,-0.008725007892831897,0.008724944199572881,9.550048828125,1464.699951171875
2024-12-31,1468.800048828125,1468.800048828125,1428.050048828125,1464.699951171875,1439.4986572265625,615533,-0.003707154475176555,1489.2624938964843,1450.883994140625,1468.243719982328,1491.4141881665134,33.511323151207506,0.022249846523135698,0.43762233035681675,4.762070400432759,-4.324448070075943,0.034721416162176055,0.09204097011882562,-0.2575728335677291,-0.01649309159753581,0.009522440861602711,-5.4500732421875,1493.0999755859375
2025-01-01,1468.0,1499.25,1458.5,1493.0999755859375,1467.4100341796875,966551,0.01938965341764387,1492.3824951171875,1445.018994140625,1470.610982420767,1491.4802974770791,38.531168730720125,0.017262258427832092,2.3214054119403045,4.273937402734268,-1.9525319907939638,0.041721847987590044,0.043615032182639846,0.570266744431249,0.00048076178265117966,0.033273598229694584,28.4000244140625,1484.550048828125
2025-01-02,1500.0,1500.0,1472.9000244140625,1484.550048828125,1459.00732421875,507047,-0.005726292209238815,1493.7524963378905,1440.188994140625,1471.938512554801,1491.2085230202574,38.38903183386225,0.016911181966554268,3.0888036357835063,4.036910649344116,-0.9481070135606098,0.022276613926439426,0.018803845832607635,-0.47540585028622395,-0.006160624020596727,0.03080224530806851,-8.5499267578125,1449.949951171875
2025-01-03,1488.9000244140625,1493.949951171875,1444.0,1449.949951171875,1425.0023193359375,855167,-0.023306790959026658,1491.5949951171874,1435.3899926757813,1469.844363851665,1489.590539810517,34.62747238016057,0.016789259168305194,0.8947197686570689,3.408472473206707,-2.513752704549638,-0.007291540868190172,-0.02889962167277449,0.6865635730021082,-0.027919806704661515,0.010143555807402402,-34.60009765625,1451.699951171875
2025-01-06,1454.6500244140625,1465.9000244140625,1432.6500244140625,1451.699951171875,1426.72216796875,1091378,0.0012069382109263227,1490.1249938964843,1431.7329907226563,1468.1163245488278,1488.1046343737075,34.74810812466802,0.016722028858999448,-0.6948869052298505,2.587800597519396,-3.2826875027492464,-0.01254978943359264,-0.019850128214627505,0.27621622443335636,-0.025786456090594632,0.013946008493623215,1.75,1473.5999755859375
2025-01-07,1451.949951171875,1483.8499755859375,1443.25,1473.5999755859375,1448.24560546875,876238,0.015085778845954856,1487.0999938964844,1432.9879907226561,1468.6385770285524,1487.5358242251675,43.02131466612484,0.014872429111310561,-0.18537580581187285,2.033165316853142,-2.2185411226650147,0.006076346494680918,-0.03943680396506921,-0.19712693493913203,-0.00907808376434345,0.028340771259918737,21.9000244140625,1428.300048828125
2025-01-08,1471.199951171875,1473.0,1418.0,1428.300048828125,1403.7249755859375,924955,-0.030740993151686324,1481.5749938964843,1434.0819921875,1464.7968124380354,1485.21285264097,34.89285650099744,0.016144718584213617,-3.3977430242036917,0.9469836486417751,-4.344726672845467,-0.04339958999221272,-0.07180919969696609,0.05559790833084155,-0.035958318200449854,-0.004031808077134685,-45.2999267578125,1430.1500244140625
2025-01-09,1435.0,1454.5999755859375,1413.8499755859375,1430.1500244140625,1405.543212890625,864314,0.0012952289593879396,1475.6399963378906,1434.9599926757812,1461.4971183405144,1483.0535260438364,36.16666666666666,0.016013823078680302,-5.728257829202448,-0.38806464692706966,-5.340193182275378,-0.03664411614617158,-0.07663747492843531,-0.06556102729321966,-0.030827283102058064,-0.003351987711343462,1.8499755859375,1369.6500244140625
2025-01-10,1399.949951171875,1399.949951171875,1357.949951171875,1369.6500244140625,1346.0841064453125,1963609,-0.042303254181173755,1467.0625,1434.9779931640626,1452.7497760618046,1478.6063299014925,36.3362387378272,0.018179892894406243,-12.315091276660723,-2.7734699728738006,-9.541621303786922,-0.055381171393476536,-0.11130932532626403,1.2718699454133566,-0.06639967662314149,-0.045525415066439326,-60.5,1310.199951171875
2025-01-13,1352.0,1381.8499755859375,1302.550048828125,1310.199951171875,1287.656982421875,1057072,-0.043405302217710884,1455.917498779297,1433.4759912109375,1439.1736022627638,1472.0021581866056,33.65905603531195,0.02003493962998286,-22.07782883713253,-6.634341745725546,-15.443487091406983,-0.0974719327404916,-0.14539170827973702,-0.4616687945512574,-0.10008640443541458,-0.08599798029049957,-59.4500732421875,1323.949951171875
2025-01-14,1316.949951171875,1335.0,1307.0,1323.949951171875,1301.1702880859375,566294,0.010494581371111922,1445.3974975585938,1432.089990234375,1428.1999212064889,1466.196189284067,32.825496448516134,0.020363915599664426,-28.37823201029846,-10.98311979864013,-17.39511221165833,-0.10155403562256315,-0.1371264885859661,-0.4642805788063632,-0.0840236312791842,-0.07551204170123539,13.75,1342.0999755859375
2025-01-15,1343.800048828125,1370.0,1312.5,1342.0999755859375,1319.008056640625,640880,0.013708995871027696,1436.9399963378905,1430.4469897460938,1419.999926385484,1461.3296710998266,32.666892409468744,0.02078735361575624,-31.54318147179606,-15.095132133271317,-16.448049338524743,-0.060351515994774285,-0.11192722872725391,0.13170897095854794,-0.06600137861960646,-0.06176182325766437,18.1500244140625,1319.8499755859375
2025-01-16,1379.0,1379.0,1312.5,1319.8499755859375,1297.1409912109375,1195665,-0.01657849668783884,1426.8999938964844,1428.7719897460938,1410.4618358331463,1455.7814477463407,28.767549093266155,0.020723776382322114,-35.43830505021401,-19.163766716659858,-16.274538333554155,-0.0771248099466455,-0.13204882491321257,0.8656612782424167,-0.07502278980198307,-0.07623470710642416,-22.25,1314.6500244140625
2025-01-17,1327.0,1327.5999755859375,1300.0,1314.6500244140625,1292.0303955078125,1228331,-0.003939804726341367,1416.9749938964844,1427.264990234375,1401.3369014122813,1450.246882125467,26.230517643651837,0.020729793919890716,-38.50099563903632,-23.03121250113515,-15.469783137901167,-0.040156243580201534,-0.1311832910136358,0.027320361472485954,-0.07221367344037771,-0.0789026330715362,-5.199951171875,1334.0999755859375
2025-01-20,1329.949951171875,1344.0,1305.9000244140625,1334.0999755859375,1311.145751953125,696049,0.014794774891168316,1411.1174926757812,1424.1859887695311,1394.9333846669153,1445.692101476858,30.856056151632018,0.019618090043365743,-38.910218706151454,-26.207013742138415,-12.70320496401304,0.01824150916254097,-0.08072353103466834,-0.4333375938570304,-0.05457909599278089,-0.0632543880462033,19.449951171875,1312.300048828125
2025-01-21,1330.0,1339.0,1304.0,1312.300048828125,1289.720947265625,781994,-0.016340549551571604,1405.9549926757813,1421.6009887695313,1387.0635431584592,1440.4610405886724,22.974590024242545,0.019245361656305707,-40.526439269829325,-29.0708988476766,-11.455540422152726,-0.008799352523438109,-0.07293984418670074,0.12347550244307515,-0.06661304546414704,-0.07688580748386502,-21.7999267578125,1295.199951171875
2025-01-22,1320.0,1326.4000244140625,1268.949951171875,1295.199951171875,1272.9150390625,1085424,-0.013030630968519974,1399.0499877929688,1419.05798828125,1378.3146296359273,1434.76452727821,22.401971912979064,0.018963957041902523,-42.69497953281234,-31.79571498470375,-10.89926454810859,-0.0349452539059818,-0.09635114278350965,0.38802087995560064,-0.07422896789050361,-0.087281871588201,-17.10009765625,1344.699951171875
2025-01-23,1303.300048828125,1364.8499755859375,1295.199951171875,1344.699951171875,1321.5633544921875,1519850,0.03821803726537598,1393.6749877929688,1417.80298828125,1375.11323168697,1431.2325831171772,35.2982240037431,0.02094190964224207,-39.95870789232549,-33.4283135662281,-6.530394326097394,0.018827878960186784,-0.07402561879529823,0.4002362210527868,-0.03514093102772181,-0.051560786451716474,49.5,1322.9000244140625
2025-01-24,1345.0,1372.25,1315.6500244140625,1322.9000244140625,1300.138427734375,1437157,-0.016211740573660594,1386.789990234375,1416.45298828125,1370.1405452800266,1426.984247481761,32.962967149189026,0.020999084491654246,-39.098560930831354,-34.56236303914875,-4.536197891682605,0.006275434409760194,-0.09427629294368223,-0.05440865874921863,-0.04607039729895563,-0.06604734829971765,-21.7999267578125,1301.5
2025-01-27,1300.0,1327.300048828125,1276.75,1301.5,1279.106689453125,2003383,-0.01617659990862952,1378.357489013672,1415.3239892578124,1363.6033504914526,1422.0632966001233,27.20529387588404,0.020971925754454387,-39.68621342501797,-35.5871331163226,-4.09908030869537,-0.02443593147628953,-0.1147162001247315,0.3939903573513541,-0.05576019982208666,-0.08042256763944278,-21.4000244140625,1259.0999755859375
2025-01-28,1291.0,1313.550048828125,1250.0,1259.0999755859375,1237.436279296875,1365219,-0.0325778136104975,1368.077490234375,1413.3669897460939,1353.6506481194988,1415.6725781289788,27.415899056382727,0.0217932030102146,-43.07669851275318,-37.08504619560872,-5.991652317144464,-0.04053956508627332,-0.14037002965791145,-0.318543184203919,-0.07965741372571511,-0.10914859005435655,-42.4000244140625,1370.050048828125
2025-01-29,1263.0,1404.9000244140625,1223.25,1370.050048828125,1346.477294921875,9955740,0.08811855721826656,1361.9249938964845,1414.2529907226562,1355.2124958060347,1413.8834593328668,43.78747503767221,0.030071058146236288,-36.39144083268161,-36.9463251230233,0.5548842903416897,0.05779038023320404,-0.0824123828074701,6.292412426138224,0.005965860798541225,-0.03125532856179034,110.9500732421875,1432.949951171875
2025-01-30,1420.0,1479.0,1410.6500244140625,1432.949951171875,1408.2950439453125,5161240,0.04591066026934687,1359.344989013672,1416.8079907226563,1362.6160629837339,1414.6311648951807,56.51099875920707,0.03205466645824251,-25.721330032181868,-34.70132610485501,8.979996072673146,0.0656280235030069,-0.03475807211550874,-0.48158147962883724,0.05414737447306159,0.011393188459492895,62.89990234375,1409.199951171875
2025-01-31,1430.0,1432.0,1390.9000244140625,1409.199951171875,1384.9537353515625,1618605,-0.016574200641534698,1357.3074890136718,1419.1879907226562,1367.0526237635568,1414.4181761217178,60.99023328877657,0.03184594329552097,-18.96302293740655,-31.553665471365324,12.590642533958775,0.06523541096466179,-0.02810441834013999,-0.6863922235741798,0.03823191323869614,-0.007037855179210787,-23.75,1416.449951171875
2025-02-01,1415.0,1423.949951171875,1381.199951171875,1416.449951171875,1392.078857421875,541837,0.005144763164355082,1355.544989013672,1421.3479907226563,1371.7571311357774,1414.4978535746652,60.41901558342417,0.03187215784143915,-12.873602587512323,-27.817652894594723,14.9440503070824,0.08832113036640421,-0.024281877237472327,-0.6652444543294997,0.0449302403474775,-0.0034460523269118394,7.25,1413.5999755859375
2025-02-03,1420.0,1433.699951171875,1392.550048828125,1413.5999755859375,1389.2779541015625,828289,-0.002012055267875623,1352.544989013672,1422.2959912109375,1375.7421639405547,1414.4626426731465,58.341113443403614,0.03165344737880017,-8.18332996596041,-23.89078830886786,15.70745834290745,0.12270669763781195,-0.04071661305242802,0.5286682157180111,0.04514081754632738,-0.006114068856789941,-2.8499755859375,1419.800048828125
2025-02-04,1420.0,1475.0,1416.8499755859375,1419.800048828125,1397.8433837890625,1523505,0.004386016800557391,1352.1199890136718,1422.8649926757812,1379.9381529774662,1414.6719527184398,62.113694217289634,0.030918004059312356,-3.9207648902570327,-19.896783625145694,15.976018734888662,0.036312542043667406,-0.005951130511389402,0.839339892235681,0.0500547735144598,-0.0021540651175150417,6.2000732421875,1431.3499755859375
2025-02-05,1426.4000244140625,1441.300048828125,1409.5999755859375,1431.3499755859375,1409.2147216796875,1390475,0.008134896718270612,1352.1799865722655,1423.2269921875,1384.834517035416,1415.3259928308908,63.929336163476925,0.03096916838399517,0.3848943821026296,-15.84044802369603,16.22534240579866,-0.0011165606898057012,0.0008390386682450846,-0.08731838753400878,0.058549889659560365,0.0057074405158326355,11.5499267578125,1434.550048828125
2025-02-06,1440.0,1448.699951171875,1422.449951171875,1434.550048828125,1412.3653564453125,489797,0.0022357028656654343,1355.4249877929688,1423.6959936523438,1389.5693295871024,1416.0798773798022,62.47362065709083,0.029285771463155075,4.0091643910818675,-11.870525540740452,15.87968993182232,0.017988999811679784,0.04738438524967492,-0.6477484312914652,0.058376569524511396,0.0076238573573114395,3.2000732421875,1447.800048828125
2025-02-07,1446.0,1453.75,1423.4000244140625,1447.800048828125,1425.410400390625,541048,0.009236345578060412,1362.3049926757812,1425.2759936523437,1395.1151123719617,1417.3238056718933,67.19106399691742,0.02721489666039233,7.859983749785215,-7.92442368263532,15.784407432420535,0.022132866488020264,0.10502221247465093,0.10463722725945646,0.06275764723170985,0.015803293731245872,13.25,1437.949951171875
2025-02-10,1447.699951171875,1454.550048828125,1418.0,1437.949951171875,1415.712646484375,467753,-0.00680349310957884,1368.0049926757813,1427.2099926757812,1399.1946208290963,1418.132674122873,68.45029907771223,0.02731737408908095,10.001672223486821,-4.339204501410892,14.340876724897713,0.017225506512791533,0.08610597394493236,-0.13546857210450824,0.051129169023925294,0.007525142446598305,-9.85009765625,1380.3499755859375
2025-02-11,1431.5,1436.949951171875,1362.5,1380.3499755859375,1359.00341796875,866368,-0.04005701000858597,1369.9174926757812,1426.2029931640625,1397.3998927107002,1416.650999670444,54.5132317765392,0.028957868216398126,6.970784260431856,-2.0772067490423423,9.047991009474199,-0.02778565423684043,0.028500112283587953,0.8521912205800926,0.007615409662211937,-0.0321504146309489,-57.5999755859375,1353.1500244140625
2025-02-12,1380.3499755859375,1387.949951171875,1322.3499755859375,1353.1500244140625,1332.2242431640625,962838,-0.019705112220057885,1371.5824951171876,1424.1229931640626,1393.1856195395917,1414.1607653466644,53.7779433771955,0.02907049334316395,2.34692112739981,-1.1923811737539118,3.5393023011537217,-0.05463370419932623,0.025230177250517904,0.11134991135406658,-0.013438834899646503,-0.0498362635044007,-27.199951171875,1340.3499755859375
2025-02-13,1360.0,1364.550048828125,1332.0,1340.3499755859375,1319.6220703125,637262,-0.009459445440033631,1372.8674926757812,1421.0679931640625,1388.1536534487675,1411.266224571734,54.958514802831964,0.029152314199241813,-2.3235957195545325,-1.418624082914036,-0.9049716366404965,-0.0656652399957317,0.019548891868259366,-0.33814203427783285,-0.023685838045786653,-0.05680095390678896,-12.800048828125,1342.6500244140625
2025-02-14,1341.9000244140625,1353.25,1308.5,1342.6500244140625,1321.886474609375,595239,0.0017160061700449702,1373.2949951171875,1418.298994140625,1383.8199744930812,1408.575393193002,61.87971193292783,0.028981312104089687,-5.772873163562053,-2.2894738990436396,-3.4833992645184138,-0.0726274491420088,0.006408851648745273,-0.06594305011125723,-0.02231492200298154,-0.05333781525551995,2.300048828125,1310.4000244140625
2025-02-17,1341.050048828125,1350.5999755859375,1304.0,1310.4000244140625,1290.13525390625,794453,-0.024019662170768563,1373.1999938964843,1413.8249951171874,1376.8275982950795,1404.7253787310829,39.073088769400094,0.029268505153127653,-10.982160355721362,-4.028011190379184,-6.954149165342178,-0.08870261906811439,-0.0014478582209603852,0.3346790112879028,-0.04573257337718563,-0.0731525974291835,-32.25,1329.449951171875
2025-02-18,1305.0,1333.300048828125,1294.0,1329.449951171875,1308.890625,537675,0.014537489623697608,1374.9124938964844,1409.6379931640624,1372.3154414262028,1401.7734011797413,27.41162027890205,0.02925564113368475,-13.418705618405284,-5.906150075984404,-7.51255554242088,-0.036874724029647754,0.02644379346139658,-0.32321358217540874,-0.03306577176833207,-0.056885556703957715,19.0499267578125,1336.25
2025-02-19,1328.75,1354.3499755859375,1316.0,1336.25,1315.58544921875,497257,0.0051149340538401145,1374.4899963378907,1405.3859936523438,1368.8806374808503,1399.2038560354379,32.80699957535788,0.027990034917262333,-14.632306067342597,-7.6513812742560425,-6.980924793086555,-0.012489394456745795,-0.006283893417643904,-0.07517180452875805,-0.027821225647167373,-0.04919359803257458,6.800048828125,1342.050048828125
2025-02-20,1335.5,1348.5,1328.050048828125,1342.050048828125,1321.2957763671875,385983,0.004340541686155275,1375.4474975585938,1401.4029956054687,1366.325343323448,1396.962530262602,32.3446052735253,0.027737842948040888,-14.953700745408014,-9.111845168486436,-5.841855576921578,0.0012683801045649812,0.014475791110930336,-0.2237756331233145,-0.024281151254227404,-0.042352518842519386,5.800048828125,1310.0999755859375
2025-02-21,1342.0,1345.0,1294.0,1310.0999755859375,1289.83984375,1595171,-0.023806916344205065,1375.8774963378905,1396.9429956054687,1360.970546396066,1393.5561555693996,28.419542628855808,0.0280384552090722,-17.583816939902363,-10.806239522769623,-6.77757741713274,-0.024243137255615,0.006607741518200205,3.132749369790898,-0.04780768704120099,-0.06216647371633897,-31.9500732421875,1281.699951171875
2025-02-24,1303.050048828125,1303.550048828125,1253.199951171875,1281.699951171875,1261.8790283203125,1341968,-0.021677753563319246,1377.0074951171875,1391.8899951171875,1353.4209658985242,1389.169637749889,23.645044089705763,0.027457629777656364,-21.7095929208715,-12.98691020239,-8.7226827184815,-0.02190176488665785,0.0179493098436605,-0.15873094483287375,-0.06921352591272685,-0.07916577052199822,-28.4000244140625,1285.5
2025-02-25,1270.0999755859375,1295.0,1265.050048828125,1285.5,1265.6202392578125,534756,0.0029648505679122916,1372.7799926757812,1387.3749951171876,1346.952302479617,1385.1041617596975,21.31764690066683,0.01837719208474307,-24.391497923422776,-15.267827746596556,-9.12367017682622,-0.03305874819366783,-0.06171310960533527,-0.6015135979397422,-0.06357900984968294,-0.07343003548120206,3.800048828125,1251.949951171875
2025-02-27,1292.9000244140625,1295.449951171875,1240.550048828125,1251.949951171875,1232.589111328125,530052,-0.026098832227246183,1363.7299926757812,1382.0009936523438,1337.9044594979273,1379.8824280111555,17.919908932053332,0.015036629750231695,-28.891096929677587,-17.992481583212765,-10.898615346464823,-0.06308703373479885,-0.12631285541548543,-0.008796535242241332,-0.08196640251680763,-0.0941034363056214,-33.550048828125,1197.4000244140625
2025-02-28,1234.0,1240.5,1192.0,1197.4000244140625,1178.8826904296875,979584,-0.043571970833779394,1353.1399963378906,1375.6859936523438,1324.5230847280354,1372.7262553210735,11.583335674354572,0.017053807397818702,-36.43874162546149,-21.68173359166251,-14.757008033798979,-0.10778288376083334,-0.15029799467540572,0.8480903760385774,-0.1150952394765652,-0.12959786612709875,-54.5499267578125,1205.050048828125
2025-03-03,1194.949951171875,1213.0,1142.300048828125,1205.050048828125,1186.4144287109375,1100500,0.006388862751030899,1342.570001220703,1370.7619946289062,1313.1447003566154,1366.1507178115462,14.025368888191664,0.017106350334416456,-41.32662379425051,-25.610711632180113,-15.715912162070396,-0.08018466431222493,-0.1492462915254097,0.1234360708219,-0.10243037775873211,-0.12089038538425695,7.6500244140625,1214.6500244140625
2025-03-04,1161.25,1222.25,1161.25,1214.6500244140625,1195.865966796875,902775,0.007966453837559007,1332.6225036621095,1366.743994140625,1303.7642550287533,1360.2095141488999,19.949250310820815,0.017429816276680513,-43.91939241201021,-29.27244778814614,-14.646944623864073,-0.05231327870185831,-0.14073992261453616,-0.17966833257610182,-0.08852655491247749,-0.11128197407751957,9.5999755859375,1281.75
2025-03-05,1219.0,1298.0,1214.699951171875,1281.75,1261.92822265625,1466330,0.05524222964413639,1325.7200012207031,1363.7129931640625,1301.6676593117293,1357.1326704567862,38.688216935348805,0.022276844435343314,-40.097553334602026,-31.43746889743732,-8.660084437164706,-0.0029171528588097795,-0.09723203555463233,0.6242474592229514,-0.03316688379161226,-0.06010281750993177,67.0999755859375,1326.800048828125
2025-03-06,1300.0,1331.449951171875,1290.050048828125,1326.800048828125,1306.281494140625,1600892,0.035147297700897306,1320.4925048828125,1361.2049951171875,1304.0612202180525,1355.9431558831134,48.05233316102778,0.023868566020786307,-33.05254670550448,-31.760484459050755,-1.2920622464537281,0.05978681303209221,-0.07304288157409855,0.09176788308225303,0.004776660164286438,-0.02527536000270156,45.050048828125,1305.4000244140625
2025-03-07,1326.800048828125,1330.25,1296.25,1305.4000244140625,1285.212646484375,708924,-0.016129050065202932,1314.0350036621094,1358.10099609375,1304.1887253795771,1353.9610722960917,44.92437931961348,0.023988619549084933,-28.863411872940333,-31.181069941828675,2.317658068888342,0.09019542157838933,-0.09002824580401658,-0.5571693780717251,-0.006571346443574095,-0.03880489877503151,-21.4000244140625,1254.0
2025-03-10,1305.949951171875,1314.3499755859375,1250.0,1254.0,1234.607421875,621553,-0.03937492220986727,1304.3450012207031,1353.7779956054687,1299.4088467719982,1350.0410302452647,42.69619369110885,0.024973131293936975,-29.352685255125152,-30.815393004487973,1.4627077493628207,0.04062067896638588,-0.1338582969278045,-0.12324452268508335,-0.038597917861905036,-0.07370336637865328,-51.4000244140625,1268.9000244140625
2025-03-11,1241.0,1278.0,1225.050048828125,1268.9000244140625,1249.27685546875,673514,0.011881997140400724,1295.8925048828125,1349.8619970703126,1296.503244642671,1346.85903001659,42.07358601339689,0.02532260286085274,-28.212909629730575,-30.294896329536495,2.0819866998059204,0.04466307076902232,-0.11756315066462719,0.0835986633480974,-0.020829258883005092,-0.059977962808025365,14.9000244140625,1233.9000244140625
2025-03-12,1275.0,1283.9000244140625,1229.550048828125,1233.9000244140625,1214.8182373046875,536599,-0.02758294532791261,1288.5700073242188,1344.677998046875,1290.5410331923272,1342.4292650910006,37.522868637072385,0.024580552033262742,-29.790431181005715,-30.194003299830342,0.40357211882462707,-0.03733175391920229,-0.10609624643178572,-0.20328456424068397,-0.04242686280094417,-0.08238252860068797,-35.0,1206.449951171875
2025-03-13,1242.0,1246.5,1200.0,1206.449951171875,1187.7926025390625,483157,-0.022246594293749755,1281.2350036621094,1339.11599609375,1282.5323587141888,1337.096742976525,34.29828558892808,0.024665330517491504,-32.87663845353518,-30.730530330571312,-2.1461081229638665,-0.09070703438890226,-0.10841375353461724,-0.09959392395438682,-0.058369504639257365,-0.0990698679642889,-27.4500732421875,1250.25
2025-03-17,1215.050048828125,1258.5999755859375,1215.050048828125,1250.25,1230.91552734375,1351602,0.03630490331205216,1276.7300048828124,1335.1219970703125,1279.4578483604566,1333.6909883499948,43.25482482170977,0.026338232756607956,-31.425923578731727,-30.8696089802034,-0.5563145985283278,-0.04224760485876122,-0.06722123119116707,1.7974385137750257,-0.020740489204092088,-0.06356872050385586,43.800048828125,1250.25
2025-03-18,1250.25,1250.25,1250.25,1250.25,1230.91552734375,0,0.0,1272.1100036621094,1331.092998046875,1276.6761485166037,1330.4187927284263,46.21313272952292,0.026324354814521778,-29.93119342236173,-30.68192586863507,0.7507324462733393,-0.0029904306220095433,-0.06881914328671479,-1.0,-0.017184051378559672,-0.060734297427374836,0.0,1263.0999755859375
2025-03-19,1256.949951171875,1277.4000244140625,1240.050048828125,1263.0999755859375,1243.5665283203125,1069437,0.010277924883773215,1269.7450012207032,1326.882998046875,1275.383179666064,1327.7788391149954,47.360356423303884,0.026014130463893684,-27.3939430431667,-30.024329303541396,2.6303862603746957,-0.004570926563582711,-0.036095885185346344,inf,-0.005233354436030339,-0.04806981667172148,12.8499755859375,1281.5999755859375
2025-03-20,1273.0,1309.0,1265.050048828125,1281.5999755859375,1261.7806396484375,937523,0.014646504914559877,1267.3525024414062,1323.9489965820312,1275.9752554679567,1325.9679032903266,53.62248204888359,0.026017682398306794,-23.618103651567708,-28.74308417314666,5.1249805215789515,0.038657873594358794,-0.03599231061218888,-0.12334901448145141,0.011241918185418226,-0.031986897611179836,18.5,1323.4000244140625
2025-03-21,1280.0,1328.0,1263.25,1323.4000244140625,1302.9342041015625,1028101,0.032615519369852075,1266.7100036621093,1321.8139965820312,1280.4919001294907,1325.867202157924,65.88901922028984,0.02709083909482157,-17.05619591799632,-26.405706522116592,9.349510604120272,0.09693736000286535,-0.009616445714452748,0.09661416306586612,0.04475374836234028,0.0011998873034575626,41.800048828125,1384.550048828125
2025-03-24,1331.800048828125,1399.5,1331.0,1384.550048828125,1363.1385498046875,1342704,0.04620675781016148,1268.8350036621093,1322.1119970703126,1290.402200005551,1328.168490262638,69.94443362389669,0.029004805910438358,-6.842662886663447,-22.493097795025964,15.650434908362516,0.10741855535142975,0.03166796948974504,0.306003982099035,0.09119786641449763,0.04722599287819023,61.1500244140625,1342.8499755859375
2025-03-25,1400.0,1414.0,1337.949951171875,1342.8499755859375,1322.083251953125,1115012,-0.030118140747228406,1270.4725036621094,1322.7649975585937,1295.397226251302,1328.7442347851202,63.295982190559194,0.029332350811863306,-2.0891295978260587,-18.412304155585982,16.323174557759923,0.07406516743526304,0.024998092214567613,-0.16957721135857196,0.056968940071667536,0.015184086413243734,-41.7000732421875,1366.6500244140625
2025-03-26,1343.9000244140625,1375.0,1338.8499755859375,1366.6500244140625,1345.5152587890625,946785,0.017723535213038266,1274.7200073242188,1323.6189990234375,1302.183207028708,1330.2307363391965,59.674104844055876,0.029005007629401953,3.5575357583250025,-14.018336172803787,17.575871931128788,0.08198088103048962,0.06627922015953613,-0.15087460942124387,0.07211781141084868,0.032510129744566366,23.800048828125,1334.1500244140625
2025-03-27,1335.0,1349.050048828125,1312.0,1334.1500244140625,1313.5179443359375,980944,-0.023780777389539876,1277.1525085449218,1323.46,1305.2276658273133,1330.38443391076,50.8621664834301,0.02964590113007779,5.348427011624835,-10.144983535918062,15.493410547542897,0.04100347208894073,0.037845215413506494,0.036078940836620665,0.04462859015488977,0.008077330946203484,-32.5,1307.449951171875
2025-03-28,1335.0,1349.0,1300.0,1307.449951171875,1287.2308349609375,673910,-0.02001279672719991,1279.927508544922,1323.2119995117187,1305.439312050605,1329.4850424308038,50.237507216581754,0.029369273163949498,4.560675831652588,-7.203851662403932,11.76452749405652,-0.012052344678812776,0.04433084561251821,-0.3129984994046551,0.02150312610926052,-0.011911959947204263,-26.7000732421875,1270.5999755859375
2025-04-01,1306.5999755859375,1312.949951171875,1259.75,1270.5999755859375,1250.95068359375,745532,-0.028184616591180878,1283.5875061035156,1322.3309985351561,1302.1212800063508,1327.175824123162,51.990402998536034,0.028277917748620054,0.9519191529484488,-5.572697499333456,6.524616652281905,-0.0823011586606307,0.061132411624673866,0.1062782864180678,-0.010118149682683725,-0.03912108466528042,-36.8499755859375,1311.949951171875
2025-04-02,1279.0999755859375,1328.800048828125,1266.449951171875,1311.949951171875,1291.6612548828125,745673,0.03254366156182953,1288.9325012207032,1321.887998046875,1303.057343926877,1326.5787310662488,54.85397406093739,0.029020932902516675,1.4122711562272343,-4.175703768221318,5.587974924448552,-0.023010779294671102,0.08870992739903794,0.00018912669073900545,0.01785776208558071,-0.007518070282568406,41.3499755859375,1211.0999755859375
2025-04-03,1281.800048828125,1284.949951171875,1200.3499755859375,1211.0999755859375,1192.370849609375,4334432,-0.07687029180942084,1288.7549987792968,1319.8639965820312,1294.299499322978,1322.0501524199622,47.76163010871035,0.034242055366770295,-6.288160752973681,-4.598195165171791,-1.6899655878018898,-0.11381849489580587,-0.0029226927565719762,4.812778523561937,-0.06025584635319653,-0.0824054760776512,-100.8499755859375,1134.0
2025-04-04,1200.949951171875,1204.949951171875,1115.5,1134.0,1116.463134765625,2596684,-0.06366111563055399,1281.367498779297,1316.6399975585937,1279.0328803398372,1314.6756366387872,43.51910494177666,0.0345425408193268,-18.40002812740272,-7.358561757617977,-11.041466369784743,-0.15002062792898063,-0.11527208894090113,-0.4009171213206252,-0.11500798866811245,-0.13871673190641146,-77.0999755859375,1065.300048828125
2025-04-07,1020.5999755859375,1084.9000244140625,1020.5999755859375,1065.300048828125,1048.8255615234375,2787712,-0.060581967523699265,1268.292498779297,1311.0519995117188,1258.6773725768169,1304.896201822683,34.16117836459051,0.035234777597447746,-33.1600339629324,-12.518856198680862,-20.64117776425154,-0.18520777956105294,-0.19709073739555982,0.0735661328063022,-0.1600517626230129,-0.18744637952966042,-68.699951171875,1113.199951171875
2025-04-08,1090.0,1126.5999755859375,1061.0999755859375,1113.199951171875,1095.9847412109375,2319254,0.044963766214449974,1258.6824951171875,1306.857998046875,1244.8223800620606,1297.378701797161,39.153142158438854,0.03729250158876656,-40.52517414325712,-18.120119787596117,-22.405054355661,-0.12387850420151114,-0.14723461747172695,-0.1680439012351348,-0.11558319473710293,-0.14818599049355463,47.89990234375,1078.3499755859375
2025-04-09,1110.0,1110.0,1063.0999755859375,1078.3499755859375,1061.6737060546875,1492684,-0.03130612389018761,1249.8999938964844,1302.3949975585938,1228.967865350049,1288.7893399849563,35.86998087954112,0.036969059189646505,-48.61381280258047,-24.21885839059299,-24.394954411987477,-0.1780555541598814,-0.14007178980387758,-0.3563947717671285,-0.13725099539824023,-0.17202540119751702,-34.8499755859375,1118.949951171875
2025-04-11,1130.0,1138.550048828125,1100.050048828125,1118.949951171875,1101.645751953125,1271330,0.03765009181168377,1242.402490234375,1299.5919970703126,1218.4899687616514,1282.1289717962081,37.967002271987155,0.03808864454007636,-51.15831725755879,-29.606750163986156,-21.551567093572636,-0.07608787570941844,-0.1181732763473069,-0.14829260580270176,-0.09936597844327487,-0.1389990445506446,40.5999755859375,1151.800048828125
2025-04-15,1130.0,1165.9000244140625,1130.0,1151.800048828125,1133.9879150390625,962970,0.029357968711510418,1238.2974914550782,1295.2269970703126,1212.1385478156014,1277.018033640597,37.1345052253743,0.0384827399515145,-49.94835350175754,-33.67507083154044,-16.2732826702171,0.015696692088293718,-0.06653697541251291,-0.24254914145029216,-0.06985190814310156,-0.11073498974821129,32.85009765625,1149.199951171875
2025-04-16,1154.0999755859375,1169.5,1143.300048828125,1149.199951171875,1131.4281005859375,853859,-0.002257421033186602,1235.434991455078,1289.5519970703126,1206.144395754294,1272.0055598182942,30.656689415932732,0.03820760151387719,-48.638579392135625,-36.66777254365948,-11.970806848476144,0.07875706232816149,-0.04745327391690857,-0.11330674891221948,-0.06980135812863501,-0.10883783377273537,-2.60009765625,1136.199951171875
2025-04-17,1140.0,1152.0,1116.0999755859375,1136.199951171875,1118.629150390625,1419614,-0.011312217675212621,1229.732489013672,1284.0919970703126,1199.4830200797778,1266.6798496752974,32.17458675836734,0.03718301105553658,-48.0951543274216,-38.95324890041191,-9.14190542700969,0.020661157931050722,-0.09122179470355929,0.6625859773100711,-0.07605925571407514,-0.11517246913449886,-13.0,1166.0999755859375
2025-04-21,1140.0,1182.0,1137.0,1166.0999755859375,1148.066650390625,1225396,0.026315812092073898,1225.5249877929687,1279.0849975585938,1196.303682508936,1262.7355408874796,32.880917727005965,0.037796475684294846,-44.736113889530316,-40.109821898235595,-4.626291991294721,0.08137432372298226,-0.06730655821960607,-0.13681042875035043,-0.04848943334403067,-0.08833269265788617,29.9000244140625,1165.5999755859375
2025-04-22,1168.0,1181.0,1157.0,1165.5999755859375,1147.5743408203125,765770,-0.00042877970197086057,1220.6499877929687,1274.1249975585938,1193.379519944841,1258.9263030325174,34.78103396585779,0.0376772918785878,-41.63445982691451,-40.41474948397138,-1.2197103429431309,0.041690894543769286,-0.07719103941457273,-0.3750836464293992,-0.04509893315656023,-0.0851761186544537,-0.5,1228.9000244140625
2025-04-23,1181.9000244140625,1238.5999755859375,1179.9000244140625,1228.9000244140625,1209.8956298828125,2944078,0.05430683781226442,1218.014990234375,1270.3069970703125,1196.762425132386,1257.748801910225,43.34717286302505,0.039664220669822586,-33.680345656787495,-39.0678687185346,5.387523061747103,0.06693868060205532,-0.04112043709097368,2.8445982475155724,0.0089366996851105,-0.03259603603833262,63.300048828125,1213.5999755859375
2025-04-24,1235.0,1237.699951171875,1208.0,1213.5999755859375,1194.8321533203125,1137209,-0.012450198164346227,1212.5249877929687,1265.9519970703125,1198.3660013660576,1256.0174753877038,44.98945190691925,0.03890645620054335,-28.28518493819911,-36.9113319624675,8.626147024268391,0.056039007266221796,-0.08296814780303419,-0.6137300030773641,0.000886569599629883,-0.04135387566473998,-15.300048828125,1221.0
2025-04-25,1220.0,1233.800048828125,1177.5999755859375,1221.0,1202.11767578125,1750752,0.00609758121533388,1204.3474853515625,1261.68099609375,1200.5216202835759,1254.6442410587745,41.49762227113504,0.03720062540204491,-23.14555353945707,-34.158176277865415,11.012622738408346,0.07463479358599012,-0.1181250536710845,0.5395164828980425,0.013827001634479679,-0.03224348802882916,7.4000244140625,1231.199951171875
2025-04-28,1221.0,1277.0,1195.4000244140625,1231.199951171875,1212.1600341796875,5815225,0.008353768363533964,1198.7649841308594,1257.348994140625,1203.4433660824616,1253.7248571416412,52.26249125075881,0.036859211579979345,-18.041338492094155,-30.934808720711164,12.893470228617009,0.05582709626010085,-0.08314407896931697,2.321558393193325,0.027056985706445165,-0.02079696495611586,10.199951171875,1264.800048828125
2025-04-29,1229.0,1275.0,1192.800048828125,1264.800048828125,1245.240478515625,4067879,0.02729052874333604,1193.6724853515625,1253.88599609375,1209.2868596772867,1254.1591783842484,66.32143562172661,0.03721194645642821,-11.15636063919328,-26.97911910440759,15.82275846521431,0.08510644759778785,-0.07452527989351532,-0.3004777975056855,0.05958716846490257,0.008704182651673041,33.60009765625,1253.5999755859375
2025-04-30,1269.0,1287.0,1240.0,1253.5999755859375,1234.2135009765625,2214690,-0.008855212531470702,1189.6449829101562,1251.35099609375,1213.5071564304915,1254.137248862746,77.43294764319506,0.036926010169902206,-6.528462344825357,-22.888987752491143,16.360525407665786,0.020099235642583535,-0.06037555548784801,-0.4555664020488318,0.05375972966265291,0.0017972411411410916,-11.2000732421875,1236.5
2025-05-02,1253.5999755859375,1278.9000244140625,1233.0999755859375,1236.5,1217.3780517578125,1083460,-0.013640695532037617,1186.0974853515625,1249.0179956054687,1215.696951056159,1253.4455920445992,69.73429812002576,0.03679377086756227,-4.19231828806096,-19.149653859605106,14.957335571544146,0.01886949973199048,-0.05426590219249472,-0.5107848050968758,0.04249441152258923,-0.010022270014933268,-17.0999755859375,1258.5999755859375
2025-05-05,1233.5999755859375,1267.0,1233.0999755859375,1258.5999755859375,1239.13623046875,703377,0.017873008965578308,1185.4974853515625,1247.3829956054688,1219.7829533923284,1253.6477247324947,80.0767170074501,0.036517752035368445,-0.5512692704867277,-15.429976941781431,14.878707671294704,0.03079441079929368,-0.009444357178163942,-0.350804828973843,0.06166397747583261,0.008992410526667575,22.0999755859375,1241.4000244140625
2025-05-06,1264.0,1271.4000244140625,1236.0,1241.4000244140625,1222.2022705078125,894504,-0.013665939540375094,1181.969989013672,1245.3579956054687,1221.841722061065,1253.167422759223,72.16287980387469,0.03581674126176979,0.9356108551612579,-12.156859382392893,13.092470237554151,0.008284660206881123,-0.05377486137698706,0.2717276794663459,0.05028049438884962,-0.0031781794515093396,-17.199951171875,1283.0
2025-05-07,1212.0,1286.0999755859375,1212.0,1283.0,1263.158935546875,1379368,0.03351053227630851,1185.564990234375,1244.8099951171876,1227.6663199600112,1254.3373277490573,73.01751557573022,0.03199614708186505,5.408399765528429,-8.64380755280863,14.052207318337059,0.014389587657541503,0.05936753848853549,0.5420478835198055,0.08218445261812511,0.030679384831913407,41.5999755859375,1273.199951171875
2025-05-08,1283.4000244140625,1316.5999755859375,1262.0,1273.199951171875,1253.5103759765625,1347598,-0.007638385680533877,1192.5249877929687,1243.6849951171876,1232.002856265903,1255.0770384715206,71.21832941750526,0.02802395994461371,8.06931709915034,-5.301182622416836,13.370499721567175,0.01563495211203758,0.12275127969301147,-0.02303228725039297,0.06765054334686371,0.02373185828450585,-9.800048828125,1244.199951171875
2025-05-09,1235.9000244140625,1266.0,1235.199951171875,1244.199951171875,1224.9588623046875,874619,-0.02277725503626349,1201.4699829101562,1241.843994140625,1233.1644843521858,1254.6504860283974,67.52107909771004,0.02431316648307568,7.748733048863869,-2.6911994881606955,10.439932537024564,0.006227214857966068,0.16793381596156642,-0.35097929798055505,0.03556474058404676,0.0018971441198460345,-29.0,1325.0999755859375
2025-05-12,1300.0,1336.5,1286.4000244140625,1325.0999755859375,1304.6077880859375,1900130,0.06502172286525587,1212.0649841308593,1241.5049926757813,1241.920245422067,1257.4132111090853,72.13250466939081,0.02625154494848075,13.862821759887993,0.6196047614490423,13.24321699843895,0.05283648600822599,0.19035216826141022,1.1725231214963316,0.09325819402012728,0.06733358577156122,80.9000244140625,1346.0999755859375
2025-05-13,1330.0,1355.0,1315.0,1346.0999755859375,1325.2830810546875,1308106,0.015847860830813243,1225.4524841308594,1242.2249926757813,1251.8421244852927,1260.891123441511,73.76875258800503,0.024492798725851733,20.17029500345552,4.529742809850338,15.640552193605185,0.08434022000385655,0.2482960134111507,-0.31157026098214335,0.09845138266674307,0.08362010386412132,21.0,1351.5
2025-05-14,1349.0,1378.5999755859375,1346.199951171875,1351.5,1330.5994873046875,987041,0.004011607244634119,1237.0799865722656,1243.6209936523437,1261.3333507247887,1264.4444127183144,69.04908490937858,0.02374093426682735,25.31295781132144,8.686385810144557,16.626572001176882,0.05339049103663296,0.20782882074803766,-0.24544264761418422,0.09249200914224828,0.08674588712983244,5.4000244140625,1393.199951171875
2025-05-15,1353.0,1401.9000244140625,1353.0,1393.199951171875,1371.6546630859375,2261019,0.030854569864502412,1249.1499816894532,1245.7749926757813,1273.8920745768924,1269.493649520415,75.78976706030419,0.02380825984152624,32.380134659556234,13.425135580026893,18.95499907952934,0.09425071049488332,0.2095849037247024,1.2907042361968752,0.11531839378294415,0.11833995654338982,41.699951171875,1364.800048828125
2025-05-16,1404.0,1404.0,1361.5999755859375,1364.800048828125,1343.6939697265625,1270996,-0.02038465643058751,1259.9299865722655,1248.0319946289062,1282.5499768865336,1273.2311553756194,69.4745487332393,0.02462344141498022,35.28257291881937,17.79662304778539,17.48594987103398,0.09692983635199504,0.18760886426804646,-0.43786584721313704,0.08323483318399809,0.09356174737646768,-28.39990234375,1345.5999755859375
2025-05-19,1364.800048828125,1367.5,1336.199951171875,1345.5999755859375,1324.790771484375,777521,-0.014068048472502204,1270.3999877929687,1250.9959936523437,1288.554738667429,1276.0691483250437,65.12427317019639,0.024749983870047804,35.62285263061631,21.361868964351572,14.260983666264735,0.015470530811032113,0.1842985683973033,-0.38825849963335846,0.0591939456199238,0.07562292958060789,-19.2000732421875,1317.699951171875
2025-05-20,1354.0,1361.800048828125,1310.5,1317.699951171875,1297.322265625,996510,-0.020734263466312464,1277.9799865722657,1253.2489916992188,1291.330473191662,1277.701728828841,57.10065803271812,0.02522681808458266,33.25785213667882,23.741065598817023,9.516786537861798,-0.021098005296152245,0.13000598470106484,0.2816502705393167,0.0310802712225128,0.051427098604939096,-27.9000244140625,1331.5999755859375
2025-05-21,1313.0999755859375,1338.800048828125,1308.800048828125,1331.5999755859375,1311.00732421875,544598,0.010548702230504636,1286.2799865722657,1255.5879907226563,1295.1656638958787,1279.8153855644134,60.39445764270223,0.025189213485719213,32.1347585162066,25.419804182294943,6.71495433391166,-0.014724398382584214,0.14241592611268983,-0.4534946964907527,0.03523337802560583,0.06053895499552553,13.9000244140625,1320.199951171875
2025-05-22,1329.9000244140625,1332.800048828125,1309.0999755859375,1320.199951171875,1299.7835693359375,418410,-0.008561147959653681,1290.8449829101562,1256.3569897460939,1297.549881731688,1281.3990940196081,61.326109766153586,0.022779140817498714,29.979230130769565,26.331689371989867,3.647540758779698,-0.05239736043530352,0.07429402306452393,-0.23170852628911598,0.022740893484777112,0.05081594001294459,-11.4000244140625,1329.0
2025-05-23,1320.199951171875,1350.0,1320.199951171875,1329.0,1308.447509765625,633833,0.006665693950612228,1296.6149841308593,1256.4009887695313,1300.5451310905748,1283.2657962149176,59.88209010925668,0.022458799900072223,28.65078038908655,26.795507575409204,1.8552728136773453,-0.026230984427985993,0.09508901346042498,0.5148610214861022,0.024976586161271987,0.05778331271576701,8.800048828125,1335.5
2025-05-26,1336.0,1344.699951171875,1329.0999755859375,1335.5,1314.8470458984375,461591,0.004890895410082807,1302.3399841308594,1257.00298828125,1303.8741662248058,1285.314196363352,63.61793666266596,0.02245671595240839,27.80198608561318,26.99680327745,0.8051828081631811,-0.00750592729576971,0.09377559377559375,-0.27174665882022553,0.02546187345332143,0.062447752670884274,6.5,1329.800048828125
2025-05-27,1335.5,1360.0,1321.4000244140625,1329.800048828125,1309.2352294921875,767481,-0.004268027833676524,1307.2699890136719,1258.5189892578126,1306.3432979013126,1287.0587395972648,57.55814503651857,0.022526678304930006,26.365447593846284,26.870532140729257,-0.5050845468829728,0.009182741219265322,0.08008455292936034,0.6626862308840511,0.01723443512342231,0.05663884309949831,-5.699951171875,1331.699951171875
2025-05-28,1330.0,1345.0,1321.0,1331.699951171875,1311.1058349609375,534000,0.0014287127943966027,1310.6149841308593,1259.7749877929687,1308.7582172604139,1288.8093753452886,59.69506288827226,0.021857509739184686,25.09105269360043,26.514636251303493,-1.4235835577030613,7.507929390992985e-05,0.052893658887612105,-0.3042173030993601,0.016087842193409925,0.057093500089975185,1.89990234375,1346.300048828125
2025-05-29,1335.0,1361.0,1335.0,1346.300048828125,1325.47998046875,1367054,0.010963503936004537,1315.2499877929688,1262.02298828125,1312.333629790672,1291.063911560302,67.76889667661187,0.021750142628815947,24.971337383153013,26.2059764776734,-1.2346390945203858,0.019769806560803405,0.07394709241188302,1.5600262172284642,0.023607725773302755,0.06677933867246899,14.60009765625,1337.800048828125
2025-05-30,1350.0,1352.0,1326.0,1337.800048828125,1317.1114501953125,750022,-0.006313600008704401,1320.314990234375,1264.649990234375,1314.759003032334,1292.8967012570793,52.95487943214873,0.021501306221839087,23.91490701305156,25.747762584749033,-1.832855571697472,0.00662155668030473,0.08192482719621919,-0.45135890754864105,0.013243096324041661,0.0578421374756767,-8.5,1331.5999755859375
2025-06-02,1337.800048828125,1337.800048828125,1323.0,1331.5999755859375,1311.00732421875,425981,-0.004634529089469375,1323.964990234375,1266.2769897460937,1316.3629051802964,1294.4144767209561,46.37681336245288,0.021334179676249777,22.320092111024678,25.062228490004166,-2.742136378979488,-0.0029202728671378075,0.05800095456542098,-0.4320419934348593,0.00576675773746178,0.05158664839431535,-6.2000732421875,1321.0999755859375
2025-06-03,1330.300048828125,1352.0,1316.699951171875,1321.0999755859375,1300.6695556640625,697264,-0.007885250970645075,1327.9499877929688,1267.6939892578125,1316.8140547427383,1295.460966872524,42.59258928767953,0.02113423027210026,19.97862639449636,24.045508070902606,-4.066881676406247,-0.006542392030933097,0.06420166715357789,0.6368429577845021,-0.005158335984035024,0.042128452750172136,-10.5,1318.300048828125
2025-06-04,1325.0,1331.0,1311.0,1318.300048828125,1297.9130859375,488279,-0.0021193905151429826,1329.714990234375,1268.7979907226563,1316.9555779889658,1296.3566171452926,27.48049297894049,0.01992272233024574,17.693112073008933,22.775028871323872,-5.081916798314939,-0.01006225338670197,0.027513677964243977,-0.2997214828242961,-0.008584502310707889,0.03901492472988099,-2.7999267578125,1320.5
2025-06-05,1319.0,1329.0,1309.4000244140625,1320.5,1300.0789794921875,609136,0.001668778798749715,1332.0799926757813,1269.5759912109374,1317.2931419900167,1297.3034164729281,34.18985797682322,0.01980534185257769,15.876330722899183,21.395289241638935,-5.518958518739751,-0.01916366923597934,0.037150526737445455,0.2475162765550023,-0.0086931661307519,0.04011103639451357,2.199951171875,1318.699951171875
2025-06-06,1320.5,1325.0,1310.0,1318.699951171875,1298.3067626953125,508183,-0.001363157007288951,1335.8049926757812,1269.4819897460939,1317.4271238168606,1298.1424962650437,39.03830140306161,0.018955510560080484,14.128406046661894,19.94191260264353,-5.813506555981636,-0.014277243952099727,0.059877835495677934,-0.16573146226786795,-0.012805043848236226,0.038770113970364485,-1.800048828125,1353.4000244140625
2025-06-09,1315.5,1364.199951171875,1312.800048828125,1353.4000244140625,1332.4703369140625,1104628,0.02631385040346057,1337.2199951171874,1268.8589892578125,1320.8531143499274,1300.3094581532407,63.78379906962714,0.013484727850715276,15.366038925947805,19.026737867304384,-3.6606989413565785,0.016371319636388826,0.02135691596825451,1.1736815281109365,0.01209975124209622,0.06662760469995188,34.7000732421875,1369.699951171875
2025-06-10,1360.0,1391.0,1354.4000244140625,1369.699951171875,1348.51806640625,1528737,0.012043687353167742,1338.3999938964844,1269.3959887695312,1325.5051940472556,1303.030653957893,64.44274773836793,0.013291843730099825,17.46086181859323,18.713562657562154,-1.2527008389689236,0.03678750774662776,0.017532112037714542,0.38393830321157885,0.023386100880251087,0.07901707842922354,16.2999267578125,1382.0
2025-06-11,1369.699951171875,1396.0,1359.699951171875,1382.0,1360.6279296875,1193380,0.008980104597069882,1339.9249938964845,1269.70298828125,1330.885651757041,1306.1274910575835,73.26808211799269,0.01339802645554152,19.884321121700395,18.947714350389802,0.9366067713105934,0.048319766982106716,0.022567517573066853,-0.21936866838442448,0.0314010159487823,0.08844352793936652,12.300048828125,1361.300048828125
2025-06-12,1388.300048828125,1391.4000244140625,1355.0,1361.300048828125,1340.2481689453125,685439,-0.014978256998462336,1338.3299987792968,1270.2459887695313,1333.7822610019061,1308.2911207740754,61.16104344422305,0.011894417874745688,19.905162691658234,19.13920401864349,0.7659586730147439,0.03089742433027265,-0.022896858643239093,-0.42563223784544735,0.017163218391412705,0.07168222601261383,-20.699951171875,1352.5
2025-06-13,1340.0,1360.800048828125,1330.0,1352.5,1331.5841064453125,589415,-0.006464444657664159,1337.7149963378906,1271.1469897460938,1335.5649028112484,1310.024802312347,55.78231292517007,0.011085760275300316,18.992653899020752,19.10989399471894,-0.1172400956981896,0.025631341533066898,-0.009012344950226514,-0.14009124079604462,0.011052431723188115,0.06399968761296133,-8.800048828125,1405.800048828125
2025-06-16,1346.0999755859375,1415.0,1345.0,1405.800048828125,1384.0599365234375,2803923,0.03940853887476892,1340.725,1273.8509912109375,1342.2539643366654,1313.7806943325736,69.52722555521264,0.013744464636906763,22.31314060447994,19.75054331667114,2.5625972878087993,0.03871732190691257,0.044738461901334015,3.7571286784353974,0.04853720847162923,0.10358280405446414,53.300048828125,1400.5999755859375
2025-06-17,1415.0,1425.0999755859375,1387.699951171875,1400.5999755859375,1378.940185546875,1642441,-0.0036990134169665456,1344.8700012207032,1275.6239916992188,1347.8107273127864,1317.1853720287838,67.40776425349387,0.012733905218971442,24.245560065454583,20.64954666642783,3.596013399026752,0.022559703231080253,0.06291267169004344,-0.4142346276984068,0.041438930390781004,0.09797243129634316,-5.2000732421875,1421.800048828125
2025-06-18,1397.5999755859375,1424.9000244140625,1390.800048828125,1421.800048828125,1399.8125,1428464,0.01513642268437021,1349.3800048828125,1279.8379931640625,1354.8573293618663,1321.2879083738562,68.4596356638289,0.012914592759801674,27.174435171686355,21.95452436747954,5.219910804206815,0.028798877589091942,0.06773811572240174,-0.13027987002272834,0.0536691248449334,0.11092189513228835,21.2000732421875,1393.0
2025-06-19,1431.5,1434.5,1348.0999755859375,1393.0,1371.457763671875,2691020,-0.020256047150837064,1353.0200073242188,1285.0179931640625,1358.4899646607362,1324.100147261156,62.27755321020611,0.013722299244128199,26.862017924790507,22.936023078941737,3.92599484584877,0.023286527609518437,0.055143199152146716,0.8838556659460792,0.029548707675688464,0.0840315134965982,-28.800048828125,1394.5
2025-06-20,1386.0,1408.0,1378.300048828125,1394.5,1372.9346923828125,1659325,0.001076812634601687,1356.2950073242187,1291.6019921875,1361.9194918359042,1326.8609257999344,64.28895084525703,0.013695799046391677,26.430784834774613,23.634975430108312,2.7958094046663007,0.031053604436229287,0.049285176824680255,-0.3833843672659437,0.02816864507313529,0.07966696276012131,1.5,1390.300048828125
2025-06-23,1390.0,1412.9000244140625,1375.0,1390.300048828125,1368.7996826171875,907773,-0.0030117971831301604,1359.035009765625,1297.143994140625,1364.6224020256393,1329.348734546138,66.18335311692991,0.013737019855488973,25.456679786609584,23.999316301408566,1.457363485201018,-0.011025750079409091,0.0410333574152939,-0.4529263405300348,0.02300532277523283,0.07181627876958807,-4.199951171875,1306.0999755859375
2025-06-24,1366.5999755859375,1366.5999755859375,1301.4000244140625,1306.0999755859375,1285.9017333984375,5151483,-0.06056251908583277,1357.8500061035156,1301.698994140625,1359.0488376028104,1328.4370185084833,47.933594152209764,0.019618930204198304,17.68657249836724,22.736767540800304,-5.050195042433064,-0.0674710849973178,-0.017822283329793076,4.674858141848238,-0.03811174303859963,0.003380951713969778,-84.2000732421875,1295.4000244140625
2025-06-25,1308.800048828125,1312.0,1285.0,1295.4000244140625,1275.3671875,2330802,-0.008192291074100022,1356.035009765625,1305.2279956054688,1352.9870458705486,1327.1414501126237,45.86764087007865,0.019681494640096543,10.543767862832738,20.298167605206793,-9.754399742374055,-0.08890140671906988,-0.027258337530063792,-0.54754737616333,-0.04471491142551153,-0.007529696899312431,-10.699951171875,1275.9000244140625
2025-06-26,1295.0,1297.5,1262.800048828125,1275.9000244140625,1256.1688232421875,2513780,-0.015053265116943493,1352.5150085449218,1307.7099951171874,1345.6454247794545,1325.1319824381703,43.34164732495705,0.019695406543323902,3.271840950515525,16.89290227426854,-13.621061323753015,-0.08406315548164933,-0.05229148173569598,0.0785043088173083,-0.056646309761312075,-0.02432494270281565,-19.5,1267.0999755859375
2025-06-27,1276.5,1295.199951171875,1262.0999755859375,1267.0999755859375,1247.5047607421875,1467520,-0.006897130386188555,1348.9800048828124,1310.0679956054687,1338.1649058086434,1322.856217463573,35.397634936122785,0.019701791858901616,-3.1648218183643166,12.881357455741968,-16.046179274106287,-0.09135892751098063,-0.05284801215556745,-0.4162098512996364,-0.06069773384371841,-0.03279831288426586,-8.800048828125,1258.699951171875
2025-06-30,1273.0,1284.5,1255.800048828125,1258.699951171875,1239.234619140625,1414394,-0.006629330420575674,1345.3350036621093,1312.5179956054687,1330.596814890856,1320.340285452134,30.702387329150568,0.019718078953815797,-8.841812296319631,8.536723505329649,-17.378535801649278,-0.09465589659381435,-0.054746189359146435,-0.03620121020497169,-0.06439663894450587,-0.04100366213170838,-8.4000244140625,1247.300048828125
2025-07-01,1265.0,1268.5,1235.0,1247.300048828125,1228.010986328125,1520826,-0.00905688630013568,1341.6450073242188,1314.1419970703125,1322.6637895515482,1317.4759624472708,26.50857003688931,0.019736264123516655,-14.098229384289198,4.00973292740588,-18.107962311695076,-0.04501946853757033,-0.0558624843854687,0.07524918799146496,-0.07032035894819576,-0.05086356603106961,-11.39990234375,1241.5999755859375
2025-07-02,1249.0,1263.0999755859375,1239.199951171875,1241.5999755859375,1222.399169921875,1581126,-0.004569929462876932,1337.8100036621095,1315.6619970703125,1314.9434263167282,1314.5004335507479,27.97204022519857,0.01974018882625823,-18.510547995217166,-0.4943232571187295,-18.016224738098437,-0.04153161016996265,-0.05818104407290925,0.0396495062551534,-0.07191606267916033,-0.056292590079590886,-5.7000732421875,1261.5999755859375
2025-07-03,1240.0,1266.0,1238.699951171875,1261.5999755859375,1242.08984375,1025367,0.01610824773942321,1334.8650024414062,1316.31599609375,1309.8630976757004,1312.4259057874222,33.934263322113,0.02017177007779306,-20.161104764517404,-4.427679558598465,-15.73342520591894,-0.011207812959085128,-0.04460433503526129,-0.3514957062245514,-0.054885720070172166,-0.04156754204171778,20.0,1263.800048828125
2025-07-04,1265.9000244140625,1270.0,1252.5999755859375,1263.800048828125,1244.255859375,573508,0.0017438754635086262,1332.1200073242187,1317.3199975585937,1305.4761406425978,1310.5190094360773,19.370185390761435,0.020189564738708435,-21.049015424683148,-7.751946731815402,-13.297068692867747,-0.0026043144356360237,-0.0416318377011865,-0.4406802637494672,-0.051286639432227686,-0.04062790273407976,2.2000732421875,1268.800048828125
2025-07-07,1263.800048828125,1271.5,1257.0999755859375,1268.800048828125,1249.178466796875,720422,0.0039563220500238305,1327.8900085449218,1318.2759985351563,1301.98317951741,1308.8829717651774,21.545811374138296,0.01913495498828185,-21.10593670629828,-10.42274472671198,-10.6831919795863,0.008024229799045157,-0.06250921683156019,0.2561673071692112,-0.04449913723015848,-0.037530797619017606,5.0,1271.300048828125
2025-07-08,1268.9000244140625,1274.5,1260.5,1271.300048828125,1251.639892578125,480241,0.0019703656240468437,1322.9700134277343,1319.0780004882813,1299.060976594621,1307.409131649999,14.654791815503671,0.01884727864994773,-20.710579457349468,-12.480311672839477,-8.23026778450999,0.019241561020180153,-0.07184048028881207,-0.3333893190380083,-0.03905603609694495,-0.03622071753336073,2.5,1259.5999755859375
2025-07-09,1271.300048828125,1275.800048828125,1257.0,1259.5999755859375,1240.120849609375,394008,-0.009203235108008134,1316.8500122070313,1318.9739990234375,1295.3027860223656,1305.5342627847415,15.934650669110567,0.01864857828914447,-21.09814780347756,-14.203878898967094,-6.894268904510465,0.014497422965480844,-0.08856731144288166,-0.1795619282818418,-0.043474986589507776,-0.04501530999205463,-11.7000732421875,1253.199951171875
2025-07-10,1259.699951171875,1263.9000244140625,1243.5999755859375,1253.199951171875,1233.81982421875,676226,-0.005080997569157142,1311.4450073242188,1318.9659985351564,1291.2929922270807,1303.4819368391388,14.798228370402455,0.018485339746502807,-21.67190674240942,-15.69748446765556,-5.974422274753859,-0.006658231275061044,-0.07940945697409474,0.7162747964508336,-0.04441288489189715,-0.04986182163628261,-6.4000244140625,1268.4000244140625
2025-07-11,1240.0,1277.5,1239.9000244140625,1268.4000244140625,1248.78466796875,1095318,0.012129008804998564,1307.240008544922,1319.6039990234376,1289.112709578222,1302.106175567567,21.209295781632278,0.018817528128598215,-20.661918225187947,-16.69037121916204,-3.971547006025908,0.003639796968043285,-0.06218112797481512,0.6197513848920331,-0.029711440804272727,-0.03880253064348714,15.2000732421875,1267.199951171875
2025-07-14,1268.4000244140625,1271.5999755859375,1254.0999755859375,1267.199951171875,1247.6031494140625,463763,-0.0009461315193066699,1300.3100036621095,1319.7759985351563,1287.025780206189,1300.737304022638,34.8873626712371,0.015976037245704268,-19.73088556320704,-17.298474087971037,-2.4324114752360018,-0.001261110966797263,-0.09859161533803262,-0.5765951075395456,-0.025463199080977186,-0.03983709919079937,-1.2000732421875,1291.9000244140625
2025-07-15,1267.199951171875,1296.5,1265.5999755859375,1291.9000244140625,1271.9212646484375,1130498,0.019491851478802058,1294.8750061035157,1320.7859985351563,1287.4899939402721,1300.390744037988,48.77365479272063,0.016894588145167696,-16.806214409136373,-17.200022152204106,0.3938077430677325,0.01620386595983092,-0.0776095623780092,1.4376632029722076,-0.0022975049139340544,-0.021870290988192147,24.7000732421875,1286.4000244140625
2025-07-16,1293.0,1300.9000244140625,1283.300048828125,1286.4000244140625,1266.5064697265625,456473,-0.004257295375851178,1288.1050048828124,1320.8539990234376,1287.3861873187284,1299.8420883664617,54.07924015046751,0.01629069627080974,-14.762028013107965,-16.71242332438488,1.950395311276914,0.021276634921859383,-0.09523141072168473,-0.596219542184064,-0.0013236346899413085,-0.02608461997680922,-5.5,1282.0999755859375
2025-07-17,1284.0,1297.0,1275.0,1282.0999755859375,1262.2728271484375,395385,-0.0033426995852893215,1282.5600036621095,1321.0319995117188,1286.8827385822722,1299.1463192378137,56.03862597670648,0.01588342078966009,-13.335253073584227,-16.036989274224748,2.7017362006405214,0.02306098431223047,-0.07961236497779078,-0.13382609705283777,-0.0003586795743344889,-0.029470916631975166,-4.300048828125,1273.800048828125
2025-07-18,1285.0,1287.0999755859375,1265.9000244140625,1273.800048828125,1254.1011962890625,334579,-0.006473696993886446,1276.5250061035156,1321.6240014648438,1285.6367681294962,1298.1523478491983,56.08382597405153,0.015845679776607367,-12.72754318342868,-15.375100056065534,2.647556872636855,0.004257351237876961,-0.08655428553020794,-0.1537893445628944,-0.0021346681517099932,-0.036185747673856045,-8.2999267578125,1264.5999755859375
2025-07-21,1273.800048828125,1275.0999755859375,1256.300048828125,1264.5999755859375,1245.04345703125,410123,-0.007222541128532267,1270.2400024414062,1320.4140014648438,1283.6332640777287,1296.8365685447568,57.095920425311604,0.015854321118586454,-12.84028295053622,-14.868136634959672,2.0278536844234516,-0.0020517484896784843,-0.09041219076999907,0.22578822938678167,-0.004440126940285735,-0.042270095452628616,-9.2000732421875,1256.0
2025-07-22,1264.5999755859375,1273.699951171875,1251.300048828125,1256.0,1236.5765380859375,414910,-0.006800550175523168,1267.7350036621094,1318.612001953125,1281.0015246417545,1295.2351344841782,55.769221364189896,0.008899516479493443,-13.46832175554664,-14.588173659077066,1.1198519035304262,-0.027788546896533206,-0.03835845381090508,0.011672108123660374,-0.009256669278840203,-0.047483264114374965,-8.5999755859375,1274.0999755859375
2025-07-23,1260.0,1283.800048828125,1260.0,1274.0999755859375,1254.396484375,752865,0.014410808587529855,1266.6700012207032,1317.0640014648438,1280.344234255486,1294.4063047234629,55.08541914978149,0.009477032017959746,-12.363017105830068,-14.143142348427666,1.7801252425975989,-0.009561604939899992,-0.01644283497505683,0.8145260417921958,0.005865753793864215,-0.03262106156657655,18.0999755859375,1253.0
2025-07-24,1274.0999755859375,1283.4000244140625,1251.0,1253.0,1233.6229248046875,554957,-0.016560690675968326,1265.525,1314.2600024414062,1277.7400214692493,1292.782528067641,46.191810114769964,0.009601645947554303,-13.039337531217143,-13.922381384985561,0.8830438537684184,-0.022697118898733604,-0.017948133847382697,-0.2628731578702689,-0.009897078287667244,-0.04661178330589677,-21.0999755859375,1227.199951171875
2025-07-25,1253.0,1260.0,1225.0,1227.199951171875,1208.2218017578125,815783,-0.020590621570730216,1263.5299987792969,1311.5080004882811,1272.926681440928,1290.2106623070226,37.20786893910161,0.010500810601347733,-15.47874532051651,-14.233654172091752,-1.2450911484247573,-0.0365835263541725,-0.031489247243976726,0.4699931706420497,-0.02875281761613933,-0.0642832901400661,-25.800048828125,1192.800048828125
2025-07-28,1221.0999755859375,1229.800048828125,1180.0,1192.800048828125,1180.123779296875,1380560,-0.02803121228199279,1260.2350036621094,1308.452001953125,1265.295573573042,1286.3906382490268,29.820076744159778,0.012025824855850804,-19.957718045303636,-15.378466946734129,-4.579251098569507,-0.05677678961249766,-0.052355529435268444,0.6923127841595129,-0.05350982526118191,-0.08838838027865488,-34.39990234375,1218.4000244140625
2025-07-29,1192.800048828125,1227.5,1188.0999755859375,1218.4000244140625,1205.45166015625,504050,0.021462084622723143,1258.7900024414062,1306.4660034179688,1260.8293307959964,1283.7243396672634,40.11518181083332,0.013057576758062243,-21.197283033135363,-16.542230164014377,-4.655052869120986,-0.029936286294536263,-0.023170065968661557,-0.634894535550791,-0.03208635113800383,-0.06740778464461268,25.5999755859375,1268.5
2025-07-30,1218.4000244140625,1282.9000244140625,1192.199951171875,1268.5,1255.0191650390625,4133160,0.041119480123148255,1260.1350036621093,1305.20400390625,1261.5598707201873,1283.1273067391355,53.034518623826024,0.016066788649800816,-17.930308455115437,-16.81984582223459,-1.1104626328808465,-0.004395240321201754,0.021665612872912465,7.199900803491717,0.006638174730152717,-0.028121277437397656,50.0999755859375,1226.4000244140625
2025-07-31,1239.9000244140625,1263.699951171875,1212.0,1226.4000244140625,1213.3665771484375,1955639,-0.033188786429592,1258.3750061035157,1303.3280053710937,1258.2113139291278,1280.90270743227,42.47311827956989,0.017385619112748028,-18.524781599361404,-17.160832977659954,-1.36394862170145,-0.021229030794842396,-0.027901039832793906,-0.5268416901353927,-0.02540973996969462,-0.05902426759803083,-42.0999755859375,1206.5
2025-08-01,1226.4000244140625,1232.199951171875,1202.0,1206.5,1193.677978515625,715193,-0.016226373139196726,1255.5100036621093,1300.8780053710936,1253.2864268882586,1277.984954199632,39.80517952170735,0.017683432775517698,-20.366894624614815,-17.802045307050925,-2.5648493175638905,-0.016867627114968697,-0.045339489329231486,-0.6342919117485384,-0.03903593242519409,-0.0725494665767456,-19.9000244140625,1217.0
2025-08-04,1204.5,1220.0,1195.0999755859375,1217.0,1204.0665283203125,363103,0.008702859510982153,1252.9200012207032,1298.5080053710938,1249.8305767084244,1275.593387368274,36.79011346300493,0.0178014276609454,-20.740437369475558,-18.38972371953585,-2.3507136499397063,0.020288355282723547,-0.04082601421395593,-0.4923006796766747,-0.028669030094265233,-0.06277050663834761,10.5,1210.300048828125
2025-08-05,1219.0,1219.199951171875,1200.9000244140625,1210.300048828125,1197.437744140625,336953,-0.005505300880751851,1249.8700012207032,1296.1180053710937,1246.0657645293481,1273.0328642882682,36.63505070830409,0.01779366041343689,-21.33120984289826,-18.978020944208335,-2.3531888986899254,-0.006648042862468673,-0.04798237839778996,-0.07201813259598511,-0.031659254445607674,-0.06621153026756849,-6.699951171875,1209.0
2025-08-06,1204.300048828125,1214.0999755859375,1195.0999755859375,1209.0,1196.1514892578125,486218,-0.0010741541565529866,1247.3400024414063,1293.6640063476561,1242.5356917170293,1270.5217715710814,37.02520057980184,0.017720504501491006,-21.654682657733474,-19.513353286913365,-2.1413293708201095,-0.046905794245171495,-0.04017146440670538,0.4429846299038738,-0.030737411103920205,-0.06544512789428551,-1.300048828125,1209.5
2025-08-07,1195.0,1215.0,1193.5999755859375,1209.5,1196.646240234375,392195,0.00041356492969391034,1245.1550048828126,1290.9280053710938,1239.3894353630265,1268.1287609212352,38.26212636844479,0.017711170096461146,-21.621452724538813,-19.934973174438454,-1.6864795501003584,-0.013780189234859797,-0.034870693324725144,-0.19337622218840111,-0.02863499302736871,-0.06307710812090277,0.5,1190.800048828125
2025-08-08,1209.0,1209.0,1187.300048828125,1190.800048828125,1178.14501953125,1236355,-0.015460893899855277,1241.2750061035156,1287.9880053710938,1234.7618747406548,1265.09626240778,36.97953705422657,0.01765793535720967,-22.84075355156415,-20.516129249863596,-2.3246243017005526,-0.013012806607438865,-0.06117941823738515,2.152398679228445,-0.040663798938348435,-0.07545719070183972,-18.699951171875,1199.0999755859375
2025-08-11,1190.800048828125,1208.800048828125,1185.800048828125,1199.0999755859375,1186.356689453125,628290,0.00697004233916565,1237.8700073242187,1285.3380053710937,1231.3655033925863,1262.5081727284921,39.9505336646612,0.017794683689127167,-22.873650315116492,-20.987633462914175,-1.8860168522023173,-0.014708319156994665,-0.05374051310762784,-0.4918207149241116,-0.031319954041124684,-0.06709365896347097,8.2999267578125,1219.4000244140625
2025-08-12,1192.0,1227.0,1191.199951171875,1219.4000244140625,1206.4410400390625,743202,0.016929404754766564,1234.2450073242187,1283.3040063476562,1230.2259339660602,1260.8176571083186,40.41360171420552,0.017635702379426736,-21.019378638560966,-20.993982498043536,-0.025396140517429444,0.007518776517235093,-0.056118893590765384,0.18289643317576276,-0.01202758189991741,-0.04979644855583946,20.300048828125,1216.0
2025-08-13,1219.5,1226.9000244140625,1207.0,1216.0,1203.0771484375,455057,-0.0027882764851479003,1230.7250061035156,1281.2580053710938,1228.8710831121498,1259.0601019276003,43.086692777685016,0.017632093089529344,-19.59829162427809,-20.714844323290446,1.116552699012356,0.005789909015715411,-0.05472638609916747,-0.38770751424242667,-0.011964497373897603,-0.050932759130112075,-3.4000244140625,1213.0
2025-08-14,1215.9000244140625,1230.0,1206.0,1213.0,1200.1090087890625,704643,-0.002467105263157854,1227.2700073242188,1279.1080053710937,1227.3595513871833,1257.2538234206356,47.099680861673484,0.017631403298616646,-18.500878246999264,-20.272051108032212,1.771172861032948,0.0028937577511367607,-0.05389593393788017,0.5484719496678438,-0.01162743914465186,-0.05168289549709641,-3.0,1208.5
2025-08-18,1215.0999755859375,1229.4000244140625,1201.0,1208.5,1195.65673828125,663130,-0.0037098103874690924,1224.0050048828125,1276.9040063476561,1225.563403636023,1255.3419087766893,53.652852095475055,0.017610420105343194,-17.78921958107412,-19.775484802640594,1.9862652215664731,0.014863915389736304,-0.05126397105118652,-0.05891352074738554,-0.012667435852761864,-0.053570202621035665,-4.5,1199.5
2025-08-19,1208.5,1214.0,1191.9000244140625,1199.5,1186.75244140625,596405,-0.007447248655357841,1220.7500061035157,1273.826005859375,1223.0811747183063,1253.1520300011327,45.23448527614802,0.017613675849268443,-17.746874819097684,-19.369762805932012,1.6228879868343284,0.0003336038880885628,-0.05147871013976113,-0.10062129597514813,-0.017407336471242894,-0.05834863279403039,-9.0,1214.5999755859375
2025-08-20,1201.9000244140625,1221.4000244140625,1193.5999755859375,1214.5999755859375,1201.6920166015625,1116352,0.012588558220873347,1218.6800048828125,1270.7240063476563,1222.2734414676047,1251.6401847299485,33.49661708850587,0.017895395034607423,-16.30689867885235,-18.75718998051608,2.450291301663732,-0.003936402109251613,-0.03296180287743833,0.8718018795952416,-0.003347908622877002,-0.044166971333949825,15.0999755859375,1214.0999755859375
2025-08-21,1214.5999755859375,1225.0,1208.199951171875,1214.0999755859375,1201.197265625,560998,-0.000411658167339235,1215.6800048828125,1267.366005859375,1221.4950161455413,1250.1680196654775,44.94656788696906,0.01750342979248355,-15.032764680895525,-18.012304920591973,2.9795402396964477,-0.0015625200773540238,-0.047092065889418944,-0.4974721234879321,-0.0012997082213483178,-0.04202892457835724,-0.5,1196.5999755859375
2025-08-22,1212.5,1218.5999755859375,1192.5,1196.5999755859375,1183.88330078125,858810,-0.014413969485135958,1212.8600036621094,1264.0720043945312,1219.1240599017694,1248.067312054515,45.85078353226475,0.01741751414365896,-15.25920938698755,-17.46168581387109,2.202476426883539,-0.01352021798356351,-0.045011990753441755,0.5308610725884941,-0.013406351950823996,-0.053376728994889516,-17.5,1203.0
2025-08-25,1213.4000244140625,1237.5,1200.0,1203.0,1190.21533203125,1881697,0.005348507892897647,1211.6500061035156,1261.0820043945312,1217.58843514922,1246.2999664837498,43.92360853560068,0.016931582214441604,-14.752185948336546,-16.91978584076418,2.167599892427635,-0.004551096400496446,-0.019719648088941,1.1910515713603709,-0.007139030297480623,-0.04605727795030856,6.4000244140625,1200.0999755859375
2025-08-26,1200.0,1217.800048828125,1191.199951171875,1200.0999755859375,1187.3460693359375,921540,-0.0024106603608167188,1212.0150024414063,1256.9680029296876,1215.9228675717645,1244.488202134816,45.42187118187925,0.01569139103623517,-14.418170262215199,-16.419462725054384,2.001292462839185,0.0005001880666424263,0.006119992001160979,-0.5102612163382308,-0.00983075855617952,-0.04524222351818385,-2.9000244140625,1184.4000244140625
2025-08-28,1204.0,1206.0999755859375,1176.0,1184.4000244140625,1171.81298828125,1213402,-0.01308220272582683,1210.3150024414062,1252.64400390625,1212.920692032936,1242.131803008512,40.22257952769048,0.015145182685076919,-15.244585185520918,-16.18448721714769,0.9399020316267723,-0.024864113106297547,-0.027905449211026445,0.3167111574104218,-0.021411763032821156,-0.054479947438677845,-15.699951171875,1190.5
2025-08-29,1180.0,1197.4000244140625,1167.5,1190.5,1177.8480224609375,730129,0.005150266345996801,1206.4150024414062,1248.0180029296876,1210.7853880297992,1240.107026419943,42.770162054498776,0.011551370182181832,-15.231726059483208,-15.993934985614795,0.7622089261315868,-0.01943824731118038,-0.06148994875837599,-0.3982793830898581,-0.01319197988188076,-0.04608747854170825,6.0999755859375,1225.5
2025-09-01,1192.0,1228.0,1186.699951171875,1225.5,1212.4761962890625,540595,0.029399412011759773,1206.3700012207032,1244.6680029296874,1212.1867796460087,1239.534201854455,61.746771375535346,0.011449620658203213,-12.256047529858279,-15.246357494463492,2.9903099646052134,0.024151784225059147,-0.0007338750783966175,-0.2595897437302175,0.015857488796919266,-0.015400092944118399,35.0,1206.0999755859375
2025-09-02,1225.5,1229.5,1204.5,1206.0999755859375,1193.2823486328125,1018542,-0.015830293279528784,1206.35,1240.9000024414063,1211.60708402124,1238.2230557262778,52.20402954900107,0.01142033644696433,-11.332585700307163,-14.463603135632228,3.131017435325065,0.002576870811253018,-0.00033155774062365584,0.8841128756277805,-0.00020725694372479718,-0.028044183082441408,-19.4000244140625,1216.4000244140625
2025-09-03,1210.0999755859375,1219.9000244140625,1203.0999755859375,1216.4000244140625,1203.472900390625,643844,0.00853996272002333,1206.320001220703,1237.422001953125,1212.0635545348423,1237.3672505767793,48.9919358146632,0.011413893097513592,-9.658273127328812,-13.502537133971545,3.8442640066427334,0.01358224244623174,-0.0004929955513044426,-0.3678768278578596,0.008356010994727152,-0.01698852736243713,10.300048828125,1224.9000244140625
2025-09-04,1221.0,1227.0,1215.9000244140625,1224.9000244140625,1211.882568359375,504560,0.0069878328094366005,1207.05,1235.7980029296875,1213.2860754757205,1236.8783397468687,52.891495452306515,0.011436454944608482,-7.558361303743595,-12.313701967925956,4.755340664182361,0.03419452817052737,0.012063104186498252,-0.21633190648666445,0.014788140022420402,-0.008818575924050174,8.5,1233.0
2025-09-05,1229.9000244140625,1249.4000244140625,1220.0,1233.0,1219.896484375,1009918,0.006612764653843639,1208.25,1234.5500024414061,1215.1635920970805,1236.7262479920896,56.289308176100626,0.011504020278081022,-5.180844172384468,-10.887130408817658,5.70628623643319,0.03569928601427974,0.01985111662531014,1.0015815760266369,0.020484171322160148,-0.0012555201800987527,8.0999755859375,1230.9000244140625
2025-09-08,1233.0,1238.199951171875,1217.9000244140625,1230.9000244140625,1217.8187255859375,462820,-0.0017031432164943405,1209.320001220703,1233.6500024414063,1216.662299936793,1236.4977686360885,57.15198847581239,0.011519869742529111,-3.4265955358969222,-9.395023434233511,5.968427898336589,0.00440638467079757,0.017693281863631727,-0.5417251697662582,0.017844758353104485,-0.002229139563005351,-2.0999755859375,1240.4000244140625
2025-09-09,1234.0,1254.5,1229.300048828125,1240.4000244140625,1227.2177734375,963684,0.0077179298168608135,1211.8,1233.1160034179688,1218.923035601295,1236.6507982744406,63.017196298572685,0.01093407335861942,-1.2552999314025328,-7.767078733667316,6.511778802264783,0.02843881064789966,0.0416526482634505,1.0822004234907738,0.023601274479338626,0.005907003863305402,9.5,1288.5
2025-09-10,1241.0,1291.9000244140625,1240.4000244140625,1288.5,1274.8065185546875,1543794,0.03877779316286212,1216.270001220703,1233.7120043945313,1225.5494131630765,1238.684100302894,69.43714726587508,0.013654658758700474,4.297198095286603,-5.354223367876532,9.651421463163135,0.05927324411282209,0.07455593881600864,0.6019711855753547,0.059386483845530726,0.04440906419837993,48.0999755859375,1261.300048828125
2025-09-11,1288.5,1290.0,1257.0,1261.300048828125,1247.895751953125,622590,-0.021109779722060518,1218.3650024414062,1233.9920043945312,1228.9542356073669,1239.5710002450598,60.88562942526148,0.014345175727756457,6.4286782438503,-2.9976430455311665,9.426321289381466,0.02971673090746707,0.03436118056024817,-0.5967143284661036,0.03523988812932406,0.022129839039753484,-27.199951171875,1252.9000244140625
2025-09-12,1265.5,1271.9000244140625,1250.0,1252.9000244140625,1239.5849609375,454361,-0.006659814547590792,1220.2100036621093,1234.2180053710938,1231.2347869222901,1240.0937070752168,63.55321667397404,0.014436005397986465,7.355292615035069,-0.9270559134179193,8.282348528452989,0.016139516961932276,0.03034541481419617,-0.2702083232946241,0.026790487419250355,0.015136725409666632,-8.4000244140625,1251.800048828125
2025-09-15,1246.0,1256.800048828125,1240.9000244140625,1251.800048828125,1238.4967041015625,347973,-0.0008779436223986803,1222.1500061035156,1234.0220068359374,1233.1933832942743,1240.5527793008212,62.055353847267284,0.014416837497520242,7.909704196828216,0.8402961086313077,7.069408088196908,0.01697946543141171,0.03198684981708566,-0.2341486175089852,0.024260559322942944,0.014406584237319168,-1.0999755859375,1248.199951171875
2025-09-16,1256.0,1259.9000244140625,1244.0,1248.199951171875,1234.9349365234375,742090,-0.002875936663862766,1224.1350036621093,1233.7100048828124,1234.6225802349982,1240.8526683938037,61.8414528232144,0.014401647809039136,7.966745888654032,2.2655860646358525,5.701159824018179,0.006288234927677383,0.03285060088694669,1.1326079897003503,0.019658736526423373,0.011745018060738627,-3.60009765625,1296.9000244140625
2025-09-17,1262.0,1299.0,1259.0,1296.9000244140625,1283.117431640625,1588234,0.03901624350847421,1229.0050048828125,1234.2720043945312,1240.553765394909,1243.05060392401,73.8246407173864,0.016448057222985597,11.805553673493705,4.173579586407423,7.631974087086282,0.006519227329501387,0.08120052056195282,1.1402174938349794,0.05524389181614756,0.0507408576039552,48.7000732421875,1301.4000244140625
2025-09-18,1303.199951171875,1328.0,1294.0,1301.4000244140625,1287.569580078125,1993365,0.0034698125647989464,1233.3450073242188,1234.87400390625,1246.348647206257,1245.3388164922471,73.64604833357191,0.016324489006464108,15.037604745108865,6.346384618147711,8.691220126961154,0.0317925743546863,0.071463898051086,0.2550826893266358,0.055179221293068015,0.05387271923886341,4.5,1285.199951171875
2025-09-19,1305.0,1309.800048828125,1280.9000244140625,1285.199951171875,1271.5416259765625,714104,-0.012448188826092443,1236.9000061035156,1235.3860034179688,1250.0487713934588,1246.9019982443895,63.83864096306994,0.016697099964083157,16.10615624064303,8.298338942646776,7.807817297996255,0.0257801309988146,0.058561878770835074,-0.6417595372648762,0.03904919138978258,0.04032257740988231,-16.2000732421875,1262.4000244140625
2025-09-22,1257.0,1271.0,1250.0,1262.4000244140625,1248.9840087890625,761244,-0.01774037319019739,1240.190008544922,1235.5700048828126,1251.225081204945,1247.5097639765336,62.84802002152804,0.016894881034149066,14.940996944604876,9.626870543038397,5.3141264015664795,0.008467786525380605,0.054989177812664325,0.06601279365470569,0.01790855894347906,0.021714689920620592,-22.7999267578125,1249.699951171875
2025-09-23,1262.4000244140625,1275.0,1246.5999755859375,1249.699951171875,1236.4189453125,1018057,-0.010060260611989613,1242.5250061035156,1235.1960034179688,1251.079830725605,1247.5956536704687,57.51690934672303,0.017123019009813847,12.844743825031628,10.270445199437043,2.5742986255945848,0.0012017305389186994,0.03881957703397765,0.33735963764574817,0.005774487461511636,0.011742223674438453,-12.7000732421875,1240.5999755859375
2025-09-24,1249.699951171875,1249.699951171875,1238.0,1240.5999755859375,1227.4156494140625,391064,-0.007281728368000784,1244.5500061035157,1234.66400390625,1250.0817492837318,1247.3213133534282,53.5344313977237,0.017224055181368384,10.330077444436256,10.282371648436886,0.04770579599937008,-0.04341124818280517,0.03374718842088664,-0.615872195761141,-0.003173862438798322,0.004807762809077799,-9.0999755859375,1255.699951171875
2025-09-25,1239.0,1280.0,1234.800048828125,1255.699951171875,1242.3551025390625,1018183,0.012171510465172952,1248.1150024414062,1233.9400024414062,1250.6168161302217,1247.6498873855242,54.95415571710816,0.016999827071939935,9.446732008438403,10.115243720437189,-0.6685117119987858,-0.03511608451272574,0.060199193927816363,1.6036224249739175,0.006077123274403456,0.017634527357420705,15.0999755859375,1212.800048828125
2025-09-26,1259.9000244140625,1259.9000244140625,1208.0,1212.800048828125,1199.9111328125,643346,-0.03416413475505342,1249.2300048828124,1232.4680029296876,1247.015219244308,1246.28322704994,46.64691108768302,0.018911281229904663,5.224782753286718,9.137151527007093,-3.9123687737203756,-0.05633357072394385,0.018731666382297396,-0.36814305483395426,-0.02916192847777846,-0.015958186382778374,-42.89990234375,1209.800048828125
2025-09-29,1215.9000244140625,1228.4000244140625,1204.5999755859375,1209.800048828125,1196.943115234375,428466,-0.002473614676136271,1248.4450073242188,1231.0220043945312,1243.4709172999094,1244.8525141784962,44.19134913635494,0.01770522993788764,1.6181298296974091,7.633347187545157,-6.015217357847748,-0.041666646521455464,-0.012811057667788672,-0.33400378645394546,-0.03095447398113366,-0.01723929831525967,-3.0,1097.699951171875
2025-09-30,1215.699951171875,1220.0,1066.199951171875,1097.699951171875,1086.0343017578125,5978196,-0.09266002077354518,1243.0250061035156,1227.5000024414062,1229.5879681448587,1239.0818254331386,20.861337284522136,0.027067038322137714,-10.168493554008592,4.072979039234408,-14.241472593243,-0.12162919575812237,-0.0898764833830632,12.952556328856899,-0.11691241464818795,-0.1057434224125202,-112.10009765625,1153.199951171875
2025-10-01,1110.0,1163.300048828125,1105.5999755859375,1153.199951171875,1140.9444580078125,3024116,0.05056026461579943,1239.8650024414062,1225.272001953125,1222.3129189093365,1235.713908795442,34.8046052432894,0.029628900835519924,-14.859796848319547,0.28642386172361656,-15.146220710043163,-0.07044980342900886,-0.05195665239535885,-0.4941423800758623,-0.06989878018887531,-0.05882126635258517,55.5,1157.699951171875
2025-10-03,1153.199951171875,1160.5999755859375,1142.0,1157.699951171875,1145.3966064453125,589353,0.003902185388949375,1236.5049987792968,1223.3060009765625,1216.15930293434,1232.6545379082434,36.46958115468467,0.02958634044944738,-18.007002599151974,-3.372261430451502,-14.634741168700472,-0.07804412185294907,-0.05486168005779335,-0.8051156106445652,-0.06373208978954371,-0.0536301217784547,4.5,1156.699951171875
2025-10-06,1157.800048828125,1168.800048828125,1148.0999755859375,1156.699951171875,1144.4073486328125,733234,-0.0008637816724339498,1232.6899963378905,1220.9580004882812,1210.496507528391,1229.67592666368,36.47994813142631,0.029513729322795723,-20.347326163489015,-6.767274377059005,-13.58005178643001,-0.04625667496505881,-0.06188162921989049,0.24413382132609818,-0.06164570605080666,-0.05262920533770067,-1.0,1170.5
2025-10-07,1160.0,1173.0,1144.0999755859375,1170.5,1158.0606689453125,645531,0.011930534633587397,1229.6699951171875,1219.3080004882813,1206.6873163352109,1227.3553020886338,39.2650014200492,0.029696433913470294,-20.84817604483169,-9.583454710613541,-11.264721334218148,-0.03248474726562711,-0.049069805196254146,-0.11961120188098207,-0.04811859714569075,-0.04002926288414066,13.800048828125,1160.800048828125
2025-10-08,1170.0,1184.0,1151.5,1160.800048828125,1148.4637451171875,1506566,-0.008287015097714678,1225.6899963378905,1217.9800024414062,1202.317100382155,1224.7452921568492,28.925369263612495,0.029633990380446763,-21.776779024895404,-12.022119573469915,-9.75465945142549,0.057483921347437406,-0.06417282652307166,1.333839893049288,-0.05294156573329581,-0.04694654550868292,-9.699951171875,1162.4000244140625
2025-10-09,1160.800048828125,1168.699951171875,1145.300048828125,1162.4000244140625,1150.0467529296875,575948,0.0013783386618158033,1219.3849975585938,1217.372001953125,1198.5154740994797,1222.300379696348,28.28125,0.02800173152958033,-22.128515170227956,-14.043398692821524,-8.085116477406432,0.007977864751761876,-0.09786571640352149,-0.6177080858057331,-0.04673255227727456,-0.04515626895547672,1.5999755859375,1154.0999755859375
2025-10-10,1162.4000244140625,1175.9000244140625,1150.9000244140625,1154.0999755859375,1141.8348388671875,739324,-0.007140441030452416,1214.0249938964844,1216.0860009765624,1194.2854266219995,1219.6258540449594,28.997118577178682,0.02774532682966405,-22.814027268441578,-15.797524407945534,-7.016502860496043,-0.0031095929323426974,-0.08499173003425087,0.28366449748935674,-0.04936061334142225,-0.0509717448772931,-8.300048828125,1155.0
2025-10-13,1145.0,1159.699951171875,1135.699951171875,1155.0,1142.7254638671875,415973,0.0007798496084410189,1209.1299926757813,1213.8160009765625,1190.5439574199042,1217.09150682751,31.495520794643042,0.027758437868654336,-23.019323662576426,-17.241884258871714,-5.777439403704712,-0.001469656128326724,-0.07813873613726441,-0.4373603453966055,-0.04476771976848632,-0.04845545035593755,0.9000244140625,1156.5999755859375
2025-10-14,1159.800048828125,1190.0,1142.0,1156.5999755859375,1144.308349609375,599444,0.0013852602475650233,1204.3699890136718,1212.42,1187.3111972452407,1214.719289916076,33.32139309749398,0.027775083935624174,-22.79020656095372,-18.351548719288118,-4.438657841665602,-0.01187528783772962,-0.07605054284133417,0.4410646844867334,-0.039663902175822156,-0.04604017123939111,1.5999755859375,1165.800048828125
2025-10-15,1156.0,1170.0,1148.0999755859375,1165.800048828125,1153.41064453125,411190,0.007954412447161552,1200.2499938964843,1211.6060009765624,1185.2625164436106,1212.8008883047837,36.60460115765648,0.02789464919489745,-21.61707242998159,-19.004653461426813,-2.6124189685547776,0.004307374043486467,-0.06601498603359879,-0.31404768418734696,-0.02870230805544201,-0.03780597992376856,9.2000732421875,1161.9000244140625
2025-10-16,1170.0,1173.5,1150.0999755859375,1161.9000244140625,1149.5521240234375,693986,-0.0033453630560256187,1193.4999938964843,1210.5040014648437,1183.0375172027013,1210.8047759953438,32.50002163558658,0.026083597812565237,-20.762714902507014,-19.35626574964285,-1.4064491528641625,-0.0004301445195271647,-0.10409437694396895,0.6877501884773463,-0.02647672362297686,-0.040151851618800916,-3.9000244140625,1144.800048828125
2025-10-17,1160.0,1163.300048828125,1141.0,1144.800048828125,1132.6337890625,804419,-0.014717252110017731,1185.6699951171875,1209.1940014648437,1179.3958535479799,1208.2163553221196,35.96202618411131,0.02608442003440855,-21.22083495020138,-19.72917958975456,-1.4916553604468206,-0.008058163897881498,-0.1203319291902154,0.15912857031698047,-0.03446991697299636,-0.05325361568012287,-17.0999755859375,1146.5999755859375
2025-10-20,1145.0,1154.4000244140625,1142.0,1146.5999755859375,1134.4146728515625,312821,0.0015722629988135228,1178.7399963378907,1207.9460009765626,1176.272436599214,1205.8000267050145,36.88795825096124,0.026091986884448443,-21.19434413566114,-20.022212498935875,-1.1721316367252648,-0.007272748410443675,-0.10784312235583171,-0.6111218158695904,-0.027266420798315004,-0.05078540376890188,1.7999267578125,1152.4000244140625
2025-10-21,1152.0,1155.300048828125,1148.0,1152.4000244140625,1140.153076171875,78204,0.005058476322713279,1173.2399963378907,1206.8040014648439,1173.9988735339616,1203.7059089681145,70.30439625071253,0.026020332141446032,-20.469376278884283,-20.11164525492556,-0.35773102395872414,-0.0036312910777533958,-0.0871356130170039,-0.7500039958954162,-0.017762752709486,-0.045081038001816925,5.800048828125,1161.0
2025-10-23,1159.9000244140625,1179.199951171875,1157.0999755859375,1161.0,1148.66162109375,1191842,0.007462665223658016,1168.804998779297,1206.2080004882812,1172.7608855783462,1202.0311674399532,54.441938775793936,0.026108019601517256,-18.9820743354785,-19.885731071036147,0.9036567355576466,-0.004117386024258707,-0.07097699818960446,14.240166743389086,-0.006677759581323255,-0.03747944008826063,8.5999755859375,1178.699951171875
2025-10-24,1169.699951171875,1180.4000244140625,1161.0,1178.699951171875,1166.1734619140625,467315,0.015245435979220456,1165.7099975585938,1205.8,1173.326510872968,1201.1162177823815,60.396039603960396,0.026413116889744966,-16.188527427811778,-19.146290342391275,2.9577629145794972,0.014459012311566655,-0.049895232655334354,-0.607905242473415,0.011143383552072715,-0.02247474608403131,17.699951171875,1207.0
2025-10-27,1188.9000244140625,1214.0,1181.300048828125,1207.0,1194.1727294921875,708504,0.024009544413732042,1163.275,1205.5519995117188,1176.5335098374471,1201.346954339935,69.6025057229357,0.02688091823851174,-11.557812679928247,-17.628594809898672,6.070782129970425,0.05433258955181386,-0.03878311146418856,0.516116538095289,0.037587844662697906,0.001201109938739826,28.300048828125,1190.300048828125
2025-10-28,1223.0,1228.800048828125,1180.199951171875,1190.300048828125,1177.6502685546875,812079,-0.013835916463856623,1162.15,1205.0380004882813,1177.8446087889401,1200.9137423590798,57.54575312386606,0.025953970205088953,-9.130236686836724,-15.928923185286283,6.798686498449559,0.038112745659056646,-0.018552110071021755,0.14618830662917914,0.024222388528266494,-0.012230279588016747,-16.699951171875,1194.0999755859375
2025-10-29,1190.699951171875,1198.699951171875,1162.300048828125,1194.0999755859375,1181.4097900390625,446515,0.0031924108224254955,1161.3649963378907,1204.66,1179.3927389600829,1200.6465358189566,63.28808708012124,0.025963412787354912,-6.82111334191859,-14.107361216612745,7.286247874694155,0.03618530917081264,-0.012977411645333836,-0.4501581742662968,0.02818664188370525,-0.008765979126112414,3.7999267578125,1171.5
2025-10-30,1195.4000244140625,1199.5999755859375,1166.0999755859375,1171.5,1159.050048828125,879409,-0.018926368016084938,1165.054998779297,1203.92,1178.6410495353132,1199.5035344142918,53.11004106003476,0.015140910079433472,-6.737084690027132,-12.633305911295624,5.896221221268492,0.009043927648578753,0.06723153148484529,0.9694948657939824,0.005531928730794577,-0.02692869958136759,-22.5999755859375,1166.699951171875
2025-10-31,1170.0,1181.0999755859375,1161.4000244140625,1166.699951171875,1154.301025390625,385752,-0.004097352819568911,1165.729998779297,1203.2639990234375,1177.5038020721286,1198.2171193851773,54.41175842033412,0.010348408709649873,-6.977384260275812,-11.502121581091663,4.52473732081585,-0.010180707980915304,0.011706556166848125,-0.56135086177194,0.0008320557878700664,-0.030387386210538707,-4.800048828125,1164.0
2025-11-03,1166.699951171875,1170.0,1148.699951171875,1164.0,1151.6297607421875,385914,-0.002314177839094822,1166.0450012207032,1202.2519995117189,1176.2177256843067,1196.8752715661508,53.11203634761203,0.010338396763869018,-7.301519524064133,-10.662001169686157,3.3604816456220234,-0.03562551781275891,0.005441866713173704,0.00041995893734836365,-0.0017537927083108372,-0.03181695645110549,-2.699951171875,1155.4000244140625
2025-11-04,1160.0,1169.4000244140625,1149.0,1155.4000244140625,1143.1212158203125,473254,-0.007388295176922299,1165.9800048828124,1201.0780004882813,1174.235087468093,1195.2487912856768,49.604237357738825,0.010479758958815253,-8.158301392587873,-10.161261214266501,2.002959821678628,-0.029320358718309958,-0.001123823647174449,0.22631985364614904,-0.00907389528503386,-0.03803081569693981,-8.5999755859375,1159.199951171875
2025-11-06,1155.4000244140625,1161.5999755859375,1143.5,1159.199951171875,1146.880615234375,477984,0.003288840814885452,1165.4150024414062,1200.33,1172.803169725596,1193.835111281214,47.742780136064425,0.01013424305819411,-8.433469082203146,-9.81570278785383,1.382233705650684,-0.029227053954956506,-0.00965403573526269,0.009994632903261191,-0.005332908239992933,-0.03426561764525166,3.7999267578125,1153.0
2025-11-07,1150.5999755859375,1156.4000244140625,1141.0,1153.0,1140.7467041015625,544548,-0.005348474321110186,1165.025,1199.33,1170.9171535612536,1192.2337343682252,47.00335139320794,0.010035249337677181,-9.047531393108784,-9.662068508904822,0.614537115796038,-0.015791720017072075,-0.006719545572038466,0.13925989154448692,-0.010321666917019025,-0.038629901695113045,-6.199951171875,1192.9000244140625
2025-11-10,1156.300048828125,1209.5,1147.199951171875,1192.9000244140625,1180.22265625,2229653,0.034605398451051705,1166.55,1199.1860009765626,1173.0107603091403,1192.2598633896305,64.03971532551788,0.012717737134057563,-6.242620641920212,-8.9781789355079,2.7355582935876885,0.02245656495988646,0.02623881569115949,3.0945022293718827,0.022587994011454757,-0.005241869532650538,39.9000244140625,1212.5
2025-11-11,1184.0999755859375,1216.4000244140625,1170.699951171875,1212.5,1199.6143798828125,976816,0.01643052660306954,1169.4700012207031,1199.7480004882811,1176.7716402796982,1193.053594237096,67.42467424738801,0.012976885936433953,-2.4103692016044533,-7.664616988727212,5.254247787122758,0.04166666666666674,0.05060222307379636,-0.5618977482146326,0.03679444426482234,0.010628898324088858,19.5999755859375,1244.300048828125
2025-11-12,1212.0,1246.9000244140625,1206.5,1244.300048828125,1231.076416015625,1128899,0.026226844394329873,1173.9350036621095,1200.8240014648438,1183.2029172843104,1195.0632591230187,71.36218948219083,0.014001209746380175,3.1563316248364117,-5.500427266014487,8.656758890850899,0.07694306953052577,0.07731605959145016,0.1556925766981705,0.059939472753185334,0.03620517853594385,31.800048828125,1238.699951171875
2025-11-13,1244.300048828125,1251.699951171875,1230.9000244140625,1238.699951171875,1225.535888671875,553299,-0.004500600688334133,1178.0400024414062,1201.0880004882813,1188.4883490831262,1196.7745019484641,68.3168328228362,0.014116527339474346,7.035005888075375,-2.993340635196515,10.028346523271889,0.06858178342712207,0.07098389877134959,-0.5098773229491744,0.051492265631689335,0.031314900047542914,-5.60009765625,1222.199951171875
2025-11-14,1234.0999755859375,1244.0,1215.5999755859375,1222.199951171875,1209.211181640625,612843,-0.013320417090829872,1180.8599975585937,1201.41,1191.6989778534833,1197.7715783885978,60.31294929883336,0.014560081236484801,8.677442921802822,-0.6591839237966473,9.336626845599469,0.060017303705008684,0.04837870988292026,0.10761631595213439,0.03500834451056932,0.017304626373906423,-16.5,1216.0
2025-11-17,1222.199951171875,1227.0,1210.0999755859375,1216.0,1203.0771484375,509828,-0.005072779757461454,1183.5649963378905,1201.4019995117187,1194.0133609150564,1198.48641845179,52.38347704196429,0.01460142682307434,9.370781325721282,1.3468091261069386,8.023972199614343,0.01936455286542893,0.046561644245785905,-0.1680936226733437,0.0274044972286843,0.012150804222245591,-6.199951171875,1195.0999755859375
2025-11-18,1216.0,1217.300048828125,1193.0999755859375,1195.0999755859375,1182.3992919921875,881401,-0.017187520077354024,1186.0799926757813,1200.8059985351563,1194.116848026569,1198.3536167707762,51.2435051279051,0.01476320304896004,8.139967229370768,2.7054407467597046,5.434526482611064,-0.014350535599226832,0.04393773987807048,0.7288203080254516,0.007604868951382606,-0.00475182748602144,-20.9000244140625,1203.0999755859375
2025-11-19,1190.0,1218.9000244140625,1190.0,1203.0999755859375,1190.314208984375,883112,0.006694000638798325,1188.9049926757812,1200.207998046875,1194.9723839846042,1198.5397484890177,52.28194782668982,0.014795123396522105,7.7210676697870895,3.7085661313651817,4.012501538421908,-0.033111043659436845,0.0492761217539075,0.0019412276591472821,0.011939543527535144,0.0024095636287782517,8.0,1196.5999755859375
2025-11-20,1203.0999755859375,1226.0999755859375,1193.5,1196.5999755859375,1183.88330078125,966267,-0.005402709776329506,1191.114990234375,1199.5219970703124,1195.1273927085408,1198.4636789634067,56.92986719206563,0.014884972183046652,6.786362115471775,4.324125328186501,2.462236787285274,-0.033987226322329867,0.03835469475484299,0.09416132948029232,0.004604916734767332,-0.0024359882449105506,-6.5,1168.9000244140625
2025-11-21,1196.0,1196.0,1163.0999755859375,1168.9000244140625,1156.477783203125,386138,-0.023148881612095273,1191.509991455078,1198.0919970703126,1192.6295481090667,1197.3043199614717,50.53923396045997,0.015835879131159133,3.767022774414272,4.212704817432055,-0.4456820430177828,-0.04360982563181026,0.006804499925979757,-0.6003816750442683,-0.018975893784494557,-0.024365384901687877,-27.699951171875,1198.199951171875
2025-11-24,1165.0999755859375,1210.5999755859375,1165.0999755859375,1198.199951171875,1185.4661865234375,1478312,0.02506623846851208,1192.4849914550782,1196.28599609375,1193.160062686477,1197.3394427540366,57.41543211118252,0.01645857850611962,3.695830578774121,4.109329969700468,-0.41349939092634713,-0.014638198049444884,0.016543650468987314,2.8284551119029984,0.004792479366824862,0.0015999143050863798,29.2999267578125,1172.0
2025-11-25,1198.300048828125,1199.5999755859375,1168.800048828125,1172.0,1159.544677734375,450864,-0.021866092671970705,1190.7349914550782,1194.4999951171876,1191.1448186210982,1196.3457391166235,53.344074741313555,0.016271185242014787,1.5079108952170373,3.589046154803782,-2.0811352595867447,-0.01932890641606111,-0.028997514498757204,-0.6950143136225642,-0.015733972369606823,-0.01883632918305724,-26.199951171875,1194.9000244140625
2025-11-26,1172.5,1197.5,1168.0999755859375,1194.9000244140625,1182.2012939453125,476916,0.019539269977868923,1190.964990234375,1193.3399951171875,1191.5024572680472,1196.2890444224056,56.67790554139089,0.016630236057661958,1.6033272115548698,3.191902366154,-1.58857515459913,-0.006815685594109833,0.003864551287271034,0.05778239114234007,0.003304072086042764,0.0013072798223961108,22.9000244140625,1218.9000244140625
2025-11-27,1194.5,1222.0,1194.0,1218.9000244140625,1205.9464111328125,750796,0.020085362381483618,1192.2049926757813,1192.6819946289063,1194.1117493771915,1197.1757495201175,61.55735357020371,0.017202757545400474,3.574341964109408,3.268390285745082,0.3059516783643259,0.018636176903819024,0.020768821149967698,0.5742730375999128,0.022391310137333774,0.021982414342822155,24.0,1222.4000244140625
2025-11-28,1219.0,1228.9000244140625,1210.5,1222.4000244140625,1209.4090576171875,462489,0.0028714414061008497,1194.7499938964843,1192.16599609375,1196.8058708092744,1198.1649367708605,55.930841534346094,0.016540408587742826,5.357053329055816,3.686122894407229,1.6709304346485871,0.04576952594967909,0.04344859104913579,-0.38400177944474934,0.0231429425895221,0.025360586042025447,3.5,1258.199951171875
2025-12-01,1218.300048828125,1272.0,1212.5,1258.199951171875,1244.82861328125,1195256,0.029286588713030026,1199.3249938964843,1191.3919946289063,1202.6529260819032,1200.5192510610964,58.62589052837249,0.01752073186305345,9.54855008479035,4.858608332483853,4.689941752306496,0.05007511470962611,0.07842633395852472,1.5843987640787134,0.04909007781461466,0.05607554595309997,35.7999267578125,1253.5
2025-12-02,1253.5999755859375,1262.699951171875,1243.800048828125,1253.5,1240.1785888671875,486300,-0.0037354564888494313,1203.7999938964845,1190.433994140625,1207.4955045502932,1202.596927490073,51.93438997646886,0.017550236826718132,12.348746024036018,6.356635870794287,5.992110153241731,0.06953924914675769,0.07689003436426112,-0.5931415529392867,0.041285933174534696,0.05297732269893928,-4.699951171875,1258.699951171875
2025-12-03,1250.0,1267.0999755859375,1249.0,1258.699951171875,1245.3232421875,573428,0.004148345569904288,1208.964990234375,1189.903994140625,1212.3721185142533,1204.79704606583,54.21230598042553,0.017349652263881903,14.816716200699375,8.048651936775304,6.768064263924071,0.05339352703511557,0.08940620094776164,0.17916512440880106,0.04113846251896696,0.05781639306197642,5.199951171875,1269.800048828125
2025-12-04,1258.699951171875,1284.9000244140625,1256.0,1269.800048828125,1256.305419921875,828119,0.008818700315286199,1214.4949951171875,1190.0519946289062,1217.8414452108125,1207.3461834290574,60.258652531751466,0.017374504280841772,17.466937477493502,9.932309044918943,7.534628432574559,0.04175898219259677,0.09541071628276088,0.4441551511262094,0.045537490012958905,0.06701224363233528,11.10009765625,1267.0
2025-12-05,1275.0,1275.0,1258.5999755859375,1267.0,1253.53515625,435214,-0.0022051100334332663,1220.1949951171875,1190.3979956054689,1222.5232123335923,1209.6855487847808,61.15486279095846,0.017292757224938796,19.120902531684123,11.77002774227198,7.350874789412144,0.036485581393305155,0.0988725065047702,-0.47445475831372064,0.03835862716214247,0.06434991043106493,-2.800048828125,1220.5
2025-12-08,1261.0,1261.4000244140625,1213.4000244140625,1220.5,1207.529296875,454257,-0.03670086819258089,1221.5749938964843,1189.99599609375,1222.3305254446786,1210.1096449108677,54.99607425068611,0.01816733170307621,16.489440365802693,12.713910266978123,3.7755300988245697,-0.02996340218958171,0.02313687234560513,0.04375548580698241,-0.0008800064685798766,0.025633702975792982,-46.5,1206.0999755859375
2025-12-09,1208.0,1223.0,1194.0,1206.0999755859375,1193.2823486328125,547606,-0.011798463264287129,1221.2549926757813,1189.0039965820313,1220.7847587914653,1209.9524029765569,50.575595104818454,0.018026086184558462,13.091119737101053,12.789352161002709,0.30176757609834404,-0.03781413993941962,-0.00527837065077319,0.20549820916353512,-0.012409379843466604,0.01437840331323625,-14.4000244140625,1198.699951171875
2025-12-10,1206.9000244140625,1219.800048828125,1192.0,1198.699951171875,1185.9609375,494500,-0.006135498353250113,1218.9749877929687,1188.7219946289063,1218.6814437800756,1209.5111303567655,50.40152515606568,0.016958401511347344,9.689115932442746,12.169304915290716,-2.48018898284797,-0.04766823097445805,-0.036647187870157194,-0.09697848453084879,-0.016632856969282808,0.008393852042826588,-7.4000244140625,1232.5
2025-12-11,1198.0,1236.199951171875,1195.0,1232.5,1219.4017333984375,420052,0.02819725553094532,1218.664990234375,1189.1759936523438,1219.9974967534017,1210.4126546565,61.88340459424162,0.01820721505457574,9.609611252034028,11.657366182639379,-2.0477549306053504,-0.029374742001741505,-0.005005208215282053,-0.15055207280080884,0.011352594746292237,0.0364319550503153,33.800048828125,1237.9000244140625
2025-12-12,1233.800048828125,1240.0,1220.0,1237.9000244140625,1224.744384765625,382004,0.004381358550963554,1219.4499938964843,1191.9799951171874,1221.7024993877503,1211.490590725424,58.14527314539086,0.017958944806130427,9.868581199251594,11.299609185961822,-1.4310279867102285,-0.02296762082552284,0.01284574854313636,-0.09057926161522856,0.015129796719769668,0.038524161047149584,5.4000244140625,1207.4000244140625
2025-12-15,1237.0,1237.699951171875,1205.0,1207.4000244140625,1194.568603515625,760377,-0.024638500200722335,1219.0199951171876,1193.0639965820312,1220.3403589140657,1211.3301763602726,57.137098183368224,0.018808053527525626,7.525966984686875,10.544880745706834,-3.0189137610199595,-0.01073328601879353,-0.007072348343698631,0.9904948639281264,-0.009532223220020302,0.012016143201959057,-30.5,1176.300048828125
2025-12-16,1207.4000244140625,1210.0,1165.5999755859375,1176.300048828125,1163.799072265625,932672,-0.025757805993941396,1218.0799987792968,1193.4359985351562,1216.1460436677858,1209.956445868816,46.37002922158519,0.019306800992726532,3.1239097386746835,9.060686544300404,-5.936776805625721,-0.02470767545064856,-0.015730840215769537,0.2265915460357164,-0.03429984072724431,-0.014358499096779482,-31.0999755859375,1168.9000244140625
2025-12-17,1170.0,1178.0999755859375,1164.0999755859375,1168.9000244140625,1156.477783203125,514626,-0.006290932676092931,1216.3700012207032,1193.68,1211.6464227864788,1208.3463901254925,39.565947491445904,0.019266362768643217,-0.9509109599061958,7.058367043459085,-8.009278003365282,-0.024860205198706686,-0.02842652469942808,-0.44822402731078026,-0.03902593516693246,-0.02075931203164798,-7.4000244140625,1160.800048828125
2025-12-18,1168.0,1175.199951171875,1150.0,1160.800048828125,1148.4637451171875,402540,-0.006929570892940773,1214.5800048828125,1193.4860009765625,1206.8039109809213,1206.4818277216743,37.38739616903283,0.019286638793125074,-4.778749605707617,4.690943713625744,-9.469693319333361,-0.05817440257352946,-0.029918040688812764,-0.21780088841216727,-0.044278644336711644,-0.02738695897705751,-8.0999755859375,1224.5999755859375
2025-12-19,1166.5,1229.0,1161.5,1224.5999755859375,1211.585693359375,1651986,0.05496202969858688,1217.3650024414062,1194.7619995117188,1208.4987742766373,1207.1923433241946,43.828073742646964,0.022309825971051488,-2.6338569560032283,3.2259835796999496,-5.859840535703178,-0.010744041171192542,0.04765159552442988,3.103905201967506,0.005943142056837244,0.02497399154510521,63.7999267578125,1229.300048828125
2025-12-22,1225.0,1238.4000244140625,1216.0,1229.300048828125,1216.23583984375,500071,0.00383804780000796,1218.9200073242187,1196.1,1210.4798480434456,1208.0593121674858,45.55475132115681,0.021679019508732376,-0.5484354253082984,2.4710997786983,-3.0195352040065986,0.018138167940397576,0.025955682626954912,-0.6972910182047547,0.008515769239601439,0.027756917338119802,4.7000732421875,1230.199951171875
2025-12-23,1229.300048828125,1237.300048828125,1217.0999755859375,1230.199951171875,1217.1260986328125,260961,0.0007320445033804912,1221.8300048828125,1197.6219995117187,1212.357953103296,1208.9275725205991,44.68085397227242,0.02097434662860482,1.1634789002396246,2.209575603006565,-1.0460967027669406,0.04582155921650011,0.049658661409449634,-0.478152102401459,0.006850336180658149,0.027202198751725155,0.89990234375,1217.300048828125
2025-12-24,1234.9000244140625,1236.5,1213.300048828125,1217.300048828125,1204.36328125,189895,-0.010486020854952649,1222.9500061035155,1198.8680004882813,1212.8286288866132,1209.2559049248157,40.26696153041892,0.020774195390687318,1.4624112600681656,2.060142734418885,-0.5977314743507196,0.04140647053055213,0.018746358654605277,-0.2723242170285981,-0.004619941328094076,0.015374543596406469,-12.89990234375,1209.199951171875
2025-12-26,1217.300048828125,1236.199951171875,1205.0,1209.199951171875,1196.349365234375,283503,-0.00665415044059825,1222.4650024414063,1199.92,1212.4830405328285,1209.2537106599946,39.49090021306818,0.020346251026484293,1.0337902331095847,1.8548722341570252,-0.8210820010474404,0.041695296612549004,-0.007958054842808315,0.4929461017930963,-0.01085106832755087,0.007733808230444468,-8.10009765625,1188.199951171875
2025-12-29,1209.0999755859375,1217.699951171875,1182.5999755859375,1188.199951171875,1175.572509765625,281890,-0.01736685481970801,1220.7549987792968,1200.367998046875,1210.1703653555949,1208.4280730330095,43.52704432302104,0.02068564334900641,-0.9890187222924851,1.2860940428671233,-2.2751127651596086,-0.029724012036376313,-0.02797780804903105,-0.005689534149550424,-0.026667961744965576,-0.010136930420336733,-21.0,1161.699951171875
2025-12-30,1183.0,1193.4000244140625,1160.0,1161.699951171875,1149.3541259765625,485220,-0.02230264356926126,1215.929998779297,1200.3639965820312,1205.554135433336,1206.5955976659063,41.513756009606965,0.019882696099401676,-4.676529798777892,0.09356927453812014,-4.770099073316012,-0.05499072233885638,-0.07669687151880811,0.7213097307460357,-0.044599646083133805,-0.03221026748573755,-26.5,1172.5
2025-12-31,1162.0,1177.0,1160.0999755859375,1172.5,1160.0394287109375,289565,0.009296762746034748,1211.8799987792968,1200.9179956054688,1202.406122534923,1205.2585154044982,45.05661298643868,0.02009718577901021,-6.650769284962507,-1.2552984373620055,-5.395470847600501,-0.046902904781381816,-0.06461906661348227,-0.4032294629240345,-0.032494965523784114,-0.023663560467458298,10.800048828125,1163.199951171875
2026-01-01,1178.0,1184.0,1160.0,1163.199951171875,1150.8382568359375,284550,-0.007931811367270836,1207.104998779297,1201.2499951171876,1198.6722014527281,1203.6091599443953,35.59250544113826,0.020047935486316053,-8.863630107607833,-2.776964771411171,-6.086665336196662,-0.04444269735167705,-0.07587193430101236,-0.017319082071382885,-0.03637218605823152,-0.03167537490112593,-9.300048828125,1167.5999755859375
2026-01-02,1163.199951171875,1169.0,1150.800048828125,1167.5999755859375,1155.1915283203125,413208,0.003782689648180959,1201.9949951171875,1201.553994140625,1195.7129418463671,1202.197035067593,35.32358062043319,0.019912955090797397,-10.145343846078504,-4.2506405863446375,-5.894703259733866,-0.03440289221449411,-0.08048517035143132,0.45214549288350026,-0.028614944047996378,-0.028258420945096285,4.4000244140625,1151.0
2026-01-05,1167.5999755859375,1174.199951171875,1147.199951171875,1151.0,1138.7679443359375,555257,-0.014217177058099106,1196.1949951171875,1201.353994140625,1191.4545664324276,1200.1893082021975,37.499993236351635,0.020036722546268478,-12.358133644088412,-5.872139197893393,-6.4859944461950185,-0.031307820821896315,-0.09155485398579322,0.34377117577588034,-0.03778229745289975,-0.04191436860926671,-16.5999755859375,1139.9000244140625
2026-01-06,1151.0,1154.199951171875,1131.0,1139.9000244140625,1127.785888671875,345389,-0.009643766799250608,1192.1649963378907,1200.5779956054687,1186.5446100497263,1197.8250225634472,41.14785293375488,0.018618551409570472,-14.836435570819276,-7.664998472478571,-7.171437098340705,-0.018765539876128612,-0.06603848880453711,-0.37796551866973316,-0.04384038458130918,-0.05054063243996523,-11.0999755859375,1208.5
2026-01-07,1139.800048828125,1217.699951171875,1139.4000244140625,1208.5,1195.65673828125,2462611,0.0601806949001511,1192.2849975585937,1200.6079956054687,1188.6355995688,1198.2436491295866,57.42128681727195,0.02325761819660793,-11.136686200908798,-8.359336018164617,-2.777350182744181,0.030703624733475543,0.001989905034942563,6.12996360625266,0.013599938332369624,0.006573339860652344,68.5999755859375,1180.300048828125
2026-01-08,1210.9000244140625,1242.699951171875,1170.0,1180.300048828125,1167.7564697265625,1377247,-0.02333467204954487,1191.3650024414062,1200.4079956054688,1187.8417375934976,1197.5399785295294,53.39839781064756,0.023821218404351526,-10.360677116246507,-8.759604237780996,-1.6010728784655104,0.014700909881420143,-0.015349881616130712,-0.44073708758711794,-0.009287626873885279,-0.016750927060596325,-28.199951171875,1182.4000244140625
2026-01-09,1174.0,1193.0,1166.0999755859375,1182.4000244140625,1169.834228515625,473167,0.0017791879175319547,1188.8600036621094,1200.1739965820314,1187.3234791954562,1196.9462548387269,40.63055943123461,0.02285865202374918,-9.46710297620848,-8.901103985466493,-0.5659989907419867,0.012675615910918259,-0.040649067412525386,-0.6564399849845379,-0.005433759423437494,-0.01480949613854928,2.0999755859375,1172.5999755859375
2026-01-12,1170.0999755859375,1181.199951171875,1154.4000244140625,1172.5999755859375,1160.1383056640625,403250,-0.008288268458875758,1185.5950012207031,1200.19599609375,1185.9212407564546,1195.991498789598,37.68994978843083,0.022853011291065223,-9.44089234023204,-9.009061656419604,-0.4318306838124357,0.01876626897127487,-0.05275066446422727,-0.14776389731321082,-0.010960762841767878,-0.022992928319731595,-9.800048828125,1173.5999755859375
2026-01-13,1172.699951171875,1185.5,1161.4000244140625,1173.5999755859375,1161.127685546875,266815,0.0008528057486103524,1183.9049987792969,1200.3339965820312,1184.747786930691,1195.1133998404348,37.71702048863087,0.02225417893633779,-9.232996345205038,-9.053848594176692,-0.17914775102834568,0.02956395337318951,-0.02799407664790121,-0.3383384996900186,-0.008704265294922058,-0.022272151811261885,1.0,1179.4000244140625
2026-01-14,1179.199951171875,1205.699951171875,1167.800048828125,1179.4000244140625,1166.8660888671875,683650,0.004942100331272847,1184.0599975585938,1200.6419970703125,1184.2384762148215,1194.4971890394006,41.51365978324746,0.02151689577037024,-8.50221357825103,-8.94352159099156,0.4413080127405298,-0.02407941711703554,0.0026353612660525716,1.5622622416280945,-0.003935588698325778,-0.017692178607846953,5.800048828125,1179.4000244140625
2026-01-15,1179.4000244140625,1179.4000244140625,1179.4000244140625,1179.4000244140625,1166.8660888671875,0,0.0,1184.5849975585938,1201.1219970703125,1183.777671281416,1193.9051433678187,43.07622755214505,0.021460675182219006,-7.83277165453228,-8.721371603699705,0.8885999491674248,-0.000762538656976286,0.008982804158348179,-1.0,-0.004377037658941711,-0.01808473469741847,0.0,1187.199951171875
2026-01-16,1180.0,1223.4000244140625,1180.0,1187.199951171875,1174.5831298828125,734628,0.006613470066432869,1185.9049926757812,1201.6819970703125,1184.1036026995548,1193.6421946542523,49.75247524752475,0.0214222057100851,-6.596801384277114,-8.296457559815188,1.699656175538074,0.004059477891326324,0.02274285082120886,inf,0.0010919580439340255,-0.012051479454418524,7.7999267578125,1163.0999755859375
2026-01-19,1185.0,1186.800048828125,1154.0,1163.0999755859375,1150.7393798828125,527328,-0.020299845499613278,1182.8299926757813,1201.8839965820312,1182.1032572601628,1192.444460573142,50.350707561449504,0.0178129280679872,-7.475776559630276,-8.132321359778206,0.6565448001479304,-0.008101654611798015,-0.050220481157999264,-0.28218363579934336,-0.016680349003672858,-0.03226935470177597,-24.0999755859375,1131.300048828125
2026-01-20,1168.9000244140625,1168.9000244140625,1119.800048828125,1131.300048828125,1119.27734375,757504,-0.02734066496888421,1177.9299926757812,1200.6519970703125,1177.2648564571116,1190.04664050471,40.66183623531807,0.01858358587073025,-10.615984582998863,-8.629054004422338,-1.9869305785765246,-0.0360428831269306,-0.07972016278159433,0.43649493294496033,-0.03958634565517077,-0.05776190637371349,-31.7999267578125,1114.9000244140625
2026-01-21,1129.800048828125,1129.800048828125,1088.800048828125,1114.9000244140625,1103.051513671875,1063983,-0.014496617790347277,1172.1649963378907,1198.6999975585939,1171.3253486434878,1187.0997143835082,39.393947516695555,0.01869183996151087,-14.263545698919643,-9.7559523433218,-4.507593355597843,-0.054688823694101774,-0.09372454180962941,0.4045906028218993,-0.04885401978623908,-0.0699090458957268,-16.4000244140625,1109.199951171875
2026-01-22,1132.0,1141.199951171875,1105.4000244140625,1109.199951171875,1097.4119873046875,497662,-0.005112631731426509,1166.759991455078,1195.9979956054688,1165.408644122382,1184.0448217085423,37.24889616928229,0.018643543897358658,-17.41348067004128,-11.287458008665697,-6.126022661375584,-0.05952185161015544,-0.08880316546468248,-0.53226508318272,-0.049333231088442946,-0.07257373737457865,-5.7000732421875,1114.5
2026-01-23,1114.0,1123.0,1097.0,1114.5,1102.6558837890625,749846,0.004778262767254349,1162.0249938964844,1193.5139965820313,1160.5602018250122,1181.3175737984034,41.61690211607281,0.01874824812310112,-19.26013829736553,-12.881994066405664,-6.378144230959865,-0.06123648430082351,-0.07831620492549496,0.5067375045713758,-0.040898426579556,-0.06620282360182658,5.300048828125,1104.4000244140625
2026-01-27,1098.5,1116.300048828125,1092.300048828125,1104.4000244140625,1092.6632080078125,919507,-0.009062337896758588,1157.8349975585938,1191.157998046875,1155.2116135001597,1178.301199312743,41.80895062319528,0.018525054375082416,-21.293157131356793,-14.56422667939589,-6.728930451960903,-0.050468534437294266,-0.07052678858904504,0.22626112561779355,-0.04615076695488054,-0.0728349839190673,-10.0999755859375,1105.800048828125
2026-01-28,1110.0,1117.4000244140625,1089.0999755859375,1105.800048828125,1094.04833984375,735524,0.0012676787242966725,1155.0400024414062,1188.9539990234375,1150.5057501980612,1175.4580169407973,15.652190243520067,0.018007787227970452,-22.53163823457203,-16.157708990431118,-6.3739292441409106,-0.02254043922866844,-0.04811905370862801,-0.2000887432069577,-0.04263051799868641,-0.06993874469795473,1.4000244140625,1042.800048828125
2026-01-29,1109.0,1110.0999755859375,1035.0,1042.800048828125,1031.7178955078125,2536989,-0.05697232521084117,1148.5550048828125,1185.9080004882812,1140.2480643533052,1170.2557436814768,12.696700062128016,0.021514712987088926,-28.270828406782357,-18.580332873701366,-9.690495533080991,-0.06466945376903166,-0.1106182952425373,2.4492266737727117,-0.09207652711894079,-0.12067373826741494,-63.0,1041.9000244140625
2026-01-30,1036.0,1057.699951171875,1018.2999877929688,1041.9000244140625,1030.827392578125,2183053,-0.0008630843612579264,1142.490008544922,1182.6840014648437,1130.8815843590914,1165.2221860631469,11.633007901565108,0.02153287941548019,-32.516967060128536,-21.3676597109868,-11.149307349141736,-0.06067429653842826,-0.1042812343962084,-0.13951026196802585,-0.08804451975818245,-0.11903769466434788,-0.9000244140625,998.5
2026-02-02,991.0,1011.2999877929688,984.5999755859375,998.5,987.8886108398438,1616312,-0.04165469181025261,1134.035009765625,1178.722001953125,1118.2738144201303,1158.6840611194941,9.829276247784065,0.02288201210592107,-38.93526035079344,-24.88117983894813,-14.054080511845314,-0.10408254822790486,-0.14482697766508423,-0.25960936358393494,-0.11951571917840224,-0.15289610413184776,-43.4000244140625,989.7999877929688
2026-02-03,1062.0,1063.0,987.0,989.7999877929688,979.281005859375,1343955,-0.008713081829775926,1125.9750091552735,1175.1400012207032,1106.03821188421,1152.0611562831598,9.046364125702993,0.02283056506410633,-44.21414911240777,-28.747773693640056,-15.466375418767711,-0.10376678204248913,-0.14005213918942772,-0.1685052143398057,-0.12093964808727474,-0.15771738961758455,-8.70001220703125,981.4000244140625
2026-02-04,976.2000122070312,986.5,953.7000122070312,981.4000244140625,973.1825561523438,1305703,-0.00848652604819311,1118.0500091552735,1170.804002685547,1094.1679083156246,1145.3685628765286,6.387665198237897,0.02282569397177896,-48.51624822238955,-32.701468599389955,-15.814779622999595,-0.11249775630404046,-0.13904728187147208,-0.028462262501348645,-0.12222171067683721,-0.16177257494596586,-8.39996337890625,959.5
2026-02-05,981.4000244140625,988.0,955.5,959.5,951.4659423828125,891033,-0.022315084439841648,1105.6000091552735,1166.554002685547,1081.342393237946,1138.0795996264687,5.8256322128270455,0.016615666239372863,-53.08095747010816,-36.777366373533596,-16.303591096574564,-0.07988113245845707,-0.20604054613156808,-0.31758370778040645,-0.13214544857583735,-0.17749199969215643,-21.9000244140625,958.4000244140625
2026-02-06,959.5,960.5,943.2000122070312,958.4000244140625,950.3751220703125,887854,-0.0011464049879494898,1094.5050079345704,1161.824002685547,1069.6335962071,1131.0333417750019,2.7663382394966334,0.0165127388524037,-56.14013276825176,-40.64991965247723,-15.49021311577453,-0.0801420463032988,-0.18800306297909464,-0.0035677690949718066,-0.12435300207291901,-0.17509018388436762,-1.0999755859375,964.0
2026-02-09,959.0,971.2000122070312,955.0,964.0,955.92822265625,960204,0.005843046163694687,1083.5850067138672,1156.7260021972656,1059.5732537111858,1124.4830146465704,5.4984554317997265,0.0166922665920622,-57.450427239791,-44.01002116993999,-13.440406069851008,-0.03455182774161247,-0.184709083139854,0.08148862312947847,-0.11036052176148738,-0.1666133568633988,5.5999755859375,973.5999755859375
2026-02-10,970.0,993.9000244140625,964.0999755859375,973.5999755859375,965.4478149414062,1028511,0.009958480898275335,1073.6350067138671,1151.750001220703,1051.385322461162,1118.566032722624,10.86849188429801,0.01728034482329331,-57.05649548568226,-46.61931603308845,-10.43717945259381,-0.01636695535140753,-0.16970834397345225,0.0711380081732631,-0.09317415183220626,-0.15467768651699593,9.5999755859375,959.4000244140625
2026-02-11,973.5999755859375,979.7999877929688,956.2000122070312,959.4000244140625,951.3667602539062,632882,-0.01458499540669067,1062.9250091552735,1145.774002685547,1042.624817885248,1112.3242284752296,10.988469166381861,0.01715622691015648,-57.23040266086707,-48.741533358644176,-8.488869302222895,-0.02241695481221828,-0.1825152996147026,-0.3846619044424415,-0.09739632038904068,-0.1626620763210265,-14.199951171875,891.5
2026-02-12,951.7999877929688,953.0,886.2000122070312,891.5,884.0352783203125,3179727,-0.0707734236879255,1048.5300079345702,1138.534002685547,1028.2319780866528,1103.6644548095344,8.374770330425434,0.02151341813809036,-62.13098256436024,-51.41942319978739,-10.71155936457285,-0.07087024491922878,-0.24410718878617466,4.024201983940134,-0.14976205425335726,-0.2169755159730399,-67.9000244140625,861.7000122070312
2026-02-13,870.0,873.5999755859375,812.9000244140625,861.7000122070312,854.4848022460938,6026791,-0.03342679505661106,1032.6450073242188,1130.59400390625,1012.3717908600222,1094.175653138848,5.804188506480074,0.021693367491100592,-67.63962986181423,-54.663464532192755,-12.976165329621473,-0.10089733904811904,-0.2693742628713848,0.8953800121834359,-0.16554091086939818,-0.2378342630247274,-29.79998779296875,880.2999877929688
2026-02-16,860.4000244140625,884.0999755859375,855.0999755859375,880.2999877929688,872.9290771484375,1230784,0.021585209843850706,1017.3000091552734,1122.804002685547,999.7935239012553,1085.788372144892,11.952447696798004,0.022724588684497792,-69.7009408901514,-57.67095980378449,-12.02998108636691,-0.08682573880397437,-0.258507392184415,-0.7957812042926327,-0.1346702252328339,-0.21598071819529663,18.5999755859375,879.2999877929688
2026-02-17,879.0,891.5999755859375,872.0,879.2999877929688,871.9374389648438,1167303,-0.0011359763874438933,1003.110009765625,1115.0500024414061,988.3179490337994,1077.6907884448167,11.492667996670363,0.02287472490412773,-70.60138752614034,-60.257045348255666,-10.344342177884677,-0.09685701536323132,-0.2440030898031772,-0.05157769356767716,-0.12342616539295055,-0.21142550928860757,-1.0,861.5999755859375
2026-02-18,881.2999877929688,883.7999877929688,855.0999755859375,861.5999755859375,854.3856201171875,987144,-0.020129662746223853,989.6250061035156,1107.872001953125,976.2495706101936,1069.2166389209392,13.585183564267737,0.022703475938731926,-71.91425822867382,-62.588487924339304,-9.325770304334512,-0.10193875999519053,-0.23839835728952774,-0.15433781974345995,-0.12936721457924294,-0.22229285146029662,-17.70001220703125,847.5
2026-02-19,862.5,869.0999755859375,844.0,847.5,840.4036865234375,987912,-0.01636487463494729,976.2550048828125,1100.7000024414062,963.987706742556,1060.521868767177,12.90074141442284,0.02271262118452833,-73.2481093018597,-64.72041219984338,-8.527697102016319,-0.04935501962983735,-0.23984215495429284,0.0007780019936300953,-0.1318866528098035,-0.2300354337056385,-14.0999755859375,835.4000244140625
2026-02-20,844.5,846.4000244140625,830.7000122070312,835.4000244140625,828.405029296875,1311329,-0.014277257328539794,962.5650085449219,1093.43400390625,951.741260806509,1051.6935611454862,14.651041090686078,0.022629653026433043,-74.42365324580544,-66.6610604090358,-7.762592836769642,-0.030521048416383145,-0.2468445174997903,0.32737430054498784,-0.1321105411083772,-0.23598495983330608,-12.0999755859375,812.7000122070312
2026-02-23,835.4000244140625,841.9000244140625,801.4000244140625,812.7000122070312,805.8951416015625,2364931,-0.027172625740527923,947.4750091552735,1085.0380041503906,938.4992371303683,1042.3212651086842,13.81281175467592,0.022373669983269104,-76.307357842383,-68.59031989570525,-7.717037946677749,-0.07679197605741173,-0.27079406710898946,0.8034612214021042,-0.1422464926736185,-0.25099396601928814,-22.70001220703125,760.5
2026-02-24,809.0,809.2999877929688,758.0,760.5,754.1322021484375,3617378,-0.06423035735569005,930.2800079345703,1075.4900036621093,921.546928832238,1031.2694507906965,11.715750800438855,0.024815911936825932,-81.0776987953351,-71.08779567563121,-9.989903119703882,-0.1351074598455928,-0.311390815657142,0.529591349599629,-0.18250419925880157,-0.29288045689829667,-52.20001220703125,788.7000122070312
2026-02-25,764.0999755859375,805.0,764.0,788.7000122070312,782.0960693359375,5094300,0.037080883901421835,914.4250061035157,1067.1160034179688,908.8948415345992,1021.7569237874155,21.03119647387237,0.02744579160422567,-81.64160940810882,-73.19855842212674,-8.443050985982083,-0.08460998774904804,-0.28676073667851754,0.40828522758749575,-0.13749076529765414,-0.260905084657312,28.20001220703125,793.7000122070312
2026-02-26,794.0,809.0999755859375,788.0,793.7000122070312,787.05419921875,1399625,0.006339545990380335,901.970004272461,1059.4640026855468,897.9239054081642,1012.8135154901455,22.430520123116565,0.026138614359295667,-80.75417060719815,-74.70968085914103,-6.044489748057117,-0.06348081155512542,-0.23887612673304603,-0.7252566594036471,-0.12003724242776954,-0.2508475887853222,5.0,771.0999755859375
2026-02-27,800.0,808.4000244140625,768.0,771.0999755859375,764.6433715820312,2159691,-0.028474280299240706,888.4300018310547,1051.5080017089845,885.8454359012854,1003.3345531409609,19.448835247199185,0.02618055725886417,-80.9414602730426,-75.95603674192135,-4.985423531121242,-0.07696917279027393,-0.25990982098346327,0.543049745467536,-0.13206445752991228,-0.26667227036533075,-22.60003662109375,754.25
2026-03-02,736.0,768.2999877929688,736.0,754.25,747.9345092773438,1681199,-0.021851868913798977,876.2175018310547,1043.377000732422,873.3125372440202,993.5665314491586,16.03963326360767,0.02546844470706537,-81.50994498364457,-77.06681839026601,-4.443126593378565,-0.07192077190733626,-0.2446169253880821,-0.22155576885767458,-0.13919774665100393,-0.2771069330927007,-16.8499755859375,736.1500244140625
2026-03-04,745.0,753.25,725.25,736.1500244140625,729.986083984375,1679348,-0.02399731599063637,863.5350036621094,1033.6080017089844,860.2494407840242,983.47176646739,15.848245881036988,0.025542855362914726,-82.47032342206978,-78.14751939662676,-4.32280402544302,-0.03201837683883957,-0.25626385785727135,-0.0011009999411134563,-0.147515710084511,-0.2877860628043707,-18.0999755859375,717.5
2026-03-05,746.9000244140625,750.0,713.1500244140625,717.5,711.4922485351562,2330442,-0.025334542953940664,850.3400024414062,1023.3720007324218,846.6542559474505,973.0415011157277,18.659939606850884,0.025616046421112114,-83.7706751613074,-79.2721505495629,-4.4985246117445,-0.09027515038042311,-0.2689015873742433,0.38770641939609907,-0.15621986741775062,-0.2988864269429991,-18.6500244140625,698.5499877929688
2026-03-06,717.5,742.4500122070312,695.4000244140625,698.5499877929688,692.7008666992188,2876869,-0.026411166839067968,837.2925018310547,1012.7390014648438,832.5490875517855,962.277128044247,19.41892700767339,0.02569201652448126,-85.34649957567206,-80.48702035478473,-4.859479220887323,-0.11988159625886874,-0.2719645775998242,0.2344735462199874,-0.16570375792769346,-0.31023690528105113,-18.95001220703125,688.9000244140625
2026-03-09,692.25,693.0,672.5,688.9000244140625,683.1317138671875,2067491,-0.01381427749987485,823.8175018310546,1002.1710009765625,818.8682243958119,951.5564573136515,12.878205500030177,0.02547671940385977,-86.3783078100223,-81.66527784583225,-4.713029964190056,-0.10660089972044617,-0.2811978225530246,-0.2813398872176661,-0.16377107443956745,-0.3125923382908047,-9.64996337890625,693.25
2026-03-10,696.9000244140625,703.4000244140625,684.3499755859375,693.25,687.4452514648438,1877386,0.006314378620667638,810.2800018310547,991.852001953125,806.9045839771632,941.4267923209593,14.378706895886836,0.02549825419412692,-85.85532979520735,-82.50328823570727,-3.35204155950008,-0.08087504143188595,-0.2808609958506224,-0.09194961429094495,-0.14443155645775863,-0.3010549974846317,4.3499755859375,682.75
2026-03-11,696.7000122070312,708.75,680.2000122070312,682.75,677.033203125,1785604,-0.015146051208077882,795.7375030517578,981.7430029296875,795.0803378841,931.282604386804,14.786373306901993,0.02475848962588885,-85.30478770616196,-83.06358812979822,-2.2411995763637407,-0.07253959470634563,-0.29873662990890737,-0.04888818815097162,-0.1419909236631878,-0.3045532303642009,-10.5,671.25
2026-03-12,682.0,683.7000122070312,665.6500244140625,671.25,665.6295166015625,1341404,-0.016843647015745145,781.3300018310547,971.93400390625,783.2869723713286,921.0852473520274,14.939324225289326,0.024750650429021283,-84.81869589615599,-83.41460968306977,-1.4040862130862166,-0.06445993031358888,-0.3003439827824117,-0.24876736387239273,-0.14088797508489512,-0.30936668816790686,-11.5,660.1500244140625
2026-03-13,670.2000122070312,671.0,652.9000244140625,660.1500244140625,654.6224365234375,2471617,-0.016536276478119172,769.7625030517578,961.6870043945313,771.5596439944461,910.852493511323,14.998997984754737,0.021330219705090445,-84.35672804735236,-83.6030333559263,-0.7536946914260625,-0.05497095991688283,-0.2595064224183259,0.8425597359184853,-0.14239778919229207,-0.313550020539493,-11.0999755859375,631.9500122070312
2026-03-16,660.0,664.0999755859375,629.2000122070312,631.9500122070312,626.6585693359375,3226454,-0.042717581101448965,758.2750030517578,951.0620056152344,758.2634885861208,899.9151413033117,14.676564931059005,0.02185445156704838,-85.28303081426543,-83.93903284759413,-1.3439979666712958,-0.082668036273434,-0.26662411134421626,0.3054020910197657,-0.16659521985601308,-0.33553226974068023,-28.20001220703125,653.7000122070312
2026-03-17,635.0,656.0999755859375,624.9000244140625,653.7000122070312,648.2264404296875,2692241,0.034417279183269534,746.9450042724609,940.7840063476563,748.3050622643027,890.259646044634,26.308783242028795,0.023140397037386344,-83.30183747421995,-83.81159377291931,0.509756298699358,-0.05705010860868198,-0.257412221660998,-0.16557279291754978,-0.12483515055603336,-0.3051539909305562,21.75,688.25
2026-03-18,658.0,698.8499755859375,654.0999755859375,688.25,682.4871215820312,4250732,0.05285297100778785,737.3925048828125,931.5290063476563,742.5855325248453,882.3376991409228,28.327931248717732,0.027518136706818887,-78.04418739840094,-82.65811249801564,4.613925099614704,0.008055657268399852,-0.2172750943310049,0.5788824254589393,-0.06664361863919724,-0.2611609565455249,34.54998779296875,658.9000244140625
2026-03-19,680.0,680.0,655.0,658.9000244140625,653.3829345703125,2473667,-0.042644352467762436,727.2575073242188,921.9090063476563,734.6154841333423,873.5754373869283,23.682149010198188,0.02832488795070101,-75.37686203077249,-81.20186240456701,5.8250003737945235,-0.018398473871042875,-0.2352599314247048,-0.418060936328143,-0.09399350604390777,-0.2852873549587733,-29.3499755859375,660.9500122070312
2026-03-20,671.0,679.7000122070312,658.0,660.9500122070312,655.415771484375,1948255,0.0031112273744287045,717.9300079345703,910.9580065917969,727.599724902265,865.2371854190893,26.61854676907346,0.02853497827096925,-72.26454983013411,-79.41439988968044,7.149850059546324,0.0012118272565071475,-0.2201179796967183,-0.21240207352080942,-0.07936706238462737,-0.27444513641208385,2.04998779296875,659.2999877929688
2026-03-23,650.0,662.9000244140625,645.5499877929688,659.2999877929688,653.779541015625,2233577,-0.002496443579073082,709.1250061035156,900.5380053710937,721.0949880347131,857.1612168847317,28.45471998466573,0.02860627826356768,-69.13422683611043,-77.35836527896645,8.224138442856017,0.04327870093778463,-0.2107972605634142,0.14645002835871068,-0.07026267284568663,-0.2678821061846419,-1.6500244140625,665.0
2026-03-24,680.0,681.7999877929688,644.4000244140625,665.0,659.4318237304688,1567450,0.008645551816423236,701.7400054931641,890.1900048828124,715.7526082218833,849.6254828892521,32.89251235378855,0.02868648095636588,-65.43913831047564,-74.97451988526828,9.535381574792638,0.017286197922526503,-0.18173989170484395,-0.29823328230904955,-0.05235558070733643,-0.25296847150340357,5.70001220703125,673.5999755859375
2026-03-25,671.75,684.7999877929688,665.25,673.5999755859375,667.9597778320312,1220977,0.012932294114191834,697.3950042724609,880.2100048828125,711.7380717803646,842.7225218185339,38.90852802498896,0.026015035735709045,-61.112342828430656,-72.20208447390075,11.089741645470099,-0.021285905432709806,-0.11426696175419138,-0.2210424574946569,-0.03411987258404149,-0.23472810823637733,8.5999755859375,660.0499877929688
2026-03-27,673.5999755859375,682.0,658.0,660.0499877929688,654.5232543945312,1598377,-0.020115778331467715,690.9625030517578,869.9390051269531,706.8153971148984,835.5588930332176,39.999993658681035,0.024137343983484386,-58.106877100017755,-69.38304299912416,11.276165899106402,0.0017452774871709043,-0.16311654928730024,0.3090967315518638,-0.04473833981186896,-0.2412686591784151,-13.54998779296875,634.75
2026-03-30,648.8499755859375,655.7999877929688,633.0,634.75,629.4351196289062,1656577,-0.03833041172770135,683.0150024414063,859.0460046386719,699.9520259610986,827.6840344828953,36.99254147988111,0.024742440762081302,-57.10821349457467,-66.92807709821426,9.81986360363959,-0.039639929984333744,-0.20026459589567225,0.03641193535692766,-0.07066463001381408,-0.2610989439768296,-25.29998779296875,674.2999877929688
2026-04-01,650.7000122070312,683.0999755859375,648.7999877929688,674.2999877929688,668.6539306640625,1880678,0.06230797604248717,678.1750030517578,848.94400390625,697.5089747069909,821.6689738283884,46.10642719106506,0.029250192323966147,-52.519994110875814,-64.04646050074658,11.526466389870762,0.022751403424430494,-0.12553493821525952,0.13527955537231295,-0.005713886889595847,-0.20571912318090588,39.54998779296875,696.7999877929688
2026-04-02,654.2999877929688,698.9000244140625,652.0499877929688,696.7999877929688,690.9655151367188,1767842,0.03336793772404478,675.3025024414062,839.1360046386719,697.4414521437508,816.7721508466072,52.75112443598931,0.03029090210313805,-46.53184508819595,-60.543537418236454,14.011692330040503,0.0478195305157425,-0.07616839536895093,-0.059997511535733405,0.03183386004619139,-0.1696221066178568,22.5,694.8499755859375
2026-04-06,696.7999877929688,704.4000244140625,684.3499755859375,694.8499755859375,689.0318603515625,1473246,-0.002798525030414667,673.2375,829.7710046386719,697.1946448525305,811.990889071679,54.800647399946264,0.02990515526299498,-41.46555443351542,-56.72794082129225,15.262386387776829,0.03154691325740555,-0.05610276092974076,-0.16664158901078263,0.03210230503490603,-0.1626003177966992,-1.95001220703125,707.8499755859375
2026-04-07,695.0499877929688,710.0,685.5,707.8499755859375,701.9230346679688,1906465,0.018709074558198813,672.7549987792969,821.3020031738281,698.2094382557121,807.9069316800814,59.62857500500208,0.029753473574880923,-35.98665942562013,-52.579684542157835,16.593025116537703,0.07241873900005547,-0.013449511378484269,0.29405747580512687,0.05216605877372873,-0.13813679639093554,13.0,721.1500244140625
2026-04-08,740.0,740.0,711.0999755859375,721.1500244140625,715.1116943359375,2595624,0.018789361145510552,673.8850006103515,813.4270031738281,700.3942559850788,804.5047000225904,69.15807922772694,0.029376804277953385,-30.223000929719433,-48.10834781967016,17.885346889950725,0.13611661979371803,0.03235278364616012,0.361485261990123,0.07013811519903553,-0.11344223685680392,13.300048828125,716.0499877929688
2026-04-09,721.1500244140625,725.0,705.9500122070312,716.0499877929688,710.0543823242188,1769446,-0.007072088259634346,675.2424987792969,805.56400390625,701.8852780620206,801.0358877782916,64.42284722265362,0.029224063035028093,-25.7697329391184,-43.64062484355981,17.870891904441415,0.06191606222128332,0.03941060011138542,-0.3182964867022342,0.06043382797653237,-0.11111968220925963,-5.10003662109375,716.4500122070312
2026-04-10,723.0,723.0,706.0,716.4500122070312,710.4510498046875,1512797,0.0005586543130815524,676.4024993896485,797.6030041503906,703.2723955996407,797.7187946186343,57.747253502729315,0.02921117474454989,-21.955122361438725,-39.3035243471356,17.348401985696874,0.028200379963124966,0.03346557837292652,-0.1450448332415909,0.05920663045083308,-0.1017460961419068,0.4000244140625,709.8499755859375
2026-04-13,709.6500244140625,719.2999877929688,695.25,709.8499755859375,703.90625,1240536,-0.009212138332948427,677.7574981689453,789.7120031738282,703.8988317888119,794.2729585781364,65.99683268982974,0.029057056506997376,-19.242765173641033,-35.29137251243669,16.048607338795655,0.021587393720998715,0.03969238460042113,-0.17997193278410784,0.04735097362064519,-0.10112804068689302,-6.60003662109375,728.6500244140625
2026-04-15,723.9500122070312,736.0,720.0,728.6500244140625,722.5488891601562,1576485,0.026484538247122824,680.6274993896484,782.1690026855468,706.256088229312,791.6995101795452,69.23293800395133,0.02916601842645007,-15.398689234819244,-31.3128358569132,15.914146622093956,0.029384826651872586,0.08551214065409685,0.2708095532898682,0.07055625149950337,-0.06842380366356761,18.800048828125,746.25
2026-04-16,738.9000244140625,755.3499755859375,730.0499877929688,746.25,740.0015258789062,2570211,0.02415422355895802,684.9324981689454,776.2380017089844,710.0650322074728,789.9171764470141,72.64911471262621,0.029039377216195452,-10.807478532478854,-27.211764392026332,16.40428585954748,0.03480548393010374,0.13042486162498945,0.6303428196272087,0.0895234231037028,-0.038632483391642845,17.5999755859375,747.7999877929688
2026-04-17,749.9000244140625,762.7999877929688,740.0,747.7999877929688,741.5385131835938,1541544,0.002077035568467389,690.7249969482422,770.3560009765625,713.6588375013295,788.2655219899926,72.04471228830677,0.02667056332270708,-6.963568231975501,-23.162125160016167,16.198556928040666,0.04434047977273314,0.18332142313177813,-0.4002266739968041,0.08263055643982052,-0.029279986337485596,1.54998779296875,734.4000244140625
2026-04-20,748.6500244140625,750.4500122070312,724.3499755859375,734.4000244140625,728.250732421875,1674776,-0.017919181061308187,694.7599975585938,765.0740014648437,715.6341886358755,786.1531495360347,65.78401298026341,0.026590862311700773,-4.941543642354532,-19.51800885648384,14.576465214129307,0.025054102730399874,0.12345114073743213,0.0864276335933325,0.05705571275658483,-0.04009282369032472,-13.39996337890625,744.7000122070312
2026-04-21,734.0,749.2999877929688,730.0499877929688,744.7000122070312,738.4644775390625,745302,0.014025037378214256,697.5824981689453,760.172001953125,718.402362309319,784.5275363074463,72.35278076479736,0.024323947589740744,-2.4793710072596014,-16.11028128663899,13.630910279379389,0.04909493247827079,0.08201963270182522,-0.5549840695113855,0.06754400255419635,-0.020353274925071253,10.29998779296875,735.9500122070312
2026-04-22,743.9000244140625,743.9000244140625,721.25,735.9500122070312,729.7877807617188,1703203,-0.011749697672312487,701.4349975585938,755.2630017089843,720.073567061482,782.622535362332,79.28239232229085,0.022066807989271724,-1.2200691306779845,-13.13223885544679,11.912169724768805,0.010018510325089158,0.11693729691615462,1.2852521528185892,0.04920629105843029,-0.025571210900378144,-8.75,733.6500244140625
2026-04-23,735.0,743.9500122070312,728.0,733.6500244140625,727.5070190429688,1046359,-0.0031251956720149687,705.0699981689453,750.7460021972656,721.366562999823,780.7020447369097,71.89228643228526,0.02215031172303122,-0.4030074942691044,-10.586392583211254,10.183385088942149,-0.01688438939489112,0.10999320805558765,-0.3856522093960614,0.04053501967086821,-0.022771986441708678,-2.29998779296875,709.5999755859375
2026-04-24,733.5,733.9500122070312,690.1500244140625,709.5999755859375,703.6583251953125,2240743,-0.0327813644487136,707.5849975585937,745.7700012207031,720.2459356270721,777.9137282996167,54.66811560071924,0.023703681271438844,-1.6767892241779236,-8.804471911404589,7.127682687226665,-0.05108319447794252,0.07629302096811785,1.1414667432496879,0.0028476833656679054,-0.04850024213304529,-24.050048828125,735.2999877929688
2026-04-27,713.0999755859375,740.0,713.0999755859375,735.2999877929688,729.1431884765625,1703717,0.03621760582194211,711.0999969482422,741.1960009765625,721.679654880967,776.2426012209246,62.57381793593232,0.02476915545268358,-0.6055142299652516,-7.164680375116721,6.55916614515147,0.0012254402900166994,0.10571426735784772,-0.239664254222818,0.03403176901783617,-0.007954728811037053,25.70001220703125,734.4500122070312
2026-04-28,736.0,739.7999877929688,722.9000244140625,734.4500122070312,728.30029296875,1438774,-0.0011559575684051415,714.1424987792968,736.4130017089843,722.8958793882111,774.6036761615563,58.94418715570272,0.024741766724542567,0.17289991226289203,-5.697164317640799,5.870064229903691,-0.01376393155899458,0.0903355683292042,-0.155508808094302,0.02843622030959732,-0.002665609511778839,-0.8499755859375,740.0499877929688
2026-04-29,737.0,758.9000244140625,737.0,740.0499877929688,733.8533935546875,1272977,0.0076247198486789625,718.1424987792968,732.0260009765625,724.5296039981881,773.2486295588667,56.70211177220477,0.024049895449852175,1.227519872006269,-4.312227479711385,5.539747351717654,0.005570997374729547,0.1212029414128144,-0.11523491528203877,0.030505768772785914,0.01096134127162398,5.5999755859375,759.0499877929688
2026-04-30,738.0499877929688,767.2000122070312,727.6500244140625,759.0499877929688,752.6943359375,2877480,0.02567394137342416,724.3574981689453,729.3770007324218,727.817259597691,772.6918200778512,63.87992034302619,0.022011365859693523,3.5554697564548405,-2.7386880324781404,6.294157788932981,0.03462136241212854,0.19582510877190829,1.2604336134902674,0.047894154076847766,0.04068264701347871,19.0,759.0499877929688
2026-05-01,759.0499877929688,759.0499877929688,759.0499877929688,759.0499877929688,752.6943359375,0,0.0,728.5949981689453,727.3240002441406,730.7918051400984,772.1568462627578,63.78639986599919,0.018175561029066443,5.3388439422026295,-1.1231816375419863,6.4620255797446156,0.06968716728914615,0.12568589876056913,-1.0,0.04179961391522158,0.04362015764388179,0.0,768.5499877929688
2026-05-04,767.0,777.1500244140625,756.5499877929688,768.5499877929688,762.11474609375,2376007,0.012515644756970978,732.1824981689454,725.0890002441406,734.3878225356099,772.01540083257,68.6467680636379,0.017094587063669682,7.4330676610399,0.588068222174391,6.844999438865509,0.045219638993604816,0.10297072511045768,inf,0.04966997943131916,0.059938831694032926,9.5,772.5
2026-05-05,768.4500122070312,784.5999755859375,764.25,772.5,766.0316772460938,1260326,0.005139564465252766,736.0649993896484,722.9530004882813,738.0175537226946,772.0344047214888,65.38056756087892,0.016994610276228908,9.30423459503686,2.331301496746885,6.972933098289975,0.05180745749956217,0.1117507766314354,-0.46956132704996234,0.049499705380046374,0.0685341916808627,3.95001220703125,748.5999755859375
2026-05-06,783.9500122070312,795.2999877929688,722.5,748.5999755859375,742.331787109375,11996230,-0.030938542930825208,738.1024993896484,720.6930004882812,739.0254034239558,771.1154075004868,50.7893772157795,0.01851367632693699,8.75766275707474,3.6165737488124563,5.141089008262284,0.011553257123166905,0.05756869591790026,8.518354774875707,0.01422224718784946,0.0387224172827388,-23.9000244140625,722.6500244140625
2026-05-07,748.5499877929688,748.5499877929688,709.2000122070312,722.6500244140625,716.59912109375,8691588,-0.03466464335850894,738.1774993896485,718.1960009765625,737.4658435182517,769.2148042421956,42.741710753499966,0.019914440761324894,6.159552958555196,4.125169590761004,2.0343833677941916,-0.04795463271759426,0.002080011022975059,-0.2754733778862193,-0.021034879806583962,0.006201682314359466,-25.949951171875,729.1500244140625
2026-05-08,722.5999755859375,735.7999877929688,704.0,729.1500244140625,723.044677734375,4551374,0.008994672082479171,738.8325012207031,716.0710009765625,736.6738607464242,767.6436364057981,48.42200157183437,0.01992577569140167,4.572321031412457,4.214599878891295,0.35772115252116254,-0.03939129683124565,0.01829486326991092,-0.47634724517545013,-0.013105104053548184,0.01826498129328397,6.5,733.4500122070312
2026-05-11,728.0,737.2000122070312,715.0,733.4500122070312,727.3087158203125,1990591,0.005897260713149111,739.6825012207031,714.4860009765625,736.3668275521964,766.3027099666308,46.49204810948951,0.019953937888386713,3.619676000395998,4.095615103192236,-0.47593910279623763,-0.04567038727921069,0.023728103441063908,-0.5626395457723317,-0.008425897602533969,0.02654217326098569,4.29998779296875,712.0499877929688
2026-05-12,733.0,733.0,703.25,712.0499877929688,706.0878295898438,2937642,-0.029177209159309325,739.7925018310547,713.5170007324218,734.0509380513175,764.1751522343303,43.092478493045526,0.020983663801418917,1.1249273647126756,3.501477555496324,-2.3765501907836484,-0.07825244298644818,0.003099263622873716,0.4757637304699962,-0.037500399057060776,-0.0020560308134875394,-21.4000244140625,710.6500244140625
2026-05-13,711.0,718.0499877929688,705.0,710.6500244140625,704.6995849609375,1300856,-0.001966102665411862,738.8925018310547,711.9560009765624,731.8222796096742,762.0761276139276,43.31783751807825,0.020063949239160387,-0.954145452612579,2.6103529538745436,-3.5644984064871226,-0.05069456640333325,-0.02470321745267834,-0.5571768105167342,-0.03822271486989556,-0.0018343501012823722,-1.39996337890625,709.0
2026-05-14,711.0,716.7000122070312,693.0,709.0,703.0634155273438,1986342,-0.0023218523286803183,737.0300018310547,710.2620007324218,729.6487291706576,759.994710844754,49.79960728736356,0.019166275059484615,-2.7038010838026594,1.547522146339103,-4.251323230141763,-0.018888845157280953,-0.04991624790619764,0.5269499468042582,-0.03803101876642451,-0.001776810150508475,-1.6500244140625,703.7000122070312
2026-05-15,708.2000122070312,726.4500122070312,702.0,703.7000122070312,697.8078002929688,1215690,-0.007475300131126628,734.8250030517578,708.9140014648438,727.1774227931694,757.7870756040589,37.780358280818525,0.019168337000624668,-4.466592401310322,0.344699236809218,-4.81129163811954,-0.034903670513462104,-0.05897295574461381,-0.3879754845842257,-0.04235701114614119,-0.007354896711080224,-5.29998779296875,707.75
2026-05-18,702.0,711.7000122070312,690.4500122070312,707.75,701.8238525390625,1166215,0.0057552760021513105,733.4925018310547,707.9840014648438,725.3271920509628,755.8248373450763,39.92451905426327,0.018918754343187093,-5.4737194226956944,-0.8189844950917644,-4.65473492760393,-0.035039896079212096,-0.036288158398857795,-0.040697052702580394,-0.03509579411758456,-0.00033051801221446075,4.04998779296875,743.7000122070312
2026-05-19,712.0,750.9000244140625,710.0,743.7000122070312,737.4728393554688,3215754,0.05079478941297255,733.4425018310546,708.1350012207031,727.0769844467789,755.3493540063295,51.1206708508643,0.022051969237178226,-3.332593244329132,-1.321706244939238,-2.010886999389894,0.04444916081266026,-0.0013428225911213953,1.757428090017707,0.013985432191846692,0.05022348976539811,35.95001220703125,750.7999877929688
2026-05-20,745.0499877929688,760.9000244140625,741.5,750.7999877929688,744.5133666992188,3194714,0.009546827308591022,734.1850006103516,708.8010009765625,729.3363180987969,755.1709474881584,47.26730617136591,0.02196045421924935,-1.050714644801019,-1.2675079249115941,0.2167932801105752,0.05649751917198653,0.020177967714687606,-0.0065427890317480975,0.022630518423564318,0.059253565893024225,7.0999755859375,750.9000244140625
2026-05-21,755.5999755859375,756.9500122070312,742.5,750.9000244140625,744.6126098632812,2354499,0.00013324004091663788,735.0475006103516,709.8480017089844,731.3900044145365,755.0034603087821,47.302229712829664,0.021938536952847348,0.7570360641450407,-0.8625991271002672,1.6196351912453077,0.0590973546037552,0.023512573333282383,-0.2630016333230455,0.02156666581485916,0.05783213111291982,0.10003662109375,751.0499877929688
2026-05-22,752.0,764.5,744.4000244140625,751.0499877929688,744.7612915039062,1465191,0.00019971151156017442,737.1200012207031,711.0910009765626,733.262383783911,754.848422170907,43.82498022925451,0.020421859140237482,2.176700666176316,-0.25473916844495054,2.431439834621267,0.06728716038732552,0.058413209742298466,-0.37770583041232975,0.01889785455447821,0.056193914367541314,0.14996337890625,756.5999755859375
2026-05-25,753.9500122070312,772.6500244140625,753.9500122070312,756.5999755859375,750.2648315429688,1495776,0.007389638350541627,738.1850006103516,712.3580004882813,735.4850115745802,754.917110540124,44.45218683156247,0.01891892564658502,3.706901865882969,0.5375890384206334,3.1693128274623357,0.06902151266116219,0.028967752137330383,0.020874411595484865,0.024946287123634163,0.06210637778663374,5.54998779296875,784.7000122070312
2026-05-26,756.4000244140625,797.5,753.9500122070312,784.7000122070312,778.1295776367188,2237901,0.03713988570952842,740.6975006103515,714.3970007324219,740.1721544919565,756.085067468238,62.23730561329185,0.020497599651970778,7.105131916727487,1.8510976140820041,5.254034302645483,0.05512975571739864,0.06841854335191333,0.4961471503754573,0.05940685848193175,0.09840888385944019,28.10003662109375,771.7999877929688
2026-05-27,783.5,795.0,766.25,771.7999877929688,765.3375244140625,1268829,-0.016439434450600032,742.2850006103515,716.4080004882812,743.1843290920528,756.7013388535215,68.27815504517146,0.02094494427478736,8.6575309273303,3.2123842767316635,5.445146650598636,0.027970165611924225,0.042902507295064174,-0.4330271982540783,0.03976233812935494,0.07731905180697882,-12.9000244140625,771.7999877929688
2026-05-28,771.7999877929688,771.7999877929688,771.7999877929688,771.7999877929688,765.3375244140625,0,0.0,742.9225006103516,718.6409997558594,745.9096299207115,757.2934427334999,66.66665076588501,0.020211540661490796,9.775136637320088,4.524934748849349,5.250201888470739,0.02783321707202613,0.016797312700145284,-1.0,0.03887012058309278,0.0739715491534282,0.0,771.9500122070312
2026-05-29,778.0,793.9500122070312,764.3499755859375,771.9500122070312,765.486328125,1432401,0.00019438250380332533,743.5675018310546,721.4409997558594,748.3896663289324,757.8682101638344,65.5492668881943,0.020211067965949663,10.551323837581322,5.7302125665957435,4.821111270985578,0.02782774083450712,0.016994960307648466,inf,0.038170724656583194,0.07001128639523466,0.1500244140625,786.0999755859375
2026-06-01,776.0499877929688,805.8499755859375,776.0499877929688,786.0999755859375,779.517822265625,2194206,0.01833015500375601,744.4450012207031,724.0889990234375,751.9811243534092,758.9753382196031,81.76747985787264,0.02042557027468417,12.167976713167832,7.017765395910161,5.1502113172576705,0.03899022066073177,0.0228351936396054,0.5318378024030981,0.0559544013284133,0.08563999266130655,14.14996337890625,809.25
2026-06-02,789.0499877929688,826.0,783.0,809.25,802.4739990234375,3897702,0.02944921146551005,746.2825012207031,726.5089990234375,757.4353029864178,760.9468935835403,85.64712247805295,0.021366067979756858,15.142644284470975,8.642741173622325,6.499903110848651,0.03128582567995619,0.04757281553398052,0.7763610162400432,0.08437488307216127,0.11388847362906963,23.1500244140625,774.25
2026-06-03,800.7999877929688,800.7999877929688,770.5999755859375,774.25,767.7670288085938,2235273,-0.04324992276799511,747.5650024414062,728.8159985351563,759.036702701997,761.4685840312446,69.00669697622669,0.022527229965969633,14.508635751623274,9.815920089222516,4.692715662400758,0.0031744133788305096,0.03426399312127404,-0.4265151620108464,0.03569588928246451,0.062339467789073386,-35.0,773.0
2026-06-04,770.0,779.4500122070312,758.0,773.0,766.5275268554688,758769,-0.0016144656118824985,750.0825012207031,731.0569982910156,760.3665405399021,761.9207964221762,70.6742161845825,0.02085167509028033,13.746849741538881,10.60210601968579,3.144743721853091,0.0015548227857100638,0.06967407996251329,-0.6605475035935208,0.030553304125880032,0.05737309376291334,-1.25,777.7999877929688
2026-06-05,780.0499877929688,784.2999877929688,767.25,777.7999877929688,771.2872924804688,848126,0.006209557300088875,752.5149993896484,733.4269982910156,762.026868849718,762.5435098092661,70.80486265370723,0.020822883950406375,13.376254603259099,11.156935736400452,2.2193188668586465,0.00757817927771276,0.06672147260503891,0.11776574952324093,0.03360064373976401,0.06050089457484963,4.79998779296875,755.2999877929688
2026-06-08,770.0,770.0,751.2000122070312,755.2999877929688,748.9757080078125,901646,-0.02892774537557452,753.6074981689453,735.232998046875,761.3862135109799,762.2594501223525,53.744342723578164,0.022027776755653882,11.13859454217652,11.153267497555667,-0.014672955379147368,-0.03918075149412292,0.029790681331081537,0.0631038312703538,0.002245850297582909,0.027293374752495,-22.5,756.1500244140625
2026-06-09,756.0,773.0,746.0499877929688,756.1500244140625,749.818603515625,683944,0.0011254291471360922,755.8125,736.8839990234375,760.887528835083,762.0198648004589,51.79954037864358,0.020800228466669946,9.326315711476127,10.78787714033976,-1.4615614288636323,-0.06561628123069196,0.06193390545203692,-0.24144952675440245,0.00044657162201273466,0.02614526223416103,0.85003662109375,732.9500122070312
2026-06-10,751.5,760.4000244140625,730.0,732.9500122070312,726.8128662109375,700519,-0.03068175819343366,756.9274993896485,738.3419995117188,758.2268129657448,760.8798705811088,44.77437967158656,0.022125456643056523,5.949443110093171,9.82019033429044,-3.8707472241972702,-0.053341928050331,0.031379704533684105,0.024234440246569955,-0.031677389448727326,-0.007302831625795842,-23.20001220703125,736.9000244140625
2026-06-11,726.0,742.4500122070312,718.2000122070312,736.9000244140625,730.7297973632812,764143,0.005389197272999802,758.3225006103515,740.385,756.1956902465369,759.9394844569109,45.96982212374396,0.022117439624583426,3.5510459704242976,8.566361461517213,-5.015315491092915,-0.046701132711432725,0.03935123330615298,0.09082408899687233,-0.028249822706100262,-0.004706977566992161,3.95001220703125,749.0
2026-06-12,742.0999755859375,752.0,736.2999877929688,749.0,742.7284545898438,675160,0.016420104742917774,760.5875,741.8790002441406,755.5103864135334,759.5104850664438,47.91324230910519,0.022214551341592174,2.596732349671015,7.372435639147974,-4.775703289476959,-0.03702749838642916,0.0643740045575576,-0.11644809937407008,-0.015234933521784118,0.00959859997858953,12.0999755859375,757.0
2026-06-15,763.0,774.0,754.0499877929688,757.0,750.6614990234375,991468,0.010680907877169465,763.05,743.0830004882813,755.6522543741493,759.4120346716813,41.450616737415935,0.022269760569443072,2.457634984697279,6.389475508257835,-3.931840523560556,0.0022507774851139306,0.06958671847403752,0.4684933941584217,-0.007928707162046989,0.018728728153616505,8.0,756.5499877929688
2026-06-16,765.0,767.3499755859375,751.2000122070312,756.5499877929688,750.2152709960938,1065809,-0.0005944679088920601,763.6924987792969,744.3170007324219,755.7377527949892,759.2997975391828,44.90137244370728,0.019305802406920664,2.284749921724483,5.568530390951166,-3.2837804692266825,0.0005289471215930153,0.017278439390909117,0.07498073563645025,-0.009352600683841856,0.01643518426760288,-0.45001220703125,752.0
2026-06-17,760.0499877929688,767.7000122070312,748.2999877929688,752.0,745.703369140625,981294,-0.0060141271117353234,763.7524993896484,745.2000012207031,755.3817763383236,759.0135309690188,43.575605747046765,0.01925821582032371,1.7602996362329577,4.806884240007524,-3.0465846037745665,0.02599084177051325,0.0015983114365234474,-0.07929657189984318,-0.015387837550830123,0.009125065443045975,-4.54998779296875,745.9500122070312
2026-06-18,752.0,758.7000122070312,741.4000244140625,745.9500122070312,739.7040405273438,724879,-0.008045196533203125,763.5049987792969,745.6960009765625,754.4835130877243,758.5012361156075,41.87499999999999,0.01934760294583473,0.8467250343575188,4.014852398877523,-3.1681273645200045,0.012281160935182056,-0.006592105534813153,-0.2613029326583063,-0.022992628208502657,0.00034063643916037924,-6.04998779296875,760.0499877929688
2026-06-19,729.9000244140625,769.8499755859375,711.0999755859375,760.0499877929688,753.6859130859375,2632393,0.018902038146256128,763.9549987792968,746.5760009765625,755.0136535358429,758.561971475504,41.856834696814225,0.01981188755975654,1.2460965464746323,3.4611012283969456,-2.2150046819223133,0.014752987707568499,0.01198322368188487,2.631492980207731,-0.005111572006947781,0.018047709541669676,14.0999755859375,756.4000244140625
2026-06-22,763.7999877929688,770.9500122070312,753.0,756.4000244140625,750.0665283203125,868628,-0.004802267531777704,763.9450012207031,747.3750012207031,755.1456888575781,758.4771892378005,31.185477408510252,0.01978546307414698,1.2536287545570985,3.0196067336289762,-1.7659779790718777,-0.0007925701267338381,-0.00026427594280609146,-0.6700234349506324,-0.009876335069389255,0.012075628939446255,-3.64996337890625,741.1500244140625
2026-06-23,753.5,756.0,738.2000122070312,741.1500244140625,734.9442138671875,1050698,-0.02016128967184161,761.7675018310547,748.0010021972656,753.8127684343862,757.7976925780462,36.28832271075088,0.01823913331470845,0.02871947308824474,2.4214292815208305,-2.3927098084325857,-0.020355513353230603,-0.05549890036382299,0.20960641379278577,-0.027065315030418226,-0.009159048935868077,-15.25,736.0499877929688
2026-06-24,740.1500244140625,753.7000122070312,733.0,736.0499877929688,729.8869018554688,1624553,-0.006881247322531925,759.9800018310547,748.1490014648438,752.1210750399655,756.944841410004,35.16659340487017,0.01798337497829719,-1.3381351015183327,1.6695164049129978,-3.0076515064313307,-0.021210122615733074,-0.04632029096324597,0.5461655014095392,-0.031487689123964095,-0.01617193052210945,-5.10003662109375,742.5999755859375
2026-06-25,741.7000122070312,749.5,733.2000122070312,742.5999755859375,736.3820190429688,1108161,0.008898835543233563,758.5200012207031,748.0760009765625,751.2143036633913,756.3822976521974,36.06491860286986,0.01815033714455089,-1.8712770086625596,0.9613577221978864,-2.832634730860446,-0.004490966641560901,-0.03783365207160905,-0.3178671302198205,-0.020988274019333873,-0.0073201457919735095,6.54998779296875,742.5999755859375
2026-06-26,742.5999755859375,742.5999755859375,742.5999755859375,742.5999755859375,736.3820190429688,0,0.0,757.0524993896485,747.9720007324219,750.3938914655386,755.8418144339126,43.8824596818057,0.01814928268000171,-2.2676556879503096,0.3155550401682472,-2.583210728118557,-0.022959032283787706,-0.038020644027429995,-1.0,-0.019090517256548107,-0.007182120642516055,0.0,712.2000122070312
2026-06-29,738.9000244140625,743.7999877929688,708.0499877929688,712.2000122070312,706.2366333007812,1861006,-0.040937199539926694,753.3575012207032,747.5280004882812,746.7563791552046,754.1303712093292,33.52079476200393,0.01948273868520584,-4.97743485792671,-0.7430429394507443,-4.234391918475966,-0.05843470489212421,-0.09400835221222748,inf,-0.05463208230751319,-0.047259752488433796,-30.39996337890625,671.5499877929688
2026-06-30,712.5,716.0,669.3499755859375,671.5499877929688,665.9269409179688,5466149,-0.057076697159962775,746.4725006103515,746.065,739.5938656921346,750.8919248008444,29.64189183172745,0.021035756990337825,-10.286495302102026,-2.6517334119810005,-7.634761890121025,-0.09390816208380759,-0.1701575683744594,1.937201169689942,-0.10036875136876783,-0.0998773728924843,-40.6500244140625,557.5499877929688
2026-07-01,604.4000244140625,604.4000244140625,555.5,557.5499877929688,552.8815307617188,26085834,-0.1697565364786291,735.6375,742.4969995117187,722.2563535112616,743.3098880554376,15.621986702591286,0.04120536509250401,-23.4228076694518,-6.805948263475161,-16.61685940597664,-0.24251070302334854,-0.2798837742422102,3.772250811311583,-0.24208596245709507,-0.24908789104922302,-114.0,558.7999877929688
2026-07-02,561.0,570.5,551.8499755859375,558.7999877929688,554.1210327148438,9825945,0.002241951443579193,724.9274993896485,738.9999987792969,706.6890805857099,736.0742056922035,11.959988271481507,0.04128218853370548,-33.34814861060124,-12.114388332900377,-21.233760277700867,-0.24750874472887519,-0.2771022150155643,-0.6233225665700395,-0.22916431192988335,-0.24384304639240612,1.25,558.6500244140625
2026-07-03,565.0499877929688,568.5,556.5,558.6500244140625,553.9723510742188,4156593,-0.0002683668256661109,713.9700012207031,735.9809997558593,692.5901228550767,729.1163946616882,9.043969527527466,0.04113049979462568,-40.75633988975528,-17.84277864427136,-22.913561245483923,-0.24771068841839383,-0.2817561928751773,-0.5769777868693545,-0.21754412165929077,-0.24094504532130764,-0.14996337890625,558.0
2026-07-06,560.9000244140625,562.0,543.3499755859375,558.0,553.3277587890625,4760308,-0.0011635628491097894,704.1050018310547,732.435,679.7720159164979,722.4059478122102,9.036505508780522,0.04112284865445177,-46.147872441898016,-23.50379740379669,-22.644075038101327,-0.21651222909865164,-0.26122069506381296,0.14524275049301205,-0.20750456459065403,-0.23815765221487226,-0.6500244140625,562.4000244140625
2026-07-07,559.4500122070312,566.4000244140625,556.3499755859375,562.4000244140625,557.69091796875,3766444,0.007885348412298487,694.4175018310547,728.9940002441406,668.593731011504,716.1312057181652,10.858791533903002,0.04128235991539712,-49.49510685351595,-28.70205929374054,-20.79304755977541,-0.16253438368396778,-0.2562322207820281,-0.20878144859534298,-0.19011254334587724,-0.22852585312675502,4.4000244140625,554.5999755859375
2026-07-08,562.25,567.7999877929688,551.0999755859375,554.5999755859375,549.9561767578125,2948579,-0.013869218509105719,685.5,725.285,657.7371828757358,709.7966476737643,10.78089218157075,0.041091201232805734,-52.17576327222923,-33.39680008943828,-18.778963182790953,-0.005291027300903917,-0.243331787503561,-0.21714513742936303,-0.19095554254421954,-0.2353351088386806,-7.800048828125,548.1500244140625
2026-07-09,556.0499877929688,557.0,546.5999755859375,548.1500244140625,543.5602416992188,1950385,-0.011629916076106195,676.0625,721.0670007324219,647.3003106412907,703.4575644086779,5.162933913361059,0.040866873195263095,-54.19592308667302,-37.55662468888523,-16.63929839778779,-0.019058632089397953,-0.25614058046759103,-0.3385339175243397,-0.18920214563880927,-0.23980708608592466,-6.449951171875,561.75
2026-07-10,554.0499877929688,567.4000244140625,554.0499877929688,561.75,557.0463256835938,4155099,0.02481068134672615,666.7,717.1210009765625,639.1526620087868,697.9004050201022,10.477152403236033,0.04123493566466911,-54.07615368558777,-40.86053048822574,-13.215623197362028,0.005549047615613922,-0.25,1.1303993826859826,-0.1574171291435429,-0.2166593932753065,13.5999755859375,573.4500122070312
2026-07-13,560.0,578.9000244140625,556.5999755859375,573.4500122070312,568.6483764648438,5545256,0.02082779209084329,657.5225006103516,713.2190014648437,632.895266789572,693.0199974588053,15.45117351210152,0.04160741282292977,-52.43273048946901,-43.17497048847439,-9.257760000994615,0.02768819391941091,-0.24247026128529559,0.3345665169470089,-0.1278625268721287,-0.19596924502957455,11.70001220703125,555.5999755859375
2026-07-14,573.4500122070312,576.5999755859375,552.5,555.5999755859375,550.9478149414062,3059510,-0.03112745006734674,647.475,708.8810009765625,625.533810484464,687.6309769932027,14.679975810534657,0.041692911866036866,-51.97155876439808,-44.93428814365913,-7.037270620738951,-0.012091124702936606,-0.2656136612905763,-0.4482653280569914,-0.1418974082614194,-0.21622955782347578,-17.85003662109375,551.5999755859375
2026-07-15,553.0,555.7000122070312,543.0,551.5999755859375,546.9813232421875,3117204,-0.007199424362431928,637.4549987792968,704.9410009765625,618.4924928750805,682.2964279184081,12.238042395898745,0.041681192622156825,-51.337061728922095,-46.21484286071173,-5.122218868210368,-0.0054093042410080505,-0.2664893941676363,0.018857267993894533,-0.13468405355322113,-0.2175232043223475,-4.0,551.3499755859375
2026-07-16,554.9500122070312,562.7000122070312,550.0,551.3499755859375,546.7333984375,1575224,-0.0004532269961295965,627.7249969482422,701.515,612.0979674189716,677.1612729249779,12.225956635267053,0.04177722108238829,-50.27485394638188,-47.026845077845756,-3.2480088685361252,0.005837728777437379,-0.26087543861730556,-0.49466765729801454,-0.12166955551174588,-0.2140581803868235,-0.25,554.0499877929688
2026-07-17,553.9000244140625,557.9500122070312,547.0,554.0499877929688,549.4108276367188,1542011,0.004897093183257706,617.4249969482422,698.0129992675782,606.5695884069714,672.3333793903894,14.925710127365662,0.04130991494928925,-48.65432147407137,-47.35234035709088,-1.3019811169804854,-0.013707186839396979,-0.27103480469512575,-0.021084620346058736,-0.10264406117102202,-0.20624689171357716,2.70001220703125,561.2000122070312
2026-07-20,555.0,565.9000244140625,552.4500122070312,561.2000122070312,556.5009765625,1589210,0.01290501682446421,607.6649963378907,694.5679992675781,602.2486763879295,667.9752081282969,21.255552623127528,0.04172289012421743,-46.259836005765465,-47.1338394868258,0.8740034810603348,-0.021361931710234927,-0.25806452393790036,0.03060873106612072,-0.07646480282866693,-0.19201573812957606,7.1500244140625,564.4500122070312
2026-07-21,561.9500122070312,578.4000244140625,560.5999755859375,564.4500122070312,559.7237548828125,3564358,0.0057911616701837865,598.8299957275391,691.6159997558593,598.6488036087965,663.9153965235414,54.24877967380798,0.041921105267604314,-43.59737774990447,-46.42654713944153,2.829169389537064,0.015928792314579443,-0.2384132852815144,1.2428489626921553,-0.05741192619908496,-0.18386790877266823,3.25,554.9000244140625
2026-07-22,564.4500122070312,564.4500122070312,551.0,554.9000244140625,550.2537231445312,1120151,-0.016919102819446752,589.7724975585937,688.5009997558594,594.482253209298,659.6402838917973,47.821250994804174,0.041909055356807154,-41.77639235629124,-45.496516182811476,3.7201238265202363,0.0059826848698090185,-0.24611095222225443,-0.6857355518160634,-0.059128686550980886,-0.19404616026581148,-9.54998779296875,550.9000244140625
2026-07-23,551.7999877929688,555.7999877929688,548.0,550.9000244140625,546.2872314453125,2116765,-0.00720850571996956,580.1875,685.3390002441406,590.331564752609,655.3759599907096,45.84895988618116,0.04161766329692758,-40.19269847404394,-44.435752641057974,4.243054167014037,-0.0008160899461305826,-0.2581469936362669,0.889713976062156,-0.05047932881342238,-0.19616419871360954,-4.0,583.2000122070312
2026-07-24,547.0499877929688,587.0,546.1500244140625,583.2000122070312,578.3167724609375,9475364,0.058631305793320765,572.2175018310547,682.9290002441406,589.6523692720777,652.5455306658595,60.07999996093752,0.044606899172409474,-35.9172390161599,-42.73204991607836,6.814810899918463,0.052612625315957784,-0.2146511831664606,3.4763419652157888,0.019192894905928737,-0.14603126825988824,32.29998779296875,585.2000122070312
2026-07-27,585.7000122070312,594.0999755859375,580.7000122070312,585.2000122070312,580.2999877929688,5068869,0.0034293552094268875,565.8675018310547,680.4780004882813,589.2283352658828,649.9045299419839,59.29852405486391,0.04413948789226934,-31.998662642989643,-40.58537246146062,8.586709818470979,0.042765501564433706,-0.1783206933771886,-0.46504756967647887,0.03416437648993748,-0.14001626535006673,2.0,602.4500122070312
2026-07-28,587.0,606.4000244140625,587.0,602.4500122070312,597.4055786132812,8904454,0.029477101230642733,562.4125030517578,677.6530004882812,590.4875425936112,648.0435684621818,68.11815261055315,0.04338993384018038,-27.18782744870532,-37.905863458909565,10.718036010204244,0.06732217056992851,-0.10289625023005766,0.7566944420934927,0.07118886749142721,-0.1109756589686206,17.25,638.75
2026-07-29,610.0,662.6500244140625,606.6500244140625,638.75,633.401611328125,28550031,0.060253941501281494,566.4725036621094,675.4120007324219,595.0839671085055,647.6791147969982,77.98022295358841,0.022917717948343963,-20.213096262306067,-34.367310019588864,14.154213757282797,0.15110825715763387,0.1456371876689606,2.2062640786285157,0.12759224123083449,-0.054280943620583236,36.29998779296875,589.75
2026-07-30,610.0,621.0,580.1500244140625,589.75,584.8118896484375,15706759,-0.0767123287671233,568.0200042724609,672.1890002441406,594.5759702410287,645.4073848049591,57.0957914522342,0.02961418469397217,-18.427046514986955,-31.179257318668483,12.752210803681528,0.0705209182505635,0.05538656564627198,-0.44985142047656623,0.038255687412579016,-0.12264259042352461,-49.0,598.4000244140625
2026-07-31,585.2999877929688,607.5,575.5,598.4000244140625,593.3895263671875,6237877,0.014667273275222659,570.0075042724609,669.1360009765625,594.9401658765557,643.5639589072769,56.42213754633407,0.029712452445403728,-16.127694520210753,-28.168944758976938,12.041250238766185,0.02606312052276727,0.07115367092607139,-0.6028539687913974,0.04981078306651576,-0.10571240593730608,8.6500244140625,619.25
2026-08-03,602.1500244140625,622.5,598.4500122070312,619.25,614.0648803710938,4526739,0.03484287221805049,573.0700042724609,666.3890014648438,597.2553881740266,642.6104703226778,66.13435346364068,0.030472860860253873,-12.479170608385743,-25.030989928858702,12.551819320472958,0.0581852137435066,0.10976702508960567,-0.2743141616931529,0.08058351577163207,-0.07073796440400983,20.8499755859375,625.5999755859375
2026-08-04,624.0,629.2999877929688,617.9000244140625,625.5999755859375,620.3616943359375,2143138,0.010254300502119396,576.2300018310547,663.2070007324219,599.9548726894467,641.9433920977076,68.53707641565802,0.030486546576538036,-8.971876948580416,-21.819167332803048,12.847290384222632,0.038426363863946156,0.11237544172890113,-0.5265602898687112,0.0856775481977727,-0.05670480725467695,6.3499755859375,623.0
2026-08-05,630.0,630.5,621.5999755859375,623.0,617.7835083007812,1547858,-0.004155971367330036,579.6500030517578,660.2310009765625,602.1496467190233,641.2005139762289,67.73954982367954,0.0302333107947949,-6.329159148482063,-18.72116569593885,12.392006547456788,-0.024657534246575352,0.12333218071601526,-0.2777609281343525,0.07478650344175256,-0.056390870652079844,-2.5999755859375,623.0
2026-08-06,628.9000244140625,640.7000122070312,619.7000122070312,623.0,617.7835083007812,3620699,0.0,583.3925018310547,657.2550012207031,604.1353946505449,640.4867683301022,67.30239230316576,0.029981724852979785,-4.186526579761335,-15.814237872703348,11.627711292942013,0.05637982195845703,0.13655016373655626,1.3391674171661743,0.06789168192020283,-0.052118281575769136,0.0,629.9000244140625
2026-08-07,623.0,637.25,620.5499877929688,629.9000244140625,624.625732421875,2544167,0.011075480600421406,586.8000030517578,654.4140014648438,606.589168913737,640.0716019020223,67.26131489396289,0.029704708847749388,-1.9096868466815522,-13.03332766749899,11.123640820817437,0.05264037218388151,0.12131735543224309,-0.29732711832715175,0.07344925211001253,-0.037459432401979534,6.9000244140625,627.9000244140625
2026-08-10,630.0,638.7999877929688,624.2999877929688,627.9000244140625,622.6425170898438,1469093,-0.0031751070368037926,589.5225036621093,651.2500024414062,608.6187741994823,639.5942851377886,66.04299160322661,0.029565629076356997,-0.26361939943467405,-10.479386013886128,10.215766614451454,0.01396854971992334,0.09495162795004575,-0.42256424204857623,0.06509933126140614,-0.0358540928058492,-2.0,627.0
2026-08-11,628.0,634.1500244140625,621.1500244140625,627.0,621.75,1460797,-0.0014333880857901882,593.0925048828125,647.6050024414062,610.3693671328649,639.1003916029733,69.06398331425783,0.02837963263984835,0.9572419737758082,-8.19206041635374,9.149302390129549,0.0022378907747737653,0.12850976881120957,-0.005647021665748819,0.05717066872036633,-0.03181723792084282,-0.9000244140625,609.2000122070312
2026-08-12,627.0,628.0,609.0,609.2000122070312,609.2000122070312,1196638,-0.028389135235994845,595.9725067138672,644.3040026855468,610.2579999970712,637.9278277050933,64.36668268000035,0.029296674556495508,0.4829065080626833,-6.457067031470457,6.93997353953314,-0.0221508632310895,0.10442356629894345,-0.1808321074043827,0.02219482500308472,-0.05448358279973021,-17.79998779296875,620.5
2026-08-13,611.7999877929688,621.9000244140625,608.0,620.5,620.5,1038244,0.018548896202465137,599.4300079345703,641.2540026855469,611.2334285687788,637.2443834813641,60.25288490995216,0.029405162830639275,1.0071964770078239,-4.9642143297748005,5.971410806782624,-0.0040128410914928025,0.1254194748817654,-0.1323658449756735,0.035150045520793385,-0.032364714447987726,11.29998779296875,614.0
2026-08-14,623.5999755859375,625.4000244140625,610.8499755859375,614.0,614.0,640338,-0.010475423045930743,602.4275085449219,637.9780029296875,611.4969115622284,636.3328390311146,57.72532013174952,0.029644773066918397,0.8879684301469979,-3.7937777777904413,4.681746207937439,-0.025242139701221356,0.1082032551716845,-0.38324902431413044,0.019209765973386222,-0.037584372532559134,-6.5,609.0
2026-08-17,617.0,617.0,603.25,609.0,609.0,941451,-0.008143322475570036,604.8175079345704,635.0520031738281,611.2591104610639,635.2609629906788,51.88055962398271,0.029744133648373923,0.38557644551087833,-2.9579069331301775,3.343483378641056,-0.03010037215988237,0.08517460219750483,0.4702407166215343,0.006915295953836885,-0.041023417048724864,-5.0,596.6500244140625
2026-08-18,609.0,609.0499877929688,596.0,596.6500244140625,596.6500244140625,1619307,-0.02027910605244254,606.4275085449219,631.8620031738282,609.8677689327781,633.7468085366938,35.98535643405032,0.03025231376417251,-0.9976127794556078,-2.5658481023952637,1.568235322939656,-0.04840506473036288,0.05704670300409309,0.7200119815051447,-0.01612308807415378,-0.055727324293748805,-12.3499755859375,589.0999755859375
2026-08-19,602.8499755859375,608.0999755859375,585.5,589.0999755859375,589.0999755859375,1451052,-0.012654066067523395,608.1375061035156,628.9850024414062,607.8898838521266,631.9959523425465,49.70113820043104,0.03011765310436874,-2.672222331978219,-2.5871229483118547,-0.08509938366636405,-0.03299415006292372,0.06163263591128487,-0.10390555960049574,-0.03130464792338861,-0.063411729533542,-7.550048828125,592.9000244140625
2026-08-20,595.0,601.25,590.0499877929688,592.9000244140625,592.9000244140625,641737,0.006450600892226044,610.2375061035157,626.1050024414062,606.4622781913586,630.4627786982921,47.35322487602053,0.03001847484110754,-3.650647888754065,-2.799827936400297,-0.8508199523537683,-0.04448021851077755,0.0762388784510788,-0.5577436232471338,-0.028411039170889937,-0.05303420017068333,3.800048828125,589.2999877929688
2026-08-21,592.9000244140625,594.8499755859375,586.0499877929688,589.2999877929688,589.2999877929688,904430,-0.006071911743723568,610.5425048828125,622.9110021972656,604.8277743438929,628.8485516039658,32.7178403507845,0.02718641974123641,-4.662800201998948,-3.1724223895200274,-1.4903778124789206,-0.04022803291047439,0.010459491526505715,0.4093468196473009,-0.034792855403115726,-0.05395797198273404,-3.60003662109375,583.0999755859375
2026-08-24,589.3499755859375,595.9000244140625,581.0,583.0999755859375,583.0999755859375,1117937,-0.010520978000103764,610.4375030517579,619.4330017089844,602.7584601764686,627.0544897993373,25.433560680149412,0.027296186334048414,-5.897247572743254,-3.717387426164673,-2.179860146578581,-0.04252877572095648,-0.003588579250320967,0.236068020742346,-0.04478349925938686,-0.058655296089820744,-6.20001220703125,592.0
2026-08-25,583.0999755859375,592.0,577.0,592.0,592.0,1582973,0.015263290664897067,609.9150024414063,616.142001953125,601.7338449215669,625.6798039248534,33.29744455216195,0.026671077015746246,-6.0872286356205905,-4.191355668055857,-1.895872967564734,-0.007793554384966317,-0.017345857739712534,0.41597692893248905,-0.02937294929571329,-0.039182529151716085,8.9000244140625,590.0
2026-08-26,593.0,596.2000122070312,587.4500122070312,590.0,590.0,918198,-0.0033783783783783994,607.4775024414063,612.902001953125,600.6163358814176,624.2805959278004,32.594968085366645,0.022508721825642758,-6.326248230346437,-4.618334180513973,-1.707914049832464,0.0015277957076256232,-0.07632093933463802,-0.41995346730487504,-0.028770616806656227,-0.03736649885323197,-2.0,588.0
2026-08-27,589.5,592.9000244140625,579.6500244140625,588.0,588.0,1063360,-0.003389830508474523,607.3900024414063,609.7430017089844,599.4147800831873,622.8578274600435,26.696353647574483,0.014561656918664106,-6.60096445720751,-5.01486023585268,-1.5861042213548302,-0.008264503646976507,-0.0029673590504450953,0.15809444150390228,-0.03192347974689756,-0.03565928866431135,-2.0,609.4000244140625
2026-08-28,590.0,613.4500122070312,589.4000244140625,609.4000244140625,609.4000244140625,5637989,0.03639459934364364,607.9400024414062,606.7300024414062,600.3657557337468,622.3300704778483,41.53706721227804,0.01641040045398852,-5.033848847418994,-5.018657958165943,-0.015190889253051232,0.034108326891999274,0.01838235219119677,4.302051045741799,0.0024015889179738064,0.004400675690854992,21.4000244140625,585.0
2026-08-31,609.4000244140625,610.0,585.0,585.0,585.0,2324629,-0.04003942145805306,606.2275024414063,603.302001953125,598.9023504257709,620.8661461453837,34.18676733777676,0.01682880756745818,-5.695126612411173,-5.153951689014989,-0.5411749233961833,0.0032584882414945504,-0.055308841340331094,-0.5876847223362798,-0.03501573642884665,-0.030336385249633266,-24.4000244140625,590.0
2026-09-01,585.2000122070312,594.2999877929688,581.0,590.0,590.0,1026752,0.008547008547008517,604.4475036621094,600.2790014648438,598.0545075280784,619.6557090416431,42.00000712075736,0.01676381093053779,-5.7494596007962855,-5.273053271371249,-0.47640632942503647,-0.0033783783783783994,-0.05690533403968656,-0.5583157570519854,-0.023901999056291343,-0.017123706542724642,5.0,588.0
2026-09-02,588.0,589.9000244140625,579.0999755859375,588.0,588.0,715333,-0.003389830508474523,602.6975036621094,597.3180017089844,597.0969353825471,618.4143086870689,35.32071243946116,0.016761403590459915,-5.886051433852344,-5.395652903867469,-0.49039852998487543,-0.003389830508474523,-0.0561797752808989,-0.3033049850402044,-0.024386202983759604,-0.015599733613125185,-2.0,583.5
2026-09-03,591.0499877929688,592.4000244140625,580.5499877929688,583.5,583.5,975708,-0.007653061224489832,600.7225036621094,594.1360021972656,595.8019891556379,617.0451201111055,35.97058638564717,0.01678259038835034,-6.284964677029166,-5.573515258499809,-0.711449418529357,-0.007653061224489832,-0.0634028892455859,0.3639913159325796,-0.02866964955885285,-0.01790162884917086,-4.5,575.4500122070312
2026-09-04,584.0,593.5999755859375,575.0,575.4500122070312,575.4500122070312,1239906,-0.013796037348703938,598.0000030517579,590.7930029296875,593.863705636723,615.4139394089849,34.9888443756264,0.016594560396158572,-7.168044282067854,-5.892421063213418,-1.2756232188544354,-0.05571055275173997,-0.08644230845629997,0.2707756828887331,-0.03770901459807329,-0.0259701632324212,-8.04998779296875,562.25
2026-09-07,575.8499755859375,575.9000244140625,560.0,562.25,562.25,1316814,-0.022938590541348836,594.7175018310547,587.7940026855468,590.8528765284636,613.3290790400051,34.72470813218693,0.017099829861681168,-8.831221079943248,-6.480181066559385,-2.351040013383863,-0.03888888888888886,-0.10455490024120506,0.062027282713366994,-0.05459315007729163,-0.04345740611309395,-13.20001220703125,562.0
2026-09-08,562.25,563.3499755859375,556.4000244140625,562.0,562.0,1083793,-0.0004446420631392112,591.4675018310547,585.6030029296875,588.1049835257528,611.3161739796127,37.132036275574734,0.01711322613792299,-10.053582148592682,-7.194861282966045,-2.858720865626637,-0.0474576271186441,-0.10366826156299835,-0.17695817328795105,-0.04982099902332716,-0.04030546771721636,-0.25,553.0999755859375
2026-09-09,558.2999877929688,559.25,551.25,553.0999755859375,553.0999755859375,1160555,-0.015836342373776735,588.6625,585.5140026855469,584.7711732457703,609.0331858073117,31.974639483944017,0.016439468638409116,-11.606675165339084,-8.077224059440653,-3.5294511058984313,-0.05935378301711314,-0.09208804250980329,0.0708271782526737,-0.06041241698607015,-0.05535995202665969,-8.9000244140625,550.9500122070312
2026-09-10,554.5,559.5,548.75,550.9500122070312,550.9500122070312,1114138,-0.003887115302488753,585.1850006103516,585.3570031738282,581.5501102897,606.7554142935752,32.400206606245916,0.015509388265007905,-12.86272318116039,-9.034323883784602,-3.828399297375789,-0.05578404077629606,-0.11208700691856366,-0.0399955193851218,-0.05850284673669532,-0.05877949828948981,-2.14996337890625,553.75
2026-09-11,550.9000244140625,555.9500122070312,545.5999755859375,553.75,553.75,860098,0.0050821085959367185,582.1725006103516,585.2590026855469,578.9024807382999,604.676770595788,36.096654662031355,0.015652673539686364,-13.47686179490131,-9.922831466007944,-3.554030328893367,-0.03770963897247115,-0.09812703583061888,-0.2280148419675121,-0.04882144137786192,-0.05383770696557112,2.79998779296875,553.75
2026-09-14,553.75,553.75,553.75,553.75,553.75,0,0.0,579.4100006103515,585.1740026855468,576.5070063822714,602.6796423371296,30.212110533913815,0.015673442619506203,-13.80444205586764,-10.699153583979884,-3.1052884718877554,-0.015117830146731848,-0.09072249589490966,-1.0,-0.0442864303055198,-0.05370027127201866,0.0,563.0
2026-09-15,560.0,580.9500122070312,560.0,563.0,563.0,4090759,0.016704288939051848,577.7274993896484,585.1860021972657,575.220624822055,601.123577931752,37.00674030046443,0.01590950139197591,-13.165885940603516,-11.19250005530461,-1.9733858852989066,0.001779359430605032,-0.056398262024891954,inf,-0.02549212112147608,-0.037912735632707084,9.25,555.0
2026-09-16,563.0,566.4000244140625,553.0999755859375,555.0,555.0,831708,-0.014209591474245165,576.0225006103516,585.1940026855468,573.2948510294784,599.3148101697226,34.98635456364039,0.01596403249923389,-13.153730739862567,-11.584746192216201,-1.568984547646366,0.003435227803164631,-0.057884870139436995,-0.7966861406404044,-0.03649597123042279,-0.0515965689104499,-8.0,559.2999877929688
2026-09-17,556.2000122070312,560.9500122070312,552.5,559.2999877929688,559.2999877929688,599882,0.007747725753096901,574.3424987792969,585.417001953125,571.9620069117157,597.7456014490656,23.00644223528134,0.016006409229981602,-12.651288399787518,-11.798054633730466,-0.8532337660570519,0.015155595609279704,-0.056670661557653323,-0.27873484444059693,-0.0261908373806559,-0.04461266767624128,4.29998779296875,532.0
2026-09-18,559.2999877929688,559.5,532.0,532.0,532.0,3944020,-0.04881099300698388,571.4774993896484,584.822001953125,568.1561014915522,595.1673425687101,22.309285767130035,0.019034118367495433,-14.291239570965104,-12.296691621177393,-1.9945479497877106,-0.0392776523702032,-0.09723398774801817,5.574659683071004,-0.06907970905558193,-0.09032150257123672,-27.29998779296875,
