Date,Open,High,Low,Close,Adj Close,Volume,Daily_Return,SMA_20,SMA_50,EMA_20,EMA_50,RSI_14,Volatility_20,MACD,MACD_Signal,MACD_Histogram,Return_5D,Return_20D,Volume_Change,Price_vs_SMA20,Price_vs_SMA50,Price_Change,Target
2024-11-29,3635.10009765625,3750.0,3635.10009765625,3724.800048828125,3654.685791015625,2094305,0.016025422243970633,3616.2400146484374,3587.297001953125,3614.5265521210836,3607.5616459331977,56.13677546637747,0.020613792964388963,34.658198742455625,16.7210623079274,17.937136434528224,0.03366173132458017,0.09284549477164372,-0.014112055691261505,0.030020140737323696,0.03833054436254812,58.75,3704.050048828125
2024-12-02,3706.85009765625,3717.85009765625,3672.89990234375,3704.050048828125,3634.326171875,1158369,-0.005570768827316885,3620.3275146484375,3586.76900390625,3623.052599426516,3611.345504870254,53.393841692436126,0.01550183942555799,37.17453456716839,20.811756759775598,16.362777807392796,-0.013042886003697074,0.022568533500268106,-0.44689574823151357,0.023125679607972602,0.03269824312470291,-20.75,3787.050048828125
2024-12-03,3721.0,3798.85009765625,3701.5,3787.050048828125,3715.763916015625,3252670,0.022407904565506342,3628.362512207031,3588.836005859375,3638.671404131431,3618.2358791431116,61.363308753255176,0.016208682219198717,45.34346395043667,25.718098197907814,19.625365752528857,0.022808283083374903,0.044314516481940736,1.8079739702978932,0.04373530375953771,0.05523073292987827,83.0,3789.89990234375
2024-12-04,3775.0,3835.0,3758.050048828125,3789.89990234375,3718.56005859375,2510166,0.0007525259711069765,3639.135009765625,3588.756005859375,3653.0741182468896,3624.967801621568,65.0086849065699,0.01573964896750784,51.4542264092247,30.865323840171193,20.58890256905351,0.02465729915263326,0.06027499450684437,-0.22827523234757907,0.041428771445287726,0.056048362205724414,2.849853515625,3831.550048828125
2024-12-05,3810.0,3884.0,3760.0,3831.550048828125,3759.42626953125,2765170,0.010989774811365871,3651.972509765625,3589.6330078125,3670.071825921293,3633.0690662179036,71.49463571330764,0.015820474313902454,58.97800667159618,36.48786040645619,22.490146265139984,0.045143955427696,0.07182219886232977,0.10158850052147939,0.049172752144846996,0.06739325175835943,41.650146484375,3866.699951171875
2024-12-06,3832.0,3883.949951171875,3800.0,3866.699951171875,3793.914306640625,1856562,0.009173807439759374,3663.035009765625,3591.1350048828126,3688.7983140403962,3642.231061706295,75.28783510643507,0.015422955156924035,67.00457308496016,42.59120294215699,24.413370142803167,0.03809597843739132,0.06069209643898055,-0.3285902855882279,0.055600053197220514,0.07673477769963559,35.14990234375,3947.300048828125
2024-12-09,3867.5,3959.0,3867.5,3947.300048828125,3872.99755859375,3332753,0.02084467340989904,3678.072509765625,3594.20400390625,3713.4175268773224,3654.1945513973474,77.45478260610615,0.015905967394119227,78.9592460357012,49.86481156086583,29.094434474835367,0.0656713588621618,0.08247521519597689,0.7951207662335005,0.07319799659948949,0.09824040164056451,80.60009765625,3923.14990234375
2024-12-10,3955.0,3963.5,3901.300048828125,3923.14990234375,3849.302001953125,2349493,-0.006118143081508265,3691.2150024414063,3597.42400390625,3733.392038826506,3664.741820061912,78.74612469858766,0.016069241365092777,85.49911491247758,56.99167223118818,28.507442681289398,0.03593822414830239,0.07181101276103807,-0.29502936461237905,0.06283429704011811,0.09054420554369225,-24.150146484375,3916.75
2024-12-11,3923.14990234375,3947.64990234375,3902.0,3916.75,3843.0224609375,1237958,-0.0016313173095747757,3705.609997558594,3601.646005859375,3750.85470179541,3674.6244937849747,80.5213103205354,0.015865489396385518,89.13806139634835,63.42095006422022,25.717111332128127,0.03347056674974547,0.07933639985010532,-0.47309568489882714,0.056978473876234594,0.08748888525635086,-6.39990234375,3859.89990234375
2024-12-12,3930.0,3959.0,3846.949951171875,3859.89990234375,3787.242431640625,1899867,-0.014514609729048278,3719.037487792969,3605.3330029296876,3761.23995899049,3681.8901960813973,69.82677572066028,0.016089451174823178,86.4382189550497,68.02440384238612,18.413815112663585,0.007399056035897411,0.07477683806509372,0.534678074700434,0.037876040511324524,0.0706084290153508,-56.85009765625,3887.0
2024-12-13,3859.0,3898.0,3794.199951171875,3887.0,3813.83251953125,2300361,0.007020932755223752,3735.989990234375,3610.0030029296877,3773.2171057533005,3689.933717803696,62.7813763899989,0.015662360592803064,85.4997380068944,71.51947067528778,13.980267331606626,0.005249967435919878,0.0955622411517214,0.21080107186450414,0.04042034645712514,0.07673040627542864,27.10009765625,3877.85009765625
2024-12-16,3882.0,3914.39990234375,3857.25,3877.85009765625,3804.854736328125,918660,-0.00235397539072546,3753.5699951171873,3617.6070068359377,3783.1821526012004,3697.3029876018354,68.14369283840976,0.01554793353692239,83.06019818240657,73.82761617671153,9.232582005695036,-0.017594292380305188,0.09970935062920949,-0.6006452900218705,0.0331098401523701,0.07193791098053195,-9.14990234375,3807.199951171875
2024-12-17,3863.050048828125,3875.39990234375,3797.0,3807.199951171875,3735.534423828125,1690180,-0.018218895703852933,3766.8224975585936,3623.8720068359376,3785.4695619888835,3701.6126724477194,59.86901595862802,0.016384328839649406,74.56641372079321,73.97537568552787,0.5910380352653419,-0.029555320101993687,0.07482745116256884,0.8398319291141445,0.010719234484622368,0.05058896781953513,-70.650146484375,3758.14990234375
2024-12-18,3807.199951171875,3819.0,3745.0,3758.14990234375,3687.407958984375,1318341,-0.012883496915634063,3779.4349975585938,3629.6680029296876,3782.867689641728,3703.829818718152,58.134587343940495,0.01651347266289826,63.14915517659301,71.8101315837409,-8.660976407147885,-0.040492780406267914,0.07195014319472359,-0.219999645008224,-0.005631819366808348,0.0353977000955344,-49.050048828125,3716.35009765625
2024-12-19,3702.14990234375,3762.199951171875,3700.0,3716.35009765625,3646.394775390625,1856838,-0.011122442098818852,3791.077502441406,3633.3470068359375,3776.532680881206,3704.3208100490583,49.230633805165034,0.016697183193386478,50.14990374750096,67.47808601649291,-17.328182268991952,-0.03719003298513934,0.06684371972333869,0.40846563976998373,-0.01971138937070861,0.02284480140876908,-41.7998046875,3629.85009765625
2024-12-20,3716.35009765625,3725.0,3607.10009765625,3629.85009765625,3561.523193359375,2796593,-0.023275525105816097,3792.3950073242186,3636.2020068359375,3762.562911050258,3701.4003899552226,43.9665040254011,0.016017773455833516,32.49351127459386,60.4811710681131,-27.987659793519242,-0.06615639370819393,0.007312362330026412,0.5061050021595852,-0.04286075404963013,-0.0017468526687313044,-86.5,3640.5
2024-12-23,3670.0,3700.0,3617.050048828125,3640.5,3571.97265625,1217612,0.002933978554824135,3786.7700073242186,3639.8050048828127,3750.9378719026145,3699.012139368743,36.49432903520475,0.01282535275021436,19.139423783075927,52.21282161110567,-33.07339782802974,-0.06120662008046751,-0.029976019184652314,-0.564608793628533,-0.038626588633930495,0.00019094295333265914,10.64990234375,3639.75
2024-12-24,3647.949951171875,3679.0,3632.39990234375,3639.75,3571.236572265625,627922,-0.00020601565718991743,3783.6275024414062,3642.94900390625,3740.348550769032,3696.688133903302,36.10881227853659,0.012511906930407421,8.398877471680862,43.450032783220706,-35.051155311539844,-0.04398244203599899,-0.0169745843457505,-0.484300417538592,-0.03802633910144921,-0.0008781357913107162,-0.75,3629.5
2024-12-26,3658.0,3665.14990234375,3610.35009765625,3629.5,3561.1796875,1124705,-0.002816127481283015,3780.1675048828124,3644.4380029296876,3729.791545933886,3694.053305122781,30.154205927957292,0.012520130031587364,-0.9294579856423297,34.574134629448096,-35.503592615090426,-0.03423224344072018,-0.0187092632777498,0.7911539968340018,-0.03985736205821472,-0.004098849511962963,-10.25,3608.10009765625
2024-12-27,3632.39990234375,3643.64990234375,3603.5,3608.10009765625,3540.1826171875,1309122,-0.005896102037126316,3777.2700073242186,3645.5620068359376,3718.2018841931585,3690.6825911044853,23.894626688663806,0.012438963217587924,-9.934505519677714,25.672406599622935,-35.606912119300645,-0.029128041534157045,-0.015807190409306893,0.16396921859509828,-0.04478628992366021,-0.010276031270196832,-21.39990234375,3578.949951171875
2024-12-30,3607.89990234375,3623.0,3566.0,3578.949951171875,3511.5810546875,1591690,-0.008079084752474097,3769.977502441406,3646.48900390625,3704.939795333989,3686.300918950265,8.505123734192878,0.011886266163111461,-19.201896264245534,16.697546026849242,-35.89944229109477,-0.0140226579927476,-0.039156490481183415,0.21584542922661143,-0.05067074038129493,-0.018521666365104886,-29.150146484375,3607.64990234375
2024-12-31,3562.550048828125,3620.60009765625,3550.0,3607.64990234375,3539.74072265625,1267628,0.008019098216916376,3765.1574951171874,3647.2360009765625,3695.674091239681,3683.2165653578527,14.819350054392629,0.012054324113007346,-23.95439266563244,8.567158288352907,-32.52155095398535,-0.009023512609874995,-0.026025605813526642,-0.20359617764765747,-0.0418329360664726,-0.010853725567035748,28.699951171875,3667.5
2025-01-01,3600.0,3689.0,3599.949951171875,3667.5,3598.46435546875,1202029,0.016589774306361438,3759.1799926757812,3649.03,3692.990844454949,3682.6002294614664,25.166887366959557,0.0115113493640443,-22.63050721077161,2.3276251885280033,-24.958132399299615,0.007624150010302921,-0.031568119588258114,-0.051749409132647695,-0.02438829554700931,0.005061619115216865,59.85009765625,3713.5
2025-01-02,3676.60009765625,3724.10009765625,3650.050048828125,3713.5,3643.598388671875,1882900,0.012542603953646925,3755.359997558594,3651.587998046875,3694.9440973640017,3683.81198516886,35.09165963912933,0.011929211096712045,-17.665861829204914,-1.6710722150185802,-15.994789614186335,0.02314368370298947,-0.020158817993188416,0.5664347532380667,-0.011146733624954101,0.016954815818827317,46.0,3659.89990234375
2025-01-03,3708.0,3719.89990234375,3651.449951171875,3659.89990234375,3591.007080078125,1290107,-0.014433848837013596,3746.777490234375,3654.547998046875,3691.6065549811206,3682.8742564306203,28.057961579106276,0.011944500208886088,-17.850653302502906,-4.906988432515446,-12.94366486998746,0.014356532048860782,-0.04479913985121353,-0.31482978384407034,-0.02318728243592346,0.0014644504052855089,-53.60009765625,3603.199951171875
2025-01-06,3684.75,3692.25,3585.5,3603.199951171875,3535.37451171875,1212012,-0.015492213635560081,3733.602490234375,3657.5039990234377,3683.1868784278595,3679.7497738714537,25.69683012558086,0.011979372256149198,-22.3150797263188,-8.388606691276117,-13.926473035042683,0.006775730404405156,-0.06814596511946613,-0.06053373867438905,-0.03492673347084527,-0.014847296917805697,-56.699951171875,3643.300048828125
2025-01-07,3607.10009765625,3649.85009765625,3595.699951171875,3643.300048828125,3574.719970703125,1453540,0.011129023701059948,3718.402490234375,3661.517001953125,3679.3881327516942,3678.3203728893627,34.66792307355006,0.011107396209290556,-22.359678624521166,-11.182821077925126,-11.17685754659604,0.009881819868722497,-0.0770146673015778,0.19927855499780533,-0.020197501912041834,-0.004975247449426799,40.10009765625,3596.35009765625
2025-01-08,3662.0,3663.85009765625,3590.0,3596.35009765625,3528.65380859375,1813201,-0.012886655104614952,3702.0625,3666.916005859375,3671.47974845689,3675.105852291986,34.804673707187106,0.011279030684464595,-25.885104878994298,-14.12327783813896,-11.761827040855337,-0.01940010970518069,-0.08330036139895258,0.24743797900298592,-0.028555002068103928,-0.019243939073152413,-46.949951171875,3527.89990234375
2025-01-09,3599.89990234375,3606.300048828125,3486.0,3527.89990234375,3461.491943359375,2921681,-0.01903324021682684,3682.6199951171875,3670.6580029296874,3657.8054773984954,3669.333069941075,33.14550607676419,0.011726396321601102,-33.81261846649886,-18.061145963810944,-15.751472502687918,-0.04997982971758452,-0.09927876368321953,0.6113387318890735,-0.042013591676193035,-0.03889169202687827,-68.4501953125,3536.14990234375
2025-01-10,3499.949951171875,3552.199951171875,3492.300048828125,3536.14990234375,3469.586669921875,1794238,0.0023385017229426985,3666.4324951171875,3673.7630029296874,3646.2192321551865,3664.110200623533,40.255809253574,0.011623026949717384,-38.98018474199125,-22.244953719447008,-16.735231022544244,-0.033812400148089394,-0.08387523205029679,-0.38588846626308626,-0.03553388558140449,-0.03745835005584089,8.25,3464.300048828125
2025-01-13,3505.550048828125,3534.5,3448.60009765625,3464.300048828125,3399.089111328125,2137212,-0.020318667335907703,3645.297497558594,3674.882001953125,3628.893595647847,3656.2745083962623,33.745399280100784,0.011826650624026158,-48.31624139506812,-27.45921125457123,-20.85703014049689,-0.03854904091530509,-0.10874709317516718,0.19115301314541333,-0.04965231201340642,-0.05730305163895872,-71.849853515625,3462.60009765625
2025-01-14,3465.85009765625,3491.949951171875,3448.60009765625,3462.60009765625,3397.42138671875,2924491,-0.0004907055243237313,3624.5349975585937,3671.6880029296876,3613.0561196486474,3648.6794334652814,33.68635798705351,0.011861461067203573,-55.21581189885228,-33.01053138342744,-22.20528051542484,-0.049597877954081104,-0.10708253015014035,0.36836729346456965,-0.04467742759041351,-0.05694598917625998,-1.699951171875,3501.39990234375
2025-01-15,3471.300048828125,3526.14990234375,3471.300048828125,3501.39990234375,3435.49072265625,1155446,0.011205395827766251,3609.2449951171875,3669.1889990234376,3602.422194191038,3642.9037655781626,38.79264237478128,0.01203483849355705,-56.89707716863904,-37.787840540469766,-19.109236628169278,-0.02640182205130115,-0.08032150996797482,-0.6049069735553982,-0.029880236148927847,-0.04572920520702124,38.7998046875,3507.89990234375
2025-01-16,3535.0,3543.449951171875,3483.75,3507.89990234375,3441.868408203125,2305460,0.0018564003488001912,3596.7324951171877,3667.857998046875,3593.4200711579633,3637.6094964317153,40.998906060704414,0.011919983494332728,-57.04738953478409,-41.63975033933263,-15.407639195451459,-0.005669095085921505,-0.06658861580905351,0.9952987850578912,-0.02469813723818328,-0.043610765680760305,6.5,3568.64990234375
2025-01-17,3524.0,3579.85009765625,3511.949951171875,3568.64990234375,3501.474853515625,1600246,0.017318054018420126,3589.3474853515627,3667.7349951171873,3591.061007461372,3634.905198624344,49.12444324352593,0.012622428275149027,-51.66888908621104,-43.64557808870831,-8.023310997502726,0.009190786843753074,-0.03974334802462465,-0.305888629601034,-0.005766391549517373,-0.027015335869507506,60.75,3593.0
2025-01-20,3574.89990234375,3617.14990234375,3556.5,3593.0,3525.366455078125,1593334,0.0068233360858003245,3587.50498046875,3666.68599609375,3591.2456734174316,3633.261857501821,48.745405507119116,0.011707106630814364,-44.92368705180206,-43.90119988132706,-1.022487170475003,0.03715034764826752,-0.010151961283482058,-0.0043193359021050926,0.001531710634874692,-0.020096074813128327,24.35009765625,3541.10009765625
2025-01-21,3612.75,3643.300048828125,3528.10009765625,3541.10009765625,3474.44384765625,2576596,-0.014444726508140882,3582.5349853515627,3664.5769970703127,3586.469904297319,3629.64767084121,39.02587916499568,0.012082067045239113,-43.26719690352684,-43.77439928576702,0.5072023822401803,0.022670824751935603,-0.02730391494128559,0.6171097836360737,-0.01156580127332562,-0.03369472097673966,-51.89990234375,3518.199951171875
2025-01-22,3563.0,3582.35009765625,3490.10009765625,3518.199951171875,3451.974609375,1626055,-0.006466958248238175,3576.457482910156,3661.7349951171873,3579.9680039996574,3625.277172030648,32.33538064602749,0.01213285865317562,-43.303095829944596,-43.68013859460253,0.3770427646579364,0.004798094846829581,-0.033395164181090786,-0.3689134811976732,-0.01628917218131645,-0.03919864330343728,-22.900146484375,3503.25
2025-01-23,3492.0,3527.800048828125,3460.60009765625,3503.25,3437.305908203125,1993204,-0.0042493182250472605,3570.144982910156,3659.2229931640627,3572.6615274282613,3620.491792735329,34.766125440298424,0.01214447958361238,-44.03032789335657,-43.750176454353344,-0.2801514390032267,-0.00132555160443526,-0.03478440556550488,0.22579125552333723,-0.018737329500727335,-0.0426246209797659,-14.949951171875,3458.199951171875
2025-01-24,3514.5,3521.10009765625,3446.050048828125,3458.199951171875,3393.10400390625,1206454,-0.012859501556590325,3562.6499755859377,3656.559990234375,3561.7604249276533,3614.1274067916643,35.57213930348259,0.012368898631999727,-47.69206257441738,-44.53855367836615,-3.1535088960512283,-0.03095006632601749,-0.04154545118683017,-0.3947162458032394,-0.029318070854514447,-0.05424771905623401,-45.050048828125,3457.64990234375
2025-01-27,3447.199951171875,3493.89990234375,3401.14990234375,3457.64990234375,3392.564208984375,1552938,-0.00015905639809477012,3556.5849731445314,3654.7539892578125,3551.8451370625194,3607.991034068217,29.94922064313488,0.012292144688178004,-50.06132227294074,-45.64310739728107,-4.418214875659672,-0.03767049753861673,-0.033892636243322394,0.28719205207989695,-0.02781743485614197,-0.05393087674119737,-0.550048828125,3413.89990234375
2025-01-28,3464.949951171875,3482.14990234375,3404.050048828125,3413.89990234375,3349.637939453125,1657689,-0.01265310289811128,3546.8974731445314,3652.5069873046873,3538.7074956607316,3600.3796171378453,30.157673157966286,0.012305375712385044,-54.83710896240564,-47.48190771030598,-7.355201252099654,-0.03592109564953838,-0.05370532209184942,0.06745343342747745,-0.037496874890739745,-0.0653269345658429,-43.75,3449.699951171875
2025-01-29,3431.0,3455.0,3412.0,3449.699951171875,3384.763916015625,1238704,0.010486554923167857,3536.007470703125,3650.65798828125,3530.230586661793,3594.470610629376,40.84523788428154,0.011870225556158345,-55.09805351102568,-49.005136870449924,-6.092916640575758,-0.019470183886843406,-0.05938651638122017,-0.2527524764898603,-0.024408183593030677,-0.055047073090510726,35.800048828125,3420.949951171875
2025-01-30,3455.0,3517.800048828125,3395.0,3420.949951171875,3356.55517578125,2717740,-0.008334058151994839,3521.3799682617187,3648.9589892578124,3519.8229070913244,3587.665878885945,37.13136853519394,0.01133850694376693,-56.968046493437214,-50.597718795047385,-6.370327698389829,-0.023492485214622105,-0.07878013971405007,1.1940189100866712,-0.02852007394686793,-0.062486051160666446,-28.75,3567.39990234375
2025-01-31,3501.050048828125,3590.0,3481.050048828125,3567.39990234375,3500.248291015625,3995513,0.042809732168606285,3516.7549682617187,3650.6369873046874,3524.354049496317,3586.8711347078197,59.871683565295,0.015156938611850449,-46.1013150158783,-49.69843803921357,3.5971230233352713,0.03157710737196395,-0.025273915262208235,0.4701601330517269,0.01440104145415181,-0.022800701699566252,146.449951171875,3447.5
2025-02-01,3578.0,3629.199951171875,3402.0,3447.5,3382.60546875,4752505,-0.033609885526143746,3508.969970703125,3647.5169873046875,3517.034616210954,3581.405600013395,48.82104153974834,0.016536550303460767,-46.62678752081547,-49.08410793553395,2.457320414718481,-0.002935491628828557,-0.04321157673229781,0.18946052734655106,-0.01751795290821702,-0.054836478623911486,-119.89990234375,3289.199951171875
2025-02-03,3420.0,3420.0,3270.0,3289.199951171875,3227.28515625,6077580,-0.04591734556290794,3491.2649658203127,3638.240986328125,3495.336076683423,3569.9465549607867,36.03764243541713,0.018891046688149747,-59.1350472244103,-51.09429579330922,-8.040751431101079,-0.036527125791317006,-0.09719213155944895,0.27881611907825454,-0.05787730711552,-0.09593675528033611,-158.300048828125,3439.14990234375
2025-02-04,3316.0,3449.0,3307.25,3439.14990234375,3374.41259765625,4742516,0.04558857880271194,3483.4049560546873,3632.971982421875,3489.985012460597,3564.817274466001,46.19472006598702,0.021882852907258252,-56.29924265682803,-52.135285166012984,-4.163957490815044,-0.003058251145738322,-0.04371103787001929,-0.21967032930870511,-0.012704538883432231,-0.05335083260094838,149.949951171875,3383.199951171875
2025-02-05,3444.64990234375,3450.949951171875,3379.449951171875,3383.199951171875,3319.515869140625,2670316,-0.016268540994315406,3476.169958496094,3626.661982421875,3479.8150066235758,3557.6950264936822,39.68059979442792,0.021778108277357024,-57.899115608679494,-53.28805125454629,-4.611064354133205,-0.011034946590513073,-0.04101588910607812,-0.43694106672491984,-0.026744954485608853,-0.0671311615005865,-55.949951171875,3352.75
2025-02-06,3404.0,3404.0,3342.699951171875,3352.75,3289.638916015625,2874856,-0.009000340391151829,3466.999963378906,3620.3959814453124,3467.7135774213307,3549.657966631185,36.72138252723154,0.021810424609965448,-60.921814275736324,-54.814803858784295,-6.107010416952029,-0.060169845887680484,-0.05186428952635547,0.07659767608028423,-0.032953551942803944,-0.0739272672981104,-30.449951171875,3336.89990234375
2025-02-07,3367.0,3369.949951171875,3311.10009765625,3336.89990234375,3274.087158203125,1722789,-0.004727491657967375,3460.6299560546877,3612.637978515625,3455.2551321758465,3541.314513129717,38.24544253083238,0.02141255021851911,-63.860155046997534,-56.623874096426945,-7.236280950570588,-0.0320812466007977,-0.03677514784767877,-0.40073902832002717,-0.03575362153195856,-0.07632596396641199,-15.85009765625,3328.64990234375
2025-02-10,3347.800048828125,3349.0,3294.050048828125,3328.64990234375,3265.992431640625,1236663,-0.00247235465295359,3453.9324462890627,3605.1299755859377,3443.197491239456,3532.974724471444,38.90157154011159,0.021411465647016244,-66.0926424883337,-58.5176277748083,-7.575014713525398,0.011993783217046472,-0.03868485864225779,-0.2821738471745524,-0.036272436098140085,-0.07669073656553858,-8.25,3239.64990234375
2025-02-11,3360.949951171875,3361.0,3231.0,3239.64990234375,3178.66796875,2593537,-0.02673756706505359,3440.8449462890626,3594.18197265625,3423.8120065827225,3521.4717902703583,35.79740853145205,0.02187865578959211,-74.18826492825974,-61.65175520549859,-12.536509722761153,-0.05800852119415978,-0.07475581404591658,1.0972059485890657,-0.05847256911773971,-0.09864054547312916,-89.0,3289.64990234375
2025-02-12,3259.0,3300.0,3222.25,3289.64990234375,3227.7265625,1632415,0.015433766458476716,3429.9324462890627,3584.17697265625,3411.034663321868,3512.3807358418635,40.96682257089944,0.022265754141795914,-75.69693476092789,-64.46079111658445,-11.236143644343443,-0.02765135084484771,-0.062216712584694744,-0.3705834927359818,-0.04089950637281157,-0.08217425438516358,50.0,3263.64990234375
2025-02-13,3289.64990234375,3314.89990234375,3252.949951171875,3263.64990234375,3202.21630859375,2127644,-0.007903576602931506,3414.6824462890627,3572.8189697265625,3396.99801941919,3502.626585508604,39.878963910285435,0.02176469787386445,-78.09037198297983,-67.18670728986353,-10.903664693116298,-0.02657522859033634,-0.08546649527029482,0.303371997929448,-0.044230333660879265,-0.08653365031995283,-26.0,3237.64990234375
2025-02-14,3275.050048828125,3285.800048828125,3221.550048828125,3237.64990234375,3176.70556640625,1378340,-0.007966540768152952,3396.91494140625,3560.23796875,3381.8220082691482,3492.2353430315507,40.63147726051688,0.021620039909922856,-81.14972739076393,-69.97931131004361,-11.170416080720315,-0.02974317567341156,-0.09890066731317837,-0.352175457924352,-0.04688520078061407,-0.09060856865124407,-26.0,3221.85009765625
2025-02-17,3213.550048828125,3239.39990234375,3194.550048828125,3221.85009765625,3161.203125,1966689,-0.0048800225978918865,3380.95244140625,3545.7289697265624,3366.586588210777,3481.6320000756564,37.62559397673974,0.021504968024370387,-83.88225832759417,-72.75990071355372,-11.122357614040453,-0.03208502180187245,-0.09015559888050106,0.4268533163080226,-0.04705843885926532,-0.09134338096216335,-15.7998046875,3220.14990234375
2025-02-18,3227.0,3241.0,3183.0,3220.14990234375,3159.534912109375,2428215,-0.0005277077644726402,3366.049938964844,3531.6689697265624,3352.640237175822,3471.3778001646015,38.764543322263776,0.021517298664530827,-85.20283508847251,-75.24848758853749,-9.954347499935025,-0.006019168918805828,-0.08471663150607678,0.23467157237366965,-0.043344584681343834,-0.08820732352130149,-1.7001953125,3275.89990234375
2025-02-19,3220.14990234375,3302.85009765625,3211.60009765625,3275.89990234375,3214.235595703125,1677978,0.017312858621712834,3354.6824340820312,3518.8519677734375,3345.331633858482,3463.7120002500583,31.847052219767335,0.022048189296485398,-80.81920907390713,-76.36263188561142,-4.456577188295711,-0.004179776088088727,-0.06489690934310999,-0.30896646301913133,-0.02348434860417396,-0.06904299119562454,55.75,3275.800048828125
2025-02-20,3260.050048828125,3285.449951171875,3247.75,3275.800048828125,3214.1376953125,1236693,-3.0481247474511974e-05,3345.5624389648438,3507.169970703125,3338.709578141305,3456.3429041158647,37.432294833016854,0.021936235283139274,-76.47169314267148,-76.38444413702344,-0.08724900564804727,0.0037228706656462496,-0.05274417469179027,-0.2629861654920387,-0.020852215855909732,-0.06597054713849933,-0.099853515625,3315.10009765625
2025-02-21,3275.800048828125,3324.89990234375,3270.89990234375,3315.10009765625,3252.69775390625,1706850,0.011997084145042303,3338.434948730469,3495.73197265625,3336.4610561903473,3450.803970529213,52.295705833192315,0.02217101921507099,-69.05900077558272,-74.9193554647353,5.860354689152587,0.023921732629718084,-0.0412273679272368,0.38017276721061743,-0.006989757605758544,-0.05167211800358538,39.300048828125,3257.699951171875
2025-02-24,3289.699951171875,3325.5,3250.0,3257.699951171875,3196.378173828125,1512844,-0.017314755148707728,3330.624951171875,3483.3289697265627,3328.959998569541,3443.231263887749,30.760265890884085,0.022314387812640044,-67.04326772005834,-73.34413791579992,6.300870195741581,0.011127101643153559,-0.04575410985677664,-0.11366318071300929,-0.02189529024405514,-0.06477396206778578,-57.400146484375,3225.89990234375
2025-02-25,3233.0,3248.949951171875,3206.39990234375,3225.89990234375,3165.176513671875,2529084,-0.009761503301335628,3319.434948730469,3471.70296875,3319.1447513099415,3434.7084653958273,32.42065295863526,0.022172005243954934,-67.23671987401258,-72.12265430744246,4.885934433429881,0.0017856311582933326,-0.06487522161227366,0.6717414353363598,-0.028178002530970452,-0.07080187119082719,-31.800048828125,3209.5
2025-02-27,3238.0,3258.5,3184.0,3209.5,3149.08544921875,2572065,-0.005083822449616249,3308.862451171875,3460.729970703125,3308.702394042328,3425.876760870501,33.47179327121884,0.022143635542628874,-67.93030884400287,-71.28418521475454,3.353876370751678,-0.0202692097814845,-0.061810302456906996,0.016994690567810222,-0.030029187564652154,-0.07259450255579525,-16.39990234375,3163.85009765625
2025-02-28,3199.800048828125,3199.800048828125,3141.0,3163.85009765625,3104.294921875,2494680,-0.014223368856130292,3288.6849609375,3449.679970703125,3294.9069372436534,3415.601205450335,31.318164614546077,0.019448483387733934,-71.34117208330872,-71.29558258846538,-0.04558949484334107,-0.034174842634831615,-0.1131215495135186,-0.030086720203416295,-0.03795889991410532,-0.08285692454787806,-45.64990234375,3197.300048828125
2025-03-03,3165.949951171875,3227.0,3160.0,3197.300048828125,3137.115234375,1352460,0.01057254615086034,3276.1749633789063,3441.0289697265625,3285.6110431088414,3407.040375778876,36.55166449113899,0.018615363994623137,-70.53212384873132,-71.14289084051858,0.6107669917872585,-0.03553438670265452,-0.07257431506073242,-0.45786233104045404,-0.024075305938310795,-0.0708302438144847,33.449951171875,3213.0
2025-03-04,3171.050048828125,3221.0,3167.800048828125,3213.0,3152.51953125,1442098,0.004910377797551213,3272.3649658203126,3432.4789697265624,3278.6957056699043,3399.4309492777434,46.78955368213999,0.015788312135002636,-67.84205150481012,-70.4827229733769,2.6406714685667794,-0.013721322356834986,-0.023166712970650094,0.06627774573739709,-0.018141303442732296,-0.06394182503732761,15.699951171875,3239.64990234375
2025-03-05,3213.0,3245.0,3187.85009765625,3239.64990234375,3178.66796875,1945855,0.008294398488562171,3262.3899658203127,3424.4769677734375,3274.97705773408,3393.165025868567,43.6175596889059,0.011649382482460974,-62.83539803978874,-68.95325798665927,6.117859946870524,0.004262376520117739,-0.05800852119415978,0.3493223068057787,-0.006970369488260978,-0.053972348819697376,26.64990234375,3259.89990234375
2025-03-06,3250.10009765625,3266.449951171875,3215.0,3259.89990234375,3198.53662109375,1854837,0.006250675415683027,3256.224963378906,3417.0849658203124,3273.5411381730964,3387.938942593084,49.514185406585064,0.011376255090413718,-56.58134876617032,-66.47887614256148,9.897527376391153,0.015703350161629492,-0.0364448009599363,-0.046775324985674716,0.0011285887818483329,-0.04599975272749129,20.25,3244.699951171875
2025-03-07,3259.89990234375,3289.0,3240.10009765625,3244.699951171875,3183.622802734375,930240,-0.004662704876596591,3250.8224609375,3409.816962890625,3270.794358458694,3382.3217272432325,50.939631514245946,0.011272491367512263,-52.24918263369955,-63.63293744078909,11.383754807089545,0.025554261744422657,-0.03222729068022523,-0.4984788420761501,-0.00188337254316236,-0.04842401029607589,-15.199951171875,3177.699951171875
2025-03-10,3246.0,3246.300048828125,3169.050048828125,3177.699951171875,3117.884033203125,1777752,-0.02064905877531198,3242.8624633789063,3401.791962890625,3261.928224431378,3374.2973438678855,44.82231011453168,0.012042658224250574,-53.60433244291835,-61.62721644121494,8.022883998296592,-0.00613020278263654,-0.047708938185426875,0.9110681114551085,-0.020094133791642568,-0.06587469609056609,-67.0,3195.449951171875
2025-03-11,3170.300048828125,3204.39990234375,3161.10009765625,3195.449951171875,3135.300048828125,1274649,0.005585801136905433,3236.2024658203127,3393.5479638671877,3255.5969603114254,3367.2837206249046,47.20841204170481,0.012173219041898367,-52.63922950207325,-59.82961905338661,7.190389551313359,-0.0054622000710006224,-0.040016209297976,-0.28299954099334446,-0.012592696247794168,-0.058374896952853444,17.75,3193.64990234375
2025-03-12,3205.0,3221.949951171875,3153.050048828125,3193.64990234375,3133.53369140625,1360149,-0.0005633162326529328,3233.9024658203125,3384.0709619140625,3249.69724050498,3360.4745512805457,39.41304388815215,0.010686456906407378,-51.42681109878822,-58.149057462466935,6.722246363678714,-0.014199065141798473,-0.014199065141798473,0.06707728951264236,-0.012447055500899909,-0.05626981872230261,-1.800048828125,3187.300048828125
2025-03-13,3202.25,3233.14990234375,3178.050048828125,3187.300048828125,3127.303466796875,1414376,-0.0019882747670509904,3228.7849731445312,3373.546962890625,3243.75465082147,3353.683394321627,38.78894531419134,0.009993074422172307,-50.39739113622136,-56.59872419721783,6.201333060996468,-0.022270577530134728,-0.031112688752290785,0.039868426179778815,-0.012848463016725408,-0.055208039523752216,-6.349853515625,3173.449951171875
2025-03-17,3190.0,3240.050048828125,3159.0,3173.449951171875,3113.7138671875,2805790,-0.004345401262533244,3224.2749755859377,3363.8179638671877,3237.058965140556,3346.615416158892,30.819195647847494,0.00990494649523393,-50.12138737589112,-55.303256832952485,5.181869457061367,-0.021958887130462346,-0.027637753396005826,0.9837652788226046,-0.015763241286462053,-0.056592840260730866,-13.85009765625,3173.449951171875
2025-03-18,3173.449951171875,3173.449951171875,3173.449951171875,3173.449951171875,3113.7138671875,0,0.0,3221.064978027344,3355.2229638671874,3231.0009638102056,3339.8246136103817,36.49188623823333,0.009784467454850461,-49.33396121180476,-54.109397708722945,4.775436496918182,-0.001337445342639354,-0.01982918261959099,-1.0,-0.014782386316413092,-0.054176135134042826,0.0,3319.550048828125
2025-03-19,3275.0,3326.60009765625,3268.5,3319.550048828125,3257.06396484375,1616312,0.046038254865906625,3225.9499755859374,3348.7479638671875,3239.434210002388,3339.029532638529,60.98794105329734,0.014294535036427048,-36.50011285184428,-50.58754073734721,14.087427885502933,0.03883650176111764,0.030324176547799953,inf,0.029014731769108345,-0.008719054211934278,146.10009765625,3351.050048828125
2025-03-20,3335.25,3358.89990234375,3276.89990234375,3351.050048828125,3287.97119140625,2434722,0.009489237859546806,3232.494982910156,3343.841962890625,3250.0642898905535,3339.5009254302777,66.03967446423206,0.014391564775843845,-23.5163272381792,-45.17329803751362,21.656970799334417,0.04928534789266115,0.04065032698915694,0.5063440721840833,0.03667602472540761,0.002155629966216751,31.5,3415.949951171875
2025-03-21,3357.0,3455.0,3332.75,3415.949951171875,3351.649169921875,3042073,0.01936703463036782,3239.4974853515623,3341.6029638671876,3265.8629242982984,3342.4989264397523,77.3724198881671,0.014512733523440065,-7.898653111867134,-37.71836905238432,29.819715940517185,0.0717378027926232,0.042751626424215816,0.24945394176419322,0.05446908559682472,0.022248899138707603,64.89990234375,3481.85009765625
2025-03-24,3449.0,3517.0,3446.0,3481.85009765625,3416.308837890625,1955564,0.019291894619758,3249.7999877929688,3340.5169677734375,3286.43313128477,3347.9636782521643,78.86196135648993,0.014992078544641576,9.684421243534416,-28.237810993200576,37.92223223673499,0.0971813487622486,0.06290067945442424,-0.3571607255973147,0.07140442819094016,0.04230875976571243,65.900146484375,3469.60009765625
2025-03-25,3505.0,3525.0,3435.35009765625,3469.60009765625,3404.28955078125,4235900,-0.003518244512664692,3257.5249877929687,3340.62296875,3303.87760427253,3352.73373391507,76.21042876979061,0.014911956518619951,22.372762447981586,-18.115696304964146,40.48845875294573,0.09332119650256798,0.04660492758853052,1.1660758737632726,0.06510314139047203,0.03860870565543377,-12.25,3444.800048828125
2025-03-26,3473.0,3496.800048828125,3418.5,3444.800048828125,3379.956298828125,2315715,-0.007147811889006372,3266.879992675781,3340.2669677734375,3317.298789468301,3356.3441776371506,71.03456217160681,0.014368457247640576,30.08045878485791,-8.476465286999733,38.556924071857644,0.037731017203435746,0.0574331892011557,-0.4533121650652754,0.05446176674724319,0.031294828246727656,-24.800048828125,3501.60009765625
2025-03-27,3460.0,3528.0,3451.0,3501.60009765625,3435.687255859375,3467864,0.016488634470220642,3280.665002441406,3340.2709716796876,3334.8512950100107,3362.040488226135,73.05418783451725,0.014350607307423508,40.30751298625182,1.2803303676505786,39.027182618601245,0.044926231072189626,0.08546458466122653,0.49753488663328604,0.06734460697767931,0.04829821512816863,56.800048828125,3492.300048828125
2025-03-28,3509.89990234375,3514.0,3472.550048828125,3492.300048828125,3426.562255859375,1348143,-0.002655942588746796,3294.8050048828127,3339.958974609375,3349.84641442126,3367.1487062889582,73.88577635544368,0.014277978238278314,47.11893317500062,10.448050929120589,36.67088224588003,0.022351058635990073,0.08811342851787662,-0.6112468655056831,0.05994134513351472,0.04561166031584769,-9.300048828125,3436.800048828125
2025-04-01,3480.0,3501.60009765625,3430.0,3436.800048828125,3372.10693359375,1935147,-0.015892105267021228,3308.452502441406,3337.3219775390626,3358.1277129361997,3369.8801314865727,75.56234687025196,0.014396469795308826,47.49119761718248,17.856680266732965,29.634517350449514,-0.01293853772121023,0.08627145495106547,0.4354167176627406,0.038793830738693524,0.0298077536295786,-55.5,3419.89990234375
2025-04-02,3433.0,3457.75,3408.0,3419.89990234375,3355.52490234375,1338839,-0.004917407543141072,3319.5824951171876,3333.8599755859377,3364.0107785940613,3371.841691128031,72.18102146669543,0.014454594560065863,45.893487729913886,23.464041759369152,22.429445970544734,-0.014324473689654615,0.06962119604546113,-0.3081460994952838,0.030219886800258902,0.025807900568076636,-16.900146484375,3420.14990234375
2025-04-03,3400.0,3463.0,3393.0,3420.14990234375,3355.77001953125,1200631,7.310155476436542e-05,3329.939990234375,3331.4409716796877,3369.3573618083174,3373.7361307835495,72.45240132738051,0.014469666008298384,44.13866103498958,27.59896561449324,16.539695420496344,-0.007155755380565787,0.0644724252548241,-0.10322973860187823,0.027090551894007508,0.026627796025254488,0.25,3260.14990234375
2025-04-04,3400.0,3403.800048828125,3237.300048828125,3260.14990234375,3198.781982421875,2366979,-0.046781575243341145,3330.964990234375,3326.279970703125,3358.9566513831205,3369.2817688839496,55.5352780225386,0.018211560208981407,29.49725936762752,27.978624365120094,1.518635002507427,-0.0689542462242081,0.0063278442479755,0.9714458480582293,-0.02125963139757953,-0.01988108906701442,-160.0,3068.5
2025-04-07,3049.050048828125,3090.60009765625,2965.300048828125,3068.5,3010.739501953125,4953864,-0.05878561050397446,3321.3949951171876,3317.584970703125,3331.294113156157,3357.4864053983047,43.72196516984977,0.022440906253982925,2.40161332312573,22.86322215672122,-20.46160883359549,-0.12135270248910457,-0.05871342927006451,1.0929057672248041,-0.07614119834857666,-0.07508020831500634,-191.64990234375,3161.10009765625
2025-04-08,3124.949951171875,3193.89990234375,3092.699951171875,3161.10009765625,3101.5966796875,2877816,0.030177643036092494,3317.2150024414063,3311.6429736328123,3315.085159299023,3349.784981565283,49.334921230534434,0.023608838682192365,-11.46763562603519,15.997050600169938,-27.464686226205128,-0.08021995671988036,-0.025765049087337566,-0.4190765027057667,-0.04706203989498986,-0.04545866724619155,92.60009765625,3054.14990234375
2025-04-09,3158.800048828125,3158.800048828125,3048.0,3054.14990234375,2996.65966796875,4451381,-0.03383322008429801,3311.0375,3303.5729736328126,3290.23418244614,3338.1914490467916,35.07815213139057,0.024357474965641668,-30.73481051852832,6.650678376430287,-37.385488894958605,-0.10694757462033955,-0.03888033820894954,0.5467913862456808,-0.07758522748723018,-0.0755010024842229,-106.9501953125,3115.949951171875
2025-04-11,3114.0,3157.0,3100.14990234375,3115.949951171875,3057.29638671875,3979116,0.02023477917069494,3307.0625,3297.613974609375,3273.6356842295436,3329.476096188952,37.21727121255726,0.0248041231958532,-40.550002786830646,-2.7894578562218992,-37.760544930608745,-0.08894345565479855,-0.02487912538603354,-0.10609404137727141,-0.05778921590629902,-0.055089535899671006,61.800048828125,3257.60009765625
2025-04-15,3180.0,3272.0,3176.10009765625,3257.60009765625,3196.280029296875,2161492,0.04545969887324475,3310.260009765625,3293.7719775390624,3272.1084855082777,3326.6574295798264,42.053509229113175,0.026890309041018176,-36.478133160258494,-9.527192917029218,-26.950940243229276,-0.0007821127137948025,0.020024172112781846,-0.4567909053166582,-0.01590808938090137,-0.010981901640270244,141.650146484375,3227.699951171875
2025-04-16,3270.0,3276.800048828125,3224.10009765625,3227.699951171875,3166.94287109375,1578260,-0.009178581037582623,3312.2800048828126,3289.9069775390626,3267.879101285763,3322.7767441520637,36.76784886708018,0.02698501651739944,-35.25741356371827,-14.673237046367031,-20.584176517351242,0.05188201113634516,0.012675274283826532,-0.2698284333229084,-0.025535297011802603,-0.018908445373042163,-29.900146484375,3247.300048828125
2025-04-17,3214.10009765625,3249.89990234375,3162.39990234375,3247.300048828125,3186.173828125,3209331,0.006072465827913653,3315.972509765625,3283.50498046875,3265.919191527893,3319.8168737472033,38.51401076215851,0.026977393102605607,-32.33567488087283,-18.205724613268192,-14.129950267604638,0.027268972354208776,0.02327123439554457,1.0334615335876216,-0.02070959898951451,-0.011026306296467536,19.60009765625,3280.5
2025-04-21,3249.5,3290.0,3225.10009765625,3280.5,3218.7490234375,1643003,0.010223863108632658,3321.3250122070312,3280.16498046875,3267.307839953808,3318.2750355610383,41.58385876923315,0.027044274229624188,-27.029636504467362,-19.970506991508028,-7.059129512959334,0.0741123078086472,0.033733019419006194,-0.4880543639780378,-0.012291784771735693,0.00010213496371215414,33.199951171875,3257.800048828125
2025-04-22,3280.0,3285.0,3248.0,3257.800048828125,3196.476318359375,2060322,-0.0069196619941700455,3318.237512207031,3279.536982421875,3266.402336037076,3315.9034674538652,37.059455452793685,0.025023693557833848,-24.375276200430562,-20.851460833292535,-3.5238153671380275,0.04552386908618411,-0.018601918661174888,0.2539977102902429,-0.01821372435112636,-0.006628049541828249,-22.699951171875,3301.0
2025-04-23,3275.39990234375,3315.0,3266.699951171875,3301.0,3238.863037109375,2381699,0.01326046734740971,3315.735009765625,3276.773984375,3269.6973516525927,3315.3190177497922,40.19879473313038,0.02511804949268955,-18.57171830520474,-20.39551232767498,1.8237940224702385,0.013322661174701933,-0.014935631547976391,0.15598387048238083,-0.0044439648289826585,0.0073932519424652135,43.199951171875,3300.60009765625
2025-04-24,3307.0,3307.0,3280.0,3300.60009765625,3238.470703125,1993448,-0.00012114581755529041,3309.9675170898436,3275.1219873046875,3272.6404703196076,3314.7418051971044,42.60426413306399,0.02468310040940653,-13.845028764512335,-19.08541561504245,5.240386850530115,0.022585787894536802,-0.03376801626617898,-0.16301430197518663,-0.0028300638556808247,0.007779285916775903,-0.39990234375,3272.10009765625
2025-04-25,3310.0,3335.699951171875,3230.10009765625,3272.10009765625,3210.50732421875,2004819,-0.008634793418396236,3299.480017089844,3273.5089892578126,3272.5890062564304,3313.069581371973,42.07423086832751,0.024235399425595893,-12.257508141297421,-17.719834120293445,5.462325978996024,0.007637128831712081,-0.060240962165829526,0.005704186916337894,-0.008298252843411081,-0.00043039185356934186,-28.5,3327.300048828125
2025-04-28,3260.0,3350.800048828125,3254.800048828125,3327.300048828125,3264.66796875,1689485,0.016869884638130106,3292.3650146484374,3273.3169921875,3277.799581739449,3313.627638919273,45.298028998164526,0.02463005017248442,-6.470622566477232,-15.469991809530203,8.999369243052971,0.014266132854176217,-0.04101338621827055,-0.15728801452899244,0.010610923765820053,0.016491851161823768,55.199951171875,3322.300048828125
2025-04-29,3335.0,3376.39990234375,3315.0,3322.300048828125,3259.76220703125,1843861,-0.0015027199010083647,3286.2400146484374,3273.1899951171877,3282.0377214621803,3313.967733425503,53.73341268474796,0.024597869098422466,-2.261858967214266,-12.828365241067017,10.56650627385275,0.019798636820329563,-0.03556084482803956,0.09137459048171492,0.01097303727632484,0.015003728406905106,-5.0,3341.0
2025-04-30,3324.0,3355.0,3303.300048828125,3341.0,3278.110107421875,1930714,0.005628615988032548,3278.210009765625,3275.2169970703126,3287.6531765610202,3315.0278223107775,70.66271144772269,0.024297480850346078,2.553115558366244,-9.752069081180364,12.305184639546608,0.012117540139351624,-0.04586477415389201,0.04710387605139443,0.019153742453145748,0.02008508229791505,18.699951171875,3334.89990234375
2025-05-02,3325.0,3374.89990234375,3325.0,3334.89990234375,3272.125,1411889,-0.001825829888132291,3270.3400024414063,3276.1219970703123,3292.152864730804,3315.8071195669727,65.16841387539418,0.024297120273370252,5.8098186863608134,-6.639691527672129,12.449510214032943,0.010391990447996546,-0.04507062517070726,-0.26872183036949027,0.019741036055623502,0.017941305398883223,-6.10009765625,3330.199951171875
2025-05-05,3350.0,3350.0,3300.699951171875,3330.199951171875,3267.513427734375,1947332,-0.0014093230110360233,3265.0099975585936,3277.452998046875,3295.7763967728106,3316.3715443357924,79.32645946146428,0.024076730078806976,7.920233081348215,-3.72770660586806,11.647939687216276,0.017756135748182356,-0.03101725330008598,0.37923873618960124,0.019966233996841394,0.016093885452036463,-4.699951171875,3334.0
2025-05-06,3346.0,3353.0,3302.800048828125,3334.0,3271.241943359375,1695516,0.0011410872872026356,3260.7150024414063,3279.38,3299.416739937305,3317.0628563226237,76.42069204213665,0.024066872596966247,9.786570384720562,-1.0248512077503356,10.811421592470898,0.002013629992352106,-0.025117665661758215,-0.12931333742782436,0.022475131222361576,0.01665558733663067,3.800048828125,3321.39990234375
2025-05-07,3332.0,3339.800048828125,3284.10009765625,3321.39990234375,3258.879150390625,2422707,-0.003779273442186537,3255.7775024414063,3281.37099609375,3301.5103744522044,3317.2329365587466,61.248198645691474,0.02407331018963731,10.132136602707305,1.2065463543411927,8.925590248366113,-0.00027094075524347616,-0.028873003470499592,0.4288906739895111,0.02015567705506149,0.012198835882212586,-12.60009765625,3323.89990234375
2025-05-08,3310.10009765625,3366.0,3299.800048828125,3323.89990234375,3261.33203125,3204333,0.000752694668966436,3258.9650024414063,3283.44599609375,3303.6427104418754,3317.4943861973743,68.7743890527399,0.021548852700279612,10.486843621327353,3.062605807738425,7.4242378135889275,-0.005118257305073315,0.019554315571246983,0.32262506361685506,0.019925006820784703,0.012320563913073953,2.5,3443.89990234375
2025-05-09,3331.0,3477.0,3331.0,3443.89990234375,3379.072998046875,5637694,0.03610217019934492,3277.734997558594,3286.80599609375,3317.0005382420536,3322.451465261938,77.56589095275815,0.01776160063898126,20.21788936387793,6.493662518966326,13.724226844911604,0.03268463917714448,0.12233987366587917,0.7593970414435702,0.050695039382049875,0.04779530840478585,120.0,3587.199951171875
2025-05-12,3513.0,3602.800048828125,3490.0,3587.199951171875,3519.67578125,3147384,0.041609818197852366,3299.039990234375,3293.033994140625,3342.7338156639416,3332.8337588270338,82.85836546605127,0.018739832824361556,39.04286767992744,13.003503551158548,26.03936412876889,0.07717254332117918,0.13479479939010797,-0.44172493221519293,0.0873466104656185,0.08932976627470793,143.300048828125,3567.0
2025-05-13,3587.199951171875,3606.0,3545.0,3567.0,3499.85595703125,2374439,-0.0056311193819224,3324.6824951171875,3298.0719921875,3364.0924998864234,3342.016748676954,83.30460832571161,0.016467906587077183,51.73545723372081,20.749894287671,30.985562946049807,0.06988602279544098,0.16791909829399332,-0.24558331617622764,0.07288440482322549,0.081540975591054,-20.199951171875,3573.10009765625
2025-05-14,3587.0,3617.0,3567.0,3573.10009765625,3505.84130859375,2440116,0.001710147927179717,3347.540002441406,3304.3799951171877,3383.997985388312,3351.0788407937894,81.8543708078532,0.016258294228441446,61.57683339535379,28.91528210920756,32.66155128614623,0.07578135807581843,0.14671292981212547,0.02766000726908535,0.06738085132674734,0.08132239722312333,6.10009765625,3618.199951171875
2025-05-15,3594.0,3648.699951171875,3543.0,3618.199951171875,3550.09228515625,3720879,0.012622051519129762,3365.5699951171873,3312.22599609375,3406.302934510556,3361.5541784556754,83.65831079336381,0.013611702952534556,72.18329211132323,37.568884109630694,34.61440800169253,0.088540587103904,0.11069494189144535,0.524877915640076,0.0750630521490287,0.09237713713948664,45.099853515625,3604.699951171875
2025-05-16,3642.0,3642.0,3600.0,3604.699951171875,3536.846435546875,1278520,-0.0037311370798144283,3384.4199951171877,3320.1299951171877,3425.1978884783007,3371.089306797487,86.40540914661423,0.013357827078461275,78.59367096729511,45.77384148116358,32.81982948613153,0.04669126669990975,0.11680143932310783,-0.6563930189613798,0.06508647164728147,0.08571048617770856,-13.5,3600.199951171875
2025-05-19,3604.699951171875,3619.89990234375,3587.0,3600.199951171875,3532.43115234375,1519244,-0.0012483702002817898,3402.064990234375,3328.8569921875,3441.8647515919743,3380.074037949424,83.60007839431137,0.013444853063981674,82.36141883488199,53.09135695190726,29.27006188297473,0.0036239964810862446,0.1086748674398299,0.18828332759753463,0.05823961667582673,0.08151235082227629,-4.5,3567.800048828125
2025-05-20,3630.0,3634.0,3556.0,3567.800048828125,3500.64111328125,1532347,-0.008999473024603466,3416.4299926757812,3336.2669921875,3453.8585894239886,3387.4358422976084,78.31603229527104,0.013754567609503386,81.79015878537166,58.831117318600135,22.959041466771524,0.00022429179369920504,0.08757812797687081,0.008624684382495529,0.04430650019958092,0.06939883923642907,-32.39990234375,3589.0
2025-05-21,3565.699951171875,3610.5,3555.0,3589.0,3521.44189453125,1563885,0.005942023342602409,3432.989990234375,3343.7869921875,3466.7291999550375,3395.340319070251,78.44036697247707,0.01350098430640137,82.10167298496071,63.48522845187226,18.616444533088455,0.004449889986059885,0.10166368291725325,0.020581500143244336,0.04544435323418289,0.07333392000908591,21.199951171875,3551.39990234375
2025-05-22,3585.0,3592.0,3536.89990234375,3551.39990234375,3484.549560546875,1597159,-0.01047648304715798,3445.5099853515626,3350.0219921875,3474.79307637301,3401.4603027280355,73.15508021390374,0.013771472468664642,78.41066722590676,66.47031620667916,11.940351019227606,-0.01846223252711321,0.07585577168850355,0.021276500509948004,0.030732726778437396,0.060112414373958804,-37.60009765625,3599.89990234375
2025-05-23,3570.0,3631.60009765625,3551.199951171875,3599.89990234375,3532.136474609375,1119217,0.013656586510573554,3460.4749755859375,3356.8219921875,3486.708012179747,3409.2422478110047,76.37394146450937,0.013911474019948564,78.49423060868912,68.87509908708115,9.619131521607969,-0.001331608425984121,0.09068042047869795,-0.2992450970754946,0.04029069065416509,0.07241310701668935,48.5,3648.699951171875
2025-05-26,3615.800048828125,3672.5,3608.39990234375,3648.699951171875,3580.01806640625,1678934,0.013555946040708866,3479.304968261719,3364.9019921875,3502.135815893283,3418.6327459820195,78.28509109740389,0.013697079059442098,81.55806073694521,71.41169141705396,10.14636931989125,0.01347147398971904,0.11509423375690031,0.5000969427733852,0.048686442969322945,0.08434063150822403,48.800048828125,3640.0
2025-05-27,3648.699951171875,3665.0,3603.0,3640.0,3571.48193359375,2013954,-0.0023843975356430125,3494.9399658203124,3374.1479931640624,3515.265738189161,3427.313814767039,78.8378126339702,0.013535224162260388,82.33504765862654,73.59636266536847,8.738684993258062,0.020236546382578213,0.09398008793406176,0.19954328162989143,0.041505729883299994,0.07879085546174826,-8.699951171875,3646.300048828125
2025-05-28,3660.0,3663.0,3620.0,3646.300048828125,3577.663330078125,1293244,0.0017307826450891906,3511.1399658203127,3383.1649951171876,3527.7451963452527,3435.901510220415,78.98239615133912,0.013477849937947324,82.50807495211802,75.37870512271839,7.129369829399636,0.015965463591007145,0.09752279903625327,-0.35785822317689475,0.0384946439969774,0.07777777734479747,6.300048828125,3655.300048828125
2025-05-29,3663.89990234375,3668.89990234375,3618.0,3655.300048828125,3586.493896484375,1972248,0.0024682554588157934,3526.8549682617186,3392.397998046875,3539.8932775340973,3444.505374479541,73.74215742026905,0.013485510268043965,82.42132340198077,76.78722877857086,5.634094623409908,0.029256110080930542,0.0940736452643296,0.5250393583886721,0.036419155798094294,0.07749740771354433,9.0,3675.10009765625
2025-05-30,3655.300048828125,3695.300048828125,3654.5,3675.10009765625,3605.92138671875,2571304,0.005416805341184716,3543.8649780273436,3402.1539990234373,3552.7701175457305,3453.5483048001965,63.6618215458498,0.013401127687900109,82.99357239711344,78.02849750227938,4.965074894834061,0.02088952397358046,0.10201211588791881,0.3037427341794743,0.03703163648801234,0.08022743788528085,19.800048828125,3679.60009765625
2025-06-02,3675.10009765625,3697.300048828125,3605.60009765625,3679.60009765625,3610.336669921875,1954517,0.0012244564448380402,3561.3349853515624,3412.277001953125,3564.849163270542,3462.41308099063,68.39870876736111,0.013348158236657252,82.8550942890597,78.99381685963544,3.8612774294242627,0.008468809959133683,0.10491866903109637,-0.23987323163655483,0.033208084269279396,0.07834155771940972,4.5,3644.800048828125
2025-06-03,3655.0,3669.199951171875,3615.300048828125,3644.800048828125,3609.54443359375,2472483,-0.009457562752618442,3576.8749877929686,3421.70400390625,3572.4635333236447,3469.5655111019046,60.7110788216183,0.01371819744418886,79.0263101749324,79.00031552269483,0.02599465223757136,0.00131869473300128,0.09322137037436273,0.26500971851357646,0.01899005731734228,0.06520027584711785,-34.800048828125,3626.5
2025-06-04,3645.0,3661.699951171875,3615.300048828125,3626.5,3591.42138671875,1086783,-0.005020864953623083,3592.129992675781,3427.8430029296874,3577.6098634832974,3475.7198047841825,51.34784749583518,0.01376063776695265,73.66613285506901,77.93347898916967,-4.267346134100663,-0.005430175400537474,0.0918588868028074,-0.5604487472714677,0.009568141296194207,0.057953936892829024,-18.300048828125,3642.60009765625
2025-06-05,3629.89990234375,3677.39990234375,3612.0,3642.60009765625,3607.36572265625,1466416,0.004439569186888148,3608.0650024414062,3433.67400390625,3583.799409595007,3482.264129994852,56.10307837104472,0.013732573103082013,69.91140191487557,76.32906357431085,-6.417661659435282,-0.003474393620831906,0.09588140578113613,0.3493181251454982,0.00957163886777968,0.0608462228832205,16.10009765625,3656.300048828125
2025-06-06,3645.0,3667.0,3623.0,3656.300048828125,3620.93310546875,1172711,0.0037610362940170283,3618.685009765625,3438.481005859375,3590.704232379114,3489.0890679883137,58.773860397772566,0.011571409922192494,67.26582361459032,74.51641558236675,-7.25059196777643,-0.005115520211303792,0.06167430892513037,-0.2002876400693937,0.010394670705239435,0.0633474614510226,13.699951171875,3678.89990234375
2025-06-09,3664.0,3708.89990234375,3662.199951171875,3678.89990234375,3643.314453125,898170,0.006181071907068514,3623.2700073242186,3442.422001953125,3599.1038199947934,3496.5326301198993,67.92510503398981,0.007272527847453001,66.22935230803978,72.85900292750136,-6.629650619461586,-0.0001902911441235,0.0255631000278973,-0.23410797715720244,0.015353505233415948,0.06869520943581431,22.599853515625,3679.800048828125
2025-06-10,3704.0,3704.0,3667.199951171875,3679.800048828125,3644.205810546875,1454535,0.0002446781669165343,3628.910009765625,3446.6260009765624,3606.789175121777,3503.7195877163003,65.67678550804541,0.0070948165621418004,64.73435824259468,71.23407399052003,-6.49971574792535,0.009602721557044891,0.031623226472701216,0.6194428671632319,0.01402350538468896,0.06765284303707317,0.900146484375,3684.800048828125
2025-06-11,3689.89990234375,3692.0,3656.10009765625,3684.800048828125,3649.157470703125,1265737,0.0013587694803125494,3634.495007324219,3451.4260009765626,3614.218782141429,3510.8207822697054,75.95331123720281,0.007094916950649796,63.22421351049343,69.6321018945147,-6.407888384021277,0.016076119902971087,0.031261355159107884,-0.12979955793432263,0.01384099892902083,0.06761670329467602,5.0,3603.89990234375
2025-06-12,3684.800048828125,3708.0,3585.0,3603.89990234375,3569.039794921875,2335718,-0.021955098081944402,3633.7800048828126,3453.4719970703127,3613.2360316845075,3514.4709438412365,50.69108407064715,0.008358797875224852,54.86697488675418,66.6790764929626,-11.812101606208415,-0.010624332695044036,-0.003952254994501692,0.8453422788462375,-0.008222870536717098,0.04355845520133071,-80.900146484375,3587.39990234375
2025-06-13,3501.199951171875,3596.0,3485.89990234375,3587.39990234375,3552.699462890625,1981445,-0.0045783735528474034,3632.915002441406,3455.373994140625,3610.7754479377686,3517.330902998198,38.07857500310991,0.008379943904790155,46.3777768210125,62.61881655857258,-16.24103973756008,-0.01884422655806328,-0.00479930342676671,-0.15167627256372562,-0.012528534267129542,0.038208862029697754,-16.5,3628.699951171875
2025-06-16,3575.5,3653.699951171875,3561.800048828125,3628.699951171875,3593.599853515625,1322630,0.011512529952722117,3634.3400024414063,3459.2119921875,3612.482543483874,3521.6983166520677,48.04970112412387,0.00877306721420632,42.49276483190852,58.593606213239774,-16.100841381331257,-0.013645370220563446,0.007916226983649466,-0.3324921963516525,-0.001551877718029292,0.048996118008135116,41.300048828125,3622.300048828125
2025-06-17,3622.0,3627.60009765625,3602.0,3622.300048828125,3587.261962890625,930603,-0.0017636901451946185,3637.0650024414062,3463.2599951171874,3613.4175439928504,3525.643482619756,45.85921743657657,0.008508918812111691,38.45417046736111,54.56571906406404,-16.11154859670293,-0.01562584902359343,0.015275519719189612,-0.2963995977711076,-0.0040595792495790334,0.04592206589605356,-6.39990234375,3601.5
2025-06-18,3622.0,3639.10009765625,3587.199951171875,3601.5,3566.6630859375,743311,-0.005742221391862423,3637.6900024414062,3466.8869970703126,3612.282539803055,3528.6182480072166,41.080903869737845,0.008537836099690698,33.19254226420526,50.29108370409229,-17.09854143988703,-0.022606395930388934,0.0034828643076065813,-0.20125875373279478,-0.009948621904867545,0.03882820612366133,-20.800048828125,3621.10009765625
2025-06-19,3607.0,3643.0,3591.10009765625,3621.10009765625,3586.07373046875,1580819,0.005442203986186334,3641.175012207031,3474.1060009765624,3613.122307217645,3532.2449872091393,41.04181652053889,0.008225595374217133,30.25546194924891,46.28395935312362,-16.02849740387471,0.004772661777124876,0.019626118496681055,1.126726228994324,-0.005513306689044073,0.04231134474260944,19.60009765625,3662.0
2025-06-20,3614.0,3669.89990234375,3614.0,3662.0,3626.577880859375,2575277,0.011294883113069032,3644.2800170898436,3485.9760009765623,3617.777325577869,3537.3334190832907,47.39489603434444,0.00804947167083838,30.87220933162871,43.20160934882464,-12.32940001719593,0.020795032526903956,0.01725050677542983,0.6290777122491569,0.004862409811281956,0.05049489697408309,40.89990234375,3583.699951171875
2025-06-23,3645.0,3660.0,3574.60009765625,3583.699951171875,3549.03515625,1867977,-0.021381771935588434,3641.0300170898436,3494.427998046875,3614.5318613487266,3539.1517144593136,41.98792935870396,0.00890124323302929,24.757438179607107,39.51277511498114,-14.755336935374032,-0.01240113555971123,-0.017814564329720617,-0.2746500667695164,-0.01574556256028634,0.0255469430690506,-78.300048828125,3604.800048828125
2025-06-24,3637.10009765625,3684.0,3597.0,3604.800048828125,3569.93115234375,2751637,0.0058877969539135044,3639.27001953125,3505.4410009765625,3613.6050220610505,3541.726158944365,47.175223657656794,0.009018126192851524,21.367725686303856,35.88376522924568,-14.516039542941826,-0.004831184541341793,-0.00967031625600967,0.47305721644324317,-0.009471671658912752,0.02834423623843123,21.10009765625,3619.800048828125
2025-06-25,3640.0,3642.0,3608.89990234375,3619.800048828125,3584.7861328125,1405262,0.00416111845229139,3637.94501953125,3515.5180029296876,3614.1950246102956,3544.7878801162774,47.02349421744055,0.009065264245697625,19.66504238600828,32.6400206605982,-12.974978274589922,0.005081229717652347,-0.007267641073179565,-0.4892996423583489,-0.004987697891449487,0.029663351406971347,15.0,3659.60009765625
2025-06-26,3620.10009765625,3669.0,3620.10009765625,3659.60009765625,3624.201171875,2578926,0.010995095942111455,3638.160021972656,3523.5580029296875,3618.5193172813388,3549.290320019806,50.403330001342745,0.009397966495484954,21.281860876214523,30.368388703721468,-9.086527827506945,0.010632128072051605,0.0011763873746843956,0.8351922986603211,0.005893109581246197,0.03860929623223154,39.800048828125,3679.199951171875
2025-06-27,3665.0,3731.39990234375,3665.0,3679.199951171875,3643.611572265625,2720600,0.005355736417259838,3638.3650146484374,3532.5880029296877,3624.2984252709134,3554.384815359103,50.03694269583686,0.009396158216370866,23.86959175866241,29.06862931470966,-5.1990375560472515,0.004696873613291963,0.0011155760133552128,0.0549352715044944,0.01122343040322559,0.041502702302277344,19.599853515625,3669.800048828125
2025-06-30,3682.0,3717.5,3652.699951171875,3669.800048828125,3634.302490234375,1508882,-0.002554876730946898,3637.8750122070314,3541.0380029296875,3628.631913228743,3558.9109029461233,48.7940186149822,0.009410303528911299,24.87514833989735,28.2299331197472,-3.354784779849851,0.024025476136219304,-0.0026633461702447736,-0.44538631184297583,0.00877573762539061,0.03636279695160172,-9.39990234375,3666.699951171875
2025-07-01,3669.800048828125,3678.89990234375,3645.0,3666.699951171875,3631.232421875,1054380,-0.0008447592825227002,3638.970007324219,3548.762001953125,3632.2574406518984,3563.1379244451723,47.80711302516534,0.009152650026347837,25.132198858715128,27.610386267540786,-2.478187408825658,0.01717152172250791,0.006008533266671501,-0.3012177227907815,0.00762027271229046,0.03323354712258548,-3.10009765625,3596.800048828125
2025-07-02,3666.60009765625,3674.199951171875,3583.89990234375,3596.800048828125,3562.008544921875,1330176,-0.019063436680007095,3637.485009765625,3555.542001953125,3628.8805461924912,3564.458007754308,49.11627403800863,0.010077420762546073,19.471124304911882,25.982533875015008,-6.511409570103126,-0.006353942121042344,-0.00818970113659867,0.26157172935753703,-0.011184915079587195,0.011603869916973675,-69.89990234375,3582.89990234375
2025-07-03,3605.0,3625.0,3576.0,3582.89990234375,3548.242919921875,1229034,-0.0038645869371870534,3634.5,3561.18,3624.501437254516,3565.1812193068354,49.436231658871215,0.010040158278495899,13.7050727348892,23.527041646989847,-9.821968912100647,-0.02095862751824218,-0.016389445371978284,-0.07603655456120095,-0.014197302973242537,0.0060990745606091705,-13.900146484375,3594.60009765625
2025-07-04,3590.0,3600.0,3570.10009765625,3594.60009765625,3559.830078125,696402,0.003265565779509094,3631.415002441406,3567.06,3621.65369062611,3566.334900810734,45.38567916309046,0.01002897483505651,9.964676712251276,20.814568660042134,-10.849891947790859,-0.02299408964948446,-0.01687496932634136,-0.43337450387865595,-0.010137895217265292,0.007720671268846068,11.7001953125,3581.39990234375
2025-07-07,3599.89990234375,3609.800048828125,3575.10009765625,3581.39990234375,3546.757568359375,719539,-0.0036722291642696803,3626.540002441406,3573.24599609375,3617.8199965039803,3566.9256851845776,44.56549453814798,0.009909160319433556,5.867602405059188,17.825175409045546,-11.957573003986358,-0.024088545781289605,-0.026502487859994428,0.033223626583496424,-0.012447153503688807,0.002281932522673751,-13.2001953125,3606.39990234375
2025-07-08,3580.0,3614.0,3560.0,3606.39990234375,3571.515625,1513912,0.00698051060526339,3622.8699951171875,3578.8279931640627,3616.7323684887206,3568.4736937006237,50.643875960039274,0.01007729181722159,4.585078632700515,15.17715605377654,-10.592077421076025,-0.016445318578318102,-0.019946775778686754,1.1040027017298577,-0.004546145126829136,0.007704172771743298,25.0,3579.699951171875
2025-07-09,3605.0,3605.10009765625,3568.199951171875,3579.699951171875,3545.073974609375,1008876,-0.007403491541390972,3617.614990234375,3583.9759912109375,3613.2054716014018,3568.9139390916534,44.65942853759516,0.010161372910370206,1.3980900721817306,12.42134285745758,-11.023252785275849,-0.004754253064976899,-0.02852260536896023,-0.3335966687627815,-0.010480672809254252,-0.0011930995211878546,-26.699951171875,3574.699951171875
2025-07-10,3575.0,3589.89990234375,3569.0,3574.699951171875,3540.122314453125,1063910,-0.0013967651110990964,3616.154992675781,3588.649990234375,3609.5382791795423,3569.140841526172,37.58886270317549,0.008938463364960965,-1.5136313364546368,9.634348018675137,-11.147979355129774,-0.00228863529414014,-0.0081023202539241,0.05454981583465157,-0.01146384532407208,-0.003887266548830742,-5.0,3540.60009765625
2025-07-11,3575.0,3586.60009765625,3535.5,3540.60009765625,3506.352294921875,1439747,-0.00953922118818562,3613.8150024414062,3592.763994140625,3602.972738082086,3568.021596668528,42.991899301401084,0.009128251786482265,-6.497861423254108,6.407906130289288,-12.905767553543395,-0.015022533392576531,-0.013045605720434006,0.3532601441851284,-0.02025972683595979,-0.014519154770379641,-34.099853515625,3495.89990234375
2025-07-14,3540.60009765625,3548.699951171875,3488.0,3495.89990234375,3462.08447265625,1358844,-0.012625033632600813,3607.175,3596.0779931640627,3592.7753251546255,3565.193294930302,33.55481213136537,0.009035401610459244,-13.89466283899992,2.3473923364314473,-16.242055175431368,-0.023873346270000928,-0.03659714239675227,-0.056192511600996586,-0.030848267038957128,-0.027857596807061888,-44.7001953125,3494.0
2025-07-15,3519.0,3521.0,3481.699951171875,3494.0,3460.202880859375,1585193,-0.000543465887703598,3600.7599975585936,3599.2779931640625,3583.3681513303754,3562.4014010114665,30.22013329453702,0.009039945053270534,-19.68309304868444,-2.0587047405917303,-17.624388308092712,-0.03116678831726427,-0.035419497860104676,0.16657467671049808,-0.029649295601756172,-0.029249753246071025,-1.89990234375,3503.800048828125
2025-07-16,3504.0,3516.0,3477.0,3503.800048828125,3469.908203125,1266964,0.002804822217551406,3595.875,3602.92599609375,3575.7902368063515,3560.1033087689825,22.951403341163356,0.009043928693260107,-23.21210891273313,-6.2893855750200105,-16.92272333771312,-0.02120286710591568,-0.02712757217044981,-0.20075094956891681,-0.02560571520752946,-0.027512623732237736,9.800048828125,3474.0
2025-07-17,3515.0,3515.0,3467.5,3474.0,3440.396484375,2217275,-0.008505065475437723,3588.5199951171876,3605.927998046875,3566.0959285390795,3556.7267084251007,15.593620259548445,0.009031554771774595,-28.08969379635073,-10.649447219286156,-17.440246577064574,-0.028170182825795753,-0.04062304097902736,0.7500694573800044,-0.03191287641507144,-0.03658642050488331,-29.800048828125,3464.800048828125
2025-07-18,3489.0,3499.0,3450.0,3464.800048828125,3431.285400390625,1818696,-0.0026482300437176143,3578.6599975585937,3606.3460009765627,3556.448701899941,3553.1217413820823,15.604083204299485,0.00846929831343179,-32.324952202680834,-14.984548215965091,-17.340403986715742,-0.021408813968655127,-0.05385034166353764,-0.1797607423526626,-0.03181636389267081,-0.03924913253196128,-9.199951171875,3502.800048828125
2025-07-21,3467.60009765625,3508.10009765625,3444.89990234375,3502.800048828125,3468.91796875,1521623,0.010967443853752146,3574.6150024414064,3604.6580029296874,3551.339306369292,3551.148341674084,25.383041450321215,0.007780657860264627,-32.24346004578638,-18.43633058192935,-13.807129463857027,0.0019737826245393997,-0.022574407301396926,-0.1633439563291501,-0.020090262465813222,-0.028257314291335635,38.0,3464.60009765625
2025-07-22,3502.0,3507.60009765625,3454.10009765625,3464.60009765625,3431.08740234375,2586522,-0.010905547173511887,3567.6050048828124,3602.6100048828125,3543.0784293490024,3547.7542928890707,28.054488995450342,0.007890849225622764,-34.85945562836105,-21.72095559121569,-13.138500037145356,-0.00841439677840583,-0.03889257358877707,0.6998441795372441,-0.028872284651911984,-0.03830831176272486,-38.199951171875,3484.89990234375
2025-07-23,3476.199951171875,3490.0,3458.60009765625,3484.89990234375,3451.19091796875,1192261,0.005859205713592219,3560.859997558594,3600.8460009765627,3537.5376172532638,3545.28941482847,34.070226123673535,0.007968835556268147,-34.892408424498626,-24.35524615787228,-10.537162266626346,-0.005394185233457138,-0.037267292299210775,-0.5390485756548755,-0.02133195218765239,-0.03219968268605979,20.2998046875,3477.5
2025-07-24,3484.89990234375,3493.39990234375,3461.0,3477.5,3443.862548828125,1083671,-0.002123418907605701,3551.754992675781,3598.032001953125,3531.819748943429,3542.6310064038244,30.69565231390402,0.00737197439228462,-35.11089745830168,-26.506376417958162,-8.604521040343517,0.001007484168106032,-0.04975956191849318,-0.09107905064411237,-0.0209065638899376,-0.033499424654282246,-7.39990234375,3442.89990234375
2025-07-25,3470.0,3477.0,3437.39990234375,3442.89990234375,3409.59716796875,1338744,-0.009949704574047424,3539.939990234375,3594.7960009765625,3523.351192124412,3538.7199827151944,28.67260163763092,0.007305180501890308,-37.64207588803856,-28.733516311974242,-8.90855957606432,-0.0063207533409560535,-0.0642259328017386,0.2353786342902966,-0.02741291890775807,-0.04225444186305659,-34.60009765625,3422.199951171875
2025-07-28,3430.10009765625,3446.10009765625,3405.10009765625,3422.199951171875,3389.097412109375,2256080,-0.006012359278230406,3527.5599853515623,3591.2360009765625,3513.717740605123,3534.1505697134958,21.254658602803957,0.007327790454173516,-40.84750152176548,-31.156313353932493,-9.691188167832987,-0.02301019085665912,-0.06746964258592669,0.6852213716737479,-0.02986768038451569,-0.04706904524200628,-20.699951171875,3495.60009765625
2025-07-29,3418.0,3504.300048828125,3406.5,3495.60009765625,3461.78759765625,1241060,0.021448234332199112,3519.004992675781,3589.792001953125,3511.992250800468,3532.638786495565,38.54537086977543,0.009202429848162042,-37.0380939480483,-32.332669472755654,-4.705424475292645,0.00894764161121242,-0.0466631728240926,-0.44990425871423,-0.006650997957730788,-0.026238819476344894,73.400146484375,3665.10009765625
2025-07-30,3622.0,3685.300048828125,3590.0,3665.10009765625,3629.64794921875,8760659,0.04848952833982567,3522.4199951171877,3591.31400390625,3526.5739505010188,3537.833347717553,58.502649679691636,0.013927752377782085,-20.110061302565555,-29.888147838717636,9.778086536152081,0.051708858320810736,0.01898911474113718,6.059013262855946,0.04050627203367198,0.02054570936146026,169.5,3636.5
2025-07-31,3625.0,3662.89990234375,3621.0,3636.5,3601.324462890625,1927627,-0.007803360588852448,3525.1,3593.016005859375,3537.0430980723504,3541.7026281992175,59.11422586414442,0.014028109632110304,-8.899672446887507,-25.69045276035161,16.790780313464104,0.04572250179726822,0.014959976308907663,-0.7799678083577959,0.03160194037048597,0.012102365831299547,-28.60009765625,3587.300048828125
2025-08-01,3636.0,3636.0,3578.10009765625,3587.300048828125,3552.6005859375,1205945,-0.013529479216795037,3524.734997558594,3592.7640087890627,3541.829474334805,3543.490762341528,58.612907248162614,0.014373358290575311,-3.9399659161567797,-21.34035539151265,17.40038947535587,0.041941430358191534,-0.0020308375423694347,-0.37438882107378657,0.01775028514565399,-0.0015208235073528589,-49.199951171875,3631.10009765625
2025-08-04,3595.199951171875,3636.800048828125,3577.0,3631.10009765625,3595.976806640625,1033049,0.01220975336100838,3527.220007324219,3592.41201171875,3550.331438460657,3546.9264225499483,61.97380765556769,0.014597092386502088,3.4847649294360963,-16.3753313273229,19.860096256758997,0.06104264784786784,0.013877309618502753,-0.1433697224997823,0.029450981258987454,0.010769389984026415,43.800048828125,3652.60009765625
2025-08-05,3630.0,3657.699951171875,3608.300048828125,3652.60009765625,3617.26904296875,1158433,0.0059210705906669325,3529.5300170898436,3592.664013671875,3560.071310764999,3551.0704882403916,62.735369844660184,0.014575346241275175,10.977249040035531,-10.904815253851215,21.882064293886746,0.044913604420959485,0.012810613510297442,0.12137275192173846,0.034868687890599034,0.016682908214151998,21.5,3628.39990234375
2025-08-06,3650.0,3671.0,3622.199951171875,3628.39990234375,3593.302734375,931383,-0.006625470805859179,3531.9650146484373,3592.3060107421875,3566.578795677261,3554.1030142836607,63.342540294167044,0.014553501482515533,14.791832132641503,-5.765485776552671,20.557317909194175,-0.010013422371729752,0.013604478541820786,-0.19599752424179906,0.0273034662844506,0.010047554827909928,-24.2001953125,3641.60009765625
2025-08-07,3610.300048828125,3649.0,3599.199951171875,3641.60009765625,3606.375244140625,1211790,0.0036380210747921637,3535.310021972656,3592.03201171875,3573.7236815800215,3557.5342724551347,65.17335608513656,0.014557508699742965,18.66490475567889,-0.8794076701063589,19.54431242578525,0.001402474262683917,0.018714898424535775,0.3010651901527084,0.030065277167484562,0.01379945551035955,13.2001953125,3607.60009765625
2025-08-08,3641.60009765625,3662.300048828125,3600.0,3607.60009765625,3572.7041015625,1337067,-0.009336555109904165,3538.660021972656,3590.68201171875,3576.9500069206147,3559.497638149296,59.05634176629266,0.014549835540360384,18.774407183919266,3.051355300698766,15.7230518832205,0.005658865595799867,0.018923345803540936,0.10338177406976445,0.01948197206160616,0.004711663656732983,-34.0,3668.39990234375
2025-08-11,3610.0,3676.89990234375,3600.0,3668.39990234375,3632.916015625,1822410,0.016853255084176233,3547.285021972656,3590.4580078125,3585.659520770437,3563.7683151765295,66.94941271447576,0.01458611305968797,23.496373196114746,7.140358879781962,16.356014316332782,0.01027231518943128,0.049343518069367764,0.36299078505415205,0.03414297966497814,0.021708064642910665,60.7998046875,3686.10009765625
2025-08-12,3680.0,3727.89990234375,3673.10009765625,3686.10009765625,3650.44482421875,2280103,0.00482504519237148,3556.890026855469,3591.2840087890627,3595.2252899976575,3568.565639979656,66.80588025130227,0.014576349383840304,28.340135672807264,11.380314238387022,16.959821434420242,0.00917154878835369,0.054979993605108746,0.2511471074017373,0.03632669827439436,0.026401723905750955,17.7001953125,3693.699951171875
2025-08-13,3696.0,3716.0,3681.300048828125,3693.699951171875,3657.97119140625,1227196,0.0020617599398500275,3566.3850219726564,3592.6280078125,3604.6038291571067,3573.472867869547,68.05275194103447,0.014577226680808478,32.41839788601783,15.587930967913184,16.830466918104644,0.01799692718157786,0.054198270362848966,-0.46178045465489936,0.03569859350990587,0.02813315020079582,7.599853515625,3677.0
2025-08-14,3700.0,3708.5,3641.699951171875,3677.0,3641.432861328125,1769702,-0.004521198633521073,3576.535021972656,3593.316005859375,3611.4987025707155,3577.5327554040746,70.14976245793,0.014442046744435756,33.91198729991038,19.252742234312624,14.659245065597755,0.009720974679930716,0.05843408175014386,0.4420695634601155,0.028090030549157593,0.023288793416489775,-16.699951171875,3635.10009765625
2025-08-18,3699.0,3701.5,3621.699951171875,3635.10009765625,3599.938232421875,1950151,-0.01139513253841451,3585.0500244140626,3592.8920068359375,3613.746454483624,3579.7902982374935,67.67978953881736,0.014749379295314028,31.353274690211947,21.67284872549249,9.680425964719458,0.007622796112536356,0.049151479574044865,0.10196575468638214,0.013960774020264207,0.011747664761425103,-41.89990234375,3613.0
2025-08-19,3648.89990234375,3654.0,3608.199951171875,3613.0,3578.052001953125,1352944,-0.006079639366877165,3590.560021972656,3591.5740087890626,3613.6753635804216,3581.0926394830817,60.657211319821386,0.014727066462288219,27.228312294761963,22.783941439346385,4.444370855415578,-0.015101925585690568,0.03146053147074235,-0.30623628631834154,0.006249715334104149,0.00596562709232918,-22.10009765625,3592.300048828125
2025-08-20,3613.5,3619.89990234375,3580.0,3592.300048828125,3557.55224609375,1325096,-0.005729297307466075,3596.94501953125,3589.8240087890626,3611.639619318298,3581.532145731907,40.9452730577623,0.014539064264489563,22.03493183681212,22.634139518839532,-0.5992076820274121,-0.025446961922647282,0.03685849667275076,-0.0205832613914545,-0.0012913654998625776,0.0006897385590491899,-20.699951171875,3612.60009765625
2025-08-21,3599.0,3648.0,3588.0,3612.60009765625,3577.65576171875,1624009,0.005650989213650703,3603.330029296875,3588.380009765625,3611.7310934457223,3582.7504967877635,46.96470783754889,0.01453616183365953,19.33431079380398,21.974173773832423,-2.639862980028443,-0.021956264609391152,0.036643863207266314,0.22557837318956508,0.0025726392764483202,0.0067495883447993696,20.300048828125,3595.800048828125
2025-08-22,3610.0,3634.5,3582.0,3595.800048828125,3561.018310546875,1060447,-0.004650403690966032,3609.2450317382813,3588.2180126953126,3610.213851101189,3583.262243926601,51.176306823633716,0.014583874676755239,15.657930744829173,20.71092516803177,-5.052994423202598,-0.022083206736979832,0.03401870562994258,-0.3470190128256678,-0.003725151047359337,0.0021130366399105993,-16.800048828125,3603.10009765625
2025-08-25,3616.0,3617.89990234375,3584.300048828125,3603.10009765625,3568.247802734375,980393,0.00203015983341559,3617.2550415039063,3588.5320166015626,3609.5363507730995,3584.0401989748225,45.68965906033004,0.014320689900329678,13.181478125855392,19.2050357595965,-6.023557633741106,-0.008803058826531984,0.04653059916248048,-0.07549080717848233,-0.003913172747081526,0.004059621312361516,7.300048828125,3541.300048828125
2025-08-26,3599.0,3600.0,3531.0,3541.300048828125,3507.04541015625,1787363,-0.01715191006442618,3623.2100463867187,3586.7840185546875,3603.0376553497686,3582.364114655344,34.75760823992228,0.014870046916095283,6.161102769990066,16.59624916167521,-10.435146391685144,-0.019844990637109095,0.03480220307275328,0.8231086921265247,-0.022607024298875303,-0.012680989290481576,-61.800048828125,3560.10009765625
2025-08-28,3540.0,3576.89990234375,3537.199951171875,3560.10009765625,3525.66357421875,1695226,0.005308798624489963,3626.4350463867186,3585.54001953125,3598.948364140862,3581.4910159494975,40.50600950770091,0.014169973713867166,2.0903156852173197,13.695062466383634,-11.604746781166314,-0.008963602910168733,0.018451767421349574,-0.05154912572320225,-0.018292054836763976,-0.007095143754196845,18.800048828125,3601.0
2025-08-29,3575.60009765625,3615.0,3540.199951171875,3601.0,3566.16796875,1678055,0.011488413590021285,3623.2300415039062,3585.53001953125,3599.143758032208,3582.2560741475563,44.75992412354502,0.009182037135179993,2.1398015956769996,11.384010292242307,-9.244208696565307,-0.0032110107243189523,-0.017489317057736153,-0.010129032943100191,-0.006135420950163891,0.00431455890328098,40.89990234375,3598.39990234375
2025-09-01,3601.0,3628.60009765625,3581.89990234375,3598.39990234375,3563.593017578125,1094155,-0.0007220487798528241,3621.3250366210937,3585.076015625,3599.0729146333074,3582.889165449368,48.707837737008425,0.009034814239993066,1.9467722071267417,9.496562675219195,-7.5497904680924535,0.0007230250515382064,-0.01047713396294514,-0.34796237310457645,-0.006330592820448434,0.0037164865293455546,-2.60009765625,3574.89990234375
2025-09-02,3598.39990234375,3619.89990234375,3560.0,3574.89990234375,3540.3203125,1230950,-0.0065306804795913775,3620.705029296875,3583.334013671875,3596.770722986683,3582.5758610138537,35.33104130853779,0.00862953879277399,-0.10129095720367332,7.576991948734622,-7.678282905938295,-0.007826647761144279,-0.003456679484735492,0.1250234198993745,-0.01265088610712382,-0.0023537050400395942,-23.5,3600.800048828125
2025-09-03,3594.0,3606.300048828125,3560.0,3600.800048828125,3565.969970703125,1314831,0.007244999074629943,3619.1900268554687,3583.676015625,3597.154468304915,3583.2905350457863,36.953195074171965,0.008321568444798718,0.36136401487783587,6.133866361963265,-5.772502347085429,0.016801739242538805,-0.00834459200055726,0.06814330395223211,-0.005081241352591199,0.004778342999887036,25.900146484375,3592.60009765625
2025-09-04,3622.89990234375,3624.89990234375,3572.5,3592.60009765625,3557.849365234375,1434998,-0.002277258126161086,3616.1900268554687,3583.4320166015623,3596.720718719328,3583.655615932471,34.56491936656178,0.008195501841533602,0.06559771416686999,4.920212632403986,-4.854614918237116,0.009128956801353949,-0.01642665454630521,0.09139349467726277,-0.006523420789291806,0.0025584637889635472,-8.199951171875,3553.60009765625
2025-09-05,3592.800048828125,3609.10009765625,3549.10009765625,3553.60009765625,3519.2265625,830812,-0.010855647425229153,3612.4500366210937,3582.108017578125,3592.6139929037968,3582.476968156933,32.36137807426391,0.008405758039601108,-3.2779866834175664,3.280572769239676,-6.558559452657242,-0.01316298315572062,-0.02061509389832783,-0.42103612687961933,-0.016290865857867744,-0.00795841995327354,-39.0,3529.60009765625
2025-09-08,3570.0,3579.89990234375,3525.0,3529.60009765625,3495.458740234375,1039999,-0.006753714357400242,3606.8500366210938,3579.508017578125,3586.6126695468874,3580.4033653922,34.10667733753891,0.008424647538575167,-7.774778029862773,1.069502609419186,-8.844280639281958,-0.0191195549562706,-0.03075571095027252,0.25178620433985066,-0.021417563297755425,-0.013942675830530025,-24.0,3525.0
2025-09-09,3547.199951171875,3550.0,3516.39990234375,3525.0,3490.903076171875,1522116,-0.0013032914576652788,3602.7200317382812,3576.4240185546873,3580.7447962567076,3578.2306843964275,36.005106446422694,0.008221772499272962,-11.57626305130998,-1.4596505227266472,-10.116612528583332,-0.013958405467810464,-0.02289613466578866,0.4635744842062348,-0.02157259821845829,-0.014378613466383364,-4.60009765625,3550.0
2025-09-10,3559.0,3577.39990234375,3541.10009765625,3550.0,3515.661376953125,1136732,0.007092198581560183,3596.8000366210936,3574.028017578125,3577.816720422735,3577.1235987338223,43.36366637888704,0.007340900073408394,-12.42840928690157,-3.653402275561632,-8.775007011339937,-0.014107989374377405,-0.03227562574846432,-0.2531896386346376,-0.013011575885396861,-0.006722951655652407,25.0,3539.699951171875
2025-09-11,3548.0,3564.699951171875,3533.0,3539.699951171875,3505.4609375,1177793,-0.002901422205105586,3589.480029296875,3571.488017578125,3574.1865519226535,3575.656004711785,38.19241290787916,0.007185907565395176,-13.776067249373682,-5.677935270324042,-8.09813197904964,-0.014724752281470521,-0.03971681251343695,0.03612197070197731,-0.01386832569583929,-0.008900510445448984,-10.300048828125,3579.800048828125
2025-09-12,3556.39990234375,3595.39990234375,3548.10009765625,3579.800048828125,3545.173095703125,1146873,0.011328671415489433,3583.7850341796875,3571.148017578125,3574.721170675555,3575.8185162457594,47.59036498969758,0.007739048732066005,-11.476064218909869,-6.8375610600412084,-4.6385031588686605,0.00737279109969502,-0.030836262785127855,-0.02625249088761772,-0.0011119487674501787,0.00242275907002807,40.10009765625,3586.199951171875
2025-09-15,3581.0,3607.0,3575.5,3586.199951171875,3551.510986328125,1177076,0.0017877820706340142,3579.2450317382813,3571.2140185546873,3575.814387865681,3576.225631340901,47.447881449977025,0.007739560922894773,-9.032752663701558,-7.276599380773279,-1.7561532829282793,0.016035769478023543,-0.02469405733699348,0.02633508679688168,0.0019431247014167013,0.004196313225509987,6.39990234375,3667.800048828125
2025-09-16,3603.89990234375,3674.0,3593.10009765625,3667.800048828125,3632.32177734375,2928060,0.02275391745225619,3580.880029296875,3572.678017578125,3584.5749270049614,3579.816784967851,68.02505830425079,0.009035269272393369,-0.5061303767720347,-5.92250557997303,5.416375203200995,0.040510652149822635,0.008995612305960465,1.4875708960169098,0.024273368227954093,0.026624854179969466,81.60009765625,3685.5
2025-09-17,3672.0,3704.0,3662.699951171875,3685.5,3649.8505859375,1610471,0.004825767745308296,3584.505029296875,3574.76001953125,3594.1868387187747,3583.9612247730333,67.92449933067277,0.008946783357315932,7.592001484267712,-3.2196041671248814,10.811605651392593,0.038169014084507014,0.020066426792139547,-0.44998702212386354,0.02817543004617738,0.030978297805644393,17.699951171875,3686.0
2025-09-18,3691.0,3700.0,3672.5,3686.0,3650.345703125,1270148,0.0001356668023335672,3589.1900268554687,3576.352021484375,3602.9309493169867,3587.962745370169,63.73624639391969,0.008808561714886191,13.890059193239267,0.2023285049479484,13.68773068829132,0.04133120062328732,0.026083553683785787,-0.21131892471208735,0.026972651885291146,0.030659168296893517,0.5,3675.39990234375
2025-09-19,3679.0,3705.0,3671.0,3675.39990234375,3639.84814453125,2227521,-0.00287577256002447,3592.3300170898438,3578.2660205078123,3609.832754367155,3591.3916534867803,62.12978973472238,0.008794502758481261,17.8205517824681,3.725973160451979,14.094578622016122,0.026705361252486792,0.017383547303849944,0.7537491693881342,0.02312423548469007,0.027145517208402765,-10.60009765625,3644.5
2025-09-22,3693.60009765625,3693.60009765625,3633.89990234375,3644.5,3609.2470703125,839430,-0.008407221843817703,3594.7650146484375,3579.662021484375,3613.1343968083784,3593.474333742201,60.71429108331291,0.008957867247899263,18.231964857347975,6.627171499831178,11.604793357516797,0.01625677586914076,0.013543564856379087,-0.6231550678983497,0.013835392619238147,0.018112877172895375,-30.89990234375,3657.60009765625
2025-09-23,3646.89990234375,3673.5,3613.199951171875,3657.60009765625,3622.220458984375,1262120,0.003594484197077863,3597.4900146484374,3582.002021484375,3617.3692254605567,3595.9890695819677,59.10256480480894,0.008976802488378031,19.39154739449259,9.18004667876346,10.21150071572913,-0.0027809452631241127,0.015125863429509279,0.5035440715723765,0.0167088950248794,0.02110497864558643,13.10009765625,3673.800048828125
2025-09-24,3657.60009765625,3709.199951171875,3637.10009765625,3673.800048828125,3638.263916015625,1745130,0.00442912039024046,3604.1150146484374,3585.5600244140624,3622.743589590801,3599.040480532797,62.68748269082436,0.007944412520922569,21.371369733379197,11.61831128968661,9.753058443692588,-0.003174589925892035,0.03741563780901491,0.38269736633600604,0.019334853048934956,0.02460983049042178,16.199951171875,3644.39990234375
2025-09-25,3684.0,3704.0,3635.699951171875,3644.39990234375,3609.14794921875,1999071,-0.008002652864505522,3608.3300048828123,3588.5680224609373,3624.8060955672727,3600.8192813881287,64.62623879188297,0.008194654063140188,20.333653387789127,13.361379709307112,6.972273678482015,-0.011285973319655418,0.023679054626300378,0.14551408777569574,0.009996285653509433,0.015558261549832569,-29.400146484375,3729.5
2025-09-26,3664.0,3794.89990234375,3661.0,3729.5,3693.425048828125,5870301,0.023350921945070047,3614.7550048828125,3593.082021484375,3634.776943608485,3605.8655840787906,76.9043929482554,0.009329099394373782,26.07751699401888,15.904607166249466,10.172909827769413,0.014719513275752938,0.03568453207442368,1.9365145109903552,0.03174350542766796,0.03796684230973045,85.10009765625,3688.39990234375
2025-09-29,3738.0,3740.0,3679.60009765625,3688.39990234375,3652.722412109375,2599630,-0.01102027018534657,3619.2550048828125,3597.37001953125,3639.8838920594626,3609.10222401075,70.02447387159894,0.009750079604409198,27.00187508336967,18.124060749673507,8.877814333696161,0.012045521290643402,0.02501111673035017,-0.5571555870814802,0.01910473215279185,0.025304564812146182,-41.10009765625,3659.0
2025-09-30,3695.0,3696.60009765625,3648.0,3659.0,3623.60693359375,1676302,-0.00797090964162217,3623.460009765625,3601.2540185546877,3641.7044737680853,3611.0589995397404,63.21531240972015,0.009815905799662563,25.07308223041491,19.513865045821788,5.559217184593123,0.0003827379446559309,0.023525161530008942,-0.35517669822243936,0.0098083020479296,0.016034964806089357,-29.39990234375,3670.300048828125
2025-10-01,3658.89990234375,3688.0,3615.0,3670.300048828125,3634.797607421875,2005028,0.0030882888297689703,3626.935009765625,3604.6040185546876,3644.4278618690414,3613.3821779432064,65.79583626648272,0.00972495631540345,24.17761500449842,20.446615037557116,3.7309999669413045,-0.0009526920228324354,0.01930126612351568,0.19610189572046077,0.01195638712735084,0.018225588701357282,11.300048828125,3733.10009765625
2025-10-03,3690.0,3746.0,3666.300048828125,3733.10009765625,3696.990234375,1959124,0.01711033103361026,3633.960009765625,3609.9740185546875,3652.8728367059184,3618.0769983241103,67.57623580349411,0.010328532200876615,28.210200246784552,21.999332079402606,6.210868167381946,0.024338765692386355,0.03910816572422293,-0.02289444336936941,0.02728155720596917,0.03410719259161262,62.800048828125,3737.0
2025-10-06,3720.0,3767.0,3703.0,3737.0,3700.8525390625,1581506,0.0010446819645149041,3643.1300048828125,3615.0160205078123,3660.884947495831,3622.740645448655,67.38929081596169,0.009883967947731559,31.359252686290347,23.871316200780157,7.48793648551019,0.002010993430754837,0.051609606400199626,-0.19274839162809498,0.025766303972511402,0.03374368987583414,3.89990234375,3729.699951171875
2025-10-07,3748.0,3766.0,3725.0,3729.699951171875,3693.623046875,1673945,-0.001953451653231242,3653.1349975585936,3620.06001953125,3667.43875736974,3626.935128026036,58.61395099796561,0.009702377110051843,32.88674853509747,25.67440266764362,7.212345867453848,0.011197280642449181,0.056691933357690294,0.05844998374966637,0.02095869812214718,0.03028677177977341,-7.300048828125,3729.800048828125
2025-10-08,3730.0,3760.0,3715.0,3729.800048828125,3693.72216796875,1424633,2.683799167768619e-05,3663.375,3625.7980224609373,3673.3779279848245,3630.9690464888636,56.48229321844378,0.009677257831318573,33.71671177913322,27.28286448994154,6.433847289191679,0.019349562401783205,0.05809930463209212,-0.1489367930248604,0.01813220017828505,0.028683899578222618,0.10009765625,3769.199951171875
2025-10-09,3735.5,3796.39990234375,3730.10009765625,3769.199951171875,3732.740966796875,1827249,0.010563542771181211,3674.334997558594,3632.7380224609374,3682.5038349550196,3636.389866280354,60.93009412170714,0.009787439206382897,37.125744003117234,29.251440392576683,7.874303610540551,0.026945999244755825,0.06174646511883797,0.2826103284144057,0.025818264713564232,0.03756448383208591,39.39990234375,3784.0
2025-10-10,3765.0,3799.0,3760.0,3784.0,3747.397705078125,1129678,0.003926575671190813,3686.55,3638.5060205078125,3692.1701363878747,3642.1784989752423,64.11122855681785,0.009687664001911457,40.55418346970055,31.511989008001457,9.04219446169909,0.013634754228986967,0.0690171630923817,-0.38176023081692756,0.026433928740963723,0.03998728562551105,14.800048828125,3769.5
2025-10-13,3780.0,3784.0,3745.0,3769.5,3733.0380859375,1191248,-0.003831923890063371,3696.0349975585937,3640.5940185546874,3699.534885303315,3647.171499015429,66.96523716871398,0.00962647332615779,41.62143167320892,33.533877541042955,8.087554132165963,0.00869681562750868,0.05299177288797874,0.054502256395185134,0.019876706386690996,0.03540795287481359,-14.5,3744.300048828125
2025-10-14,3775.0,3786.800048828125,3730.199951171875,3744.300048828125,3708.081787109375,1364583,-0.0066852238153269905,3703.9400024414062,3642.75001953125,3703.79823421044,3650.980461753182,61.3928903472441,0.00984929781595848,39.97302397081421,34.82170682699721,5.151317143817003,0.003914550191004729,0.04408568953456915,0.1455070648597101,0.01089651731942632,0.02787729840159124,-25.199951171875,3828.699951171875
2025-10-15,3747.0,3843.89990234375,3744.300048828125,3828.699951171875,3791.665283203125,2575918,0.02254090250330365,3711.984997558594,3647.578017578125,3715.693635825815,3657.9498534950917,67.2609577577595,0.00982599504271987,44.95875916051,36.84911729369976,8.109641866810236,0.026516140556870793,0.04386823169249854,0.8876960947043895,0.0314427331171989,0.04965539673747925,84.39990234375,3861.800048828125
2025-10-16,3830.300048828125,3885.89990234375,3830.0,3861.800048828125,3824.4453125,2330283,0.00864525767972979,3720.8,3652.1920166015625,3729.6085323022253,3665.9439788022696,74.02741778200149,0.009916527376274579,50.99307504341414,39.67790884364264,11.315166199771497,0.02456757371745688,0.04783612775149226,-0.09535823733519466,0.03789508945068932,0.05739239100073576,33.10009765625,3839.39990234375
2025-10-17,3860.0,3869.5,3830.10009765625,3839.39990234375,3802.261962890625,1337364,-0.005800441814995727,3728.4699951171874,3655.9280126953126,3740.064853258561,3672.746171882328,64.10057060089761,0.010074977680501647,53.35279147094252,42.41288536910262,10.939906101839902,0.014640566158496293,0.04161690242641081,-0.42609374054567617,0.02975212550237407,0.05018476540329188,-22.400146484375,3872.699951171875
2025-10-20,3862.0,3887.60009765625,3845.39990234375,3872.699951171875,3835.23974609375,1223232,0.008673243130468578,3738.334997558594,3660.814013671875,3752.6967673455433,3680.58749656035,74.12935037138895,0.010106383153774918,57.24997727970049,45.38030375122219,11.869673528478295,0.02737762333781002,0.05368124668619312,-0.08534101411433237,0.03594245933043221,0.05787945978918335,33.300048828125,3888.199951171875
2025-10-21,3892.0,3895.0,3877.199951171875,3888.199951171875,3850.58984375,260327,0.004002375654047263,3750.5199951171876,3665.7460107421875,3765.6018324718607,3688.7291614470764,81.1412770536492,0.009765966102444313,60.88737382753425,48.48171776648461,12.40565606104964,0.038431723010229124,0.066867869713781,-0.7871810089991106,0.0367095646027573,0.06068449362770995,15.5,3918.699951171875
2025-10-23,3890.0,3966.199951171875,3890.0,3918.699951171875,3880.794921875,2815778,0.007844246793637044,3763.574987792969,3671.9680078125,3780.1826056813857,3697.7476237892256,82.07641749034661,0.009819106625845191,65.47636116469675,51.88064644612704,13.595714718569717,0.023506673583144844,0.07138556609371682,9.816311792476386,0.04121744986669559,0.06719338045277805,30.5,3904.89990234375
2025-10-24,3929.300048828125,3939.89990234375,3897.5,3904.89990234375,3867.128173828125,1146636,-0.003521588537034659,3775.12998046875,3676.6980078125,3792.0604434587535,3705.87124255607,75.39912854407956,0.009939676605306565,67.22469366006271,54.94945588891418,12.275237771148532,0.011160560611806813,0.06290485340630925,-0.592781817316564,0.03437495464961094,0.062067075959556975,-13.800048828125,3923.800048828125
2025-10-27,3912.0,3948.0,3907.0,3923.800048828125,3885.845703125,1057688,0.0048401103631443565,3789.099987792969,3681.4520068359375,3804.6070725415507,3714.417470253013,76.44391512045615,0.009593361249458547,69.33608044965786,57.826780801062924,11.509299648594933,0.021982640160211897,0.07666561134103045,-0.0775730048594323,0.03554935511575523,0.06582947205129426,18.900146484375,3972.800048828125
2025-10-28,3922.10009765625,3986.0,3917.300048828125,3972.800048828125,3934.37158203125,3391806,0.012487894232692698,3801.264990234375,3687.0340087890627,3820.62545123551,3724.5501203932135,80.77992620765718,0.008689788312000186,74.10897801472902,61.08322024379615,13.02575777093287,0.02584762540820118,0.06523663998609064,2.2068114604684936,0.045125782873446436,0.07750566969489843,49.0,3958.10009765625
2025-10-29,3988.0,4016.699951171875,3920.0,3958.10009765625,3919.81396484375,2563641,-0.003700148759364641,3814.75,3692.6560107421874,3833.718274704152,3733.7089430309798,77.87544721825921,0.008199631205756454,75.83123523844188,64.0328232427253,11.798411995716577,0.017977508194584324,0.07312119142534468,-0.2441663821574701,0.037577848523822004,0.07188432557537656,-14.699951171875,3987.5
2025-10-30,3980.0,4062.60009765625,3975.60009765625,3987.5,3948.929443359375,4959400,0.007427781414916401,3831.175,3699.7040087890623,3848.364153303756,3743.6615335003535,77.32164147955851,0.0077710185277330935,78.66169980024324,66.9585985542289,11.703101246014342,0.017556855509580638,0.08977862804044823,0.9345142319068855,0.04080340887586702,0.07778892325635943,29.39990234375,4030.89990234375
2025-10-31,4001.10009765625,4045.89990234375,3980.199951171875,4030.89990234375,3991.909423828125,2328183,0.010883988048589366,3849.2049926757813,3708.0620068359376,3865.748510355184,3754.9257832589183,78.83670240855707,0.007899564694169331,83.44497108491441,70.25587306036601,13.1890980245484,0.032267152334525706,0.09824805839259909,-0.5305514780013711,0.04720323028097891,0.0870637801937103,43.39990234375,3980.5
2025-11-03,4030.0,4041.0,3974.89990234375,3980.5,3941.9970703125,1154072,-0.012503387224883755,3861.574987792969,3715.826005859375,3876.6772236546904,3763.771830974255,72.73706896551724,0.008224820004088642,82.22110343055465,72.64891913440374,9.572184296150908,0.014450265168024723,0.06627197124959894,-0.5043035706385623,0.030797022609420088,0.07122884487144135,-50.39990234375,3924.39990234375
2025-11-04,3985.0,3990.0,3916.800048828125,3924.39990234375,3886.439697265625,2042881,-0.014093731354415273,3870.9449829101563,3722.062001953125,3881.222240672696,3770.0709710279607,68.19557488465111,0.009089190544525316,75.85001866404173,73.28913904033135,2.5608796237103775,-0.012182880056762935,0.050147150747591684,0.7701503892304813,0.013809268710764917,0.05436177588778732,-56.10009765625,3881.60009765625
2025-11-06,3945.0,3978.0,3872.10009765625,3881.60009765625,3844.053955078125,1749063,-0.010906076279825316,3878.539990234375,3727.7780029296873,3881.258227052082,3774.444662268286,55.83500339577868,0.009529271068713563,66.57981092416367,71.94727341709782,-5.367462492934152,-0.019327454615232886,0.04072717603909348,-0.14382531336871796,0.0007889843677207773,0.041263748701149267,-42.7998046875,3882.5
2025-11-07,3877.10009765625,3892.89990234375,3831.10009765625,3882.5,3844.945068359375,1577294,0.0002318379846222296,3886.1749877929688,3733.3660009765626,3881.3764911423596,3778.6821264930586,52.45784354934559,0.009527100534963693,58.62987044969577,69.28379282361742,-10.653922373921645,-0.0263322884012539,0.04094051937713172,-0.09820629674288461,-0.0009456567973682122,0.03994625734107701,0.89990234375,3918.5
2025-11-10,3895.0,3943.800048828125,3894.0,3918.5,3880.596923828125,1397176,0.009272376046361774,3893.639990234375,3740.91,3884.9120634145156,3784.165180356076,59.09824602786811,0.00947059008701616,54.60493280787978,66.3480208204699,-11.743088012590121,-0.02788456797907468,0.0396105409005183,-0.11419431000181324,0.006384773586663434,0.04747240644655983,36.0,3955.0
2025-11-11,3929.0,3966.800048828125,3897.0,3955.0,3916.74365234375,1775462,0.00931478882225334,3902.189990234375,3748.807998046875,3891.5871049940856,3790.8645850479943,59.397135540803404,0.00960437275655779,53.740894110640966,63.82659547850412,-10.085701367863152,-0.006406230373068755,0.04519027484143767,0.27075042800620674,0.013533428638223042,0.055002017190677856,36.5,3954.60009765625
2025-11-12,3970.0,3973.800048828125,3936.89990234375,3954.60009765625,3916.34765625,981350,-0.00010111310840710264,3911.4449951171873,3755.88,3897.588342390482,3797.285585542436,57.85243797303018,0.009515726349891406,52.419607831985104,61.54519794920032,-9.125590117215218,0.007695493849763757,0.04910468169684301,-0.44727062589906175,0.011033033212261687,0.052909064628329415,-0.39990234375,4002.5
2025-11-13,3954.60009765625,4022.89990234375,3925.60009765625,4002.5,3963.7841796875,1834962,0.012112451616065778,3924.3549926757814,3763.962001953125,3907.579928829484,3805.3332096388112,59.518417886955326,0.009495015566780073,54.608112412232,60.15778084180666,-5.549668429574659,0.03114692376907935,0.06895813578099474,0.8698344117796912,0.01991282834250838,0.06337417803981482,47.89990234375,4004.39990234375
2025-11-14,4002.0,4011.5,3971.60009765625,4004.39990234375,3965.665771484375,1916910,0.0004746789116176764,3933.139990234375,3772.552001953125,3916.8008786879855,3813.139746607633,61.615708476361704,0.0083666565994925,55.85199724284121,59.296624122013576,-3.444626879172368,0.0313972704040566,0.04589023778635282,0.044659235450107415,0.01811781738923779,0.06145651544911581,1.89990234375,4027.699951171875
2025-11-17,4004.39990234375,4030.0,4000.10009765625,4027.699951171875,3988.740478515625,1206133,0.005818611876023505,3941.4349853515623,3781.09,3927.3626951150222,3821.553872276819,62.00601917469373,0.008276852038910128,58.048754241797724,59.04705014597041,-0.9982959041726858,0.027867794097709675,0.042959215973414455,-0.3707930993108701,0.021886690035715035,0.06522192044407164,23.300048828125,3999.60009765625
2025-11-18,4020.0,4026.800048828125,3978.89990234375,3999.60009765625,3960.912353515625,1748928,-0.0069766501617006815,3949.4449951171873,3789.23,3934.242447737996,3828.53607719366,53.25402005894249,0.008340162444340873,56.86675213156468,58.61099054308927,-1.7442384115245915,0.011276889420037906,0.041725321505245105,0.45002914272306627,0.01269927865841172,0.05551790143544994,-28.099853515625,4019.60009765625
2025-11-19,4007.0,4026.5,3980.300048828125,4019.60009765625,3980.718994140625,923032,0.005000499927910296,3956.790002441406,3798.55,3942.3717477302102,3836.0287838784675,57.37234830880605,0.008226993983523943,56.88806954227675,58.26640634292677,-1.3783368006500183,0.01643655449220338,0.03793223031387272,-0.4722298459399129,0.015874002708278417,0.05819328366251591,20.0,4037.39990234375
2025-11-20,4035.0,4048.0,4007.699951171875,4037.39990234375,3998.3466796875,1463574,0.004428252625896523,3964.25,3808.70599609375,3951.4220481695947,3843.925690484949,56.15290043373447,0.008233283086455434,57.67640156799371,58.14840538794016,-0.47200381994645113,0.008719525882260992,0.038372499625927814,0.5856156666291092,0.01845239385602573,0.06004504062129001,17.7998046875,4024.89990234375
2025-11-21,4026.0,4057.0,4015.199951171875,4024.89990234375,3985.967529296875,1241149,-0.003096051989485482,3969.5599975585938,3818.703994140625,3958.4199390433237,3851.0227184009805,49.19914387646169,0.00818200954129743,56.63960869278071,57.84664604890827,-1.2070373561275574,0.005119368819283432,0.027100812130338436,-0.15197386671258162,0.013941067730225028,0.053996305688922074,-12.5,4013.300048828125
2025-11-24,4025.0,4038.0,4003.699951171875,4013.300048828125,3974.47998046875,1584741,-0.0028820228569834683,3974.9800048828124,3827.9699951171874,3963.646616165686,3857.3865352804764,54.88388020354318,0.008163114345345534,54.256496516449715,57.12861614241656,-2.872119625966846,-0.0035752172501232193,0.02776003206108113,0.2768338048050636,0.009640311120619666,0.048414709087933695,-11.599853515625,3996.699951171875
2025-11-25,4013.0,4055.5,3981.60009765625,3996.699951171875,3958.040283203125,1749083,-0.004136271261625968,3978.625,3837.1099951171873,3966.794552832942,3862.849806491904,62.200518934347144,0.008210744084214218,50.44685386991978,55.79226368791721,-5.345409817997435,-0.0007251091143023469,0.018578903470252595,0.10370275016548436,0.004543014526846586,0.04159118614211469,-16.60009765625,4062.0
2025-11-26,3999.0,4074.60009765625,3998.0,4062.0,4022.708740234375,2058237,0.016338491662097,3983.084997558594,3846.753994140625,3975.8617382774237,3870.6596180020256,78.29364635679835,0.008534231831031549,52.09631889531056,55.05307472939589,-2.956755834085328,0.010548288713713827,0.02245266564527615,0.1767520466438699,0.019812532870821638,0.05595523035453731,65.300048828125,4081.300048828125
2025-11-27,4071.0,4140.0,4059.60009765625,4081.300048828125,4041.822021484375,2225064,0.004751366033511895,3989.2449951171875,3856.65599609375,3985.9034821393952,3878.9200270540296,79.47810876149117,0.008490803478641938,54.33454958929542,54.909369701375795,-0.5748201120803742,0.010873370868932364,0.031126032220566202,0.08105334808382114,0.02307580853610454,0.05824840301077088,19.300048828125,4069.60009765625
2025-11-28,4085.0,4104.2001953125,4054.699951171875,4069.60009765625,4030.2353515625,1318133,-0.0028667216406288443,3993.35,3864.6919970703125,3993.8745883790957,3886.397676881568,74.14515509863955,0.00842868480762578,54.535622551335564,54.834620271367754,-0.2989977200321903,0.011105914779761417,0.020589366183385582,-0.4075977140432815,0.019094268635669324,0.05302055137673873,-11.699951171875,4073.199951171875
2025-12-01,4087.0,4103.39990234375,4050.0,4073.199951171875,4033.80029296875,1251770,0.000884571807853618,3995.4650024414063,3872.44599609375,4001.429384835551,3893.7232562655013,71.10718934986053,0.008105221732389974,54.358837573538494,54.739463731801905,-0.38062615826341073,0.014925348619583279,0.01049394672478221,-0.05034620937340917,0.019455795178525942,0.051841640988830116,3.599853515625,4030.5
2025-12-02,4066.5,4088.60009765625,4023.800048828125,4030.5,3991.513427734375,1490917,-0.010483146342862515,3997.9650024414063,3879.33599609375,4004.1980148512125,3899.0870501374425,61.77475385149128,0.007944941406608985,50.194592980943526,53.83048958163023,-3.6358966006867064,0.008456989326460329,0.012561236025624867,0.1910470773384887,0.008137889535982872,0.038966463347970555,-42.699951171875,3988.0
2025-12-03,4032.0,4046.89990234375,3970.10009765625,3988.0,3949.424560546875,1123990,-0.01054459744448577,4001.1450073242186,3885.587998046875,4002.6553467701447,3902.573832484994,47.712207824224585,0.007631654273966424,42.96967664223257,51.6583269937507,-8.688650351518127,-0.018217626784835073,0.016206324339745892,-0.24610826759638527,-0.003285311404649476,0.026356886526467404,-42.5,3983.60009765625
2025-12-04,3990.0,4009.199951171875,3961.699951171875,3983.60009765625,3945.067138671875,1026968,-0.0011032854422643457,4006.245007324219,3892.37,4000.84056114025,3905.751333079945,46.74391940439973,0.007136870840133199,36.4684573677614,48.62035306855284,-12.151895700791435,-0.023938438733493217,0.026277822916788596,-0.08631927330314326,-0.005652402593093906,0.023438187442676343,-4.39990234375,4038.199951171875
2025-12-05,3999.0,4048.0,3975.10009765625,4038.199951171875,3999.138916015625,1073758,0.013706158293285808,4014.0300048828126,3899.9819970703124,4004.398598286119,3910.9453965345306,51.49700932289288,0.0076463518818074535,35.31485841758149,45.959254138358574,-10.644395720777084,-0.007715781828897317,0.04010301382405013,0.04556130278645498,0.006021366621490424,0.03544066465060419,54.599853515625,3996.699951171875
2025-12-08,4047.0,4047.89990234375,3976.89990234375,3996.699951171875,3958.040283203125,1127841,-0.0102768561492248,4017.9400024414062,3906.4399951171877,4003.665393799048,3914.3083202457988,49.60173694857884,0.007912086319207284,30.698051736756042,42.90701365803807,-12.208961921282025,-0.018781302395427635,0.019956603591138267,0.05036796000588595,-0.005286303741874004,0.023105424931013092,-41.5,3997.5
2025-12-09,3990.0,4019.89990234375,3949.10009765625,3997.5,3958.832763671875,1788464,0.00020017735579336282,4020.0650024414062,3913.5019970703124,4003.0782134372344,3917.570739059689,46.79615320363443,0.007667780459611389,26.794881716851705,39.6845872698008,-12.889705552949096,-0.008187569780424231,0.01074589127686476,0.5857412525347101,-0.005613093924526695,0.02146364125853758,0.800048828125,3991.300048828125
2025-12-10,4000.0,4030.0,3970.0,3991.300048828125,3952.692626953125,957277,-0.00155095714118203,4021.9,3918.737998046875,4001.9564834744624,3920.462084540804,43.08432128743513,0.007681225544911336,22.936904750602025,36.33505076596104,-13.398146015359018,0.0008274946911046577,0.009280319189195918,-0.46474908077545873,-0.007608332174314401,0.018516688489359442,-6.199951171875,4003.89990234375
2025-12-11,3993.199951171875,4015.0,3984.60009765625,4003.89990234375,3965.170654296875,841371,0.0031568294444124234,4021.9699951171874,3925.047998046875,4002.141570985823,3923.7341558271937,46.85062433912027,0.0072149062303425715,20.65800051617589,33.19964071600401,-12.541640199828123,0.005095844007897199,0.00034975698782013787,-0.12107885178480216,-0.004492846240865828,0.02008941147627041,12.599853515625,4074.10009765625
2025-12-12,4061.0,4114.0,4048.60009765625,4074.10009765625,4034.69189453125,2207898,0.01753295462541593,4025.4550048828123,3933.35,4008.9947640020537,3929.630859428333,57.75511309883778,0.008208578185729856,24.237131006826075,31.407138774168427,-7.1700077673423515,0.008890135931470367,0.017405902760037728,1.624166984600135,0.012084371260995829,0.03578377150679449,70.2001953125,4092.300048828125
2025-12-15,4072.800048828125,4096.0,4063.800048828125,4092.300048828125,4052.7158203125,1064975,0.004467232207265859,4028.685009765625,3941.79,4016.9286006521556,3936.010043326364,62.144333401150234,0.008171394654369304,28.2169344077206,30.769097900878865,-2.5521634931582646,0.02391975850681982,0.01603895484753126,-0.5176520835654546,0.015790521946564575,0.038183172829634515,18.199951171875,4063.800048828125
2025-12-16,4083.699951171875,4103.7998046875,4051.199951171875,4063.800048828125,4024.491455078125,2199214,-0.006964298721977014,4031.8950073242186,3948.4039990234373,4021.392548097486,3941.021416091139,50.252249305655816,0.008170774238048044,28.739949215741035,30.363268163851302,-1.623318948110267,0.016585378068324053,0.016051592560340167,1.0650381464353624,0.007913162779771967,0.029225998614434763,-28.5,4062.39990234375
2025-12-17,4079.0,4079.0,4040.0,4062.39990234375,4023.104736328125,1087334,-0.0003445411849873903,4034.0349975585937,3954.9119970703123,4025.2980104066537,3945.7813567284966,47.21154240984113,0.008114338666858949,28.710505266396012,30.032715584360247,-1.3222103179642346,0.017813707976302107,0.010647776805572162,-0.5055806301705973,0.007031397794595942,0.027178330479429566,-1.400146484375,4031.10009765625
2025-12-18,4067.0,4071.800048828125,4023.39990234375,4031.10009765625,3992.107666015625,1004303,-0.007704757148463415,4033.720007324219,3960.94,4025.85059014471,3949.127189706056,44.6303971495777,0.008262186070454815,25.86340088353154,29.198852644194506,-3.3354517606629663,0.006793425404211018,-0.0015603618268883457,-0.07636200100429125,-0.0006495021129904271,0.017712991778782296,-31.2998046875,4073.5
2025-12-19,4040.10009765625,4091.5,4040.10009765625,4073.5,4034.097412109375,1327935,0.01051819635250495,4036.150012207031,3967.8139990234376,4030.388629178547,3954.004554815622,50.037761031966916,0.008553352298368337,26.720352327415185,28.70315258083864,-1.9828002534234557,-0.00014729575657579375,0.012074858713368108,0.3222453781378727,0.0092538651140336,0.026635825419884577,42.39990234375,4072.39990234375
2025-12-22,4081.0,4098.5,4068.5,4072.39990234375,4033.008056640625,764774,-0.0002700620243647478,4039.1050048828124,3973.877998046875,4034.3897028133283,3958.647509620647,55.889785894604195,0.008516688977694383,26.999490513692763,28.362420167409468,-1.362929653716705,-0.004862826832571443,0.014725999251633759,-0.4240877753805721,0.008243137383328212,0.024792382741819902,-1.10009765625,4058.800048828125
2025-12-23,4089.0,4095.0,4053.300048828125,4058.800048828125,4019.539794921875,1867147,-0.003339518181354917,4042.210009765625,3979.3739990234376,4036.71449767188,3962.575060177803,60.83233537854921,0.00849438782281001,25.825613421766775,27.85505881828093,-2.0294453965141557,-0.001230375495822389,0.015537843324476164,1.4414362935978473,0.004104200183172102,0.0199594332737207,-13.599853515625,4053.60009765625
2025-12-24,4065.0,4080.699951171875,4048.10009765625,4053.60009765625,4014.39013671875,1021436,-0.0012811548017440666,4041.7900146484376,3985.0560009765627,4038.3226500513438,3966.1446694906836,60.68377342292123,0.0076725439992143376,24.19678924290838,27.123404903206424,-2.9266156602980438,-0.0021661591421423543,-0.002067922782803988,-0.4529429123684423,0.0029219932171166176,0.01720028442834684,-5.199951171875,4047.300048828125
2025-12-26,4052.0,4061.5,4030.199951171875,4047.300048828125,4008.15087890625,594330,-0.0015541860756732584,4040.0900146484373,3991.1160009765626,4039.177640411037,3969.3272333862697,51.62909130323808,0.007592895067825742,22.142330059588858,26.127189934482914,-3.984859874894056,0.004018741975991613,-0.008330678850667295,-0.4181426932279654,0.0017846221627601752,0.014077277592987778,-6.300048828125,4038.699951171875
2025-12-29,4053.0,4061.10009765625,4033.39990234375,4038.699951171875,3999.634033203125,952143,-0.002124897475476284,4038.5450073242187,3995.3160009765625,4039.1321461977836,3972.04773212296,58.52273065055972,0.007581968190523988,19.594329119343456,24.820617771455026,-5.22628865211157,-0.008543033958052004,-0.007592919634086592,0.6020443188127809,3.836625501890857e-05,0.010858703087492537,-8.60009765625,4052.0
2025-12-30,4039.0,4063.89990234375,4006.199951171875,4052.0,4012.805419921875,1362208,0.003293151011197537,4037.485009765625,3999.12,4040.357656083709,3975.183115176962,60.52530331348649,0.007621697727384434,18.435707444535637,23.54363570607115,-5.107928261535513,-0.005009307247063166,-0.00520474109447433,0.43067585436221245,0.003595057368452665,0.013222909039988824,13.300048828125,4083.5
2025-12-31,4058.0,4094.5,4048.0,4083.5,4044.000732421875,1160164,0.007773938795656576,4040.135009765625,4004.002001953125,4044.4664507424036,3979.4308361504145,66.2209653435365,0.007420131080876653,19.830682400802743,22.80104504501747,-2.9703626442147275,0.006085530421486629,0.013149733283711607,-0.14832096126289085,0.010733549777310704,0.019854634939766913,31.5,4140.39990234375
2026-01-01,4090.0,4146.7998046875,4088.300048828125,4140.39990234375,4100.35009765625,1360716,0.013934101222909279,4047.7550048828125,4009.3560009765624,4053.6029699425317,3985.7433485501533,70.77625570776256,0.007489829859541984,25.23664436375202,23.288164908764383,1.9484794549876376,0.021413016231592863,0.03821461944427029,0.1728652156074486,0.02288797057855029,0.032684526226972384,56.89990234375,4163.39990234375
2026-01-02,4138.10009765625,4172.7001953125,4127.10009765625,4163.39990234375,4123.1279296875,984027,0.005555018969781278,4056.7449951171875,4014.86,4064.0598206474097,3992.7102722283335,65.87271004093026,0.0074971251973008,31.019245396105816,24.83438100623267,6.184864389873145,0.02868575398783224,0.045135003584643174,-0.2768314622595751,0.026290759551052714,0.03699752976286841,23.0,4150.39990234375
2026-01-05,4162.89990234375,4195.0,4132.7998046875,4150.39990234375,4110.25341796875,1167460,-0.0031224480724711956,4062.3549926757814,4019.4939990234375,4072.282685570871,3998.894179291683,60.521529217750384,0.007074528666255752,34.15924055939013,26.699352916864164,7.459887642525963,0.02765740275889117,0.027784644774540013,0.18641053548327435,0.021673366760588144,0.03256775687489942,-13.0,4140.60009765625
2026-01-06,4153.0,4185.0,4129.89990234375,4140.60009765625,4100.54833984375,1205337,-0.0023611711926762036,4069.55,4024.2080029296876,4078.7891057694783,4004.4512741295093,64.918444213224,0.006592162403264075,35.44832083407846,28.449146500307023,6.999174333771435,0.021865769411710367,0.036004740971906646,0.03244393812207691,0.01745895680265627,0.02892298177475595,-9.7998046875,4157.0
2026-01-07,4106.0,4180.0,4094.0,4157.0,4116.7900390625,1213160,0.003960754952653689,4077.525,4028.872001953125,4086.2377623628613,4010.4335771048227,67.36422561366905,0.006598037684038412,37.362568862079115,30.23183097266144,7.130737889417674,0.01799926533610874,0.039899937460913026,0.006490301052734626,0.0194909902453081,0.031802449416303294,16.39990234375,4028.39990234375
2026-01-08,4160.0,4169.89990234375,3991.300048828125,4028.39990234375,3989.43359375,2328813,-0.030935794480695167,4079.379992675781,4029.9839990234377,4080.7293947419935,4011.138138878898,49.63481235430466,0.009880551081213712,28.177854326115266,29.82103564335221,-1.6431813172369445,-0.027050527157195692,0.009295180282554272,0.9196256058557817,-0.01249701925870156,-0.0003930776598794395,-128.60009765625,4025.199951171875
2026-01-09,4029.0,4094.0,4006.199951171875,4025.199951171875,3986.2646484375,1718127,-0.0007943479419739718,4080.4449951171873,4031.32599609375,4075.4408763067445,4011.6895824982307,42.69287677648448,0.009864319866925804,20.405470999884074,27.937922714658583,-7.53245171477451,-0.03319401316555648,0.005319825507040354,-0.26223058699861257,-0.013538975286131929,-0.001519610403080975,-3.199951171875,4019.0
2026-01-12,4026.0,4026.89990234375,3944.300048828125,4019.0,3980.124755859375,1386513,-0.0015402840224297831,4077.689990234375,4031.95599609375,4070.0655547537212,4011.9762655375157,42.04410540834677,0.008995519615071817,13.588872904370419,25.068112752600953,-11.479239848230534,-0.03165957629035887,-0.01352448303563969,-0.19300901504952772,-0.014392950512405548,-0.0032133277511713935,-6.199951171875,3887.39990234375
2026-01-13,4028.0,4028.0,3837.0,3887.39990234375,3849.797607421875,4978634,-0.03274448809560837,4067.4449829101563,4029.08599609375,4052.6688259527714,4007.0909179612895,31.106679691810044,0.011408021935330121,-2.404639067876815,19.5735623885054,-21.978201456382216,-0.06115060361801705,-0.05006967818575536,2.590758975934593,-0.04426490863991688,-0.03516581524627832,-131.60009765625,3865.800048828125
2026-01-14,3900.0,3904.89990234375,3856.60009765625,3865.800048828125,3828.40673828125,1914244,-0.005556375484447096,4057.5449829101562,4026.7919970703124,4034.8717995599477,4001.5500995639104,30.021261023344536,0.011383356428762443,-16.630830334355323,12.332683843933257,-28.96351417828858,-0.07005050545390301,-0.04872286963456707,-0.6155081895957807,-0.04725639146075659,-0.039980199712157195,-21.599853515625,3865.800048828125
2026-01-15,3865.800048828125,3865.800048828125,3865.800048828125,3865.800048828125,3828.40673828125,0,0.0,4047.714990234375,4025.62,4018.769728061679,3996.226568162507,30.42914441740544,0.011386941813127037,-27.587181550720743,4.348710765002458,-31.9358923157232,-0.04036338433555797,-0.04839500252109574,-1.0,-0.04494262611007513,-0.039700704778860126,0.0,3856.39990234375
2026-01-16,3890.0,3914.0,3848.699951171875,3856.39990234375,3819.097412109375,1807300,-0.0024316173536250707,4038.97998046875,4025.11599609375,4003.305935136162,3990.743169502948,30.376733622728153,0.011318852195251394,-36.60670280388376,-3.8423719487747863,-32.76433085510898,-0.04193581707139327,-0.043338094088527734,inf,-0.04520450188114337,-0.04191583395701727,-9.400146484375,3869.800048828125
2026-01-19,3820.0,3878.39990234375,3808.5,3869.800048828125,3832.367919921875,1709380,0.0034747813566302632,4028.7949829101562,4024.8619970703126,3990.591088821111,3986.0003020255044,30.39173389819554,0.011009257937578811,-42.18715132764919,-11.511327824549667,-30.675823503099522,-0.03712365045331545,-0.050006125241653376,-0.054180268909422846,-0.03946463762898726,-0.038526028558260324,13.400146484375,3810.5
2026-01-20,3858.0,3874.300048828125,3800.0,3810.5,3773.6416015625,1658119,-0.015323801767505474,4015.699987792969,4022.7019970703127,3973.4395565524337,3979.1179372401907,22.27862975799134,0.011357632989310761,-50.809020575263276,-19.37086637469239,-31.438154200570885,-0.019781834716152136,-0.06431094897950007,-0.029988065848436274,-0.051099431834235924,-0.05275111037925677,-59.300048828125,3766.5
2026-01-21,3800.0,3830.0,3722.0,3766.5,3730.067138671875,2537185,-0.011547041070725572,4001.0849853515624,4018.9319970703127,3953.7310273569638,3970.779978917046,11.011480464676751,0.011508093934262076,-60.49499767153884,-27.59569263406168,-32.89930503747716,-0.02568680417349234,-0.07201637067894473,0.5301585712485051,-0.05863034307204304,-0.06281071619383669,-44.0,3793.800048828125
2026-01-22,3798.89990234375,3801.300048828125,3755.10009765625,3793.800048828125,3757.10302734375,1856812,0.007248121287169784,3988.0949829101564,4015.71599609375,3938.4995055923127,3963.8395895017943,11.802416679072195,0.011756490755446542,-65.21654281000656,-35.11986266925066,-30.0966801407559,-0.018624863958451754,-0.06409118871354347,-0.2681605795399232,-0.048718732857323345,-0.05526186301060429,27.300048828125,3743.800048828125
2026-01-23,3798.0,3799.39990234375,3720.10009765625,3743.800048828125,3707.586669921875,1898703,-0.01317939779547539,3972.9199829101562,4010.5419970703124,3919.9567001861997,3955.2105879067485,10.963919412974988,0.011954481156826015,-72.16115461011623,-42.528121057423775,-29.633033552692453,-0.02919817870734609,-0.07498826287610594,0.022560711585233095,-0.05767041245925153,-0.06651019947853469,-50.0,3787.800048828125
2026-01-27,3743.800048828125,3815.0,3739.0,3787.800048828125,3751.1611328125,2162193,0.01175276441747286,3960.3749877929686,4006.21,3907.3703524378116,3948.645468727195,18.21622579874638,0.01245057844409697,-73.26976893088477,-48.67645063211598,-24.593318298768786,-0.021189725299846307,-0.06212392734720207,0.13877367866380363,-0.04357540371726665,-0.05451784883265606,44.0,3794.0
2026-01-28,3804.300048828125,3828.199951171875,3769.10009765625,3794.0,3757.301025390625,2111741,0.0016368211341548644,3947.474987792969,4001.5360009765627,3896.573176015163,3942.580940541815,16.68503994170743,0.012411070959094784,-72.80877528323617,-53.50291556234002,-19.30585972089615,-0.004330140401522131,-0.06367226061204345,-0.023333717202858373,-0.03887928062054086,-0.05186408442306009,6.199951171875,3932.89990234375
2026-01-29,3860.0,3960.89990234375,3843.60009765625,3932.89990234375,3894.857421875,4227139,0.03661041179329194,3939.9449829101563,4000.2019970703127,3900.032864236933,3942.201291985028,41.39794782929951,0.015131183348788891,-60.53753420100975,-54.90983929007397,-5.62769491093578,0.044178920043475456,-0.036880151256581395,1.0017317464594382,-0.0017881164830892238,-0.016824674047924013,138.89990234375,3932.300048828125
2026-01-30,3902.5,3942.39990234375,3891.800048828125,3932.300048828125,3894.263427734375,2208465,-0.00015252193814230264,3929.539990234375,3998.45599609375,3903.1059294360944,3941.8130079396597,41.59276901866516,0.014683015602579437,-50.281279112751236,-53.984127254609426,3.7028481418581904,0.03650693189346699,-0.05026081016904338,-0.477550891986282,0.0007023872006924648,-0.016545373346675645,-0.599853515625,3921.300048828125
2026-02-02,3830.699951171875,3934.800048828125,3825.0,3921.300048828125,3883.369873046875,3034613,-0.002797345030493781,3917.4349975585938,3996.1339990234374,3904.838702711526,3941.00857817058,41.234528744675714,0.014560949663335113,-42.55023846966833,-51.69734949762121,9.147111027952882,0.04741172009321404,-0.0581495554581094,0.3740824509331142,0.0009866280543110505,-0.018726586799541766,-11.0,4038.800048828125
2026-02-03,4117.0,4122.0,4030.60009765625,4038.800048828125,3999.733154296875,3742190,0.02996455219873173,3911.8550048828124,3996.412001953125,3917.596926151202,3944.8435378042095,63.93594993498722,0.016307963494170977,-26.635032969023996,-46.68488619190177,20.049853222877772,0.0662653774656492,-0.026888939895310826,0.23316877638104105,0.03245136739139325,0.010606525767184164,117.5,4087.10009765625
2026-02-04,4029.0,4107.0,4016.89990234375,4087.10009765625,4047.566162109375,1403373,0.01195900966727459,3909.1800048828127,3997.8880029296874,3933.7400853421586,3950.4222264258583,69.41568625603016,0.016568243127066493,-10.009326382867584,-39.34977423009494,29.340447847227352,0.07725358398952298,-0.012920832424817674,-0.6249861711992175,0.04551340499828708,0.022314805882802907,48.300048828125,4063.300048828125
2026-02-05,4088.0,4088.5,4035.89990234375,4063.300048828125,4023.996337890625,1433240,-0.005823211631585279,3904.495007324219,3999.2200048828126,3946.0791294836795,3954.8488076965355,66.6329741475025,0.01657342772672169,1.2319991143890547,-31.23341956119814,32.465418675587195,0.03315623324322714,-0.02254028173487488,0.02128229629613787,0.04067236382836008,0.01602313547818684,-23.800048828125,4068.10009765625
2026-02-06,4055.0,4078.0,4042.300048828125,4068.10009765625,4028.749755859375,1630836,0.001181317837827267,3906.480017089844,3999.3420068359374,3957.700174071543,3959.2900347537793,67.96810051082615,0.015002631153921942,10.40817541773822,-22.90510056541087,33.31327598314909,0.03453450833910687,0.009855078014822327,0.13786665178197643,0.041372304442710554,0.017192350817406166,4.800048828125,4113.60009765625
2026-02-09,4073.89990234375,4124.7001953125,4062.39990234375,4113.60009765625,4073.809814453125,1830267,0.011184582214733174,3910.9000244140625,3999.9880078125,3972.547785841515,3965.3414097695627,69.62331519571143,0.015182208036285163,21.10850528027413,-14.102379396273871,35.210884676548005,0.04903987107173635,0.02196167831579121,0.12228758747047519,0.051829520564785174,0.028403107614785473,45.5,4169.0
2026-02-10,4140.0,4174.60009765625,4122.39990234375,4169.0,4128.673828125,1890409,0.013467498305271386,3918.4000244140625,4001.976005859375,3991.257520523276,3973.3280211511487,79.03775420611755,0.015409046738659754,33.6707672651778,-4.547750063983537,38.21851732916134,0.032237285727886755,0.037322717093804414,0.032859686592174864,0.06395466874860765,0.041735381195709714,55.39990234375,4170.39990234375
2026-02-11,4172.89990234375,4187.7001953125,4140.2998046875,4170.39990234375,4130.06005859375,1689489,0.000335788520928304,3932.5500244140626,4003.9200048828125,4008.3186997442735,3981.0563302175256,85.14008249892734,0.013090313528860052,43.24095599000066,5.009991146813302,38.23096484318735,0.02038115110889227,0.07279930213235253,-0.10628387825068542,0.060482352787140016,0.0415792266723396,1.39990234375,4185.89990234375
2026-02-12,4187.89990234375,4199.0,4160.89990234375,4185.89990234375,4145.41015625,2006458,0.003716669950833529,3948.5550170898437,4007.0280029296873,4025.2311952299383,3989.089411477378,84.82857448939274,0.01291192995332199,51.4826599084231,14.304524899135263,37.17813500928784,0.030172483459837807,0.08280300312290079,0.18761234905939017,0.060109301814625295,0.044639543143517535,15.5,4173.89990234375
2026-02-13,4174.10009765625,4199.0,4134.10009765625,4173.89990234375,4133.5263671875,2234376,-0.002866767070392906,3963.960009765625,4010.7460009765623,4039.390119716968,3996.336881707432,90.96972124043425,0.012975175762506423,56.39587340680646,22.722794600669502,33.67307880613696,0.02600717832593502,0.07969885912982533,0.11359221075148351,0.05296216209571151,0.04067919068608731,-12.0,4201.5
2026-02-16,4170.0,4206.0,4135.2998046875,4201.5,4160.859375,852552,0.006612544215722993,3981.2150146484373,4015.1039990234376,4054.8291559343998,4004.3824941894936,90.67848080602454,0.012899522315332616,61.80428637775549,30.5390929560867,31.265193421668787,0.021368120443655103,0.08948763260950021,-0.6184384365030774,0.05533109478916577,0.046423704347857,27.60009765625,4279.7998046875
2026-02-17,4210.10009765625,4287.0,4190.10009765625,4279.7998046875,4238.40185546875,1763048,0.01863615487028447,4001.7150024414063,4019.93599609375,4076.254932006124,4015.183173032553,91.8360430185658,0.013283747867009364,71.58346288131634,38.74796694113263,32.835495940183705,0.02657706996581921,0.10594856341053949,1.067965355778885,0.06949140607875295,0.06464376767348155,78.2998046875,4325.89990234375
2026-02-18,4290.5,4335.0,4261.10009765625,4325.89990234375,4284.05615234375,2042626,0.010771554689487761,4027.484997558594,4026.5199951171876,4100.03064346685,4027.368142809463,90.28291895809268,0.012422559693312503,82.10694556316548,47.4197626655392,34.68718289762628,0.037286592087394155,0.13525781455025587,0.15857651067923273,0.07409460369586754,0.07435202298501171,46.10009765625,4280.5
2026-02-19,4326.10009765625,4334.0,4261.89990234375,4280.5,4239.09521484375,2007080,-0.010494903573509129,4053.1849975585938,4032.1799951171874,4117.218201231912,4037.294882307131,82.68870136496008,0.012344380931310505,85.79450308348123,55.094710749127614,30.699792334353617,0.02259970373474096,0.13646621531926195,-0.017402108853994847,0.056083056307157896,0.06158455356246953,-45.39990234375,4380.60009765625
2026-02-20,4267.10009765625,4390.0,4267.10009765625,4380.60009765625,4338.22705078125,2542442,0.02338514137513137,4082.525,4039.96599609375,4142.302191367563,4050.7578319286654,86.93904494944596,0.012911032862490783,95.69109294139525,63.21398718758115,32.47710575381411,0.04952207770877126,0.1546734253982054,0.26673675189828017,0.07301243658183353,0.08431608134619438,100.10009765625,4418.10009765625
2026-02-23,4395.60009765625,4431.60009765625,4371.7001953125,4418.10009765625,4375.3642578125,2122782,0.008560470977495349,4116.240002441406,4048.25,4168.568658633152,4065.163410976806,85.01016088404424,0.01197798097187082,105.34578763985883,71.64034727803669,33.70544036182214,0.0515530400229085,0.1801111277401668,-0.16506177918709652,0.07333393947772861,0.09136048852127462,37.5,4259.2001953125
2026-02-24,4415.5,4440.0,4228.10009765625,4259.2001953125,4218.00146484375,3673070,-0.03596566370871601,4139.810009765625,4051.952001953125,4177.200233554995,4072.7726966370296,63.19179435740432,0.015504620504259664,99.03370965095019,77.1190197526194,21.914689898330792,-0.00481321798099954,0.12445222567390202,0.7303095654664493,0.02883953255469182,0.051147741448930535,-158.89990234375,4298.5
2026-02-25,4270.0,4344.89990234375,4254.2001953125,4298.5,4256.9208984375,2481469,0.009227038618835559,4165.035009765625,4056.0760009765627,4188.752592264043,4081.624747749303,67.61007082568794,0.015485182875646514,96.0947872740162,80.91417325689876,15.180614017117435,-0.006333919638063068,0.1329731154454401,-0.3244155434010242,0.03204414606874714,0.05976811059878316,39.2998046875,4286.5
2026-02-26,4304.89990234375,4340.0,4278.2998046875,4286.5,4245.037109375,2370148,-0.0027916715133186054,4182.715014648437,4060.53,4198.061869191278,4089.6590713669775,66.1777822466596,0.013856970446963485,91.73985051403724,83.07930870832647,8.660541805710778,0.0014017054082466895,0.08990823728962116,-0.044860927136305184,0.024812827311469592,0.05565037076440755,-12.0,4278.2998046875
2026-02-27,4288.89990234375,4304.7001953125,4254.39990234375,4278.2998046875,4236.91650390625,2357853,-0.0019130281844161878,4200.015002441406,4064.847998046875,4205.703577333776,4097.056747183468,62.9135786966246,0.013892993835934243,86.62824800748331,83.78909656815785,2.8391514393254624,-0.02335303170528702,0.08798915432775467,-0.005187439771693558,0.018639172050716045,0.052511633090139336,-8.2001953125,4066.699951171875
2026-03-02,4061.0,4141.39990234375,3975.39990234375,4066.699951171875,4027.36328125,6542141,-0.0494588652445036,4207.284997558594,4065.5599951171876,4192.465136746928,4095.866284594779,43.55711721430476,0.01835282940373178,64.75645433292539,79.98256812111136,-15.22611378818597,-0.07953648371859856,0.03707951458272185,1.7746178408916924,-0.03341467156807725,0.00028039336673337835,-211.599853515625,3882.60009765625
2026-03-04,3950.0,3959.0,3760.0,3882.60009765625,3845.044189453125,7635350,-0.04527008525981224,4199.475,4061.7419970703127,4162.954180643053,4087.5029047148364,35.26520992202296,0.01995625099352415,32.19644015551148,70.42534252799139,-38.22890237247991,-0.08842037950475312,-0.038674841359674916,0.16710263505479328,-0.075455837299603,-0.044104696837779366,-184.099853515625,4038.699951171875
2026-03-05,3924.199951171875,4072.89990234375,3908.89990234375,4038.699951171875,3999.634033203125,4996312,0.04020497851680771,4197.054992675781,4061.067998046875,4151.120444502941,4085.589063399426,43.41210070084477,0.02188573446608581,18.77195650601425,60.09466532359597,-41.32270881758172,-0.06043969962268814,-0.011842173014585566,-0.34563418834761994,-0.03773003731908429,-0.005507922272111068,156.099853515625,3949.800048828125
2026-03-06,4015.0,4015.0,3941.0,3949.800048828125,3911.593994140625,2379314,-0.02201200966116701,4191.379992675781,4058.887998046875,4131.947073486292,4080.264004004473,40.61636493410081,0.02239174947314546,0.948543129202335,48.26544088471724,-47.31689775551491,-0.07854892130453162,-0.02793296055818817,-0.5237859445126726,-0.05763732810430085,-0.02687631421986585,-88.89990234375,3842.10009765625
2026-03-09,3850.0,3852.0,3743.0,3842.10009765625,3804.93603515625,4248784,-0.02726719070344552,4180.079992675781,4054.657998046875,4104.342599597716,4070.9242429712094,35.89702861785129,0.023125781142259372,-21.617928335049783,34.28876704076384,-55.90669537581362,-0.10195632072192085,-0.05555418858306982,0.7857180683171705,-0.08085488689492301,-0.05242313913849552,-107.699951171875,3876.0
2026-03-10,3936.0,3972.0,3851.0,3876.0,3838.5078125,3330102,0.008823274116265045,4168.199987792968,4051.2319970703124,4082.595685350314,4063.280155011554,33.58269518853312,0.023057645960334324,-36.34758837409254,20.16149595779256,-56.5090843318851,-0.04689304680983952,-0.05775964897307939,-0.21622233561414272,-0.0701021996662128,-0.04325400204111568,33.89990234375,3838.800048828125
2026-03-11,3879.699951171875,3896.699951171875,3832.0,3838.800048828125,3801.667724609375,2066473,-0.009597510622258776,4151.689990234375,4047.2339990234377,4059.377053300582,4054.477013592596,30.051593714049517,0.022780813510637144,-50.44122025458546,6.040952715316957,-56.482172969902415,-0.011281112586012942,-0.07920363424607224,-0.3794565451748926,-0.07536447618734324,-0.05150034572886223,-37.199951171875,3719.5
2026-03-12,3825.0,3830.0,3704.89990234375,3719.5,3683.521728515625,4255443,-0.03107743235143068,4129.144995117187,4040.5839990234376,4027.007810129098,4041.340660118377,28.3364111761709,0.023545781668220012,-70.42522382525476,-9.252282592797386,-61.172941232457376,-0.07903532201723862,-0.10811910437901795,1.0592782968855632,-0.09920818852367794,-0.07946475041752378,-119.300048828125,3439.0
2026-03-13,3696.0,3697.0,3424.5,3439.0,3405.73486328125,10778730,-0.075413362011023,4091.8,4027.6939990234373,3971.0070663072793,4017.719457760794,18.08566308575908,0.02812865289712308,-107.65570840255668,-28.93296775474925,-78.72274064780743,-0.12932301445985228,-0.17843233707656247,1.532927829135533,-0.15953858937386972,-0.14616155029805472,-280.5,3469.39990234375
2026-03-16,3453.5,3494.800048828125,3396.60009765625,3469.39990234375,3435.8408203125,8459233,0.008839750608825137,4056.575,4014.2739990234377,3923.23495545361,3996.2167300973806,17.689504690742282,0.02839222087950007,-133.17298236131046,-49.78097067606149,-83.39201168524897,-0.09700429084079665,-0.16878698974175343,-0.21519204952717064,-0.14474651588008353,-0.1357341568642899,30.39990234375,3542.800048828125
2026-03-17,3478.0,3550.0,3450.0,3542.800048828125,3508.531005859375,5003418,0.021156438735929317,4023.640002441406,4001.862001953125,3887.0030595845164,3978.435683773096,24.092272696692135,0.028988022431301563,-145.79222540304727,-68.98322162145865,-76.80900378158861,-0.08596489968314625,-0.15677732980408787,-0.40852580842731245,-0.11950372133727769,-0.11471208974746078,73.400146484375,3607.89990234375
2026-03-18,3569.0,3638.800048828125,3555.0,3607.89990234375,3573.001220703125,4190485,0.01837525477543056,3990.0450073242187,3991.012001953125,3860.421806513967,3963.9048688150824,25.48280371460011,0.028975421645140942,-148.82449616210124,-84.95147652958718,-63.87301963251406,-0.06014904229118734,-0.15699330179132298,-0.16247553172651175,-0.09577463519308536,-0.09599372275049219,65.099853515625,3434.5
2026-03-19,3526.699951171875,3528.300048828125,3422.0,3434.5,3401.278564453125,4898518,-0.048061173268999724,3945.4750122070313,3976.89,3819.8578249412085,3943.143893567432,22.86277325083539,0.029929834538322708,-163.33667205872962,-100.62851563541568,-62.70815642331394,-0.07662320204328543,-0.20606114853947366,0.16896206525020374,-0.12950912390171257,-0.1363854670357993,-173.39990234375,3434.800048828125
2026-03-20,3475.0,3524.0,3410.0,3434.800048828125,3401.57568359375,4743217,8.736317604451926e-05,3903.1900146484377,3962.4460009765626,3783.1856557875817,3923.208840832557,22.997624555317287,0.03003329244440327,-172.82128834405785,-115.06707017714413,-57.75421816691372,-0.0012212710589923903,-0.19757036588526455,-0.031703670375407444,-0.12000183543780171,-0.1331616764035136,0.300048828125,3342.39990234375
2026-03-23,3405.10009765625,3409.89990234375,3288.10009765625,3342.39990234375,3310.0693359375,5645839,-0.02690117187924801,3851.2800048828126,3948.7260009765623,3741.2060602215024,3900.4320197153493,24.897750104623285,0.029138045474734645,-185.6537340040336,-129.184402942522,-56.46933106151158,-0.03660575418653966,-0.2369995370880733,0.19029742893905133,-0.1321327200031894,-0.15354980276749042,-92.400146484375,3516.800048828125
2026-03-24,3440.0,3547.10009765625,3390.5,3516.800048828125,3482.782470703125,6037848,0.0521781209848895,3806.2150024414063,3938.5580029296875,3719.8340591364185,3885.387628700164,37.23656276519204,0.03229932344122493,-179.67966995535744,-139.2834563450891,-40.39621361026835,-0.007338827944467274,-0.20400172673911443,0.06943325872381423,-0.07603746856854986,-0.10708435772377577,174.400146484375,3649.300048828125
2026-03-25,3569.89990234375,3660.0,3546.0,3649.300048828125,3614.000732421875,5090205,0.03767629611019596,3775.7199951171874,3931.16400390625,3713.1165343451526,3876.129292234594,36.18561340552811,0.03346115325733702,-162.38170330804314,-143.9031057376799,-18.478597570363235,0.011474860058473535,-0.1431959331603163,-0.15695045652027018,-0.03348234150110453,-0.07169987179320103,132.5,3564.10009765625
2026-03-27,3640.0,3640.0,3547.0,3564.10009765625,3529.625,3991388,-0.023346929556870677,3739.0,3924.6980078125,3698.9244927557334,3863.8928532315217,36.28085777301435,0.03341428278620932,-153.77523889655913,-145.87753236945576,-7.897706527103367,0.03773477876146458,-0.17085027389641738,-0.21586890901250544,-0.04677718704031827,-0.091879148265279,-85.199951171875,3504.10009765625
2026-03-30,3500.0,3543.60009765625,3491.10009765625,3504.10009765625,3470.205322265625,3549203,-0.01683454402401774,3699.8800048828125,3917.4640087890625,3680.3697884605444,3849.7833334050406,37.55522827687776,0.03342917872733774,-150.06618286025014,-146.71526246761465,-3.350920392635487,0.020175861139797302,-0.18252651401930475,-0.1107847696089681,-0.052915204538576247,-0.1055182409348002,-60.0,3607.5
2026-04-01,3655.0,3682.89990234375,3597.300048828125,3607.5,3572.60498046875,4099786,0.029508261597010366,3666.3400146484373,3912.2980078125,3673.429808607159,3840.282026212686,40.5954465849387,0.03452445053370372,-137.20164608802497,-144.81253919169671,7.610893103671742,0.07931429673342105,-0.15679121036645005,0.15512863028685597,-0.016048706452033594,-0.07790766633928359,103.39990234375,3613.10009765625
2026-04-02,3539.300048828125,3629.0,3470.0,3613.10009765625,3578.151123046875,4121638,0.0015523486226611816,3643.660021972656,3907.43201171875,3667.6841218499294,3831.372930975179,41.91561259806768,0.03315109635151187,-125.11231010201664,-140.8724933737607,15.760183271744069,0.02738286154773406,-0.11154003466248208,0.005330034299351194,-0.008387150319216968,-0.07532617667556883,5.60009765625,3727.699951171875
2026-04-06,3616.60009765625,3737.0,3577.0,3727.699951171875,3691.642333984375,3353246,0.0317178739636812,3635.9150146484376,3904.590009765625,3673.3999151186863,3827.307323924069,50.2947078586715,0.032741319219150695,-105.07295815045563,-133.7125863290997,28.639628178644074,0.021483545144205474,-0.03989598274050454,-0.18642879360099063,0.02524397191728978,-0.04530310689504834,114.599853515625,3723.300048828125
2026-04-07,3680.0,3736.199951171875,3658.0,3723.300048828125,3687.284912109375,3083714,-0.001180326314183855,3620.14501953125,3902.8460107421874,3678.1523088052995,3823.22860725364,62.7477394930956,0.03123883027175775,-88.52618791211898,-124.67530664570356,36.14911873358457,0.04466764311040672,-0.07809441309256782,-0.0803794293648602,0.028494722929699623,-0.046003854986817416,-4.39990234375,4005.89990234375
2026-04-08,3948.0,4032.0,3931.0,4005.89990234375,3967.1513671875,7368477,0.07590037058779897,3622.9500122070312,3907.6340087890626,3709.366365332771,3830.3921874532525,69.61895987115344,0.03557142868270638,-52.009770631125775,-110.14219944278801,58.13242881166224,0.14320361596494724,0.014203213535396442,1.3894813202521377,0.1057011244556016,0.025147158954412684,282.599853515625,3896.199951171875
2026-04-09,3988.0,3988.0,3885.60009765625,3896.199951171875,3858.512451171875,4415151,-0.027384596182169263,3625.6550048828126,3909.6820068359375,3727.16004017459,3832.972884069669,62.58905673609845,0.0355764017067737,-31.558331309231107,-94.42542581607664,62.86709450684553,0.08002770649255031,0.014080802722611807,-0.4008054853126365,0.07461960554016002,-0.0034483765279349097,-109.699951171875,3959.89990234375
2026-04-10,3932.0,3965.0,3915.60009765625,3959.89990234375,3921.59619140625,2822017,0.016349251057486303,3629.85,3914.00400390625,3749.3257413335577,3837.950414198064,62.55170708690481,0.035699742973637726,-10.094007173702721,-77.55914208760186,67.46513491389913,0.09598400136006813,0.021646001636674406,-0.3608334120395882,0.09092659540855685,0.01172607345104781,63.699951171875,3954.300048828125
2026-04-13,3825.0,3971.699951171875,3815.60009765625,3954.300048828125,3916.050537109375,4897563,-0.0014141401686216248,3635.625,3917.33400390625,3768.847103952088,3842.5131449678706,71.05477125555838,0.03561050258568746,6.39109045458099,-60.76909557916529,67.16018603374627,0.06078818054683133,0.03008752696959527,0.7354831668271311,0.08765344303335053,0.009436531295267019,-5.599853515625,4076.300048828125
2026-04-15,4045.39990234375,4104.0,4031.10009765625,4076.300048828125,4036.87060546875,4562142,0.030852489313792697,3653.4650024414063,3922.9800048828124,3798.128336797425,3851.6812588447433,73.65239233037073,0.035265858315543366,28.966126027115934,-42.82205125790905,71.78817728502499,0.09480836767670753,0.09592688501898783,-0.06848732726868445,0.11573534880015592,0.039082545349321145,122.0,4119.7998046875
2026-04-16,4128.0,4149.0,4089.0,4119.7998046875,4079.949462890625,5092608,0.010671382218755188,3687.504992675781,3926.7180029296874,3828.763714691718,3862.1957116228905,79.73532615354273,0.02973016806319839,49.79308740147826,-24.29902352603159,74.09211092750985,0.02843303754971771,0.19796446777769705,0.11627564420397252,0.11723233266676363,0.04917129307827965,43.499755859375,4096.10009765625
2026-04-17,4134.0,4142.89990234375,4072.800048828125,4096.10009765625,4056.47900390625,2796673,-0.005752635602410683,3718.8400024414063,3929.99400390625,3854.2243225931024,3871.368432643807,75.04542413699417,0.029925309679586554,63.652489770334796,-6.7087208667583145,70.36121063709311,0.05130643934848633,0.18063648266351007,-0.4508367814683557,0.10144563760935497,0.042266246102385295,-23.69970703125,4051.0
2026-04-20,4100.0,4130.0,4024.0,4051.0,4011.815185546875,3545024,-0.011010496955886406,3744.25,3932.5880029296877,3872.9648632985213,3878.412807834246,68.78684749518672,0.030087821676426256,70.18788281301067,8.670599869195483,61.51728294381519,0.023005656683980913,0.14344584627065693,0.2675861639884247,0.08192561928290044,0.030110450670677445,-45.10009765625,4075.39990234375
2026-04-21,4039.0,4091.800048828125,4032.0,4075.39990234375,4035.97900390625,2426718,0.006023180040422016,3767.625,3933.32,3892.244390826638,3886.137791932658,75.35457695801833,0.029971808632987516,76.45477404124131,22.22743470360465,54.22733933763666,0.030624851938464648,0.12957676561267806,-0.3154579489447744,0.08168936726551873,0.036122131518348324,24.39990234375,4021.10009765625
2026-04-22,4070.0,4070.0,4011.0,4021.10009765625,3982.20458984375,2178082,-0.013323797906623192,3796.9550048828123,3932.0,3904.5163629056487,3891.430431372799,75.78299945162036,0.027550348503962284,76.161843728843,33.01431650865232,43.147527220190675,-0.013541680080136453,0.17079635977762408,-0.1024577227349861,0.05903285461249642,0.0226602486409588,-54.2998046875,4054.10009765625
2026-04-23,4009.89990234375,4064.0,3978.5,4054.10009765625,4014.88525390625,2229134,0.008206709407516222,3827.9200073242187,3931.8160009765625,3918.7624328818965,3897.8096339721496,73.95412496601878,0.027483191381109474,77.69687731623708,41.95082867016927,35.746048646067806,-0.01594730572987968,0.1803016303785765,0.023438970617267962,0.059086942752007786,0.031101174787760998,33.0,4014.300048828125
2026-04-24,4072.0,4088.10009765625,3983.199951171875,4014.300048828125,3975.47021484375,2162213,-0.009817233879137355,3861.5150146484375,3930.74,3927.861253448204,3902.3778855351293,70.75747612210989,0.026569588006008032,74.83917178940192,48.52849729401581,26.31067449538611,-0.019970227015431163,0.20102326654965097,-0.030021075449030876,0.03956608574616599,0.021258096141725278,-39.800048828125,4053.60009765625
2026-04-27,4058.0,4089.5,4030.199951171875,4053.60009765625,4014.39013671875,2000348,0.00979001279179359,3888.355017089844,3929.54,3939.836381468018,3908.3081683634086,68.28641887635992,0.024606550768483233,74.88240728840537,53.79927929289372,21.083127995511653,0.0006418409420514415,0.15263877427634776,-0.07486080233538506,0.04249742624840885,0.03157115022528083,39.300048828125,4037.699951171875
2026-04-28,4060.0,4087.89990234375,4023.89990234375,4037.699951171875,3998.643798828125,1750237,-0.003922475355565558,3907.775012207031,3926.9139990234376,3949.1567214398137,3913.3823559245247,67.41636430815305,0.023653139504906297,72.79453273430181,57.59832998117535,15.196202753126464,-0.009250613945932962,0.1064313422154679,-0.12503374412852164,0.03324780432829089,0.02821196292457339,-15.900146484375,4096.10009765625
2026-04-29,4060.0,4126.0,4051.300048828125,4096.10009765625,4056.47900390625,2175030,0.014463716271791105,3934.3750122070314,3925.4280029296874,3963.151328698522,3920.547757561063,56.64801542002732,0.022733679205350753,74.9878674016727,61.076237465274815,13.911629936397887,0.018651612289809716,0.14926629034629046,0.24270598781764985,0.041105660987435226,0.04347859509821194,58.400146484375,4014.0
2026-04-30,4083.0,4100.0,3990.0,4014.0,3975.173095703125,2569328,-0.020043479333726966,3959.870007324219,3921.9900048828126,3967.9940592986627,3924.212551382198,59.05040937098483,0.02292291785366286,69.30243386761276,62.72147674574241,6.580957121870355,-0.009891245082831679,0.14551522163559238,0.18128393631352213,0.013669638795127528,0.023460027945669534,-82.10009765625,4014.0
2026-05-01,4014.0,4014.0,4014.0,4014.0,3975.173095703125,0,0.0,3980.1950073242188,3918.7920068359376,3972.375577460695,3927.7336277985823,54.60740364942863,0.022344297850644974,64.05826304898892,62.98883400639171,1.069429042597207,-7.474499276971525e-05,0.11268191268191274,-1.0,0.008493300608029119,0.024295240216368114,0.0,4100.7998046875
2026-05-04,4026.0,4139.5,4026.0,4100.7998046875,4061.13330078125,2173027,0.021624266240034773,4004.5799926757813,3916.7780029296873,3984.6064562441998,3934.5205366961873,60.96063535785457,0.022602958382105603,66.14377445620448,63.61982209635427,2.523952359850213,0.011643898237159611,0.13498095647768293,inf,0.024027441626263153,0.0469829542598961,86.7998046875,4054.5
2026-05-05,4085.0,4090.0,4024.0,4054.5,4015.28125,3849402,-0.01129043281619746,4020.9199951171877,3912.2720068359376,3991.2629842209426,3939.225613688494,48.1606419018435,0.0221271209989709,63.330515219479366,63.56196072097929,-0.23144550149992682,0.00416079674846781,0.08766801328132345,0.7714469263382369,0.008351323807384943,0.03635432120147742,-46.2998046875,4008.5
2026-05-06,3974.0,4021.0,3900.0,4008.5,3969.726318359375,9540104,-0.011345418670612895,4035.1799926757812,3905.9240087890626,3992.9046047713286,3941.942256288945,40.648640754075444,0.022378262375432348,56.73516379219291,62.19660133522202,-5.461437543029113,-0.02138621995746004,0.07659870207388719,1.4783340373387865,-0.006611846986803034,0.02626164538278835,-46.0,4023.0
2026-05-07,4028.0,4065.800048828125,3991.0,4023.0,3984.0859375,3477185,0.0036173132094299287,4036.0349975585937,3900.7740087890625,3995.7708328883446,3945.1209913364373,43.76172471066893,0.014642941167196596,52.07800624896663,60.172882317970945,-8.094876069004314,0.0022421524663676085,0.004268728144266598,-0.6355191725373224,-0.00322965424394946,0.031333779125769144,14.5,3974.5
2026-05-08,4010.0,4014.0,3960.0,3974.5,3936.05517578125,1620273,-0.012055679840914713,4039.95,3892.6520068359373,3993.745039279931,3946.273109323244,43.50924610940884,0.013471072108491428,43.96680867237683,56.93166758885213,-12.9648589164753,-0.009840558046836034,0.020096517070324893,-0.5340273813443921,-0.016200695553162742,0.021026280546097717,-48.5,3940.199951171875
2026-05-11,3948.0,3953.5,3886.10009765625,3940.199951171875,3902.0869140625,2027769,-0.008630028639608711,4038.9650024414063,3883.09400390625,3988.645507079164,3946.034946258485,38.71829420984932,0.013134764192137223,34.37464931215072,52.42026393351185,-18.045614621361125,-0.03916305627308314,-0.004974860894896627,0.25149835860993797,-0.0244530594372151,0.014706300493415491,-34.300048828125,3856.5
2026-05-12,3925.10009765625,3940.0,3847.0,3856.5,3819.196533203125,2255075,-0.02124256438990646,4034.075,3875.04,3976.060220690672,3942.523771895407,36.90740756563949,0.013956419199758227,19.79077166507659,45.8943654798248,-26.10359381474821,-0.04883462819089901,-0.024732581650476537,0.11209659482909551,-0.044018765144425875,-0.0047844667409884705,-83.699951171875,3915.800048828125
2026-05-13,3848.0,3953.0,3848.0,3915.800048828125,3877.923095703125,2486330,0.015376649508135554,4026.05,3867.3860009765626,3970.3211567037624,3941.4757827555136,39.441134685146636,0.012434164034187047,12.869609065594432,39.289414196978726,-26.419805131384294,-0.023125845371554155,-0.03937394158365293,0.10254869571965464,-0.027384148525695203,0.012518545560059748,59.300048828125,3940.39990234375
2026-05-14,3942.0,3988.0,3925.0,3940.39990234375,3902.284912109375,2982228,0.006282203689891297,4017.0800048828123,3860.4639990234373,3967.4715134313806,3941.4335913668174,44.22384304164817,0.012237164490454014,9.26276504085763,33.28408436575451,-24.02131932489688,-0.02053196561179471,-0.043545781554635066,0.19944979145970154,-0.019088517641136515,0.020706294202078743,24.599853515625,3909.0
2026-05-15,3949.39990234375,3949.39990234375,3893.0,3909.0,3871.188720703125,1339185,-0.007968709552823139,4007.725,3853.0780029296875,3961.902797866487,3940.161685823021,38.556493957150565,0.012281431054068936,3.826496002136537,27.392566693030915,-23.566070690894378,-0.016480060384954087,-0.04567761851408536,-0.5509447969772935,-0.024633676212813982,0.01451359070016029,-31.39990234375,3917.800048828125
2026-05-18,3873.89990234375,3924.699951171875,3852.0,3917.800048828125,3879.903564453125,1771638,0.0022512276357444794,4001.0650024414062,3850.1000048828123,3957.70253605331,3939.284758882045,40.40339694462574,0.012141515593454699,0.22570226290781648,21.959193807006297,-21.73349154409848,-0.0056849658954714055,-0.03288075812685143,0.32292252377378783,-0.020810697542397807,0.017583970249981422,8.800048828125,3921.0
2026-05-19,3940.89990234375,3960.0,3900.0,3921.0,3883.07275390625,2318170,0.0008167724569894119,3993.345007324219,3850.8680029296875,3954.2070564291853,3938.567709514122,34.62684391705642,0.012024715411585585,-2.342737778479659,17.098807489909106,-19.441545268388765,0.016725009723842943,-0.03788582864100165,0.30848965759370706,-0.01811639294664759,0.01821199714374969,3.199951171875,3910.699951171875
2026-05-20,3901.60009765625,3943.5,3883.10009765625,3910.699951171875,3872.872314453125,1972259,-0.0026268933507077596,3987.825,3848.3080029296875,3950.063522595156,3937.4748562457985,39.62224630220002,0.011722092997734298,-5.150006802568441,12.649044631413597,-17.799051433982036,-0.001302440776509095,-0.02745520971952997,-0.14921727051941835,-0.019340128723834376,0.016212826051004485,-10.300048828125,3928.5
2026-05-21,3970.0,3970.0,3912.699951171875,3928.5,3890.5,1624945,0.0045516273430261656,3981.5449951171877,3847.882001953125,3948.00985377657,3937.1229010989045,41.70707264930954,0.011593441818396999,-5.870797649367887,8.9450761752573,-14.815873824625188,-0.0030199732612601338,-0.03098100555752481,-0.1760995893541365,-0.013322716478713666,0.020951265658862364,17.800048828125,3926.60009765625
2026-05-22,3907.0,3960.0,3900.10009765625,3926.60009765625,3926.60009765625,1330428,-0.0004836202987781313,3977.1599975585937,3849.572001953125,3945.9708293841586,3936.710242140369,29.77242625880517,0.011428055639332515,-6.520175307195132,5.852025878766814,-12.372201185961945,0.004502455271488959,-0.021846884912720133,-0.18124736529544072,-0.012712563722198804,0.02000952201025047,-1.89990234375,4033.39990234375
2026-05-25,3970.0,4038.39990234375,3961.5,4033.39990234375,4033.39990234375,2099927,0.027199053132823003,3976.1499877929687,3852.72,3954.2974077612625,3940.501993520894,47.851749700727396,0.012868712963922406,1.564999554845599,4.994620613982572,-3.4296210591369727,0.02950631785055058,-0.004983272850269449,0.5783845499343068,0.014398328716608325,0.046896712541723826,106.7998046875,4037.800048828125
2026-05-26,4029.60009765625,4052.89990234375,4014.199951171875,4037.800048828125,4037.800048828125,1552847,0.0010909274039050398,3976.154992675781,3856.7,3962.250040243821,3944.3176035329425,53.259184064750805,0.012840595825108983,8.232712348020414,5.642238960790141,2.590473387230273,0.029788331759276865,2.4790761438575615e-05,-0.26052334200188865,0.015503685411131162,0.04695725589963575,4.400146484375,4047.5
2026-05-27,4043.0,4069.89990234375,4017.89990234375,4047.5,4047.5,1607028,0.0024022861594372724,3973.724987792969,3863.26,3970.3690840301238,3948.3639720218466,52.75466788178908,0.01240532392466725,14.136669047574287,7.34112497814697,6.795544069427317,0.03498096262464001,-0.011864968261898312,0.03489139625475013,0.018565706593602533,0.04769029265439027,9.699951171875,4047.5
2026-05-28,4047.5,4047.5,4047.5,4047.5,4047.5,0,0.0,3975.3999877929687,3875.43,3977.714885551064,3952.251659393539,59.21252574200442,0.011523695490750264,18.601174506796724,9.593134883876921,9.008039622919803,0.030291459844724367,0.008345789735924258,-1.0,0.018136542845606653,0.044400234296581326,0.0,4076.5
2026-05-29,4045.800048828125,4128.0,4045.0,4076.5,4076.5,4882940,0.007164916615194583,3978.5249877929687,3887.572001953125,3987.1229916890584,3957.1241433388905,67.43414786478257,0.011619015114264181,24.20041753602436,12.514591414306409,11.685826121717952,0.038175494986928626,0.015570503238664601,inf,0.024625963769899964,0.048597941839265524,29.0,4010.800048828125
2026-06-01,4089.0,4105.7998046875,4002.10009765625,4010.800048828125,4010.800048828125,1409388,-0.01611675485634123,3974.025,3896.932001953125,3989.3779495118265,3959.2290808090565,70.6892183237233,0.011119224288704226,23.07047887528688,14.625768906502504,8.444709968784377,-0.005603176987853953,-0.021946878693395178,-0.7113648744403986,0.009253854424198365,0.029219921419703945,-65.699951171875,4000.89990234375
2026-06-02,3980.0,4017.0,3923.5,4000.89990234375,4000.89990234375,2085054,-0.002468371986598439,3971.3449951171874,3904.792001953125,3990.475278352962,3960.863230673162,63.15300119617676,0.010863667088975794,21.132532582505064,15.927121641703017,5.205410940802047,-0.009138676021137937,-0.013219903232519425,0.47940382634164624,0.007442039727825378,0.024612809169490546,-9.900146484375,3953.199951171875
2026-06-03,4000.89990234375,4008.0,3894.0,3953.199951171875,3953.199951171875,1872929,-0.011922305565288505,3968.5799926757813,3915.1660009765624,3986.9252471928585,3960.562709908406,51.84651676829805,0.010894395600828876,15.568247700289703,15.855346853420356,-0.2870991531306526,-0.023298344367665202,-0.013795696352282616,-0.1017359742241688,-0.003875452058996165,0.009714517899324267,-47.699951171875,3942.10009765625
2026-06-04,3945.0,3974.89990234375,3930.10009765625,3942.10009765625,3942.10009765625,1398297,-0.0028078148468899666,3964.5349975585937,3925.312001953125,3982.656185332229,3959.8386858985177,55.07203761398972,0.010856975185323968,10.145890914398024,14.71345566561589,-4.567564751217866,-0.026040741777331733,-0.020109346841598263,-0.25341697416186093,-0.005658898185073238,0.004276881861816716,-11.099853515625,3953.199951171875
2026-06-05,3960.0,3978.0,3923.89990234375,3953.199951171875,3953.199951171875,1278243,0.0028157208697527913,3963.4699951171874,3937.5280029296873,3979.85082969791,3959.5783433602182,55.38647967523166,0.010562269262635048,6.667441394910384,13.10425281147479,-6.436811416564407,-0.03024654699573781,-0.005359176960152201,-0.08585729641127748,-0.0025911748942125537,0.003980149025105876,11.099853515625,3875.5
2026-06-08,3901.10009765625,3916.699951171875,3863.10009765625,3875.5,3875.5,1678709,-0.019654950959119066,3960.234997558594,3944.702001953125,3969.912655440966,3956.2811534245234,44.35623367750876,0.01128733188979556,-2.3321085089396547,10.016980547391901,-12.349089056331556,-0.03373393018374404,-0.01642047408092384,0.31329410761490584,-0.021396456930164846,-0.017543024015213664,-77.699951171875,3900.60009765625
2026-06-09,3924.89990234375,3924.89990234375,3885.0,3900.60009765625,3900.60009765625,1506501,0.006476608864985245,3962.4400024414062,3949.7280029296876,3963.3114594614694,3954.097582610081,48.791593470182285,0.010299408599586194,-7.3541741931217075,6.542749599289179,-13.896923792410886,-0.02506931118890121,0.011435264529041866,-0.1025835925106734,-0.015606521422924862,-0.012438300874641811,25.10009765625,3917.5
2026-06-10,3904.0,3962.800048828125,3900.0,3917.5,3917.5,2033070,0.004332641624529732,3962.525,3956.7960009765625,3958.948463322282,3952.6623832920386,48.681053611470524,0.009747823955102371,-9.856892428884294,3.2628211936544846,-13.119713622538779,-0.009030646466868464,0.00043412614297899665,0.349531132073593,-0.011362704336250267,-0.00993126786593597,16.89990234375,3862.0
2026-06-11,3900.0,3909.800048828125,3854.39990234375,3862.0,3862.0,2224659,-0.014167198468410969,3958.6050048828124,3963.9539990234375,3949.7152763392073,3949.106995711959,43.13640551656588,0.01012668438624794,-16.132732728368865,-0.6162895907501853,-15.51644313761868,-0.02031914352044817,-0.019896432922231533,0.09423630273428851,-0.024403800016332328,-0.02572027804776619,-55.5,4049.300048828125
2026-06-12,3930.0,4059.800048828125,3921.0,4049.300048828125,4049.300048828125,3065790,0.048498200110855816,3965.620007324219,3972.79,3959.199540385771,3953.036135049848,51.44258308026607,0.014842205230585855,-5.924538381524144,-1.677939348904977,-4.246599032619167,0.02430944521988132,0.03589154485242396,0.378094350639806,0.02110137666981581,0.019258518277614732,187.300048828125,4169.7998046875
2026-06-15,4130.0,4214.89990234375,4130.0,4169.7998046875,4169.7998046875,3978153,0.029758169166606452,3978.2199951171874,3983.923994140625,3979.2567084145066,3961.5366711140696,59.89207599834459,0.016100727271823306,11.753366926085619,1.0083219060931423,10.745045019992476,0.07593853817249396,0.06432175014514896,0.2975947471940348,0.048157168232389115,0.046656465038051126,120.499755859375,4186.39990234375
2026-06-16,4205.0,4235.39990234375,4177.10009765625,4186.39990234375,4186.39990234375,2647549,0.003981029889633669,3991.489990234375,3993.0979931640627,3998.984631645863,3970.3548370446456,60.30262444985933,0.01609117566099044,26.793860448203304,6.165429614515175,20.628430833688128,0.07327072694768888,0.06768678968216024,-0.3344778343115511,0.0488313668795973,0.048409007119436645,16.60009765625,4207.7001953125
2026-06-17,4200.10009765625,4214.7001953125,4172.0,4207.7001953125,4207.7001953125,1312925,0.005087973787889943,4006.3400024414063,4002.78599609375,4018.862304376019,3979.662498153189,61.5185661352962,0.016031424156215213,39.97154842516784,12.926653376645708,27.04489504852213,0.0740779056317804,0.07594554628299366,-0.504097941152364,0.05026038547611726,0.051192894004006805,21.30029296875,4190.0
2026-06-18,4207.7001953125,4244.89990234375,4165.60009765625,4190.0,4190.0,1485427,-0.0042066198851853365,4019.415002441406,4006.467998046875,4035.161132530684,3987.911027637378,58.29556963877471,0.016128759826742157,48.42845022350002,20.027012746016574,28.401437477483448,0.0849300880372863,0.06656484663357509,0.13138755069786923,0.04244025497615447,0.04580892747492195,-17.7001953125,4209.39990234375
2026-06-19,4190.0,4217.5,4161.60009765625,4209.39990234375,4209.39990234375,1397746,0.004630048292064481,4033.5549926757812,4012.7319970703124,4051.755301084309,3996.5968658611578,65.56913125677292,0.016105320564690277,56.049907372423604,27.23159167129798,28.818315701125623,0.039537661221711096,0.07202154475988021,-0.05902747156204913,0.04359551561520095,0.049010974422668746,19.39990234375,4201.2998046875
2026-06-22,4228.0,4235.39990234375,4190.0,4201.2998046875,4201.2998046875,1169466,-0.0019242879850260852,4041.949987792969,4017.5599951171876,4065.9976347608035,4004.624432089642,65.75470930375394,0.015147888743816264,60.73622746384672,33.932518829807734,26.803708634038983,0.00755431950584029,0.041627387913156344,-0.16332008819914345,0.039423995194344585,0.045734179400836295,-8.10009765625,4179.39990234375
2026-06-23,4210.0,4242.39990234375,4166.0,4179.39990234375,4179.39990234375,2198497,-0.005212649266142733,4049.02998046875,4022.0619921875,4076.797850721084,4011.478372099607,68.53490407017102,0.01523637195530994,61.968694271997265,39.539753918245644,22.42894035375162,-0.001672081063273767,0.035068565011464825,0.8799152775711307,0.032197815897601005,0.03911871832454721,-21.89990234375,4181.7001953125
2026-06-24,4176.5,4215.0,4170.0,4181.7001953125,4181.7001953125,1367416,0.0005503883386368535,4055.739990234375,4024.1699951171877,4086.788550205981,4018.153737715799,69.9201814125235,0.015238359382035924,62.41160537820406,44.11412421023733,18.29748116796673,-0.006179147466106261,0.03315631755713411,-0.37802234890472897,0.031057268311434814,0.039146010329199545,2.30029296875,4216.39990234375
2026-06-25,4207.0,4272.2998046875,4187.10009765625,4216.39990234375,4216.39990234375,3104020,0.008297990150070156,4064.1849853515623,4026.1019970703123,4099.132488504816,4025.9280971129733,71.05598786875474,0.01530130525031936,64.81543993538025,48.25438735526591,16.561052580114342,0.006300692683472553,0.04172943850370592,1.2699895276931086,0.037452753145049256,0.04726604179723028,34.69970703125,4216.39990234375
2026-06-26,4216.39990234375,4216.39990234375,4216.39990234375,4216.39990234375,4216.39990234375,0,0.0,4071.17998046875,4028.5079931640626,4110.300813632333,4033.397579671043,81.14377122791115,0.015261675405779468,65.96014860626883,51.7955396054665,14.16460900080233,0.0016629448763236798,0.03431863175364902,-1.0,0.035670228919302105,0.04664057003201172,0.0,4165.2001953125
2026-06-29,4225.0,4252.0,4157.7998046875,4165.2001953125,4165.2001953125,2706906,-0.012142991228794475,4078.8999877929687,4030.7919970703124,4115.529326173301,4038.5663096961985,73.07291094528507,0.015040443869032428,62.02101041024116,53.84063376642143,8.180376643819727,-0.008592485909889813,0.03849609669010734,inf,0.021157715996421644,0.03334535702657917,-51.19970703125,4143.39990234375
2026-06-30,4183.0,4193.7998046875,4134.10009765625,4143.39990234375,4143.39990234375,1539094,-0.0052339124043266905,4086.0249877929687,4032.1519970703125,4118.183666760963,4042.6774309764946,69.5313667561947,0.015096258034826948,56.48894417470456,54.37029584807806,2.1186483266264986,-0.00861367680556524,0.03561698704746963,-0.43141948778420824,0.014041743435781559,0.027590206260643985,-21.80029296875,4092.60009765625
2026-07-01,4130.10009765625,4142.7998046875,4081.10009765625,4092.60009765625,4092.60009765625,1437109,-0.012260415572912686,4092.9949951171875,4033.5819970703124,4115.747136370038,4044.635182610995,70.10112085044005,0.015112682219440747,47.45854952307582,52.987946583077616,-5.5293970600017985,-0.021307146255039378,0.03526260958367455,-0.06626300927688622,-9.64812958258195e-05,0.014631684847067424,-50.7998046875,4059.39990234375
2026-07-02,4100.0,4110.0,4012.0,4059.39990234375,4059.39990234375,2481554,-0.00811225004160876,4098.8599853515625,4033.6879931640624,4110.380733129439,4045.214191227966,51.20379590437608,0.01524452942595813,37.19416719817491,49.82919070609708,-12.63502350792217,-0.03723555726123828,0.029755663677144994,0.7267681157100818,-0.00962708732399601,0.006374293010084538,-33.2001953125,4026.60009765625
2026-07-03,4080.0,4094.0,4019.0,4026.60009765625,4026.60009765625,1505428,-0.008079963905148313,4102.529992675782,4033.933994140625,4102.401624989136,4044.484226774173,28.420798584898023,0.015391856557406948,26.111898424983337,45.08573224987433,-18.973833824890995,-0.045014659207727625,0.018567273952995178,-0.39335271366248725,-0.018508065792349777,-0.0018180506907222048,-32.7998046875,4041.0
2026-07-06,4027.699951171875,4068.0,4016.5,4041.0,4041.0,1252054,0.0035761938097929047,4110.804992675781,4033.6819921875,4096.553851180646,4044.3475904300876,27.942982514618052,0.014605092738158208,18.280347881670878,39.72465537623364,-21.444307494562764,-0.029818541603900406,0.04270416720423165,-0.1683069532385475,-0.01698085722873081,0.001814225272759172,14.39990234375,3991.89990234375
2026-07-07,4044.5,4046.300048828125,3975.0,3991.89990234375,3991.89990234375,2442514,-0.012150481973830729,4115.369982910156,4032.7659912109375,4086.5868084342756,4042.290818348271,19.8096877540286,0.014908286490155435,8.019377724085189,33.38359984580395,-25.36422212171876,-0.03656417521135302,0.023406604727913338,0.9508056361786312,-0.030002182326045696,-0.010133513562713924,-49.10009765625,3892.10009765625
2026-07-08,3950.0,3988.0,3871.0,3892.10009765625,3892.10009765625,2252308,-0.025000577952594694,4114.099987792969,4028.6859912109376,4068.064264550654,4036.4009861642703,16.109188474549896,0.015993587843636293,-8.072470810052437,25.092385714632673,-33.164856524685106,-0.0489908603859982,-0.006483701938417408,-0.07787304392114025,-0.05396074251851423,-0.03390333569125668,-99.7998046875,3886.0
2026-07-09,3916.0,3947.300048828125,3867.800048828125,3886.0,3886.0,5117653,-0.0015673023568749667,4115.299987792969,4026.1259912109376,4050.724810783925,4030.5029082754754,12.060051073658116,0.01565935319969932,-21.074667955416317,15.858974980622879,-36.93364293603919,-0.04271564923762139,0.006214396685655155,1.2721816909587855,-0.05571889983066389,-0.034804174414023226,-6.10009765625,3945.800048828125
2026-07-10,3905.0,3953.800048828125,3905.0,3945.800048828125,3945.800048828125,1283990,0.015388586934669268,4110.124987792969,4024.7619921875,4040.731976311944,4027.1812275128345,23.268472630840606,0.011509990192620374,-26.251033129108237,7.436973358676656,-33.68800648778489,-0.020066569033054926,-0.02555997302051083,-0.7491056935669534,-0.039980521140570435,-0.01961903424665819,59.800048828125,3928.5
2026-07-13,3895.0,3939.0,3875.60009765625,3928.5,3928.5,1744547,-0.004384421058858057,4098.059997558594,4021.31599609375,4030.043216663187,4023.311375453508,23.494611675425404,0.008910205813216835,-31.38749369160496,-0.3279200513796665,-31.05957364022529,-0.027839643652561197,-0.05786843877162684,0.3586920458882079,-0.04137567474844404,-0.023081000394873277,-17.300048828125,3848.699951171875
2026-07-14,3892.0,3897.89990234375,3843.0,3848.699951171875,3848.699951171875,2409089,-0.02031310903095962,4081.175,4017.1999951171874,4012.7724294735385,4016.4638686189346,19.771195549793333,0.00955027105544909,-41.41990978023114,-8.546317997149961,-32.873591783081174,-0.03587263074602609,-0.08066595620327965,0.38092524878951384,-0.056962773913915764,-0.04194464904662956,-79.800048828125,3783.89990234375
2026-07-15,3868.0,3868.0,3778.60009765625,3783.89990234375,3783.89990234375,3602201,-0.016836866903171877,4059.9849853515625,4012.7079931640624,3990.9750459373686,4007.343713078731,12.773276578718864,0.009691017650728507,-53.97727773589668,-17.632509944899304,-36.34476779099737,-0.027799951850584814,-0.10072017332434369,0.49525443020162396,-0.06800150345479805,-0.05702086750645785,-64.800048828125,3775.60009765625
2026-07-16,3795.0,3802.0,3762.300048828125,3775.60009765625,3775.60009765625,2936753,-0.0021934524965523394,4039.264990234375,4007.7599951171874,3970.4631461010717,3998.2557281602026,12.593344885682285,0.009712846466109626,-63.86263844277528,-26.878535644474503,-36.984102798300775,-0.028409650628860028,-0.09890212466437942,-0.18473372252131404,-0.06527546303983046,-0.05792759490183718,-8.2998046875,3814.5
2026-07-17,3788.89990234375,3828.89990234375,3767.699951171875,3814.5,3814.5,1942610,0.010302972067380178,4019.5199951171876,4004.5599951171876,3955.609513139065,3991.049621173528,19.604762118374154,0.01008899067541799,-67.77667369917344,-35.05816325541429,-32.71851044375915,-0.03327590024920801,-0.09381382418046669,-0.3385177439164956,-0.05100608912662227,-0.04746089341873519,38.89990234375,3838.800048828125
2026-07-20,3815.0,3850.0,3807.0,3838.800048828125,3838.800048828125,1450930,0.006370441428267037,4001.3950073242186,4002.5319970703126,3944.484802252309,3985.0790497090024,23.714184224730857,0.010382453044746501,-68.13237635878932,-41.6730058760893,-26.459370482700017,-0.022833129991568057,-0.08628276312367056,-0.25310278439830947,-0.0406345682439442,-0.04090709290070201,24.300048828125,3846.60009765625
2026-07-21,3839.0,3859.5,3815.699951171875,3846.60009765625,3846.60009765625,1393919,0.0020318976578386216,3984.755017089844,4002.3339990234376,3935.1624494336365,3979.648502569679,27.06934705570177,0.01048036209500315,-67.01239732395106,-46.740884165661654,-20.27151315828941,-0.000545600733303675,-0.07962860995926002,-0.039292729490740474,-0.034670869059973373,-0.038910770916466844,7.800048828125,3817.39990234375
2026-07-22,3835.0,3843.300048828125,3806.199951171875,3817.39990234375,3817.39990234375,1157406,-0.0075911700127839765,3966.540002441406,4000.36599609375,3923.946968758409,3973.2858123647407,27.272723103943207,0.010448790731578712,-67.70060713840621,-50.93282876021057,-16.767778378195644,0.008853299734290054,-0.08711774540344008,-0.16967485198207355,-0.03759954519703833,-0.04573733851569114,-29.2001953125,3792.39990234375
2026-07-23,3800.0,3827.60009765625,3777.699951171875,3792.39990234375,3792.39990234375,1278355,-0.006548960192682696,3945.3400024414063,3997.40599609375,3911.4186767189176,3966.1922472658784,27.67821657307789,0.010010272667997063,-69.46258796581742,-54.63878060133194,-14.823807364485482,0.004449572055559736,-0.10055972152079629,0.10450006307207671,-0.03876474524452033,-0.051284781668494865,-25.0,3785.60009765625
2026-07-24,3751.0,3805.0,3720.0,3785.60009765625,3785.60009765625,1994087,-0.0017930083489606785,3923.800012207031,3994.937998046875,3899.435954903425,3959.110202183148,25.299816020913923,0.009968842902480169,-70.59389539295444,-57.82980355965644,-12.764091833297996,-0.00757632778706252,-0.102172425449501,0.559885164918978,-0.035220937387440254,-0.05240078832086257,-6.7998046875,3806.0
2026-07-27,3820.0,3837.300048828125,3798.699951171875,3806.0,3806.0,1454211,0.0053888159915200795,3905.8400024414063,3992.7019970703127,3890.5372925316706,3953.1058805289067,30.96457334621286,0.010107785929694083,-69.04841589228727,-60.07352602618261,-8.974889866104654,-0.008544349382859306,-0.08623839874893469,-0.2707384381925162,-0.025561723567529594,-0.04676081440771369,20.39990234375,3832.0
2026-07-28,3812.0,3837.0,3793.0,3832.0,3832.0,1702441,0.006831318970047295,3890.2700073242186,3990.9219970703125,3884.962312290559,3948.356630312087,42.75028978814837,0.010413965742022774,-64.97661952119688,-61.05414472518547,-3.9224747960114072,-0.0037955850063919883,-0.07515564745937364,0.1706973747276015,-0.014978396670286,-0.03982087276748962,26.0,3931.39990234375
2026-07-29,3895.39990234375,3978.199951171875,3891.10009765625,3931.39990234375,3931.39990234375,3115802,0.02593943171809765,3882.209997558594,3991.33599609375,3889.3849399146725,3947.6916605878387,54.47025598716891,0.01214832498670882,-53.11665443356196,-59.466646666860775,6.3499922332988135,0.029863258478633137,-0.03938821078678467,0.8301967586541912,0.012670593506299305,-0.015016549297943958,99.39990234375,3937.699951171875
2026-07-30,3931.39990234375,3951.699951171875,3883.5,3937.699951171875,3937.699951171875,2141252,0.0016024950360224999,3876.125,3991.5199951171876,3893.9863695582158,3947.2998288460367,49.10850746878245,0.012082461298236208,-42.716772997604494,-56.11667193300953,13.399898935405034,0.03831348290519876,-0.029979788663247908,-0.3127766141750984,0.01588569800299913,-0.013483596226788406,6.300048828125,3938.89990234375
2026-07-31,3962.89990234375,3973.10009765625,3923.199951171875,3938.89990234375,3938.89990234375,1753377,0.0003047340291932876,3871.739990234375,3991.7659912109375,3898.2638488711236,3946.970419963594,51.18666240265289,0.01198543377991032,-33.986194309024995,-51.69057640821262,17.704382099187626,0.04049550949198544,-0.02178020990054297,-0.18114402228229087,0.01734618344175263,-0.013243784576447605,1.199951171875,4025.0
2026-08-03,3974.0,4025.0,3962.5,4025.0,4025.0,1890377,0.02185891994996325,3870.939990234375,3991.5979931640627,3910.3339585024455,3950.030403494434,69.83128747588114,0.013008928512107613,-19.890306414522,-45.3305224094745,25.440215994952496,0.0575407251707829,-0.003959415986142023,0.07813493618314826,0.039799121183559674,0.00836807887295789,86.10009765625,3990.0
2026-08-04,4007.199951171875,4042.39990234375,3988.199951171875,3990.0,3990.0,1827982,-0.008695652173912993,3870.8449951171874,3990.6419921875,3917.9212005498316,3951.597838651515,74.84931797175338,0.012862861289547564,-11.411872236042655,-38.54679237478813,27.13492013874548,0.041231732776617847,-0.00047593937479106785,-0.0330066436483305,0.030782685701214767,-0.00016087441287811346,-35.0,4057.0
2026-08-05,4025.0,4074.0,4024.800048828125,4057.0,4057.0,1910224,0.01679197994987458,3879.089990234375,3990.8319921875,3931.1668004974667,3955.7312567436124,79.7211618496931,0.011939860119014054,0.7055547953705172,-30.696322940756403,31.40187773612692,0.03194793223181702,0.04236784723061193,0.044990596187489906,0.045863852144063244,0.01658000335319335,67.0,4061.800048828125
2026-08-06,4056.0,4070.0,4045.0,4061.800048828125,4061.800048828125,1401341,0.0011831522869423239,3887.879992675781,3991.1179931640627,3943.6080622432437,3959.890817217515,78.14705455733747,0.011910663162103381,10.574134800055617,-22.442231392594003,33.01636619264962,0.031515884703027464,0.04523933320332607,-0.26639964737119837,0.04473390549090631,0.01770983864298817,4.800048828125,4056.0
2026-08-07,4040.10009765625,4062.0,4030.0,4056.0,4056.0,901290,-0.0014279503565909346,3893.389990234375,3990.7079931640624,3954.3120563153157,3963.659804777613,75.80797599438847,0.011524007369341966,17.722743332536993,-14.409236447567803,32.1319797801048,0.029729137718522036,0.027928417509296644,-0.3568374863791183,0.041765661845716125,0.016361008359363917,-5.800048828125,4080.0
2026-08-10,4055.699951171875,4080.0,4025.800048828125,4080.0,4080.0,1082855,0.00591715976331364,3900.964990234375,3992.0919921875,3966.282336666238,3968.222165374569,76.70479431850686,0.011480062586140368,25.036066332827886,-6.520175891488665,31.556242224316552,0.013664596273291973,0.03856433753340971,0.20145014368294323,0.04589505679077331,0.022020536596986055,24.0,4037.39990234375
2026-08-11,4075.10009765625,4075.5,4028.5,4037.39990234375,4037.39990234375,1401285,-0.010441200405943651,3910.3999877929687,3992.8219921875,3973.0554381593342,3970.935017804733,74.42274064172572,0.010654740544982583,27.082268114519138,0.2003129097128955,26.881955204806243,0.011879674772869775,0.04902953037802238,0.2940652257227423,0.03247747415794673,0.01116451227815128,-42.60009765625,4020.0
2026-08-12,4038.0,4044.10009765625,3990.0,4020.0,4020.0,2226623,-0.00430968018145772,3922.2049926757813,3994.1579931640626,3977.526348810826,3972.859134753567,75.70011269730298,0.00979477878469839,26.988761424724544,5.558002612715225,21.43075881200932,-0.009120039438008432,0.06239596811480386,0.5889865373567833,0.024933680801191776,0.00646995108359898,-17.39990234375,4070.699951171875
2026-08-13,4010.0,4070.699951171875,3990.0,4070.699951171875,4070.699951171875,2299928,0.012611928152207685,3936.9599853515624,3996.729990234375,3986.400025226164,3976.6960295150693,79.2890776780604,0.009934044719659583,30.65237751424047,10.576877593020274,20.075499921220196,0.002191122713270266,0.07815972186747522,0.03292205281271232,0.033970364524385656,0.018507620259121508,50.699951171875,4057.0
2026-08-14,4068.699951171875,4072.5,4033.10009765625,4057.0,4057.0,934044,-0.0033655025760204182,3949.0849853515624,3998.8059912109375,3993.1238323474818,3979.845204828204,76.14583333333333,0.009934474480061803,32.080543559104626,14.877610786237145,17.20293277286748,0.0002465483234714849,0.06357320749770623,-0.5938811997592968,0.027326587057186512,0.014552846253848877,-13.699951171875,4086.699951171875
2026-08-17,4041.0,4086.699951171875,4026.0,4086.699951171875,4086.699951171875,1066164,0.007320668270119457,3961.47998046875,4003.029990234375,4002.0358436640904,3984.0355870377593,76.32830027735226,0.009953027451076433,35.20311370415811,18.94271136982134,16.260402334336774,0.0016421448950674211,0.06457744586603997,0.1414494392127137,0.03160939126803516,0.020901657280014835,29.699951171875,4064.300048828125
2026-08-18,4068.0,4085.0,4050.0,4064.300048828125,4064.300048828125,1355575,-0.005481171265663054,3972.3649780273436,4006.3039892578126,4007.965767965427,3987.1832129903228,66.33884465702951,0.010138708620324111,35.461509913411646,22.2464710785394,13.215038834872246,0.006662740163231984,0.05659542079888169,0.27145073365823635,0.02314366159940216,0.014476200439561854,-22.39990234375,4041.300048828125
2026-08-19,4064.0,4069.0,4024.800048828125,4041.300048828125,4041.300048828125,1190832,-0.005659031007474891,3983.5599853515623,4008.779990234375,4011.1404613809223,3989.3054418467073,62.23430816620019,0.010043191887259557,33.42507948005323,24.482192758842167,8.94288672121106,0.005298519608986307,0.0586525258584798,-0.12152997805359345,0.01449458868170324,0.00811220837086865,-23.0,4081.0
2026-08-20,4050.5,4084.89990234375,4048.300048828125,4081.0,4081.0,1056060,0.009823559422019956,3997.989990234375,4013.159990234375,4017.7937507732154,3992.9013068723266,65.38213116469744,0.009898568857002792,34.615620635946925,26.50887833426312,8.106742301683806,0.002530289373246397,0.07609959526628285,-0.11317465435930507,0.020762935867370366,0.016904387049284562,39.699951171875,4093.0
2026-08-21,4081.0,4100.0,4061.39990234375,4093.0,4093.0,1258912,0.002940455770644501,4013.3599853515625,4014.0339892578127,4024.956250699576,3996.82674581851,58.76741029495829,0.009816059154341875,36.11116575083861,28.429335817578217,7.681829933260392,0.008873551885629771,0.08120242350322959,0.19208378311838348,0.019843725690971425,0.0196724818358571,12.0,4090.0
2026-08-24,4100.0,4107.10009765625,4077.699951171875,4090.0,4090.0,1369496,-0.0007329587099926815,4027.5599853515623,4012.4379931640624,4031.1508934900926,4000.4805989236665,64.05284638756763,0.009864379644100349,36.6320496357157,30.069878581205714,6.562171054509989,0.0008075094495691992,0.07461902259590114,0.08784092931038856,0.015503186762092966,0.01933039388224291,-3.0,4119.0
2026-08-25,4085.0,4125.2998046875,4066.60009765625,4119.0,4119.0,1316074,0.007090464547677255,4041.9099853515627,4011.0899951171873,4039.5174750624647,4005.128418573719,59.754568612930086,0.009868946644579924,38.93608060380211,31.843118985724995,7.092961618077116,0.013458639990826082,0.07489561586638827,-0.03900851116031012,0.019072669833772184,0.026902912927452286,29.0,4038.10009765625
2026-08-26,4114.0,4124.89990234375,4038.10009765625,4038.10009765625,4038.10009765625,1384669,-0.019640665779011912,4047.2449951171875,4007.6979931640626,4039.3824867380636,4006.4214255965635,46.9916258267412,0.009715760415248338,33.843963590079966,32.24328790659599,1.6006756834839777,-0.0007918123210878258,0.027140509223925413,0.05212092937023294,-0.002259536418469945,0.007585927019462123,-80.89990234375,4027.0
2026-08-27,4058.0,4067.300048828125,4023.0,4027.0,4027.0,1161440,-0.0027488416304223273,4051.709997558594,4004.4379931640624,4038.2032022868198,4007.2284285143455,46.36773280525857,0.00975924672169758,28.58324915273306,31.511280155823403,-2.928031003090343,-0.013232050967900033,0.022678225851502143,-0.16121470185293385,-0.006098658979414406,0.005634250517663901,-11.10009765625,4045.800048828125
2026-08-28,4045.0,4060.0,4021.300048828125,4045.800048828125,4045.800048828125,893956,0.0046684998331574246,4057.0550048828127,4001.16599609375,4038.92671148123,4008.7410410756706,45.659901984294436,0.009787692997871697,25.635590749046514,30.336142274468028,-4.700551525421513,-0.011531871774218216,0.027139594591059968,-0.2303037608486017,-0.002774168957813472,0.011155261435779036,18.800048828125,4044.89990234375
2026-08-31,4035.10009765625,4044.89990234375,3976.0,4044.89990234375,4044.89990234375,1553171,-0.00022248911797695392,4058.05,3998.037998046875,4039.49558680147,4010.1590356352035,51.064434311374754,0.008519982919926297,22.962221730321744,28.86135816563877,-5.8991364353170255,-0.011026918742359393,0.0049440751164595564,0.7374132507640196,-0.0032404967056222033,0.011721225340971714,-0.900146484375,3980.10009765625
2026-09-01,4038.0,4038.0,3980.10009765625,3980.10009765625,3980.10009765625,944703,-0.016020125652541517,4057.5550048828127,3994.052001953125,4033.838873549544,4008.980253753676,45.00876512518553,0.009066067689405469,15.436808914592802,26.176448315429578,-10.739639400836776,-0.03372175342164363,-0.0024811785322681468,-0.3917585378557802,-0.019089059084437397,-0.003493170416923065,-64.7998046875,3981.0
2026-09-02,3966.0,4002.300048828125,3956.699951171875,3981.0,3981.0,1307081,0.00022610043005699687,4053.7550048828125,3990.037998046875,4028.8065998781585,4007.882988900591,37.18204647119117,0.008153843458634982,9.436699244055944,22.82849850115485,-13.391799257098906,-0.014140337355527999,-0.01873305398077396,0.3835893397184089,-0.017947558447705382,-0.0022651408461020293,0.89990234375,3975.0
2026-09-03,3999.800048828125,4027.699951171875,3975.0,3975.0,3975.0,940768,-0.0015071590052750938,4049.415002441406,3985.21,4023.6821617945243,4006.5934599240977,38.018692255555955,0.008139615047655825,4.149585408232269,19.092715882570335,-14.943130474338066,-0.012912838341196942,-0.021369847797694463,-0.28025271578425515,-0.018376729082235605,-0.0025619728947784523,-6.0,3964.10009765625
2026-09-04,3981.0,3994.89990234375,3964.10009765625,3964.10009765625,3964.10009765625,1319056,-0.0027421137971698206,4044.8200073242188,3980.16400390625,4018.007679495641,4004.9270535606524,31.045147945298552,0.008148144471198151,-0.9095368484900064,15.092265336358269,-16.001802184848273,-0.020193768892642017,-0.022657766850036953,0.4021055137929861,-0.019956366296103152,-0.004035991038116609,-10.89990234375,3999.0
2026-09-07,3962.0,4004.89990234375,3960.89990234375,3999.0,3999.0,1256683,0.008803991191943972,4040.7700073242186,3976.84,4016.1974243055797,4004.694620087686,40.279828032954285,0.008303338834722555,-2.078833736181423,11.658045521850331,-13.736879258031754,-0.01134759906349081,-0.01985294117647063,-0.047286089445785495,-0.010337140507504039,0.005572263405115583,34.89990234375,3946.10009765625
2026-09-08,3988.699951171875,3988.699951171875,3946.10009765625,3946.10009765625,3946.10009765625,1200872,-0.013228282656601698,4036.2050170898438,3972.89400390625,4009.521488434215,4002.39679567861,36.98741586382036,0.00849191829551707,-7.191194348133649,7.888197547853535,-15.079391895987184,-0.008542498722587721,-0.022613515355389913,-0.0444113591096561,-0.02232416813617673,-0.006744178481393039,-52.89990234375,3922.60009765625
2026-09-09,3935.300048828125,4020.199951171875,3922.60009765625,3922.60009765625,3922.60009765625,2954721,-0.0059552468053097884,4031.3350219726562,3969.49400390625,4001.2432607410756,3999.2675134032233,27.345526411352267,0.008532441091612082,-12.98929802589555,3.712698433103718,-16.701996458999268,-0.01466965645409446,-0.024228831428793507,1.460479551525891,-0.02697243561345068,-0.011813572763645216,-23.5,3955.0
2026-09-10,3949.39990234375,3965.5,3910.0,3955.0,3955.0,1376951,0.008259802563893581,4025.5500244140626,3967.406005859375,3996.839140670497,3997.53153248545,31.35132674108786,0.00821135019155589,-14.799338064801304,0.01029113352271338,-14.809629198324018,-0.005031446540880502,-0.028422618360404384,-0.5339827347488985,-0.017525561472641612,-0.0031269816704045015,32.39990234375,3930.699951171875
2026-09-11,3926.0,3948.0,3880.699951171875,3930.699951171875,3930.699951171875,1195489,-0.006144133711283195,4019.2350219726563,3965.4880029296874,3990.540170242057,3994.9106861594278,29.64474473144189,0.008269504798513343,-17.987272610748278,-3.589221615331485,-14.398050995416792,-0.008425656684129312,-0.031131389900942774,-0.13178537217373754,-0.02202784119783271,-0.008772703821600537,-24.300048828125,3930.699951171875
2026-09-14,3930.699951171875,3930.699951171875,3930.699951171875,3930.699951171875,3930.699951171875,0,0.0,4011.435021972656,3963.282001953125,3984.8411017591825,3992.3926181207003,24.013210429527646,0.008014398850198909,-20.279958963148147,-6.927369084894817,-13.35258987825333,-0.017079282027538167,-0.038172609162379634,-1.0,-0.020126231724695624,-0.008220977151056479,0.0,3850.699951171875
2026-09-15,3959.0,3959.0,3835.699951171875,3850.699951171875,3850.699951171875,1848703,-0.020352609202884953,4000.755017089844,3960.4580029296876,3972.0657540842008,3986.836042946237,24.073004466007745,0.008992969914580458,-28.22687893767079,-11.187271055450012,-17.03960788222078,-0.024175805003283424,-0.052555198949407855,inf,-0.037506686932087946,-0.02771347447103865,-80.0,3807.699951171875
2026-09-16,3844.199951171875,3867.89990234375,3799.89990234375,3807.699951171875,3807.699951171875,2038640,-0.011166800983004155,3989.0750122070312,3958.77,3956.411868092551,3979.8110981707714,22.120481329397776,0.009172280794440069,-37.56162388708117,-16.462141621776244,-21.099482265304925,-0.029291832872034962,-0.05780320561052821,0.10274067819438826,-0.04546794945698629,-0.038160855222234426,-43.0,3836.199951171875
2026-09-17,3811.0,3875.0,3811.0,3836.199951171875,3836.199951171875,1319415,0.007484833459954876,3976.835009765625,3957.7739990234377,3944.9631141001055,3974.1792884845404,23.99499359660166,0.009014650664031287,-42.173613532493164,-21.60443600391963,-20.569177528573533,-0.0300379390210177,-0.059985309685891886,-0.3527964721579092,-0.035363563800962956,-0.03071778425993008,28.5,3885.0
2026-09-18,3846.0,3898.0,3846.0,3885.0,3885.0,1547690,0.01272093463564583,3966.435009765625,3956.557998046875,3939.2523413286667,3970.6820614851467,32.26878352944743,0.009602784942531285,-41.413503364888584,-25.56624947611342,-15.847253888775164,-0.011626415584901184,-0.050818470559491846,0.1730122819582922,-0.02053103342551354,-0.01808592167287809,48.800048828125,
