Date,Open,High,Low,Close,Adj Close,Volume,Daily_Return,SMA_20,SMA_50,EMA_20,EMA_50,RSI_14,Volatility_20,MACD,MACD_Signal,MACD_Histogram,Return_5D,Return_20D,Volume_Change,Price_vs_SMA20,Price_vs_SMA50,Price_Change,Target
2024-11-29,2960.0,2992.199951171875,2938.0,2974.550048828125,2840.134521484375,408266,0.005730981407968905,2882.1424926757813,2947.3350048828124,2918.3291582492243,2938.5068399928787,64.49679611340875,0.01832020652976875,4.079389569020805,-16.77118655903189,20.850576128052694,0.031558321672614076,-0.010791470293273986,-0.2833830367219986,0.032062105321708945,0.009233780313478365,16.949951171875,3050.0
2024-12-02,2974.949951171875,3056.85009765625,2953.550048828125,3050.0,2912.17529296875,296057,0.025365164456251144,2890.664990234375,2948.2470068359376,2930.869238415965,2942.8791207774716,68.31341637302914,0.01629698753977539,13.750001843478458,-10.66694887852982,24.416950722008277,0.022666342499249037,0.05919325876667503,-0.2748428720491053,0.055120538112825704,0.03451304891623171,75.449951171875,3018.949951171875
2024-12-03,3066.10009765625,3066.10009765625,2997.800048828125,3018.949951171875,2882.5283203125,279243,-0.010180343878073761,2896.904992675781,2949.061005859375,2939.2578777260514,2945.8622905968605,64.28376207247717,0.016550090289914696,18.693070222152528,-4.794945058393351,23.48801528054588,0.006618603204053608,0.0431214874969188,-0.05679311754155447,0.04212943082519413,0.02369871127577224,-31.050048828125,3017.699951171875
2024-12-04,3024.949951171875,3059.0,3006.0,3017.699951171875,2881.334716796875,446699,-0.0004140512496786375,2904.2824951171874,2948.8480029296875,2946.7285513875586,2948.6794537566648,65.08679806499472,0.016379014048964555,22.253103051915332,0.6146645636683856,21.638438488246948,0.00023200237715448324,0.05140848173387602,0.5996784162897548,0.039051798936697864,0.023348761337913294,-1.25,3051.300048828125
2024-12-05,3019.64990234375,3072.699951171875,3019.64990234375,3051.300048828125,2913.41650390625,525393,0.011134340126559561,2913.9625,2949.026005859375,2956.6877416199936,2952.703790818291,68.07052975720478,0.016397651311435425,27.46905561702124,5.985542774338957,21.483512842682284,0.031681075222484534,0.06774682470665239,0.17616784456647538,0.04713085663529469,0.034680617521019946,33.60009765625,3053.949951171875
2024-12-06,3051.300048828125,3097.0,3048.449951171875,3053.949951171875,2915.946533203125,303227,0.0008684502675402328,2921.8400024414063,2948.6620068359375,2965.9508091963635,2956.674228479216,68.94693515158306,0.016229506583303802,31.45397868984446,11.07922995744006,20.374748732404402,0.026693079975248946,0.05439512986471118,-0.42285679481835503,0.045214641671029676,0.03570702375919875,2.64990234375,3104.60009765625
2024-12-09,3054.0,3124.949951171875,3051.550048828125,3104.60009765625,2964.30810546875,346936,0.016585126571880826,2935.112512207031,2950.3840087890626,2979.1555033354,2962.4752429567466,82.32111848662477,0.015595209698286084,38.258087042635,16.51500137447905,21.74308566815595,0.01790167136270493,0.09349636491309177,0.14414613474393767,0.05774483422503425,0.05226983620023175,50.650146484375,3181.800048828125
2024-12-10,3105.0,3201.89990234375,3105.0,3181.800048828125,3038.019287109375,820084,0.024866310875321984,2951.285009765625,2952.9460107421874,2998.454983858517,2971.0762157360164,83.72133114828087,0.01623978442626444,49.31135223254796,23.07427154609283,26.23708068645513,0.05394262915588777,0.11315966908220698,1.3637904397352827,0.07810666821392698,0.0775002445874105,77.199951171875,3184.550048828125
2024-12-11,3173.60009765625,3192.0,3130.85009765625,3184.550048828125,3040.645263671875,517726,0.0008642906398259598,2967.4375122070314,2954.985009765625,3016.178323379432,2979.4477386023736,84.23722369198539,0.01624325851369028,57.62873832455898,29.985164901786064,27.643573422772917,0.0552904862497865,0.11289535167853404,-0.3686914998951327,0.07316499024089512,0.07768737854975044,2.75,3190.35009765625
2024-12-12,3208.64990234375,3237.949951171875,3174.64990234375,3190.35009765625,3046.18310546875,695231,0.0018213087372451753,2984.28251953125,2958.584013671875,3032.7661114057955,2987.7184193495846,81.29335775071856,0.016151410888286706,63.951153108582275,36.778362543145306,27.17279056543697,0.04557075561334201,0.11806765573232303,0.3428551009607399,0.06905096175591574,0.07833682697985385,5.800048828125,3195.39990234375
2024-12-13,3161.0,3210.949951171875,3137.050048828125,3195.39990234375,3051.004638671875,621349,0.0015828371598496371,3001.785009765625,2962.180009765625,3048.255043876077,2995.862791231709,76.86680782974697,0.016058104654991617,68.57865733770541,43.13842150205733,25.44023583564808,0.046317049536976684,0.12302521400647337,-0.10626971467037571,0.06449991986376202,0.07873251855365059,5.0498046875,3197.300048828125
2024-12-16,3207.449951171875,3227.449951171875,3176.89990234375,3197.300048828125,3052.81884765625,394375,0.0005946506047587174,3019.685009765625,2967.7060107421876,3062.4498062524626,3003.7622915296074,75.96960524825772,0.015997581034932398,71.57425031554158,48.825587264754176,22.7486630507874,0.029858902356492578,0.1260874137440171,-0.36529229144973274,0.058819061752498986,0.07736414498433378,1.900146484375,3181.199951171875
2024-12-17,3197.25,3228.449951171875,3154.60009765625,3181.199951171875,3037.4462890625,405555,-0.005035529168477937,3040.837512207031,2974.3980078125,3073.759343863835,3010.7206311234218,71.61663112978985,0.01406220061659747,71.82122562399718,53.42471493660278,18.396510687394397,-0.00018860319537394865,0.153381818902822,0.02834865293185418,0.04615913819840024,0.0695273271486172,-16.10009765625,3176.550048828125
2024-12-18,3192.0,3212.85009765625,3152.0,3176.550048828125,3033.006591796875,339580,-0.0014616818858044223,3060.2025146484375,2980.440009765625,3083.548934812815,3017.223745543214,83.67942136314645,0.014158544723509105,70.82531691090298,56.90483533146283,13.920481579440157,-0.002512128833693117,0.13885454829367205,-0.162678305038774,0.03801955381147504,0.06579902243290642,-4.64990234375,3117.10009765625
2024-12-19,3081.25,3147.949951171875,3035.5,3117.10009765625,2976.2431640625,485378,-0.018715257199806157,3076.747521972656,2984.760009765625,3086.7442836550467,3021.1404652339215,69.39192353294786,0.015175375698870107,64.49547418567045,58.42296310230435,6.072511083366095,-0.022959862635079542,0.11876396248775989,0.4293480181400553,0.013115335397336014,0.044338602587019,-59.449951171875,2950.60009765625
2024-12-20,3190.0,3197.0,2935.300048828125,2950.60009765625,2817.26708984375,835981,-0.05341503153048932,3080.1000244140623,2985.789013671875,3073.7781707027807,3018.374176309307,39.162681947545444,0.018681635607588835,45.51915325637765,55.84220113311901,-10.323047876741363,-0.07661006827594419,0.023252604495411555,0.7223298130529197,-0.04204406536519785,-0.011785466372371175,-166.5,2977.64990234375
2024-12-23,2976.949951171875,3010.0,2940.5,2977.64990234375,2843.094482421875,345080,0.009167560425754173,3079.8625244140626,2988.2610107421874,3064.6230975257304,3016.7771459577166,45.457538260435726,0.017128914826712367,32.29074773691582,51.131910453878376,-18.841162716962558,-0.06869863420071609,-0.0015926770907774834,-0.5872154989168414,-0.03318739757377915,-0.0035509309127591746,27.0498046875,2930.64990234375
2024-12-24,2977.64990234375,3010.0,2910.0,2930.64990234375,2798.21826171875,376812,-0.015784259916857835,3076.4400146484377,2989.3470068359375,3051.8637456036367,3013.399606992463,41.30108181140833,0.017429810708202303,17.80933887993706,44.46739613909011,-26.658057259153054,-0.0787596041348575,-0.02282357810130875,0.09195548858235769,-0.04738922638195757,-0.019635426853410097,-47.0,2908.449951171875
2024-12-26,2931.050048828125,2951.39990234375,2875.35009765625,2908.449951171875,2777.021484375,284062,-0.007575094914653913,3071.0125122070312,2988.26400390625,3038.205288991088,3009.283934215185,35.39214814918377,0.017407609927803405,4.489614025232186,36.47183971631853,-31.98222569108634,-0.0843997713038257,-0.03597946596888468,-0.24614396569111385,-0.05293451602329296,-0.026709170484951184,-22.199951171875,2883.949951171875
2024-12-27,2928.89990234375,2945.0,2880.199951171875,2883.949951171875,2753.628662109375,88411,-0.008423730994624234,3067.3300048828123,2987.347001953125,3023.514304436877,3004.3688760566242,33.359429815756926,0.016971188318402122,-7.951647488001072,27.587142275454607,-35.53878976345568,-0.07479713168649305,-0.02490199623091005,-0.6887616083812689,-0.05978491176985157,-0.03461166403288576,-24.5,2935.25
2024-12-30,2885.050048828125,2949.64990234375,2853.0,2935.25,2802.610595703125,835227,0.017788120354612857,3065.3650024414064,2987.825,3015.108180204794,3001.658331897541,33.444110405375355,0.017435210371405926,-13.516145946689448,19.3664846310258,-32.88263057771525,-0.005202364654038671,-0.013212098698291541,8.447093687437084,-0.04244682194054427,-0.01759641210579596,51.300048828125,2847.199951171875
2024-12-31,2915.10009765625,2915.10009765625,2812.5,2847.199951171875,2718.539306640625,514316,-0.029997461486457766,3055.225,2983.165,2999.1169202968968,2995.6011404965343,17.96857909448707,0.01750421952547375,-24.745701102074236,10.544047484405793,-35.28974858648003,-0.04380970075400603,-0.06649181928790981,-0.3842200982487396,-0.06808829098613847,-0.045577448390593536,-88.050048828125,2854.89990234375
2025-01-01,2859.449951171875,2863.949951171875,2816.89990234375,2854.89990234375,2725.891357421875,198476,0.0027043942483582217,3047.022497558594,2978.347998046875,2985.3819662061205,2990.0834448826995,18.738710371987594,0.017474222392388238,-32.64754221463818,1.9057295445969995,-34.55327175923518,-0.025847509093262833,-0.05434010218170238,-0.614097169833332,-0.06305256865309684,-0.04144851299582158,7.699951171875,2898.699951171875
2025-01-02,2860.10009765625,2908.10009765625,2847.300048828125,2898.699951171875,2767.712158203125,250308,0.015342061132219476,3041.0724975585936,2976.6119970703126,2977.126536202859,2986.499778462667,24.20165657206114,0.01792921444247932,-34.972370618937475,-5.469890488109895,-29.50248013082758,-0.0033523011101055378,-0.0394340066691482,0.2611499627158951,-0.046816557810120216,-0.026174740266827305,43.800048828125,2869.25
2025-01-03,2899.0,2909.0,2832.0,2869.25,2739.593017578125,517777,-0.010159710100374197,3031.9699951171874,2974.4439990234373,2966.852580374015,2981.9017479347194,22.34376694989993,0.017748647966257598,-38.74455569448992,-12.1248235293859,-26.61973216510402,-0.0050971589038505405,-0.05966310946641995,1.068559534653307,-0.05366807566672446,-0.035365936981154915,-29.449951171875,2897.64990234375
2025-01-06,2960.199951171875,2960.199951171875,2875.0,2897.64990234375,2766.70947265625,421827,0.009898022948070073,3024.154992675781,2969.9999951171876,2960.2618491330372,2978.597753989976,25.68365554577734,0.017963607385844977,-38.99291867846205,-17.49844255920113,-21.494476119260916,-0.01280984504088234,-0.0511796366434063,-0.18531143716310305,-0.04183154985059118,-0.02436030063716646,28.39990234375,2926.199951171875
2025-01-07,2914.5,2937.949951171875,2892.75,2926.199951171875,2793.969482421875,555628,0.009852828944253211,3015.2349853515625,2966.548994140625,2957.0178588510216,2976.5429381931876,29.71681844874675,0.017648098572413996,-36.465644543678536,-21.29188295609661,-15.173761587581925,0.027746558497756535,-0.057463164617901796,0.31719401555614035,-0.029528389864216974,-0.013601340496464168,28.550048828125,2924.85009765625
2025-01-08,2919.0,2932.0,2868.050048828125,2924.85009765625,2792.6806640625,384582,-0.00046129913818238055,3002.387487792969,2964.2249951171875,2953.9542625467575,2974.5157679760528,29.873650402717132,0.016424318345817947,-34.177704182417074,-23.869047201360704,-10.30865698105637,0.024501803112282117,-0.08075615916421619,-0.30784265731748583,-0.02582524422712538,-0.013283370029534777,-1.349853515625,2871.949951171875
2025-01-09,2924.10009765625,2942.949951171875,2869.300048828125,2871.949951171875,2742.1708984375,202661,-0.018086447071856804,2986.7574829101563,2961.4069921875,2946.144328130102,2970.4935790817713,30.189879336284463,0.01666944710755562,-36.21562351428565,-26.338362463945696,-9.877261050339957,-0.009228274899299449,-0.09816146484219423,-0.4730356594952442,-0.038438852968543755,-0.030207614573620506,-52.900146484375,2915.0
2025-01-10,2885.0,2956.449951171875,2885.0,2915.0,2783.275634765625,1295966,0.014989832538884862,2972.9899780273436,2959.2569921875,2943.178201641521,2968.317360294251,46.406207178023095,0.0172052783909397,-33.96537837189044,-27.863765645534645,-6.101612726355793,0.01594493334495084,-0.08630717295212598,5.394747879463735,-0.019505608312148242,-0.014955440606996799,43.050048828125,2777.5
2025-01-13,2885.0,2897.89990234375,2768.050048828125,2777.5,2651.989013671875,327553,-0.047169811320754707,2952.0949829101564,2954.6669921875,2927.3993252947093,2960.8343265572216,33.47916612928188,0.01960525641948483,-42.7839569256048,-30.847803901548676,-11.936153024056122,-0.041464602830924235,-0.13078172219922468,-0.7472518569159994,-0.059142738943325536,-0.059961746164948926,-137.5,2780.25
2025-01-14,2791.39990234375,2801.39990234375,2736.5,2780.25,2654.61474609375,736104,0.000990099009900991,2931.24248046875,2952.6809912109375,2913.3851038380703,2953.75258826086,36.607310566006234,0.019613301621909,-48.98615998705509,-34.47547511864996,-14.510684868405129,-0.04987695769505618,-0.13043819549590985,1.2472821192295598,-0.05151142611873032,-0.058398110640533844,2.75,2779.75
2025-01-15,2798.0,2816.60009765625,2768.10009765625,2779.75,2654.13720703125,346009,-0.00017983994245118762,2911.1699829101562,2950.3929931640623,2900.6579510915876,2946.92895734867,38.078923718951565,0.019665983646214823,-53.327075092327505,-38.24579511338547,-15.081279978942035,-0.049609413409775094,-0.1261945043800189,-0.5299454968319695,-0.04514335599832684,-0.0578373774474909,-0.5,2821.39990234375
2025-01-16,2798.0,2872.300048828125,2793.050048828125,2821.39990234375,2693.905029296875,468033,0.01498332668180602,2893.4124755859375,2949.4179931640624,2893.109565496555,2942.0062493092614,44.38458979155005,0.02022510143972792,-52.797861667699635,-41.156208424248305,-11.64165324345133,-0.017601298660339992,-0.11180373078503669,0.35266134695918305,-0.0248884574355768,-0.043404526288584065,41.64990234375,2817.199951171875
2025-01-17,2819.050048828125,2833.85009765625,2785.25,2817.199951171875,2689.89501953125,294222,-0.0014886054147751349,2878.4174682617186,2948.6079931640625,2885.8800784180144,2937.111884676423,38.42305749289509,0.020007859606609467,-52.11658957188547,-43.34828465377574,-8.768304918109727,-0.033550617093696444,-0.09621126594871632,-0.371364839658742,-0.0212677687530895,-0.044566128253344876,-4.199951171875,2805.25
2025-01-20,2820.0,2833.0,2751.60009765625,2805.25,2678.485107421875,276667,-0.004241783110532915,2871.1499633789062,2946.7849951171875,2878.201023330584,2931.9408303753867,45.16426803644409,0.01642687921482454,-51.942180592329805,-45.06706384148656,-6.875116750843247,0.00999099909991008,-0.04926119868690637,-0.05966583056331609,-0.022952463026818713,-0.04803030942254371,-11.949951171875,2773.550048828125
2025-01-21,2805.25,2854.199951171875,2769.35009765625,2773.550048828125,2648.217529296875,322108,-0.011300223214285698,2860.944970703125,2945.472998046875,2868.2342638541595,2925.729427177455,41.114156537025394,0.01630590335974045,-53.74237273211702,-46.80212561961265,-6.940247112504366,-0.002409837666351944,-0.06854393908262191,0.16424438042845724,-0.030547571788324592,-0.05836853684713835,-31.699951171875,2808.949951171875
2025-01-22,2773.85009765625,2813.949951171875,2753.89990234375,2808.949951171875,2682.017822265625,421294,0.012763390499734184,2854.859973144531,2944.4849951171873,2862.5881388367993,2921.1498398831186,40.01334393893952,0.016415359323565377,-51.716407153449836,-47.78498192638009,-3.931425227069745,0.010504524209686172,-0.04152660850910472,0.30792777577706865,-0.016081356845704674,-0.04603013571815404,35.39990234375,2918.949951171875
2025-01-23,2808.949951171875,2948.0,2803.60009765625,2918.949951171875,2787.047119140625,830570,0.039160541096187496,2855.384973144531,2945.633994140625,2867.955930487759,2921.0635697375797,54.68956248626449,0.018740117383023665,-40.764822644199285,-46.380950069943935,5.616127425744651,0.034575052174308896,0.003610170426267656,0.9714736027572195,0.02226143886907903,-0.009058845403681902,110.0,3009.300048828125
2025-01-24,2861.0,3078.39990234375,2754.550048828125,3009.300048828125,2873.314453125,4727360,0.030952945123289055,2861.652478027344,2948.75099609375,2881.417275091603,2924.5238238195616,59.432303296280814,0.019808061449899675,-24.51254980945305,-42.007270017845755,17.494720208392707,0.06818830788930752,0.04346472712028682,4.691705696088229,0.05159521358182552,0.0205337964496104,90.35009765625,2937.10009765625
2025-01-27,2963.35009765625,3043.949951171875,2928.050048828125,2937.10009765625,2804.376953125,1054296,-0.023992273950877996,2861.744982910156,2950.58599609375,2886.720401050141,2925.0170110288436,50.85760430148671,0.020287889216188487,-17.259482584437137,-37.057712531164036,19.7982299467269,0.04700119335397912,0.0006303032642023254,-0.7769799634468286,0.02633187624896753,-0.004570583082599149,-72.199951171875,2883.75
2025-01-28,2924.699951171875,3002.85009765625,2867.050048828125,2883.75,2753.437744140625,843006,-0.018164208192571474,2863.5724853515626,2951.4749951171875,2886.4375057120324,2923.3986968708496,47.01090198863637,0.019517959407059207,-15.636039043576147,-32.77337783364646,17.13733879007031,0.03973245451923124,0.012837190732980064,-0.20040861389970177,0.0070462734055639605,-0.022946152425221043,-53.35009765625,3009.25
2025-01-29,2900.10009765625,3018.449951171875,2900.10009765625,3009.25,2873.2666015625,636180,0.04351972258344161,2871.289990234375,2956.4969970703123,2898.133933739458,2926.7654146406203,59.03171130694755,0.021733447969960396,-4.174525852946772,-27.05360743750652,22.87908158455975,0.07130780267001957,0.05406497703458357,-0.24534344951281484,0.048048093447490316,0.01784307678376211,125.5,2867.60009765625
2025-01-30,2998.75,3011.199951171875,2837.5,2867.60009765625,2738.017578125,1251426,-0.04707149699883695,2869.734997558594,2958.0639990234376,2895.225949350581,2924.445206131429,47.24001871925496,0.024189107885807127,-6.446842191379801,-22.93225438828118,16.48541219690138,-0.017591892418371002,-0.010728897105425461,0.9670942186173725,-0.0007439362534032523,-0.030582131217260007,-141.64990234375,2867.949951171875
2025-01-31,2900.0,2901.39990234375,2853.35009765625,2867.949951171875,2738.351806640625,434230,0.00012200219825309055,2869.6699951171877,2959.6989990234374,2892.628235238323,2922.229705936937,56.267757345962586,0.024076639672762287,-8.125770185300553,-19.970957547685053,11.8451873623845,-0.04697108808119488,-0.00045309709092100636,-0.6530118440882642,-0.0005993873679689225,-0.030999452269246067,0.349853515625,2798.5
2025-02-01,2850.0,2869.0,2776.25,2798.5,2672.0400390625,301341,-0.024215886732436576,2864.7125,2957.997998046875,2883.663641406102,2917.377560606077,51.15762837329303,0.02456096179207961,-14.888735286153405,-18.954513095378722,4.065777809225317,-0.04718943619485427,-0.03421735050309327,-0.30603366879303595,-0.02311313962570418,-0.05392092832793987,-69.449951171875,2817.75
2025-02-03,2790.0,2838.550048828125,2728.10009765625,2817.75,2690.420166015625,606662,0.0068786850098268015,2859.290002441406,2954.705,2877.386151748378,2913.4705974450544,52.3544004332213,0.024497836375308644,-18.48206993455824,-18.860024463214625,0.37795452865638524,-0.022886866059817934,-0.03706170220132887,1.0132076285669722,-0.014528082987712757,-0.04635149701916094,19.25,2805.449951171875
2025-02-04,2840.0,2874.949951171875,2763.199951171875,2805.449951171875,2678.676025390625,550653,-0.004365202316786498,2853.3199951171873,2950.8319970703124,2870.535085026806,2909.234493669636,48.97447706665687,0.024503833225691662,-22.067939210229724,-19.501607412617645,-2.5663317976120794,-0.0677245323014456,-0.04082265500719273,-0.09232323765127859,-0.016776962986006155,-0.04926815421643037,-12.300048828125,2841.89990234375
2025-02-05,2824.0,2862.800048828125,2805.800048828125,2841.89990234375,2713.478759765625,327625,0.012992550858606178,2851.817492675781,2947.3299951171875,2867.807924771277,2906.5939214607774,51.52487724384742,0.02440160862217799,-21.718206051130437,-19.944927140320203,-1.7732789108102338,-0.00896226615890594,-0.010463291261695984,-0.4050245799078549,-0.0034776385086009373,-0.035771390698734966,36.449951171875,2825.64990234375
2025-02-06,2859.5,2896.699951171875,2817.85009765625,2825.64990234375,2697.963134765625,389617,-0.00571800575614867,2847.349987792969,2944.6909912109377,2863.7928750162746,2903.419646201286,51.25275790248884,0.024159422861620723,-22.49299396293418,-20.454540504843,-2.0384534580911797,-0.014749228385537494,-0.030651834530445954,0.18921632964517365,-0.007621151436335738,-0.04042566409259626,-16.25,2868.5
2025-02-07,2834.0,2889.35009765625,2817.800048828125,2868.5,2738.876953125,211878,0.01516468746560129,2851.8999877929687,2942.569990234375,2864.2411726337723,2902.0502483110395,55.752103230371354,0.02183647529196783,-19.425449705153824,-20.24872234490517,0.8232726397513446,0.02501340003573338,0.03276327632763287,-0.45618902665951433,0.005820685254772127,-0.025171870331103074,42.85009765625,2786.949951171875
2025-02-10,2870.0,2888.5,2769.949951171875,2786.949951171875,2661.011962890625,359767,-0.028429509788434726,2852.2349853515625,2937.3089892578123,2856.8801039231153,2897.5365111683273,48.737808376362594,0.022863460233152437,-23.30614741876525,-20.860207359677187,-2.4459400590880627,-0.010930724453242835,0.002409837666351944,0.6979912968783923,-0.02288907979706327,-0.05118938410491483,-81.550048828125,2713.60009765625
2025-02-11,2789.0,2794.0,2688.89990234375,2713.60009765625,2590.9765625,249486,-0.026319042250752434,2848.927490234375,2931.2019921875,2843.2343890405564,2890.323318481579,37.70139009722053,0.023630691390056892,-31.932253344707078,-23.074616556683168,-8.85763678802391,-0.032739794013169954,-0.02379706892481337,-0.30653450705595564,-0.047501171244969775,-0.074236403738542,-73.349853515625,2666.60009765625
2025-02-12,2729.0,2744.449951171875,2657.60009765625,2666.60009765625,2546.1005859375,732007,-0.017320164471026578,2841.1875,2924.1799951171874,2826.4120755753843,2881.54985884137,28.351228245182043,0.023589098438740193,-42.07598586965014,-26.874890419276564,-15.201095450373575,-0.06168401798491496,-0.05486631106739148,1.9340604282404623,-0.061448743648122486,-0.08808619780281851,-47.0,2601.949951171875
2025-02-13,2675.0,2698.35009765625,2594.5,2601.949951171875,2484.371826171875,559365,-0.024244410154037666,2830.425,2915.1929931640625,2805.0347303940976,2870.5851565798216,28.62426383320893,0.02407874331851069,-54.701132885157676,-32.44013891245279,-22.260993972704888,-0.0791676106039626,-0.07640565232526786,-0.235847471403962,-0.0807211103732214,-0.10745190549192524,-64.650146484375,2554.25
2025-02-14,2630.050048828125,2630.050048828125,2530.85009765625,2554.25,2438.827392578125,469018,-0.01833238612079824,2817.875,2905.198994140625,2781.1504703565643,2858.1798563217894,28.832064583884886,0.02430081270297342,-67.77437941090238,-39.50698701214271,-28.267392398759675,-0.10955203067805475,-0.08947509134658227,-0.16151707740026633,-0.09355454021203921,-0.12080032894422704,-47.699951171875,2591.35009765625
2025-02-17,2544.0,2594.89990234375,2507.0,2591.35009765625,2474.2509765625,227875,0.01452484982137614,2808.765002441406,2894.933994140625,2763.074244385106,2847.7159442172588,19.71300467473273,0.024598929773114512,-74.28504192532228,-46.462597994778626,-27.82244393054365,-0.07018420027004002,-0.06569196443700653,-0.5141444464817981,-0.07740587218801748,-0.10486729476348405,37.10009765625,2578.949951171875
2025-02-18,2591.0,2615.35009765625,2530.0,2578.949951171875,2462.4111328125,276630,-0.004785206945055576,2797.265002441406,2882.8769921875,2745.5385974124174,2837.176101352734,24.257551853469508,0.02431446515557945,-79.52862062995655,-53.07580252181422,-26.45281810814233,-0.04962048262036589,-0.0818811313829374,0.2139550191991224,-0.07804589521514385,-0.10542490777069473,-12.400146484375,2611.25
2025-02-19,2572.39990234375,2630.0,2552.300048828125,2611.25,2493.25146484375,251079,0.012524496186305578,2781.8800048828125,2871.4109912109375,2732.749207182663,2828.3162542408622,28.341224846959022,0.022487865616907056,-80.15388642502012,-58.4914193024554,-21.66246712256472,-0.020756804781076332,-0.10541460330566554,-0.09236525322633116,-0.061336220319826606,-0.09060388499147656,32.300048828125,2637.25
2025-02-20,2601.35009765625,2642.10009765625,2589.5,2637.25,2518.07666015625,279331,0.009956917185256042,2763.2775024414063,2860.3489892578127,2723.654044593838,2820.823459956907,35.31822950936282,0.021156373120378037,-77.65625835647916,-62.32438711326016,-15.331871243218998,0.0135667670364783,-0.12363341733670186,0.11252235352219819,-0.04560797905026141,-0.07799712206296239,26.0,2567.550048828125
2025-02-21,2640.0,2650.949951171875,2555.5,2567.550048828125,2451.5263671875,248774,-0.026429026892359486,2744.8,2847.7919921875,2708.786997378056,2810.891169324406,29.13610669216108,0.021269949413171917,-80.37456570843915,-65.93442283229595,-14.440142876143199,0.005207027044386914,-0.12582140088552618,-0.10939351522029417,-0.06457663624740424,-0.09840674604331275,-69.699951171875,2487.89990234375
2025-02-24,2536.550048828125,2539.0,2463.050048828125,2487.89990234375,2375.4755859375,430982,-0.031021847663973978,2725.0074951171873,2833.6039892578124,2687.750131184313,2798.224845129086,26.193879631558204,0.021828491259771935,-87.9422020631905,-70.33597867847487,-17.606223384715634,-0.03992135042118228,-0.13726921461855224,0.7324238063463224,-0.08701172132491351,-0.12200155287211126,-79.650146484375,2452.89990234375
2025-02-25,2470.5,2495.25,2440.0,2452.89990234375,2342.05712890625,268308,-0.014068090105646136,2697.189990234375,2819.03798828125,2665.383442723307,2784.6826905100534,20.7738756883073,0.018310602579252065,-95.66109434040936,-75.40100181086177,-20.26009252954759,-0.048876500597015426,-0.18487998592880284,-0.3774496382679555,-0.09057207270348687,-0.1298805079816367,-35.0,2376.39990234375
2025-02-27,2445.0,2449.0,2360.0,2376.39990234375,2269.01416015625,775514,-0.031187575133785117,2672.62998046875,2803.0349853515627,2637.8612007823967,2768.6716007780415,19.0492802103426,0.01690925563930914,-106.72106869617483,-81.66501518792438,-25.056053508250443,-0.08993780666586881,-0.17129312965011,1.890387166987194,-0.1108384176971047,-0.15220469428222394,-76.5,2247.25
2025-02-28,2340.0,2364.550048828125,2227.050048828125,2247.25,2145.7001953125,1097369,-0.05434687243353886,2641.5949829101564,2785.6379833984374,2600.660134041216,2748.223694865177,11.748058871526837,0.019512547372302496,-124.47265256704623,-90.22654266374876,-34.246109903297466,-0.14788131576452745,-0.216426353925127,0.4150215212104489,-0.14928290879615458,-0.1932727750723775,-129.14990234375,2265.39990234375
2025-03-03,2260.0,2285.25,2238.300048828125,2265.39990234375,2163.030029296875,442636,0.008076494534987155,2614.939978027344,2771.9339794921875,2568.7305881652674,2729.289428491788,15.167304696506179,0.019777290223443742,-135.5142414234465,-99.28408241568832,-36.230159007758175,-0.11768033367929154,-0.1904949428823477,-0.5966388698787737,-0.1336704010878596,-0.18273670328946057,18.14990234375,2246.60009765625
2025-03-04,2240.0,2269.89990234375,2183.050048828125,2246.60009765625,2145.07958984375,541824,-0.008298669329000141,2586.3824829101563,2757.3129833984376,2538.0514938310753,2710.3604351256886,16.359318952921413,0.01936951283114046,-144.12043658317953,-108.25135324918656,-35.86908333399296,-0.09698935413767296,-0.20269715281474576,0.22408480105549478,-0.13137360289866665,-0.18522122400218957,-18.7998046875,2307.85009765625
2025-03-05,2173.0,2336.0,2173.0,2307.85009765625,2203.56201171875,582517,0.027263419094434527,2561.502490234375,2744.8569873046877,2516.1275513382348,2694.57571600924,24.677069913097185,0.021155533792436704,-144.33474405495645,-115.46803141034054,-28.8667126446159,-0.05913400891284015,-0.17736900040144032,0.07510372371840313,-0.09902484715324868,-0.15920934739756937,61.25,2343.0
2025-03-06,2315.800048828125,2369.89990234375,2315.800048828125,2343.0,2237.123291015625,560584,0.015230582947933557,2536.5574951171875,2733.54798828125,2499.6392131155458,2680.7884330284855,30.92730300884459,0.02128628352094877,-140.0538275674744,-120.38519064176731,-19.66863692570709,-0.014054832400392292,-0.1755515392826824,-0.03765212002396501,-0.07630715861547828,-0.14287219026537437,35.14990234375,2302.25
2025-03-07,2320.10009765625,2329.949951171875,2275.0,2302.25,2198.21484375,314701,-0.01739223218096453,2510.3875,2721.9139892578123,2480.8402404378744,2665.943788595996,31.24720668056635,0.021340345655033635,-138.35449040414824,-123.9790505942435,-14.375439809904734,0.024474357548114334,-0.18523168843727356,-0.43861936837298243,-0.08291050684406286,-0.1541797392989051,-40.75,2265.0
2025-03-10,2276.14990234375,2317.5,2248.5,2265.0,2162.648193359375,352043,-0.016179824085134076,2480.2125,2708.5089892578126,2460.284027062839,2650.2205027687023,25.719798192040145,0.020532870831910844,-138.41792151089703,-126.86682477757422,-11.551096733322808,-0.00017652615917229664,-0.2103887048980303,0.11865866330262698,-0.08677179878740232,-0.16374654506106814,-37.25,2277.85009765625
2025-03-11,2232.300048828125,2284.14990234375,2200.0,2277.85009765625,2174.91748046875,281705,0.005673332298565148,2454.7575073242188,2697.1219921875,2442.909367119354,2635.6177417839003,27.61338566354904,0.020472311584475045,-135.86512702069012,-128.6664852261974,-7.1986417944927155,0.013909907701242119,-0.1826727650066179,-0.19979945631641594,-0.07206716310679694,-0.15545158719024035,12.85009765625,2225.050048828125
2025-03-12,2261.0,2279.39990234375,2170.25,2225.050048828125,2124.503662109375,436694,-0.023179773279397353,2430.3300048828123,2684.5249951171877,2422.1608606154277,2619.5170479424974,22.13563584211107,0.020350939584144894,-136.52872352866052,-130.23893288669004,-6.289790641970484,-0.03587756800678388,-0.1800375999581103,0.5501819279033031,-0.08446587732622989,-0.17115688888156738,-52.800048828125,2205.14990234375
2025-03-13,2226.0,2292.449951171875,2199.85009765625,2205.14990234375,2105.50244140625,869498,-0.008943684882439351,2407.2574951171873,2670.653994140625,2401.4931503038392,2603.2673559582327,18.547084066987452,0.020271398379435056,-137.08022850626685,-131.60719201060542,-5.473036495661432,-0.05883486882469058,-0.173048143108553,0.9910921606433796,-0.08395761283675993,-0.17430340763655044,-19.900146484375,2200.199951171875
2025-03-17,2207.10009765625,2236.199951171875,2181.550048828125,2200.199951171875,2100.7763671875,449847,-0.0022447232120654803,2387.1699951171877,2657.2729931640624,2382.3223694341286,2587.46079106465,20.47736435605178,0.02001059642886187,-136.34501935421304,-132.55475747932695,-3.7902618748860846,-0.04432622383673579,-0.15440343109561294,-0.48263595775953483,-0.07832288623254675,-0.17200831196795568,-4.949951171875,2200.199951171875
2025-03-18,2200.199951171875,2200.199951171875,2200.199951171875,2200.199951171875,2100.7763671875,0,0.0,2369.467492675781,2643.323994140625,2364.977377218676,2572.2740914610117,23.48386353500483,0.019939759410643663,-134.2152113934394,-132.88684826214944,-1.3283631312899615,-0.028609293080849918,-0.13861213617622592,-1.0,-0.07143695451704911,-0.16763894397773768,0.0,2285.85009765625
2025-03-19,2300.0,2305.0,2236.5,2285.85009765625,2182.55615234375,550648,0.038928346689016013,2354.192492675781,2630.5169970703123,2357.4414458317783,2561.041777978472,35.91841589896367,0.02198370696405754,-124.18455003632016,-131.1463886169836,6.961838580663425,0.003512083612627226,-0.11789221389896709,inf,-0.02903007941455668,-0.13102629627481155,85.650146484375,2305.85009765625
2025-03-20,2300.25,2369.60009765625,2294.5,2305.85009765625,2201.65234375,637186,0.008749480125799458,2340.5375,2618.1369970703126,2352.527984100776,2551.0342611030906,43.42683149858197,0.02223069227986917,-113.31511962790637,-127.58013481916815,14.265015191261782,0.036313811849167266,-0.10589575551535169,0.1571566590635034,-0.014820271986135626,-0.11927828824981684,20.0,2429.949951171875
2025-03-21,2280.0,2438.0,2240.39990234375,2429.949951171875,2320.144287109375,1232731,0.053819566866798674,2331.4724975585937,2609.2969970703125,2359.901504774214,2546.2858567920625,67.18397305450961,0.025634771255815057,-93.60814031376731,-120.785735918088,27.177595604320686,0.10194320512596255,-0.06943036814863568,0.9346485955435304,0.042238308072002656,-0.06873385670539085,124.099853515625,2482.949951171875
2025-03-24,2436.25,2508.0,2405.39990234375,2482.949951171875,2370.749267578125,433340,0.021811148815818138,2323.7574951171873,2600.65599609375,2371.620404431134,2543.8020957873496,69.20293649757195,0.026089930686764833,-72.87351959398529,-111.20329265326745,38.32977305928216,0.12851104730249685,-0.05850793395701015,-0.6484715643558895,0.06850648417022517,-0.04526013632663167,53.0,2534.39990234375
2025-03-25,2513.300048828125,2559.800048828125,2475.050048828125,2534.39990234375,2419.874267578125,966857,0.020721300140420507,2322.099987792969,2595.793994140625,2387.123213756145,2543.433382318973,74.01934216113523,0.025961623441957758,-51.693709311568,-99.30137598492756,47.60766667335956,0.15189526342543225,-0.012911197777626726,1.2311741357825263,0.09142582820154989,-0.023651372926918348,51.449951171875,2515.14990234375
2025-03-26,2530.0,2572.300048828125,2505.10009765625,2515.14990234375,2401.494140625,781651,-0.007595486403782603,2323.4624877929687,2590.4919921875,2399.3162317168694,2542.3242262415138,68.60525653824342,0.02501520136568678,-36.046351291878636,-86.65037104631777,50.604019754439136,0.10031270419814842,0.010953013010824408,-0.19155469733373187,0.0825007571922812,-0.029084085212758518,-19.25,2528.199951171875
2025-03-27,2497.0,2539.5,2488.0,2528.199951171875,2413.954345703125,458236,0.005188576957565916,2327.227490234375,2585.4609912109377,2411.590871664965,2541.770333101528,67.30839875310366,0.024780608874569964,-22.33521104182273,-73.78733904541876,51.45212800359603,0.09642858126017373,0.03069837817522658,-0.41375882586985757,0.0863570328989453,-0.022147323140328502,13.050048828125,2500.199951171875
2025-03-28,2518.0,2559.0,2477.10009765625,2500.199951171875,2387.2197265625,390216,-0.0110750733884879,2333.4174926757814,2579.0369921875,2420.029831618004,2540.1401220454636,68.95163797363142,0.023758285919708216,-13.571950606116843,-61.74426135755838,48.172310751441536,0.02891006045870248,0.052095629488128514,-0.1484387957297113,0.07147561849501713,-0.03056840256826115,-28.0,2446.75
2025-04-01,2402.0,2497.14990234375,2402.0,2446.75,2336.18505859375,379487,-0.02137827062464437,2343.3924926757813,2571.6279931640624,2422.5746095591467,2536.4777643181906,66.87714124558148,0.020504768763845296,-10.815295935373342,-51.55846827312137,40.74317233774803,-0.014579412345701814,0.08877516965179666,-0.02749502839453022,0.044105930887489035,-0.048559898047468325,-53.449951171875,2474.39990234375
2025-04-02,2461.0,2502.949951171875,2437.35009765625,2474.39990234375,2362.58544921875,294985,0.011300665104219787,2353.842492675781,2565.0109912109374,2427.510351729109,2534.043338358409,67.76319970063263,0.020547338692742122,-6.32658230625384,-42.51209107974787,36.18550877349403,-0.023674243336465395,0.09225744195705654,-0.22267429450811227,0.05121727984905337,-0.03532580919834969,27.64990234375,2374.050048828125
2025-04-03,2390.050048828125,2418.449951171875,2354.0,2374.050048828125,2266.7705078125,556470,-0.0405552285305919,2360.214990234375,2557.0209912109376,2422.418894309968,2527.7690917101627,62.40013718692043,0.022761405633897152,-10.742802594585555,-36.1582333827154,25.415430788129846,-0.056099977732595896,0.05673014583451508,0.8864349034696679,0.005861778969709974,-0.07155629265920199,-100.349853515625,2229.199951171875
2025-04-04,2360.0,2369.949951171875,2220.0,2229.199951171875,2128.4658203125,705009,-0.061013919115879944,2356.2824829101564,2545.4259912109374,2404.017090201578,2516.0604979635636,51.65691056965267,0.026121405493053793,-25.635372689423093,-34.05366124405694,8.418288554633847,-0.11826596225563846,-0.03407939994207099,0.2669308318507737,-0.05393348745746586,-0.12423305220067464,-144.85009765625,2102.199951171875
2025-04-07,2063.5,2120.949951171875,2044.550048828125,2102.199951171875,2007.2047119140625,573919,-0.05697111196025151,2344.24248046875,2529.0909912109373,2375.2726007701776,2499.830672599184,44.220333653171636,0.02857508148071735,-47.14225384418842,-36.671379764083234,-10.470874080105183,-0.15918726812767614,-0.10277424192408235,-0.18594088869787473,-0.10324978380584439,-0.1687922820976344,-127.0,2168.89990234375
2025-04-08,2155.5,2215.64990234375,2128.75,2168.89990234375,2070.890625,645228,0.031728642717688604,2337.5749755859374,2512.28298828125,2355.618058062899,2486.852995334265,48.28867921354929,0.029549786752765324,-58.13434691932025,-40.963973195130635,-17.170373724189616,-0.11355884240574232,-0.05792164085405582,0.12424924074651655,-0.0721581446601118,-0.13668169053376486,66.699951171875,2117.60009765625
2025-04-09,2110.0,2150.85009765625,2051.0,2117.60009765625,2021.9090576171875,1248075,-0.023652453777172733,2330.20498046875,2495.89298828125,2332.9496808813133,2472.3724895429705,40.441963755709985,0.02977741642597797,-70.17617808522891,-46.806414173150294,-23.369763912078618,-0.14419649966423753,-0.06507721957781454,0.9343162417006081,-0.09123870414598967,-0.15156614983140934,-51.2998046875,2160.550048828125
2025-04-11,2220.0,2220.0,2145.050048828125,2160.550048828125,2062.91796875,480772,0.020282371170747382,2324.339978027344,2481.4289892578126,2316.5306683048193,2460.1441585345456,41.955478299421884,0.030176194199296943,-75.38472573614445,-52.522076485749125,-22.86264925039532,-0.08993070727611141,-0.05149594740620489,-0.6147891753300082,-0.07046728565854064,-0.12931215917069683,42.949951171875,2269.699951171875
2025-04-15,2202.89990234375,2278.0,2185.0,2269.699951171875,2167.1357421875,747484,0.05051949729327143,2326.572473144531,2466.63798828125,2312.070600006444,2452.6757582458135,40.97843237507766,0.031928912369354516,-69.8992967772624,-55.99752054405179,-13.901776233210619,0.018167953026694272,0.020066920457481707,0.5547577645952759,-0.024444766981958153,-0.07984067303147349,109.14990234375,2267.10009765625
2025-04-16,2270.10009765625,2283.5,2235.0,2267.10009765625,2164.6533203125,368946,-0.0011454613259707092,2329.6699829101562,2454.62798828125,2307.787695020711,2445.398281359948,37.117275904064236,0.031842405823551315,-65.01241856539855,-57.80050014832115,-7.211918417077399,0.07844170407883944,0.02809341679976307,-0.5064161908482322,-0.02685783210192963,-0.07639768287507737,-2.599853515625,2273.699951171875
2025-04-17,2253.0,2284.5,2191.10009765625,2273.699951171875,2170.955078125,868626,0.0029111434128770153,2333.3449829101564,2442.74298828125,2304.541243225584,2438.6650135094355,33.560333957875,0.031828200038560565,-59.91630152562175,-58.22366042378127,-1.6926411018404792,0.04831944928158105,0.03340605473645808,1.354344538225106,-0.025562028836341177,-0.06920213789184429,6.599853515625,2380.699951171875
2025-04-21,2273.699951171875,2418.5,2260.199951171875,2380.699951171875,2273.119873046875,1063680,0.04705985939123214,2342.369982910156,2434.3869873046874,2311.7944535061833,2436.3918738099233,42.36642946113249,0.03336496704270606,-46.70519784459293,-55.91996790794361,9.214770063350677,0.12424435274952184,0.08203799836640391,0.22455464146824977,0.016363754889864943,-0.022053616131202623,107.0,2401.800048828125
2025-04-22,2381.699951171875,2428.60009765625,2352.0,2401.800048828125,2293.266357421875,610522,0.008862980673336684,2348.16748046875,2426.06798828125,2320.3664149654155,2435.0353316537744,42.888488046521644,0.03239446517703251,-34.13916639719582,-51.563807605794054,17.42464120859823,0.11166137999480874,0.050725089668286705,-0.42602850481347776,0.02284018018538808,-0.01000299231940229,21.10009765625,2507.300048828125
2025-04-23,2459.0,2523.89990234375,2435.39990234375,2507.300048828125,2393.9990234375,1447072,0.043925388398370346,2358.2399780273436,2420.104990234375,2338.1696181904354,2437.8692421312,50.36742410459799,0.033654677139994565,-15.488980318497852,-44.34884214833482,28.859861829836966,0.1046834836179884,0.08736472131325268,1.3702208929407949,0.06320818584606876,0.036029452831840086,105.5,2468.10009765625
2025-04-24,2529.800048828125,2539.0,2447.10009765625,2468.10009765625,2356.570556640625,823663,-0.015634327925848512,2360.1474853515624,2412.628994140625,2350.543949568132,2439.0547658772803,51.1213884751271,0.03185893062890759,-3.827560204243582,-36.244585759516575,32.41702555527299,0.08865951715488696,0.015699972119169292,-0.43080717476393715,0.04573977388053239,0.022991974170228306,-39.199951171875,2538.60009765625
2025-04-25,2502.0,2571.60009765625,2440.0,2538.60009765625,2423.884765625,3212180,0.028564481670313224,2362.9299926757812,2406.887998046875,2368.454058909858,2442.9585043784164,53.22679128612722,0.032122857445790735,10.976430599850119,-26.800382487643237,37.77681308749335,0.1165062023016028,0.022412915112570042,2.8998716708168266,0.07434418519591432,0.05472298657696402,70.5,2503.39990234375
2025-04-28,2532.0,2532.39990234375,2424.0,2503.39990234375,2390.275146484375,1011111,-0.013865986747971237,2361.379992675781,2399.58599609375,2381.3060439988,2445.328755279018,56.95691395001634,0.031970044166130654,19.641918576990975,-17.511922274716397,37.15384085170737,0.051539443730184153,-0.012231692390507143,-0.6852259213369114,0.06014275978811867,0.04326325725312493,-35.2001953125,2511.89990234375
2025-04-29,2503.39990234375,2539.89990234375,2471.5,2511.89990234375,2398.390869140625,669660,0.0033953824125509957,2361.217492675781,2394.0849951171876,2393.7435543173665,2447.9393884972433,67.81798233803323,0.03192934944649719,26.88534170920093,-8.632469477932933,35.51781118713386,0.04584055761400463,-0.0012921695032854785,-0.3376988283185526,0.06381555707399592,0.04921082896674495,8.5,2469.0
2025-04-30,2503.199951171875,2548.5,2454.0,2469.0,2357.4296875,664812,-0.017078667149006188,2358.2574951171873,2389.1929931640625,2400.91083485857,2448.765294830685,75.86014711101762,0.03214192317815944,28.831788230272196,-1.1396179362919074,29.9714061665641,-0.015275415021040573,-0.023415850136550564,-0.007239494668936475,0.04695946270163752,0.03340333203063988,-42.89990234375,2457.800048828125
2025-05-02,2464.0,2521.60009765625,2447.0,2457.800048828125,2346.73583984375,316115,-0.004536229717243878,2356.1375,2385.0169921875,2406.328855236623,2449.119598909016,72.0973216963399,0.0320639002877356,29.134771157796422,4.915259882525758,24.219511275270662,-0.004173270297224252,-0.016958604580356362,-0.5245046719974971,0.043147969432227616,0.030516787460650174,-11.199951171875,2456.10009765625
2025-05-05,2469.89990234375,2507.5,2446.10009765625,2456.10009765625,2345.11279296875,267130,-0.0006916556017995124,2356.6050048828124,2382.0999951171875,2411.0689735623014,2449.3933439579273,78.01690273812719,0.031681718032682604,28.9045221196925,9.713112329959108,19.19140978973339,-0.03249822611925668,0.003821435641667481,-0.15495942932160767,0.04221967303272583,0.03106506976648646,-1.699951171875,2357.699951171875
2025-05-06,2463.0,2480.0,2352.0,2357.699951171875,2251.1591796875,556788,-0.04006357337727151,2350.7700073242186,2378.168994140625,2405.986209525118,2445.7975246329843,64.94579339896562,0.03283549121793933,20.545146975761327,11.87951925911955,8.665627716641776,-0.058200829613944904,-0.04716293072164157,1.0843334705948413,0.002947946343566163,-0.008607059893212725,-98.400146484375,2402.199951171875
2025-05-07,2340.0,2407.5,2330.10009765625,2402.199951171875,2293.648193359375,435576,0.018874327065189878,2352.1775024414064,2374.3859912109374,2405.6256134914756,2444.0878158698033,61.136327260937904,0.0318266092826396,17.311503806290602,12.965916168553761,4.345587637736841,-0.04367210296458013,0.01185733315000892,-0.21769865729864868,0.021266442978282268,0.011714169500617919,44.5,2374.89990234375
2025-05-08,2407.0,2427.89990234375,2362.60009765625,2374.89990234375,2267.581787109375,430111,-0.011364603023493958,2359.4625,2370.304990234375,2402.6993552869308,2441.3745643589778,58.699143616606285,0.028490377656943656,12.402958923050846,12.853324719453179,-0.4503657964023322,-0.0381126357457473,0.06535974984894533,-0.012546604955277596,0.006542762321397313,0.0019385320152072926,-27.300048828125,2387.300048828125
2025-05-09,2350.5,2394.0,2311.10009765625,2387.300048828125,2279.421630859375,344612,0.005221334369561292,2373.7175048828126,2365.8259912109374,2401.2327546718066,2439.2539951224735,59.08218953482925,0.024674915641697673,9.405074088234414,12.163674593209425,-2.7586005049750106,-0.02868418854235688,0.13561987645243767,-0.19878356982267364,0.005722055770062227,0.00907676967662197,12.400146484375,2532.39990234375
2025-05-12,2440.0,2550.0,2415.0,2532.39990234375,2417.964599609375,691719,0.060779898021973144,2391.8925048828123,2363.7289892578124,2413.724863973897,2442.9067757978178,61.431793168995654,0.026975796986300874,18.524040676582445,13.43574780988403,5.088292866698415,0.03106542960537717,0.1675964850232119,1.0072400264645456,0.0587431906635042,0.07135797456158399,145.099853515625,2490.60009765625
2025-05-13,2532.10009765625,2532.10009765625,2484.0,2490.60009765625,2378.0537109375,284561,-0.016506004698868426,2410.5425048828124,2362.189990234375,2421.046314800788,2444.777102145207,56.489334636463454,0.026577198851875875,22.1229726362385,15.173192775154925,6.9497798610835755,0.05636855801702767,0.17614279505031893,-0.5886176323044473,0.03321144207632612,0.05436061788117831,-41.7998046875,2571.60009765625
2025-05-14,2475.0,2582.5,2473.10009765625,2571.60009765625,2455.3935546875,626343,0.03252228251184297,2431.095007324219,2363.863994140625,2435.3847703108318,2449.750552949562,54.873431376939166,0.027000932790321574,31.152073486268364,18.368968917377615,12.78310456889075,0.07051875361238591,0.19025250030707563,1.2010851803304035,0.05779498123632687,0.08787988819599869,81.0,2624.300048828125
2025-05-15,2580.0,2630.0,2556.699951171875,2624.300048828125,2505.7119140625,642884,0.020493058473557202,2448.8250122070312,2367.2919970703124,2453.376701598193,2456.59563121931,61.6013044044321,0.0253609254661668,42.07513067323589,23.110201268549268,18.96492940468662,0.10501501399627244,0.15623214754583103,0.026408852657409776,0.0716568296004723,0.10856626562159541,52.699951171875,2600.39990234375
2025-05-16,2630.0,2643.10009765625,2580.0,2600.39990234375,2482.891845703125,412947,-0.009107246137897818,2465.4900024414064,2371.7719970703124,2467.378911193008,2462.23501440066,54.931359324604124,0.025566851180035415,48.247028400189265,28.137566694877272,20.109461705311993,0.08926395893144279,0.147015919161253,-0.3576648353357682,0.05471930519643215,0.09639539785267977,-23.900146484375,2534.5
2025-05-19,2600.0,2600.0,2531.0,2534.5,2419.969970703125,377534,-0.025342218435077668,2478.5300048828126,2377.5169970703123,2473.7713958412933,2465.0689354045558,52.36574675927645,0.02657623581984743,47.27576485513646,31.96520632692911,15.310558528207348,0.0008292914773477822,0.11470293109418739,-0.08575676781766184,0.022581931631621997,0.06602813066031894,-65.89990234375,2532.39990234375
2025-05-20,2552.0,2594.39990234375,2524.199951171875,2532.39990234375,2417.964599609375,562623,-0.000828604322844706,2486.1150024414064,2382.8569970703124,2479.355063127242,2467.7093654806026,51.574742900266536,0.024755832097755216,45.80851907540682,34.733868876624655,11.074650198782166,0.016783025394897955,0.06372073519689136,0.49025783108276344,0.01861736076444212,0.06275781780329175,-2.10009765625,2557.60009765625
2025-05-21,2544.0,2568.60009765625,2510.0,2557.60009765625,2442.026123046875,497535,0.009951112100887727,2493.9050048828126,2389.0769970703127,2486.806971177624,2471.2344922325888,56.996215281687,0.024769705915659534,46.147205123904314,37.01653612608059,9.130668997823726,-0.005444081298938919,0.0648680346659758,-0.11568670317423924,0.025540304321427194,0.07053899928407269,25.2001953125,2543.699951171875
2025-05-22,2545.10009765625,2554.89990234375,2501.0,2543.699951171875,2428.754150390625,398695,-0.005434839675331982,2495.725,2393.793994140625,2492.2253502246954,2474.07627493609,56.75419480866513,0.02291247581032222,44.7778197714224,38.56879285514895,6.2090269162734515,-0.030712988666155683,0.014517569351447435,-0.19865939079662742,0.0192228515448918,0.0626227475706683,-13.900146484375,2541.39990234375
2025-05-23,2545.699951171875,2594.199951171875,2535.199951171875,2541.39990234375,2426.557861328125,493482,-0.000904213890111305,2499.389990234375,2397.7619921875,2496.9086409027004,2476.716417187371,56.700686508335295,0.022585144489923745,43.01117128650549,39.457268541420255,3.5539027450852316,-0.022688817957123852,0.029698878403313866,0.23774313698441163,0.01680806607752939,0.059904990830723794,-2.300048828125,2546.0
2025-05-26,2554.0,2556.199951171875,2524.800048828125,2546.0,2430.9501953125,293829,0.0018100644656544596,2499.7599853515626,2402.6369921875,2501.5840084357765,2479.433420434925,67.34843342101155,0.02168484415289676,41.50384853971582,39.86658454107937,1.637263998636449,0.0045373840994278325,0.00291495393488006,-0.4045801062652741,0.018497781754808866,0.059669025441073484,4.60009765625,2537.800048828125
2025-05-27,2546.10009765625,2553.699951171875,2514.199951171875,2537.800048828125,2423.120849609375,396746,-0.003220719234829139,2501.4799926757814,2408.0929931640626,2505.03315513981,2481.722307822894,63.3886249069528,0.02144645968184141,39.19579217977707,39.73242606881891,-0.5366338890418376,0.0021324224816852144,0.013741370866144242,0.35026154668191367,0.014519427002689218,0.05386297623566297,-8.199951171875,2531.5
2025-05-28,2549.800048828125,2563.0,2522.10009765625,2531.5,2417.10546875,358982,-0.0024824843198478774,2502.459997558594,2413.1659912109376,2507.5538070312564,2483.674374182781,66.13102303591188,0.021450715282218823,36.438242222826375,39.07358929962041,-2.6353470767940337,-0.010204917367718225,0.007802897574844536,-0.09518432447964187,0.0116045820791292,0.04903682930227351,-6.300048828125,2566.39990234375
2025-05-29,2560.0,2586.199951171875,2538.800048828125,2566.39990234375,2450.42822265625,563264,0.013786254135394138,2507.3299926757813,2419.99298828125,2513.1581970610177,2486.918512542035,67.63140400286682,0.021220595097259445,36.64655578001248,38.588182595698825,-1.941626815686348,0.008923989309909341,0.039449130151377076,0.5690591728833201,0.023558889272859623,0.06049890010899687,34.89990234375,2558.800048828125
2025-05-30,2574.89990234375,2576.5,2538.60009765625,2558.800048828125,2443.171875,466811,-0.0029612896683344214,2512.379992675781,2427.0659912109377,2517.5050400864566,2489.7373963179602,53.563733267244885,0.02119739557137534,35.78588371923934,38.02772282040693,-2.241839101167592,0.006846677875578688,0.041093660181248826,-0.17123941881604365,0.018476526754579347,0.05427708109059744,-7.599853515625,2491.10009765625
2025-06-02,2461.5,2503.89990234375,2386.699951171875,2491.10009765625,2378.531005859375,1782200,-0.026457694966388723,2514.129992675781,2432.883994140625,2514.990283664532,2489.7908355861287,50.06308347594881,0.022145852926399624,29.303185757979918,36.28281540792153,-6.979629649941614,-0.021563198092596214,0.014250233544389701,2.817819203060768,-0.009160184670889042,0.023928844801409815,-67.699951171875,2501.39990234375
2025-06-03,2520.0,2533.699951171875,2480.699951171875,2501.39990234375,2388.365478515625,470919,0.004134641035577147,2521.314990234375,2438.9079931640626,2513.6959616339814,2490.2460931060355,39.219874960447136,0.019933747148590374,24.71184629607569,33.96862158555237,-9.256775289476678,-0.014343189291521785,0.06094921073415227,-0.7357653462013243,-0.007898690948080852,0.02562290556053936,10.2998046875,2503.300048828125
2025-06-04,2512.0,2550.0,2490.300048828125,2503.300048828125,2390.1796875,606388,0.0007596332288151153,2526.3699951171875,2443.2569921875,2512.7058747000906,2490.7580129382745,27.984011826770512,0.019590164812725262,20.984605168880535,31.371818302218003,-10.387213133337468,-0.011139621241112008,0.04208646228925694,0.28766942934984563,-0.009131657806912951,0.024575006572217777,1.900146484375,2529.800048828125
2025-06-05,2510.0,2542.5,2467.10009765625,2529.800048828125,2415.482421875,362691,0.010586026238606605,2534.1150024414064,2447.7359912109373,2514.3338912837125,2492.289073169249,37.274726706101134,0.01940169534307681,19.939221320863,29.085298905947006,-9.146077585084008,-0.014261165410036192,0.0652238632590394,-0.40188295282888187,-0.0017027457748067223,0.03352651507836398,26.5,2545.199951171875
2025-06-06,2539.0,2562.0,2506.300048828125,2545.199951171875,2430.186279296875,801312,0.006087399022260076,2542.0099975585936,2450.0409912109376,2517.273516034966,2494.3640095615087,52.35785461967779,0.01940708121990406,20.121443036352048,27.292527732028017,-7.171084695675969,-0.005315029465658538,0.06614162405821578,1.2093517622438936,0.001254894204328519,0.03883974198893093,15.39990234375,2603.0
2025-06-09,2560.10009765625,2632.300048828125,2553.60009765625,2603.0,2485.37451171875,691277,0.022709433418585556,2545.540002441406,2452.4419921875,2525.437943079255,2498.6242444806653,62.491166535640545,0.014801706126412005,24.645735249462177,26.76316923551485,-2.1174339860526743,0.044919873934022636,0.027878731787546407,-0.1373185475819656,0.02257281264623005,0.06139105768540807,57.800048828125,2671.39990234375
2025-06-10,2616.300048828125,2685.0,2605.10009765625,2671.39990234375,2550.68359375,1221722,0.026277334745966163,2554.5799926757813,2455.1819921875,2539.339082056826,2505.3997604752963,67.46468276686879,0.015152963004386413,33.36594802220452,28.083724992852787,5.282223029351734,0.0679619439661423,0.0725928682238628,0.767340733164853,0.04572959547279874,0.08806594005831962,68.39990234375,2679.89990234375
2025-06-11,2675.0,2703.199951171875,2655.0,2679.89990234375,2558.799560546875,844643,0.003181852328639545,2559.994982910156,2458.4769921875,2552.725826846057,2512.242903293667,71.25469670219307,0.013542089761746055,40.49584751056682,30.566149496395596,9.929698014171223,0.0705468182283211,0.042113781526997185,-0.30864550200454766,0.04683795094679763,0.09006507315703317,8.5,2664.300048828125
2025-06-12,2679.89990234375,2701.0,2646.0,2664.300048828125,2543.904296875,804368,-0.005821058279819269,2561.994982910156,2461.198994140625,2563.3519432253015,2518.2059286087438,68.41479537002692,0.012930833652865653,44.37602719951292,33.32812503701906,11.047902162493855,0.05316625717605783,0.015242159530447719,-0.04768286719951509,0.039931797915451483,0.08252118385023825,-15.599853515625,2644.199951171875
2025-06-13,2635.0,2684.60009765625,2592.10009765625,2644.199951171875,2524.712646484375,267645,-0.007544231988844796,2564.1849853515623,2464.078994140625,2571.0517535059275,2523.146870670043,64.06072483030033,0.012872165370923333,45.306917716000044,35.72388357281526,9.583034143184783,0.03889674756374961,0.01684358193855018,-0.6672605076283492,0.031204833612791097,0.07309869426246582,-20.10009765625,2707.39990234375
2025-06-16,2644.89990234375,2718.10009765625,2621.0,2707.39990234375,2585.056640625,389765,0.023901351009353755,2572.82998046875,2469.2919921875,2584.037291490482,2530.3724797552863,70.97972277136822,0.012281589844025293,50.56152128859958,38.69141111597213,11.870110172627449,0.04010753067374173,0.06821854501627533,0.4562760372881989,0.052304241981229745,0.09642760390816099,63.199951171875,2693.39990234375
2025-06-17,2720.0,2725.0,2667.199951171875,2693.39990234375,2571.689208984375,439638,-0.005171012966307842,2580.87998046875,2473.6719921875,2594.452778238412,2536.765712013658,69.6528444586697,0.012397677557787192,52.98536714988313,41.55020232275433,11.435164827128801,0.00823538249765532,0.06357605678747413,0.12795658922684172,0.04359750268377981,0.08882661518997176,-14.0,2687.39990234375
2025-06-18,2691.0,2709.800048828125,2671.199951171875,2687.39990234375,2565.96044921875,262836,-0.0022276677127591737,2587.369970703125,2479.9389892578124,2603.3048852960633,2542.6729351638573,65.79636478608026,0.012345513225601866,53.80193735858211,44.000549329919885,9.801388028662224,0.002798611990485478,0.05075062548146092,-0.4021535899990447,0.03866085359777191,0.08365565200780434,-6.0,2648.300048828125
2025-06-19,2696.199951171875,2704.0,2625.10009765625,2648.300048828125,2528.62744140625,369450,-0.014549324602388003,2592.5999755859375,2488.3209912109373,2607.590138965784,2546.815174915397,60.79615264549797,0.012815093453928965,50.70949621761474,45.34233870745886,5.367157510155884,-0.006005329620076938,0.04112124058030542,0.40562936584029585,0.021484252783578413,0.06429196963826364,-39.099853515625,2696.10009765625
2025-06-20,2651.199951171875,2705.89990234375,2647.199951171875,2696.10009765625,2574.267578125,418896,0.018049332759434433,2600.3349853515624,2500.198994140625,2616.0196588410663,2552.669485611117,75.97569728017423,0.01327423346269783,51.52186678328735,46.578244322624556,4.9436224606627945,0.019627920521431585,0.06087203952822651,0.13383678440925695,0.03682799056435425,0.07835420459520688,47.800048828125,2673.199951171875
2025-06-23,2690.39990234375,2697.699951171875,2650.0,2673.199951171875,2552.402099609375,303383,-0.008493804256111348,2606.6949829101563,2510.2849951171875,2621.4654009678097,2557.3961705350684,71.09529339747021,0.013522217414714746,49.74440335554982,47.211476129209615,2.532927226340206,-0.012632027925489897,0.04996070352391002,-0.27575579618807533,0.025513137784717504,0.06489898811153998,-22.900146484375,2682.800048828125
2025-06-24,2701.0,2728.10009765625,2677.300048828125,2682.800048828125,2561.568359375,327260,0.0035912381533755866,2613.9449829101563,2521.588994140625,2627.306796002126,2562.313969683816,71.63172357790553,0.013455443813955713,48.55073577243047,47.479328057853785,1.0714077145766865,-0.0039354919061225235,0.05713610103639022,0.07870249816238872,0.02634143655208495,0.06393232801305193,9.60009765625,2752.60009765625
2025-06-25,2700.0,2763.300048828125,2688.10009765625,2752.60009765625,2628.21435546875,509014,0.026017611285870768,2624.9999877929686,2533.4299951171874,2639.239491397757,2569.776170780774,74.3125351997856,0.014339136822225724,52.630336452601114,48.50952973680325,4.120806715797862,0.02426144142359954,0.08733956059895309,0.555381042596101,0.0486095658882514,0.08651121324113183,69.800048828125,2802.5
2025-06-26,2762.0,2809.0,2740.800048828125,2802.5,2675.859375,551408,0.018128278926618613,2636.8049926757812,2544.08599609375,2654.7881112646373,2578.902595456038,76.11123141134306,0.014522139519250665,59.207447868161125,50.649113363074825,8.5583345050863,0.058226012282901474,0.09199661262480285,0.08328651078359339,0.06283931037163067,0.10157439815439609,49.89990234375,2800.0
2025-06-27,2810.0,2883.0,2792.0,2800.0,2673.472412109375,967905,-0.000892060660124927,2648.864990234375,2554.743994140625,2668.6178149537195,2587.5730819087426,72.51943804106966,0.014473399551047922,63.48629643741015,53.216549977941895,10.269746459468251,0.038537108631119255,0.09426291486993654,0.7553336186634942,0.05705651678089202,0.09600022797660988,-2.5,2845.39990234375
2025-06-30,2813.89990234375,2871.0,2802.5,2845.39990234375,2716.82080078125,412320,0.016214250837053523,2666.57998046875,2566.1779931640626,2685.4542042289604,2597.6839376120765,70.9942134416413,0.012686984073817742,69.7368247462955,56.520604931612624,13.216219814682873,0.06441716082494553,0.1422262417398814,-0.5740077796891223,0.06705965063293015,0.10880847311585372,45.39990234375,2881.5
2025-07-01,2845.39990234375,2888.60009765625,2845.39990234375,2881.5,2751.28955078125,451128,0.012687178918687092,2685.5849853515624,2576.193994140625,2704.125232397631,2608.813979274348,72.8054409113405,0.012738330901262604,76.71902053072108,60.56028805143432,16.158732479286762,0.07406439076914029,0.15195495022611372,0.09412107101280554,0.07295059203750758,0.11851048739100102,36.10009765625,2888.5
2025-07-02,2885.0,2932.0,2875.0,2888.5,2757.97314453125,741113,0.0024292903001907895,2704.8449829101564,2585.9279931640626,2721.684734074047,2619.782058518492,75.8652371244593,0.012699488648200925,81.87351556945032,64.82293355503752,17.050582014412797,0.049371466076552295,0.15387686000813194,0.6427998262134029,0.067898536977246,0.11700712766782013,7.0,2882.800048828125
2025-07-03,2899.89990234375,2912.89990234375,2880.0,2882.800048828125,2752.53076171875,196536,-0.0019733256610264815,2722.494982910156,2593.4379931640624,2737.029049764911,2630.0964895110264,78.47256535277447,0.012836050703633788,84.52420913230026,68.76318867049008,15.761020461810176,0.028653005826271283,0.13953671957731184,-0.7348096713996382,0.05888167542061513,0.1115746959930333,-5.699951171875,2924.199951171875
2025-07-04,2902.5,2927.89990234375,2882.89990234375,2924.199951171875,2792.06005859375,221365,0.01436100376111038,2741.4449829101563,2602.559990234375,2754.8548498989076,2641.629958595766,77.29104676227817,0.012950450963993656,88.94028081001989,72.79860709839605,16.141673711623838,0.04435712541852688,0.14890775077435414,0.12633308910326857,0.06666373733596388,0.12358599307773664,41.39990234375,2874.60009765625
2025-07-07,2950.0,2950.39990234375,2865.10009765625,2874.60009765625,2744.701416015625,341950,-0.016961854299924917,2755.0249877929687,2609.279990234375,2766.2591592091308,2650.766042480491,70.93348857254387,0.013453109462230035,87.42991810259946,75.72486929923673,11.705048803362729,0.010262246543428777,0.1043411823496927,0.5447338106746775,0.04340255002880106,0.10168326450778593,-49.599853515625,2909.60009765625
2025-07-08,2879.89990234375,2937.0,2863.199951171875,2909.60009765625,2778.11962890625,450522,0.012175606627348401,2766.9349975585938,2617.403994140625,2779.9106771564757,2660.9163975854226,74.05806510278441,0.012626740082752285,88.0422559460435,78.18834662859808,9.853909317445414,0.009751899238677808,0.08916680542793887,0.3175084076619388,0.05156069810947379,0.11163584382454575,35.0,2863.89990234375
2025-07-09,2858.0,2875.0,2830.800048828125,2863.89990234375,2789.12451171875,444794,-0.01570669294014415,2776.1349975585936,2624.443994140625,2787.909650983835,2668.8765350269255,73.01449467232575,0.013401724441682127,83.87307763952731,79.32529283078394,4.547784808743373,-0.008516564880128086,0.06865928083324291,-0.01271414048592523,0.03161406230689041,0.09124062419992125,-45.7001953125,2861.10009765625
2025-07-10,2840.0,2871.10009765625,2814.0,2861.10009765625,2786.397705078125,406584,-0.000977619603677038,2785.975,2632.28599609375,2794.8801697145414,2676.4147139535658,69.48512494767178,0.013269230597623773,79.42746260790364,79.34572678620788,0.08173582169575866,-0.0075273868476227745,0.07386557265375804,-0.0859049357680185,0.026965460083543495,0.08692600344417546,-2.7998046875,2838.800048828125
2025-07-11,2834.0,2882.89990234375,2816.0,2838.800048828125,2764.679931640625,509645,-0.007794221826210368,2795.7050048828123,2639.90599609375,2799.0630153444063,2682.782766301588,69.58374812621406,0.01328044631004464,73.26035334489643,78.12865209794559,-4.86829875304916,-0.02920453586271554,0.07359507648807195,0.2534802156503946,0.015414732194578984,0.07534133905854105,-22.300048828125,2829.5
2025-07-14,2828.0,2846.89990234375,2784.5,2829.5,2755.622802734375,371224,-0.003276049270171111,2801.810009765625,2647.373994140625,2801.961775787796,2688.536383309369,67.36095099907024,0.012463492390909934,66.8518125246851,75.87328418329349,-9.021471658608391,-0.015689172797642925,0.045098656297708484,-0.271602782328876,0.00988289360729749,0.0687949667340052,-9.300048828125,2884.800048828125
2025-07-15,2829.5,2889.60009765625,2819.0,2884.800048828125,2809.47900390625,348866,0.01954410631847492,2811.380017089844,2657.91599609375,2809.85113512497,2696.2329976434376,66.20098410272581,0.012903181146697314,65.48043187377561,73.79471372138991,-8.314281847614296,-0.008523524881684619,0.07106265442343784,-0.06022778699653042,0.02611529970760789,0.08536163410274022,55.300048828125,2876.800048828125
2025-07-16,2884.0,2911.0,2857.89990234375,2876.800048828125,2801.687744140625,305648,-0.0027731558044203908,2820.8500244140623,2667.407998046875,2816.227222144318,2703.3140584742096,60.14751141179491,0.012916533373310989,63.02159595783496,71.64009016867892,-8.618494210843963,0.004504398520988051,0.07047709807505553,-0.12388137565712909,0.019834455547024142,0.07850019604596321,-8.0,2844.0
2025-07-17,2890.89990234375,2898.800048828125,2829.39990234375,2844.0,2769.744140625,333929,-0.011401574065422526,2830.6350219726564,2676.79,2818.872248606764,2708.831154220319,55.54995091318717,0.012702561385065215,57.76043462477901,68.86415905989895,-11.103724435119943,-0.005976756168110997,0.07389644208120316,0.09252800607234457,0.0047215476116131624,0.06246661112750722,-32.800048828125,2832.699951171875
2025-07-18,2857.0,2862.0,2800.199951171875,2832.699951171875,2758.7392578125,217302,-0.0039732942433632346,2837.4650146484373,2685.697998046875,2820.189172660584,2713.6887541007723,48.247315834906246,0.012337693087027564,52.07877515960263,65.5070822798397,-13.428307120237065,-0.002148829629183724,0.05066572032483996,-0.3492568779590871,-0.0016793382304143443,0.054735101724730215,-11.300048828125,2802.89990234375
2025-07-21,2832.60009765625,2832.60009765625,2781.199951171875,2802.89990234375,2729.71728515625,194145,-0.01052001600656538,2843.9500122070312,2691.107998046875,2818.5425754875523,2717.1872305024576,38.96066044153792,0.01244100596378532,44.656630371142455,61.33699189810025,-16.680361526957796,-0.009400988745803196,0.04851861197850815,-0.10656597730347628,-0.014434188254745219,0.041541218107192406,-29.800048828125,2777.199951171875
2025-07-22,2809.800048828125,2814.89990234375,2770.0,2777.199951171875,2704.688232421875,119617,-0.009169057785611612,2848.6700073242187,2696.8399951171873,2814.605182695583,2719.5406705287096,35.148110043778516,0.01270355010319687,36.28251364429434,56.32609624733907,-20.043582603044733,-0.037298979421454104,0.03518708089519573,-0.3838780293079914,-0.025088920783589156,0.029797821227875915,-25.699951171875,2736.39990234375
2025-07-23,2798.0,2798.0,2708.39990234375,2736.39990234375,2664.95361328125,406908,-0.014691073579671143,2847.859997558594,2700.1359912109374,2807.157060757313,2720.2018168743975,32.137612366930554,0.011853025168553332,26.053415292021327,50.271560056275526,-24.2181447642542,-0.0488042770096474,-0.005885415511789671,2.4017572753036776,-0.039138193348829,0.013430401746746553,-40.800048828125,2653.5
2025-07-24,2750.0,2750.0,2626.199951171875,2653.5,2584.218017578125,654406,-0.030295243861376275,2840.4099975585937,2700.719990234375,2792.523054970902,2717.5860593499115,20.00887193843741,0.012812790540072753,11.12916180578668,42.443080406177764,-31.313918600391084,-0.06698312236286919,-0.05316681534344336,0.6082406833977214,-0.06580387962274731,-0.017484222875795857,-82.89990234375,2625.0
2025-07-25,2621.0,2792.0,2604.0,2625.0,2556.462158203125,1931951,-0.01074053137365738,2831.6599975585937,2701.2119921875,2776.568478307007,2713.955233493052,20.990238919471082,0.012930395155596455,-2.963961715403002,33.36167198186161,-36.325633697264614,-0.07332225606384835,-0.0625,1.9522207925966448,-0.07298192499691777,-0.0282139989041667,-28.5,2703.800048828125
2025-07-28,2690.0,2750.300048828125,2661.5,2703.800048828125,2633.204833984375,1505713,0.0300190662202382,2824.5800048828123,2704.5979931640627,2769.6381516899705,2713.5569909571727,28.291145271323018,0.01431262530136985,-7.685761585140426,25.152185268461206,-32.837946853601636,-0.03535618715201316,-0.049764482454290326,-0.22062567839453484,-0.04276032395821562,-0.00029503251054482915,78.800048828125,2774.300048828125
2025-07-29,2703.800048828125,2782.0,2687.0,2774.300048828125,2701.864013671875,633100,0.026074413317122236,2819.220007324219,2709.43599609375,2770.0821418936043,2715.9390716579946,41.01845982913095,0.015334465533383017,-5.673658786956366,18.987016457377695,-24.66067524433406,-0.0010441820519715428,-0.03720282879468162,-0.579534745333274,-0.015933470385210667,0.023940057203008628,70.5,2806.60009765625
2025-07-30,2782.0,2857.0,2772.0,2806.60009765625,2733.32080078125,867993,0.01164259390103406,2815.1250122070314,2714.41599609375,2773.560042442428,2719.494406010868,44.84194872448956,0.015603678306943118,-1.4559258187628075,14.898428002149595,-16.3543538209124,0.025654216422231535,-0.02835378305132419,0.37102037592797354,-0.003028254345300985,0.03396093365761177,32.300048828125,2790.199951171875
2025-07-31,2791.39990234375,2818.39990234375,2747.39990234375,2790.199951171875,2717.348876953125,537398,-0.00584342119066783,2810.495007324219,2719.34599609375,2775.1447956547563,2722.2671724877705,45.348386168116676,0.015636145863523708,0.5568837765808894,12.030119157035854,-11.473235380454964,0.05151684611715668,-0.03212158182593772,-0.3808728872237449,-0.007221167836788366,0.026055513046116432,-16.400146484375,2757.39990234375
2025-08-01,2790.89990234375,2799.89990234375,2735.699951171875,2757.39990234375,2685.4052734375,604083,-0.011755447423884124,2802.1550048828126,2723.66599609375,2773.454805815613,2723.64492659977,43.39622219598499,0.01532797508891722,-0.4890030142287287,9.526294722782938,-10.015297737011666,0.05043805803571422,-0.05704125969952223,0.12408866426745169,-0.01597167268087451,0.0123854783583526,-32.800048828125,2747.300048828125
2025-08-04,2674.699951171875,2775.0,2642.699951171875,2747.300048828125,2675.569091796875,506319,-0.003662817825967224,2795.790002441406,2727.6919970703125,2770.963876578709,2724.5725784518622,36.26922844376137,0.01496644646357994,-2.1085436234970985,7.199327053526931,-9.30787067702403,0.016088467791415928,-0.04428443766210011,-0.16183868772999732,-0.01734391838118657,0.007188513871387465,-10.099853515625,2705.199951171875
2025-08-05,2746.89990234375,2746.89990234375,2694.0,2705.199951171875,2634.568115234375,228414,-0.015324171698758549,2785.5699951171873,2731.0399951171876,2764.700645587582,2723.8128675781372,33.95661895549138,0.01484317599476031,-6.711797832699176,4.41710207628171,-11.128899908980886,-0.02490721855606004,-0.0702502542012643,-0.5488733387449414,-0.028852279456697407,-0.009461613155249229,-42.10009765625,2654.10009765625
2025-08-06,2709.0,2716.5,2646.10009765625,2654.10009765625,2584.802490234375,168222,-0.018889492251206397,2775.0800048828123,2733.4919970703127,2754.1672600703123,2721.0790334635535,32.83313426010528,0.01499685148384886,-14.318189897192497,0.6700436815868684,-14.988233578779365,-0.05433620562022734,-0.07325668209136937,-0.2635215004334235,-0.043595106091966936,-0.029044130913554123,-51.099853515625,2702.699951171875
2025-08-07,2647.10009765625,2707.0,2640.0,2702.699951171875,2632.133544921875,200594,0.018311236097893202,2767.1599975585937,2736.217998046875,2749.2656116037942,2720.35828513839,38.99051308410365,0.015780256546151242,-16.237532232546982,-2.7114715012399015,-13.52606073130708,-0.03135975970584126,-0.05536337110824363,0.19243618551675756,-0.02329465822127755,-0.012249772093789793,48.599853515625,2695.89990234375
2025-08-08,2699.0,2704.0,2653.10009765625,2695.89990234375,2625.510986328125,302616,-0.002516020627882365,2760.014990234375,2738.9599951171876,2744.1831631028376,2719.3991328719335,40.57102410856815,0.015735104417932404,-18.098701407703174,-5.788917482532556,-12.309783925170619,-0.02230362014146947,-0.050338221793171045,0.5085994596049732,-0.02322997814051023,-0.015721329574072622,-6.800048828125,2672.199951171875
2025-08-11,2695.89990234375,2704.89990234375,2650.0,2672.199951171875,2602.4296875,297006,-0.008791109473786807,2752.1499877929687,2742.5819921875,2737.3276191094124,2717.5481845699705,40.71453677611688,0.01579831918578825,-21.24122377337153,-8.87937874070035,-12.36184503267118,-0.027335964882424957,-0.05559287818629621,-0.018538345626140096,-0.029050028877680458,-0.025662693482315115,-23.699951171875,2717.800048828125
2025-08-12,2674.89990234375,2732.800048828125,2674.89990234375,2717.800048828125,2646.83935546875,438682,0.017064627830807533,2743.7999877929688,2746.9099951171875,2735.4678505111942,2717.558061599702,48.369006041003814,0.015623020373267594,-19.823634089867937,-11.068229810533868,-8.75540427933407,0.004657732472156617,-0.0578896274172761,0.47701393237847056,-0.009475887120240615,-0.0105973425925157,45.60009765625,2695.199951171875
2025-08-13,2731.5,2741.39990234375,2691.60009765625,2695.199951171875,2624.829345703125,257068,-0.008315585124076708,2734.7199829101564,2750.7479931640623,2731.632812478878,2716.6812729554736,54.089031103382204,0.015670450521397584,-20.289933335030128,-12.91257051543312,-7.377362819597007,0.015485419540852696,-0.06312572809160844,-0.41399920671465895,-0.014451216938205912,-0.02019379533502555,-22.60009765625,2720.199951171875
2025-08-14,2700.5,2746.89990234375,2698.199951171875,2720.199951171875,2649.176513671875,463745,0.009275749648604004,2728.52998046875,2754.5559912109375,2730.5439685448773,2716.819260336509,59.39967650412325,0.015778348412397863,-18.42974119565588,-14.016004651477672,-4.413736544178207,0.006475006591986743,-0.04353025626867968,0.8039779357990882,-0.0030529366935686435,-0.012472442073671233,25.0,2698.10009765625
2025-08-18,2747.199951171875,2753.89990234375,2680.60009765625,2698.10009765625,2627.65380859375,143263,-0.008124348912698198,2721.7999877929688,2757.613994140625,2727.454076079294,2716.0851755255185,49.366249522929515,0.015831430990575223,-18.525251438752548,-14.917854008932649,-3.6073974298198994,0.0008161264854777972,-0.04751645279618888,-0.6910737582076356,-0.008707432670663037,-0.021581663209872752,-22.099853515625,2742.60009765625
2025-08-19,2701.0,2750.0,2673.60009765625,2742.60009765625,2670.99169921875,176937,0.016493087131443263,2718.7849975585937,2760.40599609375,2728.8965543247186,2717.1249763933906,46.259150952909145,0.01624135898912139,-14.83910987492527,-14.902105182131173,0.0629953072059024,0.026345388732419428,-0.021513363583579248,0.23505022231839345,0.00875946428976243,-0.006450463613938435,44.5,2835.5
2025-08-20,2734.10009765625,2840.800048828125,2708.39990234375,2835.5,2761.466064453125,489453,0.033872930444048155,2721.7,2763.687998046875,2739.04926343665,2721.767134181885,52.983678917896526,0.017866947549782967,-4.371182139377197,-12.795920573580378,8.424738434203181,0.04330706787006844,0.020992384363079264,1.7662557859577137,0.041812102729911524,0.02598412049546673,92.89990234375,2854.39990234375
2025-08-21,2845.0,2887.5,2815.10009765625,2854.39990234375,2779.87255859375,456237,0.006665456654470159,2727.6,2767.177998046875,2750.0350385706597,2726.9684192078403,56.59408475017441,0.01750230970257686,5.387684303523201,-9.159199598159663,14.546883901682865,0.059067955645611736,0.04312235207249193,-0.06786351294199855,0.04648771899976173,0.031520163993222626,18.89990234375,2848.60009765625
2025-08-22,2850.0,2878.0,2824.0,2848.60009765625,2774.22412109375,283753,-0.002031882317098499,2737.3550048828124,2770.8639990234374,2759.422187055002,2731.7382889509154,59.91739135513646,0.01579312280700677,12.509459241795412,-4.825467830168648,17.33492707196406,0.04720246628526681,0.07352556911861696,-0.37805789534825107,0.040639629341098216,0.0280548228495552,-5.7998046875,2917.699951171875
2025-08-25,2900.0,2967.60009765625,2900.0,2917.699951171875,2841.519775390625,1159563,0.02425747775985765,2751.9900024414064,2776.3339990234376,2774.496259828037,2739.030903155659,66.4225257199758,0.01604907681404005,23.458878528106197,0.8314014414863209,22.627477086619876,0.08139055096821068,0.11150474330357141,3.0865224332429966,0.0602145896545628,0.050918208039148816,69.099853515625,2873.199951171875
2025-08-26,2900.0,2930.0,2865.39990234375,2873.199951171875,2798.181640625,757495,-0.015251739639001172,2760.459997558594,2779.65,2783.896611384593,2744.2924344504127,66.11667803368134,0.015582919254698185,28.22028818515264,6.309178790219585,21.911109394933057,0.04761899251270063,0.06265252580980274,-0.346740970520791,0.04084100248255386,0.03365529875051712,-44.5,2831.800048828125
2025-08-28,2880.0,2880.0,2822.5,2831.800048828125,2757.86279296875,393518,-0.014408987556492336,2763.334997558594,2782.4180029296876,2788.4588435220726,2747.7241056024795,67.37049908333775,0.01507032214007933,28.32658230857669,10.712659493891007,17.613922814685683,-0.0013048672798007255,0.020725948523227844,-0.48050086139182435,0.02477624006138236,0.017747889011083734,-41.39990234375,2788.0
2025-08-29,2840.0,2852.10009765625,2780.39990234375,2788.0,2715.206298828125,220828,-0.015467210986965907,2762.404992675781,2784.4300048828127,2788.415144139018,2749.303552441598,58.417223134745825,0.015292874154989006,24.59303013626868,13.488733622366542,11.104296513902138,-0.023262298421895644,-0.0066272703659430166,-0.4388363429372989,0.009265479678787594,0.0012821278002775893,-43.800048828125,2921.5
2025-09-01,2808.0,2932.800048828125,2808.0,2921.5,2845.220703125,682684,0.047883787661405997,2768.9699951171874,2789.89400390625,2801.089892316255,2756.0563543066337,67.80867590398412,0.018612125009203125,32.03719262079949,17.19842542205313,14.838767198746357,0.025591483481212318,0.047057576921316846,2.0914739072943647,0.05508546685293976,0.047172400065910336,133.5,2902.60009765625
2025-09-02,2910.0,2947.5,2886.89990234375,2902.60009765625,2826.814208984375,309527,-0.006469246052969391,2776.2300048828124,2794.02400390625,2810.757530920064,2761.8031677713248,68.3264698651477,0.018436266926228802,35.99673292603575,20.958086922849656,15.038646003186091,-0.005175259200165594,0.052658373995401186,-0.5466028206315074,0.045518596280271745,0.03886011487310152,-18.89990234375,2892.89990234375
2025-09-03,2902.60009765625,2919.0,2842.699951171875,2892.89990234375,2817.367431640625,373223,-0.0033418986378221938,2783.5099975585936,2798.4180029296876,2818.580613912796,2766.9442161859297,64.7713862150013,0.01843055017609407,37.914912935966186,24.349452125472965,13.56546081049322,0.0068564497795706725,0.05299743418187308,0.2057849557550715,0.039299267788188985,0.03376261134510586,-9.7001953125,2861.199951171875
2025-09-04,2892.89990234375,2915.0,2850.39990234375,2861.199951171875,2786.4951171875,261264,-0.010957845843954872,2791.3099975585938,2801.9860009765625,2822.63959841366,2770.6405195187117,63.791973127462,0.018230023528657144,36.45691070854309,26.770943842086993,9.685966866456099,0.01038205446599827,0.05766671699532666,-0.29997883303011874,0.02503840622303154,0.021132850119406348,-31.699951171875,2797.39990234375
2025-09-05,2861.199951171875,2874.60009765625,2760.800048828125,2797.39990234375,2724.36083984375,614253,-0.022298353808511084,2798.474987792969,2802.8819970703125,2820.2358178355735,2771.689907080478,56.02560315866298,0.018459578337148595,29.809675316626,27.378690136994795,2.430985179631204,0.003371557512105383,0.05399186142754875,1.351081664523241,-0.0003841683252158717,-0.0019558778187211048,-63.800048828125,2787.10009765625
2025-09-08,2819.89990234375,2849.89990234375,2760.60009765625,2787.10009765625,2714.329833984375,338468,-0.0036819207289134903,2802.6949951171873,2802.5739990234374,2817.080034961352,2772.294228279528,57.07697970384716,0.018138744363957012,23.44037911920759,26.591027933437356,-3.150648814229765,-0.046003731762365274,0.031228085991483967,-0.44897623617629867,-0.005564250654497372,-0.005521317678883527,-10.2998046875,2853.300048828125
2025-09-09,2800.0,2876.39990234375,2787.60009765625,2853.300048828125,2778.801513671875,391809,0.023752268972163648,2810.5650024414062,2803.64,2820.5295600915206,2775.470927124571,58.50884518164196,0.018758393492543882,23.463970748967768,25.96561649654344,-2.5016457475756724,-0.016984788523893846,0.05838501138248309,0.15759540045144593,0.015205144285791937,0.017712705207560575,66.199951171875,2968.39990234375
2025-09-10,2869.0,2988.39990234375,2867.300048828125,2968.39990234375,2890.89599609375,1090464,0.04033920427082238,2825.375,2806.1,2834.612449829828,2783.036769290029,59.878107379900236,0.02028682530330914,32.396813237929564,27.251855844820664,5.1449573931089,0.026098379670458582,0.11084498038478685,1.7831519949771444,0.05062156433880458,0.057838246086650544,115.099853515625,2925.5
2025-09-11,2980.199951171875,2982.699951171875,2895.800048828125,2925.5,2849.1162109375,355515,-0.01445219773450257,2835.7599975585936,2806.98,2843.2684069888924,2788.6235626512043,55.10263939895153,0.020560422117190974,35.604070120801225,28.92229870001678,6.681771420784447,0.022473105663862958,0.07642208677618956,-0.6739782331191126,0.031645838335637284,0.0422233147368346,-42.89990234375,2904.199951171875
2025-09-12,2947.0,2949.5,2895.39990234375,2904.199951171875,2828.372314453125,270909,-0.007280823390232394,2846.209997558594,2807.2939990234377,2849.0714111967955,2793.155970044172,53.90339058175924,0.02052937815849989,36.01198463680976,30.34023588737538,5.671748749434379,0.038178327216871866,0.07754526706232934,-0.23798151976709847,0.02037444660198069,0.03451934574082644,-21.300048828125,2939.199951171875
2025-09-15,2911.60009765625,2944.0,2878.39990234375,2939.199951171875,2862.45849609375,449163,0.01205151180650521,2857.1599975585937,2808.4219970703125,2857.6550816706126,2798.8831849903563,51.58531281413186,0.020576686468531745,38.71320558653906,32.01482982720812,6.698375759330943,0.05457279903349366,0.08050878756381641,0.6579847845586526,0.02871381150631516,0.04656634730748703,35.0,2950.699951171875
2025-09-16,2939.800048828125,2960.0,2930.10009765625,2950.699951171875,2873.658203125,274021,0.0039126293518803035,2869.789990234375,2808.9519970703127,2866.51649781359,2804.8367836641414,56.00682428525149,0.020376068260544486,41.305749571808065,33.873013776128104,7.43273579567996,0.03413587799283602,0.09362137962748318,-0.3899297137119486,0.02819368706868056,0.0504629321716437,11.5,2978.10009765625
2025-09-17,2960.0,3008.199951171875,2951.800048828125,2978.10009765625,2900.343017578125,580704,0.009285981949297417,2881.564990234375,2811.0219970703124,2877.1435073224147,2811.631423428538,61.59087963759944,0.020219269091923658,45.05199088013933,36.10880919693035,8.943181683208977,0.0032678195767494866,0.08586742201360376,1.1191952441601192,0.03350093013658644,0.05943678162606653,27.400146484375,3000.60009765625
2025-09-18,2995.89990234375,3037.199951171875,2973.199951171875,3000.60009765625,2922.255615234375,451516,0.0075551523663384135,2889.8199951171873,2812.8419970703126,2888.901277830399,2819.041959672762,67.43195849047538,0.019015177258556896,49.268539017661624,38.740755161076606,10.527783856585017,0.025670858880960434,0.058226096863428056,-0.22246790103047331,0.038334603098547096,0.0667503189946307,22.5,2993.800048828125
2025-09-19,3002.199951171875,3012.800048828125,2971.0,2993.800048828125,2915.633056640625,229066,-0.0022662296230132606,2896.790002441406,2815.44,2898.8916369730396,2825.8952180710116,57.482930112892966,0.019029514495516868,51.468183503589444,41.28624082957918,10.181942674010266,0.0308519038505235,0.04883693639770437,-0.49267357081476626,0.03348880875208733,0.06335068366867166,-6.800048828125,2852.39990234375
2025-09-22,2919.10009765625,2924.89990234375,2817.0,2852.39990234375,2777.9248046875,778252,-0.04723099210975157,2896.9799926757814,2815.26599609375,2894.463852722631,2826.934617454256,45.85533460886308,0.02204769674391907,41.32523591969584,41.29403984760251,0.031196072093329974,-0.029531862503439865,0.0013339200158795084,2.3975011568718188,-0.015388470215445033,0.013190194568301648,-141.400146484375,2766.60009765625
2025-09-23,2840.0,2840.0,2753.39990234375,2766.60009765625,2694.365234375,845283,-0.03007986524505213,2889.425,2813.8219970703126,2882.286352240119,2824.5685578543344,40.73640465260533,0.022286281545143245,26.06311039120692,38.2478539563234,-12.184743565116477,-0.062391926174164,-0.05178731742273113,0.08613019947266443,-0.0425084237672721,-0.016782120355597816,-85.7998046875,2740.89990234375
2025-09-24,2750.0,2751.800048828125,2704.300048828125,2740.89990234375,2669.3359375,518369,-0.009289450735678106,2882.8099975585938,2812.0499951171873,2868.8209760595123,2821.287434108821,41.098116211234945,0.022145037418792868,11.75843110160804,32.94996938538033,-21.19153828377229,-0.07964816075160652,-0.04604623801909946,-0.3867509461328337,-0.04922630882195676,-0.025301859105272516,-25.7001953125,2717.39990234375
2025-09-25,2742.5,2758.39990234375,2684.5,2717.39990234375,2646.449462890625,353350,-0.008573826420988584,2877.089990234375,2808.7019921875,2854.3999214199157,2817.2134132552887,43.70475194401902,0.02201268429396728,-1.4575818016578523,26.068459147972693,-27.526040949630545,-0.09438118579470345,-0.04039838424740361,-0.31834272497005034,-0.05550402956899383,-0.03250686263537738,-23.5,2642.39990234375
2025-09-26,2717.0,2717.39990234375,2631.0,2642.39990234375,2573.40771484375,405140,-0.02759991267215134,2869.8099853515623,2804.0139892578127,2834.209443412662,2810.3579814548366,39.66574952660926,0.022568434600633486,-17.77830322955333,17.299106672467488,-35.07740990202082,-0.11737595722931626,-0.05222385138315999,0.14656855808688274,-0.07924220912485039,-0.05763669066317315,-75.0,2678.10009765625
2025-09-29,2652.0,2689.0,2634.0,2678.10009765625,2608.17578125,458764,0.01351051946408055,2857.639990234375,2800.6959912109373,2819.341886673956,2805.1713977764607,36.91757304799716,0.019655465595618215,-27.51471266261069,8.336342805451853,-35.85105546806254,-0.06110637030392618,-0.08331333299460897,0.13235918447943917,-0.06282803053977411,-0.04377336702712976,35.7001953125,2654.800048828125
2025-09-30,2705.0,2710.0,2634.10009765625,2654.800048828125,2585.484130859375,504534,-0.008700215816621726,2845.2499877929686,2797.1379931640627,2803.6712354505435,2799.2744821314277,22.862620110695573,0.01967560633229182,-36.688089046165715,-0.6685435648716611,-36.01954548129405,-0.04041062852663002,-0.08537174963516847,0.09976807247299257,-0.06693610044176598,-0.050886994021674285,-23.300048828125,2691.0
2025-10-01,2655.0,2698.0,2630.0,2691.0,2620.739013671875,161664,0.013635660127343519,2835.154992675781,2794.8999951171877,2792.9406415981107,2795.0284240086266,29.46946599476408,0.020079720581622478,-40.56936402189376,-8.648707656276082,-31.92065636561768,-0.018205663877429612,-0.0697915272423274,-0.6795775904101606,-0.050845542147849074,-0.03717485251662153,36.199951171875,2736.89990234375
2025-10-03,2698.89990234375,2742.199951171875,2680.0,2736.89990234375,2665.4404296875,617247,0.01705681989734309,2828.939990234375,2794.093994140625,2787.603428335791,2792.748874139416,35.95770308800573,0.020498858354345898,-39.486389368368236,-14.816243998694514,-24.670145369673723,0.007175977294759273,-0.04344332830608877,2.8180856591448933,-0.03253518569087759,-0.020469637713267444,45.89990234375,2792.300048828125
2025-10-06,2736.89990234375,2796.800048828125,2720.0,2792.300048828125,2719.39404296875,276653,0.0202419337429669,2828.6849975585938,2795.2119970703125,2788.050725525537,2792.7312731468164,38.07825331636252,0.020490772538827504,-33.76853270524725,-18.60670174000506,-15.161830965242192,0.056728788988910095,-0.0018230691691066836,-0.5517953104672846,-0.012862849261007213,-0.0010417629307685797,55.400146484375,2817.699951171875
2025-10-07,2798.0,2822.0,2778.10009765625,2817.699951171875,2744.130859375,207553,0.009096408659380995,2830.214990234375,2798.49599609375,2790.8744613013787,2793.7104369909366,39.44445262551726,0.02056542012269511,-26.877700856801766,-20.260901563364403,-6.616799293437364,0.05212645100076596,0.010979101016629134,-0.24977137424860751,-0.004421939359971914,0.006862241398569347,25.39990234375,2799.800048828125
2025-10-08,2782.0,2885.0,2782.0,2799.800048828125,2726.6982421875,742778,-0.006352664461773294,2827.539990234375,2801.9919970703127,2791.7245172563066,2793.9492452982777,35.63255611002495,0.01988349628294652,-22.600514827956886,-20.7288242162829,-1.871690611673987,0.054618049319384854,-0.01875021872374516,2.5787389245156658,-0.009810627436590495,-0.000782282120890961,-17.89990234375,2807.199951171875
2025-10-09,2800.0,2829.0,2790.699951171875,2807.199951171875,2733.905029296875,472352,0.0026430110060349232,2819.4799926757814,2804.0599951171876,2793.1983681054085,2794.4688808227324,34.027081294291804,0.01741645567927777,-18.401581828329654,-20.26337573869225,1.8617939103625964,0.04318095547078227,-0.05430533502059376,-0.3640737878612452,-0.004355427786615453,0.0011197891843095962,7.39990234375,2783.199951171875
2025-10-10,2828.0,2828.0,2756.10009765625,2783.199951171875,2710.531494140625,299386,-0.008549444434829523,2812.364990234375,2804.2379931640626,2792.2461379212627,2794.026962012895,33.087049098687544,0.017255050531409237,-16.816644784993514,-19.574029547952506,2.757384762958992,0.0169169682780419,-0.04864127459515466,-0.36618030621231623,-0.010370289476569492,-0.007502231281179542,-24.0,2750.199951171875
2025-10-13,2770.0,2775.0,2733.0,2750.199951171875,2678.393310546875,290341,-0.011856855626238838,2804.664990234375,2803.109990234375,2788.241739183226,2792.308255705404,40.06223639860732,0.017353976010286938,-18.015720950072136,-19.262367828376433,1.246646878304297,-0.015077211230905774,-0.05302665194862333,-0.030211833552671097,-0.019419445549519534,-0.018875477325838348,-33.0,2745.300048828125
2025-10-14,2775.0,2791.300048828125,2732.60009765625,2745.300048828125,2673.621337890625,145319,-0.0017816531273161518,2794.9699951171874,2802.2119921875,2784.152054387502,2790.4647966121775,47.542113267038424,0.017012630473099526,-19.14073612734137,-19.238041488169422,0.0973053608280523,-0.02569468133526387,-0.06597029993364045,-0.49948853244977454,-0.01777119123848764,-0.02030964949048973,-4.89990234375,2781.89990234375
2025-10-15,2758.199951171875,2800.0,2748.0,2781.89990234375,2709.265625,359169,0.013331822702312035,2786.529992675781,2802.7019921875,2783.9375637166686,2790.1289184055727,54.61504131486467,0.01734890094168925,-16.884383793444158,-18.76730994922437,1.8829261557802113,-0.006393366016215096,-0.057206781991197,1.4715900880132673,-0.0016615971635694073,-0.007422155442046798,36.599853515625,2783.60009765625
2025-10-16,2795.89990234375,2797.39990234375,2748.60009765625,2783.60009765625,2710.92138671875,191036,0.0006111633675487393,2776.8049926757812,2803.4279931640626,2783.9054240918667,2789.8728862193248,57.836199173482065,0.01713809463643891,-14.788543634624602,-17.971556686304417,3.183013051679815,-0.008406901512581277,-0.06531009490012463,-0.46811668044847965,0.0024470947720102087,-0.0070727322250335595,1.7001953125,2693.699951171875
2025-10-17,2775.0,2775.0,2689.10009765625,2693.699951171875,2623.368408203125,465225,-0.032296358431683325,2761.4599853515624,2803.1979931640626,2775.314426670915,2786.1013985704053,55.865543459873685,0.018107433057326122,-20.149494869236605,-18.407144322890854,-1.742350546345751,-0.03215722965298118,-0.10227958958079508,1.435273979773446,-0.024537757034006364,-0.039061829474483015,-89.900146484375,2747.5
2025-10-20,2705.5,2753.300048828125,2687.699951171875,2747.5,2675.763671875,202423,0.019972546981232853,2749.144982910156,2805.0659912109377,2772.665433654637,2784.587618234311,57.61966592291502,0.018961215947169947,-19.828304677937467,-18.69137639390018,-1.136928284037289,-0.0009817290450916394,-0.0822700396856948,-0.5648922564350582,-0.0005983616434862716,-0.020522152202945725,53.800048828125,2740.699951171875
2025-10-21,2756.0,2764.0,2732.0,2740.699951171875,2669.141357421875,30806,-0.0024749950238853735,2743.5599853515623,2805.8259912109374,2769.6211019896123,2782.8665332514706,59.785819259134,0.0160167274776563,-19.893150392661482,-18.93173119365244,-0.9614191990090433,-0.0016756265524467961,-0.03915998983175317,-0.8478137365813173,-0.0010424536714916516,-0.023211004617914803,-6.800048828125,2799.199951171875
2025-10-23,2775.0,2824.0,2769.5,2799.199951171875,2726.11376953125,420173,0.021344912264104732,2745.189978027344,2807.8919921875,2772.438135245066,2783.507059444428,61.73026481214351,0.015364639097298693,-15.050586204566116,-18.155502195835176,3.10491599126906,0.006218789113709544,0.011783363104498568,12.639323508407452,0.019674402710497287,-0.003095575271345583,58.5,2818.89990234375
2025-10-24,2805.10009765625,2833.5,2795.800048828125,2818.89990234375,2745.299560546875,237956,0.007037707743467125,2749.089978027344,2810.8259912109374,2776.8630654449407,2784.895014067931,59.42528735632184,0.015239265577552568,-9.513531704973957,-16.42710809766293,6.913576392688974,0.012681349133886632,0.02845780684413257,-0.4336713686981315,0.025393830276337247,0.002872433639812124,19.699951171875,2888.699951171875
2025-10-27,2843.199951171875,2897.0,2835.0,2888.699951171875,2813.277099609375,377691,0.02476144994367857,2757.65498046875,2814.2439892578127,2787.5141974189346,2788.965795915144,60.72540312547874,0.01588698818182502,0.5011277861804047,-13.041460920894265,13.54258870707467,0.0723911361824714,0.06303821851188673,0.5872304123451395,0.047520437339427284,0.026456825420349647,69.800048828125,2830.89990234375
2025-10-28,2925.0,2927.5,2820.0,2830.89990234375,2756.986083984375,235233,-0.020009017829863862,2767.07998046875,2816.95798828125,2791.646169316536,2790.6102706770507,51.36985780760929,0.015188211727480123,3.730830013346349,-9.687002734046143,13.417832747392492,0.03035483251819837,0.07133666627553414,-0.3771813466563937,0.02306399609894501,0.004949280081740443,-57.800048828125,2874.60009765625
2025-10-29,2845.0,2897.39990234375,2801.0,2874.60009765625,2799.54541015625,574786,0.015436856413156841,2776.90498046875,2820.0459912109377,2799.546543444128,2793.9039893821173,57.36800615257047,0.015260562680890892,9.704762381344608,-5.808649710967993,15.5134120923126,0.0488561859634149,0.0733729109572745,1.4434751926812988,0.03518129639819673,0.01934511231920958,43.7001953125,2893.699951171875
2025-10-30,2883.0,2907.0,2854.0,2893.699951171875,2818.146484375,325329,0.006644351515606495,2788.8499755859375,2823.95798828125,2808.5135346562943,2797.817556511128,58.328514461786106,0.014989904404611641,15.79823317938326,-1.4872731328977427,17.285506312281,0.03375964620192207,0.08998790792142874,-0.43399978426753605,0.037596133353823925,0.024696529898829048,19.099853515625,2764.39990234375
2025-10-31,2950.0,2961.199951171875,2752.0,2764.39990234375,2692.222412109375,1346667,-0.044683295092762365,2792.519970703125,2824.393984375,2804.3122363408143,2796.50706026927,48.49503373837098,0.01839042057028755,10.077749331963332,0.8257313600744725,9.25201797188886,-0.019333783350975464,0.02727606924702708,3.1394004223416907,-0.01006978236660376,-0.021241399876627275,-129.300048828125,2784.199951171875
2025-11-03,2764.39990234375,2790.0,2731.0,2784.199951171875,2711.505615234375,570679,0.007162512490084261,2794.884973144531,2823.3679833984374,2802.3967806104392,2796.0244285399604,52.780501985388305,0.01808062527515989,7.060533696120729,2.072691827283724,4.9878418688370045,-0.03617544285193308,0.017282345177337177,-0.5762285702404529,-0.003823063229909751,-0.013872804557136256,19.800048828125,2766.60009765625
2025-11-04,2785.0,2812.5,2755.0,2766.60009765625,2694.365234375,225861,-0.006321332456103668,2793.5999755859375,2821.6119873046873,2798.9875727100402,2794.8705332111876,51.70646027582672,0.01756204872136762,3.212179470825049,2.300589355991989,0.9115901148330599,-0.022713556432802595,-0.009203864456708621,-0.6042240909513054,-0.009664904841654887,-0.01949661749948362,-17.599853515625,2773.89990234375
2025-11-06,2763.89990234375,2786.0,2743.60009765625,2773.89990234375,2701.474365234375,354396,0.002638547108302358,2791.4099731445312,2820.1179833984374,2796.5982707703934,2794.0481555301117,49.32750537494941,0.01743885594907791,0.7428016970652607,1.9890318242066436,-1.246230127141383,-0.035031027583490304,-0.0155446107062992,0.5690889529400827,-0.006272840954657802,-0.016388704772908633,7.2998046875,2736.0
2025-11-07,2761.0,2764.800048828125,2705.300048828125,2736.0,2664.56396484375,268774,-0.013663038926432503,2788.219970703125,2816.483984375,2790.8270068874986,2791.771757274029,46.228201453545964,0.017640408894441316,-4.223714998652667,0.7464824596347814,-4.970197458287449,-0.05449768594978566,-0.022787358995450036,-0.24159979232271245,-0.018728784404322418,-0.02857604901057519,-37.89990234375,2776.199951171875
2025-11-10,2736.0,2804.0,2726.60009765625,2776.199951171875,2703.71435546875,430038,0.014692964609603454,2786.669970703125,2814.543984375,2789.433953962201,2791.1610982111997,57.096166155117764,0.01797409776647995,-4.859893342001669,-0.3747927006925087,-4.4851006413091605,0.004268575186289203,-0.01104303239498805,0.5999985117608102,-0.003757179587580675,-0.01362353312507914,40.199951171875,2777.5
2025-11-11,2785.0,2798.89990234375,2758.5,2777.5,2704.98046875,590878,0.0004682835714251432,2786.384973144531,2813.4579833984376,2788.297386918182,2790.6253688695842,52.836612242862756,0.017871722979675465,-5.199232669253433,-1.3396806944046937,-3.8595519748487397,-0.002406418823854617,-0.0020479847915616523,0.37401345927569185,-0.00318870982659089,-0.012780707446358647,1.300048828125,2825.800048828125
2025-11-12,2795.0,2859.0,2788.0,2825.800048828125,2752.01953125,558402,0.01738975655378039,2790.1649780273438,2814.213984375,2791.8690690048434,2792.0047680836446,57.46099656327966,0.01804183504665456,-1.5528509516739177,-1.3823147458585385,-0.1705362058153792,0.021398087573996305,0.027488945894292627,-0.05496227647670082,0.012771671596987562,0.004116980626723025,48.300048828125,2822.0
2025-11-13,2835.89990234375,2843.89990234375,2801.10009765625,2822.0,2748.318603515625,312058,-0.0013447691848192944,2793.9999755859376,2812.223984375,2794.7386814805723,2793.1810516882074,52.211021654938655,0.018037899936330384,1.0185593302444431,-0.9021399306379423,1.9206992608823854,0.017340242744739554,0.027938640515675406,-0.4411588783707795,0.010021483414004127,0.003476257822746928,-3.800048828125,2772.10009765625
2025-11-14,2790.0,2814.0,2744.10009765625,2772.10009765625,2699.7216796875,430174,-0.017682460079287754,2793.5099853515626,2809.613984375,2792.5826258782563,2792.354347608523,45.71273163845346,0.018301570998486758,-0.9590294886115771,-0.9135178422326693,-0.04551164637890781,0.013194480137518338,-0.0035227021213968257,0.3785065596780086,-0.007664152914283627,-0.013351971810851867,-49.89990234375,2688.699951171875
2025-11-17,2785.89990234375,2798.89990234375,2676.89990234375,2688.699951171875,2618.4990234375,794655,-0.030085546533795027,2788.7649780273437,2805.5299853515626,2782.689037810982,2788.28946931689,32.1237008478149,0.01949452038239956,-9.150496465230844,-2.5609135668323044,-6.58958289839854,-0.03151790272277222,-0.03409259345991533,0.8472873767359255,-0.03588148432868319,-0.04164276795817156,-83.400146484375,2658.5
2025-11-18,2651.0,2708.0,2626.800048828125,2658.5,2589.087646484375,4967271,-0.011232176040585129,2787.00498046875,2801.475986328125,2770.861510400412,2783.1996862064243,33.790902062754895,0.01827701198114162,-17.873146224552784,-5.6233600983764,-12.249786126176383,-0.04284428442844279,-0.013067510045638664,5.250852256639674,-0.04610862964698996,-0.05103594927312683,-30.199951171875,2713.699951171875
2025-11-19,2674.5,2725.89990234375,2665.39990234375,2713.699951171875,2642.84619140625,814207,0.02076357012295471,2785.314978027344,2799.8019873046874,2765.4175523786466,2780.474206401148,35.1923176302208,0.01832443423120071,-20.100033592366344,-8.51869479717439,-11.581338795191954,-0.039670215768712436,-0.01230211058348496,-0.8360856494441313,-0.02571164389680232,-0.030752901999223543,55.199951171875,2740.39990234375
2025-11-20,2736.800048828125,2758.89990234375,2702.89990234375,2740.39990234375,2668.84912109375,1216126,0.009838947434238188,2785.2999755859373,2798.8679833984374,2763.03491904199,2778.9026650655637,36.08639100193442,0.018459464602440006,-19.48577507090431,-10.712110851920375,-8.773664218983935,-0.028915697255935457,-0.00010947890446622033,0.49363245464605443,-0.016120372540031992,-0.020889903132799575,26.699951171875,2747.10009765625
2025-11-21,2734.89990234375,2777.199951171875,2713.5,2747.10009765625,2675.374267578125,2115723,0.002444969913613537,2782.6949829101563,2796.743984375,2761.517317005253,2777.655505559316,47.98040945872922,0.01778936120045835,-18.247969764820027,-12.219282634500306,-6.028687130319721,-0.009018433360735045,-0.018612408696925598,0.7397235154909936,-0.012791515229844211,-0.01775060105469181,6.7001953125,2765.300048828125
2025-11-24,2757.10009765625,2821.60009765625,2751.699951171875,2765.300048828125,2693.09912109375,1388293,0.006625150349418574,2780.014990234375,2792.6819873046875,2761.87757717886,2777.1709778443674,47.785339193780395,0.017780047076681817,-15.618377254720144,-12.899101558544276,-2.7192756961758686,0.028489641480025973,-0.01901445789935996,-0.3438210011423991,-0.005293115849353574,-0.009804889565313422,18.199951171875,2797.199951171875
2025-11-25,2782.89990234375,2809.0,2760.0,2797.199951171875,2724.166015625,599773,0.011535783379915232,2775.439990234375,2790.115986328125,2765.2416127972424,2777.9564277787795,53.46937306756498,0.017008210528188353,-10.835446442978537,-12.48637053543113,1.650924092452593,0.052172259233355334,-0.03167514852585529,-0.5679780853177248,0.007840184264139913,0.0025389499499168453,31.89990234375,2800.199951171875
2025-11-26,2802.300048828125,2820.89990234375,2775.89990234375,2800.199951171875,2727.087646484375,671295,0.0010725010912226995,2773.904992675781,2788.035986328125,2768.5709783567313,2778.828722813803,53.0112264447877,0.016442580483034663,-6.725338867477149,-11.334164201840334,4.6088253343631855,0.031875299980252514,-0.010844590847757685,0.11924844899653708,0.009479401264831726,0.004362915293561181,3.0,2791.5
2025-11-27,2810.0,2827.0,2783.0,2791.5,2718.614990234375,683457,-0.00310690355102472,2769.7499877929686,2785.0819873046876,2770.754694703709,2779.325635644634,56.809815950920246,0.016019042894934627,-4.122540275112442,-9.891839416494756,5.769299141382314,0.018646949159699666,-0.028908402850192694,0.01811722119187542,0.007852698728365222,0.002304425049089335,-8.699951171875,2811.39990234375
2025-11-28,2805.10009765625,2819.5,2787.300048828125,2811.39990234375,2737.995361328125,295505,0.007128748824556608,2765.6349853515626,2782.295986328125,2774.6256668599035,2780.5834500249916,54.545448813376794,0.016032114348172415,-0.448873495551652,-8.003246232306136,7.554372736754484,0.023406429471703127,-0.028441113528303252,-0.5676319066159246,0.016547706850175623,0.010460395356438843,19.89990234375,2832.300048828125
2025-12-01,2822.0,2842.60009765625,2809.89990234375,2832.300048828125,2758.349609375,312556,0.0074340710003408805,2769.029992675781,2779.3799853515625,2780.118465142591,2782.61155193884,56.735501751534734,0.012447304756356746,4.1017189828644405,-5.582253189272021,9.68397217213646,0.024228835503182777,0.024562345855535295,0.05770122332955441,0.022849176902993543,0.019040240541225845,20.900146484375,2838.10009765625
2025-12-02,2820.10009765625,2849.0,2810.0,2838.10009765625,2763.998291015625,309489,0.0020478228747426996,2771.725,2776.1299853515625,2785.640525381987,2784.7875733395226,51.68817556677409,0.012372575221420806,8.08293671169713,-2.8492152090781904,10.93215192077532,0.014621817245220603,0.01935929438605455,-0.009812641574629799,0.023947216140219572,0.022322482243870786,5.800048828125,2861.0
2025-12-03,2838.10009765625,2875.0,2829.300048828125,2861.0,2786.30029296875,474601,0.008068743721428628,2776.4449951171873,2773.473984375,2792.81761820275,2787.776295953659,55.08607328295995,0.012340807887738612,12.936783988640855,0.3079846304656191,12.628799358175236,0.021712752620640652,0.034121267625097484,0.5334987673229097,0.03045441383910572,0.031558260909638224,22.89990234375,2908.39990234375
2025-12-04,2865.0,2933.10009765625,2865.0,2908.39990234375,2832.462646484375,866476,0.016567599560905366,2783.1699951171877,2774.593984375,2803.8254547876077,2792.506633459153,67.89181407619446,0.01277875984043983,20.37341684000785,4.321071072374065,16.052345767633785,0.041877092009224404,0.04848769052061219,0.8256935826093919,0.04499542156830755,0.048225404769948944,47.39990234375,2953.60009765625
2025-12-05,2911.89990234375,2968.89990234375,2911.89990234375,2953.60009765625,2876.482666015625,810701,0.015541258709325101,2794.05,2778.333984375,2818.0897064893834,2798.82402421198,88.64899098738405,0.01250652234077378,29.573376485352583,9.371532154969769,20.201844330382812,0.05057985354340855,0.07953219943576384,-0.06436993061550467,0.05710352272015526,0.06308316936225973,45.2001953125,2896.800048828125
2025-12-08,2968.300048828125,2968.300048828125,2868.699951171875,2896.800048828125,2821.165771484375,789218,-0.019230785126665317,2800.0800048828123,2781.4519873046875,2825.5859295692635,2802.6662212557503,82.26374456005442,0.01324550372161532,31.913245514813752,13.879874826938567,18.033370687875184,0.022773010940944305,0.04344071024327434,-0.026499288887024908,0.03454188586635065,0.0414704485462693,-56.800048828125,2878.800048828125
2025-12-09,2890.0,2919.10009765625,2841.800048828125,2878.800048828125,2803.6357421875,368244,-0.006213753002138223,2805.1450073242186,2784.679990234375,2830.6539409272505,2805.651861552706,74.85697818540567,0.013375443613679526,31.946895090433827,17.49327887963762,14.453616210796206,0.014340562267513235,0.03647166474459951,-0.5334064859139047,0.026257124430855986,0.03379923686880382,-18.0,2857.5
2025-12-10,2878.800048828125,2896.60009765625,2840.0,2857.5,2782.8916015625,263746,-0.007398933050871581,2806.7300048828124,2788.9819921875,2833.2107084579884,2807.6851218839724,67.9216448805976,0.013005821683922749,29.910042343272835,19.976631572364663,9.933410770908171,-0.0012233484795526328,0.011218044668454663,-0.28377380215292036,0.0180886636865192,0.024567389823395302,-21.300048828125,2894.89990234375
2025-12-11,2857.5,2916.300048828125,2848.0,2894.89990234375,2819.315185546875,267730,0.013088329779090024,2810.375,2793.31798828125,2839.085869780442,2811.1053093529836,70.67709080476259,0.0132873509309515,30.956830351200097,22.172671328131752,8.784159023068344,-0.0046417275661166935,0.02583270813031535,0.01510544235741973,0.03007602271716408,0.03636604013172307,37.39990234375,2912.699951171875
2025-12-12,2919.0,2926.39990234375,2885.199951171875,2912.699951171875,2836.650390625,140084,0.006148761417869242,2817.404992675781,2798.475986328125,2846.096734674864,2815.0894129537246,70.64424402573529,0.01253715374658065,32.84412592944091,24.30696224839358,8.537163681047325,-0.013847557263026333,0.05071961637839095,-0.47677137414559445,0.03382366352861082,0.04081648918975463,17.800048828125,2897.89990234375
2025-12-15,2895.699951171875,2903.5,2860.300048828125,2897.89990234375,2822.23681640625,207272,-0.005081212990088568,2827.864990234375,2802.613984375,2851.0303696909486,2818.3368831258827,64.81316678051272,0.010126111421420517,32.76785360212216,25.9991405191393,6.76871308298286,0.00037967878247924247,0.07780710193441065,0.4796265098084007,0.024766002744554812,0.033998944735159145,-14.800048828125,2863.10009765625
2025-12-16,2892.0,2892.0,2842.10009765625,2863.10009765625,2788.345703125,242376,-0.012008628958976364,2838.0949951171874,2805.13798828125,2852.179867592406,2820.092303303544,58.46114537896319,0.010188084129701576,29.55862045206186,26.71103650572381,2.847583946338048,-0.005453644193964102,0.0769607288532066,0.1693619977613956,0.008810523461012661,0.02066283712856295,-34.7998046875,2865.300048828125
2025-12-17,2863.0,2896.60009765625,2856.699951171875,2865.300048828125,2790.488037109375,247800,0.0007683808099046008,2845.675,2806.59798828125,2853.4294086624745,2821.865156069214,60.10406060999065,0.009381151781889027,26.882908300317467,26.745410864642544,0.13749743567492345,0.002729675880358773,0.05586472358183281,0.022378453312209112,0.006896447706826962,0.020915735275226954,2.199951171875,2887.89990234375
2025-12-18,2879.300048828125,2916.0,2860.300048828125,2887.89990234375,2812.497802734375,426920,0.007887429983072236,2853.05,2808.0019873046876,2856.7123128225962,2824.454753962333,60.39684972904962,0.009313591126346216,26.28303201401104,26.652935094516245,-0.36990308050520326,-0.0024180456099129888,0.05382426115029748,0.7228410008071025,0.012214963755892752,0.02845365330946715,22.599853515625,2890.199951171875
2025-12-19,2913.699951171875,2913.699951171875,2870.0,2890.199951171875,2814.73779296875,410473,0.0007964434038236767,2860.2049926757813,2809.8099853515623,2859.901611713004,2827.032996990158,58.28799523600506,0.009322940042317507,25.697001416852345,26.461748358983467,-0.7647469421311222,-0.00772479156012873,0.05209124110101193,-0.038524782160592186,0.01048699606248598,0.028610463426143144,2.300048828125,2887.0
2025-12-22,2902.89990234375,2905.0,2817.0,2887.0,2811.62158203125,923952,-0.0011071729381828543,2866.289990234375,2811.405986328125,2862.4824105974803,2829.3846441670144,57.05219839417723,0.00930682919203656,24.68975055446299,26.10734879807937,-1.417598243616382,-0.0037613108496032943,0.044009673099831836,1.2509446419131098,0.007225371416076211,0.026888330621578284,-3.199951171875,2938.39990234375
2025-12-23,2891.800048828125,2945.0,2863.300048828125,2938.39990234375,2861.679443359375,453003,0.017803914909508167,2873.349987792969,2814.5099853515626,2869.7126479066487,2833.659752330808,60.314493973912334,0.009733619753416236,27.719506327255203,26.42978030391454,1.2897260233406627,0.026300095043530147,0.0504790339041441,-0.5097115434568029,0.022639050177366716,0.04401829008850087,51.39990234375,2891.89990234375
2025-12-24,2934.0,2945.0,2884.300048828125,2891.89990234375,2816.3935546875,351406,-0.015824939268106575,2877.9349853515623,2817.343984375,2871.8257197578014,2835.9436797822955,47.79588450309562,0.01056299976589695,26.06795308568462,26.357414860268555,-0.2894617745839341,0.009283444338230584,0.03274764401502783,-0.22427445292856785,0.004852408780346981,0.026463193128789798,-46.5,2850.60009765625
2025-12-26,2900.0,2913.0,2843.800048828125,2850.60009765625,2776.171875,151986,-0.014281201314757963,2880.889990234375,2819.4499853515626,2869.8042319386063,2836.5184412675485,36.09609031635507,0.011110070341892537,21.18235911125612,25.32240371046607,-4.140044599209951,-0.012915892499330894,0.02117144820213146,-0.5674917332088809,-0.01051407470635866,0.011048293981637411,-41.2998046875,2812.300048828125
2025-12-29,2850.60009765625,2874.699951171875,2791.0,2812.300048828125,2738.871826171875,331924,-0.013435784577294885,2880.9349975585938,2820.05798828125,2864.327643070941,2835.5687003875714,37.993728232665916,0.011469215517712442,14.057945588177972,23.06951208600845,-9.01156649783048,-0.02695311869760575,0.0003201773193577395,1.1839116760754278,-0.02382384496305277,-0.0027509857901372972,-38.300048828125,2795.699951171875
2025-12-30,2810.89990234375,2811.0,2773.199951171875,2795.699951171875,2722.705322265625,308588,-0.005902676587858147,2879.1049926757814,2820.2999853515626,2857.791672413887,2834.0052200261716,38.145475973882135,0.011406582250491158,6.991711298792325,19.853951928565227,-12.862240629772902,-0.031624540640154186,-0.012922394176207885,-0.07030525059953485,-0.028969086475165842,-0.008722488496776365,-16.60009765625,2791.199951171875
2025-12-31,2795.89990234375,2818.300048828125,2776.199951171875,2791.199951171875,2718.32275390625,137856,-0.0016096147936454086,2876.7599853515626,2822.2499853515624,2851.449603724172,2832.3265820318857,40.06590417410174,0.011391403047506925,1.0168358720798096,16.086528717268145,-15.069692845188335,-0.050095275001358464,-0.016525191103409553,-0.553268435584015,-0.029741804883048485,-0.01100187238580835,-4.5,2828.60009765625
2026-01-01,2788.89990234375,2840.89990234375,2788.89990234375,2828.60009765625,2754.746337890625,96465,0.013399307515992387,2875.139990234375,2823.8719873046875,2849.273460289132,2832.180445389704,40.065948022949385,0.011668119074611188,-0.6924347383815075,12.730736026138214,-13.423170764519721,-0.021888656877853352,-0.011324677505679781,-0.3002480849582173,-0.01618700054126104,0.0016743359376128527,37.400146484375,2807.199951171875
2026-01-02,2842.0,2844.300048828125,2800.199951171875,2807.199951171875,2733.905029296875,124901,-0.007565631671336948,2870.0799926757813,2825.2019873046875,2845.266459420822,2831.2008181654755,34.361093820118995,0.011040665262480091,-3.730850067400752,9.438418807430422,-13.169268874831173,-0.015224915806344885,-0.03479574837364097,0.2947804903332816,-0.021908811484129802,-0.006371946577167338,-21.400146484375,2801.89990234375
2026-01-05,2802.0,2817.300048828125,2761.60009765625,2801.89990234375,2728.743408203125,166865,-0.0018880197065807014,2862.494982910156,2825.255986328125,2841.1363111277674,2830.051762643055,35.356916229477434,0.010268039516874015,-6.491654005856617,6.252404244773015,-12.744058250629632,-0.0036980927723941903,-0.05136111534966348,0.3359780946509636,-0.021168624199579232,-0.008266891247164433,-5.300048828125,2816.0
2026-01-06,2805.0,2837.0,2793.10009765625,2816.0,2742.475341796875,378512,0.005032334540022498,2858.45498046875,2825.19798828125,2838.7423767346468,2829.500713127641,42.33147465342537,0.00960980714123704,-7.4559039565033345,3.5107426045177457,-10.96664656102108,0.007261168645660954,-0.02789286366548216,1.2683726365624906,-0.014852422290655715,-0.003255696881918689,14.10009765625,2874.800048828125
2026-01-07,2819.89990234375,2881.0,2806.199951171875,2874.800048828125,2799.739990234375,376876,0.020880699157714844,2858.25498046875,2824.919990234375,2842.1764407435494,2831.277157664915,51.30602074489366,0.010734905696146302,-3.4358006898773965,2.1214339456387172,-5.557234635516114,0.02995131094823611,-0.0013894678102525093,-0.004322187935917432,0.0057885207836361535,0.017657157996043553,58.800048828125,2817.199951171875
2026-01-08,2881.699951171875,2891.0,2801.39990234375,2817.199951171875,2743.643798828125,404363,-0.020036210059106496,2856.2399780273436,2824.6459912109376,2839.797727451009,2830.7251103514627,41.13370037052754,0.011534546300495059,-4.841872294702171,0.7287726975705398,-5.57064499227271,-0.004030313968319876,-0.014103254183070901,0.0729338031607214,-0.013668328696397383,-0.0026360967222906614,-57.60009765625,2838.199951171875
2026-01-09,2817.199951171875,2852.39990234375,2795.300048828125,2838.199951171875,2764.095703125,317088,0.007454209982952875,2853.40498046875,2823.91798828125,2839.6455582815674,2831.0182413640277,43.770968934392094,0.011246648864132392,-4.213103639852761,-0.25960256991412045,-3.953501069938641,0.011043032394988161,-0.01958615257334806,-0.21583329829880582,-0.005328731603453408,0.0050574991730965805,21.0,2832.199951171875
2026-01-12,2838.800048828125,2849.39990234375,2789.300048828125,2832.199951171875,2758.252197265625,219456,-0.0021140159619559284,2849.37998046875,2822.68798828125,2838.936452842549,2831.06458292512,43.479296582906336,0.011124083802624994,-4.151098526909664,-1.037901761313229,-3.1131967655964345,0.010814108242332088,-0.02763758758179402,-0.3079019073569482,-0.0060293921536041725,0.0033698244120905782,-6.0,2873.699951171875
2026-01-13,2832.0,2878.5,2805.0,2873.699951171875,2798.668701171875,314103,0.014652920244147438,2848.1699829101562,2824.8739892578124,2842.2472622072464,2832.736558150483,42.11554149700909,0.011638250246105089,-0.7446717458078638,-0.979255758212156,0.23458401240429227,0.02049003947864869,-0.008350858203315714,0.43128007436570437,0.008963639254295195,0.017284297317237445,41.5,2788.800048828125
2026-01-14,2876.10009765625,2882.89990234375,2773.699951171875,2788.800048828125,2715.985595703125,363314,-0.029543760234650995,2844.45498046875,2824.9659912109373,2837.157051409235,2831.0135577849,38.51128231105781,0.01312758081108296,-4.8399743493373535,-1.7513994764371956,-3.088574872900158,-0.029915124022297457,-0.025950908558505348,0.15667153768031516,-0.01956611443062927,-0.01280225761843936,-84.89990234375,2788.800048828125
2026-01-15,2788.800048828125,2788.800048828125,2788.800048828125,2788.800048828125,2715.985595703125,0,0.0,2840.62998046875,2825.409990234375,2832.5516225919864,2829.358126061105,42.41532246707492,0.013122542816414938,-7.993388362366204,-2.9997972536229973,-4.993591108743207,-0.010080896931698557,-0.026698774542403547,-1.0,-0.01824592854296085,-0.012957390797366432,0.0,2886.5
2026-01-16,2805.5,2929.89990234375,2805.5,2886.5,2811.134521484375,1193508,0.035032970977223465,2840.5599853515623,2827.6619921875,2837.6895632975115,2831.59898386263,57.94771484533332,0.015336625280899263,-2.579190833366283,-2.9156759695716543,0.3364851362053711,0.017017845697651524,-0.0004847475297234949,inf,0.016172872562221885,0.020808006039994404,97.699951171875,2889.800048828125
2026-01-19,2875.0,2908.0,2830.5,2889.800048828125,2814.348388671875,273546,0.0011432699906894772,2840.539990234375,2830.7379931640626,2842.65246668138,2833.8813785671596,60.37486177940909,0.015337665498896022,1.9553460640586309,-1.9414715628455974,3.8968176269042285,0.02033758161475041,-0.0001383649403177145,-0.7708050553494404,0.01734179373045381,0.020864543382923866,3.300048828125,2815.699951171875
2026-01-20,2876.10009765625,2881.10009765625,2802.5,2815.699951171875,2742.18310546875,335776,-0.025641946295315243,2836.974987792969,2831.5279931640625,2840.0855604423796,2833.1683814144035,52.34180582651147,0.016385087474024774,-0.4253561349141819,-1.6382484772593144,1.2128923423451325,-0.020183039630267574,-0.024696934128204062,0.22749373048774246,-0.007499197811978207,-0.005589929547014878,-74.10009765625,2798.89990234375
2026-01-21,2806.0,2832.39990234375,2721.10009765625,2798.89990234375,2725.821533203125,1448566,-0.0059665621761768595,2829.9999877929686,2831.9559912109376,2836.163116813939,2831.824519490064,47.044759556942275,0.015791351010147465,-3.625906127408143,-2.0357800072890804,-1.5901261201190628,0.0036215767852805225,-0.04747481780431961,3.314084389593062,-0.010989429534758614,-0.011672529152916973,-16.800048828125,2810.10009765625
2026-01-22,2810.0,2889.89990234375,2780.10009765625,2810.10009765625,2736.7294921875,344252,0.0040016419676607295,2825.9099975585937,2831.6419921875,2833.6809245132063,2830.972581378934,50.29455040831396,0.015518284951586178,-5.198675798850672,-2.668359165601399,-2.5303166332492735,0.007637711006594161,-0.02828583541954721,-0.7623497997329773,-0.005594622587415171,-0.007607562887781716,11.2001953125,2752.800048828125
2026-01-23,2847.89990234375,2879.0,2732.10009765625,2752.800048828125,2680.925537109375,1589967,-0.020390750093178478,2821.0199951171876,2830.2579931640626,2825.97798397177,2827.9069918671375,45.48963760201484,0.01584359063256901,-10.94260264682407,-4.323207861845933,-6.619394784978137,-0.04631905462389574,-0.03430858257127534,3.6186136899713004,-0.024182723414630982,-0.02736780340273648,-57.300048828125,2806.10009765625
2026-01-27,2765.800048828125,2825.0,2752.800048828125,2806.10009765625,2732.833740234375,508935,0.01936212143370719,2820.709997558594,2830.9379931640624,2824.0848519417204,2827.0518195451423,49.151680029188064,0.016248950746922314,-11.066272462829147,-5.671820782042577,-5.39445168078657,-0.028963924755215142,-0.0022045838154639563,-0.6799084509301137,-0.005179511511282313,-0.008773733500270612,53.300048828125,2833.699951171875
2026-01-28,2816.0,2858.0,2809.0,2833.699951171875,2759.713134765625,222958,0.009835662504939613,2822.609997558594,2833.8379931640625,2825.0005756779256,2827.312530589328,46.279189221924284,0.016328181810475725,-8.835355685372178,-6.3045277627084975,-2.530827922663681,0.006392726608710042,0.013592302701894488,-0.5619126214546062,0.0039289712793738,-4.8712026770928394e-05,27.599853515625,2772.800048828125
2026-01-29,2830.39990234375,2832.0,2757.5,2772.800048828125,2700.4033203125,647094,-0.02149130232315699,2821.6900024414062,2836.123994140625,2820.0290969303255,2825.1747862065363,46.00432914509491,0.017071042797947012,-11.844910469084425,-7.412604303983684,-4.432306165100741,-0.009325039989379169,-0.006592111875046713,1.9023134401994994,-0.017326479369094504,-0.022327636395068125,-60.89990234375,2759.0
2026-01-30,2752.0,2789.60009765625,2725.0,2759.0,2686.963623046875,550213,-0.004976936160238976,2818.209997558594,2837.0299951171874,2814.21680198458,2822.5796965513778,42.77899981613776,0.016793281200258955,-15.168697622451873,-8.963822967677324,-6.2048746547745495,-0.01818444036882161,-0.02460584573758584,-0.1497170426553175,-0.021009789054004944,-0.02750411354532197,-13.800048828125,2761.39990234375
2026-02-02,2770.0,2798.0,2718.0,2761.39990234375,2689.30078125,265952,0.0008698449959223531,2815.9199951171877,2837.4499951171874,2809.1866210664057,2820.1804889353925,43.502198744253306,0.016728441904189973,-17.408496514364288,-10.652757677014717,-6.75573883734957,0.0031240385654911496,-0.016315207190355507,-0.5166381019714184,-0.01936137847239114,-0.02680226714278943,2.39990234375,2819.300048828125
2026-02-03,2975.0,2975.0,2811.10009765625,2819.300048828125,2745.689208984375,614479,0.02096767890635176,2816.790002441406,2838.893994140625,2810.14980466276,2820.1459618723625,45.15325343806609,0.01740906946741636,-14.346122177201323,-11.391430577052038,-2.9546916001492853,0.004704020067887171,0.0062101242338528095,1.3104883588015883,0.0008911017095854855,-0.006901964410415246,57.900146484375,2688.10009765625
2026-02-04,2757.5,2759.0,2615.10009765625,2688.10009765625,2617.914794921875,1037616,-0.04653635615209162,2810.3950073242186,2837.3499951171875,2798.526023043092,2814.9676926874167,41.71194150593914,0.020277758502361524,-22.24943044325255,-13.56303055029214,-8.68639989296041,-0.05138153510410026,-0.04541899941184302,0.6886110021660625,-0.0435152031473347,-0.05260186361139181,-131.199951171875,2648.699951171875
2026-02-05,2673.10009765625,2685.89990234375,2630.0,2648.699951171875,2579.54345703125,500168,-0.014657246773930765,2799.0900024414063,2834.3799951171877,2784.2568733410717,2808.447389098572,39.17143197881725,0.019704689993035433,-31.33095794454448,-17.11661602914261,-14.21434191540187,-0.044756237547203814,-0.07864898212604965,-0.5179642565264992,-0.053728194212533,-0.0655099331300621,-39.400146484375,2610.5
2026-02-06,2637.0,2637.0,2577.0,2610.5,2542.3408203125,857784,-0.0144221511972219,2788.7550048828125,2830.58599609375,2767.708599689541,2800.6847463888244,26.506655051222126,0.019501691386854203,-41.136356417164734,-21.920564106747037,-19.215792310417697,-0.053823849220732134,-0.07337070664291812,0.71499176276771,-0.06391920572825759,-0.07775280327023165,-38.199951171875,2615.10009765625
2026-02-09,2640.89990234375,2642.800048828125,2605.60009765625,2615.10009765625,2546.82080078125,389909,0.0017621519464661173,2777.6000122070313,2827.057998046875,2753.1744566387515,2793.406917026763,26.668953107368296,0.019372662565183794,-47.982898924079564,-27.13303107021354,-20.849867853866023,-0.05298030341904747,-0.07860610857367833,-0.5454461729293155,-0.05850371321883089,-0.07497472656629617,4.60009765625,2614.10009765625
2026-02-10,2633.5,2657.0,2600.699951171875,2614.10009765625,2545.846923828125,442632,-0.00038239454042166,2766.69501953125,2823.112001953125,2739.929279592799,2786.3752770514493,30.449988375391058,0.019384956799835023,-52.87995759560454,-32.282416375291746,-20.59754122031279,-0.07278400582342015,-0.07700722310420993,0.13521873052430178,-0.055154225817363026,-0.07403599437509861,-1.0,2588.199951171875
2026-02-11,2617.89990234375,2632.699951171875,2546.0,2588.199951171875,2520.623046875,516056,-0.009907863324589816,2752.42001953125,2818.23,2725.4788673622347,2778.6036956444073,29.92188157956572,0.018925689113303872,-58.18017242708402,-37.4619675856502,-20.718204841433817,-0.037163849133251325,-0.0993492726627827,0.16588046051799243,-0.05966388385277859,-0.08162217023739192,-25.900146484375,2464.0
2026-02-12,2549.89990234375,2549.89990234375,2457.800048828125,2464.0,2399.665771484375,1136104,-0.047987000044428685,2736.1800170898437,2810.747998046875,2700.5761180896407,2766.2662958152146,22.863416053475845,0.02056081300072384,-71.57742889933797,-44.28505984838775,-27.29236905095022,-0.0697323043669622,-0.11646587892330551,1.201513014091494,-0.09947445540492247,-0.12336502535546498,-124.199951171875,2458.39990234375
2026-02-13,2387.60009765625,2501.199951171875,2355.199951171875,2458.39990234375,2394.2119140625,1725163,-0.002272766905945578,2719.660009765625,2802.69599609375,2677.511716590032,2754.193103914373,24.880544041742198,0.020532345886156256,-81.7048891518948,-51.76902570908916,-29.93586344280564,-0.05826473765801565,-0.11847394603396244,0.5184903846830924,-0.0960635176763841,-0.12284460898715448,-5.60009765625,2461.5
2026-02-16,2441.0,2481.39990234375,2426.5,2461.5,2397.231201171875,506975,0.0012610225266014297,2698.410009765625,2793.757998046875,2656.9391721528864,2742.7149429765545,17.842487006968796,0.0182329353186122,-88.46109792246625,-59.107440151764585,-29.353657770701666,-0.05873583875198973,-0.14723713840291008,-0.7061292179347691,-0.08779614992096857,-0.11892869685891103,3.10009765625,2465.199951171875
2026-02-17,2458.0,2520.0,2442.0,2465.199951171875,2400.83447265625,602309,0.0015031286499593843,2677.1800048828127,2783.9899951171874,2638.6782939642185,2731.832002121469,14.006669388346879,0.01824237087800013,-92.45116740225194,-65.77618560186205,-26.674981800389887,-0.05696038442364004,-0.1469306147421633,0.18804477538340159,-0.07918035146098315,-0.1145083295932942,3.699951171875,2435.800048828125
2026-02-18,2479.60009765625,2479.60009765625,2402.199951171875,2435.800048828125,2372.2021484375,403020,-0.011925970682327147,2658.185009765625,2774.7699951171876,2619.3565563322095,2720.2229059138867,14.925090968227181,0.017786607088607628,-96.86900701181594,-71.99474988385283,-24.874257127963105,-0.058882584506172675,-0.13492201190884645,-0.33087501598016966,-0.08366045257215113,-0.12216145730476907,-29.39990234375,2376.699951171875
2026-02-19,2450.89990234375,2467.5,2362.0,2376.699951171875,2314.645263671875,483838,-0.024263115391874313,2637.0750122070312,2764.7279931640624,2596.246403459797,2706.7514174926314,13.63898333185496,0.0181928788396019,-103.94089475813416,-78.3839788587091,-25.556915899425064,-0.03543021462180396,-0.1508449626291859,0.20053099101781546,-0.09873631194785093,-0.1403494459316097,-59.10009765625,2373.800048828125
2026-02-20,2360.199951171875,2402.0,2321.199951171875,2373.800048828125,2311.821044921875,686221,-0.0012201381761800523,2615.260009765625,2755.053994140625,2575.0610363520186,2693.6945010744153,13.169942054927418,0.018048738379392908,-108.5283671707557,-84.41285652111843,-24.115510649637272,-0.034412567880014344,-0.15526139057894017,0.41828669926711015,-0.09232732502155272,-0.13838347492402717,-2.89990234375,2309.800048828125
2026-02-23,2350.60009765625,2360.5,2293.89990234375,2309.800048828125,2249.491943359375,812362,-0.026960990261835627,2593.110009765625,2743.3519970703123,2549.798085159267,2678.6398166726,2.1416757861984195,0.01833893036900603,-115.99116330975266,-90.72851787884528,-25.262645430907384,-0.061629068117763586,-0.16092705323388323,0.18381978983447023,-0.10925489465181099,-0.15803730206885128,-64.0,2223.0
2026-02-24,2230.0,2277.800048828125,2210.699951171875,2223.0,2164.958251953125,1348323,-0.03757903151494124,2563.9550048828123,2729.557998046875,2518.6744580012414,2660.771588567792,2.336572526570734,0.018193367852452458,-127.44046716209596,-98.07090773549542,-29.36955942660053,-0.09824758882407936,-0.20779732631180015,0.65975636477334,-0.13298010465608617,-0.18558242704838687,-86.800048828125,2257.60009765625
2026-02-25,2230.0,2323.39990234375,2227.300048828125,2257.60009765625,2198.655029296875,667290,0.015564596336594683,2535.150012207031,2716.752001953125,2493.81023320648,2644.960941865379,9.52188192819915,0.018586482019618704,-132.1982847016152,-104.89638312871938,-27.301901572895815,-0.07315869430974342,-0.2033030537609951,-0.5050963307753409,-0.10948066710622534,-0.16900766207838688,34.60009765625,2261.5
2026-02-26,2274.699951171875,2304.699951171875,2251.10009765625,2261.5,2202.453125,442818,0.0017274548968166936,2509.585009765625,2704.72,2471.685449091577,2629.9232578706583,11.118563705538733,0.018630504586160015,-134.1082830461628,-110.73876311220808,-23.36951993395472,-0.0484705488865238,-0.18439845637056196,-0.33639347210358317,-0.09885499347511403,-0.16386908811263268,3.89990234375,2296.5
2026-02-27,2318.0,2358.300048828125,2286.199951171875,2296.5,2236.539306640625,861454,0.01547645368118511,2486.460009765625,2693.3439990234374,2455.001120606665,2616.8478359933774,16.757098518242273,0.019461928264798842,-131.28439818167863,-114.84789012610219,-16.43650805557644,-0.03256384162022652,-0.16763320043494023,0.9453906571096928,-0.07639777395154268,-0.14734248546317386,35.0,2255.5
2026-03-02,2205.0,2310.10009765625,2205.0,2255.5,2196.609619140625,349774,-0.01785325495318968,2461.1650146484376,2680.6960009765626,2436.001013882221,2602.677332621088,15.466105281372904,0.019415010006303295,-130.84648954788963,-118.04761001045969,-12.79887953742994,-0.02350854951954573,-0.18320414291112463,-0.5939725162341808,-0.08356408994291493,-0.15861403188637058,-41.0,2267.199951171875
2026-03-04,2202.89990234375,2292.89990234375,2202.800048828125,2267.199951171875,2208.004150390625,674633,0.005187298236255744,2433.560009765625,2668.2360009765625,2419.924722195521,2589.5213568779823,18.21782178217822,0.01838869199655156,-128.07894121371282,-120.05387625111032,-8.0250649626025,0.01988301897070399,-0.1958287830646961,0.9287682903817893,-0.06836077923953568,-0.1503000670322678,11.699951171875,2231.60009765625
2026-03-05,2297.39990234375,2299.0,2199.89990234375,2231.60009765625,2173.333740234375,684794,-0.0157021234484519,2410.735009765625,2655.1280029296877,2401.989043667971,2575.4852290653657,22.094145431391425,0.01640986681816767,-127.29091939514865,-121.501284879918,-5.789634515230645,-0.011516654356540923,-0.16982254507487338,0.015061522338812416,-0.07430717660121038,-0.15951317782273167,-35.599853515625,2214.800048828125
2026-03-06,2230.0,2286.89990234375,2210.0,2214.800048828125,2156.972412109375,287592,-0.007528252416626691,2389.0400146484376,2640.656005859375,2384.1615203498905,2561.3407121933174,21.51544235658588,0.01636089993965307,-126.56308945070896,-122.5136457940762,-4.049443656632761,-0.020649989463575102,-0.16381617787691582,-0.5800313670972584,-0.07293304622440705,-0.16126900137174793,-16.800048828125,2187.699951171875
2026-03-09,2162.800048828125,2214.89990234375,2134.300048828125,2187.699951171875,2130.579833984375,353945,-0.012235911621272022,2367.900012207031,2626.5720068359374,2365.4508947138893,2546.6881333297315,19.68554720549176,0.016328463228969376,-126.71236905712294,-123.35339044668555,-3.35897861043739,-0.04737646367434134,-0.16196132879836234,0.23071921332999534,-0.07610121208927159,-0.16708929148785964,-27.10009765625,2202.199951171875
2026-03-10,2222.0,2250.0,2172.39990234375,2202.199951171875,2144.701416015625,886101,0.006627965591091689,2347.2550048828125,2613.60400390625,2349.903185805126,2533.1787928529525,21.56141267905322,0.016527073274919875,-124.22861525522922,-123.5284354083943,-0.7001798468349136,-0.02363114556777879,-0.15789076175494443,1.5034991312209525,-0.06179773966151557,-0.15740871689800642,14.5,2184.89990234375
2026-03-11,2219.89990234375,2242.0,2177.800048828125,2184.89990234375,2127.85302734375,355907,-0.007855802929665368,2325.7949951171877,2601.0560009765627,2334.188587380233,2519.5207971467094,22.14078178124504,0.016419834785555358,-122.24700445934877,-123.2721492185852,1.0251447592364258,-0.03630030460506384,-0.16418659549315362,-0.5983448839353527,-0.06057932580869559,-0.15999505526853997,-17.300048828125,2185.199951171875
2026-03-12,2179.0,2213.0,2157.0,2185.199951171875,2128.145263671875,423505,0.0001373284093257876,2305.6449951171876,2588.8460009765627,2319.9991934556274,2506.4101757359317,25.54278416347381,0.016537287608467278,-119.27739661350233,-122.47319869756862,3.195802084066287,-0.020792321407902326,-0.15570667166481134,0.18993163944513602,-0.05223919736142676,-0.15591736613627252,0.300048828125,2114.800048828125
2026-03-13,2184.0,2185.199951171875,2100.0,2114.800048828125,2059.58349609375,322965,-0.032216686764062974,2288.1849975585938,2575.3180029296873,2300.456417776818,2491.0529158571944,21.786492374727672,0.014833304339600577,-121.20744083448017,-122.22004712495094,1.0126062904707709,-0.04515080268889782,-0.14172075940417006,-0.23739979457149263,-0.07577400818354454,-0.17881984033726167,-70.39990234375,2081.10009765625
2026-03-16,2116.0,2124.60009765625,2061.60009765625,2081.10009765625,2026.7633056640625,314619,-0.015935289575271794,2269.3200073242188,2560.3680029296875,2279.5653396700973,2474.9763347512753,23.326338089529628,0.01489406873163674,-124.02661755882036,-122.58136121172483,-1.4452563470955369,-0.04872690766323928,-0.15347373074974335,-0.025841809483999834,-0.08294110529166884,-0.18718711713512967,-33.699951171875,2074.10009765625
2026-03-17,2087.800048828125,2101.199951171875,2030.5,2074.10009765625,2019.946044921875,640515,-0.0033636056275637705,2249.9500122070312,2545.706005859375,2259.9972213830642,2459.2556980024506,28.661515617587085,0.014775048838256595,-125.38037006297554,-123.14116298197499,-2.2392070810005578,-0.05816903839610843,-0.15738366944698357,1.0358433533893376,-0.07815725398196102,-0.1852554486329702,-7.0,2123.800048828125
2026-03-18,2085.0,2185.0,2076.39990234375,2123.800048828125,2068.348388671875,837977,0.02396217580242932,2232.880017089844,2532.1440087890624,2247.0260620921176,2446.1005745054185,31.620860086535828,0.016339637790766103,-121.04749777117513,-122.72242993981502,1.6749321686398844,-0.027964600781062332,-0.13848771260175452,0.30828630086727093,-0.04885169262425707,-0.16126411394595924,49.699951171875,2047.4000244140625
2026-03-19,2101.0,2111.0,2037.5999755859375,2047.4000244140625,1993.943115234375,260439,-0.0359732661538541,2213.4600158691405,2516.772009277344,2228.0140585037316,2430.465258815562,25.47536821757997,0.017538886282524285,-122.36792743574506,-122.65152943900102,0.2836020032559645,-0.06306055731143201,-0.15945480607118123,-0.6892050736476061,-0.07502281056108107,-0.18649761803336926,-76.4000244140625,2091.10009765625
2026-03-20,2095.0,2109.699951171875,2064.0,2091.10009765625,2036.502197265625,863296,0.021344179310876843,2199.1800231933594,2501.098010253906,2214.9746336611142,2417.1568211230397,26.931724520287204,0.018328659195585708,-118.5219000774332,-121.82560356668748,3.303703489254275,-0.011206710149741061,-0.12016655841424362,2.314772365121967,-0.04914555625153868,-0.1639271675547149,43.7000732421875,2063.60009765625
2026-03-23,2079.89990234375,2090.39990234375,2039.0,2063.60009765625,2009.72021484375,471389,-0.01315097255785247,2183.670025634766,2486.026013183594,2200.5580111844606,2403.291851575322,27.773925868786137,0.01835151138088418,-116.35168604938326,-120.73082006322664,4.379134013843384,-0.00840901406890937,-0.13067652910573135,-0.4539659630068945,-0.05498538083546435,-0.16992015099085273,-27.5,2116.800048828125
2026-03-24,2099.60009765625,2138.199951171875,2056.699951171875,2116.800048828125,2061.53125,747214,0.025780165077670558,2174.0200256347657,2471.598015136719,2192.581062388619,2392.0568789185695,34.108208171695054,0.01907937726464022,-109.08156002452915,-118.40096805548714,9.319408030957987,0.02058721814830755,-0.08355701615727229,0.5851324489964764,-0.026319894081901912,-0.14355002882172485,53.199951171875,2132.10009765625
2026-03-25,2139.89990234375,2154.39990234375,2100.89990234375,2132.10009765625,2076.431640625,1105605,0.0072279140566891,2169.475030517578,2457.596018066406,2186.820970509346,2381.862495339655,39.015238704119874,0.017517858628757904,-100.92198092447097,-114.90517062928392,13.983189704812943,0.003908112175016187,-0.04089064432917233,0.4796363558498635,-0.01722763909958963,-0.13244484366728856,15.300048828125,2117.0
2026-03-27,2115.0,2147.89990234375,2097.10009765625,2117.0,2061.725830078125,648475,-0.00708226488655439,2162.4450256347654,2442.4620190429687,2180.1713542703606,2371.4757308165317,39.162233323016515,0.01705265243765107,-94.58360644629738,-110.84085779268662,16.25725134638924,0.03399432194783536,-0.06227856643088181,-0.41346593041818736,-0.021015575007011095,-0.133251619270008,-15.10009765625,2053.0
2026-03-30,2080.0,2099.89990234375,2013.0,2053.0,1999.39697265625,768221,-0.030231459612659384,2152.0200256347657,2427.746018066406,2168.0597967208023,2358.9864864707856,36.201605795750226,0.018047659381800384,-93.64518078452238,-107.40172239105377,13.756541606531385,-0.018220121408321632,-0.09219544550077385,0.18465785111222477,-0.04601259489003059,-0.1543596468813797,-64.0,2136.60009765625
2026-04-01,2110.0,2164.699951171875,2101.0,2136.60009765625,2080.814208984375,867527,0.04072094381697511,2144.025030517578,2414.702019042969,2165.0636349051306,2350.265451615314,44.11343947224983,0.020275989577871457,-85.17381179733957,-102.95614027231093,17.782328474971365,0.03537507101444226,-0.06962765179349006,0.12926748943337918,-0.003463081240024423,-0.11517028568889029,83.60009765625,2209.89990234375
2026-04-02,2085.39990234375,2239.0,2085.39990234375,2209.89990234375,2152.2001953125,777936,0.03430674966640068,2141.7450256347656,2401.170017089844,2169.3337556135707,2344.760920271331,52.03848678984913,0.02162941885672179,-71.7187797463007,-96.7086681671089,24.9898884208082,0.043981411266106996,-0.020217290027155888,-0.10327171373340538,0.03182212443275538,-0.07965704776620039,73.2998046875,2235.199951171875
2026-04-06,2205.0,2241.300048828125,2191.10009765625,2235.199951171875,2176.839599609375,603188,0.011448504432844508,2140.1450256347657,2388.078015136719,2175.6067266191235,2340.4644116791956,53.917267614028255,0.021765508056157477,-58.341542423769624,-89.03524301844105,30.693700594671427,0.04835600994013345,-0.014114326344908279,-0.2246303037782028,0.044415179531544155,-0.06401719834772297,25.300048828125,2328.10009765625
2026-04-07,2220.0,2342.0,2207.10009765625,2328.10009765625,2267.314208984375,1130562,0.0415623427495464,2144.9700256347655,2378.326018066406,2190.1299048131355,2339.979536619472,66.14196956058396,0.023366169398368622,-39.78510215324695,-79.18521484540224,39.40011269215529,0.0997166261956779,0.04324251468771201,0.8743111600363402,0.08537651800858634,-0.02111818145562316,92.900146484375,2350.800048828125
2026-04-08,2360.0,2369.89990234375,2292.199951171875,2350.800048828125,2289.421630859375,766370,0.00975041889080619,2151.7700256347657,2369.3640209960936,2205.4318232907535,2340.4038704315763,70.755723418103,0.02329998533119339,-22.98236678054218,-67.94464523243023,44.962278451888054,0.14505603937073785,0.06140509165690111,-0.32213359373479733,0.09249595487540357,-0.00783500213705625,22.699951171875,2385.300048828125
2026-04-09,2340.0,2400.800048828125,2317.89990234375,2385.300048828125,2323.020751953125,695846,0.014675854723245507,2161.650030517578,2360.8680200195313,2222.562130484789,2342.1645048784994,72.97695373731167,0.023135637510701426,-6.803786454000601,-55.71647347674431,48.91268702274371,0.11639985949859644,0.09032321710772195,-0.09202343515534273,0.10346263972110081,0.010348748257597046,34.5,2326.699951171875
2026-04-10,2415.10009765625,2415.10009765625,2276.199951171875,2326.699951171875,2265.95068359375,1026126,-0.02456718083959275,2167.875030517578,2352.346018066406,2232.4800181692735,2341.558051791965,64.78645979189878,0.02402523411164878,1.2746238059421557,-44.31825402020702,45.59287782614918,0.05285309470544375,0.05653437596969746,0.47464525196667084,0.07326295031701047,-0.010902336092379693,-58.60009765625,2316.10009765625
2026-04-13,2295.0,2335.60009765625,2270.39990234375,2316.10009765625,2255.627685546875,229386,-0.0045557457936449275,2174.4350402832033,2342.5460180664063,2240.4438352632715,2340.559700649388,71.6588746745793,0.023957795904843166,6.743764625950462,-34.105850290975525,40.84961491692599,0.03619369553133733,0.06004860688206404,-0.7764543535589197,0.0651502826014963,-0.011289392057273395,-10.599853515625,2409.300048828125
2026-04-15,2375.0,2414.800048828125,2345.699951171875,2409.300048828125,2346.39404296875,1011941,0.04024003594066916,2185.6400451660156,2334.0580200195313,2256.525379412305,2343.255400577966,73.75335383511798,0.025327702616875298,18.386605935953412,-23.60735904558974,41.99396498154315,0.034878204443881344,0.10255358899128209,3.411520319461519,0.10233158207216173,0.0322365717403906,93.199951171875,2441.800048828125
2026-04-16,2418.0,2479.0,2416.800048828125,2441.800048828125,2378.045654296875,541426,0.013489394986651027,2201.9900451660155,2327.4380200195315,2274.1705860233355,2347.1198965877766,78.02311231517149,0.023789507399006274,29.891548775004594,-12.907577481470874,42.79912625647547,0.03871022550189385,0.15462454721485397,-0.46496287827057114,0.1089060344248874,0.04913644437570623,32.5,2462.199951171875
2026-04-17,2435.0,2468.199951171875,2402.5,2462.199951171875,2397.912841796875,416448,0.008354452426823533,2221.045037841797,2321.5020190429686,2292.078144608911,2351.6328399048,76.9003039208528,0.023142286566542544,40.192091086298205,-2.287643767917059,42.479734854215266,0.03223908974534684,0.18312423027841018,-0.2308311754514929,0.10857722793609352,0.060606422469065356,20.39990234375,2417.0
2026-04-20,2472.0,2474.199951171875,2405.10009765625,2417.0,2353.89306640625,180997,-0.018357546936982994,2238.1900329589844,2314.6140209960936,2303.975464169967,2354.1962579477495,71.20106740229832,0.023787425323095246,44.198592905238456,7.009603566714044,37.188989338524415,0.03881035403067079,0.1653246642875288,-0.5653791109574304,0.07989043128952776,0.04423457996674739,-45.199951171875,2419.0
2026-04-21,2424.0,2440.0,2388.199951171875,2419.0,2355.8408203125,275259,0.0008274720728176366,2252.950030517578,2306.608020019531,2314.930181868065,2356.737581165485,72.92046824021547,0.023528753321707046,46.99344654793822,15.006372162958879,31.98707438497934,0.044428089462920095,0.1389961128095656,0.5207931623176074,0.07370335215303236,0.048726085665616155,2.0,2331.0
2026-04-22,2389.89990234375,2397.0,2325.199951171875,2331.0,2270.138427734375,998198,-0.03637866887143448,2267.130029296875,2299.4660180664064,2316.4606407377732,2355.728264257035,70.35735790282142,0.023567675959013257,41.627665823011284,20.33063089496936,21.297034928041924,-0.03249908572666571,0.1385171301182826,2.6263955038708997,0.028172169164436347,0.013713610762602255,-88.0,2277.0
2026-04-23,2331.0,2360.199951171875,2270.699951171875,2277.0,2217.54833984375,368085,-0.02316602316602312,2276.4250244140626,2292.032019042969,2312.7024844770326,2352.6408813449943,60.74708858810259,0.024211777202150647,32.64162490378976,22.792829696733442,9.84879520705632,-0.06749121366723543,0.08890052779018598,-0.6312505134251922,0.00025257831018853967,-0.00655838091181877,-54.0,2175.800048828125
2026-04-24,2266.0,2284.199951171875,2130.0,2175.800048828125,2118.99072265625,782576,-0.044444423000384314,2282.035021972656,2283.338020019531,2299.6641572723747,2345.7059467364898,47.496706735465274,0.026333716132871353,17.156364547055546,21.665536666797863,-4.509172119742317,-0.11631870198333771,0.054370975897562124,1.1260741404838557,-0.04655273565990172,-0.0470968250204524,-101.199951171875,2264.89990234375
2026-04-27,2187.89990234375,2275.0,2185.0,2264.89990234375,2205.76416015625,442985,0.04095038676169427,2289.4400146484377,2276.3340161132815,2296.3532758506008,2342.5370822505,51.99355381928341,0.02722829608330644,11.936204553173411,19.719670244072972,-7.783465690899561,-0.06292929154168392,0.06996402593509665,-0.4339399623806506,-0.010718827375984348,-0.00502303866154695,89.099853515625,2270.300048828125
2026-04-28,2270.0,2288.0,2250.699951171875,2270.300048828125,2211.0234375,299847,0.0023842760021257625,2296.3500122070313,2269.4580151367186,2293.872016134175,2339.704257410407,45.60388812901803,0.02721716512918037,8.14109140511664,17.403954476281708,-9.262863071165068,-0.06147166232818313,0.06481869745411761,-0.3231215503910968,-0.011344073525563995,0.0003710285388803226,5.400146484375,2250.699951171875
2026-04-29,2284.0,2338.0,2232.0,2250.699951171875,2191.93505859375,698342,-0.008633263108269396,2303.035009765625,2262.7080151367186,2289.7603908996703,2336.213892459876,42.350593952564395,0.027251081772569002,3.5113956338600474,14.625442707797376,-11.114047073937328,-0.03444875539602099,0.06315538553229816,1.3289944538381242,-0.022724386894611783,-0.005306943664190817,-19.60009765625,2276.699951171875
2026-04-30,2314.5,2349.199951171875,2240.800048828125,2276.699951171875,2217.256103515625,1995620,0.01155196186255858,2314.220007324219,2258.9620141601563,2288.516539497023,2333.8800124093664,41.59181399034324,0.026113437914521767,1.918199281635225,12.083994022564946,-10.165794740929721,-0.0001317737497255056,0.10896247012755733,1.8576542725484075,-0.01621283025537655,0.007852251122652622,26.0,2276.699951171875
2026-05-01,2276.699951171875,2276.699951171875,2276.699951171875,2276.699951171875,2217.256103515625,0,0.0,2321.225,2255.328015136719,2287.3911501327234,2331.6376570667194,45.742504687818325,0.02477668450845808,0.6481087004717665,9.796816958146312,-9.148708257674546,0.0463737016634842,0.06557139713197047,-1.0,-0.019181703121466,0.009476198535963511,0.0,2276.60009765625
2026-05-04,2286.89990234375,2306.60009765625,2247.60009765625,2276.60009765625,2217.158935546875,270918,-4.385888249069936e-05,2324.560009765625,2251.630017089844,2286.3634308492497,2329.479321403564,46.57534072599593,0.02369363186877354,-0.36232788944107597,7.764987988628835,-8.127315878069911,0.005165877441379418,0.03018245090728322,inf,-0.020631823617326517,0.01108977957163631,-0.099853515625,2209.800048828125
2026-05-05,2276.10009765625,2298.199951171875,2194.60009765625,2209.800048828125,2152.10302734375,565587,-0.029342021419086928,2323.2900146484376,2246.5220190429686,2279.071680180571,2324.7860165966845,31.873517099166463,0.024555196296180474,-6.478630219513889,4.916264347000291,-11.394894566514179,-0.026648459982736017,-0.011363592921712962,1.08766859344894,-0.04884881573318602,-0.016346143017323907,-66.800048828125,2218.5
2026-05-06,2244.699951171875,2269.89990234375,2191.199951171875,2218.5,2160.57568359375,416557,0.003936985690849548,2317.810009765625,2242.1760180664064,2273.302948734802,2320.6179375144616,28.793907656837817,0.022538889544105344,-10.502761236834885,1.8324592302332556,-12.33522046706814,-0.014306638765913426,-0.04707705556414299,-0.26349615532181614,-0.042846484115265045,-0.010559393141143302,8.699951171875,2193.10009765625
2026-05-07,2228.0,2237.300048828125,2177.10009765625,2193.10009765625,2135.839111328125,592910,-0.011449133353053864,2309.925012207031,2238.504020996094,2265.6645819654163,2315.617237912179,24.684856338219674,0.022447269071438517,-15.562083887663448,-1.6464493933460853,-13.915634494317363,-0.03671975021240459,-0.06708352386264771,0.4233586279908872,-0.050575197867207,-0.020283154693481402,-25.39990234375,2214.199951171875
2026-05-08,2199.0,2228.0,2182.89990234375,2214.199951171875,2156.387939453125,271921,0.0096210170881732,2301.370007324219,2235.3120190429686,2260.7631885565074,2311.640089412559,30.015748380053196,0.022262791948872748,-17.66541578222086,-4.850242671121041,-12.81517311109982,-0.02745201446849843,-0.07173105863151674,-0.5413789613938034,-0.03787746250056319,-0.009444796829810163,21.099853515625,2201.199951171875
2026-05-11,2214.199951171875,2222.0,2193.199951171875,2201.199951171875,2143.7275390625,214275,-0.005871195143473673,2295.095007324219,2233.1400170898437,2255.0904992817805,2307.309103599199,28.993036995523624,0.02171652772699822,-20.149047143686403,-7.910003565634113,-12.23904357805229,-0.033119627185292266,-0.05393905644635877,-0.21199539572155146,-0.04091118487587719,-0.014302760092755834,-13.0,2146.5
2026-05-12,2175.5,2179.0,2122.5,2146.5,2090.45556640625,887823,-0.024850060142311836,2286.6150024414064,2231.610017089844,2244.74854696923,2301.002864242367,30.98328709873536,0.02228222353166276,-26.228822268019485,-11.573767306111188,-14.655054961908297,-0.0286451477189954,-0.07322658369898383,3.143381169058453,-0.061276166863160786,-0.03813839176113424,-54.699951171875,2145.199951171875
2026-05-13,2143.0,2161.60009765625,2127.0,2145.199951171875,2089.189453125,314728,-0.0006056598314115869,2273.4099975585937,2229.3620141601564,2235.267728321863,2294.8929460827403,34.759464267868324,0.019788885088436955,-30.796982488267076,-15.418410342542366,-15.37857214572471,-0.03304036458333337,-0.10961693948609985,-0.6455059172830621,-0.05639547926876495,-0.0377516358732733,-1.300048828125,2115.10009765625
2026-05-14,2105.0,2133.699951171875,2075.199951171875,2115.10009765625,2059.87548828125,852974,-0.014031257785169227,2257.075,2226.4340161132814,2223.8231920679955,2287.8422461444466,41.59977511735725,0.019343351884744862,-36.42619054824627,-19.619966383683145,-16.806224164563123,-0.03556609207366235,-0.13379471891183947,1.710194199435703,-0.06290216423634563,-0.05000548754253612,-30.099853515625,2083.199951171875
2026-05-15,2134.0,2172.0,2075.0,2083.199951171875,2028.808349609375,432690,-0.015082097778598591,2238.125,2222.1680151367186,2210.430502458841,2279.8170581063064,20.124952532649118,0.019073680114446403,-42.96616649087764,-24.289206405122044,-18.676960085755596,-0.05916358183038872,-0.1539273850686319,-0.4927277970958083,-0.06922090983663781,-0.0625371542647704,-31.900146484375,2148.5
2026-05-18,2075.5,2158.10009765625,2063.60009765625,2148.5,2092.403564453125,572487,0.031346030318113005,2224.7,2220.0280151367188,2204.532359367523,2274.667369553118,33.26921284046405,0.02083069137018665,-42.391315639232744,-27.909628251944188,-14.481687387288556,-0.02394146481050874,-0.11108812577575511,0.3230881231366567,-0.03425180923270545,-0.03221942004741492,65.300048828125,2220.5
2026-05-19,2167.300048828125,2271.10009765625,2160.10009765625,2220.5,2162.5234375,1176450,0.033511752385385174,2214.775,2219.094016113281,2206.0530870468065,2272.5431589824075,46.3736820411674,0.022575746283831265,-35.7142522581521,-29.47055305318577,-6.24369920496633,0.03447472629862558,-0.08205870194295162,1.0549811611442705,0.00258491268864779,0.0006335846415292272,72.0,2228.0
2026-05-20,2200.0,2242.0,2175.199951171875,2228.0,2169.82763671875,471319,0.0033776176536814972,2209.625,2219.0220141601562,2208.143269232825,2270.796368434078,43.88037283170849,0.021291228136933307,-29.477644170317944,-29.47197127661221,-0.00567289370573576,0.03859782337907158,-0.04418704418704422,-0.5993718390071826,0.008315890705436443,0.004045920131730513,7.5,2227.60009765625
2026-05-21,2241.0,2256.699951171875,2215.60009765625,2227.60009765625,2169.438232421875,209269,-0.0001794893822935073,2207.1550048828126,2219.2780151367188,2209.9963005112463,2269.1023970310257,43.836315881417285,0.0207032093789129,-24.28738623524532,-28.435054268338835,4.147668033093513,0.0531889720607841,-0.02169517011144051,-0.5559928625835155,0.009263097846869585,0.0037499053578551166,-0.39990234375,2222.39990234375
2026-05-22,2229.5,2247.89990234375,2173.60009765625,2222.39990234375,2164.373779296875,396197,-0.002334438446995657,2209.484997558594,2219.972014160156,2211.1775959238657,2267.270926651133,43.28207629729242,0.018006565446016472,-20.358995898105604,-26.81984259429219,6.460846696186586,0.06682025462489571,0.021417341883379182,0.8932426685271111,0.005845210444708428,0.0010936571128408804,-5.2001953125,2244.0
2026-05-25,2252.0,2270.0,2225.0,2244.0,2185.409912109375,190879,0.009719266831082152,2208.4400024414062,2220.808015136719,2214.303539169212,2266.358341292265,54.77386318172121,0.015568205566016615,-15.326101138331069,-24.521094303099968,9.1949931647689,0.04444961601117048,-0.009227737756588028,-0.5182219956233893,0.01610186263574404,0.010443039067405964,21.60009765625,2265.300048828125
2026-05-26,2247.0,2288.89990234375,2240.5,2265.300048828125,2206.15380859375,297568,0.009492000369039744,2208.1900024414062,2222.416018066406,2219.160349612918,2266.3168396270044,56.31068536479859,0.015714316967857526,-9.509144355770331,-21.518704313634043,12.009559957863711,0.02017565810768973,-0.002202352064688884,0.5589352416976199,0.025862831696356323,0.01929613106326946,21.300048828125,2232.89990234375
2026-05-27,2270.699951171875,2288.300048828125,2224.10009765625,2232.89990234375,2174.599609375,241776,-0.01430280571491449,2207.3,2223.3700170898437,2220.4688784444256,2265.0063714982493,55.267307282209025,0.015928064097775082,-7.4279603356430925,-18.700555518035852,11.27259518239276,0.0021992380357944707,-0.00790867250823768,-0.18749327884718792,0.011597835520205598,0.004286234491180149,-32.400146484375,2232.89990234375
2026-05-28,2232.89990234375,2232.89990234375,2232.89990234375,2232.89990234375,2174.599609375,0,0.0,2205.109997558594,2225.7320141601563,2221.6527854824567,2263.7472942765044,52.62124027665131,0.01568412979601731,-5.712753934282318,-16.102995201285147,10.390241267002828,0.0023791544510507467,-0.019238393186409963,-1.0,0.01260250273951136,0.0032204632624194957,0.0,2271.39990234375
2026-05-29,2300.0,2309.0,2259.89990234375,2271.39990234375,2212.094482421875,1301407,0.017242152216312423,2204.8449951171874,2229.538010253906,2226.3906061359135,2264.0473965536517,59.18365652225848,0.016198986499872156,-1.2326035749906623,-13.128916876026251,11.896313301035589,0.022048237109947966,-0.0023279522738149927,inf,0.030185753363140704,0.018776038756601655,38.5,2310.5
2026-06-01,2286.0,2373.0,2282.800048828125,2310.5,2250.173583984375,735924,0.017214096740914897,2206.539990234375,2234.2660083007813,2234.40102459916,2265.8690672770376,72.3676674684802,0.01664948284167502,5.410628611562515,-9.421007778508498,14.831636390071013,0.029634581105169255,0.014890582838263944,-0.4345166423724477,0.047114491568576715,0.034120373946518866,39.10009765625,2387.699951171875
2026-06-02,2323.199951171875,2430.5,2323.0,2387.699951171875,2325.35791015625,1126516,0.03341266010468513,2215.4349853515623,2239.5440063476562,2249.00092236799,2270.646748998404,77.40109970747295,0.016569107602277103,16.712181231700015,-4.194369976466795,20.90655120816681,0.05403253419213461,0.0805049771078119,0.5307504579277207,0.0777567236047671,0.06615451377793544,77.199951171875,2288.5
2026-06-03,2336.699951171875,2358.0,2281.0,2288.5,2228.748046875,595642,-0.041546238304854044,2218.9349853515623,2244.366005859375,2252.762739285324,2271.346876488663,66.94680451020179,0.019450277304245256,17.46283539921751,0.13707109867006562,17.325764300547444,0.024900398624179143,0.031552851025467676,-0.4712529604550668,0.03135063222116712,0.019664347983084834,-99.199951171875,2315.89990234375
2026-06-04,2261.5,2328.5,2245.0,2315.89990234375,2255.4326171875,506785,0.011972865345750483,2225.0749755859374,2248.862001953125,2258.775802433746,2273.094053973176,72.94417218763044,0.01931940997716905,20.037695285529026,4.117195936041857,15.92049934948717,0.0371713930897124,0.055993707181325236,-0.14917853341436638,0.04081881633399581,0.0298096994535027,27.39990234375,2330.0
2026-06-05,2328.5,2355.699951171875,2307.39990234375,2330.0,2269.16455078125,341938,0.006088388207962092,2230.8649780273436,2254.19,2265.559059344818,2275.3256596997185,69.90566401480586,0.019270866657830038,22.951479963502152,7.8840527415339166,15.067427221968234,0.02579911075798824,0.05229882186874657,-0.3252799510640607,0.04443793010741385,0.033630705486227847,14.10009765625,2334.10009765625
2026-06-08,2286.199951171875,2358.89990234375,2281.39990234375,2334.10009765625,2273.15771484375,396578,0.0017596985649142027,2237.5099853515626,2258.5360009765627,2272.08677727924,2277.6305396195826,64.63916941953752,0.01916689757198151,25.299877687044955,11.367217730636124,13.93265995640883,0.010214281608418085,0.06037622634582629,0.15979505056472232,0.04316857262628526,0.033457114098254054,4.10009765625,2340.5
2026-06-09,2346.0,2364.0,2304.5,2340.5,2279.390380859375,232521,0.0027419142607365554,2247.2099853515624,2262.7039990234375,2278.602322300265,2280.096008654109,64.53862579697415,0.018006317012306074,27.362006259270856,14.566175436363071,12.795830822907785,-0.019767957506013012,0.09037968786396466,-0.4136815456228031,0.04151370599834841,0.03438187275495979,6.39990234375,2297.800048828125
2026-06-10,2340.5,2361.0,2294.0,2297.800048828125,2237.805419921875,317814,-0.01824394410248875,2254.839990234375,2266.32,2280.4306772076798,2280.7902847393643,58.17799153017199,0.018688057479663043,25.259552411727782,16.704850831436012,8.55470158029177,0.004063818583406098,0.07113560559839094,0.36681848091140146,0.019052375680672886,0.013890381247186997,-42.699951171875,2277.800048828125
2026-06-11,2287.199951171875,2291.0,2234.0,2277.800048828125,2218.32763671875,443663,-0.00870397753285801,2262.974987792969,2270.8160009765625,2280.1801411715314,2280.6730205859826,56.23875180424771,0.01845998475909779,21.72903099371888,17.709686863892586,4.019344129826294,-0.016451424984761598,0.07692305028597146,0.39598318513344277,0.00655113782305417,0.003075567482596147,-20.0,2270.39990234375
2026-06-12,2299.0,2302.300048828125,2255.199951171875,2270.39990234375,2211.12060546875,179663,-0.0032488130326374653,2272.3349853515624,2273.4919970703127,2279.2486898546,2280.2701532039346,53.07118245097027,0.018004447913508484,18.125003599160664,17.792750210946203,0.33225338821446115,-0.025579441054184526,0.0898617298193427,-0.5950462400515707,-0.0008515835122403946,-0.0013600640470902146,-7.400146484375,2309.699951171875
2026-06-15,2295.89990234375,2347.89990234375,2285.300048828125,2309.699951171875,2249.39453125,531551,0.01730974740950053,2280.394982910156,2275.487998046875,2282.1488099800545,2281.4242629281675,54.9575561964682,0.017155045185395314,18.229829295135914,17.880166027784146,0.3496632673517688,-0.010453770388371919,0.07502906733622305,1.9586002682800578,0.012850830001529348,0.015034996077485473,39.300048828125,2327.199951171875
2026-06-16,2321.0,2349.0,2300.39990234375,2327.199951171875,2266.4375,621307,0.007576741728344771,2285.72998046875,2277.327998046875,2286.439394855466,2283.2193879573324,60.891662845802315,0.015707187900190565,19.50022174303558,18.204177170834434,1.296044572201147,-0.005682567326693033,0.048052218496678734,0.1688567983128617,0.018142987604607818,0.021899328145867442,17.5,2340.199951171875
2026-06-17,2335.89990234375,2361.800048828125,2320.0,2340.199951171875,2279.09814453125,651241,0.005586112183207037,2291.339978027344,2277.5699951171873,2291.559447837981,2285.453919848099,62.03184722791798,0.01572168030901403,21.310355749303653,18.825412886528277,2.4849428627753767,0.018452389869768604,0.05035904451161355,0.0481790805511606,0.021323755362831622,0.027498586734527646,13.0,2336.60009765625
2026-06-18,2335.10009765625,2360.0,2287.199951171875,2336.60009765625,2275.59228515625,415284,-0.0015382674945456642,2296.7899780273438,2277.28599609375,2295.8490335349593,2287.4596523111636,57.9318972399635,0.01573715089495688,22.198531049272333,19.50003651907709,2.6984945301952443,0.025814403181866785,0.04893158341781523,-0.36231901861215743,0.017332938583743813,0.02604596070245115,-3.599853515625,2267.5
2026-06-19,2174.699951171875,2279.0,2150.0,2267.5,2208.29638671875,1187118,-0.029572924235328757,2299.0449829101562,2274.9299951171874,2293.149125579249,2286.676920847981,45.12471655328798,0.01728132761438272,17.129161672974533,19.02586154985658,-1.896699876882046,-0.0012772650054980739,0.020293421363404063,1.8585690756205393,-0.013720907222192002,-0.0032660324199579194,-69.10009765625,2280.10009765625
2026-06-22,2290.0,2307.199951171875,2271.199951171875,2280.10009765625,2220.567626953125,386803,0.0055568236631753365,2300.849987792969,2273.997998046875,2291.906361015154,2286.419006213011,35.706720026463685,0.01719752990282791,13.967365402892483,18.01416232046376,-4.046796917571278,-0.012815454016270378,0.016087387547348397,-0.6741663423518134,-0.009018358540020564,0.002683423474697814,12.60009765625,2244.60009765625
2026-06-23,2284.0,2284.0,2222.0,2244.60009765625,2185.994384765625,912664,-0.015569491899277144,2299.814990234375,2272.567998046875,2287.40100260002,2284.7790490147067,42.980512484189816,0.017452731509786296,8.499093505786277,16.111148557528267,-7.61205505174199,-0.03549323446574981,-0.009137840782982964,1.3595060017631715,-0.024008406246842428,-0.012306738638694855,-35.5,2261.10009765625
2026-06-24,2242.0,2274.0,2235.300048828125,2261.10009765625,2202.0634765625,692224,0.007350975355132849,2301.225,2269.6039990234376,2284.896154510137,2283.8504626869244,40.921180998791435,0.017209158887145033,5.434218446734121,13.975762535369439,-8.541544088635318,-0.033800467979676285,0.012629404158645885,-0.24153467212468116,-0.017436322977435893,-0.0037468656958864442,16.5,2263.39990234375
2026-06-25,2285.39990234375,2298.89990234375,2247.39990234375,2263.39990234375,2204.303466796875,370762,0.001017117592398531,2302.75,2266.03599609375,2282.8488923990526,2283.0484799283686,38.517224542025865,0.0172082682863519,3.1544948462315006,11.811508997541852,-8.657014151310351,-0.03132765225248613,0.01365936734019546,-0.46439013960798814,-0.017088306440668766,-0.001163306211615366,2.2998046875,2263.39990234375
2026-06-26,2263.39990234375,2263.39990234375,2263.39990234375,2263.39990234375,2204.303466796875,0,0.0,2302.35,2262.0599951171876,2280.996607631881,2282.27794747407,37.63549852012645,0.016768541812485483,1.3324379530035912,9.7156947886342,-8.38325683563061,-0.0018082018329658167,-0.0035220570326454093,-1.0,-0.016917539755575785,0.000592339385097976,0.0,2207.800048828125
2026-06-29,2270.0,2293.39990234375,2202.800048828125,2207.800048828125,2150.1552734375,693813,-0.02456475033777783,2297.2150024414063,2257.87599609375,2274.025506793428,2279.3572455663857,30.19993894660304,0.01710467658447193,-4.54559992701661,6.863435845504039,-11.40903577252065,-0.0317091556210376,-0.044449232275211026,inf,-0.03892319766249742,-0.02217834254505525,-55.599853515625,2161.60009765625
2026-06-30,2208.89990234375,2219.300048828125,2151.0,2161.60009765625,2105.16162109375,416895,-0.020925785918157525,2285.910009765625,2252.727998046875,2263.31832497084,2274.7393181973607,29.887771693086407,0.015391578913766841,-12.784564742144994,2.933835727974233,-15.718400470119228,-0.03697763360460793,-0.0946935788161557,-0.3991248362310882,-0.05438092994838437,-0.04045224300032382,-46.199951171875,2126.800048828125
2026-07-01,2179.800048828125,2187.39990234375,2121.10009765625,2126.800048828125,2071.27001953125,238074,-0.016099207649859726,2277.8250122070312,2248.6439990234376,2250.3165843858196,2268.9377782220968,28.636100491459217,0.013075789163561216,-21.86997338140236,-2.0269260939010856,-19.843047287501275,-0.059395888296734034,-0.07065761466981646,-0.4289353434317994,-0.06630226754450073,-0.05418552258526833,-34.800048828125,2245.39990234375
2026-07-02,2158.699951171875,2250.199951171875,2156.5,2245.39990234375,2186.7734375,889024,0.055764458713913445,2274.300012207031,2248.0119970703126,2249.8483289532414,2268.0147242660832,47.3095112979506,0.018399268757467557,-19.27798359175131,-5.477137593471131,-13.800845998280177,-0.007952637967935328,-0.03044173020114216,2.7342338936633146,-0.012707254851234799,-0.0011619576452291261,118.599853515625,2296.60009765625
2026-07-03,2271.0,2331.0,2268.0,2296.60009765625,2236.63671875,1356520,0.022802261307242944,2272.630017089844,2250.427998046875,2254.300878353528,2269.135719300992,48.62540816080806,0.01912198859007477,-12.943184175024726,-6.97034690978185,-5.972837265242876,0.014668285210280851,-0.014334722035944214,0.5258530703333093,0.01054728679378279,0.02051703038241939,51.2001953125,2307.199951171875
2026-07-06,2318.89990234375,2320.0,2276.60009765625,2307.199951171875,2246.959716796875,509967,0.004615454613296599,2271.285009765625,2251.2739990234377,2259.3388852886087,2270.628434276321,47.87052633767962,0.019150784409414666,-6.986949204263055,-6.9736673686780914,-0.013281835584963986,0.045022148811216134,-0.01152484698980405,-0.6240623064901365,0.01581260883237018,0.02484191270040741,10.599853515625,2374.60009765625
2026-07-07,2328.0,2403.0,2313.60009765625,2374.60009765625,2312.60009765625,1240074,0.029212962860085456,2272.9900146484374,2253.36,2270.3161436093365,2274.7057544088675,53.28245825496214,0.020262363022944777,3.1358898707767366,-4.951755920787126,8.087645791563862,0.09853811545944535,0.01456957814836568,1.4316749907346944,0.044703268537468074,0.053804140330994545,67.400146484375,2241.89990234375
2026-07-08,2323.0,2325.0,2232.300048828125,2241.89990234375,2241.89990234375,690474,-0.05588317605287563,2270.1950073242188,2253.1839990234375,2267.609834917376,2273.419250406314,42.749947852377744,0.023607460662227273,0.4453819431496413,-3.872328347999773,4.317710291149414,0.054118793903096485,-0.02432768095417359,-0.4431993574577001,-0.012463733242819072,-0.005008067110621337,-132.7001953125,2261.300048828125
2026-07-09,2241.0,2274.0,2194.300048828125,2261.300048828125,2261.300048828125,323700,0.008653440086282771,2269.370007324219,2252.8760009765624,2267.008902908876,2272.943987599326,49.48624878465824,0.023627052119679377,-0.1200514081538131,-3.1218729600305815,3.0018215518767684,0.007081209217021156,-0.007243831612212315,-0.5311916161940928,-0.0035560347012821864,0.003739241683923566,19.400146484375,2321.89990234375
2026-07-10,2292.199951171875,2363.0,2292.0,2321.89990234375,2321.89990234375,664698,0.026798678727765424,2271.9450073242188,2253.78,2272.2366171407684,2274.8638273932256,53.2084595451353,0.024360088482976255,4.272489709970614,-1.6430004260303424,5.915490136000956,0.011016199430331497,0.02268322860075722,1.0534383688600557,0.02198772191161686,0.03022473459865195,60.599853515625,2390.39990234375
2026-07-13,2322.0,2410.0,2300.199951171875,2390.39990234375,2390.39990234375,682431,0.029501702433793797,2275.9800048828124,2256.05599609375,2283.4902633505762,2279.394653861874,60.65165294356441,0.024925052479381347,13.129637426905902,1.3115271445569066,11.818110282348995,0.03606100595209183,0.0349395821439622,0.026678280963685852,0.05027280433723711,0.05954812579236066,68.5,2372.300048828125
2026-07-14,2400.0,2422.300048828125,2359.199951171875,2372.300048828125,2372.300048828125,366125,-0.007571893513666272,2278.235009765625,2259.30599609375,2291.9483381579616,2283.03800268408,58.10495559379399,0.024977234389599107,18.4755097175389,4.744323659153305,13.731186058385592,-0.0009686047054386915,0.019379554229338902,-0.4634988738788244,0.04128855831786076,0.050012726443313726,-18.099853515625,2339.199951171875
2026-07-15,2350.0,2368.89990234375,2324.0,2339.199951171875,2339.199951171875,245735,-0.013952745004832234,2278.185009765625,2261.7199951171874,2296.4484917783343,2285.240432036542,55.287391438661885,0.025180274794759303,19.812860448817446,7.758031017086133,12.054829431731314,0.043400710587660374,-0.00042731391371031435,-0.3288221235916695,0.026782259186459535,0.034257094698706546,-33.10009765625,2352.0
2026-07-16,2359.0,2392.0,2345.5,2352.0,2352.0,311584,0.00547197721242787,2278.9550048828123,2264.8979931640624,2301.7391116089693,2287.858454309619,56.07182605518193,0.025202417335397312,21.655941293529395,10.537613072374786,11.11832822115461,0.040109648968909895,0.00659073084829398,0.2679675259934482,0.03205196897730931,0.03845736412802241,12.800048828125,2394.199951171875
2026-07-17,2385.0,2407.89990234375,2352.800048828125,2394.199951171875,2394.199951171875,704251,0.017942156110491103,2285.290002441406,2268.4979931640623,2310.5449058530558,2292.0287090885313,63.013114459038796,0.024433214016207593,26.21953701983739,13.673997861867306,12.545539157970083,0.031138314255125588,0.05587649445286669,1.2602283814316526,0.047656948839805396,0.05541197672936255,42.199951171875,2413.39990234375
2026-07-20,2402.10009765625,2458.60009765625,2398.0,2413.39990234375,2413.39990234375,662456,0.00801935993795233,2291.9549926757813,2272.7419921875,2320.3406198045504,2296.788363725991,68.26753724099918,0.024452941521851977,31.027825650800423,17.14476341965393,13.883062231146493,0.00962182100888187,0.05846225997907761,-0.05934673859178052,0.05298747578205528,0.06188907964025773,19.199951171875,2380.10009765625
2026-07-21,2413.300048828125,2450.0,2375.199951171875,2380.10009765625,2380.10009765625,168717,-0.013797881012243884,2298.7299926757814,2277.413994140625,2326.0319986475697,2300.0554905467857,68.41646552369889,0.024384754495690778,31.785015222485526,20.07281378022025,11.712201442265275,0.0032879689194367234,0.06036710064366724,-0.7453159153211685,0.03539785239664083,0.04508890512652405,-33.2998046875,2273.800048828125
2026-07-22,2355.10009765625,2363.5,2265.10009765625,2273.800048828125,2273.800048828125,434670,-0.04466200767471984,2299.364990234375,2279.98599609375,2321.057527236194,2299.0258653813485,52.10246819105717,0.02659425091809126,23.53625654480993,20.765502333138187,2.7707542116717434,-0.027958235169672663,0.0056167133799336355,1.576326037091698,-0.011118261569966826,-0.002713151429975181,-106.300048828125,2232.39990234375
2026-07-23,2282.800048828125,2285.89990234375,2211.10009765625,2232.39990234375,2232.39990234375,559481,-0.018207470136044623,2297.814990234375,2282.3319921875,2312.613943913104,2296.413082517129,45.177269689520365,0.026924411618874704,13.50275864138439,19.312953594787427,-5.8101949534030375,-0.050850381656568855,-0.013696209833666373,0.2871396691743162,-0.028468387650283606,-0.02187766285302454,-41.400146484375,2288.10009765625
2026-07-24,2247.0,2340.0,2192.10009765625,2288.10009765625,2288.10009765625,2105429,0.02495081425779566,2299.05,2286.4299951171874,2310.279291888641,2296.0870831108205,48.65626553359654,0.027512813441889317,9.931198842929462,17.436602644415835,-7.5054038014863735,-0.044315368674071265,0.010912872836533749,2.7631823064590217,-0.004762794347121716,0.000730441143017351,55.7001953125,2332.699951171875
2026-07-27,2332.10009765625,2368.5,2316.39990234375,2332.699951171875,2332.699951171875,726071,0.01949209021113618,2305.2949951171877,2290.113994140625,2312.414592772759,2297.522881858313,46.95448920177496,0.027127383806041027,10.577615248886104,16.06480516530989,-5.487189916423784,-0.03343828393027781,0.05657210779121291,-0.6551434410754293,0.011887830456723918,0.018595562116212726,44.599853515625,2413.5
2026-07-28,2374.699951171875,2449.89990234375,2368.5,2413.5,2413.5,1377173,0.03463799482120855,2317.889990234375,2293.973994140625,2322.0417744134484,2302.071004138379,63.49057371511399,0.02738069674698088,17.409112165780698,16.33366656540405,1.0754456003766464,0.014032982216436896,0.11653399841019474,0.8967470123445227,0.0412487262848731,0.05210434214366587,80.800048828125,2361.300048828125
2026-07-29,2455.0,2472.0,2345.0,2361.300048828125,2361.300048828125,847189,-0.02162832035296247,2329.614990234375,2296.6399951171875,2325.7806576910366,2304.3937117732708,57.476078738294895,0.02764101766222696,18.39893145543965,16.746719543411174,1.652211912028477,0.03848183574676933,0.11025954232472879,-0.3848347302771692,0.013600985023951219,0.028154196499411827,-52.199951171875,2346.699951171875
2026-07-30,2346.10009765625,2420.0,2337.300048828125,2346.699951171875,2346.699951171875,1000809,-0.006183075998112075,2334.6799926757812,2299.0219921875,2327.7729713558783,2306.052779984981,51.991012113341135,0.02507669779929699,17.80007631144963,16.957390897018865,0.8426854144307647,0.05120052581444923,0.04511447992956086,0.18132907769104656,0.005148439415166981,0.02073836576874578,-14.60009765625,2342.300048828125
2026-07-31,2324.60009765625,2351.800048828125,2222.300048828125,2342.300048828125,2342.300048828125,568913,-0.0018749317915793817,2336.964990234375,2301.4199951171877,2329.156502543711,2307.4742415082414,45.6953769715985,0.024628832752238605,16.777048575073422,16.921322432629776,-0.14427385755635314,0.023687753532895428,0.019898958995304916,-0.43154687857523266,0.0022829005209936996,0.017762969730718673,-4.39990234375,2429.0
2026-08-03,2361.0,2429.0,2339.89990234375,2429.0,2429.0,423329,0.03701487826687777,2343.0549926757812,2305.1199951171875,2338.665407063358,2312.239957527526,54.51936447939049,0.025893088859012123,22.70057510216384,18.07717296653659,4.6234021356272486,0.04128265565391165,0.0527912844165328,-0.25589852930061363,0.03668074697046231,0.05374123913081354,86.699951171875,2380.0
2026-08-04,2429.39990234375,2441.800048828125,2375.39990234375,2380.0,2380.0,244238,-0.02017291066282423,2343.324987792969,2307.413994140625,2342.602034962086,2314.897214095074,53.17164582753695,0.025604589140008543,23.173986767523274,19.09653572673393,4.077451040789345,-0.013880256888336495,0.0022740259924523,-0.4230539367725812,0.01565084330943488,0.03145772975447729,-49.0,2460.0
2026-08-05,2403.800048828125,2484.0,2390.699951171875,2460.0,2460.0,858129,0.03361344537815136,2354.2299926757814,2311.95599609375,2353.782793537125,2320.587519424679,57.60135239628318,0.022925794483197058,29.662568707420178,21.20974232287118,8.452826384548999,0.041798987477621896,0.09728360192542129,2.5134950335328656,0.04492764413556809,0.06403409241195906,80.0,2421.89990234375
2026-08-06,2456.800048828125,2458.0,2395.800048828125,2421.89990234375,2421.89990234375,179783,-0.015487844575711396,2362.2599853515626,2315.73599609375,2360.2701372329943,2324.5605540489564,51.96091952831053,0.023349511633443395,31.368856525844876,23.241565163465918,8.127291362378958,0.03204497922042493,0.07102102774855235,-0.7904942030860163,0.025246974237389672,0.04584456364157234,-38.10009765625,2475.0
2026-08-07,2415.0,2498.0,2405.10009765625,2475.0,2475.0,608641,0.021924976174640065,2369.914990234375,2319.807998046875,2371.196790829852,2330.4601401646837,54.16104305607779,0.02312000790636539,36.58411709091115,25.910075548954968,10.674041541956182,0.0566536944053202,0.06593742370276567,2.3854202010201186,0.04434125704873166,0.06689864078569703,53.10009765625,2508.0
2026-08-10,2487.39990234375,2518.699951171875,2480.0,2508.0,2508.0,598933,0.01333333333333342,2375.7949951171877,2323.757998046875,2384.2256678936756,2337.422487609206,58.64304871063197,0.02243367749055481,42.885713065354594,29.305203052234894,13.5805100131197,0.032523672293124806,0.04919683001197628,-0.01595028925097064,0.05564663834822634,0.07928622606484022,33.0,2530.0
2026-08-11,2519.0,2540.800048828125,2498.5,2530.0,2530.0,536301,0.00877192982456143,2383.6799926757812,2326.6039990234376,2398.108937618087,2344.974546918649,69.53933935342987,0.022339472209809867,49.08912058874603,33.26198655953712,15.827134029208906,0.06302521008403361,0.06647555027863183,-0.10457263166330788,0.061384081661048966,0.08742183932544398,22.0,2537.60009765625
2026-08-12,2536.0,2540.10009765625,2472.0,2537.60009765625,2537.60009765625,366804,0.0030039911684782705,2393.6,2331.5860009765624,2411.393810002674,2352.5284900848296,74.54165740702204,0.021962415602480814,53.996195577215985,37.4088283630729,16.587367214143086,0.03154475514481714,0.08481538586942161,-0.31604826394133145,0.06016046860638791,0.08835792314476092,7.60009765625,2541.0
2026-08-13,2526.10009765625,2541.0,2496.10009765625,2541.0,2541.0,306155,0.0013398101406483232,2403.05,2336.0880029296877,2423.737256669086,2359.919529689346,72.20367887126866,0.021970325543881737,57.49664601922541,41.42639189430341,16.070254124922002,0.04917630887263047,0.0803571428571428,-0.16534443462993864,0.057406212937724896,0.08771587235298164,3.39990234375,2545.0
2026-08-14,2537.0,2556.89990234375,2501.0,2545.0,2545.0,370677,0.0015741833923652582,2410.5900024414063,2340.3880029296874,2435.2860893672682,2367.1775873485876,70.06995557094224,0.021731177553035937,59.903020057616686,45.121717526966066,14.78130253065062,0.028282828282828243,0.06298557008754169,0.2107494569744084,0.055758132831574596,0.08742652791510645,4.0,2510.0
2026-08-17,2535.199951171875,2546.0,2482.0,2510.0,2510.0,383371,-0.013752455795677854,2415.4200073242187,2343.9060009765626,2442.4016999037185,2372.778466276094,59.98757819219741,0.022024765579809032,58.313677551426736,47.760109531858205,10.55356801956853,0.0007974481658692412,0.04002656068827948,0.034245448193440664,0.039156748055820007,0.07086205630867286,-35.0,2432.0
2026-08-18,2504.39990234375,2504.39990234375,2432.0,2432.0,2432.0,504720,-0.03107569721115533,2418.015002441406,2345.7360009765625,2441.41106181765,2375.1008793633064,56.9463480861904,0.023002219860794895,50.18170063003663,48.24442775149389,1.9372728785427427,-0.03873517786561265,0.021805764553708196,0.3165315060346243,0.005783668647412712,0.03677481139715832,-78.0,2424.5
2026-08-19,2449.5,2472.5,2385.0,2424.5,2424.5,438635,-0.003083881578947345,2425.55,2348.27,2439.8004845016835,2377.038099780432,57.75209657809069,0.02035302623774051,42.640331809801864,47.123608563155486,-4.483276753353621,-0.044569708899645066,0.06627669449191154,-0.13093398319860516,-0.00043289150914233135,0.03246219557376282,-7.5,2430.0
2026-08-20,2452.10009765625,2468.699951171875,2415.300048828125,2430.0,2430.0,422908,0.00226850897092179,2435.4300048828127,2351.3139990234376,2438.867105025333,2379.1150370439445,58.71941992709281,0.019713355453764236,36.68466869640088,45.035820589804565,-8.351151893403689,-0.04368358913813464,0.0885146507347514,-0.035854411982627954,-0.002229587740943498,0.03346469293732896,5.5,2430.0
2026-08-21,2432.0,2436.699951171875,2386.39990234375,2430.0,2430.0,241512,0.0,2442.525,2354.5060009765625,2438.022618832444,2381.1105257873196,50.120134494320595,0.019127373569199753,31.60049196998807,42.34875486584127,-10.748262895853202,-0.04518664047151277,0.06201647493005269,-0.4289254400484266,-0.0051278901955968065,0.03206362565740981,0.0,2427.0
2026-08-24,2430.0,2461.800048828125,2418.0,2427.0,2427.0,188790,-0.0012345679012345512,2447.2400024414064,2356.852001953125,2436.9728456103066,2382.9101130113463,56.34791669414511,0.018755261516817112,27.017726820006374,39.282549256674294,-12.26482243666792,-0.03306772908366529,0.04042528006259505,-0.21829971181556196,-0.008270542497349943,0.029763429349294362,-3.0,2431.89990234375
2026-08-25,2436.699951171875,2443.60009765625,2400.5,2431.89990234375,2431.89990234375,78365,0.002018913203028383,2448.1599975585937,2358.9460009765626,2436.4897081563486,2384.8312812204604,45.23888709637388,0.01712915231297091,23.510222381544736,36.12808388164839,-12.61786150010365,-4.1158575760702476e-05,0.007623742425419522,-0.5849091583240638,-0.0066417616622520175,0.03092648213947491,4.89990234375,2400.0
2026-08-26,2415.60009765625,2452.0,2385.800048828125,2400.0,2400.0,378910,-0.01311727604948143,2450.0949951171874,2360.142001953125,2433.0144978557437,2385.426132937305,46.209776783224356,0.016648976452695672,17.949533276906095,32.49237376069993,-14.542840483793832,-0.010105176325015508,0.01638925607572883,3.835194283162126,-0.020446144013608492,0.016887966068944386,-31.89990234375,2413.60009765625
2026-08-27,2391.199951171875,2419.199951171875,2385.300048828125,2413.60009765625,2413.60009765625,136275,0.005666707356770884,2453.4400024414062,2361.682001953125,2431.165507360554,2386.5309942988324,37.690471855293275,0.01659274767346454,14.473223013350434,28.88854361123003,-14.415320597879596,-0.006748931005658432,0.028508180797023996,-0.6403499511757409,-0.016238385591460052,0.021983525157149995,13.60009765625,2455.0
2026-08-28,2426.300048828125,2482.0,2425.10009765625,2455.0,2455.0,956656,0.017152759640651327,2459.075,2365.432001953125,2433.435459040501,2389.2160533459373,39.72070594385329,0.016928939971762633,14.887237403931067,26.08828236977024,-11.201044965839174,0.010288065843621297,0.04811507869295384,6.0200403595670515,-0.0016571271718023315,0.0378653869453525,41.39990234375,2427.39990234375
2026-08-31,2443.699951171875,2443.699951171875,2387.10009765625,2427.39990234375,2427.39990234375,354361,-0.011242402303971444,2458.9949951171875,2368.377998046875,2432.860644117001,2390.713459188989,30.523892236992594,0.015087753407664061,12.840235333899273,23.438672962596048,-10.598437628696775,0.000164772288318904,-0.000658747491251499,-0.6295836748005552,-0.012848782871122429,0.024920812617558782,-27.60009765625,2505.5
2026-09-01,2422.699951171875,2523.0,2407.10009765625,2505.5,2505.5,932222,0.032174384443552695,2465.2699951171876,2373.59599609375,2439.77867801062,2395.21489216197,45.1931555788233,0.01590851876266163,17.320338535553674,22.215006077187574,-4.8946675416339005,0.030264443690843468,0.052731092436974825,1.6307127477346546,0.016318701384632744,0.05557137951164642,78.10009765625,2480.0
2026-09-02,2505.5,2515.0,2428.0,2480.0,2480.0,900566,-0.01017760925962885,2466.2699951171876,2377.973994140625,2443.6092801048467,2398.539798351697,41.432584269662925,0.014367700001579628,18.598820092000096,21.49176888015008,-2.892948788149983,0.03333333333333344,0.008130081300812941,-0.03395757662874299,0.005567113458784147,0.042904592779722986,-25.5,2471.0
2026-09-03,2481.199951171875,2489.300048828125,2432.0,2471.0,2471.0,408569,-0.003629032258064546,2468.725,2382.12599609375,2446.2179200948613,2401.3813748869247,39.75069252077562,0.01391047111290905,18.67057834742718,20.9275307736055,-2.2569524261783194,0.023781861129144266,0.020273380253549744,-0.5463197589071762,0.0009215283192741561,0.037308691501619584,-9.0,2422.0
2026-09-04,2482.0,2502.699951171875,2417.300048828125,2422.0,2422.0,160732,-0.019830028328611915,2466.075,2385.297998046875,2443.9114515143983,2402.189948420771,38.266666666666666,0.013752295537140882,14.605197170369593,19.66306405295832,-5.057866882588726,-0.01344195519348268,-0.02141414141414144,-0.606597661594492,-0.017872530235292852,0.015386757538545437,-49.0,2369.10009765625
2026-09-07,2409.89990234375,2409.89990234375,2340.300048828125,2369.10009765625,2369.10009765625,382610,-0.021841413023843903,2459.1300048828125,2388.5239990234377,2436.786560670765,2400.8923072143193,41.01172907988474,0.014069399891337321,7.033693244451115,17.137189891256877,-10.103496646805763,-0.02401738775354212,-0.05538273618171852,1.3804220690341689,-0.036610470795688084,-0.00813217760220507,-52.89990234375,2355.0
2026-09-08,2374.0,2374.0,2335.10009765625,2355.0,2355.0,346120,-0.00595166817569226,2450.3800048828125,2392.3919970703123,2428.9973644164065,2399.092608892189,40.252454417952315,0.013817703078387826,-0.10334688939610714,13.689082535126282,-13.792429424522389,-0.06006785072839749,-0.06916996047430835,-0.09537126577977573,-0.03892457687899472,-0.015629544454295943,-14.10009765625,2307.5
2026-09-09,2325.699951171875,2326.60009765625,2286.800048828125,2307.5,2307.5,288892,-0.02016985138004246,2438.875,2396.00599609375,2417.4261868529393,2395.500741876809,34.629861982434136,0.014210800452772293,-9.483041046805283,9.054657818739969,-18.537698865545252,-0.06955645161290325,-0.09067626450234323,-0.16534150005778347,-0.053867049356773104,-0.03693897103681835,-47.5,2291.699951171875
2026-09-10,2320.0,2329.0,2290.199951171875,2291.699951171875,2291.699951171875,454003,-0.006847258430390024,2426.4099975585937,2396.9319970703127,2405.452259645219,2391.4301226334783,33.30919230889354,0.014147088289520146,-17.984138187225653,3.646898617546845,-21.6310368047725,-0.0725617356649636,-0.09811099914526766,0.5715319219639172,-0.055518253931636154,-0.043902808267843735,-15.800048828125,2295.0
2026-09-11,2275.0,2309.199951171875,2273.300048828125,2295.0,2295.0,184932,0.0014400003920398419,2413.9099975585937,2396.8999951171877,2394.9329968218644,2387.6485491968715,34.08104571776502,0.014143810479675742,-24.17634272762234,-1.917749651486992,-22.258593076135348,-0.05243600330305531,-0.0982318271119843,-0.5926634846025247,-0.04926032771679894,-0.04251324432590926,3.300048828125,2295.0
2026-09-14,2295.0,2295.0,2295.0,2295.0,2295.0,0,0.0,2403.1599975585937,2396.65599609375,2385.4155685531155,2384.0152727577783,33.292673043598484,0.014032916677234284,-28.75227115411417,-7.284653952012428,-21.467617202101742,-0.03127774032408226,-0.08565737051792832,-1.0,-0.04500740594403828,-0.04241576440650506,0.0,2378.0
2026-09-15,2353.0,2461.10009765625,2353.0,2378.0,2378.0,1176828,0.03616557734204795,2400.459997558594,2396.723994140625,2384.7093239290093,2383.779379708454,47.61284873993212,0.015296947668310329,-25.388656432372954,-10.905454448084534,-14.48320198428842,0.009766454352441611,-0.022203947368421018,inf,-0.00935653898895918,-0.007812328072152016,83.0,2316.699951171875
2026-09-16,2379.0,2393.89990234375,2316.699951171875,2316.699951171875,2316.699951171875,158994,-0.025777985209472276,2395.0699951171873,2398.2199951171874,2378.2322408092823,2381.14881388349,40.47196657219526,0.016269522672211233,-27.35404872006302,-14.195173302480232,-13.158875417582788,0.003986977755958909,-0.044462795969529845,-0.8648961445512853,-0.03272140025347267,-0.03399189570234944,-61.300048828125,2300.39990234375
2026-09-18,2322.89990234375,2327.89990234375,2275.0,2300.39990234375,2300.39990234375,650262,-0.007035891212360035,2388.589990234375,2399.0019921875,2370.819637145898,2377.9821899015396,34.00910501371712,0.01626965718856727,-29.882447726963164,-17.33262818737682,-12.549819539586345,0.0037962871917094354,-0.05333337352109058,3.089852447262161,-0.03692140059666392,-0.04110129552407789,-16.300048828125,
