Date,Open,High,Low,Close,Adj Close,Volume,Daily_Return,SMA_20,SMA_50,EMA_20,EMA_50,RSI_14,Volatility_20,MACD,MACD_Signal,MACD_Histogram,Return_5D,Return_20D,Volume_Change,Price_vs_SMA20,Price_vs_SMA50,Price_Change,Target
2024-11-29,6769.89990234375,6779.2998046875,6654.2998046875,6670.75,6479.92724609375,144216,-0.012764540476542852,6763.092504882812,7204.877998046875,6782.827295592396,7068.217130483938,35.8102651758586,0.021792373382929064,-146.8493714201968,-184.43636245344985,37.58699103325304,0.012798973982600659,-0.06059005773834669,0.7783367860313701,-0.013653887598926492,-0.07413421826041589,-86.25,6712.9501953125
2024-12-02,6670.75,6775.0,6613.0,6712.9501953125,6520.92041015625,101706,0.006326154527227068,6747.647509765625,7186.347001953125,6776.172333660977,7054.285093810548,42.69455318099015,0.021794256077937415,-135.25971108720023,-174.60103218019995,39.34132109299972,-0.011551330824176143,-0.04399124134633048,-0.2947661840572474,-0.005142135003778525,-0.06587447092548745,42.2001953125,7098.5498046875
2024-12-03,6750.0498046875,7178.0,6740.0,7098.5498046875,6895.48974609375,1080035,0.057441154508230285,6747.2,7177.855,6806.874949949217,7056.020964825329,68.75715067124905,0.02539762703597961,-93.87798886947076,-158.45642351805412,64.57843464858337,0.0573151822286353,-0.0012592606841365095,9.619186675319057,0.05207342374429396,-0.01104859255480914,385.599609375,7138.9501953125
2024-12-04,7124.25,7199.0,7060.39990234375,7138.9501953125,6934.734375,248591,0.005691358338899333,6752.392504882812,7163.446005859375,6838.501163793339,7059.2730915111015,67.25385132851171,0.0253023978746871,-57.16375381860507,-138.1978895781643,81.03413575955923,0.056839407152109445,0.014761708606086277,-0.7698306073414287,0.05724751488456259,-0.0034195568064362457,40.400390625,7367.75
2024-12-05,7200.0,7474.0,7151.0,7367.75,7156.98876953125,548868,0.03204950285795971,6769.2,7154.141005859375,6888.90581486064,7071.370225177333,82.3381416635489,0.026228142345625503,-9.495764686092116,-112.45746459974987,102.96169991365775,0.09038774604114241,0.04780560579032289,1.2079158135250272,0.08842256101164099,0.029858091134306073,228.7998046875,7396.4501953125
2024-12-06,7385.5498046875,7429.0,7324.4501953125,7396.4501953125,7184.86865234375,169740,0.0038953812646329578,6777.405004882812,7143.665009765625,6937.2433749036745,7084.118459300281,85.10478841034009,0.0255173056618197,30.248638558739003,-83.9162439680521,114.1648825267911,0.10878839640407745,0.022689733688283198,-0.6907453158136383,0.09133955990289705,0.035385923780203804,28.7001953125,7356.0
2024-12-09,7400.0,7460.0,7320.0,7356.0,7145.5751953125,130211,-0.005468866043083165,6786.957495117187,7134.2030078125,6977.124958246181,7094.7804805041915,81.81336161187699,0.025446342310602176,57.81590599276569,-55.56981397588855,113.38571996865424,0.09579242895866069,0.026664498632871236,-0.23287969836220102,0.08384353449866234,0.031089245980891682,-40.4501953125,7403.14990234375
2024-12-10,7325.0,7417.14990234375,7325.0,7403.14990234375,7191.37646484375,164865,0.00640972027511566,6810.075,7125.580009765625,7017.69876244595,7106.873399007704,81.20410489494273,0.02424829361455661,82.51656749137328,-27.952537682436187,110.46910517380947,0.04291018673350844,0.06661337463500971,0.2661372695087205,0.08708786648366577,0.0389540068594718,47.14990234375,7350.25
2024-12-11,7410.0,7415.0,7326.64990234375,7350.25,7139.98974609375,117885,-0.007145593840670816,6851.342504882812,7116.35701171875,7049.370308879668,7116.417579438776,81.20410489494273,0.019361375467430834,96.70864263817293,-3.020301618314363,99.7289442564873,0.02959816204156196,0.12649237689604753,-0.2849604221635884,0.07281893946502115,0.032866955367204076,-52.89990234375,7319.7001953125
2024-12-12,7360.0498046875,7448.9501953125,7286.5,7319.7001953125,7110.31396484375,236072,-0.004156294641338709,6885.552514648438,7108.26201171875,7075.116012349462,7124.3894467279415,78.01123959345261,0.019316803386455347,104.28867558280854,18.441493821910218,85.84718176089832,-0.006521638856842316,0.10311207826275348,1.0025618187216354,0.0630519743681352,0.029745412204160614,-30.5498046875,7364.39990234375
2024-12-13,7314.0,7414.0,7211.9501953125,7364.39990234375,7153.73486328125,170937,0.006106767468410101,6932.90751953125,7100.245009765625,7102.666859015584,7133.801621457974,74.94341785088159,0.017125515679903346,112.60476149254828,37.27414735603783,75.33061413651045,-0.00433319932162346,0.14758545283554358,-0.27591158629570645,0.062238300683646566,0.037203630609198506,44.69970703125,7357.0
2024-12-16,7372.5,7424.35009765625,7317.35009765625,7357.0,7146.54638671875,76612,-0.0010048208193303987,6982.030029296875,7095.58701171875,7126.889062918862,7142.5544990478575,79.82567037664255,0.016932888631702274,117.24666267084831,53.268650418999925,63.978012251848384,0.00013594344752587695,0.1541207183901927,-0.5518114861030672,0.05370500687188914,0.03684162957194557,-7.39990234375,7273.64990234375
2024-12-17,7352.0,7400.0,7232.60009765625,7273.64990234375,7065.5810546875,135615,-0.011329359474819944,7022.912524414062,7089.5380078125,7140.866285721232,7147.695495255539,73.144720333676,0.017376590144811997,112.8983248901477,65.19458531322948,47.703739576918224,-0.017492554076069977,0.12664961312635525,0.7701535007570615,0.03570276250174528,0.02596951935773011,-83.35009765625,7230.5498046875
2024-12-18,7265.0,7363.5,7214.5498046875,7230.5498046875,7023.71337890625,159943,-0.005925511708002595,7056.990014648438,7085.536005859375,7149.40757324183,7150.944683860715,70.38439517515576,0.017460896333360086,104.76673251513967,73.10901475361152,31.657717761528147,-0.016285186940920404,0.10406929373759355,0.1793901854514619,0.024594025169200763,0.02046617203105113,-43.10009765625,7235.2998046875
2024-12-19,7150.0,7308.39990234375,7095.0498046875,7235.2998046875,7028.32763671875,134846,0.0006569348290665911,7093.95,7079.24,7157.587785760465,7154.252727814706,76.13535978791487,0.017221443391967718,97.58082130947514,78.00337606478425,19.577445244690892,-0.011530580265985413,0.11379130492431111,-0.15691214995342095,0.019925401882942534,0.022044711676324043,4.75,6921.60009765625
2024-12-20,7301.0498046875,7325.0,6900.0,6921.60009765625,6723.60205078125,258016,-0.04335683599842188,7110.707495117187,7065.386005859375,7135.112767845778,7145.129095259474,57.71891561080979,0.02025101604200174,65.81432369217964,75.56556559026333,-9.751241898083691,-0.06012707220673574,0.05088475467138154,0.913412337036323,-0.0265947372453155,-0.020350750558268422,-313.69970703125,6900.75
2024-12-23,7037.7001953125,7037.7001953125,6825.0,6900.75,6703.34765625,113431,-0.0030123233590612086,7116.175,7048.215009765625,7112.792504241418,7135.54560132773,39.97771362803728,0.0191356666499418,38.512765646880325,68.15500560158674,-29.64223995470641,-0.06201576729645231,0.016101260304007825,-0.5603722249782959,-0.030272583234673148,-0.020922319986167476,-20.85009765625,6857.75
2024-12-24,6930.0,7015.0,6828.0498046875,6857.75,6661.578125,150784,-0.006231206752889129,7123.375,7031.86701171875,7088.502741932712,7124.6516561776225,35.78934900729905,0.01899299963995383,13.253564720826944,57.174717425434785,-43.92115270460784,-0.057178982756612595,0.021448519828709767,0.3293015136955506,-0.0372892063102111,-0.024761135474914518,-43.0,6896.2001953125
2024-12-26,6865.0,6918.5,6764.39990234375,6896.2001953125,6698.9287109375,122161,0.005606823712223319,7130.435009765625,7018.321015625,7070.188213683168,7115.692775359383,20.493090548221943,0.01898606351045177,-3.620193241560628,45.01573529203571,-48.635928533596335,-0.04624124283857978,0.020903063702812696,-0.1898278331918506,-0.032850003419472217,-0.017400289904183668,38.4501953125,6886.35009765625
2024-12-27,6920.0,6974.7998046875,6831.0,6886.35009765625,6689.35986328125,89937,-0.0014283369648905309,7136.902514648437,7006.666015625,7052.679821680605,7106.698944861221,17.309645654877272,0.01899431842762228,-17.584880993884326,32.4956120348517,-50.08049302873603,-0.04822878338851666,0.01914312530061424,-0.26378304041388,-0.035106604928108576,-0.017171635939324522,-9.85009765625,6925.5498046875
2024-12-30,6881.0,6965.7001953125,6814.0498046875,6925.5498046875,6727.4384765625,112066,0.00569237788891841,7149.642504882812,6997.16701171875,7040.572201014595,7099.595057011272,22.3698166099162,0.018730871548683876,-25.198436011088233,20.956802425663717,-46.15523843675195,0.0005706349652572218,0.03819657530075338,0.24605001278672844,-0.031343203529724646,-0.010235171879034208,39.19970703125,6796.5498046875
2024-12-31,6906.2998046875,6925.5498046875,6724.10009765625,6796.5498046875,6602.12841796875,104133,-0.018626679994805273,7153.822485351562,6985.796005859375,7017.331972792967,7087.710929469164,14.7653009188748,0.019254140032185285,-41.166908619881724,8.532060216554628,-49.69896883643635,-0.015099836294967917,0.01245348273749669,-0.07078864240715288,-0.04994150768985772,-0.027090141340105553,-129.0,6743.75
2025-01-01,6810.5,6840.0,6711.60009765625,6743.75,6550.83935546875,91883,-0.007768618814664507,7136.082495117187,6974.097001953125,6991.276546812684,7074.222265568413,14.767018094844758,0.013946166749092747,-57.420631879678695,-4.658478202692036,-52.76215367698666,-0.016623528125113918,-0.04998201244614908,-0.11763802060826056,-0.05497869389621516,-0.03302893577313528,-52.7998046875,6705.25
2025-01-02,6743.75,6779.9501953125,6508.2001953125,6705.25,6513.4404296875,381285,-0.005708989805375375,7114.397485351563,6960.017998046875,6964.035923306714,7059.752764957887,14.631864975373716,0.013827628140179156,-72.57188934100486,-18.241160430354604,-54.33072891065026,-0.027689189684819926,-0.06075125661995395,3.149679483691216,-0.05750978718774027,-0.03660450276398249,-38.5,6647.5498046875
2025-01-03,6710.0,6759.7998046875,6607.0,6647.5498046875,6457.39111328125,227250,-0.008605226548227152,7078.387475585938,6950.438994140625,6933.894388200121,7043.5879429865,9.346102361572392,0.011121673257017232,-88.21836715653353,-32.23660177559039,-55.981765380943145,-0.034677338442323014,-0.09775035734281157,-0.40398914198040836,-0.060866641220820396,-0.04357842572367984,-57.7001953125,6486.4501953125
2025-01-06,6690.0,6710.89990234375,6470.14990234375,6486.4501953125,6300.8994140625,175457,-0.024234434356761203,7032.887475585938,6935.825,6891.2806555441575,7021.73940386203,7.95865489276531,0.01169226466437847,-112.32291699455163,-48.25386481938264,-64.06905217516899,-0.06340285201296203,-0.12303199182990676,-0.22791199119911987,-0.0776974297072643,-0.06479038970670394,-161.099609375,6542.35009765625
2025-01-07,6540.0,6577.75,6422.5,6542.35009765625,6355.20068359375,208512,0.008617949827803617,6992.20498046875,6927.34400390625,6858.049173840547,7002.939823226508,13.721587963828696,0.012170667598457861,-125.46896335310339,-63.696884526126794,-61.772078826976596,-0.03740128658454489,-0.1106103728036637,0.18839373749693666,-0.06433662686793008,-0.05557597630966589,55.89990234375,6473.5
2025-01-08,6575.0,6591.85009765625,6338.0,6473.5,6288.31982421875,380865,-0.01052375623874291,6945.722485351563,6917.001005859375,6821.42544299859,6982.177477217626,13.379759404491637,0.011863742635506637,-139.83104206980988,-78.92371603486342,-60.907326034946465,-0.04007414272474519,-0.12557491265298215,0.826585520257827,-0.06798752560982298,-0.06411752802749147,-68.85009765625,6439.9501953125
2025-01-09,6525.0,6635.0,6425.0,6439.9501953125,6255.72998046875,346979,-0.005182637628408093,6900.207495117187,6904.600009765625,6785.094467028486,6960.913662240955,12.56999415413236,0.011867274796402613,-152.1662044916484,-93.57221372622041,-58.593990765427975,-0.03956598257894928,-0.12384610111050642,-0.08897115775931108,-0.06670195064864068,-0.06729568893142843,-33.5498046875,6000.60009765625
2025-01-10,5950.0,6200.0,5921.0,6000.60009765625,5828.94775390625,1431569,-0.06822259246291118,6834.252490234375,6883.8330078125,6710.380717564463,6923.254306767046,11.240623566718767,0.018168972187326327,-195.14428877202954,-113.88662873538223,-81.25766003664731,-0.09732152838855834,-0.1802123123158781,3.1258087665247754,-0.12198150328354863,-0.12830539456053977,-439.35009765625,5941.60009765625
2025-01-13,5975.0,6088.9501953125,5920.0,5941.60009765625,5771.6357421875,368080,-0.009832349938307727,6763.1125,6860.645009765625,6637.163515668442,6884.758063272505,10.890916033908326,0.017783514636642402,-231.29926319373044,-137.36915562705187,-93.93010756667857,-0.08399819334926695,-0.1931996936009257,-0.7428835075361369,-0.12146957519097164,-0.13395896607406185,-59.0,6084.7998046875
2025-01-14,5959.89990234375,6125.0,5959.89990234375,6084.7998046875,5910.73876953125,230728,0.02410120248377834,6699.502490234375,6841.90400390625,6584.557447955972,6853.387151171132,20.8639356717741,0.01931107817364925,-245.5665826134391,-159.00864102432934,-86.55794158910976,-0.06993668729722424,-0.1729237726400027,-0.3731580091284503,-0.09175348265679503,-0.110656945608488,143.19970703125,6115.75
2025-01-15,6093.89990234375,6135.0498046875,6026.60009765625,6115.75,5940.80322265625,119683,0.0050864771736052194,6641.607495117188,6822.06900390625,6539.9091195792125,6824.460204066382,20.413940725778986,0.019565932631622585,-251.4772408505214,-177.50236098956776,-73.97487986095365,-0.05526376766818564,-0.15919104134646977,-0.4812809888700115,-0.0791762379068306,-0.10353442679952647,30.9501953125,6184.25
2025-01-16,6140.0,6245.2001953125,6130.0,6184.25,6007.34423828125,144322,0.011200588644074694,6589.292504882813,6805.052001953125,6506.036822476431,6799.353921553975,24.51725662038696,0.020050752659141264,-247.77787347671892,-191.557463486998,-56.220409989720935,-0.03970530633895564,-0.1447054280725918,0.20586883684399626,-0.061469801891882524,-0.09122663600145127,68.5,6212.10009765625
2025-01-17,6190.0,6250.85009765625,6150.0,6212.10009765625,6034.3974609375,131996,0.004503391301491799,6538.13251953125,6788.662001953125,6478.042848684033,6776.324359832496,23.89021182032387,0.020152195216387014,-239.83416904345177,-201.21280459828876,-38.62136444516301,0.03524647477884901,-0.1414177345309664,-0.0854062443702277,-0.04986629146794581,-0.08493012380510262,27.85009765625,6199.7998046875
2025-01-20,6218.0,6229.0498046875,6121.4501953125,6199.7998046875,6022.44921875,91944,-0.0019800538908557597,6502.042504882813,6768.01099609375,6451.543511160554,6753.7155537483795,26.12139997295901,0.01830541871834078,-231.8585360172483,-207.34195088208068,-24.516585135167617,0.043456258042863016,-0.10428228773476256,-0.3034334373768902,-0.04648427013024582,-0.08395541788188593,-12.30029296875,6153.9501953125
2025-01-21,6220.2001953125,6275.0,6140.0,6153.9501953125,5977.9111328125,87671,-0.007395337078518915,6464.7025146484375,6747.79099609375,6423.201290603597,6730.195343613639,26.26750401989277,0.018302480137689005,-226.62507686119352,-211.19857607790325,-15.426500783290265,0.011364447943172928,-0.10822009269825739,-0.04647394065953192,-0.0480690826270506,-0.08800521550312106,-45.849609375,6167.35009765625
2025-01-22,6170.0,6178.0,6060.7001953125,6167.35009765625,5990.927734375,124965,0.0021774473173274966,6430.18251953125,6732.322001953125,6398.834510322897,6708.122981027075,27.909646075159642,0.018382330267823602,-218.87322831137953,-212.7335065245985,-6.139721786781024,0.008437247705718853,-0.10067440521216875,0.4253858174310776,-0.04087479959964813,-0.08391932295172015,13.39990234375,6353.9501953125
2025-01-23,6167.5,6425.0,6150.0,6353.9501953125,6172.18994140625,221641,0.030256122111044448,6403.07001953125,6728.9030078125,6394.55981365524,6694.233852175524,39.096860622914264,0.01990321279526546,-195.42008301559872,-209.27082182279858,13.85073880719986,0.027440707492824457,-0.07863025791632028,0.7736246148921697,-0.007671292687557726,-0.05572272509570519,186.60009765625,6372.7001953125
2025-01-24,6353.9501953125,6392.9501953125,6290.0,6372.7001953125,6190.4033203125,108179,0.002950920202968055,6377.387524414063,6723.64701171875,6392.477945241646,6681.624689161287,45.276358188957026,0.01995578189563217,-173.3223756412326,-202.0811325864854,28.7587569452528,0.025852786518498316,-0.07458957140714784,-0.5119179213232209,-0.0007349920455074339,-0.05219590139020971,18.75,6156.0498046875
2025-01-27,6319.9501953125,6327.5498046875,6128.14990234375,6156.0498046875,5979.95068359375,161634,-0.03399663941265574,6338.912524414062,6718.42201171875,6369.960979474584,6661.013909378002,35.84773556399013,0.02092511403992268,-171.31682551868198,-195.92827117292472,24.611445654242743,-0.007056679470024418,-0.11111031206203592,0.4941347211566016,-0.028847648397461557,-0.08370599614765492,-216.650390625,6125.39990234375
2025-01-28,6150.0,6203.89990234375,6078.0498046875,6125.39990234375,5950.17724609375,148138,-0.004978826246729184,6305.355029296875,6713.439013671875,6346.669448319266,6640.009438513914,36.87999125466482,0.02070131023191817,-170.23820352394887,-190.79025764312956,20.552054119180696,-0.00463934417124412,-0.09874861828877735,-0.08349728398727996,-0.028540046693166465,-0.08759133882509203,-30.64990234375,6173.85009765625
2025-01-29,6129.2001953125,6221.9501953125,6094.9501953125,6173.85009765625,5997.24169921875,143522,0.007909719542386284,6276.860034179687,6707.796015625,6330.210462541835,6621.728680048907,40.08199773385169,0.020886053369652054,-163.58811995871383,-185.34983010624643,21.761710147532597,0.0010539372497224697,-0.08450786318350323,-0.031160134469211176,-0.016411061575773933,-0.07960079834344808,48.4501953125,6135.7001953125
2025-01-30,6195.0,6215.9501953125,6090.0,6135.7001953125,5960.18310546875,138349,-0.00617927253501549,6248.382543945312,6699.53001953125,6311.685675186661,6602.668739471009,57.183880440455205,0.020888114748204692,-159.55698550102352,-180.19126118520185,20.634275684178334,-0.03434871116254734,-0.08494087538682371,-0.03604325469266034,-0.01803384281296948,-0.08415960859567878,-38.14990234375,6336.0
2025-01-31,6145.0,6350.0,6130.10009765625,6336.0,6154.75341796875,122121,0.0326449791077672,6232.8050537109375,6696.328017578125,6314.001325168883,6592.211141844695,68.23224236011009,0.022412838260875513,-138.60204405054174,-171.87341775826985,33.27137370772812,-0.005758970952296716,-0.04686686280527175,-0.1172975590716232,0.016556742173031942,-0.05380979196841156,200.2998046875,6381.25
2025-02-01,6370.0,6400.0,6269.0498046875,6381.25,6198.70849609375,80662,0.00714172979797989,6227.5450439453125,6692.224013671875,6320.405960867085,6583.938155890001,65.0688800684631,0.021877654778965014,-116.99515779673948,-160.89776576596378,43.902607969224306,0.0365819319949332,-0.016218454184466546,-0.3394911604064821,0.024681468374785354,-0.046467962374925065,45.25,6396.25
2025-02-03,6330.0,6420.0,6250.7001953125,6396.25,6213.27978515625,71348,0.002350636630754188,6220.2400390625,6684.321015625,6327.629202689268,6576.577836051178,64.49312511037667,0.021783580154083295,-97.5368263124592,-148.22557787526287,50.688751562803674,0.04421753713624721,-0.022331439845842183,-0.11546948997049411,0.02829632937510045,-0.043096526176946995,15.0,6371.10009765625
2025-02-04,6415.0,6467.0,6312.64990234375,6371.10009765625,6188.84912109375,87790,-0.003931976133476622,6215.120043945312,6677.468017578125,6331.769287924219,6568.519885525887,60.10710650272124,0.021679902906872852,-83.1864240395189,-135.21774710811408,52.031323068595185,0.03194926939915188,-0.015818321208581176,0.2304479452822783,0.025096869023936454,-0.04588085171136359,-25.14990234375,6384.5
2025-02-05,6371.10009765625,6443.9501953125,6345.0498046875,6384.5,6201.86572265625,66079,0.002103232116644982,6212.3475341796875,6670.058017578125,6336.791260502865,6561.303419426832,59.47356417445901,0.021659498970277594,-69.92629986048269,-122.15945765858781,52.233157798105125,0.04054953742322276,-0.008610345364605587,-0.24730607130652693,0.027711338567771297,-0.04281192409804709,13.39990234375,6421.89990234375
2025-02-06,6400.0,6478.14990234375,6372.0498046875,6421.89990234375,6238.19580078125,82289,0.005857921895802365,6233.412524414062,6663.356015625,6344.896845440092,6555.836614835339,61.87701677233914,0.014598926416947905,-55.756964777001485,-108.87895908227055,53.12199430526907,0.01355743408203125,0.07020961201064768,0.2453124290621831,0.03023823262000543,-0.03623641190941257,37.39990234375,6436.60009765625
2025-02-07,6421.89990234375,6455.25,6332.0498046875,6436.60009765625,6252.4755859375,64931,0.0022890726320936583,6258.162524414062,6658.673017578125,6353.630488508298,6551.160672985179,65.63588381948965,0.014264097312645593,-42.84756171200115,-95.67267960821668,52.82511789621553,0.008673864471106851,0.08331089131953862,-0.21093949373549326,0.028512773924626443,-0.03335092732975897,14.7001953125,6377.39990234375
2025-02-10,6415.0,6425.0,6335.25,6377.39990234375,6194.96875,60322,-0.009197432559785224,6272.792529296875,6651.96201171875,6355.894242206912,6544.346525116888,61.059322818224636,0.013741082008260519,-36.967588432875345,-83.93166137314842,46.96407294027307,-0.002947054548563588,0.04808705414282355,-0.07098304353852547,0.01667636424420381,-0.041275357389489606,-59.2001953125,6116.75
2025-02-11,6399.9501953125,6399.9501953125,6100.0,6116.75,5941.775390625,100616,-0.04087087313561111,6272.842529296875,6632.326015625,6333.118600091969,6527.578033935833,38.41456725325274,0.01678158721091517,-52.73207350448047,-77.69174379941482,24.959670294934355,-0.03992247708520835,0.00016351224297928013,0.6679818308411525,-0.024883859042827187,-0.07773683235871727,-260.64990234375,6154.0498046875
2025-02-12,6110.0,6170.0,6032.5,6154.0498046875,5978.0078125,130838,0.006097977633138463,6271.33251953125,6612.6280078125,6316.064429101067,6512.929868082958,39.5106552830415,0.016642841047491867,-61.506747491442184,-74.45474453782029,12.947997046378106,-0.036095261228365594,-0.0048834046670979125,0.30036972250934246,-0.018701402688900363,-0.06934885836360553,37.2998046875,6134.35009765625
2025-02-13,6199.9501953125,6199.9501953125,6082.0,6134.35009765625,5958.87158203125,135495,-0.003201096457855268,6267.44501953125,6587.960009765625,6298.758302296798,6498.083602576028,48.71644832723246,0.016619528991343356,-69.2520470735617,-73.41420504496858,4.162157971406884,-0.04477643829087952,-0.012515896198989851,0.03559363487671785,-0.021235913751175516,-0.06885438154405442,-19.69970703125,6174.0
2025-02-14,6145.0498046875,6225.0,6081.0498046875,6174.0,5997.38720703125,130626,0.0064635864781990016,6266.155029296875,6563.511005859375,6286.876559220913,6485.374441690694,52.84444203120133,0.016686997169416948,-71.36814944154867,-73.0049939242846,1.6368444827359383,-0.04079795135196762,-0.004161393190146745,-0.035934905347060786,-0.01470679050646082,-0.059344915474606574,39.64990234375,6146.85009765625
2025-02-17,6156.0,6176.35009765625,6042.85009765625,6146.85009765625,5971.01416015625,73576,-0.004397457457685494,6265.800024414062,6539.3280078125,6273.540705738564,6472.098977218755,48.379349840736886,0.01663115495283445,-74.37855633344407,-73.2797064061165,-1.0988499273275636,-0.03615106598580575,-0.0011537463630528766,-0.43674306799565166,-0.018983996663528305,-0.060018079791586944,-27.14990234375,6097.4501953125
2025-02-18,6146.85009765625,6175.64990234375,6045.0498046875,6097.4501953125,5923.02734375,72228,-0.008036620636411085,6262.305029296875,6513.214013671875,6256.770180936081,6457.4068681243925,47.73467312735176,0.016719768136496407,-79.83025130655733,-74.58981538620466,-5.240435920352667,-0.0031552384334000427,-0.01133386320493035,-0.01832119169294333,-0.02632494476285266,-0.06383389483082336,-49.39990234375,6017.60009765625
2025-02-19,6120.0,6130.7998046875,5967.14990234375,6017.60009765625,5845.46142578125,159802,-0.013095653937056473,6245.487524414062,6486.561015625,6233.992077766573,6440.159543792309,28.004959722493,0.015279389820164921,-89.56158420329393,-77.58416914962253,-11.977415053671407,-0.022172343637407166,-0.05293558925035102,1.2124660796367062,-0.03648833271493758,-0.07229731083067051,-79.85009765625,6023.64990234375
2025-02-20,6024.0,6080.0,5980.60009765625,6023.64990234375,5851.337890625,79633,0.001005351733136317,6228.035009765625,6460.640009765625,6213.9594896310655,6423.825832362953,23.88251849601194,0.015248325354160265,-95.6825975324673,-81.20385482619149,-14.47874270627581,-0.018045953287667005,-0.054772746602059996,-0.5016770753807838,-0.0328169490218659,-0.06763882630224555,6.0498046875,5960.4501953125
2025-02-21,6024.7998046875,6080.25,5931.0498046875,5960.4501953125,5789.9462890625,101884,-0.010491928989209587,6218.255029296875,6432.561015625,6189.815747315012,6405.654238753132,20.264703765795204,0.013516810022837035,-104.42943534519509,-85.8489709299922,-18.580464415202883,-0.03458856570902169,-0.03177355862619269,0.2794193362048396,-0.04145935359192343,-0.07339391249701643,-63.19970703125,5851.7998046875
2025-02-24,5960.4501953125,5960.4501953125,5782.0,5851.7998046875,5684.40380859375,151226,-0.01822855439853288,6204.575024414063,6402.45701171875,6157.623752779059,6383.934457025068,18.19179665279124,0.014010632291966547,-118.75955954638994,-92.43108865327176,-26.32847089311818,-0.048000242120960546,-0.04466648741604007,0.4842958658866947,-0.05685727359866641,-0.08600716975113677,-108.650390625,5695.64990234375
2025-02-25,5851.7998046875,5877.7001953125,5675.0,5695.64990234375,5532.720703125,162406,-0.026684081403240856,6180.665014648437,6370.89701171875,6113.626243213792,6356.942905861095,14.086826095788837,0.014810901040996312,-141.08988200441854,-102.16284732350113,-38.927034680917416,-0.06589644525143301,-0.07745575090882706,0.07392908626823425,-0.07847296547461816,-0.10598933056568605,-156.14990234375,5563.14990234375
2025-02-27,5695.64990234375,5721.5498046875,5513.4501953125,5563.14990234375,5404.01123046875,182977,-0.023263368056642086,6152.0375,6337.549013671875,6061.199925035693,6325.813768468258,9.268108081067282,0.015427980073539068,-167.54708755410502,-115.2396953696219,-52.30739218448312,-0.07552017215127016,-0.09331458101654999,0.12666403950592953,-0.09572236802136695,-0.12219220863736577,-132.5,5411.10009765625
2025-02-28,5514.10009765625,5563.0,5302.5498046875,5411.10009765625,5256.31103515625,337674,-0.027331603022856088,6105.792504882813,6301.06501953125,5999.2856557614605,6289.942644122689,6.965973961044014,0.013477949509168625,-198.49562803045046,-131.89088190178762,-66.60474612866284,-0.10169080451524282,-0.14597536337496053,0.8454450559359921,-0.1137759605605687,-0.1412403965228733,-152.0498046875,5456.10009765625
2025-03-03,5416.0498046875,5477.0,5362.85009765625,5456.10009765625,5300.0234375,162308,0.008316238692293032,6059.535009765625,6271.75501953125,5947.553697846679,6257.242936418123,10.872304351360455,0.013548719565047726,-216.89125799875183,-148.89095712118046,-68.00030087757136,-0.08461610803373343,-0.144979416625857,-0.5193352168067427,-0.09958435938349579,-0.130052101737858,45.0,5389.0498046875
2025-03-04,5443.0,5481.0,5350.0,5389.0498046875,5234.8916015625,141837,-0.012289051111351923,6009.175,6241.521015625,5894.362850879138,6223.1961469384905,13.012057881005603,0.01337073640752725,-234.1808346722928,-165.94893263140295,-68.23190204088985,-0.07907823497812083,-0.15746729651162794,-0.12612440545136405,-0.10319639473180597,-0.1365806842279993,-67.05029296875,5553.39990234375
2025-03-05,5410.0,5569.0,5400.14990234375,5553.39990234375,5394.5400390625,141754,0.030497045604086948,5968.289990234375,6215.434013671875,5861.890189113863,6196.929627542619,22.96195514800104,0.01594984869053281,-231.94752274112307,-179.14865065334698,-52.79887208777609,-0.024975200800432695,-0.1283452124089699,-0.000585178761536076,-0.06951573877433734,-0.10651454264848943,164.35009765625,5638.2998046875
2025-03-06,5647.0,5694.35009765625,5603.0,5638.2998046875,5477.01123046875,107832,0.015287914401395541,5930.97998046875,6190.276005859375,5840.595866787542,6175.022575665947,28.908524318567316,0.016593337933220785,-220.7818585312616,-187.4752922289299,-33.3065663023317,0.01350851651725038,-0.11687684161837264,-0.2393018891883122,-0.04934769241256455,-0.08916826982341411,84.89990234375,5624.14990234375
2025-03-07,5688.0,5689.0,5601.0,5624.14990234375,5463.26611328125,110794,-0.0025096044612573642,5891.09248046875,6165.032001953125,5819.981965411942,6153.419725731744,26.10281899783584,0.016381063079204557,-210.64656557909075,-192.10954689896207,-18.537018680128682,0.03937273398061514,-0.12422336257668098,0.027468654944728943,-0.04531291589972795,-0.08773386730807227,-14.14990234375,5503.5
2025-03-10,5659.0,5689.0,5465.0,5503.5,5346.0673828125,106381,-0.02145211355292498,5844.437475585937,6136.591005859375,5789.8408258489,6127.932677663833,24.14083165823328,0.016571115301513287,-209.92977196502216,-195.67359191217412,-14.256180052848038,0.008687506001605616,-0.14496785313663008,-0.03983067675144858,-0.05833537906943838,-0.10316656352930867,-120.64990234375,5420.0498046875
2025-03-11,5453.0498046875,5480.0,5389.9501953125,5420.0498046875,5265.0048828125,96855,-0.015163113530026306,5796.569970703125,6109.061005859375,5754.622633357338,6100.1725649980945,23.497637299491387,0.016653560956629336,-213.63281509043736,-199.26543654782677,-14.367378542610595,0.005752405548940187,-0.15011605235927195,-0.08954606555681932,-0.06495568377827299,-0.11278512368938932,-83.4501953125,5303.85009765625
2025-03-12,5421.0498046875,5450.0,5242.0,5303.85009765625,5152.12890625,171254,-0.021438863334937497,5755.924975585937,6080.2630078125,5711.69191567152,6068.944232945473,22.84778741862287,0.015130033665455492,-223.3689900078234,-204.0861472398261,-19.282842767997323,-0.04493640095721907,-0.13289735600502717,0.7681482628671725,-0.0785407870754374,-0.12769396803372504,-116.19970703125,5236.75
2025-03-13,5310.89990234375,5373.9501953125,5225.0,5236.75,5086.9482421875,126288,-0.012651205524436104,5710.059985351562,6050.8930078125,5666.4593522742325,6036.309164986827,21.393777874971732,0.014854385040864478,-233.80424606658562,-210.029767005178,-23.774479061407618,-0.07121824283867706,-0.14905628550305172,-0.26256904948205584,-0.08289054520719209,-0.1345492321152158,-67.10009765625,5174.4501953125
2025-03-17,5236.75,5283.2998046875,5157.7001953125,5174.4501953125,5026.4306640625,139134,-0.01189665435384546,5662.064990234375,6021.431015625,5619.601337325496,6002.510774019207,21.407784648963258,0.014835834495550393,-244.2853656196985,-216.88088672808212,-27.404478891616378,-0.0799586986192965,-0.15647947819451957,0.10171987837324203,-0.08611960402483662,-0.1406610518520716,-62.2998046875,5174.4501953125
2025-03-18,5174.4501953125,5174.4501953125,5174.4501953125,5174.4501953125,5026.4306640625,0,0.0,5612.0875,5995.191015625,5577.205990467116,5970.037810148356,23.24525740030704,0.014563646986718812,-249.7131901627963,-223.44734741502498,-26.26584274777133,-0.05978918954983192,-0.16189663179259794,-1.0,-0.07798119767154373,-0.13689986160131334,0.0,5366.2998046875
2025-03-19,5269.0,5390.89990234375,5225.0,5366.2998046875,5212.7919921875,183836,0.03707632736494304,5573.059985351562,5971.670009765625,5557.119687059533,5946.361809934205,37.34776725304465,0.017800236908328482,-235.81578254513533,-225.92103444104706,-9.89474810408828,-0.009916883042940805,-0.1269837852831922,inf,-0.03709993813228611,-0.1013736867724016,191.849609375,5377.35009765625
2025-03-20,5400.0,5498.9501953125,5359.60009765625,5377.35009765625,5223.5263671875,139775,0.002059201567362612,5537.05498046875,5949.74701171875,5539.998773783031,5924.047625138991,42.12779145033771,0.01790074203896306,-221.35863602615336,-225.00855475806833,3.6499187319149655,0.013857857715940947,-0.11809856162660204,-0.23967558040862513,-0.028842928844997617,-0.0962052525821846,11.05029296875,5462.9501953125
2025-03-21,5395.0,5512.0,5322.0,5462.9501953125,5306.677734375,252810,0.015918639497465303,5509.322485351562,5930.20701171875,5532.660813928695,5905.965372988932,52.327935267049725,0.018471629363428048,-200.6807084728789,-220.14298550103047,19.46227702815156,0.043194766852055144,-0.0921712798030192,0.8086925415846897,-0.00841705856978946,-0.0787926653290347,85.60009765625,5629.9501953125
2025-03-24,5470.0,5664.7998046875,5403.64990234375,5629.9501953125,5468.900390625,291530,0.03056956297044322,5489.6375,5922.794013671875,5541.926469298581,5895.141248374171,57.03476354129497,0.020063400894496455,-168.8711560197671,-209.88861960477783,41.01746358501072,0.08802867605386067,-0.06535899552828672,0.15315849847711727,0.025559555674213495,-0.049443525755477835,167.0,5496.9501953125
2025-03-25,5700.0,5742.9501953125,5479.0,5496.9501953125,5339.705078125,331857,-0.023623654807947703,5466.4625,5913.901015625,5537.64301463324,5879.525912959988,54.14491483586152,0.02052472051602978,-152.63437098077884,-198.43776987997805,45.80339889919921,0.06232546218961588,-0.07776258249158963,0.13832881693136212,0.005577225730991544,-0.07050351691901542,-133.0,5567.0
2025-03-26,5520.0,5625.0,5474.89990234375,5567.0,5407.7509765625,218301,0.012743394463940128,5452.222509765625,5903.54501953125,5540.438918001503,5867.269994804695,50.563244651572134,0.020550394762602654,-132.585801462561,-185.26737619649464,52.681574733933644,0.0374001085696305,-0.04866875392069381,-0.3421835308581709,0.021051505148367344,-0.05700727586862238,70.0498046875,5417.7998046875
2025-03-27,5500.0,5582.14990234375,5400.0,5417.7998046875,5262.81884765625,356071,-0.026800825455811084,5438.330004882812,5889.586015625,5528.759002447789,5849.6437128393145,41.32981803492464,0.02055770317931157,-127.26929332976852,-173.6677596231494,46.39846629338089,0.007522237960455591,-0.04878286102906626,0.6311010943605389,-0.0037750927540033887,-0.08010515674376043,-149.2001953125,5214.60009765625
2025-03-28,5398.0498046875,5437.0498046875,5200.0,5214.60009765625,5065.431640625,529718,-0.037505946021748726,5420.902514648437,5870.193017578125,5498.839106753357,5824.740041655666,35.980557663442994,0.02154516195413437,-137.86323887688468,-166.50685547389648,28.6436165970118,-0.04546080208993075,-0.06265331885819869,0.4876752108427813,-0.038056839508682196,-0.11168166327047868,-203.19970703125,5069.60009765625
2025-04-01,5195.60009765625,5199.0,5042.0,5069.60009765625,4924.57958984375,424060,-0.027806542646515053,5403.8275146484375,5847.343017578125,5457.959201125061,5795.126710518433,35.39057087495097,0.021573623288899828,-156.1591991901314,-164.43732421714347,8.278125027012067,-0.09953020510248878,-0.0631110114092911,-0.19946084520442953,-0.06185012680108308,-0.13300791788404498,-145.0,5229.9501953125
2025-04-02,5092.14990234375,5238.2001953125,5044.35009765625,5229.9501953125,5080.34326171875,278492,0.031629733029708174,5392.52001953125,5827.946025390625,5436.244057714341,5772.962925608397,43.914473375703786,0.02281337173819702,-155.92258823573593,-162.73437702086198,6.811788785126055,-0.04857238841779632,-0.041449001722108414,-0.34327217846531155,-0.03014728246347457,-0.10260833361751047,160.35009765625,5194.39990234375
2025-04-03,5180.0,5244.5498046875,5111.4501953125,5194.39990234375,5045.8095703125,306377,-0.006797443883999721,5382.787524414062,5808.75501953125,5413.21128101238,5750.274179598018,46.305478639240505,0.022714173135997176,-156.7962344970556,-161.5467485161007,4.750514019045113,-0.06693014148666243,-0.03611952188202816,0.10012854947359351,-0.034998153134572975,-0.10576364730855467,-35.55029296875,5056.64990234375
2025-04-04,5180.0,5183.25,5004.35009765625,5056.64990234375,4912.0,323433,-0.026518943976155174,5357.950024414063,5786.541015625,5379.2530544725105,5723.073227548832,44.19743189028318,0.022042669640294957,-166.6824674995487,-162.57389231279032,-4.108575186758372,-0.06665988322995653,-0.08944970805908503,0.05566997522659989,-0.05623421657488536,-0.12613599580654056,-137.75,4808.2998046875
2025-04-07,4790.0,4900.0,4700.0,4808.2998046875,4670.75439453125,345270,-0.04911356381250365,5316.450024414063,5755.6280078125,5324.876554492986,5687.199759985642,39.46602751872407,0.02365358489311768,-192.33998014929784,-168.5271098800918,-23.81287026920603,-0.0779159063705317,-0.1472074967191288,0.06751630167608136,-0.09558073853662662,-0.16459163132834992,-248.35009765625,4869.39990234375
2025-04-08,4910.0498046875,5014.25,4760.0,4869.39990234375,4730.1064453125,246320,0.012707214636800579,5278.7125244140625,5725.562001953125,5281.497825716868,5655.1291773330195,41.52190758198974,0.024069190790203036,-205.37602950459404,-175.89689380499226,-29.479135699601784,-0.03949033285782355,-0.13419805892539838,-0.286587308483216,-0.0775402373547035,-0.1495332858708574,61.10009765625,4755.75
2025-04-09,4857.0,4870.0,4729.0498046875,4755.75,4619.70751953125,206934,-0.023339611579046515,5241.325024414063,5697.556005859375,5231.426604220023,5619.859405672902,32.260231955150275,0.024132855326178124,-222.3150799898167,-185.18053104195715,-37.13454894785954,-0.09067011684690918,-0.13586808394657945,-0.15989769405651189,-0.09264356286859848,-0.16529999966491246,-113.64990234375,4752.0498046875
2025-04-11,4762.0,4897.0,4709.0,4752.0498046875,4616.11328125,308561,-0.0007780466409084141,5207.925024414062,5670.08900390625,5185.771670931212,5585.827656614651,31.75371710585371,0.024091012265909158,-233.34808293063452,-194.81404141969261,-38.534041510941904,-0.08515903780466705,-0.12324609995691993,0.4911082760686982,-0.08753490451369395,-0.16190913380482955,-3.7001953125,4931.0
2025-04-15,4849.0,4973.5,4801.0,4931.0,4789.9443359375,334703,0.03765747470406988,5189.28251953125,5645.232001953125,5161.507702271097,5560.148140668978,35.27962966466059,0.025703838119799458,-225.05770688576922,-200.86277451290795,-24.194932372861274,-0.02484844803780295,-0.07029800819993215,0.08472230774465994,-0.04977229868659774,-0.1265195126977982,178.9501953125,4929.0
2025-04-16,4948.0,4948.0,4853.0,4929.0,4788.001953125,333482,-0.0004055972419387821,5173.89501953125,5621.097998046875,5139.364111578611,5535.397233191763,28.65365456162212,0.02561565105264358,-216.15718198582363,-203.9216560074911,-12.235525978332532,0.025102468692745017,-0.05876736525516779,-0.0036480103255722707,-0.04733281572331501,-0.12312505462230926,-2.0,4900.5
2025-04-17,4906.0,4936.0,4826.5,4900.5,4760.31689453125,363566,-0.005782105903834434,5160.197509765625,5592.387998046875,5116.615148571124,5510.499302478361,30.601360523475662,0.025536618999317848,-208.99401083075645,-204.93612697214417,-4.057883858612286,0.00638684402184353,-0.052942860588487184,0.0902117655525636,-0.050327048388002574,-0.12371959854869055,-28.5,5342.0
2025-04-21,4805.0,5396.5,4805.0,5342.0,5189.1875,2852407,0.09009284766860515,5168.575,5571.602998046875,5138.080372516732,5503.891486694896,44.10624717335205,0.03287503270357708,-165.7807683493702,-197.10505524758938,31.324286898219185,0.12327182883877419,0.032380214005979235,6.845637380833192,0.03355373579758448,-0.04120950436119768,441.5,5480.0
2025-04-22,5335.0,5495.5,5268.5,5480.0,5323.23974609375,888502,0.02583302134032195,5174.260009765625,5553.277998046875,5170.644146562758,5502.954565648038,51.63891695052809,0.03233717092855882,-119.02645280584238,-181.48933475924,62.46288195339761,0.153186566898865,0.021187820183505623,-0.6885079864128787,0.05908864062829033,-0.013195449259454919,138.0,5664.5
2025-04-23,5480.0,5678.5,5465.0,5664.5,5502.4619140625,820053,0.033667883211678795,5188.617504882813,5539.14599609375,5217.678037366305,5509.2896807206635,61.972422478338686,0.03312681307162033,-66.32120327395023,-158.45570846218206,92.13450518823183,0.14875278848103823,0.05339988974660703,-0.07703865607505667,0.09171662676413364,0.0226305650717007,184.5,5918.0
2025-04-24,5678.0,5940.0,5664.0,5918.0,5748.71044921875,1253303,0.04475240533145031,5211.3699951171875,5529.81599609375,5284.375367140943,5525.317536378677,71.34445826577928,0.034319216074074635,-4.04989719313653,-127.57454620837296,123.52464901523643,0.20064921890850074,0.08329744706037356,0.5283195110559926,0.13559390439460106,0.07019835816968635,253.5,5612.5
2025-04-25,5949.5,5958.0,5593.0,5612.5,5451.94970703125,610205,-0.051622169651909466,5210.497485351562,5513.627998046875,5315.625332175138,5528.73645652069,58.969301177983375,0.035924170104999244,20.413945430785134,-97.97684788054136,118.39079331132649,0.14529129680644837,-0.0030995292510809236,-0.5131225250398348,0.077152424653999,0.01793229466843768,-305.5,5689.0
2025-04-28,5612.5,5708.0,5568.0,5689.0,5526.26123046875,332068,0.013630289532293949,5220.0999755859375,5498.67599609375,5351.184824348935,5535.0213013630155,61.37796150318253,0.035574384150943286,45.45070024518827,-69.29133825539543,114.7420385005837,0.06495694496443272,0.034937519508775994,-0.4558091133307659,0.08982587050192083,0.03461269659122598,76.5,5764.0
2025-04-29,5702.5,5817.0,5702.5,5764.0,5599.11572265625,246518,0.01318333626296364,5229.949975585938,5486.407998046875,5390.500555363322,5544.00085817231,66.75589089244352,0.03558130901882348,70.53134062404843,-41.32680247950666,111.85814310355508,0.05182481751824808,0.03538710256870847,-0.2576279557199128,0.10211379208349498,0.05059631038230221,75.0,5766.0
2025-04-30,5765.0,5800.0,5655.0,5766.0,5601.05859375,216288,0.00034698126301169196,5247.3599853515625,5479.392998046875,5426.262407233481,5552.706706871435,75.68386597986745,0.03492308258126574,89.53718319296604,-15.15400534501212,104.69118853797816,0.017918615941389326,0.06426966810608903,-0.12262796225833406,0.09883827602761461,0.05230634160668639,2.0,5820.0
2025-05-02,5750.0,5879.0,5727.5,5820.0,5653.51416015625,203862,0.009365244536940764,5277.62998046875,5472.712001953125,5463.761225592198,5563.188796798046,75.59091013055271,0.0335589998423434,107.71512613792493,9.419820951575291,98.29530518634964,-0.016559648529908766,0.11609709105322441,-0.05745117620949847,0.10276772368249243,0.06345811691222442,54.0,5817.0
2025-05-05,5845.0,5857.0,5785.0,5817.0,5650.599609375,118811,-0.0005154639175257714,5314.999975585937,5466.365,5497.403013631036,5573.142177315769,80.3795769804928,0.03265314911157429,120.4902651843986,31.633909798139953,88.85635538625864,0.036436525612472126,0.1474277828520012,-0.41719888944482053,0.09444967577045403,0.0641440884390267,-3.0,5700.0
2025-05-06,5830.0,5857.5,5680.0,5700.0,5536.94677734375,148067,-0.02011346054667351,5338.502465820313,5456.885,5516.697964713794,5578.116993891622,75.48321448879523,0.032682156506573794,119.79283548936291,49.26569493638455,70.52714055297837,0.0019335559852347028,0.08987653555645636,0.24623982627871155,0.06771515729254975,0.04455197424904497,-117.0,5758.0
2025-05-07,5589.0,5775.0,5575.0,5758.0,5593.28759765625,132215,0.010175438596491171,5366.682470703125,5449.107998046875,5539.679110931528,5585.171229425284,73.77803335250144,0.03258503822504207,122.50803632100906,63.91416321330945,58.59387310769961,-0.001040943789035409,0.10850148395427728,-0.10705964191886108,0.0729160950797982,0.056686709469484065,58.0,5711.5
2025-05-08,5758.0,5933.0,5656.5,5711.5,5548.11767578125,235617,-0.008075720736366754,5399.424975585937,5441.388994140625,5556.043005128526,5590.125298859587,71.93720213064199,0.031879745121308416,119.52982573245845,75.03729571713926,44.49253001531919,-0.009451959764134599,0.1295027558369679,0.7820746511364065,0.05779782584722307,0.04964008383709284,-46.5,5738.0
2025-05-09,5400.0,5775.0,5400.0,5738.0,5573.859375,311908,0.0046397618839184585,5445.909985351563,5435.7969921875,5573.372242735333,5595.924306747446,73.50547291608196,0.029079933755611305,117.9482667159873,83.61948991690886,34.32877679907844,-0.01408934707903775,0.19335320863440275,0.323792425843636,0.053634748909567466,0.055594976826183105,26.5,6100.0
2025-05-12,5851.5,6120.0,5794.0,6100.0,5925.50390625,462268,0.0630881840362496,5507.439990234375,5437.323994140625,5623.52726723673,5615.691980992645,72.26792009400705,0.031476624089092506,144.24250661230235,95.74409325598756,48.498413356314785,0.048650507134261556,0.25272109958845945,0.4820652243610295,0.10759264028592859,0.12187539432512925,362.0,5986.0
2025-05-13,6109.5,6124.5,5973.0,5986.0,5814.76513671875,222313,-0.018688524590163902,5568.952490234375,5437.834990234375,5658.04847988085,5630.2138640909725,65.07747318235995,0.031219552169770553,154.10560047280887,107.41639469935183,46.68920577345705,0.050175438596491206,0.2586868527571886,-0.5190820043784126,0.07488796331032688,0.10080574543914184,-114.0,6100.5
2025-05-14,6040.5,6134.0,5981.0,6100.5,5925.990234375,419269,0.019127965252255352,5636.375,5442.808994140625,5700.186719892198,5648.656457656032,63.55721393034826,0.031107086644833432,169.2108096173897,119.77527768295941,49.4355319344303,0.05948245918721784,0.2837617976946214,0.8859400934718167,0.08234459204719345,0.12083668682244816,114.5,6180.5
2025-05-15,6100.5,6210.0,6061.5,6180.5,6003.701171875,257339,0.01311367920662243,5698.85,5452.50599609375,5745.930841807227,5669.513067159717,59.149529452771,0.030563261464288755,185.49881325354363,132.91998479707627,52.57882845646736,0.08211503107765039,0.25339687690123713,-0.3862198254581187,0.08451705168586637,0.13351548891973622,80.0,6212.0
2025-05-16,6219.5,6228.0,6165.0,6212.0,6034.30029296875,140760,0.005096675026292408,5763.0,5465.482998046875,5790.318380682729,5690.787064526004,75.82938388625593,0.030472327940143533,198.65894358667174,146.06777655499536,52.59116703167638,0.08260718020216107,0.26029620612700355,-0.45301722630460206,0.07791081034183585,0.1365875627496962,31.5,6245.0
2025-05-19,6229.5,6275.5,6175.5,6245.0,6066.3564453125,145251,0.005312298776561475,5830.225,5482.16099609375,5833.621392046279,5712.5209051328275,74.88809310653536,0.030230343833457837,209.3381460575083,158.72185045549796,50.616295602010354,0.023770491803278615,0.27435975920824407,0.03190537084398981,0.07114219434069861,0.1391493253207634,33.0,6195.5
2025-05-20,6309.0,6319.5,6170.0,6195.5,6018.27197265625,250930,-0.007926341072858278,5872.9,5496.948994140625,5868.086021375205,5731.461261794286,69.76637654603756,0.024390924353805177,211.37070473343465,169.2516213110853,42.11908342234935,0.034998329435349085,0.159771621115687,0.7275612560326608,0.05493027294862851,0.1270797685414188,-49.5,6184.5
2025-05-21,6195.5,6216.5,6126.0,6184.5,6007.5869140625,105149,-0.00177548220482604,5908.125,5512.857998046875,5898.220686006138,5749.227486821961,69.01408450704226,0.024091245713503726,209.67688939709842,177.33667492828795,32.34021446881047,0.013769363166953541,0.1285583941605839,-0.580962818315865,0.04677880038083148,0.1218319068242059,-11.0,6202.5
2025-05-22,6180.0,6215.0,6135.0,6202.5,6025.072265625,104618,0.002910502061605591,5935.025,5525.84,5927.199668291267,5767.00287949561,67.96618130577735,0.02322087237424549,207.39624331424693,183.34858860547976,24.04765470876717,0.0035595825580454488,0.09497749139376821,-0.00504997669973084,0.04506720696206004,0.1224537807826502,18.0,6290.5
2025-05-23,6210.0,6304.5,6202.5,6290.5,6110.5546875,158757,0.014187827488915783,5953.65,5538.88400390625,5961.799699882575,5787.53217833892,70.59591126576773,0.02138651142445915,210.26586540529752,188.73204396544332,21.533821439854194,0.012636831938184212,0.06294356201419404,0.5174922097535797,0.056578737413183575,0.1356980928944675,88.0,6431.5
2025-05-26,6300.0,6453.5,6278.0,6431.5,6247.521484375,211742,0.02241475240441937,5994.6,5555.031005859375,6006.53306179852,5812.785818404061,81.16744780570941,0.017425209700776594,221.36581587087676,195.25879834653003,26.10701752434673,0.02986389111289034,0.14592427616926495,0.333749063033441,0.07288226070129777,0.15777931630194986,141.0,6410.0
2025-05-27,6445.0,6470.0,6365.0,6410.0,6226.63671875,148800,-0.0033429215579569016,6030.65,5573.161005859375,6044.958484484376,5836.205982388215,78.67194371152155,0.017497186796496762,225.8245711829868,201.3719529138214,24.452618269165413,0.03462190299410861,0.1267358059412902,-0.2972579837727045,0.06290366710056136,0.15015518002455147,-21.5,6471.0
2025-05-28,6420.0,6500.0,6354.5,6471.0,6285.89111328125,175553,0.009516380655226309,6066.0,5594.180009765625,6085.533866914435,5861.099865431815,82.97872340425532,0.01743845940653126,231.61049547386483,207.4196614258301,24.19083404803473,0.04632549114722284,0.12265787647467041,0.17979166666666657,0.06676557863501484,0.1567378934363448,61.0,6499.5
2025-05-29,6475.0,6535.0,6421.0,6499.5,6313.576171875,171811,0.004404265183124645,6102.675,5618.0930078125,6124.959212922584,5886.135164826645,83.00823580407456,0.01739347664559289,235.77769546844047,213.09126823435219,22.686427234088285,0.04788391777509071,0.12721123829344427,-0.02131550016234418,0.06502476373065906,0.1568872197312893,28.5,6439.5
2025-05-30,6512.5,6520.0,6395.5,6439.5,6255.29248046875,209158,-0.009231479344564919,6133.65,5642.1480078125,6154.915478358529,5907.83574659815,69.93540810334703,0.017706570010737475,231.56934565828124,216.78688371913802,14.782461939143218,0.023686511406088462,0.10644329896907223,0.21737257800722887,0.0498642733119758,0.1413206443863991,-60.0,6417.0
2025-06-02,6412.5,6469.0,6357.5,6417.0,6233.43603515625,114010,-0.0034940600978337066,6163.65,5666.99900390625,6179.87590899105,5927.8029722217525,78.35526315789474,0.017769727629355386,223.8383667966673,218.1971803346439,5.6411864620233985,-0.0022545284925755693,0.10314595152140282,-0.45490968550091315,0.04110389136307227,0.13234535520065832,-22.5,6407.0
2025-06-03,6417.0,6436.5,6359.5,6407.0,6223.72216796875,127200,-0.0015583606046438714,6199.0,5691.65,6201.506774801426,5946.595012526782,73.37909992372235,0.01684625037956138,214.43274669942912,217.44429360760094,-3.011546908171823,-0.00046801872074886397,0.12403508771929816,0.1156916059994737,0.03355379899983869,0.12568411620531839,-10.0,6447.5
2025-06-04,6418.0,6464.0,6371.5,6447.5,6263.06396484375,81617,0.006321211175277064,6233.475,5713.27400390625,6224.934701010814,5966.238345368869,71.67207792207792,0.016817929796165136,207.8507623303749,215.52558735215572,-7.674825021780833,-0.0036315870808221185,0.1197464397360195,-0.35835691823899374,0.03433478116139066,0.12851230233168384,40.5,6491.5
2025-06-05,6467.0,6500.0,6446.0,6491.5,6305.80517578125,91106,0.006824350523458644,6272.475,5735.557001953125,6250.321872343117,5986.836841628914,72.23548130469372,0.01649779098169469,203.83523882378813,213.1875176464822,-9.352278822694075,-0.0012308639126086263,0.1365665762059003,0.11626254334268604,0.0349184333138035,0.13179940462442516,44.0,6473.0
2025-06-06,6520.0,6520.0,6430.5,6473.0,6287.833984375,71389,-0.0028498806131094234,6309.225,5755.757998046875,6271.529313072345,6005.902063525819,68.56677524429968,0.01662785333087563,196.89048121807264,209.9281103608003,-13.037629142727667,0.00520226725677464,0.128093412338794,-0.21641823809628347,0.025958021785559972,0.12461295318470812,-18.5,6631.5
2025-06-09,6505.5,6643.0,6500.0,6631.5,6441.7998046875,161923,0.024486327823265874,6335.8,5775.788994140625,6305.812235636883,6030.435315936572,80.15214384508991,0.010941770947086846,201.84954028803259,208.31239634624677,-6.462856058214186,0.033426834969612074,0.0871311475409835,1.2681785709282942,0.04667129644243818,0.14815482468758295,158.5,6705.0
2025-06-10,6680.0,6735.0,6651.5,6705.0,6513.19775390625,223010,0.011083465279348559,6371.75,5799.949990234375,6343.83011795718,6056.888832958667,83.13176320814767,0.00960091950318456,209.29781118001756,208.50947931300095,0.7883318670166091,0.04651162790697683,0.12011359839625801,0.3772595616434973,0.0523011731470946,0.15604445060552186,73.5,6624.5
2025-06-11,6670.0,6680.0,6590.0,6624.5,6507.794921875,167351,-0.012005965697240883,6397.95,5821.099990234375,6370.560582913638,6079.148094411269,74.88207547169812,0.009835580686953928,206.32653838963506,208.0728911283278,-1.7463527386927353,0.02745250096936802,0.0858945988033768,-0.24958073628985245,0.0354097796950586,0.1380151536846008,-80.5,6473.5
2025-06-12,6647.0,6647.0,6426.0,6473.5,6359.455078125,173877,-0.022794173145142982,6412.6,5842.213994140625,6380.3643369218635,6094.612875022593,60.04390779363337,0.011287991103986022,189.60173448389833,204.37865979944192,-14.776925315543593,-0.0027728568127551867,0.047407167704878184,0.038995882904792945,0.009496927923151238,0.10805595387168554,-151.0,6392.5
2025-06-13,6300.0,6459.5,6299.5,6392.5,6279.8818359375,90117,-0.012512551170155262,6421.625,5865.7719921875,6381.520114357877,6106.2947230609225,47.708578143360754,0.011742463083133084,167.87601365195133,197.0781305699438,-29.20211691799247,-0.01243627375251044,0.029056664520283215,-0.4817198364361014,-0.0045354563681311195,0.08979687729322561,-81.0,6377.0
2025-06-16,6361.0,6420.0,6229.0,6377.0,6264.65478515625,121345,-0.0024247164646069574,6428.225,5891.919990234375,6381.089627276174,6116.91061627422,48.04733727810651,0.01173765189985772,147.70485330040447,187.20347511603595,-39.49862181563148,-0.03837744100128171,0.02113690952762215,0.34652729229779067,-0.007968762761104404,0.08232970077150159,-15.5,6418.0
2025-06-17,6377.0,6450.0,6362.0,6418.0,6304.9326171875,112049,0.006429355496314848,6439.35,5915.680986328125,6384.60490086892,6128.718043086996,46.78787878787879,0.011593930267732096,133.48864671955744,176.46050943674027,-42.97186271718283,-0.042803877703206594,0.03591316277943668,-0.0766080184597635,-0.0033155520355315927,0.08491313423303196,41.0,6449.5
2025-06-18,6419.0,6470.0,6350.0,6449.5,6335.8779296875,98354,0.004908071050171436,6452.6,5940.78298828125,6390.785386500452,6141.297727671819,46.98067632850241,0.011580869300390902,123.34217550414178,165.83684265022058,-42.4946671460788,-0.0264170880821194,0.04284905812919404,-0.12222331301484168,-0.00048042649474636014,0.08563130697119245,31.5,6220.0
2025-06-19,6485.5,6487.0,6208.0,6220.0,6110.4208984375,202630,-0.03558415381037294,6453.475,5964.049990234375,6374.520111595647,6144.3840912925325,38.99749373433583,0.014324176859437395,95.67935987378314,151.8053460949331,-56.12598622114996,-0.039159650884374786,0.0028214429665458507,1.0602110742826931,-0.036178183071910924,0.04291547022320755,-229.5,6319.0
2025-06-20,6246.0,6335.0,6200.5,6319.0,6207.6767578125,189963,0.01591639871382644,6454.9,5994.263994140625,6369.232481919871,6151.231773986943,45.43761638733706,0.014417680748901466,80.81328654659228,137.60693418526495,-56.79364763867267,-0.01149784904184592,0.004530641443446504,-0.06251295464639983,-0.02105377310260417,0.05417445847843929,99.0,6313.0
2025-06-23,6221.0,6345.0,6164.5,6313.0,6201.7822265625,107858,-0.0009495173286911962,6448.975,6023.13599609375,6363.877007451312,6157.575625987456,45.607476635514026,0.013447575363327002,67.766496486297,123.63884664547136,-55.87235015917436,-0.010036067116198866,-0.018424939749669633,-0.4322157472771013,-0.021084746025531245,0.048125096975103816,-6.0,6266.0
2025-06-24,6410.0,6410.0,6204.0,6266.0,6155.6103515625,203298,-0.007444954855061026,6441.775,6053.34099609375,6354.555387694044,6161.827562223242,41.56990246168138,0.013518805781599566,53.02309690644961,109.51569669766701,-56.4925997912174,-0.02368339046431911,-0.022464898595943805,0.8848671401286876,-0.027286733858292108,0.035130848244544655,-47.0,6266.5
2025-06-25,6266.0,6302.5,6210.5,6266.5,6156.1015625,134175,7.979572294924964e-05,6431.55,6083.63,6346.169160294611,6165.932363704685,39.10939012584705,0.013293483613975672,40.907634592819704,95.79408427669756,-54.886449683877856,-0.02837429258082025,-0.031602534384175596,-0.3400082637310746,-0.025662554127698637,0.03005935600948774,0.5,6274.5
2025-06-26,6275.0,6295.0,6201.0,6274.5,6163.9609375,126030,0.0012766296975983416,6420.3,6110.5,6339.343525980838,6170.189918069207,40.293398533007334,0.013238408260033209,31.587456032651062,82.95275862788826,-51.365302595237196,0.00876205787781359,-0.03461804754211861,-0.06070430408049188,-0.02270921919536473,0.02683904754111775,8.0,6345.0
2025-06-27,6295.0,6380.0,6282.0,6345.0,6233.21875,191698,0.011235955056179803,6415.575,6138.82,6339.882237792188,6177.045215399827,34.67094703049759,0.01341356294283129,29.54928244810162,72.27206339193093,-42.72278094382931,0.004114575090995443,-0.014675052410901501,0.5210505435213837,-0.011000572824727295,0.03358625924852012,70.5,6310.0
2025-06-30,6358.5,6376.5,6282.0,6310.0,6198.83544921875,95468,-0.005516154452324673,6410.225,6167.01,6337.036310383408,6182.259128521402,27.957589285714292,0.013443692717077762,24.823656050541103,62.78238192365296,-37.95872587311186,-0.0004752098843655572,-0.016674458469689846,-0.5019875011737212,-0.015635176612365458,0.02318627665594831,-35.0,6208.5
2025-07-01,6330.0,6343.0,6130.5,6208.5,6099.12353515625,243499,-0.01608557844690972,6400.3,6184.34,6324.79475701356,6183.2881823048765,27.317339149400212,0.013874976619023344,12.741485442191333,52.774202627360644,-40.03271718516931,-0.009176508139163708,-0.030981738723271368,1.550582394100641,-0.029967345280689995,0.003906641614141501,-101.5,6185.0
2025-07-02,6208.0,6208.0,6062.5,6185.0,6076.03759765625,262330,-0.0037851332850125097,6387.175,6198.44,6311.480970631316,6183.355312410568,31.72894236858771,0.013759448870107186,1.2555513707802675,42.470472376044576,-41.21492100526431,-0.013005665044283132,-0.04071345482745248,0.07733501985634428,-0.031653273943488346,-0.0021682875045978666,-23.5,6215.0
2025-07-03,6160.0,6260.0,6159.0,6215.0,6105.5087890625,126180,0.004850444624090455,6373.35,6209.45,6302.292306761667,6184.596280551331,37.982396750169265,0.013699880154614628,-5.364545709338017,32.90346875896806,-38.26801446830608,-0.00948282731691763,-0.0425941615959331,-0.5190027827545458,-0.024845646324146698,0.0008937989677024828,30.0,6209.0
2025-07-04,6230.0,6244.0,6151.0,6209.0,6099.61474609375,97329,-0.0009654062751407455,6360.15,6215.27,6293.407325165317,6185.553289157162,38.477366255144034,0.01370081810727235,-10.968729510463163,24.129029105081816,-35.097758615544976,-0.021434200157604444,-0.04078479839332616,-0.22864954826438422,-0.02376516277131823,-0.0010088057316899243,-6.0,6175.0
2025-07-07,6209.0,6210.0,6155.5,6175.0,6066.2138671875,150035,-0.005475922048639115,6337.325,6226.52,6282.130437054335,6185.139434680411,33.171745152354575,0.012210433930484505,-17.946722750541994,15.713878733957054,-33.66060148449905,-0.021394611727416746,-0.0688381210887431,0.541524108950056,-0.025614119522038056,-0.008274284833261666,-34.0,6171.5
2025-07-08,6187.5,6195.5,6092.0,6171.5,6062.775390625,169573,-0.0005668016194332326,6310.65,6236.17,6271.594204953922,6184.604554889022,29.971181556195972,0.011747819086458661,-23.488492693617445,7.873404448442156,-31.3618971420596,-0.005959571555126053,-0.07956748695003724,0.13022294797880485,-0.022050026542432183,-0.010370147061417517,-3.5,6152.0
2025-07-09,6171.5,6187.5,6110.5,6152.0,6043.61865234375,126766,-0.0031596856517864813,6287.025,6243.93,6260.204280672597,6183.325944893374,42.97520661157025,0.011598917415452758,-29.118215666754622,0.47508042540280027,-29.593296092157424,-0.005335489086499612,-0.07132613782172237,-0.25243995211501835,-0.021476771605011852,-0.01472309907382054,-19.5,6137.5
2025-07-10,6130.0,6174.0,6052.5,6137.5,6029.37451171875,218296,-0.0023569570871261325,6270.225,6251.36,6248.518158703778,6181.528849015203,27.284105131414265,0.010685870495034415,-34.35383092300981,-6.490701844279721,-27.86312907873009,-0.01246983105390187,-0.051903915965088476,0.7220390325481596,-0.0211675019636457,-0.018213636712651277,-14.5,6066.0
2025-07-11,5666.0,6084.5,5660.0,6066.0,5959.1337890625,1578498,-0.011649694501018382,6253.9,6256.28,6231.135476922465,6176.998305916568,23.44086021505376,0.01064543663915687,-43.768015742890384,-13.946164624001856,-29.821851118888528,-0.02303108391045261,-0.05107547907704346,6.230998277568073,-0.030045251762899895,-0.03041423977187718,-71.5,6179.0
2025-07-14,6026.0,6202.5,6002.0,6179.0,6070.14306640625,423728,0.018628420705572024,6244.0,6263.52,6226.17019340604,6177.076803723761,41.80790960451978,0.011653085111267336,-41.630775750000794,-19.483086849201648,-22.147688900799146,0.0006477732793521707,-0.031049082640740133,-0.7315625360310878,-0.010409993593850097,-0.013494009758091365,113.0,6380.0
2025-07-15,6185.0,6425.0,6180.0,6380.0,6267.60205078125,770631,0.03252953552354754,6242.1,6277.12,6240.820651176894,6185.034576126751,57.758031442241965,0.013844489615205553,-23.447687143035182,-20.276006907968355,-3.1716802350668267,0.033784331199870454,-0.005920847616079805,0.8186926518898916,0.022091924192178855,0.016389681892332808,201.0,6311.0
2025-07-16,6439.5,6439.5,6296.0,6311.0,6199.81787109375,160852,-0.01081504702194358,6235.175,6288.18,6247.504398683856,6189.974396670799,52.30283911671924,0.013984528322344477,-14.438740945065547,-19.108553715387796,4.669812770322249,0.025845253576072924,-0.021474532909527833,-0.7912723469468527,0.012160845525586663,0.0036290309755763524,-69.0,6196.5
2025-07-17,6313.0,6321.5,6184.0,6196.5,6087.3349609375,151809,-0.018142925051497394,6234.0,6297.88,6242.646836904441,6190.230302683709,41.123729826658696,0.012135413870353492,-16.349808841869162,-18.556804740684072,2.2069958988149097,0.009613034623217942,-0.0037781350482315457,-0.056219381791957845,-0.006015399422521655,-0.016097480421983286,-114.5,6166.0
2025-07-18,6196.5,6225.0,6125.0,6166.0,6057.3720703125,148243,-0.004922133462438527,6226.35,6306.44,6235.347138151637,6189.280094735329,41.34615384615385,0.011567391548186201,-20.093810084757024,-18.864205809498664,-1.2296042752583602,0.01648532805802838,-0.02421269188162689,-0.02349004340981098,-0.00969267709010903,-0.022269299319425794,-30.5,6198.5
2025-07-21,6166.0,6234.5,6124.5,6198.5,6089.2998046875,94884,0.005270840090820572,6220.625,6308.41,6231.8378868991,6189.641659647669,49.344692005242464,0.011656678700741104,-20.205562510554046,-19.13247714970974,-1.0730853608443063,0.003155850461239673,-0.018137177253286896,-0.35994279662446116,-0.003556716567868984,-0.01742277372586751,32.5,6210.0
2025-07-22,6208.0,6229.0,6175.0,6210.0,6100.59716796875,117799,0.0018552875695732052,6217.825,6312.89,6229.758088146806,6190.440025935996,51.664447403462056,0.011564917850259857,-19.14547609189958,-19.13507693814771,-0.010399153751873058,-0.026645768025078342,-0.00893712097031596,0.24150541714092988,-0.0012584786480802882,-0.016298398990003043,11.5,6235.5
2025-07-23,6210.0,6259.0,6190.0,6235.5,6125.64794921875,98161,0.004106280193236778,6216.275,6315.59,6230.3049368947295,6192.207083742428,51.37307434695245,0.011608413366990202,-16.062553956578085,-18.520572341833784,2.4580183852556985,-0.011963238789415298,-0.004946940078193518,-0.16670769700931243,0.0030926881452317287,-0.012681317184934447,25.5,6226.0
2025-07-24,6235.5,6259.5,6176.5,6226.0,6116.31494140625,99684,-0.001523534600272658,6213.85,6316.5,6229.894942904755,6193.5322961446855,51.13333333333333,0.011606750694611348,-14.221944831108885,-17.660846839688805,3.4389020085799196,0.004760752037440419,-0.007729699577655569,0.015515326860973344,0.001955309510206979,-0.014327554816749782,-9.5,6062.0
2025-07-25,6226.0,6257.0,6031.0,6062.0,5955.20458984375,102809,-0.026341150016061632,6199.7,6313.5,6213.904948342397,6188.37416688411,43.57954545454545,0.012632962970776056,-25.700419791712193,-19.268761430093484,-6.431658361618709,-0.016866688290625986,-0.04460204885736796,0.03134906303920393,-0.022210752133167706,-0.03983527362002059,-164.0,6035.5
2025-07-28,6090.0,6131.5,6016.5,6035.5,5929.17138671875,157018,-0.004371494556252076,6185.975,6309.31,6196.914000881216,6182.379101516107,42.46954595791805,0.012619750158645304,-36.514604791708734,-22.717930102416535,-13.7966746892922,-0.026296684681777815,-0.04350237717908079,0.5272787401881158,-0.02432518721785981,-0.043397772498102075,-26.5,6090.5
2025-07-29,6009.5,6106.5,5977.5,6090.5,5983.2021484375,108186,0.009112749565073353,6180.075,6307.21,6186.779334130625,6178.775999495868,46.72349493873202,0.012410957054804885,-40.18367161744209,-26.211078405421645,-13.972593212020442,-0.01924315619967798,-0.019006201175807313,-0.3109961915194436,-0.014494160669571134,-0.03435909062802729,55.0,6101.0
2025-07-30,6070.0,6169.5,6062.0,6101.0,5993.51708984375,95734,0.0017239963878170617,6175.875,6305.54,6178.609873737232,6175.725960299951,48.04708400214018,0.012404362791675434,-41.762756206066115,-29.32141396555054,-12.441342240515574,-0.02157004249859673,-0.013581244947453497,-0.11509807183923981,-0.012123788127188456,-0.03243814169761828,10.5,6093.5
2025-07-31,6084.0,6138.5,6001.0,6093.5,5986.1494140625,138299,-0.001229306671037489,6169.8,6303.36,6170.504171476543,6172.501412837209,51.57955198161976,0.01233780455170052,-43.122292493950226,-32.08158967123048,-11.040702822719744,-0.021281721811757137,-0.01954947707160093,0.444617377316314,-0.012366689357839829,-0.033293354655294906,-7.5,6054.5
2025-08-01,6087.5,6087.5,6021.0,6054.5,5947.83642578125,126921,-0.006400262574874915,6162.075,6298.64,6159.4561551454435,6167.873906451436,42.18455743879472,0.01239868311324429,-46.80714522669132,-35.02670078232265,-11.780444444368669,-0.0012372154404487468,-0.024883234015139366,-0.08227102148244025,-0.017457593424292924,-0.03876074835202525,-39.0,6031.0
2025-08-04,6022.0,6078.0,5973.0,6031.0,5924.75048828125,145412,-0.003881410521100026,6154.875,6290.63,6147.222235607782,6162.50630227687,21.809369951534734,0.012374752403141856,-51.03536722269473,-38.22843407039707,-12.80693315229766,-0.0007455886007787793,-0.023319838056680142,0.14568905066931404,-0.020126322630435223,-0.04127249575956623,-23.5,5961.5
2025-08-05,6036.0,6055.0,5941.5,5961.5,5856.47509765625,86273,-0.011523793732382659,6144.375,6281.66,6129.534403645136,6154.623702187581,21.79176755447942,0.012590258945193533,-59.31063668141269,-42.4448745926002,-16.865762088812488,-0.02118052705032425,-0.034027383942315526,-0.40669958462850386,-0.029762994608890245,-0.05096741944008429,-69.5,5816.0
2025-08-06,5968.5,5972.0,5800.0,5816.0,5713.5380859375,120782,-0.024406609074897223,6127.575,6268.56,6099.673984250361,6141.34434131748,20.753266717909298,0.013581330985047428,-76.72504281936745,-49.30090823795366,-27.42413458141379,-0.046713653499426355,-0.0546163849154746,0.39999768177761297,-0.05084801083626064,-0.07219520910703581,-145.5,5865.0
2025-08-07,5805.0,5892.0,5733.0,5865.0,5761.6748046875,107906,0.008425034387895547,6113.95,6255.87,6077.324080988422,6130.507308324638,27.503736920777285,0.01380846078953217,-85.58561694090531,-56.55784997854399,-29.02776696236132,-0.037498974316895084,-0.04439918533604892,-0.1066052888675465,-0.040718357199519106,-0.06248051829721524,49.0,5759.5
2025-08-08,5850.0,5871.0,5735.0,5759.5,5658.03369140625,66575,-0.017988064791133795,6098.625,6242.27,6047.055120894286,6115.958002115829,20.417789757412393,0.014106806186043992,-99.9682819427835,-65.2399363713919,-34.7283455713916,-0.04872408952019158,-0.050527530497856854,-0.38302782051044426,-0.05560679661399086,-0.07733885269301077,-105.5,5676.5
2025-08-11,5759.5,5769.5,5665.0,5676.5,5576.49560546875,101170,-0.014410973174754704,6073.5,6227.46,6011.764156999592,6098.724354974032,17.209588199139517,0.013420860152946601,-116.71859461442364,-75.53566801999825,-41.18292659442538,-0.05877963853423973,-0.08132383880886873,0.5196395043184379,-0.0653659339754672,-0.08847266782925944,-83.0,5617.5
2025-08-12,5683.0,5730.0,5611.0,5617.5,5518.53515625,92704,-0.010393728529903945,6035.375,6211.67,5974.215189666298,6079.852811641717,13.518299881936244,0.010321243837428296,-133.21848523050085,-87.07223146209878,-46.14625376840206,-0.057703598087729624,-0.11951410658307215,-0.08368093308292968,-0.0692376198662055,-0.09565382578276052,-59.0,5671.0
2025-08-13,5639.5,5733.0,5581.5,5671.0,5571.0927734375,114397,0.00952380952380949,6003.375,6196.14,5945.337552555222,6063.819368047924,18.855218855218865,0.010841112966250706,-140.3597843145444,-97.72974203258792,-42.63004228195649,-0.02493122420907845,-0.10141023609570587,0.23400284777355895,-0.055364690694817496,-0.08475276543138152,53.5,5681.5
2025-08-14,5694.5,5767.5,5665.0,5681.5,5581.40771484375,88786,0.0018515253041790913,5977.625,6179.94,5920.210166597582,6048.826451653888,24.20338983050847,0.010508930063593555,-143.51767067025412,-106.88732776012117,-36.63034291013295,-0.03128729752770676,-0.08311143387396114,-0.22387824855546912,-0.049538905501767004,-0.08065450473629188,10.5,5677.5
2025-08-18,5725.0,5800.0,5663.5,5677.5,5577.47802734375,120374,-0.000704039426207892,5953.2,6164.03,5897.094912635907,6034.264630020403,24.965034965034974,0.010537570997792976,-144.6753574655213,-114.4449337012012,-30.230423764320108,-0.014237346991926358,-0.0792247810574116,0.35577681165949593,-0.04631122757508564,-0.07893050488073546,-4.0,5726.5
2025-08-19,5692.0,5744.0,5617.0,5726.5,5625.61474609375,90475,0.008630559225011103,5929.6,6145.93,5880.847778099154,6022.195428843133,24.330042313117062,0.010719446676616168,-140.02482310323194,-119.56091158160736,-20.46391152162458,0.008808244516867791,-0.07614745502944265,-0.248384202568661,-0.03425188882892612,-0.06824516387267676,49.0,5745.5
2025-08-20,5744.5,5824.5,5690.5,5745.5,5644.2802734375,136215,0.0033179079717104987,5906.375,6126.74,5867.957513518282,6011.34462771203,25.226480836236945,0.010765647303751244,-133.26984805467782,-122.30269887622146,-10.967149178456367,0.02278593680462837,-0.07479871175523345,0.5055540204476374,-0.027237518782671267,-0.06222558815944528,19.0,5659.0
2025-08-21,5760.0,5770.0,5650.0,5659.0,5559.30419921875,124725,-0.015055260638760726,5877.55,6107.43,5848.0567979451125,5997.527191331166,22.72441933458883,0.010874821025918068,-133.35902887926113,-124.51396487682939,-8.84506400243174,-0.0021160289190619297,-0.09245449442707077,-0.08435194361854426,-0.037183860622198056,-0.07342368230172107,-86.5,5579.5
2025-08-22,5659.0,5659.0,5555.5,5579.5,5481.20458984375,163567,-0.014048418448489142,5845.225,6089.55,5822.479960045578,5981.133968141709,21.624850657108723,0.01103671653452196,-138.25101922468548,-127.26137574640062,-10.989643478284862,-0.01795300536830058,-0.10383874076453581,0.31142112647825226,-0.045460183312019696,-0.08375824157778491,-79.5,5546.5
2025-08-25,5600.0,5638.0,5525.5,5546.5,5448.7861328125,149309,-0.005914508468500723,5819.45,6072.63,5796.196154326952,5964.089498802819,21.382161842882454,0.009882437273837148,-143.1407436352065,-130.4372493241618,-12.703494311044693,-0.023073535887274343,-0.08503794127350706,-0.08716917226579934,-0.04690305784910942,-0.086639561442077,-33.0,5478.5
2025-08-26,5540.0,5579.5,5455.0,5478.5,5381.98388671875,156243,-0.012259983773550864,5791.6,6054.66,5765.939377724385,5945.0467733595715,21.42011834319527,0.010037978350273324,-150.76499217752007,-134.50279789483346,-16.262194282686607,-0.04330743036758933,-0.09228730014083342,0.04644060304469244,-0.0540610539401893,-0.09515976124175426,-68.0,5338.0
2025-08-28,5490.0,5490.0,5320.0,5338.0,5243.95947265625,146049,-0.02564570594140736,5753.975,6033.06,5725.183246512539,5921.241017541549,21.547619047619037,0.010503918774108868,-166.22826391662602,-140.84789109919197,-25.38037281743405,-0.07092507179531804,-0.1235530744602249,-0.06524452295462835,-0.07229350144899836,-0.1152085343092892,-140.5,5234.0
2025-08-29,5338.0,5343.0,5221.0,5234.0,5141.79150390625,201277,-0.019482952416635446,5710.625,6008.75,5678.403889701822,5894.290389402665,14.74860335195531,0.01069659227898747,-184.74531996388396,-149.62737687213038,-35.117943091753574,-0.07510160805796073,-0.14210785117193903,0.3781470602332093,-0.0834628433840429,-0.12893696692323695,-104.0,5357.0
2025-09-01,5274.5,5384.0,5251.0,5357.0,5262.62451171875,162133,0.023500191058463793,5673.8,5991.49,5647.7939954445055,5873.220178053541,27.945205479452056,0.012709268823560362,-187.33565937454023,-157.16903337261238,-30.166626001927852,-0.039878125280042975,-0.12086649708705999,-0.19447825633331184,-0.055835595191934886,-0.10589853275228696,123.0,5425.5
2025-09-02,5395.0,5439.0,5304.5,5425.5,5329.91796875,162068,0.012787007653537463,5642.35,5973.62,5626.623138735505,5855.662524012226,36.02449888641425,0.013409627213887209,-181.7658608002739,-162.08839885814467,-19.67746194212924,-0.021815559361759718,-0.10388966884135764,-0.0004009054294931147,-0.0384325679902878,-0.09175675720919642,68.5,5427.5
2025-09-03,5449.0,5474.5,5394.0,5427.5,5331.88232421875,102124,0.0003686296193898819,5612.175,5955.91,5607.659030284503,5838.87183679606,38.7039239001189,0.01346823850377597,-175.17110851786856,-164.70494079008944,-10.466167727779123,-0.009309117459158522,-0.10006632399270432,-0.3698694375200533,-0.03290613710370759,-0.08872027952067776,2.0,5428.0
2025-09-04,5473.0,5493.0,5366.5,5428.0,5332.37353515625,149976,9.212344541675854e-05,5585.5,5939.15,5590.548646447884,5822.7592157452345,34.58121827411168,0.013430292569371102,-167.96814181777518,-165.3575809956266,-2.610560822148585,0.016860247283626784,-0.08949089994128989,0.4685676236731817,-0.028198012711485095,-0.086064504179891,0.5,5451.0
2025-09-05,5438.0,5486.5,5360.0,5451.0,5354.96826171875,129172,0.004237288135593209,5567.25,5922.84,5577.2582991671325,5808.180422970912,35.602748282323546,0.012714103926361056,-158.575867145988,-164.0012382256989,5.425371079710885,0.041459686664119255,-0.06275790921595603,-0.13871552781778418,-0.02088104539943419,-0.07966448528070995,23.0,5469.5
2025-09-08,5480.0,5500.0,5448.5,5469.5,5373.142578125,67959,0.0033938726839111144,5547.475,5906.74,5566.995604008358,5794.898837756367,37.23926380368098,0.012521161551876851,-147.93433152397938,-160.787856885355,12.853525361375631,0.021000560014933667,-0.06743393009377663,-0.473887529805221,-0.014055944371087812,-0.07402391166701087,18.5,5553.5
2025-09-09,5489.0,5681.5,5475.5,5553.5,5455.66259765625,401718,0.015357893774567977,5537.175,5890.91,5565.710308388514,5785.432216667883,39.8235294117647,0.01269672329425392,-131.21023003637765,-154.87233151555955,23.6621014791819,0.023592295640954664,-0.03576699366264435,4.911181741932636,0.0029482542993493647,-0.057276380049941324,84.0,5843.5
2025-09-10,5590.0,5860.0,5590.0,5843.5,5740.5537109375,596016,0.052219321148825104,5545.525,5881.58,5592.166469494369,5787.709384641692,54.37109723461195,0.01715619992429345,-93.47812510977928,-142.5934902344035,49.11536512462422,0.07664670658682637,0.029419536686338343,0.48366764745418434,0.05373251405412479,-0.006474450742827595,290.0,5752.5
2025-09-11,5843.5,5850.0,5746.0,5752.5,5651.15673828125,133727,-0.015572858731924377,5552.275,5872.46,5607.436329542525,5786.328624459666,54.15370946246113,0.017384156200929837,-70.109916120452,-128.0967754116132,57.98685929116121,0.059782608695652106,0.024032042723631575,-0.7756318622318864,0.03606179448964621,-0.02042755506210345,-91.0,5721.5
2025-09-12,5752.5,5786.0,5661.0,5721.5,5620.703125,141104,-0.005388961321164731,5554.8,5863.19,5618.29953625276,5783.7863254612475,56.59238625812442,0.017333948852337203,-53.47545134396569,-113.1725105980837,59.69705925411802,0.04962392221610723,0.008904955034385376,0.05516462644043463,0.030010081371066432,-0.024166025661798374,-31.0,5685.0
2025-09-15,5721.5,5749.5,5660.0,5685.0,5584.84619140625,108324,-0.0063794459494888045,5554.975,5852.59,5624.6519613715445,5779.912351913747,56.40906987505784,0.01739986142828162,-42.74502507926627,-99.08701349432022,56.34198841505395,0.03940031081451689,0.0006160344979317944,-0.2323109196053974,0.023406946025859635,-0.02863518544781031,-36.5,5707.0
2025-09-16,5707.0,5722.0,5640.0,5707.0,5606.45849609375,114558,0.003869832893579561,5556.45,5842.55,5632.494631717112,5777.053043995562,61.04398260028999,0.017417781437729533,-32.09588740659001,-85.68878827677418,53.59290087018417,0.027640226883947072,0.005195948921180138,0.05754957350171708,0.027094637763320138,-0.023200486089122074,22.0,5683.0
2025-09-17,5722.0,5768.0,5664.0,5683.0,5582.88134765625,126105,-0.004205361836341348,5554.275,5832.71,5637.304666791672,5773.36468932907,68.79084967320262,0.017334884753937383,-25.30131074102701,-73.61129276962474,48.30998202859773,-0.02746641567553687,-0.0075962629878634225,0.10079610328392596,0.02317584203158835,-0.025667314164427864,-24.0,5733.5
2025-09-18,5710.0,5782.0,5691.0,5733.5,5632.49169921875,164737,0.008886151680450372,5553.675,5823.95,5646.466127097227,5771.801368178911,78.88953152111047,0.01743944297724593,-15.66110041056072,-62.021254297811936,46.360153887251215,-0.0033029117774880934,-0.002088591071273127,0.30634788469925844,0.0323794604473614,-0.015530696520402789,50.5,5722.5
2025-09-19,5735.0,5753.0,5690.0,5722.5,5621.685546875,155191,-0.0019185488793930228,5556.85,5815.36,5653.707448326063,5769.867981191503,74.28571428571429,0.01708484041407344,-8.807247867767728,-51.3784530118031,42.571205144035375,0.00017477934108178772,0.011221063792189456,-0.05794690931606139,0.029810054257357967,-0.015968057007648653,-11.0,5607.0
2025-09-22,5699.5,5699.5,5565.0,5607.0,5508.22021484375,188343,-0.020183486238532056,5558.225,5804.75,5649.259119914057,5763.481001536934,61.35084427767354,0.017415361934148145,-12.55072809358171,-43.61290802815883,31.062179934577117,-0.013720316622691242,0.0049287570570839545,0.2136206352172485,0.008775283476289577,-0.03406692794694001,-115.5,5555.5
2025-09-23,5595.0,5640.0,5501.0,5555.5,5457.62744140625,136231,-0.009184947387194553,5558.675,5794.54,5640.329679922243,5755.324883829603,57.53828032979976,0.01749283594389427,-19.44888806430663,-38.78010403538838,19.331215971081754,-0.02654634659190469,0.0016226449112053398,-0.2766866833383773,-0.0005711792828327222,-0.041252627473449134,-51.5,5504.5
2025-09-24,5570.0,5581.0,5492.0,5504.5,5407.52587890625,136459,-0.009180091800918055,5559.975,5781.05,5627.393519929648,5745.488613875501,54.25236242356864,0.01739040356149264,-28.70016567026687,-36.764116362364085,8.063950692097215,-0.03140946683089918,0.004745824587021996,0.0016736278820532746,-0.00997756284875388,-0.04783733058873391,-51.0,5461.5
2025-09-25,5500.0,5549.5,5430.0,5461.5,5365.28369140625,135297,-0.0078117903533472255,5566.15,5762.68,5611.594137079205,5734.351805488226,50.570962479608475,0.016415678969980696,-39.051449655901706,-37.22158302107161,-1.829866634830097,-0.04744048138135515,0.023136005994754516,-0.00851537824548032,-0.018801146214169513,-0.052263877223791756,-43.0,5303.0
2025-09-26,5451.0,5460.0,5295.0,5303.0,5209.57568359375,155688,-0.02902133113613481,5569.6,5742.52,5582.204219262138,5717.436048410256,42.14252005663049,0.017171503578967625,-59.360273865093404,-41.64932118987597,-17.710952675217435,-0.07330712101354309,0.01318303400840648,0.15071287611698714,-0.04786699224360822,-0.07653782659877552,-158.5,5301.0
2025-09-29,5303.0,5369.5,5258.5,5301.0,5207.611328125,131890,-0.0003771450122571629,5566.8,5724.61,5555.422865046697,5701.105222982404,37.084398976982094,0.016318555192364366,-74.7548196259686,-48.270420877094494,-26.4843987488741,-0.054574638844301804,-0.010453612096322562,-0.15285699604336878,-0.04774735934468639,-0.07399805401590671,-2.0,5227.0
2025-09-30,5315.0,5322.0,5210.0,5227.0,5134.91455078125,270642,-0.013959630258441824,5556.875,5705.83,5524.144496947011,5682.512861296819,9.520682862770855,0.016276840520543255,-91.86730055399312,-56.989796812474225,-34.87750374151889,-0.05913059130591303,-0.036586489724449334,1.0520282053226175,-0.05936340119221685,-0.08391942977621134,-74.0,5226.0
2025-10-01,5266.5,5266.5,5176.0,5226.0,5133.9326171875,172390,-0.00019131432944330395,5546.8,5686.38,5495.749782952057,5664.610396147925,10.796723752792246,0.01627350763704116,-104.30736623203029,-66.45331069638544,-37.85405553564485,-0.05059496775365613,-0.037125748502993994,-0.36303308429585945,-0.05783514819355307,-0.08096187732793096,-1.0,5355.5
2025-10-03,5222.5,5369.0,5190.0,5355.5,5261.15087890625,170657,0.02477994642173753,5543.175,5669.29,5482.392660766147,5652.488419828398,26.233766233766232,0.017324260911818684,-102.53468417086788,-73.66958539128193,-28.86509877958595,-0.019408587384418197,-0.013356669123065545,-0.010052787284645315,-0.03385695021355093,-0.05534908251297781,129.5,5394.0
2025-10-06,5389.5,5435.0,5297.5,5394.0,5298.97265625,163367,0.007188871253851259,5540.325,5652.46,5473.974312121752,5642.351619050814,31.152849740932638,0.017379506512218767,-96.90611920362244,-78.31689215375003,-18.589227049872406,0.017160098057703133,-0.010456796917996725,-0.04271726328249059,-0.026410905497421148,-0.04572522406173596,38.5,5389.5
2025-10-07,5420.0,5427.5,5313.5,5389.5,5294.5517578125,158874,-0.0008342602892101869,5536.325,5635.73,5465.929139538728,5632.435869284116,28.95957587806494,0.017356834927601327,-91.7509059762524,-81.00369491825052,-10.74721105800188,0.016694963214487935,-0.014626565499588629,-0.027502494383810694,-0.026520300018514055,-0.04369087944241466,-4.5,5460.0
2025-10-08,5389.5,5553.0,5346.5,5460.0,5363.81005859375,378764,0.013080990815474536,5531.65,5623.69,5465.364459582659,5625.673678331797,36.079900124843945,0.017253850396501794,-81.04239525992307,-81.01143498658503,-0.030960273338038746,0.04457623876028305,-0.016836229404879832,1.3840527713785766,-0.012952735621378728,-0.029107223193312506,70.5,5573.0
2025-10-09,5460.0,5604.0,5433.0,5573.0,5474.8193359375,361874,0.020695970695970622,5518.125,5614.44,5475.615463431929,5623.608043887414,40.70642733063115,0.013105399509887006,-62.714731362400926,-77.35209426174822,14.637362899347295,0.06639877535399918,-0.04629075040643449,-0.044592411105596086,0.009944501075999547,-0.007380967647708338,113.0,5407.5
2025-10-10,5549.5,5622.0,5400.0,5407.5,5312.23486328125,791616,-0.029696752198097975,5500.875,5600.78,5469.128276438412,5615.133218636927,34.52848722986248,0.014194384944405615,-60.84303193998403,-74.05028179739539,13.207249857411355,0.00970964429091592,-0.059973924380704036,1.1875459414050193,-0.01697457222714568,-0.034509479036848395,-165.5,5352.0
2025-10-13,5369.5,5390.5,5295.0,5352.0,5257.71240234375,232299,-0.010263522884882081,5482.4,5585.8,5457.973202491897,5604.81426888646,36.6910229645094,0.014279312434266021,-63.11058331056938,-71.86234210003019,8.751758789460808,-0.007786429365962189,-0.0645809665297562,-0.7065509034683484,-0.023785203560484396,-0.04185613519997139,-55.5,5335.0
2025-10-14,5370.0,5410.0,5312.5,5335.0,5241.01220703125,174112,-0.003176382660687649,5464.9,5570.63,5446.2614689212405,5594.233317165423,38.061721710882516,0.014260141915925001,-65.52407132672033,-70.59468794536822,5.07061661864789,-0.01011225531125337,-0.06156552330694809,-0.25048321344474145,-0.023769876850445504,-0.04229862690575394,-17.0,5367.5
2025-10-15,5335.0,5382.5,5320.5,5367.5,5272.939453125,141704,0.006091846298031944,5447.925,5556.89,5438.7603766430275,5585.3418145314845,42.430939226519335,0.01432560354976458,-64.07567508493776,-69.29088537328214,5.21521028834438,-0.016941391941391992,-0.059488347643245176,-0.18613306377504135,-0.014762501319309678,-0.03408201350035727,32.5,5403.5
2025-10-16,5388.0,5430.0,5355.0,5403.5,5308.30517578125,122296,0.0067070330693992375,5433.95,5544.34,5435.402245534168,5578.210762981231,46.770601336302896,0.014482785003205522,-59.33888970935368,-67.30048624049645,7.961596531142774,-0.030414498474789164,-0.049181770191800145,-0.1369615536611528,-0.0056036584804791765,-0.025402482531735094,36.0,5369.5
2025-10-17,5403.5,5420.0,5335.5,5369.5,5274.904296875,193891,-0.006292218006847428,5415.75,5532.5,5429.1258411975805,5570.026027178046,54.29864253393666,0.014255126506600668,-57.663757124958465,-65.37314041738887,7.709383292430402,-0.007027276930189563,-0.06348652655446063,0.5854238895793811,-0.008539906753450585,-0.029462268413917757,-34.0,5397.5
2025-10-20,5369.5,5425.0,5351.5,5397.5,5302.4111328125,91698,0.005214638234472435,5399.5,5524.13,5426.113856321621,5563.260300622045,56.035021888680426,0.01437699295451504,-53.46057624402147,-62.99062758271539,9.530051338693923,0.008501494768310858,-0.05679335954565312,-0.527064175232476,-0.00037040466709880546,-0.02292306661863499,28.0,5354.5
2025-10-21,5424.5,5445.0,5270.0,5354.5,5260.16845703125,46044,-0.00796665122742013,5386.875,5513.92,5419.293489052895,5555.073622166279,58.295380611581,0.013850350553755766,-52.98844790432486,-60.990191647037285,8.001743742712428,0.0036551077788191666,-0.045032994471196686,-0.49787345416475826,-0.006009977955679313,-0.028912280192676002,-43.0,5471.0
2025-10-23,5401.5,5490.0,5364.5,5471.0,5374.6162109375,289323,0.021757400317490072,5382.65,5508.15,5424.2179186669055,5551.776617375445,63.85746606334842,0.01473041403777458,-42.72124253385755,-57.33640182440134,14.615159290543794,0.019282720074522697,-0.01521015210152099,5.283620015637217,0.01641384819744928,-0.006744551255866242,116.5,5544.0
2025-10-24,5499.5,5569.0,5462.0,5544.0,5446.330078125,216677,0.013343081703527604,5384.625,5505.5,5435.625735936724,5551.471651988173,61.389728096676734,0.014904907409515175,-28.366922171994702,-51.542505893920016,23.175583721925314,0.02600166558711936,0.007175946952493462,-0.25108961264745633,0.029598161431854585,0.006993006993006993,73.0,5585.5
2025-10-27,5549.0,5625.0,5520.0,5585.5,5487.09912109375,212923,0.00748556998557004,5390.825,5504.86,5449.899475371321,5552.806097008245,61.52919927754365,0.014850304751801177,-13.486848701339113,-43.93137445540384,30.444525754064728,0.04022720923735923,0.022704385242149572,-0.017325327561300896,0.03611228337035615,0.014648873904150211,41.5,5545.0
2025-10-28,5600.0,5600.0,5521.5,5545.0,5447.3125,138538,-0.007250917554381897,5402.925,5502.34,5458.956668193101,5552.4999755569415,58.9728793998846,0.013225291893668749,-4.905744430012419,-36.12624845032556,31.220504020313143,0.02732746641963879,0.04563454648312271,-0.3493516435518943,0.026295941550178805,0.007753065059592801,-40.5,5538.5
2025-10-29,5556.5,5574.5,5492.0,5538.5,5440.9267578125,81128,-0.0011722272317402638,5414.8,5499.48,5466.532223603283,5551.95095690765,54.890965732087224,0.013235007357616943,1.3547303629638918,-28.63005268766767,29.984783050631563,0.03436361938556365,0.04480286738351258,-0.4143989374756385,0.022844795744995164,0.007095216274993352,-6.5,5539.5
2025-10-30,5555.0,5587.0,5502.5,5539.5,5441.9091796875,123485,0.0001805543017061595,5430.425,5496.72,5473.481535641065,5551.462684087742,47.57422157856626,0.012688392074234953,6.323994313439471,-21.639243287446245,27.963237600885716,0.012520562968378668,0.05978572795102344,0.5221008776254807,0.020085904878531572,0.007782823210933019,1.0,5454.5
2025-10-31,5539.5,5539.5,5412.5,5454.5,5358.40673828125,87662,-0.015344345157505157,5441.85,5491.28,5471.673770341917,5547.660225888223,53.852459016393446,0.013324449200709246,3.3645971884452592,-16.638475192267943,20.003072380713203,-0.016143578643578627,0.04372368924607728,-0.29010001214722436,0.002324577119913198,-0.0066978919304788226,-85.0,5434.0
2025-11-03,5453.0,5455.0,5394.5,5434.0,5338.26806640625,67952,-0.0037583646530388037,5445.775,5485.05,5468.085792214115,5543.202962127901,57.130434782608695,0.012268300962283905,-0.6276894159054791,-13.436318036995452,12.808628621089973,-0.027123802703428512,0.014657828400709505,-0.22484086605370623,-0.0021622266803163256,-0.009307116616986204,-20.5,5381.0
2025-11-04,5440.0,5464.0,5360.0,5381.0,5286.20166015625,89899,-0.009753404490246642,5445.125,5479.49,5459.791907241342,5536.842061652297,53.764320785597384,0.012388239728141693,-7.976316363291517,-12.344317702254667,4.3680013389631505,-0.029576194770063124,-0.002410085279940688,0.32297798445961856,-0.01177658915084594,-0.017974300527968806,-53.0,5242.5
2025-11-06,5379.5,5379.5,5221.0,5242.5,5150.1416015625,222332,-0.025738710276900223,5437.775,5472.75,5439.097439885025,5525.299235705149,41.28312412831241,0.013658049518529908,-24.69132247462494,-14.813718656728723,-9.877603817896217,-0.053444073305046524,-0.02727525744503201,1.4731309580751732,-0.03591082749837933,-0.04207208441825408,-138.5,5180.0
2025-11-07,5213.0,5213.0,5126.5,5180.0,5088.74267578125,172150,-0.011921793037672823,5423.775,5465.42,5414.421493229308,5511.758089206908,34.969737726967054,0.01341526165371394,-42.49149737695643,-20.349274400774263,-22.14222297618217,-0.06489755393086016,-0.05128205128205132,-0.22570750049475563,-0.0449456328848449,-0.05222288497498821,-62.5,5207.0
2025-11-10,5180.0,5249.0,5151.0,5207.0,5115.26708984375,110874,0.005212355212355302,5405.475,5459.99,5394.667065302707,5499.8067915909505,38.96809232858113,0.012412908315934414,-53.79942361237954,-27.03930424309532,-26.760119369284222,-0.04537537812815107,-0.0656737843172438,-0.3559453964565785,-0.03671740226344592,-0.04633524969825948,27.0,5283.5
2025-11-11,5206.5,5306.5,5174.0,5283.5,5190.41943359375,102792,0.01469176109083925,5399.275,5458.9,5384.079725750068,5491.324172312874,42.738853503184714,0.011372740222132917,-55.94324703201346,-32.82009280087895,-23.123154231134507,-0.027695988222304013,-0.022931114193250113,-0.07289355484604143,-0.02144269369498676,-0.032131015406034115,76.5,5388.0
2025-11-12,5283.5,5480.0,5269.0,5388.0,5293.07861328125,208841,0.019778555881518,5401.075,5461.98,5384.453085202443,5487.2722439868785,51.978735971647964,0.012061521028371113,-48.649168548456146,-35.98590795039439,-12.663260598061754,0.0013008734435977498,0.006726457399103047,1.0316853451630479,-0.002420814374916071,-0.013544538793624212,104.5,5307.5
2025-11-13,5408.5,5422.5,5300.0,5307.5,5213.99658203125,72589,-0.014940608760207863,5399.7,5460.99,5377.124219945068,5480.222352065824,39.913633559531156,0.012523352255819529,-48.80168063628389,-38.54906248757229,-10.252618148711598,0.012398664759179834,-0.005154639175257714,-0.6524197834716363,-0.01707502268644551,-0.0281066253554758,-80.5,5266.5
2025-11-14,5300.0,5306.5,5234.5,5266.5,5173.71875,125968,-0.00772491756947713,5394.65,5457.81,5366.588579950299,5471.841083357362,32.17726396917148,0.012540023584325467,-51.63568092576497,-41.16638617521083,-10.469294750554141,0.016698841698841616,-0.018816953889147614,0.7353593519679291,-0.023755016544168693,-0.035052521066141984,-41.0,5303.0
2025-11-17,5266.5,5312.0,5200.0,5303.0,5209.57568359375,135921,0.006930599069590704,5389.625,5455.32,5360.532524716938,5465.219864402171,31.73884938590821,0.012547235256071754,-50.355929802984065,-43.00429490076548,-7.351634902218585,0.01843671980026884,-0.018599056167298955,0.07901213006477836,-0.01607254679128882,-0.02792136849900642,36.5,5277.0
2025-11-18,5302.0,5349.0,5260.0,5277.0,5184.03369140625,134520,-0.004902885159343784,5385.0,5452.3,5352.577046172467,5457.838693249145,32.34519104084322,0.012519412778640736,-50.853493113592776,-44.57413454333094,-6.279358570261834,-0.001230245102678107,-0.01722692988173946,-0.010307458008696258,-0.020055710306406686,-0.03215156906259747,-26.0,5347.5
2025-11-19,5270.0,5385.0,5251.5,5347.5,5253.2919921875,137005,0.013359863558840335,5382.5,5450.23,5352.093517965565,5453.511685670747,38.39611178614824,0.012853198183816781,-45.03986330722,-44.66728029610876,-0.3725830111112458,-0.007516703786191514,-0.009263547938860639,0.018473089503419526,-0.006502554575011612,-0.018848745832744596,70.5,5366.5
2025-11-20,5399.0,5399.0,5336.0,5366.5,5271.95703125,161695,0.0035530621785881955,5383.1,5448.17,5353.465563873608,5450.099462703267,39.714625445897745,0.012753372086166042,-38.45608082863964,-43.42504040261494,4.968959573975297,0.011116344795101263,0.00224110561210189,0.18021240100726255,-0.0030837249911761554,-0.014990354559420884,19.0,5320.5
2025-11-21,5324.0,5366.5,5300.0,5320.5,5226.767578125,162673,-0.008571694773129579,5375.575,5443.51,5350.325986361835,5445.017130832551,41.64588528678305,0.011823029962919058,-36.52911642714753,-42.04585560752146,5.516739180373932,0.010253489034463215,-0.027508682142204366,0.006048424502922201,-0.010245415606702505,-0.022597551947181178,-46.0,5231.0
2025-11-24,5326.0,5405.0,5129.0,5231.0,5138.84423828125,5075701,-0.016821727281270515,5359.925,5431.26,5338.961606708327,5436.62430217245,38.3467278989667,0.011777013143841508,-41.74270139546934,-41.985224765111035,0.2425233696416953,-0.013577220441259641,-0.05645743145743143,30.201865091318165,-0.024053508211402244,-0.03687173878621171,-89.5,5164.0
2025-11-25,5165.0,5213.0,5150.0,5164.0,5073.0244140625,188860,-0.01280825845918565,5338.85,5419.49,5322.298596545629,5425.933153067648,37.740112994350284,0.011715045785083896,-50.69644800716924,-43.727469413522684,-6.968978593646554,-0.02141368201629712,-0.07546325306597435,-0.9627913464563811,-0.03275049870290425,-0.04714281233104956,-67.0,5229.5
2025-11-26,5174.5,5244.0,5125.0,5229.5,5137.37060546875,169001,0.012683965917893003,5323.075,5409.65,5313.460634969855,5418.2298921630345,49.199507389162555,0.012246472430889636,-51.908683124515846,-45.363712155721316,-6.54497096879453,-0.022066386161757823,-0.056898106402164084,-0.1051519644180875,-0.017579124847949695,-0.033301599918663806,65.5,5197.0
2025-11-27,5231.5,5261.5,5165.0,5197.0,5105.443359375,106818,-0.006214743283296631,5306.0,5399.89,5302.369145925107,5409.554210117426,51.086956521739125,0.012261936141104917,-54.8594806309884,-47.26286585077473,-7.59661478021367,-0.03158483182707539,-0.061659294032680334,-0.36794456837533507,-0.020542781756502072,-0.03757298759789557,-32.5,5158.5
2025-11-28,5205.5,5206.0,5150.0,5158.5,5067.62158203125,136784,-0.007408120069270718,5286.95,5388.92,5288.667322503668,5399.7089469755665,46.943919344675486,0.012272307100910948,-59.61740482402729,-49.733773645425245,-9.883631178602045,-0.030448266140400304,-0.0687787706471703,0.28053324346083985,-0.0242956714173578,-0.04275810366455618,-38.5,5123.0
2025-12-01,5183.5,5194.0,5106.0,5123.0,5032.7470703125,110148,-0.006881845497722194,5270.375,5377.72,5272.889482265224,5388.857615721623,39.33554817275748,0.011984406990823652,-65.49763141602034,-52.88654519954427,-12.611086216476068,-0.02064614796406039,-0.06077550646255381,-0.19473037782196745,-0.027962905865332163,-0.04736579814493879,-35.5,5127.0
2025-12-02,5123.0,5166.5,5097.0,5127.0,5036.67626953125,227935,0.0007807925043918917,5255.025,5365.59,5258.995245859012,5378.588689614893,29.98466257668713,0.012013467745588677,-69.03914647908005,-56.117065455451424,-12.922081023628621,-0.007164988381099913,-0.05649613544350385,1.069352144387551,-0.0243623959924072,-0.04446668493120051,4.0,5174.5
2025-12-03,5130.0,5229.0,5130.0,5174.5,5083.33984375,289306,0.009264677199141813,5244.7,5354.63,5250.948079586726,5370.58521159078,39.25686591276253,0.012188419787451775,-67.23789307858169,-58.34123098007748,-8.896662098504208,-0.010517257864040563,-0.038375766586136395,0.26924781187619273,-0.01338494098804504,-0.033640046090953085,47.5,5216.5
2025-12-04,5171.5,5258.0,5170.5,5216.5,5124.599609375,273807,0.008116726253744266,5243.4,5346.82,5247.667310102276,5364.542654273495,45.96774193548387,0.010993420624446332,-61.70998351319213,-59.014981486700414,-2.6950020264917143,0.0037521647104099554,-0.004959465903671911,-0.05357303339716424,-0.005130258992256864,-0.024373365851103966,42.0,5217.5
2025-12-05,5220.0,5269.0,5196.0,5217.5,5125.58203125,262396,0.0001916994153168261,5245.275,5340.06,5244.794232949678,5358.776275674535,42.68605645851155,0.010641166072248076,-56.59598048033058,-58.53118128542645,1.9352008050958673,0.011437433362411653,0.007239382239382142,-0.04167534065966172,-0.005295241908193496,-0.02295105298442347,1.0,5034.5
2025-12-08,5217.5,5229.5,5008.0,5034.5,4945.80615234375,242850,-0.0350742692860565,5236.65,5330.66,5224.766210763995,5346.059558981416,33.648010788941335,0.013192369456633265,-66.54260510722906,-60.133466049786975,-6.40913905744209,-0.01727503415967202,-0.03312848089110809,-0.07449046479367061,-0.03860292362483642,-0.05555784837149619,-183.0,4979.5
2025-12-09,5034.0,5035.0,4948.0,4979.5,4891.77490234375,146223,-0.01092462012116402,5221.45,5321.02,5201.4075240245675,5331.684674315477,24.655647382920122,0.012763965482612553,-77.96468873107096,-63.69971058604378,-14.264978145027186,-0.02876926077628239,-0.057537617109870376,-0.3978875849289685,-0.0463377031284413,-0.06418318292357487,-55.0,4863.0
2025-12-10,5002.5,5003.0,4855.0,4863.0,4777.32763671875,183782,-0.023395923285470466,5195.2,5312.22,5169.178236022228,5313.304883165852,19.42926533090467,0.012375037045239559,-95.31857545936873,-70.02348356070877,-25.29509189865996,-0.060199053048603735,-0.09743875278396441,0.256861095723655,-0.06394364028333843,-0.08456351581824552,-116.5,5016.5
2025-12-11,4895.0,5026.5,4864.0,5016.5,4928.123046875,139396,0.031564877647542566,5180.65,5306.53,5154.637451639158,5301.665475982877,33.673469387755105,0.014588011565363612,-95.583659642969,-75.13551877716083,-20.44814086580817,-0.03833988306335667,-0.05482807348092322,-0.2415144029339108,-0.03168521324544211,-0.05465530205237693,153.5,5030.5
2025-12-12,5026.5,5040.0,4988.5,5030.5,4941.87646484375,82176,0.002790790391707265,5168.85,5302.6,5142.814837197333,5291.031535748254,38.28170660432495,0.014587411382967614,-93.58526509002968,-78.8254680397346,-14.759797050295077,-0.03584091998083372,-0.04481154466913506,-0.4104852363052024,-0.02676610851543387,-0.051314449515332164,14.0,5048.5
2025-12-15,5045.5,5126.0,5016.0,5048.5,4959.5595703125,114281,0.003578173143822694,5156.125,5299.05,5133.832471749968,5281.520495130676,42.83942963422195,0.014496087410833991,-89.51717516861027,-80.96380946550974,-8.553365703100525,0.002780812394478138,-0.04799170280973031,0.39068584501557635,-0.02087323329050401,-0.047282059991885374,18.0,4998.0
2025-12-16,5044.0,5044.0,4980.0,4998.0,4909.94921875,66003,-0.010002971179558284,5142.175,5291.9,5120.896045869019,5270.402044341238,35.375868603916615,0.014587817069978252,-89.33827651030606,-82.638702874469,-6.699573635837055,0.003715232453057604,-0.05287094940306991,-0.42244992605945,-0.02803774667334351,-0.05553770857348016,-50.5,4968.5
2025-12-17,5000.0,5052.5,4950.5,4968.5,4880.96875,72380,-0.005902360944377794,5123.225,5283.39,5106.382136738636,5258.562748484719,35.51046290424857,0.014105798576750157,-90.53329007989396,-84.217620315554,-6.315669764339958,0.021694427308246,-0.0708742402992052,0.09661682044755548,-0.030200703658340274,-0.05959999167201367,-29.5,5013.5
2025-12-18,4980.0,5049.5,4934.5,5013.5,4925.17626953125,105540,0.009057059474690599,5105.575,5275.87,5097.536218954005,5248.952444622574,40.880503144654085,0.014304457235165602,-86.84809227737787,-84.74371470791878,-2.104377569459089,-0.0005980265125087314,-0.06577844032423363,0.45813760707377726,-0.01803420770432318,-0.049730186680111504,45.0,5413.5
2025-12-19,5116.0,5450.0,5062.0,5413.5,5318.12890625,1773370,0.07978458162960012,5110.225,5274.94,5127.628007625051,5255.405289931493,62.52695127210004,0.023364898777280502,-51.06227528364161,-78.00742682306335,26.945151539421744,0.07613557300467155,0.017479560191711263,15.802823574000378,0.05934670195539328,0.026267597356557686,400.0,5458.5
2025-12-22,5410.5,5506.5,5397.5,5458.5,5362.33642578125,455234,0.00831255195344971,5121.6,5272.65,5159.1396259464755,5263.369788365552,63.80674718867139,0.023022581657023533,-18.85330441637143,-66.17660234172497,47.32329792535354,0.08121224125978022,0.04349072835021994,-0.7432944055668023,0.06578022492970939,0.03524793035760014,45.0,5429.0
2025-12-23,5440.0,5483.5,5402.5,5429.0,5333.35595703125,159234,-0.005404415132362339,5134.85,5273.08,5184.840613951574,5269.8650907825895,60.76109936575052,0.022824252694126957,4.243220387517795,-52.09263779587642,56.335858183394215,0.08623449379751902,0.05131680867544541,-0.6502150542358436,0.05728502293153639,0.029569056414846744,-29.5,5387.5
2025-12-24,5429.5,5435.0,5363.0,5387.5,5292.58740234375,96729,-0.007644133357892824,5142.75,5273.79,5204.141507860948,5274.47822447739,57.23350253807107,0.022811016470868587,18.979891155379846,-37.87813200562517,56.858023161005015,0.08433128710878535,0.030213213500334568,-0.3925355137721843,0.04759126926255408,0.021561343929128774,-41.5,5348.0
2025-12-26,5370.0,5425.0,5335.0,5348.0,5253.783203125,84561,-0.007331786542923435,5150.3,5274.05,5217.842316636095,5277.3614313606295,55.34616960262187,0.02283284837678473,27.158423624156057,-24.870820879668926,52.029244503824984,0.06671985638775313,0.02905522416778905,-0.12579474614645036,0.03838611343028558,0.014021482541879545,-39.5,5315.5
2025-12-29,5349.0,5369.5,5279.5,5315.5,5221.85546875,96723,-0.006077038145100966,5158.15,5273.01,5227.143048385039,5278.8570615033495,63.13084112149533,0.022806908656543542,30.664015460100018,-13.763853611715138,44.42786907181515,-0.01810289092084605,0.030435204032179808,0.14382516763046804,0.030505122960751505,0.008058016199476159,-32.5,5193.0
2025-12-30,5318.0,5342.0,5175.5,5193.0,5101.513671875,141898,-0.023045809425265684,5161.65,5268.8,5223.891329491225,5275.490117914984,59.38461538461538,0.023407024538693866,23.289034528603224,-6.353275983651467,29.642310512254692,-0.048639736191261385,0.013663868826859327,0.46705540564291836,0.006073639243265306,-0.014386577588824815,-122.5,5240.5
2025-12-31,5193.0,5264.0,5180.0,5240.5,5148.1767578125,82797,0.00914692855767374,5167.325,5266.22,5225.473107634918,5274.117956428121,67.66495086569958,0.023478826858802995,21.034687251463765,-0.8756833366284207,21.910370588092185,-0.03472094308344076,0.022137702360054634,-0.4165034038534722,0.014161098827730052,-0.004883958512937221,47.5,5211.5
2026-01-01,5250.0,5253.0,5185.0,5211.5,5119.68798828125,45872,-0.00553382310848205,5169.175,5262.5,5224.142335479211,5271.6623502936845,60.32838983050848,0.023449445105539056,16.715358903259585,2.6425251113491806,14.072833791910405,-0.0326682134570766,0.007150449318774843,-0.4459702646231144,0.008187960361179457,-0.009691211401425178,-29.0,5337.5
2026-01-02,5211.5,5377.5,5197.5,5337.5,5243.46826171875,126422,0.02417730020147757,5175.225,5262.16,5234.93830352881,5274.244218909618,64.53598484848484,0.02398882702521672,23.192063372294797,6.7524327635383035,16.439630608756495,-0.0019633507853402676,0.02319562925333085,1.7559731426578304,0.03135612461293946,0.014317314562841143,126.0,5363.5
2026-01-05,5368.5,5398.0,5292.5,5363.5,5269.01025390625,150166,0.004871194379391097,5182.525,5260.01,5247.182274621305,5277.744445619045,64.80263157894737,0.02399910314206087,30.076181536099284,11.4171825180505,18.65899901804878,0.00903019471357358,0.02798275035936748,0.18781541187451545,0.03492023675717925,0.0196748675382746,26.0,5345.0
2026-01-06,5350.0,5392.5,5309.5,5345.0,5250.8359375,92573,-0.0034492402349212137,5198.05,5256.03,5256.498248466895,5280.381918339867,66.81201550387597,0.022443701565000456,33.65118942470781,15.863983899381964,17.787205525325845,0.02927017138455623,0.06167444632038932,-0.3835288946898765,0.028270216715883804,0.016927224540194834,-18.5,5853.0
2026-01-07,5340.0,5923.0,5336.0,5853.0,5749.88623046875,2893997,0.09504209541627695,5241.725,5261.38,5313.307939089096,5302.837529385363,79.2783846408474,0.03012136779302792,76.59284871721138,28.009756862947846,48.583091854263536,0.11687816048087019,0.175419218797068,30.26178259319672,0.11661714416532717,0.11244578418589797,508.0,5716.5
2026-01-08,5853.0,5950.0,5645.5,5716.5,5615.791015625,1039700,-0.023321373654536126,5284.4,5264.81,5351.707182985373,5319.059587056526,71.94132334581772,0.03011721379327542,98.47485700943253,42.10277689224478,56.37208011718774,0.09690108414084242,0.17550894509561998,-0.640739088533955,0.08176898039512535,0.0857941692102848,-136.5,5691.0
2026-01-09,5662.0,5836.5,5646.0,5691.0,5590.740234375,533373,-0.004460771451062717,5318.125,5267.86,5384.020784605814,5333.645485603329,61.30346232179226,0.02974204214479139,112.4624719733165,56.174715908459135,56.28775606485736,0.06622950819672124,0.13445629422904415,-0.4869933634702318,0.0701139969444118,0.08032483778991856,-25.5,5693.5
2026-01-12,5650.0,5762.5,5582.5,5693.5,5593.1962890625,301050,0.00043929010718679606,5351.275,5270.94,5413.494995595736,5347.757427344374,59.91561181434599,0.029763071839023162,122.3392361533015,69.40761995742761,52.931616195873886,0.061526987974270586,0.13179604413080215,-0.4355732292410752,0.0639520488107975,0.08016786379659044,2.5,5793.0
2026-01-13,5744.0,5824.0,5681.0,5793.0,5690.943359375,384976,0.01747606920172129,5388.5,5277.71,5449.638329348523,5365.217920389693,64.5019920318725,0.029850629104086465,136.62058431536025,82.85021282901414,53.77037148634611,0.08381665107577185,0.1474695454095276,0.2787776116924099,0.07506727289598218,0.09763514857769752,99.5,5505.0
2026-01-14,5700.0,5766.0,5467.0,5505.0,5408.01708984375,922269,-0.04971517348524079,5413.85,5279.13,5454.910869410569,5370.699570570489,53.91275391275392,0.03228422696095338,123.27838604557292,90.9358474723259,32.34253857324701,-0.059456688877498665,0.10144057623049219,1.3956532355263707,0.01683644726026758,0.04278545896767079,-288.0,5505.0
2026-01-15,5505.0,5505.0,5505.0,5505.0,5408.01708984375,0,0.0,5440.675,5281.61,5459.681262800039,5375.966254077529,55.36935704514364,0.03220310669849412,111.42021491060586,95.0327209599819,16.387493950623963,-0.03699816321175542,0.10798027573714397,-1.0,0.01182298152343226,0.04229581510183454,0.0,5605.5
2026-01-16,5505.0,5693.0,5480.0,5605.5,5506.74658203125,595759,0.018256130790190728,5470.275,5288.87,5473.5687615809875,5384.967577447038,59.47712418300654,0.03232032046524078,108.87697296827264,97.80157136164004,11.075401606632596,-0.015023721665788137,0.11808118081180807,inf,0.02471996380437919,0.05986723061826063,100.5,5563.0
2026-01-19,5604.5,5614.5,5486.5,5563.0,5464.99560546875,260863,-0.0075818392650075506,5477.75,5296.53,5482.086022382799,5391.949241076566,62.758620689655174,0.027356726005943653,102.25332787991283,98.69192266529461,3.561405214618219,-0.02292087468165449,0.027616144823127353,-0.5621333458663654,0.015562959244215234,0.05031029749666296,-42.5,5387.0
2026-01-20,5565.0,5566.0,5361.0,5387.0,5292.09619140625,268719,-0.03163760560848461,5474.175,5300.13,5473.030210727295,5391.75515319121,54.64048146974976,0.028291631547085222,81.85869622515838,95.32527737726737,-13.466581152108986,-0.070084584843777,-0.01309883667674272,0.03011542457151828,-0.01592477405271117,0.0163901640148449,-176.0,5347.5
2026-01-21,5367.0,5449.5,5280.5,5347.5,5253.2919921875,396287,-0.007332467050306324,5470.1,5301.41,5461.074952562791,5390.019656987634,54.27942101950912,0.02831325362311351,61.79613642470758,88.61944918675542,-26.823312762047834,-0.028610354223433276,-0.01501197273899424,0.47472638704371484,-0.022412752966124997,0.008693913506029556,-39.5,5464.0
2026-01-22,5375.0,5547.5,5373.0,5464.0,5367.7392578125,377733,0.021785881252921913,5473.925,5302.93,5461.353528509191,5392.9208469096875,54.00443178220956,0.02867859815931675,54.666824485042525,81.82892424641284,-27.162099761370314,-0.007447774750227065,0.014199535962877041,-0.04681960296451815,-0.0018131413930589442,0.030373774498249025,116.5,5409.5
2026-01-23,5474.0,5507.5,5374.5,5409.5,5314.19970703125,194177,-0.00997437774524157,5477.0,5304.97,5456.415097222602,5393.571009775975,51.43034825870646,0.028725468559498046,44.11061912507648,74.28526322214557,-30.17464409706909,-0.03496565872803492,0.011499626028421917,-0.4859411277277865,-0.012324265108636115,0.01970416420828011,-54.5,5415.0
2026-01-27,5404.0,5445.0,5340.0,5415.0,5319.6025390625,188198,0.0010167298271559488,5481.975,5307.94,5452.47080224902,5394.41136233378,52.19435736677116,0.028677848661682638,35.77614918065683,66.58344041384782,-30.807291233190995,-0.02660435017077112,0.018718841125011654,-0.030791494358240135,-0.012217312191317976,0.02016978338112345,5.5,5391.0
2026-01-28,5438.0,5453.5,5350.5,5391.0,5296.025390625,121318,-0.004432132963988922,5491.875,5309.7,5446.616440130067,5394.27758341873,29.207920792079207,0.028142943699996942,26.924058492799304,58.65156402963812,-31.72750553683882,0.0007425283088917656,0.03812824956672434,-0.3553704077620379,-0.018368043700921818,0.01531159952539695,-24.0,5332.0
2026-01-29,5395.0,5405.5,5263.0,5332.0,5238.06494140625,209744,-0.010944166202930816,5496.45,5310.8,5435.700588689108,5391.835325245446,31.39816158684083,0.028241775399451607,14.975280221769026,49.9163072680643,-34.941027046295275,-0.0028985507246376274,0.017460166014693357,0.7288778252196706,-0.029919311555640427,0.003991865632296418,-59.0,5323.5
2026-01-30,5324.0,5333.0,5241.5,5323.5,5229.71484375,166386,-0.0015941485371342434,5502.05,5310.32,5425.014818337765,5389.155508569154,31.923266109198224,0.02820580188682565,4.764980662165726,40.88604194688459,-36.12106128471886,-0.02571376281112736,0.02149093351242448,-0.2067186665649554,-0.03245154078934218,0.002481959655915329,-8.5,5440.0
2026-02-02,5448.0,5450.5,5344.0,5440.0,5344.162109375,192320,0.02188409880717579,5507.175,5311.79,5426.441978496074,5391.149410193893,38.78814683768244,0.028112977337431056,6.004603734702869,33.90975430444825,-27.90515056974538,0.0056382290415011305,0.019203747072599642,0.15586647915089014,-0.012197723878395036,0.024136872880893265,116.5,5508.0
2026-02-03,5600.0,5636.5,5450.0,5508.0,5410.96435546875,201609,0.012499999999999956,5514.4,5315.54,5434.209409115495,5395.731786264721,37.0336669699727,0.028215315610649713,12.331891284585254,29.59418170047565,-17.262290415890398,0.01717451523545699,0.02694136291600624,0.048299708818635656,-0.0011605977078194612,0.036207045756404814,68.0,5510.0
2026-02-04,5408.0,5531.5,5310.0,5510.0,5412.92919921875,360048,0.0003631082062454105,5522.65,5321.12,5441.4275606283045,5400.212892685713,50.307503075030745,0.028191580455690906,17.308177640938084,27.13698088856814,-9.828803247630056,0.022073826748284286,0.030869971936389184,0.7858726544945911,-0.002290567028509798,0.035496286496076036,2.0,5406.0
2026-02-05,5497.0,5565.0,5374.5,5406.0,5310.76123046875,207397,-0.01887477313974595,5500.3,5325.96,5438.053507235133,5400.439838070587,44.601962922573605,0.018071786759877802,12.713437006843378,24.25227211222319,-11.53883510537981,0.013878469617404354,-0.07637109174782164,-0.42397402568546416,-0.017144519389851495,0.015028276592388971,-104.0,5198.5
2026-02-06,5390.0,5390.0,5120.0,5198.5,5106.9169921875,426399,-0.038383277839437624,5474.4,5325.34,5415.238887498454,5392.520628734486,30.126953125,0.019206021385148108,-7.584020037041228,17.885013682370307,-25.469033719411534,-0.023480792711561893,-0.09061488673139162,1.0559554863377967,-0.05039821715621797,-0.02381819752353843,-207.5,5233.0
2026-02-09,5229.0,5284.0,5200.5,5233.0,5140.80908203125,165677,0.006636529768202282,5451.5,5326.06,5397.882802974791,5386.264917803722,33.75984251968504,0.01936866606638187,-20.64802176615831,10.178406592664583,-30.82642835882289,-0.038051470588235325,-0.0804779476366192,-0.6114507773235867,-0.04008071173071632,-0.01747257822855927,34.5,5381.0
2026-02-10,5260.0,5394.5,5228.0,5381.0,5286.20166015625,213253,0.028282056181922366,5435.875,5330.51,5396.274916977192,5386.05845043887,49.69635627530364,0.020662366420823003,-18.841777858586283,4.374369702414411,-23.216147561000696,-0.023057371096586787,-0.05488715201545624,0.28716116298580974,-0.01009497091084692,0.009471889181335328,148.0,5250.5
2026-02-11,5385.0,5398.5,5221.0,5250.5,5158.0009765625,158972,-0.024251997769931255,5408.75,5333.06,5382.391591550793,5380.7424327746,45.50509731232623,0.020633785825291424,-27.622164793012416,-2.0249371966709546,-25.59722759634146,-0.04709618874773136,-0.09364750561021928,-0.25453803697955013,-0.029258146521839612,-0.015480793390661345,-130.5,4976.0
2026-02-12,5206.0,5224.5,4955.5,4976.0,4888.3369140625,564653,-0.052280735168079184,5382.3,5330.04,5343.687630450718,5364.8701805089295,30.274858528698473,0.02093415906922576,-56.08403871835344,-12.836757501007453,-43.247281217345986,-0.07954125046244909,-0.09609445958219798,2.551902221774904,-0.07548817420062058,-0.066423516521452,-274.5,4824.0
2026-02-13,4850.0,4891.5,4755.0,4824.0,4739.0146484375,441804,-0.030546623794212246,5348.25,5323.03,5294.193570407792,5343.659585194854,28.062944923192205,0.021664930909273173,-89.8694494721858,-28.243295895243122,-61.626153576942684,-0.07204001154179085,-0.12370572207084474,-0.21756547826718353,-0.09802271771140092,-0.0937492368068562,-152.0,4821.0
2026-02-16,4824.0,4845.0,4750.0,4821.0,4736.0673828125,215518,-0.0006218905472636926,5309.025,5315.12,5249.12751608324,5323.163130873488,27.702702702702695,0.02093516187668938,-115.55466360157516,-45.705569436509535,-69.84909416506562,-0.07873112937129756,-0.13995183302114,-0.5121863993988285,-0.09192365829884012,-0.09296497539096012,-3.0,4919.0
2026-02-17,4820.5,5044.0,4806.5,4919.0,4832.3408203125,423010,0.02032773283551137,5276.825,5309.15,5217.686800265789,5307.31359632943,33.21479374110953,0.021826552529418352,-126.54388078441298,-61.87323170609022,-64.67064907832275,-0.0858576472774577,-0.11576487506740962,0.9627594910865913,-0.0678106626617331,-0.0734863396212199,98.0,4885.0
2026-02-18,4940.0,4940.0,4821.0,4885.0,4798.93994140625,181973,-0.0069119739784508916,5251.725,5306.16,5186.002343097619,5290.752278826316,33.81607530774801,0.020975919055184367,-136.423821531258,-76.78334967112379,-59.64047186013421,-0.06961241786496519,-0.09318730276591791,-0.5698139523888324,-0.0698294369945114,-0.07937189982963196,-34.0,4839.5
2026-02-19,4889.5,4981.0,4812.0,4839.5,4754.2412109375,282759,-0.009314227226202676,5226.325,5303.36,5153.002119945464,5273.056111029206,32.93370944992948,0.020993843206127582,-146.23945805335825,-90.67457134757069,-55.56488670578756,-0.027431672025723497,-0.09499766245909302,0.5538513955367006,-0.07401472353900682,-0.08746530501417964,-45.5,4859.0
2026-02-20,4830.0,4910.0,4788.0,4859.0,4773.39794921875,227011,0.004029341874160597,5196.075,5303.28,5125.001918045896,5256.818616479041,28.009084027252086,0.020171179690140782,-150.70766948174605,-102.68119097440577,-48.026478507340286,0.007255389718076266,-0.11072474377745245,-0.19715729649630953,-0.06487108057524185,-0.08377456970026093,19.5,4714.0
2026-02-23,4845.5,4873.0,4679.0,4714.0,4630.95263671875,327068,-0.029841531179255032,5161.3,5297.23,5085.858878232001,5235.531611911236,21.60228898426324,0.02087212673051618,-164.0578901794088,-114.95653081540638,-49.101359364002406,-0.02219456544285414,-0.12857010814308156,0.4407583773473531,-0.08666421250460159,-0.11010093954765031,-145.0,4498.0
2026-02-24,4675.5,4700.0,4455.0,4498.0,4418.7578125,465584,-0.04582095884599069,5115.45,5286.58,5029.872318400382,5206.608803600991,18.610421836228298,0.022528767462116666,-189.87862844476422,-129.94095034127795,-59.93767810348626,-0.08558650132140677,-0.16934441366574327,0.423508261279,-0.12070296845829787,-0.14916637977671765,-216.0,4577.0
2026-02-25,4524.5,4670.0,4524.0,4577.0,4496.36572265625,433884,0.017563361493997398,5074.75,5277.15,4986.741621409869,5181.918262283305,23.8815374921235,0.023287074486560422,-201.64269827152657,-144.28129992732767,-57.3613983441989,-0.06305015353121801,-0.1509923947319607,-0.06808653218323657,-0.09808364944085915,-0.13267578143505485,79.0,4507.5
2026-02-26,4600.0,4696.0,4470.5,4507.5,4428.09033203125,469675,-0.015184618745903378,5033.525,5267.34,4941.099562227978,5155.470487291803,26.1559696342305,0.023335598909058636,-214.1057991526477,-158.2461997723917,-55.859599380256014,-0.06860212831904122,-0.1546324081020255,0.08248978989776079,-0.10450429867736818,-0.1442549749968675,-69.5,4513.0
2026-02-27,4522.0,4596.0,4490.5,4513.0,4433.49365234375,345149,0.0012201885745979357,4993.0,5258.23,4900.328175349123,5130.275566221536,24.647887323943664,0.023385340150817262,-220.9916383141799,-170.79528748074935,-50.19635083343056,-0.07120806750360154,-0.15224945994176764,-0.26513227231596315,-0.09613458842379331,-0.14172639842684698,5.5,4449.2998046875
2026-03-02,4317.7001953125,4529.0,4317.7001953125,4449.2998046875,4370.91552734375,303080,-0.014114822803567462,4943.464990234375,5246.94599609375,4857.373092428968,5103.570634396672,15.123154186014034,0.02232879867457447,-228.94960037946385,-182.42615006049226,-46.523450318971584,-0.05615192942564706,-0.1821140064912684,-0.12188648960304105,-0.09996332259317699,-0.1520210408111847,-63.7001953125,4357.7001953125
2026-03-04,4415.0,4448.0,4318.0,4357.7001953125,4280.9296875,279451,-0.02058742125637303,4885.95,5225.83,4809.785197465495,5074.320813256116,15.576806787742967,0.021812397783277468,-239.88245003454995,-193.9174100553038,-45.96503997924614,-0.031191597307136498,-0.20884164936229122,-0.07796291408209055,-0.10811608892589974,-0.1661228560223926,-91.599609375,4400.0
2026-03-05,4400.0,4424.0,4334.39990234375,4400.0,4322.484375,199593,0.009706910248897138,4830.45,5204.66,4770.758035802115,5047.876859795092,22.947576021648402,0.022175010689844597,-242.34002645551936,-203.60193333534693,-38.73809312017244,-0.0386716189643872,-0.20145190562613435,-0.2857674511810657,-0.08911178047593905,-0.15460375893910455,42.2998046875,4330.2001953125
2026-03-06,4420.0,4490.0,4321.0,4330.2001953125,4253.9140625,267961,-0.015863591974431768,4776.660009765625,5182.68400390625,4728.800146231676,5019.732676874206,24.86766596055378,0.02212853535644474,-247.07184395180047,-212.29591545863767,-34.77592849316281,-0.03933439926511373,-0.19900107374907505,0.3425370629230484,-0.09346694417026992,-0.16448693533142728,-69.7998046875,4303.7001953125
2026-03-09,4295.0,4321.2998046875,4221.5,4303.7001953125,4227.880859375,197809,-0.006119809432526102,4731.92001953125,5161.0080078125,4688.314436620326,4991.652971714923,24.28670315065129,0.02116682223019833,-250.07743493661565,-219.85221935423328,-30.22521558238236,-0.04637708944992247,-0.1721265374026162,-0.26179929168796956,-0.09049599791443003,-0.16611247477280533,-26.5,4356.60009765625
2026-03-10,4352.0,4380.0,4265.0,4356.60009765625,4279.84912109375,241362,0.012291725711137458,4688.100024414062,5141.180009765625,4656.722594814223,4966.748937438113,20.7327069898771,0.021425488310212498,-245.3624221601276,-224.95425991541217,-20.40816224471544,-0.020834673117236857,-0.16747561672917066,0.220177039467365,-0.07071093300728892,-0.1526069716716926,52.89990234375,4343.39990234375
2026-03-11,4377.7001953125,4425.0,4325.0,4343.39990234375,4266.88134765625,218308,-0.003029930454163443,4636.22001953125,5121.7380078125,4626.882338388464,4942.303877238334,21.191469202683052,0.019634540010857425,-239.92517790535658,-227.94844351340106,-11.976734391955517,-0.0032816146884387942,-0.1928266303022208,-0.09551627845311195,-0.0631592366095485,-0.1519675751242065,-13.2001953125,4330.0
2026-03-12,4340.0,4380.0,4253.0,4330.0,4253.71728515625,227665,-0.003085118258744579,4590.19501953125,5104.4780078125,4598.607829970515,4918.29196048389,21.94072426370539,0.019421739387648077,-233.99997672000427,-229.1587501547217,-4.841226565282568,-0.015909090909090873,-0.17531663651080853,0.0428614617879326,-0.056684959663831726,-0.15172521198585773,-13.39990234375,4255.0
2026-03-13,4325.0,4327.0,4234.89990234375,4255.0,4180.03857421875,185443,-0.01732101616628179,4554.14501953125,5084.7680078125,4565.883274735228,4892.280511053149,18.652669329897677,0.016749539571067177,-232.67396466059836,-229.86179305589704,-2.8121716047013194,-0.01736644772080176,-0.144895498392283,-0.18545670173280915,-0.06568631834258991,-0.1631869942812734,-75.0,4202.2001953125
2026-03-16,4233.7001953125,4255.0,4118.2001953125,4202.2001953125,4128.1689453125,407416,-0.012408884767920125,4523.055029296875,5064.58201171875,4531.246790980683,4865.218537886849,20.62670663193245,0.015915474011850433,-233.1954614021106,-230.52852672513976,-2.6669346769708397,-0.023584356575430565,-0.12889714027518662,1.1969877536493692,-0.07093763659874214,-0.1702769970771165,-52.7998046875,4103.60009765625
2026-03-17,4210.0,4218.0,4050.89990234375,4103.60009765625,4031.30615234375,479527,-0.023463922010721228,4487.185034179687,5039.904013671875,4490.518534473595,4835.351148073884,23.839197399112948,0.016267921012928406,-238.8120781903799,-232.18523701818782,-6.626841172192087,-0.05807280776955137,-0.14880728113332298,0.17699599426630264,-0.08548453732163983,-0.18577812463802676,-98.60009765625,4207.39990234375
2026-03-18,4112.0,4321.10009765625,4112.0,4207.39990234375,4133.27734375,609173,0.025294814849718072,4451.605029296875,5016.78201171875,4463.554855223133,4810.725609025644,26.265058125351572,0.016752190088695867,-232.21072996463135,-232.19033560747653,-0.020394357154827958,-0.031311876193258814,-0.14466356935479774,0.2703622528032832,-0.05485777047738143,-0.1613349169815146,103.7998046875,4039.300048828125
2026-03-19,4178.10009765625,4178.10009765625,4021.60009765625,4039.300048828125,3968.138671875,365192,-0.03995338152239447,4409.320031738282,4990.668012695312,4423.149635566466,4780.473626272801,23.312785085027656,0.018239035478411367,-237.80213229083802,-233.31269494414883,-4.489437346689186,-0.06713624738380486,-0.173121791437436,-0.40051184146375496,-0.08391769711582582,-0.1906293829697924,-168.099853515625,4237.7001953125
2026-03-20,4107.89990234375,4280.0,4105.0,4237.7001953125,4163.04345703125,826879,0.04911745700642722,4379.230041503906,4958.362016601563,4405.487784113708,4759.188393686123,37.1367147556333,0.022434100900256344,-223.6460724873641,-231.37937045279187,7.7332979654277665,-0.004065759033490046,-0.12435164886610184,1.2642308703366996,-0.03231843151651434,-0.14534271980870825,198.400146484375,4130.60009765625
2026-03-23,4190.0,4190.0,4111.0,4130.60009765625,4057.830322265625,299035,-0.02527316533026991,4342.810046386719,4926.644018554687,4379.3080044510925,4734.537872273187,35.68926867814454,0.022674166381882143,-218.55006678500013,-228.81350971923354,10.26344293423341,-0.017038716464798376,-0.1499073682534987,-0.6383570026569788,-0.048864662848201325,-0.16157934648827538,-107.10009765625,4180.2001953125
2026-03-24,4216.0,4280.0,4100.0,4180.2001953125,4106.556640625,291011,0.012007964093254664,4316.120056152344,4896.428022460937,4360.345355961703,4712.799139843355,41.71721507762149,0.02246734751849974,-208.11016772612584,-224.672841320612,16.56267359448617,0.018666560052964076,-0.11323712445640643,-0.026832979417125036,-0.031491214116275326,-0.14627557555486384,49.60009765625,4213.39990234375
2026-03-25,4205.60009765625,4288.0,4187.5,4213.39990234375,4139.17138671875,262185,0.007942133266363394,4301.890051269531,4866.826020507812,4346.350550855231,4693.214856019841,41.21798754845357,0.020555767361661183,-194.91072411082678,-218.72041787865498,23.809693767828207,0.0014260588817949227,-0.06327258729574259,-0.09905467490919584,-0.020570062895881442,-0.13426124447651464,33.19970703125,4160.7998046875
2026-03-27,4190.10009765625,4264.60009765625,4140.0,4160.7998046875,4087.498046875,325398,-0.01248400315075493,4281.080041503907,4834.182016601562,4328.679051220209,4672.335834398966,41.89626683372505,0.020060979121184923,-186.54409403596765,-212.2851531101175,25.74105907414986,0.03007940841003487,-0.09093296816965257,0.24110074947079352,-0.028095769210181178,-0.13929599870288936,-52.60009765625,3976.60009765625
2026-03-30,4125.0,4130.0,3966.199951171875,3976.60009765625,3906.54345703125,346542,-0.04427026429479575,4254.535046386719,4803.614018554687,4295.147722309355,4645.052080016899,36.40368039786681,0.021846140276203095,-192.5571770848137,-208.33955790505675,15.782380820243048,-0.06161363136190334,-0.1177814536536328,0.06497888739328461,-0.06532675032645761,-0.17216494033533308,-184.19970703125,4127.10009765625
2026-04-01,4109.2998046875,4217.89990234375,4051.0,4127.10009765625,4054.39208984375,263560,0.03784640051905197,4235.240051269531,4776.056020507813,4279.143186628107,4624.740237571383,41.1764672753821,0.02392154762720344,-183.06820024747321,-203.28528637354006,20.217086126066846,-0.0008473345076387417,-0.08550850927182585,-0.23945726636309594,-0.02553337055378144,-0.13587694953011933,150.5,4241.2998046875
2026-04-02,4100.0,4254.2001953125,4023.60009765625,4241.2998046875,4166.580078125,282399,0.027670689910356927,4224.840051269532,4748.772016601562,4275.539055014716,4609.703357850446,46.35746811275594,0.024816944925196475,-164.437621249941,-195.51575334882028,31.07813209887928,0.014616431395681584,-0.04674892884962811,0.07147898011837905,0.0038959471171038434,-0.10686388189198281,114.19970703125,4272.2998046875
2026-04-06,4243.0,4300.0,4221.0,4272.2998046875,4197.03369140625,204565,0.007309080099864307,4220.570031738282,4722.958012695312,4275.230554983552,4596.471845961703,47.96701321088732,0.024505123627160747,-145.4941462946099,-185.51143193797822,40.017285643368325,0.013979186336190441,-0.019597582852731277,-0.2756171232900967,0.0122565844329594,-0.09541863526977014,31.0,4357.60009765625
2026-04-07,4254.7998046875,4379.0,4206.10009765625,4357.60009765625,4280.8310546875,395906,0.019965895856643767,4218.450036621094,4702.370014648437,4283.075273333333,4587.104326420313,53.58892331446569,0.024839613802888662,-122.18975768771725,-172.84709708792604,50.6573394002088,0.047298669055655385,-0.009636341441761398,0.9353555104734437,0.03298606356058983,-0.07331833010124429,85.30029296875,4434.39990234375
2026-04-08,4490.0,4490.0,4388.0,4434.39990234375,4356.2783203125,203424,0.017624335176788408,4223.660021972656,4684.108012695313,4297.487142762897,4581.115917632997,57.988158822157914,0.02485624884112106,-96.41237754841131,-157.5601531800231,61.14777563161178,0.11512342037041146,0.024063484904011556,-0.4861810631816643,0.04989508608050041,-0.053309639674145086,76.7998046875,4452.0
2026-04-09,4448.89990234375,4475.0,4360.0,4452.0,4373.56787109375,197459,0.003968991981744274,4231.075012207031,4663.868012695312,4312.202652975954,4576.052548314056,62.69309425426072,0.024796133253052004,-73.7137115003261,-140.7908648440837,67.0771533437576,0.0787235333904932,0.034458674618883745,-0.02932299040427877,0.05221485961737391,-0.04542753185094337,17.60009765625,4445.2998046875
2026-04-10,4490.0,4490.0,4375.0,4445.2998046875,4366.98583984375,200289,-0.0015049854700134313,4235.509997558594,4644.584008789063,4324.878572186578,4570.924989740466,59.32721472509145,0.024686048600455073,-55.624302553104826,-123.75755238588793,68.13324983278311,0.04809846259265571,0.020359845990677083,0.014332089193199504,0.049531179775241276,-0.04290679288488536,-6.7001953125,4411.39990234375
2026-04-13,4380.0,4429.5,4335.0,4411.39990234375,4333.68310546875,126520,-0.007626010355477719,4238.909997558594,4624.512006835937,4333.118698868213,4564.669103960203,66.30443875569782,0.02474976503937826,-43.52205923380825,-107.710453755472,64.18839452166375,0.03255859935288985,0.015655938096629463,-0.3683127880213092,0.04069204226664441,-0.04608315519068085,-33.89990234375,4540.60009765625
2026-04-15,4455.0,4560.0,4436.0,4540.60009765625,4460.607421875,236100,0.02928779937721293,4249.440002441406,4607.504008789063,4352.878832086121,4563.725221360048,64.1291132540197,0.025510766139286368,-23.237698497364363,-90.81590270385048,67.57820420648612,0.04199559296375699,0.0486374359483257,0.8661081251975973,0.06851728581826434,-0.014520640894764304,129.2001953125,4593.60009765625
2026-04-16,4590.2001953125,4639.60009765625,4511.10009765625,4593.60009765625,4512.673828125,304117,0.011672465942851318,4266.370007324219,4592.736010742187,4375.804666902324,4564.8967851363695,72.74514093378889,0.025135004504569153,-2.8526557722598227,-73.22325331753235,70.37059754527253,0.03590118140413012,0.07957699122356043,0.2880855569673868,0.07669988532880746,0.00018814208176599404,53.0,4592.5
2026-04-17,4592.0,4753.60009765625,4567.60009765625,4592.5,4511.5927734375,366696,-0.00023948485563884958,4285.884997558594,4578.116010742187,4396.442317673532,4565.979264150629,71.26791951745128,0.02485918591976732,13.063283367676377,-55.96594598049061,69.02922934816698,0.031558849955076296,0.09287986924632352,0.20577277823995366,0.07154065090782095,0.003141901433703663,-1.10009765625,4516.60009765625
2026-04-20,4582.2998046875,4589.7998046875,4485.10009765625,4516.60009765625,4437.0302734375,250514,-0.016526924843494828,4306.534997558594,4559.648012695313,4407.885915767124,4564.042826248889,64.98024680397728,0.024490550017762187,19.329473864504507,-40.90686201149159,60.2363358759961,0.016039479023116643,0.10064333516218671,-0.31683465322774174,0.04877821734102784,-0.009441061002780407,-75.89990234375,4650.7001953125
2026-04-21,4517.10009765625,4670.0,4516.60009765625,4650.7001953125,4568.767578125,349882,0.02969049611583663,4328.700012207031,4542.502016601563,4431.0110852476355,4567.4411544474615,72.40056655807041,0.0247002284518117,34.716047156654895,-25.782280177862297,60.49832733451719,0.05424588526685392,0.10536205334838922,0.3966564742888621,0.0743872715127916,0.023819071145263843,134.10009765625,4362.5
2026-04-22,4589.60009765625,4589.60009765625,4350.0,4362.5,4285.64501953125,1796463,-0.061969205325894894,4344.860009765625,4519.552016601562,4424.486219985956,4559.404246429914,66.1127242168237,0.027188874931430827,23.385101281911375,-15.948803885907566,39.33390516781894,-0.03922391177945428,0.08001385073278744,4.134482482665584,0.004059967454584616,-0.03474946543919989,-288.2001953125,4233.5
2026-04-23,4355.0,4381.0,4211.0,4233.5,4158.91748046875,655925,-0.02957020057306592,4344.65,4496.102016601562,4406.297056177769,4546.623687746388,54.523803493451595,0.0260165680219708,3.950484413871891,-11.968946225951676,15.919430639823567,-0.07839169496708709,-0.0009911497083125997,-0.6348797609524939,-0.025583188519213203,-0.058406596565629874,-129.0,4193.0
2026-04-24,4233.5,4298.2998046875,4157.7001953125,4193.0,4119.130859375,412945,-0.009566552497933145,4347.769995117187,4475.992016601563,4385.983050827505,4532.75609214849,47.809136784212,0.025435317730888807,-14.55185625953709,-12.48552823266876,-2.06632802686833,-0.08698965704953732,0.015106740151184406,-0.3704386934481838,-0.03559755812543059,-0.06322442389350527,-40.5,4188.7001953125
2026-04-27,4204.89990234375,4283.39990234375,4180.0,4188.7001953125,4114.90673828125,632056,-0.0010254721410684065,4348.194995117187,4455.106020507813,4367.1942074451235,4519.263704037275,46.11381722602289,0.02530673660008636,-29.225163357541533,-15.833455257643315,-13.391708099898217,-0.0725988343563787,0.002033395436307428,0.5306057707442879,-0.0366806916395866,-0.05979786428627949,-4.2998046875,4131.60009765625
2026-04-28,4188.7001953125,4208.39990234375,4105.5,4131.60009765625,4058.812744140625,329648,-0.013631937115038628,4344.105004882813,4430.118022460938,4344.756673179517,4504.061209669391,39.211384584975086,0.025428276823312616,-44.94328738288641,-21.655421682691937,-23.287865700194473,-0.11161762226244076,-0.019414203869420943,-0.4784512764691736,-0.0489179950732557,-0.06738374085999198,-57.10009765625,4148.39990234375
2026-04-29,4141.0,4199.2998046875,4137.0,4148.39990234375,4075.316650390625,282871,0.0040661739496594684,4343.485009765625,4408.076020507812,4326.0560283380155,4490.113707421327,35.517526491002855,0.025292476822331038,-55.405727343536455,-28.405482814860843,-27.000244528675612,-0.0490773862822349,-0.002980172785477575,-0.14189984468281314,-0.04491441940820746,-0.05890917419662546,16.7998046875,4129.89990234375
2026-04-30,4148.39990234375,4171.39990234375,4090.0,4129.89990234375,4057.142578125,267038,-0.004459550775118837,4351.15,4391.154018554687,4307.374492529038,4475.9876758496575,33.704340677230036,0.023081822195720057,-64.44717486434729,-35.613821224758134,-28.833353639589156,-0.024471500568383098,0.038550470483027066,-0.05597251043761997,-0.050848648669029946,-0.059495548347203504,-18.5,4129.89990234375
2026-05-01,4129.89990234375,4129.89990234375,4129.89990234375,4129.89990234375,4057.142578125,0,0.0,4351.289990234375,4377.272016601562,4290.47215060663,4462.415606300407,33.93439940069153,0.02149827861567806,-70.79648930527583,-42.650354840861674,-28.146134464414153,-0.015048914299129468,0.000678395149439126,-1.0,-0.0508791848825273,-0.056512849400176826,0.0,4178.7001953125
2026-05-04,4150.0,4190.0,4127.2998046875,4178.7001953125,4105.0830078125,187805,0.01181633795556536,4348.160009765625,4364.426020507813,4279.82720248338,4451.289511751861,38.32415489165453,0.020712158382199326,-71.07132494889174,-48.33454886246769,-22.73677608642405,-0.0023873754467295116,-0.014759534165874055,inf,-0.038972764128397126,-0.042554467488419685,48.80029296875,4219.39990234375
2026-05-05,4171.89990234375,4227.5,4151.0,4219.39990234375,4145.06591796875,176943,0.009739800686564104,4345.5150146484375,4350.434018554687,4274.0722215177,4442.195801578994,32.312764575302865,0.020767671822401575,-67.23002211505627,-52.11364351298541,-15.11637860207086,0.021250799354300076,-0.012382066980811901,-0.057836585820398856,-0.02902190232447983,-0.03011978015344538,40.69970703125,4281.2998046875
2026-05-06,4248.5,4318.0,4240.2001953125,4281.2998046875,4205.875,287870,0.014670309469686948,4341.7,4338.360014648438,4274.760562771967,4435.886154642073,32.96977171824001,0.020526513650331372,-58.5164163219215,-53.39419807477263,-5.122218247148865,0.03203642500055626,-0.01750970517230077,0.6269081003486998,-0.01391164643169722,-0.013152483834507605,61.89990234375,4297.39990234375
2026-05-07,4305.0,4328.7001953125,4265.0,4297.39990234375,4221.69140625,182289,0.003760563004399309,4334.85,4327.518012695313,4276.916690350232,4430.455321218609,34.16674919086984,0.020105641932511492,-49.73832517441588,-52.66302349470128,2.924698320285401,0.04055788371648972,-0.03089482297877333,-0.3667662486539063,-0.008639306471100583,-0.006959673018854587,16.10009765625,4319.60009765625
2026-05-08,4275.0,4347.39990234375,4271.0,4319.60009765625,4243.50048828125,204444,0.0051659598401332385,4328.230004882813,4316.730014648438,4280.981776760329,4426.108057549498,38.78387860470133,0.020124151350246967,-40.52312906327097,-50.23504460841522,9.711915545144251,0.045933363955102946,-0.029739421011623968,0.12153777792406562,-0.001993865209757151,0.0006648743373046228,22.2001953125,4245.10009765625
2026-05-11,4331.89990234375,4331.89990234375,4240.0,4245.10009765625,4170.31298828125,163877,-0.017246966921873774,4318.22001953125,4307.352016601562,4277.564473988512,4419.009706181136,25.225992592870952,0.02043748737364448,-38.78446397262178,-47.94492848125653,9.160464508634753,0.015890085251446084,-0.045036266579847384,-0.19842597483907576,-0.016932884740536475,-0.014452480016812791,-74.5,4082.199951171875
2026-05-12,4219.89990234375,4223.89990234375,4075.10009765625,4082.199951171875,4010.282958984375,305282,-0.03837368795480545,4301.760021972656,4299.036015625,4258.958328958356,4405.801480494498,29.785083723712972,0.021973815694609638,-49.97515726533857,-48.350974238072936,-1.6241830272656301,-0.03251646071652614,-0.07462482623644551,0.8628727643293446,-0.0510395906975996,-0.05043829911287704,-162.900146484375,4034.199951171875
2026-05-13,4082.199951171875,4094.0,4019.800048828125,4034.199951171875,3963.128662109375,207466,-0.011758365727827846,4276.440014648438,4288.1800146484375,4237.552769169168,4391.228871501454,33.725295367070174,0.020611439614330273,-62.00233682783346,-51.081246756025045,-10.921090071808415,-0.057716082682432335,-0.11152714081686399,-0.3204119469867205,-0.05664526163042112,-0.05922793880130165,-48.0,4025.60009765625
2026-05-14,4050.0,4056.0,3945.0,4025.60009765625,3954.68017578125,278082,-0.002131737053124194,4248.040014648437,4278.542016601563,4217.366800453652,4376.890488213407,35.57891708219094,0.020226994234174504,-71.40478962217003,-55.14595532925404,-16.258834292915985,-0.06324750101550092,-0.12365029343538314,0.3403738443889601,-0.0523629523792506,-0.05911871800343429,-8.599853515625,4125.60009765625
2026-05-15,4030.0,4140.5,4012.10009765625,4125.60009765625,4052.91845703125,279144,0.02484101688546292,4224.69501953125,4270.794018554688,4208.627114472947,4367.035963093518,45.33352399482036,0.021372713845078363,-69.98044591833514,-58.112853447070265,-11.86759247126487,-0.044911564870382725,-0.10166573812602064,0.003819017412130199,-0.023456112551763615,-0.03399693833690764,100.0,4154.60009765625
2026-05-18,4126.10009765625,4160.0,4037.39990234375,4154.60009765625,4081.407470703125,230350,0.007029280423101358,4206.59501953125,4264.9000244140625,4203.481684299928,4358.705144841077,51.77469135802469,0.021360399130281444,-65.75361884646009,-59.64100652694823,-6.112612319511854,-0.02131869636006123,-0.0801487827509566,-0.17479867022038809,-0.012360334577868094,-0.025862253775331148,29.0,4186.10009765625
2026-05-19,4175.0,4276.5,4175.0,4186.10009765625,4112.3525390625,318470,0.007581957170262887,4183.365014648438,4261.468022460937,4201.826295095768,4351.936319461279,52.844438222530044,0.020060477418230225,-59.17985269218207,-59.548775759995,0.36892306781293627,0.02545199836537848,-0.09989895674731442,0.3825482960711961,0.000653799751691519,-0.01768590645464083,31.5,4175.10009765625
2026-05-20,4180.0,4219.89990234375,4138.2001953125,4175.10009765625,4101.54638671875,173872,-0.0026277441397444257,4173.99501953125,4256.970024414062,4199.280942958671,4345.001565665003,53.44934232589336,0.014932132127303929,-54.23254470587199,-58.4855295491704,4.252984843298414,0.03492641618902548,-0.04295699767191974,-0.4540396269664333,0.0002647531010048352,-0.019231971634350642,-11.0,4217.7001953125
2026-05-21,4214.89990234375,4236.10009765625,4182.60009765625,4217.7001953125,4143.39599609375,140584,0.010203371574292186,4173.205029296875,4254.720024414062,4201.03515746856,4340.009355062944,56.291219268138235,0.013674710795660194,-46.34011561916577,-56.056446763169475,9.716331144003703,0.047719617695779704,-0.00373209039506317,-0.191451182479065,0.010662108787672387,-0.008700884873537686,42.60009765625,4311.10009765625
2026-05-22,4220.0,4320.0,4177.2998046875,4311.10009765625,4235.150390625,273949,0.022144746667284165,4179.110034179687,4254.868022460938,4211.517532724531,4338.875658694054,58.917020457961044,0.014341184908060169,-32.17779161077215,-51.28071573269001,19.102924121917866,0.044963155809837785,0.028166014227581693,0.948649917487054,0.031583294624227536,0.013215938754967177,93.39990234375,4327.2001953125
2026-05-25,4355.10009765625,4394.0,4300.0,4327.2001953125,4250.966796875,287410,0.0037345682752769616,4186.0350341796875,4254.280024414063,4222.53492916148,4338.417797384974,57.509072789793585,0.014336770545429171,-19.43091695799103,-44.91075597775022,25.47983901975919,0.041544334857552156,0.03306514993720322,0.04913688314248277,0.03372288095540887,0.017140425754762253,16.10009765625,4335.60009765625
2026-05-26,4310.2001953125,4353.0,4310.0,4335.60009765625,4259.21875,191626,0.0019411864403338086,4196.235034179687,4254.124028320312,4233.303040446696,4338.3072993563965,54.08702913001006,0.013874179707567325,-8.552536721604156,-37.639112126521006,29.08657540491685,0.03571343171743635,0.049375543416151135,-0.3332660658988901,0.033211929823136525,0.019152255268896665,8.39990234375,4331.2001953125
2026-05-27,4345.0,4369.89990234375,4321.0,4331.2001953125,4254.896484375,172636,-0.0010148312216637922,4205.375048828125,4254.1480322265625,4242.626579005344,4338.028589393891,52.589663493013596,0.013890595252702075,-0.28311379776459944,-30.167912460769724,29.884798663005125,0.037388348543758054,0.04406525341625622,-0.09909928715310035,0.02992007728762213,0.018112243039556265,-4.39990234375,4331.2001953125
2026-05-28,4331.2001953125,4331.2001953125,4331.2001953125,4331.2001953125,4254.896484375,0,0.0,4215.4400634765625,4255.6720361328125,4251.0621615107875,4337.760809233836,50.92005864952725,0.013812783763736876,6.199005174448757,-22.89452893372603,29.093534108174786,0.0269104001574465,0.04874217238401113,-1.0,0.027460983928797145,0.017747645621752597,0.0,4285.39990234375
2026-05-29,4370.0,4424.60009765625,4265.0,4285.39990234375,4209.90283203125,290950,-0.010574503810356739,4223.215063476562,4257.336030273437,4254.3324225424985,4335.707440336186,53.348827622248805,0.014111611870354085,7.553359856887255,-16.80495117560337,24.358311032490626,-0.005961400740027378,0.037652244286054515,inf,0.0147245257304034,0.006591885599528372,-45.80029296875,4302.89990234375
2026-06-01,4306.89990234375,4380.0,4290.60009765625,4302.89990234375,4227.0947265625,204874,0.004083632892796896,4229.425048828125,4261.322026367187,4258.957896809285,4334.420870218835,74.18364316842384,0.013931705375600274,9.924397173818761,-11.459081505718945,21.383478679537706,-0.005615708049531376,0.029722090895770048,-0.2958446468465372,0.017372303012198588,0.009757036834882929,17.5,4530.2998046875
2026-06-02,4301.0,4542.7998046875,4301.0,4530.2998046875,4450.48828125,940780,0.05284805770635925,4244.970043945313,4267.780024414063,4284.799983273877,4342.102397060744,89.01996945265564,0.018003699998494247,29.80911209998976,-3.2054427845772047,33.01455488456696,0.044907210684975496,0.07368344066440691,3.5919931274832333,0.06721596566957144,0.06151202235627868,227.39990234375,4347.0
2026-06-03,4496.10009765625,4497.89990234375,4287.0,4347.0,4270.41796875,498745,-0.04046085526124332,4248.255053710937,4273.9340234375,4290.723794390651,4342.294459921107,69.82971008598547,0.02031063805467371,30.426393083029325,3.5209243889441018,26.905468694085222,0.0036479045010664457,0.015345852500347368,-0.4698601160738961,0.023243648283971782,0.017095719344711144,-183.2998046875,4295.2001953125
2026-06-04,4320.0,4322.5,4266.5,4295.2001953125,4219.53076171875,331580,-0.011916219159765373,4248.145068359375,4275.0840234375,4291.15011828797,4340.447626014887,61.12569947821408,0.020498393944942923,26.43110011081808,8.102959533318899,18.32814057749918,-0.008311783888207636,-0.0005118692886948439,-0.33517127991258056,0.011076629021828056,0.004705444797041673,-51.7998046875,4301.10009765625
2026-06-05,4343.0,4365.0,4272.10009765625,4301.10009765625,4225.32666015625,169218,0.0013736035750298026,4247.220068359375,4278.4940234375,4292.097735370664,4338.904585687097,59.91070744333661,0.02046729740385166,23.470323181541062,11.176432262963331,12.29389091857773,0.0036636476572264876,-0.004282803866505591,-0.4896616201218409,0.012685951853134904,0.005283652167074328,5.89990234375,4255.39990234375
2026-06-08,4266.10009765625,4301.0,4227.7998046875,4255.39990234375,4180.431640625,144317,-0.01062523407381355,4247.73505859375,4279.998017578125,4288.602703653815,4335.629892222652,54.59974928018523,0.02022603138656738,17.23755846066433,12.388657502503532,4.848900958160799,-0.011039066926499363,0.002426280759124211,-0.14715337611837986,0.0018044542901734864,-0.005747225847617053,-45.7001953125,4257.2001953125
2026-06-09,4285.0,4285.89990234375,4205.0,4257.2001953125,4182.2001953125,162583,0.00042306081920950867,4256.485070800782,4280.8740234375,4285.61198857369,4332.554217834018,55.51673746011102,0.01806523136164394,12.301511939414922,12.371228389885811,-0.0697164504708887,-0.060282899840850224,0.04286910152217982,0.126568595522357,0.0001680082274043659,-0.005530138937840116,1.80029296875,4092.199951171875
2026-06-10,4205.2001953125,4215.39990234375,4075.800048828125,4092.199951171875,4092.199951171875,265490,-0.03875792459144922,4259.385070800781,4279.502026367188,4267.191794535422,4323.128560317856,42.75821068780579,0.02006557976262789,-4.868361784341687,8.92331035504031,-13.791672139381998,-0.05861514810860935,0.014377076174211911,0.6329505544860163,-0.03925099911135172,-0.04376725937767832,-165.000244140625,4009.10009765625
2026-06-11,4080.0,4080.0,3981.0,4009.10009765625,4009.10009765625,209559,-0.02030688981652229,4258.560070800781,4280.152026367187,4242.611632927881,4310.813718644851,32.36393768341908,0.020614404418908196,-24.894110289565106,2.159826226119228,-27.053936515684335,-0.06660925792666916,-0.004098767786101409,-0.21067083505970097,-0.05857847934445665,-0.06332764047659185,-83.099853515625,4064.89990234375
2026-06-12,4050.39990234375,4075.0,4012.10009765625,4064.89990234375,4064.89990234375,133157,0.013918286729762919,4255.525061035156,4278.908022460938,4225.686706205583,4301.17003957422,35.36107146107784,0.020058742587510125,-35.84883925403301,-5.44190686991122,-30.406932384121788,-0.05491622839496568,-0.014713058434089099,-0.3645846754374663,-0.044794744704202576,-0.050014657710287715,55.7998046875,4068.199951171875
2026-06-15,4120.0,4140.0,4057.0,4068.199951171875,4068.199951171875,194208,0.0008118401208900838,4251.205053710937,4275.446025390625,4210.687967630944,4292.033957676089,34.991011909117645,0.019983130642311494,-43.759818573192206,-13.105489210567416,-30.65432936262479,-0.04399115370303286,-0.02079626063965012,0.45848885150611673,-0.04304781826021645,-0.048473556440188116,3.300048828125,4119.0
2026-06-16,4089.89990234375,4125.0,4071.0,4119.0,4119.0,142275,0.012487107182008517,4247.850048828125,4272.380029296875,4201.95578023752,4285.248312277027,38.6790359000222,0.020121826400194328,-45.40676635464024,-19.565744639381982,-25.841021715258258,-0.03246269589686401,-0.016029262581135795,-0.267409169550173,-0.030333003130294505,-0.03590037127903105,50.800048828125,4094.60009765625
2026-06-17,4122.10009765625,4157.0,4022.5,4094.60009765625,4094.60009765625,267544,-0.00592374419610342,4243.825048828125,4267.120029296875,4191.731429515495,4277.771911703664,37.697583525993515,0.020152645957562602,-48.126084987417926,-25.277812708989174,-22.84827227842875,0.0005865174021342234,-0.01928097485499569,0.8804709189949043,-0.035162842354465366,-0.04043006300646587,-24.39990234375,4116.0
2026-06-18,4094.0,4145.0,4046.199951171875,4116.0,4116.0,316532,0.00522637176607299,4238.7400390625,4260.75203125,4184.518912418781,4271.427915166265,40.96244369941414,0.020040290760646597,-48.001045153911946,-29.82245919797373,-18.178585955938217,0.026664313621464375,-0.02411271323303832,0.1831025924707712,-0.028956727218790883,-0.03397335263548144,21.39990234375,4065.5
2026-06-19,4050.0,4095.0,3926.10009765625,4065.5,4065.5,593779,-0.012269193391642341,4226.460034179688,4253.02203125,4173.183777902706,4263.352310649941,37.76541053232336,0.019413409140644544,-51.384549043285006,-34.13487716703599,-17.249671876249018,0.000147629134952032,-0.05696924035463047,0.8758893255658196,-0.03808388885213447,-0.04409147892302013,-50.5,4115.2998046875
2026-06-22,4085.699951171875,4139.2998046875,4085.699951171875,4115.2998046875,4115.2998046875,178563,0.012249367774566533,4215.865014648438,4246.42203125,4167.671018548877,4257.546330023963,23.820325225289608,0.019654966404224147,-49.477229505263495,-37.20334763468149,-12.273881870582002,0.011577566019599805,-0.04896939847029591,-0.6992770037337124,-0.02385399191186486,-0.030878284258501334,49.7998046875,4076.10009765625
2026-06-23,4115.2998046875,4124.7001953125,4054.0,4076.10009765625,4076.10009765625,166251,-0.00952535875675442,4202.8900146484375,4239.71603515625,4158.949978463866,4250.430791499739,29.113330276396766,0.01969119782346393,-50.54608992092835,-39.871896091930864,-10.674193828997488,-0.010415125599356645,-0.05985330615253959,-0.06895045446145054,-0.030167317381678663,-0.038591249070285875,-39.19970703125,4025.5
2026-06-24,4076.10009765625,4099.89990234375,4011.10009765625,4025.5,4025.5,244766,-0.012413850603262944,4187.605004882813,4229.414033203125,4146.240456705403,4241.609976146808,29.16728899349009,0.01979850853325861,-54.843967382463234,-42.86631035003734,-11.977657032425896,-0.016875908759881764,-0.07058094327834308,0.47226783598294153,-0.038710672256288714,-0.04821330605192405,-50.60009765625,4028.300048828125
2026-06-25,4053.0,4089.0,4015.0,4028.300048828125,4028.300048828125,209871,0.0006955778979318428,4172.459997558593,4218.1080322265625,4135.008036907567,4233.24488095784,28.82644601789633,0.01980553019881563,-57.362882098146656,-45.765624699659206,-11.59725739848745,-0.021307082403273836,-0.0699344599245707,-0.14256473529820313,-0.0345503489104317,-0.04499836939886194,2.800048828125,4028.300048828125
2026-06-26,4028.300048828125,4028.300048828125,4028.300048828125,4028.300048828125,4028.300048828125,0,0.0,4159.605004882813,4206.824033203125,4124.845371376191,4225.207828717459,31.027573420682813,0.019745901101198823,-58.68268272042587,-48.34903630381254,-10.333646416613334,-0.009150154020876933,-0.05999436677426839,-1.0,-0.03156668864004001,-0.04243676059801089,0.0,3980.39990234375
2026-06-29,4041.0,4054.89990234375,3952.199951171875,3980.39990234375,3980.39990234375,365077,-0.011890908299720504,4143.480004882813,4196.100029296875,4111.088660039768,4215.607517879274,28.529284772827125,0.01977143876948594,-62.86906033241394,-51.25304110953282,-11.616019222881114,-0.03278009106167512,-0.07494945439570588,inf,-0.03935824532684698,-0.05140490585236806,-47.900146484375,3829.699951171875
2026-06-30,3990.0,3992.60009765625,3813.800048828125,3829.699951171875,3829.699951171875,473952,-0.03786050519274198,4108.450012207031,4179.680024414062,4084.289735385683,4200.473887812318,29.176559995599817,0.01619718131999384,-77.45417781041806,-56.49326844970987,-20.960909360708186,-0.060449974382634664,-0.15464756941487945,0.298224758064737,-0.06784798651728359,-0.08373369999567132,-150.699951171875,3587.800048828125
2026-07-01,3769.800048828125,3769.800048828125,3562.0,3587.800048828125,3587.800048828125,1674450,-0.06316419182388677,4070.4900146484374,4164.186025390625,4037.0050033325824,4176.447462754114,23.305006480204668,0.019108298873688135,-107.29545376721171,-66.65370551321024,-40.64174825400147,-0.10873182242500934,-0.17464917211223252,2.5329527040712985,-0.11858276622304936,-0.13841504030993232,-241.89990234375,3671.10009765625
2026-07-02,3599.10009765625,3719.0,3598.699951171875,3671.10009765625,3671.10009765625,560469,0.023217583949622034,4039.285009765625,4152.93802734375,4002.1569170776934,4156.629919024786,25.887828002458747,0.020431405850405118,-122.80761247337114,-77.88448690524243,-44.92312556812871,-0.08867262786837049,-0.14530174829507414,-0.6652817343008153,-0.09115101093862614,-0.1160233854959996,83.300048828125,3678.89990234375
2026-07-03,3719.89990234375,3742.89990234375,3662.300048828125,3678.89990234375,3678.89990234375,310095,0.002124650508026127,4008.175,4142.656025390625,3971.37053472208,4137.8954085667065,26.293974559522212,0.02044948175691843,-132.93928957607886,-88.89544743940972,-44.04384213666914,-0.0867363757041929,-0.14466071032653915,-0.4467222986463123,-0.08215087855601369,-0.11194656766202198,7.7998046875,3658.60009765625
2026-07-06,3693.300048828125,3693.60009765625,3640.0,3658.60009765625,3658.60009765625,164723,-0.005517900792725405,3978.335009765625,4132.0540234375,3941.5828740491434,4119.099514021199,20.882847573444536,0.020441329577585893,-140.98159321194817,-99.31267659391742,-41.66891661803075,-0.08084609903090811,-0.1402452926595219,-0.46879827149744435,-0.08036902657129705,-0.11458076857073105,-20.2998046875,3707.199951171875
2026-07-07,3664.0,3732.800048828125,3658.60009765625,3707.199951171875,3707.199951171875,388855,0.013283729355050067,3950.834997558594,4123.566020507813,3919.260690917975,4102.946589987892,26.227258985017457,0.02089509954533671,-141.79900411957988,-107.80994209904992,-33.98906202052996,-0.031986840108065184,-0.12919294816020566,1.3606600171196495,-0.061666722740198555,-0.10097233008158868,48.599853515625,3623.60009765625
2026-07-08,3707.0,3707.0,3612.89990234375,3623.60009765625,3623.60009765625,208579,-0.022550672911289427,3927.4050048828126,4113.070024414063,3891.1025391787634,4084.148688327828,21.926998252875407,0.01987497187219902,-147.49241688755183,-115.74643705675031,-31.745979830801517,0.009978273131418858,-0.1145104978023943,-0.463607257203842,-0.07735512554698383,-0.11900354816534912,-83.599853515625,3621.39990234375
2026-07-09,3629.39990234375,3642.0,3588.699951171875,3621.39990234375,3621.39990234375,161131,-0.0006071849136782825,3908.0199951171876,4102.9000244140625,3865.416573765905,4066.0016771127666,23.204988757795306,0.019608218319473333,-150.44775680889597,-122.68670100717945,-27.761055801716523,-0.013538229410914204,-0.09670504249548484,-0.2274821530451292,-0.07334151133606032,-0.11735604553003355,-2.2001953125,3690.300048828125
2026-07-10,3669.0,3734.699951171875,3652.0,3690.300048828125,3690.300048828125,377470,0.0190258320932144,3889.290002441406,4094.10802734375,3848.738809486116,4051.268279925134,24.935127615233256,0.019897139216119422,-145.55238173645103,-127.25983715303377,-18.292544583417254,0.0030987922441467752,-0.09215475473323154,1.3426280479858002,-0.051163568026135905,-0.09863149086899277,68.900146484375,3823.60009765625
2026-07-13,3690.300048828125,3840.0,3672.800048828125,3823.60009765625,3823.60009765625,687570,0.03612173727457613,3877.060009765625,4087.006025390625,3846.3446464547005,4042.340115914589,36.596240249537196,0.021873780238635742,-129.4246351864349,-127.69279675971401,-1.7318384267208842,0.045099217076417064,-0.06012483566476767,0.8215222401780273,-0.013788776024802083,-0.06444960592129279,133.300048828125,3697.300048828125
2026-07-14,3823.60009765625,3840.0,3681.10009765625,3697.300048828125,3697.300048828125,552431,-0.03303170980290093,3855.9750122070313,4076.5640283203124,3832.1499228712173,4028.8091328915907,33.87382083252062,0.02255002214543314,-125.38922927528756,-127.23208326282874,1.8428539875411758,-0.0026704527606126183,-0.10237920640249454,-0.19654580624518236,-0.04115041276890591,-0.09303520731120653,-126.300048828125,3520.39990234375
2026-07-15,3533.0,3549.800048828125,3469.699951171875,3520.39990234375,3520.39990234375,1771347,-0.04784576424638409,3827.265002441406,4061.3460302734375,3802.4594447257446,4008.871516007362,28.69009955127865,0.024491478925997474,-134.9103419786943,-128.76773500600186,-6.142606972692448,-0.028480017808601432,-0.14023352259508137,2.2064583631258925,-0.08017869154655016,-0.13319380419630664,-176.900146484375,3537.800048828125
2026-07-16,3519.89990234375,3594.0,3510.300048828125,3537.800048828125,3537.800048828125,594468,0.004942661904061119,3798.3550048828124,4046.154033203125,3777.25378797359,3990.3981251375885,29.716319560688248,0.024483961430552113,-139.44441754553054,-130.9030715139076,-8.541346031622936,-0.023084954926275825,-0.1404761786131864,-0.6643977718651399,-0.06859678879929394,-0.12563881162293844,17.400146484375,3503.199951171875
2026-07-17,3538.10009765625,3579.5,3481.10009765625,3503.199951171875,3503.199951171875,449370,-0.009780116789729565,3770.2400024414064,4029.8260302734375,3751.153422563903,3971.292314393835,30.046833430073562,0.024463427483190192,-144.16776753149315,-133.55601071742473,-10.611756814068428,-0.0507005108475298,-0.13831018296104414,-0.24408042148610187,-0.0708283958306661,-0.13068208779867083,-34.60009765625,3536.699951171875
2026-07-20,3505.0,3565.800048828125,3486.0,3536.699951171875,3536.699951171875,337983,0.009562685677930949,3741.310009765625,4015.65802734375,3730.729282431329,3954.249476620425,36.41757957204547,0.024358583220343483,-143.5530956682842,-135.55542770759664,-7.997667960687551,-0.07503403576651124,-0.14059725438632087,-0.24787368983243208,-0.054689415755356775,-0.11927262553497185,33.5,3461.60009765625
2026-07-21,3536.699951171875,3545.0,3454.0,3461.60009765625,3461.60009765625,497377,-0.021234442998406156,3710.585009765625,4003.2460302734376,3705.097931500369,3934.929893131634,43.07962577244478,0.02455579359210387,-147.42645394002784,-137.92963295408288,-9.496820985944964,-0.0637492083572122,-0.1507568472995392,0.4716036013645657,-0.06710125531529103,-0.13530168481305932,-75.099853515625,3406.60009765625
2026-07-22,3456.0,3456.89990234375,3400.0,3406.60009765625,3406.60009765625,367148,-0.015888605976536407,3679.6400146484375,3990.694033203125,3676.6695663723576,3914.2110776227955,35.03112620260329,0.024602060852893032,-153.16852718495466,-140.97741180025724,-12.191115384697412,-0.03232581747651353,-0.15374485215345923,-0.2618315684078677,-0.07420288830027696,-0.1463639985143268,-55.0,3387.60009765625
2026-07-23,3410.60009765625,3430.39990234375,3378.0,3387.60009765625,3387.60009765625,378796,-0.00557740839996812,3647.605017089844,3977.934033203125,3649.139140780347,3893.5596666437154,33.72081473695471,0.0245249663809177,-157.43746175365868,-144.26942179093754,-13.168039962721139,-0.04245574908102223,-0.15904970915914307,0.031725625633259646,-0.0712809962195503,-0.14840214307715016,-19.0,3538.0
2026-07-24,3359.0,3556.60009765625,3353.89990234375,3538.0,3538.0,1304975,0.04439718325897024,3623.0900146484373,3966.18203125,3638.5544607060283,3879.616150304746,44.115921976032865,0.027184099593581038,-146.99019649369848,-144.81357673148975,-2.1766197622087304,0.009933788911045127,-0.12171388498499724,2.445060137910643,-0.023485481813703694,-0.10795823990838165,150.39990234375,3554.39990234375
2026-07-27,3555.800048828125,3583.0,3520.699951171875,3554.39990234375,3554.39990234375,512981,0.004635359622314761,3601.7900146484376,3954.17802734375,3630.5397408620015,3866.8625719533343,42.30304270540974,0.027250339772591066,-135.8216608866078,-143.01519356251336,7.193532675905573,0.0050046516289883325,-0.10702442228208309,-0.6069035805283627,-0.01315737789042464,-0.10110271268401992,16.39990234375,3581.800048828125
2026-07-28,3560.60009765625,3629.89990234375,3560.60009765625,3581.800048828125,3581.800048828125,685420,0.007708796769408943,3589.39501953125,3942.0920263671874,3625.8978654302036,3855.683649477836,47.76804674857,0.026270957578537892,-123.33779183515799,-139.0797132170423,15.74192138188431,0.03472381204670616,-0.06473089419652667,0.33615085159099456,-0.0021159473008119487,-0.09139613563793117,27.400146484375,3673.39990234375
2026-07-29,3610.0,3725.0,3603.300048828125,3673.39990234375,3673.39990234375,755828,0.025573692631333245,3593.675012207031,3932.0580224609375,3630.4218689457794,3848.5352672372837,52.53460641200969,0.022846955252834176,-104.84431304619284,-132.2326331828724,27.388320136679567,0.07831849851441586,0.02385859087760034,0.10272241837121765,0.022184780166795422,-0.0657818675715529,91.599853515625,3658.300048828125
2026-07-30,3670.0,3721.10009765625,3641.199951171875,3658.300048828125,3658.300048828125,376269,-0.004110593433072962,3593.035009765625,3920.87001953125,3633.076933696479,3841.075062593787,48.35390946502058,0.02228550720583111,-90.3648599957296,-123.85907854544385,33.49421854971425,0.07990906345739024,-0.003486706569591269,-0.5021764210905126,0.01816432038238257,-0.06696727241534924,-15.099853515625,3672.89990234375
2026-07-31,3638.0,3686.89990234375,3566.5,3672.89990234375,3672.89990234375,269189,0.003990884651547955,3592.735009765625,3908.106015625,3636.8695973771714,3834.4799582702567,41.16956347085476,0.022298503335737588,-76.82609951909762,-114.4524827401746,37.62638322107698,0.038128858774378216,-0.001630922329845852,-0.2845836356436485,0.02231305463949447,-0.06018416909389674,14.599853515625,3761.89990234375
2026-08-03,3704.60009765625,3765.0,3678.0,3761.89990234375,3761.89990234375,322468,0.024231534309771874,3597.9,3896.800009765625,3648.7772454692267,3831.6336815672566,53.95832554187417,0.022884715067661668,-58.24358234203146,-103.21070266054598,44.96712031851452,0.058378349567018484,0.028234789791230508,0.1979241350872436,0.045582117997651384,-0.03461817570411795,89.0,3737.0
2026-08-04,3778.5,3789.0,3732.800048828125,3737.0,3737.0,162634,-0.006618969932782326,3599.390002441406,3884.8280078125,3657.1794125673955,3827.9225567999133,66.310260311456,0.022784362715829065,-45.00720260574599,-91.57000264958597,46.562800043839985,0.04333015496570014,0.008038425016353656,-0.4956584839425927,0.03823147740735385,-0.038052651884514205,-24.89990234375,3749.800048828125
2026-08-05,3757.60009765625,3788.699951171875,3738.0,3749.800048828125,3749.800048828125,156904,0.003425220451732658,3605.7,3873.2000048828127,3666.0004255446074,3824.858929036314,66.07523418119885,0.022123163505702877,-33.10283051147508,-79.8765682219638,46.77373771048872,0.020798211062081462,0.03482722921149639,-0.03523248521219424,0.03996451419367257,-0.03185994936980313,12.800048828125,3715.0
2026-08-06,3750.10009765625,3800.800048828125,3715.0,3715.0,3715.0,166412,-0.009280507860412568,3610.3800048828125,3860.8760009765624,3670.6670516832164,3820.550735740772,66.05520411264088,0.022260429835247137,-26.174875295569564,-69.13622963668494,42.96135434111538,0.015498988714727657,0.025846385425611906,0.06059756284097273,0.028977557757270848,-0.0377831354696874,-34.800048828125,3781.0
2026-08-07,3716.39990234375,3833.60009765625,3716.10009765625,3781.0,3781.0,449437,0.017765814266487157,3614.915002441406,3850.7880029296875,3681.1749515229103,3818.999726496036,67.64920335863872,0.022209980823063753,-15.183743712787418,-58.34573245190544,43.16198873911802,0.02943181151963037,0.02457793403565578,1.7007487440809559,0.045944371429597924,-0.018123044653871538,66.0,3808.0
2026-08-10,3806.89990234375,3857.0,3776.5,3808.0,3808.0,237054,0.007140967997884218,3614.1349975585936,3840.8900048828127,3693.253527568347,3818.5683646726625,76.89442274725133,0.020724519993052904,-4.24557801445053,-47.52570156441446,43.28012354996393,0.012254472169110242,-0.004079950114504016,-0.47255343908044956,0.053640775060246886,-0.008563120745712739,27.0,3795.0
2026-08-11,3810.0,3837.60009765625,3775.10009765625,3795.0,3795.0,145353,-0.0034138655462184753,3619.0199951171876,3826.1840087890623,3702.9436677999333,3817.6441150776564,82.25915426698948,0.01924535330042727,3.3355555442399236,-37.353450142683585,40.68900568692351,0.015520470966015498,0.02642467473064336,-0.386835910805133,0.0486264251427862,-0.008150159197108675,-13.0,3711.89990234375
2026-08-12,3799.89990234375,3799.89990234375,3685.0,3711.89990234375,3711.89990234375,187415,-0.021897258934453268,3628.5949951171874,3813.4820068359377,3703.7966425183918,3813.4972832057388,74.34319132777978,0.01641088242548155,2.608110450473305,-29.36113802405221,31.969248474525514,-0.01010724465060997,0.054397229096758704,0.2893782722062841,0.022957896193612597,-0.02663762522285264,-83.10009765625,3778.0
2026-08-13,3719.800048828125,3781.199951171875,3702.0,3778.0,3778.0,142023,0.0178076185768139,3640.6049926757814,3803.1380029296874,3710.8636289452115,3812.105232883945,70.62565147550285,0.01674881885919723,7.28139504246019,-22.03263141074973,29.31402645320992,0.016958277254374154,0.06789528742627482,-0.24220046421044206,0.03773960855424626,-0.00660980561586847,66.10009765625,3772.699951171875
2026-08-14,3778.10009765625,3809.5,3751.699951171875,3772.699951171875,3772.699951171875,93110,-0.0014028715797048674,3654.0799926757813,3792.57,3716.752802490608,3810.559927718766,69.12564109913342,0.016504245070772222,10.437025570776314,-15.538700014444522,25.975725585220836,-0.002195199372685752,0.07692966537917645,-0.34440196306232085,0.032462332169480385,-0.005239204240956703,-5.300048828125,3760.0
2026-08-17,3772.60009765625,3775.0,3700.0,3760.0,3760.0,151262,-0.0033662764959428992,3665.2449951171875,3782.662001953125,3720.871583205788,3808.5771854552854,66.02518250178386,0.01652152516789054,11.77734369098016,-10.075491273359587,21.85283496433975,-0.012605042016806678,0.06313796813725614,0.624551605627752,0.025852297734269995,-0.005991019536354006,-12.699951171875,3662.0
2026-08-18,3759.0,3759.0,3656.0,3662.0,3662.0,192129,-0.026063829787234094,3675.264990234375,3770.757998046875,3715.2647657576176,3802.8290605354705,48.98649499259851,0.01692765370625289,4.875571919732465,-7.085278634741177,11.960850554473641,-0.03504611330698282,0.05789227429229471,0.2701736060610067,-0.0036092609021721642,-0.02884247626159194,-98.0,3659.699951171875
2026-08-19,3650.0,3675.0,3635.0,3659.699951171875,3659.699951171875,143684,-0.000628085425484759,3687.9199829101562,3762.107998046875,3709.9728786542137,3797.216154285918,50.12735644969132,0.01636836225760982,-0.7708408778735247,-5.822391083367647,5.051550205494122,-0.014062866064603496,0.07429690784361753,-0.2521482961968261,-0.00765201844645574,-0.027220921602507348,-2.300048828125,3660.0
2026-08-20,3681.800048828125,3777.60009765625,3660.0,3660.0,3660.0,270105,8.19872754946882e-05,3701.5399780273438,3755.12599609375,3705.2135568776216,3791.835128627647,48.795077967153,0.016247722133930113,-5.161948537824173,-5.690302574258952,0.528354036434779,-0.03123345685547907,0.0804108792334175,0.8798544027170736,-0.01122235023096565,-0.025332304746286633,0.300048828125,3708.0
2026-08-21,3665.10009765625,3734.0,3636.60009765625,3708.0,3708.0,148013,0.013114754098360715,3710.0399780273438,3747.987998046875,3705.478932413086,3788.547476524602,44.54785854768271,0.013412337705714308,-4.714389598607795,-5.495119979128722,0.7807303805209269,-0.017149508842275618,0.04804974561899389,-0.4520168082782622,-0.0005498533814798464,-0.010669190527748016,48.0,3673.5
2026-08-24,3710.10009765625,3769.89990234375,3664.300048828125,3673.5,3673.5,207021,-0.009304207119741115,3715.994982910156,3740.0939990234374,3702.433319802316,3784.0358107785396,43.69915154052179,0.013652008203012602,-7.062149522599611,-5.8085258878229,-1.2536236347767113,-0.02300531914893622,0.03350779341900045,0.39866768459527213,-0.011435694371383788,-0.01780543458020721,-34.5,3665.89990234375
2026-08-25,3673.89990234375,3701.300048828125,3612.199951171875,3665.89990234375,3665.89990234375,162141,-0.002068898232271632,3720.1999755859374,3731.0319970703126,3698.953946711024,3779.403030055607,41.58812186165508,0.0136019078500088,-9.427357828531967,-6.532292275964714,-2.895065552567253,0.0010649651402920846,0.023479773401404724,-0.21678960105496548,-0.01459600924642097,-0.017456857721323688,-7.60009765625,3650.0
2026-08-26,3678.89990234375,3694.699951171875,3628.0,3650.0,3650.0,110627,-0.004337243996647255,3719.02998046875,3722.1399951171875,3694.291666071879,3774.3284014259752,43.22634844616138,0.012375696993454116,-12.441375259991673,-7.714108872770106,-4.727266387221567,-0.0026504771706130636,-0.006370093909138563,-0.3177111279688666,-0.018561286365335935,-0.019381322360744854,-15.89990234375,3633.199951171875
2026-08-27,3650.0,3664.60009765625,3622.60009765625,3633.199951171875,3633.199951171875,92977,-0.004602753103595925,3717.7749755859377,3712.483994140625,3688.4734075099736,3768.793952396403,32.837908556764916,0.012384270730611387,-16.00117770956149,-9.371522640128383,-6.629655069433106,-0.007322417712602447,-0.006861136954660285,-0.15954513816699356,-0.022748828256000966,-0.02135606324333871,-16.800048828125,3685.0
2026-08-28,3645.0,3708.0,3645.0,3685.0,3685.0,303505,0.014257417572467235,3718.37998046875,3704.873994140625,3688.1426067947377,3765.5079150475244,36.4954002530397,0.012776788960046673,-14.475649491914282,-10.392348010485563,-4.08330148142872,-0.0062028047464940395,0.003294426196730482,2.2643019241317743,-0.008977022424841614,-0.005364283420180159,51.800048828125,3578.60009765625
2026-08-31,3685.0,3685.10009765625,3578.60009765625,3578.60009765625,3578.60009765625,168290,-0.028873786253392097,3709.214990234375,3694.14,3677.7099868767864,3758.1781967184547,30.284275981967056,0.013044268327907614,-21.60321190731156,-12.634520789850765,-8.968691117460796,-0.02583364702429558,-0.0487253274796865,-0.4455116060690928,-0.03521362145952929,-0.031276535903823316,-106.39990234375,3638.0
2026-09-01,3583.10009765625,3671.89990234375,3567.10009765625,3638.0,3638.0,169501,0.016598642128985874,3704.264990234375,3685.377998046875,3673.9280833647113,3753.465326258907,42.96325570366513,0.01366847381082263,-22.202840257682055,-14.548184683417023,-7.654655574265032,-0.007610655797206212,-0.02649183837302649,0.007195911818884015,-0.017888836357299157,-0.012855668556111087,59.39990234375,3609.0
2026-09-02,3608.10009765625,3627.10009765625,3535.0,3609.0,3609.0,181417,-0.007971412864211103,3697.224987792969,3677.047998046875,3667.744456377596,3747.8000193467933,32.68442622950819,0.01370072634135529,-24.733001042072374,-16.585147955148095,-8.147853086924279,-0.011232876712328754,-0.0375486817949473,0.07030047020371555,-0.023862488240304302,-0.01850614897684766,-29.0,3580.0
2026-09-03,3630.0,3637.10009765625,3580.0,3580.0,3580.0,83588,-0.008035466888334675,3690.474987792969,3668.0819970703124,3659.3878414844917,3741.219626431233,31.17061075239883,0.013667843438214223,-28.74685349659967,-19.01748906343841,-9.729364433161258,-0.014642725940452461,-0.03633916554508754,-0.5392493536989367,-0.02993516773813356,-0.02401309380233681,-29.0,3558.0
2026-09-04,3625.0,3659.5,3525.0,3558.0,3558.0,203529,-0.0061452513966480105,3679.324987792969,3658.67599609375,3649.7318565812066,3734.034543041773,30.614203454894437,0.01289385405071175,-33.31899597810616,-21.87779044637196,-11.441205531734198,-0.03446404341926734,-0.05897910605659873,1.4349069244389145,-0.03297479515821331,-0.027517057045018115,-22.0,3497.0
2026-09-07,3547.60009765625,3547.89990234375,3475.0,3497.0,3497.0,161685,-0.017144463181562708,3663.7749877929687,3649.007998046875,3635.1859654782347,3724.739070765625,32.95454545454545,0.013035734918208345,-41.38755209919373,-25.779742776936317,-15.60780932225741,-0.022802239822687254,-0.08167016806722693,-0.20559232345267753,-0.045519986448030396,-0.0416573485528771,-61.0,3492.0
2026-09-08,3505.0,3505.300048828125,3462.199951171875,3492.0,3492.0,92045,-0.001429796968830388,3648.6249877929686,3642.2539990234377,3621.54920686126,3715.6120483826594,32.771731251658494,0.013049332543988256,-47.636277811165655,-30.151049783782184,-17.48522802738347,-0.04013194062671799,-0.07984189723320156,-0.43071404273742153,-0.04292712688121727,-0.0412530260283121,-5.0,3383.0
2026-09-09,3452.5,3459.89990234375,3380.0,3383.0,3383.0,246727,-0.031214203894616266,3632.1799926757812,3638.157998046875,3598.830234779235,3702.568438642163,26.738323359677338,0.013860322904020715,-60.68429621443556,-36.25769906991286,-24.426597144522702,-0.06262122471598786,-0.08860688892393831,1.680504101254821,-0.06860342636605228,-0.07013384195624686,-109.0,3409.0
2026-09-10,3384.0,3456.89990234375,3370.0,3409.0,3409.0,208936,0.007685486254803475,3613.7299926757814,3632.91599609375,3580.75116480026,3691.0559508522742,23.927445856037906,0.013169060229636568,-68.1414696504512,-42.63445318602053,-25.50701646443067,-0.04776536312849167,-0.09767072525145581,-0.1531692923757838,-0.05665337285594749,-0.06163533545353458,26.0,3383.0
2026-09-11,3400.199951171875,3411.0,3373.699951171875,3383.0,3383.0,112924,-0.007626870049867951,3594.2449951171875,3626.997998046875,3561.9177205335686,3678.975325328656,24.287480065519077,0.013152053678413387,-75.28151756014495,-49.163866060845415,-26.117651499299534,-0.04918493535694213,-0.10329471100685506,-0.45952827660144735,-0.0587731207539179,-0.06727271373688852,-26.0,3383.0
2026-09-14,3383.0,3383.0,3383.0,3383.0,3383.0,0,0.0,3575.3949951171876,3621.48599609375,3544.87793762561,3667.368449825571,24.618697156875626,0.013200278208453904,-80.01766315822215,-55.33462548032077,-24.683037677901382,-0.032599370889333734,-0.10026595744680855,-1.0,-0.05381083639148564,-0.06585307698303644,0.0,3440.0
2026-09-15,3450.0,3532.10009765625,3418.10009765625,3440.0,3440.0,424602,0.01684895063553049,3564.2949951171877,3616.1419970703123,3534.889562613647,3658.45204002849,32.45320569259002,0.013115334364252997,-78.26942779308956,-59.92158594287453,-18.347841850215033,-0.014891179839633395,-0.06062261059530316,inf,-0.03487225251766825,-0.04870992267809648,57.0,3373.0
2026-09-16,3434.0,3441.89990234375,3355.10009765625,3373.0,3373.0,185990,-0.019476744186046502,3549.959997558594,3611.1299951171877,3519.471509031395,3647.2578423803143,29.94141150653168,0.013601127255151153,-81.35249777433228,-64.20776830916608,-17.144729465166193,-0.0029559562518475246,-0.07833974232780216,-0.5619662648786392,-0.04984844834316278,-0.06594334611026928,-67.0,3266.699951171875
2026-09-18,3399.0,3399.0,3266.699951171875,3266.699951171875,3266.699951171875,297430,-0.03151498631133265,3530.2949951171877,3604.03599609375,3495.3980273304883,3632.334003509395,20.25315488713659,0.01487923543997945,-91.32069042655985,-69.63035273264484,-21.690337693915012,-0.041742460788537716,-0.10745902973446042,0.5991719984945427,-0.07466657724351522,-0.09359952156068863,-106.300048828125,
