Date,Open,High,Low,Close,Adj Close,Volume,Daily_Return,SMA_20,SMA_50,EMA_20,EMA_50,RSI_14,Volatility_20,MACD,MACD_Signal,MACD_Histogram,Return_5D,Return_20D,Volume_Change,Price_vs_SMA20,Price_vs_SMA50,Price_Change,Target
2024-11-29,4220.0,4298.7001953125,4195.64990234375,4270.85009765625,3977.558349609375,2017425,0.006113264366533588,4145.532507324218,4170.977993164062,4187.416342073202,4188.065936311614,58.546492938283556,0.018419535894574016,39.725968389887385,15.892649851451862,23.83331853843552,0.006184328180761867,0.045585349972260714,-0.2114948970977243,0.030229551960001225,0.0239445292341199,25.9501953125,4276.64990234375
2024-12-02,4270.0,4288.2001953125,4230.0498046875,4276.64990234375,3982.960205078125,1670944,0.0013579977182254233,4160.9425048828125,4169.587993164063,4195.914776384683,4191.539817332482,59.212658310416444,0.016939354985815606,41.43404786198698,21.00092945355889,20.433118408428093,-0.008910614920238924,0.07766255212085116,-0.17174417884184046,0.02780797795815644,0.02567685568819088,5.7998046875,4302.75
2024-12-03,4314.35009765625,4325.0,4265.4501953125,4302.75,4007.268310546875,2010905,0.006102930623791858,4176.870007324219,4169.719995117188,4206.089559586142,4195.901000966503,57.67271475564722,0.01694665325049641,44.38216295530401,25.677176153907915,18.704986801396096,-0.011475680168896552,0.07995332883191009,0.20345445448800192,0.03013739772965119,0.0319038220884358,26.10009765625,4354.39990234375
2024-12-04,4313.5498046875,4386.9501953125,4289.0498046875,4354.39990234375,4055.37060546875,3302642,0.012003928265353458,4196.382507324219,4171.109995117187,4220.214354134486,4202.116644157768,60.7770397998611,0.016897456408535974,50.30638023298525,30.603016969723384,19.703363263261863,0.005043242118673241,0.09844481404935523,0.642365999388335,0.037655622370871396,0.04394271727217138,51.64990234375,4464.0498046875
2024-12-05,4400.7998046875,4489.0,4360.0,4464.0498046875,4157.49072265625,3746747,0.02518140382208145,4221.017492675781,4175.020991210938,4243.436777996678,4212.388532805993,69.82929920263906,0.017475220811900945,63.12156968043655,37.10672751186602,26.01484216857053,0.05162663605395035,0.12406352875361559,0.13446961553810555,0.05757671282656932,0.0692281102502269,109.64990234375,4445.5
2024-12-06,4453.0,4465.0,4412.75,4445.5,4140.21435546875,1842087,-0.00415537583564185,4236.309997558594,4178.504995117188,4262.680894377947,4221.530158970464,68.60638810803927,0.015346065507794921,70.96286964646879,43.87795593878657,27.08491370768222,0.040893475151374314,0.07388308307982427,-0.5083503102824931,0.04938023953911859,0.06389725636197889,-18.5498046875,4452.14990234375
2024-12-09,4430.4501953125,4469.39990234375,4415.5498046875,4452.14990234375,4146.408203125,2066639,0.0014958727575637987,4251.372497558594,4182.052993164062,4280.725561803261,4230.574070475299,81.56415267345257,0.015352535508731713,76.82812114988246,50.467988981005746,26.360132168876717,0.0410367937538727,0.07257462407848081,0.12190086570286862,0.04722649095097061,0.06458476485620467,6.64990234375,4432.5498046875
2024-12-10,4426.14990234375,4493.7998046875,4412.10009765625,4432.5498046875,4128.15380859375,2087828,-0.004402389426719888,4265.649987792969,4184.853989257813,4295.185013506522,4238.494687503228,78.69029579542809,0.01542602162049805,78.9843289688688,56.17125697857836,22.81307199029043,0.03016670842774971,0.0688569579666023,0.01025287919176976,0.039126467800252925,0.05918863981049342,-19.60009765625,4427.4501953125
2024-12-11,4431.85009765625,4448.64990234375,4407.0,4427.4501953125,4123.404296875,1635256,-0.0011504911619057978,4277.087487792969,4187.228989257813,4307.781697488044,4245.904707417318,76.99864899127904,0.015307034126464121,79.36675282028136,60.81035614691897,18.556396673362393,0.016776202141983054,0.05448114639272905,-0.21676689842266705,0.0351553967387092,0.05736997108850893,-5.099609375,4454.9501953125
2024-12-12,4430.0498046875,4485.0,4426.0,4454.9501953125,4149.01611328125,1914642,0.006211249994209966,4289.965002441406,4190.957993164063,4321.797744899897,4254.102569687717,70.52397481841301,0.015307508286759093,80.95564042101432,64.83941300173805,16.11622741927627,-0.002038420217768344,0.06135948419518922,0.17085153639552453,0.0384584006576281,0.06299089673030342,27.5,4473.89990234375
2024-12-13,4434.9501953125,4494.89990234375,4394.39990234375,4473.89990234375,4166.6640625,1967048,0.004253629378660362,4306.142492675781,4194.677993164062,4336.283664656455,4262.72207292913,67.22716495642649,0.014933050568613592,82.7895815189986,68.42944670519017,14.360134813808429,0.006388460767911441,0.07795723181767533,0.02737117435008729,0.03895770052972094,0.06656575537734415,18.94970703125,4415.2001953125
2024-12-16,4459.0,4475.0,4397.0,4415.2001953125,4111.99609375,1646224,-0.013120478399728852,4319.607507324219,4198.326997070312,4343.799524718936,4268.701607140243,56.48341562543687,0.015379096159235843,78.60036123123427,70.463629610399,8.136731620835278,-0.008299295361056558,0.06495581159991581,-0.16309922279476663,0.022129947645983184,0.05165705253390858,-58.69970703125,4328.5
2024-12-17,4410.0,4432.9501953125,4318.0,4328.5,4031.249755859375,3225027,-0.019636752916560196,4335.057507324219,4199.851997070313,4342.342427126656,4271.0466421543515,49.63086196890232,0.014277684076403955,67.50622307508002,69.87214830333521,-2.3659252282551932,-0.023474029457596912,0.07687523323796497,0.9590450631262817,-0.0015126690506734484,0.03063155630708608,-86.7001953125,4347.85009765625
2024-12-18,4311.7001953125,4362.0,4289.60009765625,4347.85009765625,4049.2705078125,1575404,0.004470393359420122,4350.472509765625,4201.351997070313,4342.866967177093,4274.058542370112,60.71841797570026,0.01427589680788434,59.58853033756532,67.81542471018123,-8.226894372615916,-0.01797876749478189,0.07632039338578389,-0.5115067253700512,-0.00060278788188824,0.03486927557797901,19.35009765625,4271.89990234375
2024-12-19,4282.0,4364.0,4262.0,4271.89990234375,3978.53662109375,3015763,-0.017468448453050733,4360.425,4201.724995117187,4336.108199097727,4273.9738898200585,50.09899166628298,0.01499253291235658,46.64743320674734,63.58182640949446,-16.934393202747124,-0.0410891895405151,0.04887236208424284,0.914279130940381,-0.020301942507037773,0.016701451739015046,-75.9501953125,4170.2998046875
2024-12-20,4329.0,4382.0,4152.5,4170.2998046875,3883.91357421875,4116989,-0.023783351665264352,4356.709985351563,4200.071987304687,4320.31692343961,4269.908239422703,41.50625239344257,0.012916068423770683,27.871951217639435,56.43985137112346,-28.567900153484025,-0.06786027946159512,-0.017504662691257167,0.3651566784259903,-0.04278691519307558,-0.007088493413250533,-101.60009765625,4158.2998046875
2024-12-23,4200.0498046875,4217.0,4114.89990234375,4158.2998046875,3872.7373046875,2195338,-0.0028774909627629075,4348.869970703125,4198.689985351562,4304.886721653695,4265.531438060539,38.19753413464914,0.012251297955269686,11.886921725117645,47.5292654419223,-35.64234371680465,-0.05818544556546823,-0.03633757952774175,-0.4667612665469837,-0.04382061714869191,-0.00961971014887409,-12.0,4179.5
2024-12-24,4158.2998046875,4218.0,4158.2998046875,4179.5,3892.48193359375,1181886,0.005098284469196246,4340.2099609375,4199.2959814453125,4292.945129115247,4262.157656175812,34.96130273378951,0.012114260989937238,0.9187583957909737,38.207164032696035,-37.28840563690506,-0.03442301028069772,-0.03979143693356657,-0.46163825342612386,-0.037028153564899455,-0.004714119112532546,21.2001953125,4169.10009765625
2024-12-26,4179.5,4199.9501953125,4143.14990234375,4169.10009765625,3882.7958984375,1208464,-0.002488312559815742,4332.0374755859375,4199.9449853515625,4281.150364214391,4258.5083401554375,19.419387696211288,0.012098864552373207,-8.51462398248077,28.862806429660672,-37.37743041214144,-0.04111227295907849,-0.03772598455865628,0.022487786470099413,-0.03761218106905899,-0.007344117078412307,-10.39990234375,4164.85009765625
2024-12-27,4163.0,4180.9501953125,4147.25,4164.85009765625,3878.838134765625,858100,-0.001019404643795685,4328.034985351563,4200.905991210938,4270.07414835171,4254.835467900568,20.01281354312205,0.011299061264116348,-16.14744921921738,19.860755299885064,-36.00820451910244,-0.025059062041404068,-0.018857878048738397,-0.28992506189675493,-0.03770415171033034,-0.008582885127666112,-4.25,4158.7998046875
2024-12-30,4151.0,4199.2998046875,4112.0,4158.7998046875,3873.203125,1527169,-0.0014527036572468122,4322.432470703125,4202.18298828125,4259.476591812261,4251.06936346084,18.61559469791554,0.011178234038769441,-22.42621088973192,11.403362061961667,-33.829572951693585,-0.002757595505981092,-0.026236063173989854,0.7797098240298332,-0.037856615950556824,-0.010323963452979996,-6.05029296875,4094.800048828125
2024-12-31,4135.0,4139.9501953125,4032.050048828125,4094.800048828125,3813.598388671875,1555429,-0.015388996553101442,4313.339978027344,4201.898989257813,4243.793111528057,4244.941155043871,17.000496630213732,0.011590732061848033,-32.19529288373542,2.6836310728222506,-34.87892395655767,-0.015270605497899381,-0.04252156656918893,0.018504828214821023,-0.050666057002806825,-0.025488223468362083,-63.999755859375,4112.4501953125
2025-01-01,4094.39990234375,4134.0,4085.449951171875,4112.4501953125,3830.036376953125,763161,0.004310380549454651,4303.824987792968,4201.686997070313,4231.284262364671,4239.7454311328365,19.959963381254965,0.011530686505890956,-38.074245234884984,-5.467944188719196,-32.60630104616579,-0.01604254209534628,-0.04422748351345074,-0.509356582653403,-0.044466211573023724,-0.021238326848247974,17.650146484375,4175.75
2025-01-02,4120.0,4183.0,4096.9501953125,4175.75,3888.9892578125,1720835,0.015392236180671759,4294.892492675781,4203.604995117187,4225.995284996607,4237.2358063825295,25.075866217411956,0.01177265259129017,-37.19681043253968,-11.813717437483293,-25.383092995056387,0.0015950450188251253,-0.04102744496379207,1.2548780663582129,-0.027740506398928128,-0.006626453995925618,63.2998046875,4099.89990234375
2025-01-03,4179.9501953125,4179.9501953125,4092.300048828125,4099.89990234375,3818.34814453125,1791953,-0.018164424991019557,4276.684997558594,4205.292993164063,4213.98620093443,4231.850084655519,19.69208233190912,0.010411349950678769,-42.13618627869255,-17.878211205725144,-24.257975072967405,-0.015594845862291762,-0.08157388879518601,0.041327611304976974,-0.04133694562862685,-0.025062008994768067,-75.85009765625,4095.0
2025-01-06,4105.5,4149.64990234375,4066.39990234375,4095.0,3813.78466796875,2085593,-0.0011951273105348381,4259.159997558594,4205.867993164063,4202.654181797818,4226.483414669028,21.57317057311421,0.010432945100945357,-45.91675858126382,-23.48592068083288,-22.43083790043094,-0.01534091749633859,-0.07884377460353165,0.16386590496514142,-0.038542810707438264,-0.026360312150609605,-4.89990234375,4028.300048828125
2025-01-07,4114.9501953125,4140.35009765625,4011.550048828125,4028.300048828125,3751.6650390625,2669054,-0.016288144364316248,4237.967504882812,4205.47599609375,4186.049026276894,4218.711517969386,22.36747898491157,0.010690456249580213,-53.676271349624585,-29.523990814591222,-24.152280535033363,-0.016240109213398912,-0.09520116411455448,0.2797578434526775,-0.049473587471616266,-0.04212982012742304,-66.699951171875,4108.39990234375
2025-01-08,4034.89990234375,4126.0,4017.75,4108.39990234375,3826.263916015625,2181277,0.01988428184214497,4221.760009765625,4206.492993164063,4178.653871616595,4214.385572258577,30.176329342140363,0.01204739113948987,-52.75423439082988,-34.17003952983896,-18.58419486099092,-0.0009848855977311333,-0.07312944391531839,-0.18275276558660858,-0.026851385952696136,-0.023319447097552036,80.099853515625,4038.85009765625
2025-01-09,4101.0,4137.75,4025.300048828125,4038.85009765625,3761.49072265625,2392472,-0.016928684242209058,4202.330004882812,4205.452993164063,4165.339226477515,4207.501828156525,30.499549756410858,0.012382183412709472,-56.978785473503194,-38.731788718571806,-18.246996754931388,-0.032784506338681685,-0.0877706310660874,0.09682172415516233,-0.03890220592780913,-0.03961592146639724,-69.5498046875,4265.64990234375
2025-01-10,4200.0,4297.0,4170.0,4265.64990234375,3972.7158203125,7894300,0.056154548746216726,4192.864990234375,4209.260991210937,4174.8926241790605,4209.782144791318,56.59634466092552,0.018286514796631077,-41.546995942422654,-39.29483016334198,-2.252165779080677,0.04042781627552605,-0.04249212329420249,2.2996415423043612,0.01735923104581205,0.013396392205319256,226.7998046875,4291.10009765625
2025-01-13,4245.0,4322.9501953125,4227.39990234375,4291.10009765625,3996.41845703125,4003771,0.005966311323045259,4183.725,4213.389995117188,4185.9600026054595,4212.9710841193555,59.01931172346371,0.018321379498656216,-26.952877499213173,-36.82643963051622,9.873562131303046,0.047887691735347904,-0.04085916285067892,-0.49282760979440865,0.025664951127583584,0.018443605417281267,25.4501953125,4233.0498046875
2025-01-14,4302.0,4313.89990234375,4219.0498046875,4233.0498046875,3942.35400390625,3441709,-0.013528067779275621,4174.61748046875,4218.6819921875,4190.444745660892,4213.758484925949,53.463541699564054,0.018334707759895236,-19.84237642013977,-33.42962698844093,13.587250568301158,0.05082783143697034,-0.04125529592483357,-0.14038315378177224,0.01399704870976324,0.0034057586057937433,-58.05029296875,4249.60009765625
2025-01-15,4218.0,4256.4501953125,4207.4501953125,4249.60009765625,3957.767822265625,1653474,0.003909779882680153,4170.6724853515625,4223.989995117187,4196.078588708069,4215.164038366353,55.16555311999859,0.01788961679941435,-12.725095777544993,-29.288720746261745,16.563624968716752,0.0343686590080845,-0.018228001003523175,-0.5195776284398246,0.018924433069702998,0.006063012120925277,16.55029296875,4206.2998046875
2025-01-16,4260.0,4294.0,4191.85009765625,4206.2998046875,3917.44140625,2637705,-0.010189262983270164,4163.594970703125,4228.832993164063,4197.052037848967,4214.816421359339,52.53282507159366,0.01796377846256309,-10.45801783823299,-25.522580164655995,15.064562326423005,0.041459747943708436,-0.032556387591433755,0.5952503637795332,0.01025672148344517,-0.005328464972011872,-43.30029296875,4124.2998046875
2025-01-17,4159.89990234375,4160.60009765625,4100.0498046875,4124.2998046875,3911.750244140625,1761466,-0.01949456857749876,4156.2149658203125,4231.891987304687,4190.123253738351,4211.266750117306,48.07090178570454,0.01806398834447396,-15.103948024375313,-23.43885373659986,8.334905712224547,-0.0331368257808935,-0.03455139423451148,-0.33219749744569615,-0.007678900488852217,-0.02542413250148028,-82.0,4077.800048828125
2025-01-20,4145.7998046875,4145.7998046875,4068.10009765625,4077.800048828125,3867.64697265625,1287799,-0.011274581883335744,4151.589978027344,4230.654990234375,4179.425805651663,4206.032761831457,49.03045533177164,0.0174621730574501,-22.28117928692336,-23.207318846664563,0.9261395597412019,-0.0497075444463827,-0.022180600961926866,-0.26890499163764725,-0.017773896167434317,-0.03613032538911473,-46.499755859375,4035.85009765625
2025-01-21,4095.300048828125,4111.0,4030.0,4035.85009765625,3827.858642578125,1971591,-0.010287397780558316,4145.467492675782,4228.353994140625,4165.7519286997185,4199.358931863802,45.74916217223918,0.017582771801227137,-30.996884451782535,-24.76523196768816,-6.231652484094376,-0.046585728051883435,-0.029447060765848798,0.5309772720742911,-0.02644271007147054,-0.045526911122184766,-41.949951171875,4156.60009765625
2025-01-22,4050.0,4163.14990234375,4044.199951171875,4156.60009765625,3942.386474609375,2409223,0.029919347120975548,4144.322497558594,4228.54599609375,4164.880325743197,4197.682114836055,49.00099648174696,0.018889248938877,-27.83970890343153,-25.380127354836837,-2.4595815485946915,-0.02188441214769632,-0.0054791009316306205,0.22196895806483186,0.002962510785511775,-0.01701433507024918,120.75,4145.4501953125
2025-01-23,4168.0,4191.35009765625,4140.0498046875,4145.4501953125,3931.810546875,1822998,-0.0026824573165066257,4143.140002441406,4227.48099609375,4163.02983713075,4195.633804266504,52.54826813811189,0.018890586332610225,-25.938327576408483,-25.49176739915117,-0.44656017725731445,-0.014466303449694462,-0.005672663594008087,-0.2433253376711081,0.0005575946914013566,-0.01940417966563247,-11.14990234375,4152.35009765625
2025-01-24,4104.0,4178.0,4104.0,4152.35009765625,3938.35498046875,1910099,0.0016644518734183489,4142.515002441406,4226.58,4162.01271908556,4193.936404007279,53.201233472299755,0.018893377307585474,-23.602628314692993,-25.113939582259533,1.5113112675665406,0.0068012254921112625,-0.0030013085001628914,0.04777898823805615,0.0023741845736340323,-0.017562639851546623,6.89990234375,4065.14990234375
2025-01-27,4102.0,4156.35009765625,4041.050048828125,4065.14990234375,3855.64892578125,1551782,-0.021000203080592694,4137.832507324219,4224.87599609375,4152.787688919673,4188.88595296165,52.0109055223329,0.019470174772119923,-28.45982962101607,-25.783117590010843,-2.676712031005227,-0.003102198816249069,-0.022518492531954704,-0.1875908002674207,-0.017565381114826632,-0.037806102214048336,-87.2001953125,4040.300048828125
2025-01-28,4070.800048828125,4102.0,4028.300048828125,4040.300048828125,3832.07958984375,2468272,-0.006112899674695416,4135.107507324219,4222.7639990234375,4142.074580339526,4183.059054760336,46.04530579526163,0.01921723408536517,-33.92332517427167,-27.41115910686301,-6.512166067408657,0.0011026056627967407,-0.013309563189928486,0.5906048658896674,-0.022927447068345496,-0.04320960163473719,-24.849853515625,4099.7998046875
2025-01-29,4054.0,4107.85009765625,4054.0,4099.7998046875,3888.5126953125,1217089,0.014726568606366897,4134.474987792969,4224.3699951171875,4138.048411229809,4179.793986130029,53.581273461537144,0.01949354223116545,-33.07083176226479,-28.543093637943368,-4.52773812432142,-0.0136650848371912,-0.0030761200802916777,-0.5069064511528714,-0.008386840701140376,-0.029488465871520285,59.499755859375,4100.0498046875
2025-01-30,4099.89990234375,4129.89990234375,4058.5,4100.0498046875,3888.750244140625,1531251,6.09785872260904e-05,4130.689978027343,4225.579990234375,4134.429496321018,4176.666763328361,36.73927017482398,0.019155896687878135,-32.006105222802944,-29.235695954915286,-2.7704092678876577,-0.010951860108303069,-0.018128526686822743,0.2581257410099016,-0.007417688934010957,-0.029707208439311194,0.25,4112.39990234375
2025-01-31,4110.0,4128.4501953125,4085.25,4112.39990234375,3900.464111328125,1492943,0.0030121823501096934,4131.314978027343,4226.370986328125,4132.331439751754,4174.146494270141,35.38359973257569,0.0187226166954204,-29.821982847822255,-29.35295333349668,-0.4690295143255767,-0.009621104765479505,0.00304885492273943,-0.02501745304982661,-0.004578463705671051,-0.026966653981171887,12.35009765625,4073.14990234375
2025-02-01,4113.0,4135.89990234375,4056.0,4073.14990234375,3863.236572265625,437172,-0.009544305255340224,4130.222473144531,4222.941982421875,4126.695102855754,4170.185843606361,36.5063373549578,0.01885072295048328,-30.90197833354614,-29.66275833350657,-1.2392200000395697,0.001967947109499546,-0.005335799183455392,-0.7071743529391277,-0.013818280049531869,-0.035471024868832905,-39.25,4068.64990234375
2025-02-03,4030.89990234375,4077.0,3998.699951171875,4068.64990234375,3858.968505859375,1265713,-0.0011047960688632674,4132.239965820312,4218.012978515625,4121.166988521278,4166.20404198822,34.412930774142154,0.01846635778373214,-31.7549437045991,-30.08119540772508,-1.6737482968740203,0.007016769342130358,0.010016595841057852,1.895228880166159,-0.015388763479987917,-0.03541076732875248,-4.5,4107.0498046875
2025-02-04,4083.699951171875,4118.85009765625,4066.050048828125,4107.0498046875,3895.389404296875,2547132,0.009437996206463906,4132.1724609375,4213.099970703125,4119.822494822823,4163.884267976427,41.37780228636874,0.018036649875618444,-28.99810164362043,-29.864576654904152,0.8664750112837218,0.001768379029559064,-0.0003286188512173771,1.0124088162166305,-0.006079769537087485,-0.025171528507054716,38.39990234375,4091.10009765625
2025-02-05,4150.0,4150.0,4076.0,4091.10009765625,3880.261474609375,1693912,-0.0038834949147794617,4134.7849609375,4208.2709765625,4117.087028426006,4161.0299867874,46.741926333120574,0.01761810929101932,-27.780061254820794,-29.44767357488748,1.667612320066688,-0.0021828288575953536,0.01293685052344995,-0.3349728243373331,-0.01056520803232895,-0.02784299764887306,-15.94970703125,4082.75
2025-02-06,4105.39990234375,4139.5,4051.550048828125,4082.75,3872.342041015625,2284536,-0.0020410396853974833,4125.639965820313,4205.027978515625,4113.816835242577,4157.960183383972,50.52508304210972,0.01185596164050519,-27.17527886859807,-28.993194633629603,1.8179157650315325,-0.007209878184962437,-0.04287738246949335,0.34867454743811965,-0.010395954609622546,-0.029078992848649128,-8.35009765625,4029.39990234375
2025-02-07,4090.0,4090.0,4008.0,4029.39990234375,3821.7412109375,1548940,-0.013067196780662593,4112.554956054688,4200.198974609375,4105.777127347451,4152.918603735337,49.33193145141306,0.01193615723776158,-30.647604973125908,-29.324076701528867,-1.3235282715970413,-0.010741072891725767,-0.060986737516432576,-0.3219892354508749,-0.02021980364992163,-0.04066451929970998,-53.35009765625,4036.949951171875
2025-02-10,4040.0,4052.0,4014.35009765625,4036.949951171875,3828.902099609375,1339511,0.0018737402618522747,4102.749963378907,4195.404975585938,4099.222158187872,4148.370813438731,33.811353163657984,0.011721090679748318,-32.4165448354197,-29.942570328307035,-2.473974507112665,-0.007791270306549136,-0.046325902732935575,-0.1352079486616654,-0.01603802639555461,-0.03776870774958565,7.550048828125,3963.550048828125
2025-02-11,4018.39990234375,4040.0,3955.0,3963.550048828125,3759.284912109375,1810908,-0.018182019403644833,4088.4474609375,4188.6209765625,4086.301004915515,4141.122940316746,28.93696947560599,0.012138238196389262,-39.28830993061729,-31.811718248769086,-7.476591681848202,-0.03493986259810977,-0.06731222756369193,0.35191722949643567,-0.030548860735692473,-0.05373389690634772,-73.39990234375,3950.14990234375
2025-02-12,3971.10009765625,4021.75,3940.14990234375,3950.14990234375,3746.57568359375,1678002,-0.003380844525562865,4075.6399658203127,4180.5359765625,4073.3342332420134,4133.633801572708,26.933574559009315,0.012033075655006012,-45.29339899904835,-34.50805439882494,-10.78534460022341,-0.03445288356382403,-0.06089672972390048,-0.07339191168187453,-0.03079027208707456,-0.05510921937052383,-13.400146484375,3910.14990234375
2025-02-13,3968.0,3984.449951171875,3902.25,3910.14990234375,3708.636962890625,2277310,-0.010126197989667851,4064.932470703125,4169.457978515625,4057.7928683945597,4124.869727093142,30.184076347238104,0.011531881381530638,-52.67295996150506,-38.14103551136096,-14.531924450144096,-0.042275451021064225,-0.051923941634979265,0.35715571256768475,-0.03807752514338863,-0.062192274753226175,-40.0,3934.85009765625
2025-02-14,3925.0,3948.0,3900.0,3934.85009765625,3732.06396484375,1681975,0.006316943321711177,4057.7849731445312,4159.24498046875,4046.0840330861492,4117.417976919146,36.513625228013446,0.011506241143634828,-55.88401966543597,-41.68963234217596,-14.19438732326001,-0.023464984111530862,-0.03505565487767259,-0.26142027216321007,-0.030296054695331566,-0.053950869416499445,24.7001953125,3904.5
2025-02-17,3856.5,3934.0,3856.199951171875,3904.5,3703.2783203125,1799806,-0.007713152192081685,4051.2174682617188,4148.291982421875,4032.599839458897,4109.068252334082,23.00999909577621,0.011419430617945208,-60.184042669122846,-45.38851440756534,-14.795528261557507,-0.032809411256987886,-0.03254583160373803,0.07005514350688924,-0.03621564860715111,-0.05876924369232646,-30.35009765625,3873.199951171875
2025-02-18,3898.39990234375,3924.39990234375,3864.5,3873.199951171875,3673.591064453125,2149879,-0.008016403848924325,4037.0474609375,4137.104985351562,4017.4188977172757,4099.818515033603,21.127700630470784,0.008748136711568285,-65.36401851677192,-49.38361522940666,-15.980403287365263,-0.022795245813273635,-0.06818075827024439,0.19450596342050197,-0.040585975604947616,-0.0637897841882447,-31.300048828125,3784.10009765625
2025-02-19,3872.199951171875,3874.949951171875,3768.14990234375,3784.10009765625,3589.0830078125,4366672,-0.02300419669494913,4018.9799560546876,4124.237983398438,3995.1980596162257,4087.437400626648,15.044746974497286,0.009770115643867273,-75.78519567481726,-54.663931318488785,-21.121264356328474,-0.042036329960282615,-0.08716787818723515,1.0311245423579654,-0.0584426548444427,-0.08247290459749579,-89.099853515625,3779.39990234375
2025-02-20,3761.5,3788.0,3751.300048828125,3779.39990234375,3584.625244140625,2888572,-0.0012420906400999465,4000.3324462890623,4110.726977539062,3974.6458541617044,4075.3574987332013,16.239535434458347,0.009694856907163102,-83.46123101531111,-60.423391257853254,-23.03783975745786,-0.03343861572202855,-0.08981665479580048,-0.33849576977615903,-0.055228545855048126,-0.0806006034956049,-4.7001953125,3786.0
2025-02-21,3776.10009765625,3817.0,3775.0,3786.0,3590.885009765625,1833931,0.0017463348221384845,3986.374951171875,4096.968979492188,3956.67958233678,4064.0101458417034,17.671319938701018,0.008983923367549312,-87.99759016117832,-65.93823103851827,-22.059359122660055,-0.03782865775367428,-0.06866903042931016,-0.3651080880102694,-0.05026495340408732,-0.07590220503225091,6.60009765625,3675.60009765625
2025-02-24,3743.14990234375,3763.199951171875,3670.0,3675.60009765625,3486.175048828125,2508516,-0.02916003759739827,3968.1399536132812,4082.1769775390626,3929.910107605301,4048.7783792461955,7.630425609452018,0.010657333413189477,-99.35572597341161,-72.62173002549694,-26.733995947914664,-0.05862463883819946,-0.09026556116238327,0.3678355401593625,-0.07372216186343235,-0.09959805322500181,-110.39990234375,3629.550048828125
2025-02-25,3625.0,3658.0,3621.25,3629.550048828125,3442.498046875,4101954,-0.012528579716136412,3944.6274658203124,4068.197978515625,3901.3043877217606,4032.338052563134,7.20450422429488,0.009751333499874002,-110.79579951089909,-80.25654392257738,-30.53925558832171,-0.06290661608369363,-0.11470066302303727,0.6352114158331061,-0.07987507558629872,-0.10782364378627185,-46.050048828125,3612.550048828125
2025-02-27,3611.699951171875,3638.0,3600.699951171875,3612.550048828125,3426.3740234375,3823856,-0.0046837761626923324,3920.252478027344,4053.4919775390626,3873.803974493795,4015.8757779068596,7.090764151695865,0.009652634752013556,-119.85231525097106,-88.17569818825612,-31.67661706271494,-0.0453344373565534,-0.1189009351305994,-0.06779646968249764,-0.07849046226585221,-0.1087807577156327,-17.0,3483.25
2025-02-28,3584.949951171875,3600.0,3457.0,3483.25,3303.737548828125,7085018,-0.03579190518621844,3888.7949829101562,4037.7189794921874,3836.6083578753387,3994.9884924987477,6.227507462943578,0.01142668421374822,-135.89657147519756,-97.71987284564442,-38.176698629553144,-0.07835897496851185,-0.15298850240347084,0.8528464461004808,-0.10428551381401678,-0.1373223303326378,-129.300048828125,3493.050048828125
2025-03-03,3485.0,3523.25,3476.14990234375,3493.050048828125,3313.03271484375,4990439,0.0028134784549271874,3859.789990234375,4024.173984375,3803.888518918461,3975.304631962645,6.564495022047126,0.011681709424823805,-146.1364085366622,-107.40317998384798,-38.733228552814225,-0.07737716618380219,-0.1424204528249321,-0.2956349581610096,-0.09501551699292865,-0.13198334306844456,9.800048828125,3532.050048828125
2025-03-04,3474.0,3551.0,3464.300048828125,3532.050048828125,3350.0224609375,2797737,0.011165027541785166,3832.959997558594,4011.6489892578124,3777.9991408146198,3957.922099290703,13.537307631686005,0.012343489907165018,-149.38258961289011,-115.79906190965642,-33.5835277032337,-0.039054860434806216,-0.13188646514081148,-0.43938058355186793,-0.07850589333625543,-0.11955157136477615,39.0,3547.050048828125
2025-03-05,3520.85009765625,3600.35009765625,3520.85009765625,3547.050048828125,3364.24951171875,2501894,0.004246825439230939,3804.960009765625,3998.999990234375,3756.0039891968586,3941.809469860798,16.02903349122424,0.012030849694948272,-149.02694698471714,-122.44463892466857,-26.582308060048575,-0.022730090201301123,-0.13635085584309947,-0.10574367783676597,-0.06778256808890519,-0.11301573956237047,15.0,3601.60009765625
2025-03-06,3557.0,3609.449951171875,3536.10009765625,3601.60009765625,3415.988525390625,2786513,0.015378990450430008,3780.485009765625,3987.649990234375,3741.298856669182,3928.4679258527767,24.619601278197536,0.013041661137482116,-142.69842596513263,-126.49539633276139,-16.20302963237124,-0.0030310863583542513,-0.11964996903410641,0.11376141435248655,-0.04731797947810539,-0.09681137851204305,54.550048828125,3611.199951171875
2025-03-07,3600.0,3625.0,3574.39990234375,3611.199951171875,3425.093505859375,2051315,0.0026654412636961666,3756.907507324219,3976.5769873046875,3728.9084847170575,3916.0260444927417,22.69928189117779,0.013163870413281797,-135.34818983213108,-128.26595503263533,-7.082234799495751,0.036732922176667016,-0.11549814434587591,-0.2638415826518663,-0.038783908272503914,-0.09188229909776346,9.599853515625,3589.64990234375
2025-03-10,3606.5,3622.10009765625,3582.60009765625,3589.64990234375,3404.654296875,1004626,-0.005967559016257673,3734.9200073242187,3965.1939892578125,3715.6457625862663,3903.226980094742,23.0413569356066,0.013059554568039285,-129.76612051954862,-128.56598813001798,-1.200132389530637,0.027654872436778666,-0.10913535778471972,-0.5102526915661417,-0.03889510476679351,-0.09471014228596548,-21.550048828125,3575.300048828125
2025-03-11,3558.0,3588.75,3537.64990234375,3575.300048828125,3391.043701171875,1995450,-0.003997563524580916,3711.837512207031,3954.8039892578126,3702.27950413311,3890.3671004372277,23.730167341820987,0.012946328919107993,-125.05860586256586,-127.86451167652757,2.805905813961715,0.012245013349782452,-0.11435611239364984,0.9862615540509603,-0.03678433199995382,-0.09596024011822343,-14.349853515625,3506.199951171875
2025-03-12,3565.0,3569.25,3486.85009765625,3506.199951171875,3325.505126953125,3174167,-0.019327076528555698,3688.970007324219,3942.678984375,3683.6052609939447,3875.301722034665,24.59780416360003,0.01300555896799651,-125.45747133337636,-127.38310360789733,1.9256322745209644,-0.01151663976936157,-0.11538900531645147,0.5907023478413391,-0.04954501006770599,-0.11070620634672751,-69.10009765625,3511.050048828125
2025-03-13,3502.300048828125,3524.300048828125,3484.10009765625,3511.050048828125,3330.104736328125,1693004,0.0013832918041736253,3667.0150146484375,3929.3849853515626,3667.171431263867,3861.0173426932324,25.47749413576294,0.013099927199075382,-123.95335562045466,-126.6971540104088,2.7437983899541365,-0.025141616607310402,-0.11116030134833443,-0.4666304576917345,-0.04253185907264825,-0.10646320940375077,4.85009765625,3497.699951171875
2025-03-17,3489.0,3530.449951171875,3477.35009765625,3497.699951171875,3317.442626953125,2690906,-0.0038023091299156375,3646.3925170898438,3917.340986328125,3651.0312903027248,3846.7696018492575,23.97544930634372,0.013066085416026893,-122.42730858580944,-125.84318492548894,3.4158763396794996,-0.031429995994314286,-0.10548187703101919,0.5894268412833048,-0.04077799228170836,-0.10712394877567084,-13.35009765625,3497.699951171875
2025-03-18,3497.699951171875,3497.699951171875,3497.699951171875,3497.699951171875,3317.442626953125,0,0.0,3624.535009765625,3905.3949853515624,3636.4283056235963,3833.0805959403406,29.943624740377103,0.012840413405578472,-119.83650468589303,-124.64184887756977,4.805344191676738,-0.025615297779273405,-0.11109702673165589,-1.0,-0.03499347040434621,-0.10439277863286005,0.0,3497.10009765625
2025-03-19,3547.0,3547.0,3462.75,3497.10009765625,3316.8740234375,3051244,-0.00017149942076188918,3604.1650146484376,3894.770986328125,3623.158952483849,3819.9048901252786,33.362651058351474,0.012891653587927846,-116.48886596001512,-123.01125229405885,6.5223863340437305,-0.021872276481384123,-0.10434111982168015,inf,-0.02970588653878021,-0.10210379251253167,-0.599853515625,3563.14990234375
2025-03-20,3512.0,3578.949951171875,3512.0,3563.14990234375,3379.52001953125,2845192,0.018887021487250744,3588.6625122070313,3883.865986328125,3617.443804851459,3809.8360670750226,44.47549064309315,0.013964831667496935,-107.26963335401388,-119.86292850604985,12.593295152035978,0.01624264216672544,-0.08005010139853908,-0.06753048920374771,-0.0071092251713552905,-0.08257650627322125,66.0498046875,3578.10009765625
2025-03-21,3475.0,3616.25,3465.0,3578.10009765625,3393.699462890625,4161925,0.004195780621709444,3578.362512207031,3874.650986328125,3613.696785118582,3800.7483819997765,64.25245644722014,0.01333399815480756,-97.63153372775696,-115.41664955039128,17.785115822634324,0.019096865010655106,-0.05443830625082824,0.46279231770650275,-7.333369659613086e-05,-0.07653615505455011,14.9501953125,3628.949951171875
2025-03-24,3600.0,3649.75,3566.60009765625,3628.949951171875,3441.928955078125,1834751,0.014211411678765717,3570.8400146484373,3861.9169873046876,3615.149467599848,3794.0111886339764,68.17816658001782,0.01386084673312665,-84.91130742983887,-109.31558112628082,24.404273696441948,0.037524659585515874,-0.0398078941258837,-0.5591580818971991,0.01627346402668752,-0.06032419570349314,50.849853515625,3657.75
2025-03-25,3645.0,3710.0,3638.0,3657.75,3469.24462890625,3135390,0.007936193448693007,3564.4275146484374,3849.2499853515624,3619.206661161767,3788.6676126091147,67.28547879715705,0.014015655919133202,-71.68022814541018,-101.78851053010669,30.10828238469651,0.045758655991775754,-0.0338748019017433,0.7088912882456531,0.02618161961999305,-0.049749947673006785,28.800048828125,3635.800048828125
2025-03-26,3647.75,3680.5,3625.85009765625,3635.800048828125,3448.42578125,1734499,-0.006000943523169933,3562.4375122070314,3837.304990234375,3620.786983796658,3782.672806186331,61.975448222789716,0.01249546338099728,-62.24812249587467,-93.88043292326029,31.63231042738562,0.03966141868939688,-0.010828177105965286,-0.4467996006876338,0.020593353952093153,-0.052512099486244516,-21.949951171875,3651.199951171875
2025-03-27,3614.85009765625,3663.0,3610.5,3651.199951171875,3463.031982421875,2528474,0.004235629610245928,3563.5200073242186,3825.3369873046877,3623.6834568800123,3777.51700795047,57.48338935902338,0.01220279655270103,-52.920433580687586,-85.68843305474576,32.76799947405817,0.024711295129685062,0.005964899795427803,0.45775465999115594,0.024604869249350358,-0.04552201197194622,15.39990234375,3606.14990234375
2025-03-28,3651.0,3660.949951171875,3591.89990234375,3606.14990234375,3420.3037109375,2051919,-0.012338422828272133,3563.2,3813.3339892578124,3622.0135945432253,3770.796729299226,49.3117008525792,0.01248635526307578,-48.60306942452917,-78.27136032870244,29.668290904173276,0.007839301283346867,-0.001771642301938825,-0.18847534125326182,0.012053744483540128,-0.0543314819781591,-45.050048828125,3550.800048828125
2025-04-01,3572.699951171875,3584.0,3525.0,3550.800048828125,3367.806396484375,2618493,-0.015348738963860464,3566.577502441406,3801.863994140625,3615.231352094168,3762.1694084964383,45.15164274819766,0.009990701332155778,-49.08201095671075,-72.4334904543041,23.35147949759336,-0.02153512817626857,0.01939282245837215,0.2761190865721308,-0.004423695714583808,-0.06603706647566454,-55.349853515625,3543.949951171875
2025-04-02,3544.0,3564.10009765625,3530.050048828125,3543.949951171875,3361.309326171875,1764313,-0.0019291702044756942,3569.1224975585938,3791.1869921875,3608.4426472444256,3753.6117827190046,46.01295873795752,0.010001876378967907,-49.44435742935457,-67.8356638493142,18.391306419959633,-0.031112035767377533,0.014571764398516596,-0.3262105340743703,-0.007052867029343393,-0.06521362347072471,-6.85009765625,3403.14990234375
2025-04-03,3491.0,3502.0,3396.14990234375,3403.14990234375,3227.765869140625,4537821,-0.039729694484417544,3562.677490234375,3778.53298828125,3588.890957253885,3739.8681795670336,38.91577053872717,0.013185881123576668,-60.39669138219551,-66.34786935589047,5.9511779736949535,-0.06398870767366915,-0.036494428080695474,1.5720045139382863,-0.044777442900151565,-0.0993462508073143,-140.800048828125,3299.39990234375
2025-04-04,3362.60009765625,3399.64990234375,3295.5,3299.39990234375,3129.362548828125,5317367,-0.030486461947664245,3550.2949829101562,3761.388984375,3561.320380595777,3722.5949137935713,31.22836025341266,0.014566261042303694,-76.56565169986652,-68.39142582468568,-8.174225875180838,-0.09635189897370933,-0.06981862197467259,0.171788618369918,-0.07066879844467149,-0.12282406418224115,-103.75,3274.050048828125
2025-04-07,3100.0,3291.39990234375,3056.050048828125,3274.050048828125,3105.3193359375,6623955,-0.007683170960154806,3533.91748046875,3743.9609814453124,3533.9613013798103,3705.004919089044,30.577499607763315,0.013889334014573207,-90.38330805028681,-72.7898022698059,-17.59350578048091,-0.09209263688672031,-0.09094570189546558,0.24572086147147632,-0.07353522912655995,-0.1255117067047488,-25.349853515625,3292.949951171875
2025-04-08,3302.050048828125,3349.0,3255.300048828125,3292.949951171875,3123.244873046875,5557558,0.005772636967023459,3518.00498046875,3726.772978515625,3511.007839455245,3688.8459007393512,32.78397361890951,0.013992619405145184,-98.67141345923073,-77.96612450769086,-20.70528895153987,-0.07261746482777831,-0.08812860110300025,-0.16099097895441616,-0.06397234527703484,-0.11640715166839642,18.89990234375,3246.60009765625
2025-04-09,3260.550048828125,3270.0,3212.050048828125,3246.60009765625,3079.28369140625,2990265,-0.014075480709668908,3500.852490234375,3710.401982421875,3485.826149760103,3671.5029280694257,30.44189341063698,0.014153655824063499,-107.73790699786423,-83.92048100572555,-23.81742599213868,-0.08390351376641214,-0.09556636831450227,-0.4619462360986606,-0.07262585135688007,-0.12500044118208709,-46.349853515625,3231.5
2025-04-11,3289.550048828125,3298.949951171875,3206.0,3231.5,3064.9619140625,7108961,-0.004651049467765067,3483.662487792969,3694.2259814453123,3461.604611687712,3654.2479112823894,21.867837205815476,0.014152184456018072,-114.81806890529333,-90.09999858563911,-24.718070319654217,-0.05043853702287249,-0.09615977516091612,1.37736822656186,-0.07238430493096458,-0.12525654461026703,-15.10009765625,3248.199951171875
2025-04-15,3314.39990234375,3314.39990234375,3238.60009765625,3248.199951171875,3080.801025390625,3512160,0.005167863584055299,3470.762487792969,3677.193984375,3441.2803583052514,3638.324461866291,22.099082696104517,0.013899795474257615,-117.72454644406616,-95.62490815732453,-22.099638286741637,-0.015517958624992612,-0.07358393805058627,-0.5059531202942315,-0.06412496890924381,-0.11666342189886937,16.699951171875,3273.800048828125
2025-04-16,3248.199951171875,3278.10009765625,3229.0,3273.800048828125,3105.081787109375,2384391,0.007881318281226513,3458.8999877929687,3660.6689892578124,3425.3298526407634,3624.0293868451868,18.623545702786288,0.014099898038546502,-116.61793790563706,-99.82351410698703,-16.79442379865003,-7.63580263806185e-05,-0.06757237769344426,-0.32110410687440205,-0.05351410553010842,-0.10568257921296613,25.60009765625,3298.89990234375
2025-04-17,3245.5,3303.60009765625,3218.0,3298.89990234375,3128.888427734375,2932346,0.007666886535910855,3448.9599853515624,3644.3989892578124,3413.2889049934292,3611.2792109823854,18.08800273038254,0.014314128168119533,-112.41969004772227,-102.3427492951341,-10.076940752588172,0.0018068756768554461,-0.05683736501226144,0.2298092049500271,-0.043508792112737824,-0.09480276115004188,25.099853515625,3321.60009765625
2025-04-21,3290.10009765625,3354.0,3284.10009765625,3321.60009765625,3150.41845703125,2432946,0.006881140981686684,3440.154992675781,3629.3679931640627,3404.5566376279835,3599.9192457539098,22.095906978478766,0.01446743072104471,-106.0384866577865,-103.08189676766459,-2.9565898901219185,0.0231010896765953,-0.05034732995225166,-0.17030732389697534,-0.03446207954930489,-0.0847993083334331,22.7001953125,3314.39990234375
2025-04-22,3322.60009765625,3333.89990234375,3295.0,3314.39990234375,3143.58935546875,2710498,-0.0021676887948012258,3431.019982910156,3614.2829931640626,3395.970281886628,3588.7224087574327,19.64671780945855,0.014457556480771868,-100.40492708481361,-102.5465028310944,2.141575746280793,0.02565369096201464,-0.052243341686143085,0.11408062488850956,-0.03398991586970886,-0.0829716686234868,-7.2001953125,3413.0
2025-04-23,3365.0,3420.89990234375,3337.300048828125,3413.0,3237.1083984375,3543923,0.02974900451406781,3423.512487792969,3600.4019970703125,3397.592159802187,3581.8313339042,34.12510303788183,0.015474602306797574,-86.9814190355778,-99.4334860719911,12.452067036413297,0.050735807926069576,-0.04213965352537796,0.30748039659132753,-0.003070673126051867,-0.05205029805638471,98.60009765625,3401.60009765625
2025-04-24,3401.10009765625,3412.5,3387.699951171875,3401.60009765625,3226.295654296875,2252175,-0.0033401413254467993,3414.6874877929686,3586.6119970703126,3397.9738681692406,3574.7634422866336,36.782431569052974,0.0154064827639746,-76.38257822629794,-94.82330450285248,18.440726276554543,0.03903721880445077,-0.04932785421950947,-0.3644966326864325,-0.0038326758110381,-0.05158402959818002,-11.39990234375,3448.0
2025-04-25,3420.0,3477.800048828125,3405.0,3448.0,3270.304443359375,2742991,0.013640610598441683,3405.639990234375,3573.9169970703124,3402.738261676932,3569.792326902844,42.05646502779754,0.01537456239125844,-63.506769676206204,-88.55999753752323,25.053227861317026,0.045196914750374795,-0.049862895219439984,0.2179297789914194,0.012438193669058281,-0.03523221081338256,46.39990234375,3443.5
2025-04-28,3435.0,3457.800048828125,3405.0,3443.5,3266.0361328125,1593296,-0.0013051044083526309,3394.927490234375,3562.1989990234374,3406.6203319934143,3564.839686632144,54.31413515260293,0.01518396061341381,-53.05413597255938,-81.45882522453047,28.404689251971092,0.03669915063820106,-0.058574260132595146,-0.41913918055144916,0.01430737767016983,-0.033321832681435896,-4.5,3472.5
2025-04-29,3455.0,3495.0,3430.39990234375,3472.5,3293.54150390625,1578332,0.00842166400464639,3386.762487792969,3550.91,3412.8945860892795,3561.2185224504915,72.02852388403038,0.015370429790703107,-41.94675474067071,-73.55641112775852,31.60965638708781,0.04770097221655445,-0.044914474568192864,-0.009391851859290479,0.02531547828229998,-0.022081663573562792,29.0,3453.699951171875
2025-04-30,3472.0,3509.89990234375,3366.0,3453.699951171875,3275.710205078125,2809332,-0.005413980944024455,3376.887487792969,3540.712998046875,3416.780811335241,3557.002107890546,73.24962559005112,0.015309710854841252,-34.26608382743734,-65.6983456676943,31.432261840256956,0.011924978368553996,-0.05409180615720899,0.7799373008974031,0.022746527284836622,-0.024575007046037885,-18.800048828125,3431.0
2025-05-02,3472.0,3491.5,3420.0,3431.0,3254.180419921875,1721761,-0.006572647158932465,3368.129992675781,3530.33,3418.1350197795036,3552.0608487575837,67.6919129817184,0.01517162021785124,-29.668789799984097,-58.492434494152256,28.82364469416816,0.008642962576349555,-0.048569778596811664,-0.3871279720588382,0.018666146336671647,-0.02813617990386166,-22.699951171875,3454.300048828125
2025-05-05,3450.0,3504.5,3446.39990234375,3454.300048828125,3276.27978515625,1284443,0.0067910372568129596,3363.3049926757812,3521.2130029296877,3421.5793082603245,3548.227091897605,78.28926148028488,0.014981782185003057,-23.870122039479156,-51.56797200321764,27.697849963738484,0.0018271603329829134,-0.02717697382927775,-0.25399460203826196,0.02705524962811946,-0.01900281353212385,23.300048828125,3460.0
2025-05-06,3460.0,3473.0,3437.0,3460.0,3281.685791015625,1324763,0.0016501030863860233,3359.1074951171877,3511.7160009765626,3425.2384217593412,3544.767205940836,81.94015588953957,0.01499485490450823,-18.600285130336033,-44.974434628641326,26.374149498305293,0.004791636416436873,-0.023688244001333958,0.031391038761548806,0.030035509440966113,-0.014726703686226621,5.699951171875,3445.10009765625
2025-05-07,3420.60009765625,3459.5,3420.60009765625,3445.10009765625,3267.553955078125,1477128,-0.004306330157153204,3361.2050048828123,3502.5280029296873,3427.1300099399996,3540.8586918904602,77.66227387504313,0.011979493498803158,-15.448122666202835,-39.069172236153626,23.62104956995079,-0.007890540631749432,0.01232687260811205,0.11501302497125909,0.02495982620862564,-0.016396130230908013,-14.89990234375,3448.89990234375
2025-05-08,3448.0,3477.0,3428.699951171875,3448.89990234375,3271.15771484375,2543591,0.0011029591535192118,3368.6800048828127,3494.042001953125,3429.203333026071,3537.2524648494127,76.20471869010203,0.00947442305169033,-12.499314405372843,-33.75520066999747,21.25588626462463,-0.0013898279804231972,0.04531127005665536,0.721984147616185,0.02381345136512245,-0.012919735820044787,3.7998046875,3440.300048828125
2025-05-09,3399.0,3446.199951171875,3398.10009765625,3440.300048828125,3263.001220703125,2531757,-0.002493506265514034,3376.9925048828127,3487.1660009765624,3430.260163102457,3533.4504093191663,72.26073861797586,0.009256311346124242,-10.73258041416966,-29.150676618831913,18.418096204662252,0.0027105942372851466,0.05077808754313495,-0.004652477540610933,0.01874672326153392,-0.013439552959426884,-8.599853515625,3620.39990234375
2025-05-12,3505.0,3630.5,3502.199951171875,3620.39990234375,3433.8193359375,2228678,0.05235004242637875,3393.3650024414064,3483.9860009765625,3448.368709696866,3536.860193359346,81.45264335181265,0.014494809817560376,5.140861374078213,-22.29236902024989,27.433230394328103,0.04808495242675126,0.09943969875865988,-0.11971093592315529,0.06690553469461728,0.039154549222916106,180.099853515625,3515.0
2025-05-13,3620.39990234375,3623.0,3510.5,3515.0,3333.8515625,3062887,-0.029112779026294056,3406.7849975585937,3478.5660009765625,3454.714546868593,3536.0029308746657,67.49828777625581,0.015854347250829636,9.110763883044001,-16.011742439591114,25.122506322635115,0.01589595375722541,0.082671069509765,0.37430665174601274,0.0317645529491754,0.010473855897289044,-105.39990234375,3548.699951171875
2025-05-14,3521.0,3561.0,3508.60009765625,3548.699951171875,3365.814453125,2119499,0.00958746832770263,3422.6449951171876,3476.027998046875,3463.66553775462,3536.500853239262,63.34843584968826,0.015760255077387503,14.805575185738235,-9.848278914525245,24.65385410026348,0.030071652659992454,0.0981587346965418,-0.3080061393058249,0.0368296905564322,0.020906607531882164,33.699951171875,3579.89990234375
2025-05-15,3564.0,3600.0,3514.10009765625,3579.89990234375,3395.40673828125,3548330,0.008791938343948091,3439.2299926757814,3475.0349951171875,3474.735477239299,3538.2027767335558,66.8812820894515,0.015785413377434283,21.587482423090478,-3.5611266470021006,25.14860907009258,0.03798312612986443,0.10211808267905598,0.6741361991678223,0.040901570981743185,0.030176647824815994,31.199951171875,3561.300048828125
2025-05-16,3593.89990234375,3593.89990234375,3546.10009765625,3561.300048828125,3377.765380859375,1666727,-0.0051956350800332896,3453.6049926757814,3474.0099951171874,3482.9797221525205,3539.108552109814,61.32323195354341,0.015929525629715575,25.17118231523318,2.185335145444956,22.985847169788226,0.03517135083645284,0.08781843598020367,-0.5302784690262743,0.031183374005057735,0.02512659832114073,-18.599853515625,3518.800048828125
2025-05-19,3550.0,3550.0,3503.699951171875,3518.800048828125,3337.45556640625,2537377,-0.011933844219047196,3464.6,3474.72099609375,3486.391181835911,3538.3121402164143,56.994257719152074,0.01631218373402897,24.301759925142505,6.608620101384465,17.693139823758038,-0.028063157732893584,0.06665862954136426,0.5223710901665359,0.015643955673995583,0.012685638007750395,-42.5,3498.300048828125
2025-05-20,3531.800048828125,3558.0,3494.0,3498.300048828125,3318.011962890625,2038374,-0.005825849640654357,3473.4349975585938,3474.82599609375,3487.5253596446933,3536.7430385933444,52.43488995911168,0.01641480600429367,21.70831776851719,9.628559634811012,12.079758133706179,-0.0047510529649715805,0.053197238071059694,-0.19666096129979893,0.007158634402834193,0.0067554613556948424,-20.5,3525.800048828125
2025-05-21,3508.0,3537.0,3498.300048828125,3525.800048828125,3344.094970703125,1440153,0.007860960928497862,3484.0050048828125,3474.70099609375,3491.1705681383537,3536.3139017398066,56.694543027766336,0.016410787824586364,21.62276260000999,12.027400227850809,9.595362372159183,-0.006453039890337298,0.06378232944518403,-0.2934795086672024,0.011996264037146041,0.014706028746594482,27.5,3477.0
2025-05-22,3495.0,3497.800048828125,3451.300048828125,3477.0,3297.809814453125,2034383,-0.013840844106955186,3487.2050048828123,3473.2999951171873,3489.8209902204153,3533.9878663774616,54.07368682321787,0.015575699939979596,17.41643756033136,13.10520769434692,4.311229865984441,-0.028743793164826115,0.018751831233518867,0.4126158817847825,-0.002926413809490176,0.0010652707477079957,-48.800048828125,3514.60009765625
2025-05-23,3477.0,3535.0,3465.60009765625,3514.60009765625,3333.47216796875,1274331,0.01081394813236991,3492.8550048828124,3471.5599951171876,3492.180905214304,3533.227561721728,55.20816507961678,0.015687229503041012,16.92184382307323,13.868534920092184,3.0533089029810476,-0.013113175113465103,0.033219660382141525,-0.3736032005772758,0.00622559274376955,0.01239791407885767,37.60009765625,3537.300048828125
2025-05-26,3521.0,3545.0,3510.10009765625,3537.300048828125,3355.002197265625,967470,0.0064587579073398516,3497.3200073242188,3470.0819970703124,3496.4779665108586,3533.3872670984497,56.48600071369955,0.015481582239166498,18.152322397927946,14.725292415659338,3.4270299822686088,0.005257474065956336,0.025899086087043166,-0.24080164415681637,0.011431622333723693,0.019370738736019168,22.699951171875,3498.699951171875
2025-05-27,3532.0,3540.0,3483.10009765625,3498.699951171875,3318.391357421875,2467680,-0.010912305182885995,3500.0800048828123,3468.262998046875,3496.689584097622,3532.026980199368,54.325363817581525,0.015716909831329746,15.83029842105725,14.946293616738922,0.8840048043183284,0.0001143133345249403,0.016030187649738625,1.5506527334180906,-0.00039429204732807936,0.008775849219664216,-38.60009765625,3497.699951171875
2025-05-28,3520.0,3529.0,3493.0,3497.699951171875,3317.442626953125,1222933,-0.00028582045158376257,3501.3400024414063,3466.71099609375,3496.7858095332654,3530.68082219829,53.95590820337626,0.015618201489460203,13.750874525548625,14.707209798500864,-0.9563352729522396,-0.007969850038883952,0.007257005377069747,-0.5044199409972119,-0.0010396166230623744,0.008939007351072224,-1.0,3498.10009765625
2025-05-29,3504.699951171875,3532.5,3486.5,3498.10009765625,3317.822509765625,3188072,0.000114402747508624,3503.560009765625,3466.5489990234373,3496.9109798306927,3529.4031467260534,54.74860850641341,0.01555728017243332,11.996911654310225,14.165150169662736,-2.1682385153525114,0.006068477899410452,0.012855820456930456,1.6069065108227516,-0.0015583897790123564,0.009101587383216262,0.400146484375,3463.39990234375
2025-05-30,3490.0,3506.699951171875,3453.10009765625,3463.39990234375,3284.910400390625,3404365,-0.009919726235321114,3505.1800048828127,3465.59599609375,3493.71944864146,3526.814784201257,33.05268417535109,0.015657898943766853,7.717900529074541,12.875700241545097,-5.157799712470556,-0.014567858046394377,0.009443282525138486,0.06784445269742956,-0.011919531231166972,-0.0006336842934015239,-34.7001953125,3449.800048828125
2025-06-02,3450.0,3460.0,3418.60009765625,3449.800048828125,3272.011474609375,1877585,-0.003926734971154144,3504.9550048828123,3464.637998046875,3489.5366486592375,3523.7945985003503,41.222411758712376,0.015617665649997971,3.1925570533094287,10.939071603897965,-7.746514550588536,-0.024736380513999068,-0.0013027241225112007,-0.44847717562599776,-0.01573628077331949,-0.0042826838553161025,-13.599853515625,3405.199951171875
2025-06-03,3446.0,3473.5,3400.5,3405.199951171875,3229.709716796875,2848125,-0.012928313822536008,3502.2150024414063,3462.787998046875,3481.50458223187,3519.143828016881,31.232031123275917,0.015877051768117312,-3.9471649365013945,7.961824295818094,-11.908989232319488,-0.026724212223080857,-0.015838164401192234,0.5169086885547125,-0.027701055247008482,-0.01663054362770163,-44.60009765625,3380.89990234375
2025-06-04,3389.0,3394.800048828125,3370.0,3380.89990234375,3235.164306640625,2544807,-0.007136159161450162,3499.004992675781,3460.463994140625,3471.923184147287,3513.722497598327,23.494966312010618,0.01592360985497403,-11.434447713252212,4.082569894004033,-15.517017607256244,-0.03339338721407248,-0.018635219149706672,-0.10649743252139565,-0.03375390734773231,-0.022992318929367712,-24.300048828125,3371.10009765625
2025-06-05,3409.0,3409.0,3363.699951171875,3371.10009765625,3225.786865234375,3584683,-0.0028985787720915424,3495.1150024414064,3456.622998046875,3462.3209854338547,3508.1294623064814,24.05895064914307,0.015923295326626036,-17.951996157706617,-0.3243433163380969,-17.62765284136852,-0.03630542193034747,-0.022557861025375048,0.40862666599078046,-0.035482353141035296,-0.024741749516493095,-9.7998046875,3384.199951171875
2025-06-06,3371.10009765625,3390.89990234375,3358.699951171875,3384.199951171875,3238.322265625,2070390,0.0038859283723828852,3492.3099975585938,3452.7449951171875,3454.8808869327136,3503.2694814776733,30.041515466574765,0.01595612105495204,-21.808753819121648,-4.6212254168948075,-17.18752840222684,-0.022867688804367847,-0.01630674559196066,-0.4224342849841952,-0.030956600777793605,-0.019852333155865178,13.099853515625,3421.89990234375
2025-06-09,3400.0,3434.0,3390.89990234375,3421.89990234375,3274.396728515625,1718678,0.011139989278358131,3482.3849975585936,3448.603994140625,3451.7398407813835,3500.0785175900687,39.22120275030087,0.010458197739858878,-21.57449373023337,-8.01187907956252,-13.56261465067085,-0.008087467705223284,-0.05482819725840127,-0.16987717289979187,-0.01736887083342251,-0.007743449767571746,37.699951171875,3462.89990234375
2025-06-10,3440.0,3485.800048828125,3423.199951171875,3462.89990234375,3313.629638671875,2419874,0.011981647964605324,3479.779992675781,3444.7069921875,3452.802703787323,3498.6205326784484,41.45146487634703,0.008934773663994876,-17.874438176486365,-9.98439089894729,-7.890047277539075,0.016944658756974817,-0.014822218394381248,0.40798567270890773,-0.004850907346889822,0.0052814100582461885,41.0,3471.89990234375
2025-06-11,3470.0,3489.0,3449.10009765625,3471.89990234375,3322.24169921875,2847013,0.0025989778087169846,3475.939990234375,3441.4289892578126,3454.621484602221,3497.5726648221857,49.22278327670701,0.008642808947656504,-14.05388823350495,-10.798290365858822,-3.2555978676461272,0.026915910742260074,-0.021641742013934873,0.17651290934982566,-0.0011623008170380997,0.008854145525318187,9.0,3434.199951171875
2025-06-12,3471.89990234375,3474.699951171875,3423.199951171875,3434.199951171875,3286.1669921875,4060134,-0.010858593920413773,3468.654992675781,3437.0889892578125,3452.676576656474,3495.087460365311,37.75134697654627,0.008580864121739085,-13.9078251154383,-11.420197315774718,-2.4876277996635814,0.018717881904335876,-0.040699448349515444,0.4261030771548988,-0.009933257004994589,-0.0008405479447773461,-37.699951171875,3445.699951171875
2025-06-13,3393.199951171875,3450.5,3393.199951171875,3445.699951171875,3297.171142578125,2178493,0.003348669315563768,3462.8749877929686,3433.879990234375,3452.0121361341317,3493.150695298902,35.552035069992115,0.008628073755503396,-12.717515548685242,-11.679660962356824,-1.037854586328418,0.018172685091702112,-0.03246008369732545,-0.4634430784796758,-0.004959762244273196,0.0034421590070459543,11.5,3496.300048828125
2025-06-16,3440.0,3509.0,3426.199951171875,3496.300048828125,3345.590087890625,1934088,0.014684998221926149,3461.7499877929686,3432.789990234375,3456.230032581179,3493.2741993588716,49.63527320003799,0.008997413501462504,-7.6035328494645,-10.864435339778359,3.2609024903138586,0.021742350333923133,-0.006394225215352378,-0.11218994047720143,0.00998051885808881,0.018501003199853087,50.60009765625,3515.300048828125
2025-06-17,3510.0,3520.0,3488.10009765625,3515.300048828125,3363.77099609375,2111940,0.005434316201313516,3462.599987792969,3432.2169921875,3461.8557484142216,3494.1379581615874,52.536037126260815,0.008984557543961517,-1.9945317848387276,-9.090454628790434,7.095922843951707,0.015131868654046254,0.004859503119434949,0.09195651904153279,0.015219794726778887,0.02420681933273467,19.0,3451.39990234375
2025-06-18,3519.10009765625,3538.0,3443.10009765625,3451.39990234375,3302.625244140625,2696327,-0.01817772184359545,3458.87998046875,3433.1819921875,3460.859953550367,3492.4619559726525,44.311791070341044,0.009687429458304109,-2.674733157064111,-7.8073103344451695,5.132577177381059,-0.005904548108129903,-0.021101635218679915,0.2767062511245584,-0.0021625723260818045,0.005306421330912997,-63.900146484375,3424.0
2025-06-19,3450.0,3451.0,3413.0,3424.0,3276.406494140625,2672768,-0.007938779370406657,3456.22998046875,3435.673994140625,3457.3494817836654,3489.77717338549,45.114095861595416,0.009360743665083328,-5.362920366063008,-7.318432340768737,1.955511974705729,-0.0029701098703919238,-0.015243025596778814,-0.008737441712373895,-0.00932518398685345,-0.003397875980239789,-27.39990234375,3435.699951171875
2025-06-20,3425.0,3446.300048828125,3410.89990234375,3435.699951171875,3287.60205078125,2351248,0.003417041814215871,3452.2849731445312,3438.9069921875,3455.2876217253997,3487.656498004564,48.24319654637883,0.009020750309289977,-6.4746046059435685,-7.149666793803704,0.6750621878601359,-0.0029021679605616413,-0.02244925291414812,-0.12029476557636132,-0.0048040709563873865,-0.0009325756767805961,11.699951171875,3393.60009765625
2025-06-23,3415.0,3425.0,3370.0,3393.60009765625,3247.317138671875,3123421,-0.012253646742715452,3445.0999755859375,3440.9199951171877,3449.4126194330997,3483.9680117163953,48.54565367377561,0.009165207468653163,-10.630190491928715,-7.845771533428707,-2.7844189585000088,-0.029373895185654253,-0.040624190537492444,0.32840984872714407,-0.014948732488069081,-0.01375210627625363,-42.099853515625,3390.39990234375
2025-06-24,3434.60009765625,3442.10009765625,3382.0,3390.39990234375,3244.254638671875,3403048,-0.0009430089640527495,3439.6849731445313,3443.7959912109377,3443.7923606626855,3480.2986740939386,51.25761283675208,0.008924734131685664,-14.0201358635195,-9.080644399446866,-4.939491464072633,-0.03553043687579738,-0.03095436886259717,0.08952587563444059,-0.014328367622493446,-0.015505009298884775,-3.2001953125,3444.800048828125
2025-06-25,3407.300048828125,3450.0,3400.0,3444.800048828125,3296.309814453125,1757699,0.016045348056660913,3437.0399780273438,3448.0619921875,3443.888330964156,3478.906571142338,58.72601736329312,0.009753477205402457,-12.176689516427814,-9.699853422843056,-2.476836093584758,-0.0019122250977474664,-0.015124196781380994,-0.483492739450046,0.0022577772881289173,-0.0009460222486619384,54.400146484375,3441.800048828125
2025-06-26,3444.800048828125,3451.39990234375,3415.300048828125,3441.800048828125,3293.439208984375,2879106,-0.0008708778325233757,3434.2249755859375,3451.933994140625,3443.689446951201,3477.4514134045257,56.98690809845224,0.0097515476075216,-10.832944492166007,-9.926471636707646,-0.906472855458361,0.005198612391391633,-0.016094464782710594,0.6379971769910548,0.0022057591730416737,-0.0029357297473537112,-3.0,3441.10009765625
2025-06-27,3455.0,3466.39990234375,3431.0,3441.10009765625,3292.76953125,1778433,-0.0002033677616203322,3433.1099853515625,3455.2799951171874,3443.4428422564433,3476.0258716104754,52.558660090316366,0.009510553041894399,-9.712537008324944,-9.883684711031107,0.17114770270616297,0.0015717747652943537,-0.006438703388658484,-0.38229679629718394,0.0023273685779889993,-0.0041038345607231855,-0.699951171875,3462.0
2025-06-30,3439.89990234375,3464.89990234375,3430.0,3462.0,3312.7685546875,1468351,0.006073610691530007,3433.7199829101564,3458.5419970703124,3445.210190612973,3475.4758374296725,49.873288919140045,0.009571421214883453,-7.056812017684933,-9.318310172361873,2.2614981546769393,0.020155557630667786,0.0035364226909380125,-0.17435686359846003,0.008235970676291317,0.0009998441344985373,20.89990234375,3429.699951171875
2025-07-01,3455.0,3485.0,3413.5,3429.699951171875,3281.860595703125,2375183,-0.009329881232849502,3434.9449829101563,3460.703994140625,3443.733024951916,3473.680704635249,44.42389867393754,0.00934233173957158,-7.47233836153282,-8.949115810196062,1.476777448663242,0.011591567354918064,0.007194878524407589,0.617585304876014,-0.0015269623718507544,-0.0089588832275871,-32.300048828125,3423.300048828125
2025-07-02,3487.199951171875,3489.89990234375,3420.0,3423.300048828125,3275.73681640625,3090585,-0.0018660239772763099,3437.064990234375,3462.8819970703125,3441.7870272258406,3471.704992642813,48.429861815460406,0.009191691282834868,-8.223271856511019,-8.803947019459054,0.5806751629480349,-0.00624129113308447,0.012541083057496571,0.3011986865854126,-0.0040048533982801355,-0.01143034855813016,-6.39990234375,3400.800048828125
2025-07-03,3430.0,3435.300048828125,3397.60009765625,3400.800048828125,3254.20654296875,2531870,-0.0065726052870248575,3438.5499877929688,3462.637998046875,3437.8835054736774,3468.9244066108645,43.730816797088586,0.00930267220388454,-10.51276935990927,-9.145711487549097,-1.3670578723601743,-0.0119123712645538,0.00881016591365058,-0.18077969057637955,-0.010978447048569309,-0.01785862375842643,-22.5,3419.800048828125
2025-07-04,3408.0,3427.0,3390.10009765625,3419.800048828125,3272.387451171875,1109320,0.005586920644319315,3440.3299926757813,3463.0019970703124,3436.1612715074343,3466.9979612076195,38.28483920367535,0.009343139309674682,-10.671062055051607,-9.450781601049599,-1.2202804540020082,-0.006189895156677561,0.010519501852697122,-0.5618574413378254,-0.005967434487785514,-0.012475288284192768,19.0,3411.699951171875
2025-07-07,3418.300048828125,3426.10009765625,3408.39990234375,3411.699951171875,3264.636474609375,1639174,-0.0023685880871969767,3439.8199951171873,3462.27599609375,3433.831621951667,3464.829411794453,33.586808365140186,0.009021139541219884,-11.319634640005916,-9.824552208840863,-1.4950824311650521,-0.014529187991948245,-0.0029807859560382344,0.477638553347997,-0.008174859145312435,-0.01460774501482164,-8.10009765625,3406.199951171875
2025-07-08,3405.0,3425.0,3393.39990234375,3406.199951171875,3259.37353515625,2325242,-0.0016120995628912116,3436.984997558594,3461.5299951171874,3431.2000342583533,3462.530217260234,41.21307158770222,0.008562560326663589,-12.137523307534138,-10.287146428579518,-1.85037687895462,-0.006851911343431216,-0.016373546094560654,0.4185449500785152,-0.008956991784539818,-0.01598427401275175,-5.5,3383.800048828125
2025-07-09,3410.0,3414.0,3367.0,3383.800048828125,3237.939208984375,2034938,-0.0065762147451278175,3432.5800048828123,3459.75599609375,3426.6857499316648,3459.4427596746614,42.03014295104312,0.008617034465068224,-14.426886714841658,-11.115094485831946,-3.3117922290097113,-0.011538573726110224,-0.025375113336692734,-0.1248489404543699,-0.014210872284199726,-0.021954134150322584,-22.39990234375,3382.0
2025-07-10,3380.0,3399.0,3356.0,3382.0,3236.217041015625,3035012,-0.0005319607548172067,3429.970007324219,3458.3219970703126,3422.429964223887,3456.4057887070276,38.91870814067253,0.008315017421462578,-16.199732177342412,-12.13202202413404,-4.067710153208372,-0.005528125311161203,-0.015200032588103207,0.49145182801638176,-0.01398554716857163,-0.022069083542529615,-1.800048828125,3266.0
2025-07-11,3299.89990234375,3335.0,3261.10009765625,3266.0,3125.21728515625,7635550,-0.0342992312241277,3420.985009765625,3455.0219970703124,3407.5318723930404,3448.9388950322423,29.82289392165886,0.011128052476998624,-26.657662586112565,-15.037150136529746,-11.620512449582819,-0.04497340389267146,-0.05215194408055157,1.51582201322433,-0.04530420604685523,-0.05470934692473556,-116.0,3222.699951171875
2025-07-14,3266.0,3272.0,3200.0,3222.699951171875,3083.78369140625,3924009,-0.013257822666296715,3407.3050048828127,3450.3899951171875,3389.928832276739,3440.0667795867375,26.46647092479469,0.010582438803998553,-38.001541729288874,-19.630028455081572,-18.371513274207302,-0.05539760316116926,-0.07825418123022765,-0.4860869223566082,-0.05417919835365217,-0.06598965458035978,-43.300048828125,3252.300048828125
2025-07-15,3206.0,3259.39990234375,3206.0,3252.300048828125,3112.10791015625,2590889,0.009184875447522334,3394.1550048828126,3446.23599609375,3376.8213290911563,3432.7033783805173,20.965309200603315,0.01078984715109262,-44.094868974535075,-24.522996558972274,-19.5718724155628,-0.045182286580328856,-0.07481580415523126,-0.33973418511527365,-0.041793894459921786,-0.05627471464097301,29.60009765625,3233.10009765625
2025-07-16,3227.0,3244.89990234375,3220.60009765625,3233.10009765625,3104.234375,2540733,-0.005903499333892337,3383.2400146484374,3441.99599609375,3363.133592764022,3424.8757987442714,19.988498636758436,0.010266897789153694,-49.89795771914214,-29.59798879100625,-20.29996892813589,-0.04453571398938461,-0.06324964097590047,-0.019358606254455513,-0.044377554161728276,-0.06069033743054075,-19.199951171875,3209.199951171875
2025-07-17,3224.10009765625,3242.0,3204.10009765625,3209.199951171875,3081.286865234375,2947640,-0.007392331125689822,3372.5000122070314,3437.2019970703127,3348.4732459457223,3416.417922368883,18.738196967233563,0.010254373407516637,-55.7824639170135,-34.83488381620771,-20.947580100805794,-0.051094041640486365,-0.06273365912036366,0.160153388805514,-0.04842107055421168,-0.06633361847595064,-23.900146484375,3189.89990234375
2025-07-18,3225.0,3228.800048828125,3187.0,3189.89990234375,3062.75634765625,3432645,-0.006013975171935693,3360.210009765625,3432.193994140625,3333.3710227455344,3407.5348627600542,13.160048497541396,0.01015118703898284,-61.29673946098501,-40.12725494516317,-21.169484515821836,-0.02330070350773117,-0.0715429322471206,0.16454010666160057,-0.050684364050732046,-0.07059452123350682,-19.300048828125,3158.199951171875
2025-07-21,3190.0,3197.60009765625,3152.0,3158.199951171875,3032.319580078125,3844346,-0.009937600596364726,3348.4400024414062,3422.9499951171874,3316.688063548043,3397.7570230899296,13.181467835963005,0.010060743205282706,-67.44727350531775,-45.59125865719409,-21.856014848123664,-0.02001427404885947,-0.06936590632672113,0.11993695823483064,-0.05681453188076355,-0.07734557744722428,-31.699951171875,3159.60009765625
2025-07-22,3159.60009765625,3180.10009765625,3154.60009765625,3159.60009765625,3033.6640625,3198036,0.00044333687100950314,3336.900012207031,3415.8419970703126,3301.7273048916813,3388.4175358180205,13.747644686876768,0.01008432190679123,-71.3857454899553,-50.75015602374633,-20.63558946620897,-0.028502890194672226,-0.0680745078266285,-0.16811962294757032,-0.053133121730403486,-0.0750157353981347,1.400146484375,3179.10009765625
2025-07-23,3159.60009765625,3182.0,3157.60009765625,3179.10009765625,3052.386962890625,1922875,0.0061716671089055986,3323.6150146484374,3408.45,3290.048523250212,3380.209008831285,19.26813403554418,0.009288968872662676,-72.10237458914435,-55.020599736825936,-17.08177485231841,-0.01670223573935925,-0.07713073252604674,-0.39873253459310654,-0.04348124447484294,-0.06728862161503024,19.5,3148.0
2025-07-24,3165.10009765625,3173.699951171875,3140.0,3148.0,3022.5263671875,2934778,-0.009782673304051692,3308.925012207031,3399.812001953125,3276.5200924644773,3371.1027731908425,13.546183310838117,0.009346365240695112,-74.32307612275008,-58.88109501401077,-15.441981108739313,-0.019070158327008313,-0.0853623233947477,0.5262448157056492,-0.04863362318981512,-0.07406644891201754,-31.10009765625,3135.800048828125
2025-07-25,3140.0,3156.89990234375,3125.60009765625,3135.800048828125,3010.8125,2568917,-0.003875460982171175,3293.660009765625,3391.302001953125,3263.118183546729,3361.875215372697,13.398830406326283,0.009295320520760417,-76.18917085227395,-62.342710181663406,-13.84646067061054,-0.016959733901328877,-0.08872164138325023,-0.12466394391671198,-0.04792843234257604,-0.07534037162654662,-12.199951171875,3079.300048828125
2025-07-28,3110.0,3118.0,3069.89990234375,3079.300048828125,2956.56494140625,3374473,-0.018017730442065227,3274.525012207031,3382.512001953125,3245.6116945259096,3350.793836292518,11.80186913754936,0.009400685648448497,-81.29008073036493,-66.13218429140372,-15.157896438961217,-0.02498255448154052,-0.11054302460192811,0.3135780564338979,-0.059619322696003584,-0.08964105757789473,-56.5,3056.0
2025-07-29,3060.0,3074.0,3041.199951171875,3056.0,2934.193359375,4785312,-0.007566670496105821,3255.8400146484373,3373.6660009765624,3227.5534379043947,3339.2332936928115,11.777094422748775,0.009374045586319978,-86.21883076096628,-70.14951358531623,-16.069317175650056,-0.03278899052228135,-0.10895995465847896,0.4180916546079936,-0.061378941762903504,-0.09416047732188332,-23.300048828125,3053.60009765625
2025-07-30,3060.0,3069.0,3047.199951171875,3053.60009765625,2931.88916015625,2880121,-0.0007853083585569465,3237.355017089844,3364.222001953125,3210.986453118857,3328.031991887456,11.76064233828967,0.00940044397218672,-89.2892814760562,-73.97746716346423,-15.311814312591977,-0.03947658020976541,-0.1079951934971145,-0.39813307888806415,-0.056760818156661945,-0.09233097700346206,-2.39990234375,3036.800048828125
2025-07-31,3041.699951171875,3059.800048828125,3015.0,3036.800048828125,2915.758544921875,2968371,-0.005501718722441651,3219.1550170898436,3355.4180029296876,3194.397271757835,3316.6111313753254,15.293814939878061,0.009397993887345307,-92.01753842173366,-77.58548141511811,-14.432057006615551,-0.03532399973693612,-0.10703363760695961,0.030641073760442783,-0.05664684281857596,-0.09495626292264346,-16.800048828125,3003.0
2025-08-01,3029.89990234375,3036.800048828125,3000.0,3003.0,2883.305908203125,2053847,-0.011130152886150046,3198.3150146484377,3345.1860009765624,3176.1689601618505,3304.3126556351167,15.74685841614081,0.00908881770638127,-95.80272894470272,-81.22893092103504,-14.573798023667678,-0.04234965455713713,-0.12187848496316367,-0.3080895211548691,-0.0610680979684257,-0.1022920701200674,-33.800048828125,3074.39990234375
2025-08-04,3009.10009765625,3079.39990234375,2991.60009765625,3074.39990234375,2951.85986328125,2519252,0.023776191256660084,3181.4500122070312,3335.927998046875,3166.476668941079,3295.296469231534,25.462065286863364,0.011312934885549712,-91.9808463589834,-83.37931400862472,-8.601532350358681,-0.0015913182887908883,-0.09886568386890726,0.2266015920367972,-0.03364821369266732,-0.07839740421743063,71.39990234375,3063.89990234375
2025-08-05,3074.39990234375,3077.5,3042.0,3063.89990234375,2941.778564453125,1927996,-0.0034153006549327847,3164.335009765625,3327.2319970703124,3156.7074530746663,3286.2220940594643,26.08817761388275,0.01129058271162381,-88.77588597006934,-84.45862840091364,-4.3172575691557,0.002585046578452266,-0.10049323402472587,-0.23469506027979736,-0.031739720071331454,-0.07914449457039097,-10.5,3032.300048828125
2025-08-06,3063.0,3066.800048828125,3026.0,3032.300048828125,2911.437744140625,1487081,-0.010313605053302366,3146.760009765625,3317.9239990234373,3144.85912886071,3276.2643667954903,25.53251696490318,0.011344998116236918,-87.7739721455855,-85.12169714984802,-2.6522749957374856,-0.006975389097109819,-0.10387729621368469,-0.22869082715939248,-0.03637390858606505,-0.08608513946653988,-31.599853515625,3047.0
2025-08-07,3016.0,3051.60009765625,3010.89990234375,3047.0,2925.552001953125,2543076,0.004847789115577816,3130.010009765625,3308.9019970703125,3135.5392118263567,3267.273607313314,29.980394866273286,0.011528963745467666,-84.81607806259944,-85.0605733323983,0.24449526979886116,0.0033587826026975076,-0.09905381431105853,0.7101126300450344,-0.02652068507980292,-0.07915072652565697,14.699951171875,3036.39990234375
2025-08-08,3048.10009765625,3059.800048828125,3025.0,3036.39990234375,2915.37451171875,2762140,-0.0034788636876436074,3118.5300048828126,3300.3619970703126,3126.0973728280132,3258.2197365301945,31.86420025053856,0.009263204202984605,-82.3776665221535,-84.52399197034934,2.1463254481958387,0.011122178602647415,-0.07030009113785973,0.08614135008155488,-0.02633615915526484,-0.07997974008938359,-10.60009765625,3040.800048828125
2025-08-11,3036.39990234375,3049.89990234375,3021.300048828125,3040.800048828125,2919.59912109375,1884215,0.0014491327314885005,3109.435009765625,3292.1819970703127,3117.9738181613575,3249.6934742673684,32.46752778828659,0.009036948556922195,-79.17744446724282,-83.45468246972804,4.27723800248522,-0.01092891444929145,-0.05644332550338904,-0.31784232515368516,-0.02207312927330601,-0.07635724527559247,4.400146484375,3035.39990234375
2025-08-12,3041.0,3096.39990234375,3026.89990234375,3035.39990234375,2914.4140625,3358232,-0.0017758966053871283,3098.5900024414063,3284.78599609375,3110.109635702538,3241.2898047801677,27.871864971593396,0.008589178475692264,-76.19862184215162,-82.00347034421277,5.804848502061148,-0.00930187046195563,-0.06669130868245965,0.7822976677290012,-0.02039317884840147,-0.07592156507199206,-5.400146484375,3036.199951171875
2025-08-13,3036.10009765625,3044.39990234375,3028.60009765625,3036.199951171875,2915.182373046875,2148166,0.00026357279233857334,3088.7449951171875,3277.8919970703123,3103.0706181281894,3233.24706542298,31.0122294157794,0.008605638778323479,-72.93260453031098,-80.18929718143241,7.256692651121426,0.0012861201995024718,-0.060901345624007286,-0.36032829179163317,-0.01701177793193605,-0.07373398699971044,0.800048828125,3022.300048828125
2025-08-14,3034.0,3055.89990234375,3019.10009765625,3022.300048828125,2901.836669921875,3342174,-0.0045780589444990305,3079.4,3270.91599609375,3095.3781829567547,3224.9746333996522,30.83418396373429,0.00855464761505485,-70.65144238429275,-78.28172622200448,7.63028383771173,-0.008106318074130314,-0.05823878386745629,0.5558266912333591,-0.018542557372174803,-0.07600805021056226,-13.89990234375,3011.199951171875
2025-08-18,3046.5,3049.0,3003.39990234375,3011.199951171875,2891.17919921875,2945609,-0.003672731852204403,3070.4650024414063,3263.45599609375,3087.361208501052,3216.591312527975,36.41802062192999,0.008526645742698798,-68.94454031786154,-76.41428904117589,7.469748723314353,-0.008299285990762795,-0.056020551315913325,-0.11865480372954851,-0.019301653405073227,-0.07729721044923454,-11.10009765625,3016.199951171875
2025-08-19,3011.199951171875,3025.0,3011.10009765625,3016.199951171875,2895.979736328125,2650784,0.001660467614597927,3063.3650024414064,3255.3419970703126,3080.583945898273,3208.732827768912,41.43717217260858,0.008412445230898895,-66.42267071803235,-74.41596537654718,7.993294658514827,-0.008090008307429009,-0.04496232100418773,-0.10008965887869026,-0.015396484334038665,-0.07346142006390007,5.0,3098.60009765625
2025-08-20,3010.89990234375,3103.39990234375,3010.89990234375,3098.60009765625,2975.095703125,4952358,0.02731919230101454,3060.3150024414062,3248.0560009765627,3082.2997698752233,3204.413897176259,57.2022957317645,0.010702535086220316,-57.116662386443295,-70.9561047785264,13.8394423920831,0.02082104412789265,-0.019306240699653365,0.868261616186004,0.01251018120170679,-0.046013955201319554,82.400146484375,3102.60009765625
2025-08-21,3130.0,3130.0,3083.10009765625,3102.60009765625,2978.93603515625,3230726,0.0012909055295731164,3056.4900024414064,3240.6700048828125,3084.2331344257973,3200.421199155867,60.981304032145694,0.010587338891501517,-48.85563976327376,-66.53601177547587,17.680372012202113,0.021869490663402047,-0.024063413434637915,-0.3476388419415559,0.015085963041924758,-0.04260535846554215,4.0,3054.0
2025-08-22,3086.0,3095.699951171875,3050.0,3054.0,2932.273193359375,1593791,-0.015664312552869153,3051.790002441406,3233.066005859375,3081.353788290007,3194.6791913458333,58.11067694582322,0.010915915303588238,-45.70350003093836,-62.36950942656837,16.666009395630013,0.010488684333035181,-0.02986022871664551,-0.5066771369654994,0.0007241643615143446,-0.05538581814749485,-48.60009765625,3140.60009765625
2025-08-25,3087.300048828125,3152.0,3077.10009765625,3140.60009765625,3015.42138671875,3448370,0.028356286069499026,3052.0300048828126,3226.9640087890625,3086.9962939439347,3192.558442573693,60.04248750411098,0.012763265094885916,-35.80476737882691,-57.05656101702008,21.25179363819317,0.04297295051230865,0.0015307254140515258,1.1636274768774575,0.029020059642840306,-0.026763208668454004,86.60009765625,3157.199951171875
2025-08-26,3129.0,3162.0,3120.0,3157.199951171875,3031.35986328125,5522097,0.005285567407328662,3055.925,3220.1820068359375,3093.682356537072,3191.1718350677393,63.896325095688894,0.012061522059627546,-26.317113682863237,-50.908671550188714,24.591557867325477,0.046747563915720436,0.02529792521303542,0.6013644127515319,0.03314052248398597,-0.019558539092002114,16.599853515625,3093.699951171875
2025-08-28,3145.0,3146.5,3086.5,3093.699951171875,2970.390625,3116051,-0.02011275845118088,3057.8099975585938,3211.7500048828124,3093.684032216577,3187.3494082482935,58.351442393265025,0.01284851810309463,-23.649383708157984,-45.456813981782574,21.80743027362459,-0.001581406548099351,0.012336371456765471,-0.4357123752081863,0.011737143132482523,-0.036755679468036526,-63.5,3084.699951171875
2025-08-29,3093.0,3115.0,3077.199951171875,3084.699951171875,2961.749267578125,2271789,-0.0029091379713765964,3059.364990234375,3204.416005859375,3092.8284054504147,3183.323939343336,55.208605284194974,0.012870120414567898,-22.007721947825758,-40.76699557499121,18.759273627165456,-0.005769401766568927,0.010184651729443939,-0.2709397246707451,0.008281117492803339,-0.03735971062077947,-9.0,3112.60009765625
2025-09-01,3090.0,3131.10009765625,3090.0,3112.60009765625,2988.53759765625,1246862,0.009044687303793042,3063.154992675781,3198.1880078125,3094.711423755732,3180.5504553556075,60.04747599481331,0.012918984910890954,-18.24506675282464,-36.2626098105579,18.017543057733256,0.019187982205713716,0.024960500398231833,-0.4511541344728758,0.016141888052904788,-0.02676137548736246,27.900146484375,3111.5
2025-09-02,3121.10009765625,3155.0,3103.10009765625,3111.5,2987.48095703125,2185229,-0.00035343366373286056,3068.5799926757813,3191.7040087890623,3096.310335778996,3177.84259436127,59.404074459192735,0.012593355942505007,-15.176953615327875,-32.04547857151189,16.868524956184018,-0.009265776205625964,0.036130536130536184,0.7525828840721749,0.013986927968852687,-0.025128899349125995,-1.10009765625,3097.5
2025-09-03,3129.89990234375,3141.89990234375,3088.0,3097.5,2974.039306640625,1799774,-0.004499437570303688,3069.734997558594,3185.7820068359374,3096.4236371333773,3174.6919043863186,58.07542507082927,0.011546011572605064,-13.717013651586967,-28.37978558752691,14.662771935939944,-0.018909144842003345,0.007513693205181138,-0.17639112422542447,0.00904475548002938,-0.027711251631939986,-14.0,3095.699951171875
2025-09-04,3116.0,3118.0,3090.800048828125,3095.699951171875,2972.310546875,1481391,-0.0005811295651735326,3071.325,3179.8880078125,3096.3547146608535,3171.5941807308504,57.71724054945821,0.011513586644254215,-12.560460439485723,-25.215920557918675,12.655460118432952,0.0006464751047503547,0.01037894508361692,-0.17690165543007064,0.007936298233457931,-0.026475164041559834,-1.800048828125,3048.300048828125
2025-09-05,3097.10009765625,3103.39990234375,3028.60009765625,3048.300048828125,2926.80029296875,2802055,-0.015311529893524356,3072.125,3171.9580078125,3091.7780798196413,3166.759116734665,53.10262168269214,0.011812796632944102,-15.29237864615061,-23.231212175565062,7.9388335294144525,-0.011800143586063072,0.005276522686527452,0.8915026485242585,-0.007755202399601253,-0.038984740239248666,-47.39990234375,3019.0
2025-09-08,3050.0,3064.89990234375,3016.0,3019.0,2898.668212890625,2626187,-0.009611930701962534,3070.725,3163.5020068359377,3084.846834122533,3160.9646415685997,50.89204494371983,0.011963211246482128,-19.595824114627703,-22.50413456337759,2.908310448749887,-0.03007135344072298,-0.009189366590088621,-0.06276393575429462,-0.016844556253002112,-0.04567786159885047,-29.300048828125,3049.39990234375
2025-09-09,3032.10009765625,3060.0,3030.800048828125,3049.39990234375,2927.856201171875,2489301,0.010069527109556109,3071.375,3155.6680029296876,3081.470935857887,3156.589553755861,53.5884053871336,0.012161285238573369,-20.319091754935016,-22.067126001689076,1.7480342467540595,-0.019958250893861496,0.004281385989363784,-0.05212347787876492,-0.007154807751007285,-0.033675310738417195,30.39990234375,3110.0
2025-09-10,3056.39990234375,3122.699951171875,3053.39990234375,3110.0,2986.041015625,2079428,0.019872794515954917,3074.834997558594,3148.6280029296877,3084.1879895857073,3154.7625124321016,51.293091511688054,0.012927841000859322,-15.820002010461394,-20.81770120344354,4.997699192982147,0.004035512510088823,0.02275715274292489,-0.1646538526277055,0.01143638682053737,-0.012268201544846098,60.60009765625,3124.199951171875
2025-09-11,3139.0,3139.0,3110.10009765625,3124.199951171875,2999.675048828125,2263446,0.0045659006983520545,3079.275,3142.5180029296876,3087.998652593914,3153.563980617975,52.39466095598054,0.012928662651049862,-10.982029587143188,-18.85056688018347,7.8685372930402835,0.009206318586919782,0.029254810464861336,0.08849452830297566,0.014589457314424632,-0.0058291000212998345,14.199951171875,3133.39990234375
2025-09-12,3144.0,3148.699951171875,3121.0,3133.39990234375,3008.508056640625,1447167,0.0029447382740097616,3084.1349975585936,3136.72,3092.3225811415173,3152.7732324503586,59.64527253466073,0.012928830786008871,-6.3325447792417435,-16.346962459995126,10.014417680753382,0.027917151249051253,0.0320136857700557,-0.3606355088656853,0.01597365382000289,-0.001058461595631679,9.199951171875,3111.89990234375
2025-09-15,3134.0,3134.0,3096.0,3111.89990234375,2987.865234375,1732539,-0.006861556350952314,3088.614990234375,3130.9419970703125,3094.1870879226826,3151.170356759904,45.858557674963926,0.012996684188815931,-4.332719989241923,-13.944113965844487,9.611393976602564,0.03077174638746283,0.02964624692057516,0.1971935512625702,0.007538949394145128,-0.00608190593897318,-21.5,3145.699951171875
2025-09-16,3128.0,3150.0,3109.10009765625,3145.699951171875,3020.318359375,2573429,0.010861547571844543,3095.339990234375,3125.4599951171876,3099.093074898796,3150.955831050569,48.41902751933925,0.013095744473515431,-0.020229777291660866,-11.159337128133922,11.139107350842261,0.031579999971177664,0.04466657883268632,0.4853512677059506,0.01626960563181523,0.006475832705044259,33.800048828125,3172.800048828125
2025-09-17,3152.0,3182.39990234375,3142.39990234375,3172.800048828125,3046.337646484375,2418271,0.008614965850813006,3103.1699951171877,3120.6819970703127,3106.1127867015894,3151.8124670418456,62.08371934818315,0.013170869228230273,5.520563561085055,-7.823356990290126,13.34392055137518,0.02019294174537789,0.05191966719428098,-0.06029231814827607,0.02243836264867849,0.016700853149004147,27.10009765625,3176.699951171875
2025-09-18,3185.0,3203.0,3161.39990234375,3176.699951171875,3050.08203125,2633138,0.0012291673864510688,3107.074987792969,3116.0919970703126,3112.835373793998,3152.788446811651,64.27683802468985,0.011817933661431274,10.109831878561636,-4.236719216519774,14.34655109508141,0.01680430216392126,0.02520488319054115,0.08885149761958022,0.022408523660499894,0.019449988690495922,3.89990234375,3169.199951171875
2025-09-19,3170.0,3180.5,3144.0,3169.199951171875,3042.881591796875,4901694,-0.0023609406350239004,3110.40498046875,3111.7999951171873,3118.203428782367,3153.4320352179343,59.37704512232511,0.01184644622701459,12.991910111587003,-0.7909933508984182,13.782903462485422,0.011425304762838318,0.021465819447996415,0.8615408687277308,0.01890267379081427,0.01844590145406374,-7.5,3073.800048828125
2025-09-22,3095.0,3106.89990234375,3065.0,3073.800048828125,2951.283935546875,3634901,-0.030102203651894532,3111.394982910156,3105.63599609375,3113.9745354533916,3150.3092122222556,45.24110513583062,0.013277159163656443,7.49164403754321,0.8655341267899075,6.626109910753303,-0.012243277326153601,0.006483316577644116,-0.2584398373297069,-0.01208298344907267,-0.010251023399286923,-95.39990234375,3062.39990234375
2025-09-23,3070.0,3080.699951171875,3052.0,3062.39990234375,2940.338134765625,3177741,-0.0037088119927388696,3107.484973144531,3101.563994140625,3109.0626656334257,3146.8617883054517,45.54001300428843,0.011547951624744401,2.187530510264878,1.1299334034849016,1.0575971067799765,-0.02648060848813416,-0.024899762109432122,-0.12576958767240154,-0.014508540247310839,-0.012627207393064385,-11.400146484375,3035.39990234375
2025-09-24,3050.0,3057.0,3033.0,3035.39990234375,2914.4140625,1625714,-0.008816614701213976,3101.394970703125,3097.8179931640625,3102.047164367742,3142.4907339540127,42.79913352517063,0.01156187568671638,-4.1468892676343785,0.07456886926104556,-4.221458136895424,-0.04330564308177054,-0.038578503329482094,-0.4884057574232765,-0.021279156309592283,-0.020149050382575785,-27.0,2957.39990234375
2025-09-25,3022.0,3029.60009765625,2951.0,2957.39990234375,2839.523193359375,4974361,-0.025696778846099666,3094.579968261719,3091.919990234375,3088.271234651171,3135.2322699692963,39.88424920924637,0.012080586561131135,-15.284717990858553,-2.997288502762874,-12.287429488095679,-0.069033919538805,-0.04405729417182014,2.059800801370967,-0.04432913911577649,-0.043506975702960506,-78.0,2899.10009765625
2025-09-26,2941.0,2954.800048828125,2891.300048828125,2899.10009765625,2783.547119140625,3934636,-0.019713196257732046,3085.2999755859373,3085.239990234375,3070.2549358897504,3125.9721847805495,37.466030597473555,0.012702292106534991,-28.487448925824538,-8.095320587375207,-20.392128338449332,-0.08522651068947229,-0.060167879033134364,-0.2090167963282118,-0.06035065614465109,-0.060332386837752806,-58.2998046875,2896.10009765625
2025-09-29,2916.0,2929.300048828125,2894.0,2896.10009765625,2780.666748046875,3110035,-0.0010348038698027029,3074.4749755859375,3078.9779931640624,3053.668760819893,3116.9575931286163,33.00068331234304,0.012394622006465426,-38.74614183583162,-14.22548483706649,-24.520656998765133,-0.057811161542411504,-0.06955599601857687,-0.20957491366418646,-0.05801799635584693,-0.059395648787954086,-3.0,2888.39990234375
2025-09-30,2911.0,2915.300048828125,2885.10009765625,2888.39990234375,2773.2734375,2253458,-0.0026588153215876265,3063.319970703125,3072.9479931640626,3037.928869536451,3107.9945464311704,22.160791751727388,0.012374280604185276,-46.95628842175347,-20.77164555400389,-26.18464286774958,-0.056818183630045316,-0.07170178295235419,-0.2754235884805155,-0.057101468352072096,-0.060055715629047324,-7.7001953125,2914.199951171875
2025-10-01,2891.0,2924.800048828125,2866.60009765625,2914.199951171875,2798.045166015625,1952902,0.00893229805443152,3054.1549682617188,3068.0679931640625,3026.145163025539,3100.3947583817862,24.365240486802932,0.012685748033277306,-50.795501499400416,-26.776416743083196,-24.01908475631722,-0.039928824890022474,-0.05917677121166265,-0.13337546118010635,-0.04582446488283454,-0.050151444601299465,25.800048828125,2901.89990234375
2025-10-03,2924.0,2924.0,2891.10009765625,2901.89990234375,2786.2353515625,2899519,-0.004220729199854278,3044.4649658203125,3062.9139892578123,3014.3122810558452,3092.610646380295,21.953005761881656,0.012675801692867304,-54.20576633570499,-32.26228666160756,-21.943479674097432,-0.018766484693536367,-0.06260298216394067,0.4847232477615364,-0.046827624911804235,-0.05256892210449511,-12.300048828125,2988.39990234375
2025-10-06,2902.0,2993.60009765625,2895.60009765625,2988.39990234375,2869.287841796875,2112774,0.029808057793494935,3041.4699584960936,3059.0999853515623,3011.844435464217,3088.5239505357245,37.07348236280192,0.014307554839641154,-49.359611819012116,-35.68175169308847,-13.677860125923644,0.030802594487749246,-0.019650344626475635,-0.271336383724335,-0.017448818129568163,-0.023111399871321037,86.5,2973.699951171875
2025-10-07,2995.0,3004.5,2955.5,2973.699951171875,2855.173583984375,3062943,-0.004919004033009822,3039.2049560546875,3055.613984375,3008.211627436375,3084.0210485998873,31.247278306411857,0.014195101107125086,-46.172910090937876,-37.77998337265836,-8.392926718279519,0.02679460339731521,-0.015004984706235458,0.4497258107114155,-0.021553335767077436,-0.02680771642687714,-14.699951171875,3027.199951171875
2025-10-08,2975.0,3043.0,2968.0,3027.199951171875,2906.541015625,4121889,0.01799105521016564,3038.0949584960936,3053.441982421875,3010.020039220708,3081.792770269377,34.98968065399485,0.014614546108244909,-38.882213180441795,-38.00042933421505,-0.881783846226746,0.04805430463956806,-0.007280104900250106,0.3457282750609463,-0.0035861312674741984,-0.008594245903826103,53.5,3061.699951171875
2025-10-09,3034.0,3066.0,3020.0,3061.699951171875,2939.666015625,3211304,0.011396670374100859,3035.6799560546874,3053.08998046875,3014.9419355970094,3081.004816579279,38.84794625498011,0.014114212136153288,-29.974889809763226,-36.39532142932468,6.420431619561455,0.0506142346000269,-0.01553056232415595,-0.22091448847846218,0.008571389439552251,0.0028200841633245796,34.5,3028.300048828125
2025-10-10,3050.0,3070.0,3006.89990234375,3028.300048828125,2907.59765625,8817365,-0.010908940417550084,3030.8849609375,3052.5359814453127,3016.214136857116,3078.937962941979,36.98985204582179,0.014234717113384882,-25.319003141527446,-34.180057771765235,8.861054630237788,0.04355772105794786,-0.030695827361426842,1.7457272808802902,-0.0008528572158593668,-0.007939605876721717,-33.39990234375,3007.199951171875
2025-10-13,3027.0,3035.5,2998.199951171875,3007.199951171875,2887.338134765625,2866865,-0.006967637722825826,3024.5749633789064,3051.607978515625,3015.355642982331,3076.124707578446,42.87242403530004,0.014245797466003261,-23.065891711453787,-31.957224559702947,8.89133284824916,0.006291008379895935,-0.04027572448619754,-0.6748614807258178,-0.005744612852187642,-0.014552336884815383,-21.10009765625,2960.300048828125
2025-10-14,3021.0,3027.199951171875,2955.5,2960.300048828125,2842.307861328125,3611416,-0.01559587094482151,3016.994970703125,3050.077978515625,3010.1122530628827,3071.582564098041,39.844851458846,0.01453501242141003,-24.779077054783556,-30.521595058719072,5.7425180039355155,-0.004506137997705273,-0.04871617284394225,0.25970912477566954,-0.01879185163566483,-0.029434634235545716,-46.89990234375,2969.800048828125
2025-10-15,2971.0,2979.699951171875,2951.0,2969.800048828125,2862.063720703125,4282226,0.003209134156438198,3008.1999755859374,3049.4139794921875,3006.272995516715,3067.5910929109855,43.23991548667868,0.014265951256103948,-25.08109888155468,-29.433495823286197,4.3523969417315165,-0.01896138453673324,-0.05591757162923994,0.18574708646137683,-0.012765084458965488,-0.026107944411444088,9.5,2970.699951171875
2025-10-16,2969.89990234375,2975.0,2943.10009765625,2970.699951171875,2862.93115234375,3251495,0.00030301782239683384,2998.094970703125,3047.33998046875,3002.885086531492,3063.791440293766,51.62950914017124,0.01403585497135901,-24.96011409868015,-28.538819478364992,3.578705379684841,-0.029722050315599824,-0.06369771008131941,-0.24069981360161752,-0.009137475563299188,-0.025149812553926506,0.89990234375,2962.199951171875
2025-10-17,2970.0,2988.800048828125,2955.39990234375,2962.199951171875,2854.73974609375,4374683,-0.002861278533581646,2987.369970703125,3045.3059814453127,2999.0103117353383,3059.8074603282016,58.80544863474101,0.013997795702382331,-25.25894238447654,-27.882844059587303,2.623901675110762,-0.02182745982579537,-0.06752290216168244,0.3454374064853245,-0.008425477854464047,-0.02728987851460341,-8.5,3015.199951171875
2025-10-20,2985.5,3023.0,2978.5,3015.199951171875,2905.81689453125,3133039,0.017892107512537336,2979.669970703125,3044.9639794921877,3000.552182157866,3058.05814624364,64.58484438802509,0.014786980766334707,-20.977295686630896,-26.501734384996023,5.5244386983651275,0.0026602820330861032,-0.0485927055322134,-0.28382490799904814,0.011924132812724232,-0.009774837574688323,53.0,3006.699951171875
2025-10-21,3031.10009765625,3031.800048828125,2996.0,3006.699951171875,2897.62548828125,310644,-0.00281905019157902,2976.3149658203124,3044.157978515625,3001.137683968724,3056.044099378081,64.45857873224668,0.013276596442632585,-18.06173436283052,-24.813734380562924,6.752000017732403,0.015674053838602653,-0.02182968852571643,-0.9008489840056252,0.010208928053818418,-0.012304889433502754,-8.5,3073.199951171875
2025-10-23,3055.0,3098.0,3036.10009765625,3073.199951171875,2961.712890625,5564758,0.02211727178632561,2976.8549682617186,3044.8939794921876,3008.0007570356906,3056.716877879798,67.67452968442993,0.014223439955878082,-10.266787634919638,-21.904345031434268,11.63755739651463,0.034817125949119454,0.0035266618248843695,16.913618160981702,0.032364688215366894,0.009296209283585032,66.5,3063.199951171875
2025-10-24,3080.0,3090.0,3058.300048828125,3063.199951171875,2952.075439453125,2684318,-0.003253937315789268,2978.244970703125,3045.3419775390626,3013.257823143899,3056.971116048115,68.02236165675282,0.01409012815242093,-4.840356008950948,-18.491547226937602,13.651191217986653,0.03113744286544695,0.009158611623680812,-0.5176217905612428,0.02852518221450841,0.00586402898739256,-10.0,3084.89990234375
2025-10-27,3066.5,3094.199951171875,3060.199951171875,3084.89990234375,2972.988525390625,1946312,0.007084079236673091,2984.619970703125,3046.3319775390623,3020.080878305789,3058.0663625695124,62.607796429815416,0.012715873800963593,1.1973327488544783,-14.553771231779187,15.751103980633665,0.04142190034245785,0.043112194566232276,-0.27493240368689553,0.03359889454100271,0.012660447084905118,21.699951171875,3057.89990234375
2025-10-28,3076.0,3090.199951171875,3040.199951171875,3057.89990234375,2946.9677734375,3470737,-0.008752309914330403,2992.5599609375,3046.7659765625,3023.6826901189283,3058.059834717522,60.65822825493736,0.011934412923841866,3.760224707262296,-10.890972043970892,14.651196751233188,0.014161565356645589,0.05477555080484464,0.7832377337240894,0.021834129393945575,0.0036543422983251013,-27.0,3057.60009765625
2025-10-29,3057.89990234375,3076.0,3046.10009765625,3057.60009765625,2946.678955078125,2895420,-9.804267538982003e-05,3000.6349609375,3047.4719775390627,3026.9129194081975,3058.041805813158,54.44707220157556,0.01192066094119831,5.701420885276548,-7.5724934581214045,13.273914343397951,0.01692890787607082,0.055764647130359446,-0.1657621997863854,0.018984360797073423,0.003323449794398483,-0.2998046875,3035.300048828125
2025-10-30,3049.10009765625,3063.800048828125,3032.800048828125,3035.300048828125,2925.187744140625,2241536,-0.007293317672647515,3007.9799682617186,3047.9539794921875,3027.711693638667,3057.149972205902,45.9951556990904,0.01207606213841285,5.378406350305795,-4.982313496435966,10.36071984674176,-0.012332390650109826,0.05085865927539146,-0.2258339031988451,0.00908253407757713,-0.0041516147386748735,-22.300048828125,3058.0
2025-10-31,3035.0,3067.39990234375,3025.10009765625,3058.0,2947.064208984375,1868085,0.0074786514699392015,3015.169970703125,3048.78998046875,3030.5962942445085,3057.1833066292,54.65662950835736,0.012039961564687283,6.874862220090108,-2.610878353130751,9.485740573220859,-0.001697555254231986,0.04934460614835268,-0.16660495303220646,0.014204847392695213,0.0030208770004662698,22.699951171875,3016.800048828125
2025-11-03,3046.89990234375,3058.0,3010.0,3016.800048828125,2907.359130859375,2194877,-0.013472842109834904,3020.9149780273438,3047.1539794921873,3029.282366109615,3055.5996494605306,51.41594564658469,0.012480630920112163,4.682347355411821,-1.1522332114222367,5.834580566834058,-0.022075223077379635,0.039594800079621795,0.1749342240850924,-0.0013621466440296168,-0.009961403614109729,-41.199951171875,2990.199951171875
2025-11-04,3019.60009765625,3029.300048828125,2976.0,2990.199951171875,2881.72412109375,2670720,-0.008817322071637768,3021.00498046875,3044.9059765625,3025.5602313536397,3053.034955409995,54.69092090204183,0.010833651311245867,0.7892598580237973,-0.7639345975330298,1.5531944555568271,-0.022139361435600247,0.0006023453643915211,0.2167971143713292,-0.010196947537668498,-0.017966408753410747,-26.60009765625,3010.89990234375
2025-11-06,2990.10009765625,3024.0,2990.0,3010.89990234375,2901.6728515625,2542721,0.006922597655639295,3022.8649780273436,3044.043974609375,3024.164009543174,3051.3826003877894,56.22914460407217,0.010869268117866083,-0.6185961773076087,-0.7348669134879456,0.1162707361803369,-0.015273480449028431,0.012509651875675987,-0.047926776300023954,-0.0039581905809771625,-0.01088817130832612,20.699951171875,2991.800048828125
2025-11-07,3001.0,3004.0,2960.5,2991.800048828125,2883.265869140625,1830520,-0.006343569741643407,3021.0949829101564,3041.0679736328125,3021.081727570312,3049.046029738391,53.030755721635884,0.010168620843402346,-3.2382027968074,-1.2355340901518366,-2.0026687066555633,-0.014331367344323831,-0.011693942559045767,-0.2800940409899474,-0.009696793463213872,-0.016200862733703643,-19.099853515625,3025.199951171875
2025-11-10,2993.0,3047.89990234375,2992.0,3025.199951171875,2915.4541015625,1556656,0.011163815027288582,3019.269982910156,3038.4279736328126,3021.4739393418895,3048.110889402449,58.445051269598366,0.010154358863799543,-2.5893188752984315,-1.5062910471811555,-1.083027828117276,-0.010725980650138967,-0.011921481719993299,-0.14960994690033436,0.001964040412180423,-0.004353574471973377,33.39990234375,3047.0
2025-11-11,3045.0,3055.699951171875,3018.0,3047.0,2936.46337890625,2806868,0.0072061513883339146,3020.20498046875,3037.493974609375,3023.9049927379,3048.067325112157,54.65185630684331,0.00998835068858779,-0.3123908949460201,-1.2675110167341284,0.9551201217881082,0.01001059091854839,0.006175065505517274,0.8031395504209022,0.00887192084793244,0.003129561892167181,21.800048828125,3131.800048828125
2025-11-12,3060.0,3136.39990234375,3057.10009765625,3131.800048828125,3018.18701171875,4460315,0.027830669126394758,3026.4349853515623,3038.4359765625,3034.1807123655403,3051.3509613363126,64.96056141301555,0.011553799491230666,8.239763308371039,0.6339438482869053,7.605819460084134,0.04735472542588881,0.0414339251394622,0.5890718765542233,0.03481491060820627,0.030727674693758544,84.800048828125,3105.699951171875
2025-11-13,3131.800048828125,3131.89990234375,3102.0,3105.699951171875,2993.03369140625,1740435,-0.008333896560866472,3033.70498046875,3038.2979736328125,3040.992068442334,3053.4822942710402,54.30235970467817,0.01107266325467755,12.764209514364211,3.0599969815023664,9.704212532861845,0.031485619549932675,0.04911660978464272,-0.6097954965064127,0.023731698094124124,0.0221841235204695,-26.10009765625,3106.0
2025-11-14,3090.0,3113.10009765625,3077.300048828125,3106.0,2993.322998046875,2210794,9.661230409974131e-05,3040.5149780273437,3038.1879736328124,3047.1833000192546,3055.5418121427642,55.81522788353157,0.011083419858439601,16.187477992365075,5.685493183674908,10.501984808690167,0.03817098379171657,0.0458616569912238,0.2702537009425805,0.021537477185901707,0.02231989164452641,0.300048828125,3102.199951171875
2025-11-17,3106.0,3123.5,3086.60009765625,3102.199951171875,2989.66064453125,2232853,-0.0012234542266983395,3047.089978027344,3038.28197265625,3052.422981081409,3057.3715430850825,52.47073065789685,0.01110315163224849,18.381915463286077,8.224777639597143,10.157137823688934,0.025452863031474093,0.0442656620195272,0.009977863156856781,0.018086099702316217,0.021037539994928058,-3.800048828125,3087.10009765625
2025-11-18,3102.0,3105.0,3078.0,3087.10009765625,2975.108642578125,2548350,-0.004867466234702578,3053.3349853515624,3038.1099755859377,3055.7255636123464,3058.5373687545402,54.31700482073479,0.011160446503069823,18.687176842809095,10.317257480239533,8.369919362569561,0.01316051777362981,0.04216465753264331,0.14129770298358202,0.011058436911336756,0.01612519706791191,-15.099853515625,3147.699951171875
2025-11-19,3097.0,3155.0,3083.5,3147.699951171875,3033.51025390625,3151053,0.019630025460344758,3059.9599853515624,3040.0979736328127,3064.4850290942063,3062.033940614044,61.304881896517394,0.011295611782948162,23.547558809860675,12.963317746163764,10.584241063696911,0.00507692128994619,0.04394401769226053,0.23650715168638525,0.028673566399670433,0.03539424665662391,60.599853515625,3144.800048828125
2025-11-20,3148.0,3164.5,3138.10009765625,3144.800048828125,3030.715576171875,2700767,-0.0009212766110919812,3066.864990234375,3042.613974609375,3072.134078592675,3065.2796703479294,64.44211459100768,0.011259029502670664,26.855870889845846,15.741828374900182,11.114042514945664,0.012589785964834288,0.0459307878734041,-0.14290016702353148,0.025411962653039407,0.033584961835938835,-2.89990234375,3150.60009765625
2025-11-21,3144.800048828125,3170.0,3135.199951171875,3150.60009765625,3036.30517578125,4177037,0.0018443299217978382,3070.734997558594,3044.637978515625,3079.6070327892057,3068.62556945806,62.78301664228854,0.010248984453911463,29.604485435783317,18.51435978707681,11.090125648706508,0.014359336012958801,0.0251855224893065,0.5466113885425881,0.02600846382418323,0.0348028632265454,5.800048828125,3141.199951171875
2025-11-24,3158.0,3178.89990234375,3131.0,3141.199951171875,3027.24609375,6703764,-0.002983605088874297,3074.6349975585936,3045.2619775390626,3085.4730250161265,3071.4716236429153,68.82565664537086,0.010242847300224596,30.67071608201377,20.945631046064204,9.725085035949565,0.012571723491023645,0.025463567916994778,0.6049089342517195,0.021649709206503265,0.03150401323118406,-9.400146484375,3119.199951171875
2025-11-25,3145.300048828125,3149.800048828125,3115.0,3119.199951171875,3006.04443359375,2737920,-0.0070036929651016155,3076.35,3045.1619775390627,3088.685113221436,3073.343322761698,69.79743359940531,0.010308877239125937,29.40157238795564,22.63681931444249,6.764753073513148,0.010398060477532223,0.011118691015570947,-0.5915846679566883,0.013928828375144276,0.024313312125565752,-22.0,3162.89990234375
2025-11-26,3118.800048828125,3178.0,3117.0,3162.89990234375,3048.15869140625,2508527,0.014009987130019441,3081.6,3045.7519775390624,3095.753188375942,3076.8553454904063,71.78900302656152,0.010476793250968902,31.558204374834986,24.421096326520992,7.137108048313994,0.004828907268056515,0.03433729139384911,-0.08378367519869101,0.02638236706378183,0.038462726337730874,43.699951171875,3136.60009765625
2025-11-27,3180.0,3180.0,3125.0,3136.60009765625,3022.81298828125,2836233,-0.008315092320187456,3085.55,3046.2459814453123,3099.6433702121617,3079.19827694789,70.33709945651242,0.010711212119987037,30.790245536210023,25.6949261684588,5.095319367751223,-0.0026074634458653767,0.025837257154902593,0.1306368239209703,0.016544893991751814,0.029660807683058014,-26.2998046875,3137.5
2025-11-28,3140.0,3147.300048828125,3125.0,3137.5,3023.68017578125,1616690,0.0002869037542982955,3090.6599975585937,3046.081982421875,3103.248763525289,3081.484619028365,67.35705310345608,0.010522455072380138,29.909469475976948,26.53783482996243,3.371634646014517,-0.004157969037706599,0.03367046075439317,-0.4299868875370959,0.015155339790985317,0.030011673390825905,0.89990234375,3133.39990234375
2025-12-01,3137.89990234375,3154.0,3122.199951171875,3133.39990234375,3019.72900390625,1747647,-0.001306804033864517,3094.4299926757812,3045.2939794921876,3106.1203005556185,3083.5205124917134,64.12687336933439,0.010452077985403018,28.551480789814377,26.940564021932822,1.6109167678815552,-0.002483143050226788,0.024656606391023628,0.08100316077912284,0.012593566427486415,0.02893182840306744,-4.10009765625,3135.699951171875
2025-12-02,3131.0,3144.0,3120.39990234375,3135.699951171875,3021.94580078125,2512003,0.0007340425415871543,3100.3749877929686,3044.4739794921875,3108.937410138119,3085.5667649889747,50.87324356355972,0.009863579706348977,27.345636218114578,27.021578461169177,0.3240577569454004,0.0052898179848333005,0.03941258963779748,0.43736292283281464,0.011393771243153024,0.029964444529397435,2.300048828125,3180.0
2025-12-03,3140.0,3211.89990234375,3139.0,3180.0,3064.638427734375,3952112,0.014127642796808226,3109.864990234375,3044.68998046875,3115.7052758392506,3089.270029107054,65.38304843492054,0.009875948542958446,29.623162044603305,27.541895177856006,2.081266866747299,0.005406461849639443,0.06347403248192185,0.5732911147001019,0.02255242912019125,0.04444131271139076,44.300048828125,3229.199951171875
2025-12-04,3194.0,3250.0,3187.39990234375,3229.199951171875,3112.0537109375,5025905,0.015471682758451344,3120.779992675781,3047.797978515625,3126.514292537596,3094.757477031165,71.21213777147435,0.01022759739530995,34.994744913317845,29.032465124948377,5.962279788369468,0.029522365182867327,0.0725032568031223,0.271701055030829,0.034741301453657975,0.05951902781450058,49.199951171875,3238.199951171875
2025-12-05,3230.0,3271.60009765625,3222.39990234375,3238.199951171875,3120.727294921875,5244013,0.0027870680466020037,3133.099987792969,3051.3139794921876,3137.151021931337,3100.3826720955067,73.00408993901432,0.009962847001502012,39.5223982160046,31.130451743159625,8.391946472844978,0.03209560196713146,0.08235841243476938,0.043396761379293824,0.033545039669462005,0.06124770277190213,9.0,3236.5
2025-12-08,3243.0,3259.89990234375,3208.60009765625,3236.5,3119.0888671875,2544725,-0.0005249679443851685,3143.664990234375,3055.3359814453124,3146.612829366448,3105.720606523134,76.47059841334384,0.009863555708902854,42.4836985936754,33.40110111326278,9.082597480412616,0.03290358743521127,0.06984663897877996,-0.5147370916128545,0.029530821526470456,0.05929430336135693,-1.699951171875,3208.300048828125
2025-12-09,3230.0,3233.699951171875,3181.199951171875,3208.300048828125,3091.911865234375,2734893,-0.008713100933686047,3151.7299926757814,3060.353984375,3152.487802648512,3109.743329750781,62.12973279383882,0.010179808612927922,42.070092259408284,35.134899342491885,6.9351929169163995,0.023152756573254996,0.052937331417172606,0.0747302753735668,0.017948890382045786,0.04834279472521191,-28.199951171875,3189.199951171875
2025-12-10,3225.0,3225.0,3178.10009765625,3189.199951171875,3073.504638671875,1386849,-0.005953338953825882,3154.599987792969,3066.1559814453126,3155.9841977459755,3112.8592756888634,58.34584630521616,0.008431020722506724,39.74295594790965,36.05651066357544,3.686445284334212,0.002893066406250089,0.018328086547296785,-0.49290557253976663,0.010968098495148034,0.04012971631944257,-19.10009765625,3191.89990234375
2025-12-11,3205.0,3208.39990234375,3153.10009765625,3191.89990234375,3076.10693359375,1914362,0.000846592002136104,3158.9099853515627,3072.0719775390626,3159.404741041002,3115.9589081067024,57.85466337554953,0.008144456970024106,37.68217054437309,36.38164263973497,1.3005279046381233,-0.011550863802840317,0.027755402172495502,0.38036801410968324,0.010443449526946806,0.03900557203112073,2.699951171875,3220.5
2025-12-12,3197.699951171875,3223.0,3185.699951171875,3220.5,3103.669189453125,1146554,0.008960211325940826,3164.6349853515626,3078.7139794921877,3165.2233371323355,3120.058558769185,64.05531549198992,0.00830922643949092,37.91965791253506,36.68924569429499,1.230412218240069,-0.005465984633058141,0.03686413393432075,-0.4010777480957102,0.01765290938987433,0.046053651444165296,28.60009765625,3230.199951171875
2025-12-15,3211.10009765625,3238.199951171875,3197.300048828125,3230.199951171875,3113.017333984375,1562190,0.003011939503764882,3171.0349853515627,3085.0339794921874,3171.411586088482,3124.3778290594864,70.57080807166773,0.008280850157396462,38.447375939335416,37.04087174330308,1.406504196032337,-0.001946562282751474,0.04126104120130858,0.3625088744184748,0.018657935372401097,0.04705490203501183,9.699951171875,3205.10009765625
2025-12-16,3220.0,3220.0,3191.10009765625,3205.10009765625,3088.827880859375,1734623,-0.007770371461531034,3176.9349853515623,3091.0979833984375,3174.620015761603,3127.543408220144,58.399730200969174,0.008432641058704386,36.42041598256992,36.916780591156446,-0.496364608586525,-0.0009973977256410027,0.038223574314803166,0.11037901919740878,0.00886549848660844,0.03688078309716844,-25.099853515625,3217.800048828125
2025-12-17,3200.5,3236.89990234375,3200.5,3217.800048828125,3101.067138671875,1376350,0.0039624195141867435,3180.439990234375,3095.685986328125,3178.7323998631764,3131.082884322418,67.087542347019,0.007359373452949654,35.43039598476844,36.619503669878846,-1.1891076851104074,0.008967796969186814,0.022270260426236588,-0.206542286133644,0.011746820788464877,0.03944652753519182,12.699951171875,3280.800048828125
2025-12-18,3228.0,3287.800048828125,3221.0,3280.800048828125,3161.78173828125,2307422,0.019578593773389885,3187.239990234375,3101.82798828125,3188.4531283360284,3136.9541456755833,73.9072526151237,0.00841139311921946,39.276615120567385,37.15092596001655,2.1256891605508343,0.027851796486192182,0.04324599271444263,0.6764790932538962,0.02935456974699606,0.0576988992371705,63.0,3282.0
2025-12-19,3299.0,3317.89990234375,3278.800048828125,3282.0,3162.938232421875,3902511,0.00036574955925883224,3193.8099853515623,3106.9239892578125,3197.3623542087876,3142.6422183941877,75.03372564761469,0.008420736976201519,41.93816051850172,38.108372871713584,3.8297876467881338,0.01909641360037262,0.04170630936039754,0.6912862059909284,0.02761279320088608,0.05635027163442448,1.199951171875,3324.89990234375
2025-12-22,3310.0,3328.60009765625,3291.0,3324.89990234375,3204.281982421875,2632816,0.013071268233927569,3202.994982910156,3112.18798828125,3209.5087873644984,3149.7895785490723,78.03795833396649,0.008674198055635742,46.9677035611885,39.880239009608566,7.087464551579934,0.029317055477484866,0.05848082071418048,-0.32535334301427976,0.03805966605755791,0.06834802873844814,42.89990234375,3310.0
2025-12-23,3319.89990234375,3319.89990234375,3293.5,3310.0,3189.922607421875,2365420,-0.004481308545032259,3212.5349853515627,3117.8219873046874,3219.0793790440703,3156.072340174599,71.10392956056204,0.008540211814972819,49.184388053693056,41.74106881842546,7.4433192352675945,0.03272905654973424,0.06116954726048962,-0.10156273738840849,0.030338973767711754,0.061638545586577186,-14.89990234375,3319.0
2025-12-24,3304.10009765625,3327.10009765625,3296.10009765625,3319.0,3198.595947265625,1367708,0.002719033232628343,3220.339990234375,3124.05798828125,3228.5956286589208,3162.461660167752,66.76628009484853,0.008138350892712877,51.0785495443597,43.60856496361232,7.469984580747386,0.031450043394936955,0.049353473861306174,-0.42179063337589096,0.030636519766487347,0.06240025391654159,9.0,3280.0
2025-12-26,3313.10009765625,3320.0,3271.800048828125,3280.0,3161.010986328125,1176664,-0.011750527267249122,3227.5099853515626,3130.4519873046875,3233.491283072357,3167.0710068278404,57.01815152973429,0.008409115586256479,48.8693763584788,44.66072724258562,4.208649115893181,-0.00024385784449454384,0.045718261135967664,-0.13968186191789478,0.0162633159577103,0.04777201928085569,-39.0,3251.5
2025-12-29,3280.0,3288.0,3242.89990234375,3251.5,3133.544677734375,2079473,-0.008689024390243882,3233.2099853515624,3136.085986328125,3235.2063989702274,3170.381947736553,52.310538824874385,0.008753077217947386,44.3081224224361,44.59020627855572,-0.2820838561196197,-0.009293113954905508,0.03633466135458163,0.7672615122073931,0.005656921366475624,0.03680192895699498,-28.5,3246.800048828125
2025-12-30,3250.0,3267.5,3239.5,3246.800048828125,3129.01513671875,2807593,-0.0014454716813393498,3238.879992675781,3141.60798828125,3236.3105560995514,3173.378736014654,56.393233136355676,0.00875574080620824,39.85462967339299,43.64309095752317,-3.788461284130179,-0.023489384886616227,0.03619076722366432,0.3501464072868463,0.002445307072276187,0.033483509380947525,-4.699951171875,3206.199951171875
2025-12-31,3240.0,3246.0,3198.5,3206.199951171875,3089.887939453125,3362634,-0.012504649823109282,3242.404992675781,3146.48798828125,3233.4428794397727,3174.6658424914076,52.63484509992674,0.009323790914558927,32.67248790970234,41.44897034795901,-8.776482438256672,-0.031359531368013616,0.02248301849596701,0.19769282798468302,-0.011166107129025883,0.018977336990643374,-40.60009765625,3227.39990234375
2026-01-01,3215.0,3234.10009765625,3198.199951171875,3227.39990234375,3110.31884765625,1255735,0.006612173755453421,3244.7749877929687,3150.7319873046877,3232.8673578115804,3176.7338448385585,55.20375852453291,0.008915901425643689,28.364281915852644,38.83203266153774,-10.467750745685095,-0.027598703722883422,0.01490562966784581,-0.6265620938823553,-0.005354789011436767,0.024333366134594126,21.199951171875,3250.699951171875
2026-01-02,3234.0,3254.300048828125,3219.5,3250.699951171875,3132.7734375,1184324,0.007219448947496154,3245.849987792969,3155.6119873046873,3234.5657000363703,3179.6344764594733,54.49672285495134,0.008374619156408617,26.524360523303585,36.37049823389091,-9.846137710587328,-0.008932941715891762,0.006657995889104873,-0.05686789012012883,0.001494204413988899,0.030132970799241213,23.300048828125,3216.10009765625
2026-01-05,3240.5,3247.0,3191.0,3216.10009765625,3099.428955078125,2341703,-0.010643816419645846,3244.7449951171875,3158.469990234375,3232.8070712382637,3181.0645008201313,48.04548454236255,0.00870227193428736,22.020452479196592,33.50048908295205,-11.480036603755458,-0.010887252758342347,-0.006824734064870608,0.9772486245318004,-0.008828088957389072,0.01824621022205708,-34.599853515625,3255.800048828125
2026-01-06,3210.0,3263.199951171875,3205.0,3255.800048828125,3137.688720703125,2912325,0.012344127970645768,3245.709997558594,3162.3219921875,3234.996878627774,3183.9953066243665,56.75459772694598,0.009149547244694188,21.407751940069375,31.08194165437552,-9.674189714306145,0.0027719600420876844,0.005963246973003322,0.24367821196795658,0.003108734691984448,0.029559942621770283,39.699951171875,3295.60009765625
2026-01-07,3242.89990234375,3300.60009765625,3223.199951171875,3295.60009765625,3176.044921875,1989442,0.012224352918248194,3250.075,3166.53599609375,3240.768613773343,3188.3719650962053,59.66701229016113,0.0092567363034318,23.858685590118057,29.63729044152403,-5.778604851405973,0.027883521878196982,0.027210687123859323,-0.31688874009597146,0.014007399108097562,0.040758766589646875,39.800048828125,3203.89990234375
2026-01-08,3286.89990234375,3286.89990234375,3182.0,3203.89990234375,3087.671630859375,4159336,-0.02782503719966356,3250.8099975585938,3169.45599609375,3237.2573079229055,3188.9809038117955,41.08093567450172,0.01124713587633439,18.191923603374107,27.348217073894048,-9.156293470519941,-0.007281403207248682,0.004609291169239249,1.0907048308018026,-0.01443027899202781,0.010867450531716179,-91.7001953125,3207.800048828125
2026-01-09,3191.0,3229.699951171875,3191.0,3207.800048828125,3091.43017578125,1938673,0.0012173122142555837,3251.6050048828124,3172.4599951171876,3234.4518546757836,3189.7189094987107,41.4476783287231,0.011248406374025164,13.855960243814025,24.649765707878046,-10.793805464064022,-0.013197127691925159,0.004981405110072501,-0.5338984395586219,-0.01347179500243946,0.011139637305223743,3.900146484375,3239.60009765625
2026-01-12,3203.0,3252.0,3174.300048828125,3239.60009765625,3122.076416015625,2228342,0.009913351313696195,3252.560009765625,3176.54599609375,3234.942163531066,3191.675034524497,39.91012949208147,0.011288935656640145,12.837691304593136,22.287350827221065,-9.449659522627929,0.0073069865011743396,0.005930786417093659,0.14941612123344172,-0.003984526671441507,0.019849894079934167,31.800048828125,3268.0
2026-01-13,3245.0,3280.0,3210.5,3268.0,3149.4462890625,5645341,0.008766483975690909,3254.4500122070312,3180.74599609375,3238.0905289090597,3194.668170425497,45.185696791136166,0.011432599465326371,14.159123048527363,20.661705271482326,-6.502582222954963,0.003747143862924407,0.011702077084860152,1.5334266463585933,0.00416352616944321,0.027431930752536065,28.39990234375,3192.5
2026-01-14,3260.0,3260.0,3183.0,3192.5,3076.68505859375,3539511,-0.023102815177478586,3253.8200073242188,3184.2599951171874,3233.748573774864,3194.583144134301,37.417947995687356,0.012491563410100603,9.010283269005413,18.331420870986943,-9.32113760198153,-0.03128416512961396,-0.003931264944100787,-0.3730208680042534,-0.01884554375662755,0.0025877299264030033,-75.5,3192.5
2026-01-15,3192.5,3192.5,3192.5,3192.5,3076.68505859375,0,0.0,3252.5550048828127,3188.30599609375,3229.820138177258,3194.5014522074657,40.56502446143769,0.012454734953000316,4.8736106979381475,15.639858836377185,-10.766248138439037,-0.0035581331162720664,-0.007862529816710873,-1.0,-0.01846394750977514,0.0013154333089071618,0.0,3206.699951171875
2026-01-16,3219.39990234375,3221.89990234375,3171.0,3206.699951171875,3146.54931640625,4293470,0.004447909529169847,3248.85,3192.2219970703127,3227.6182156053164,3194.9798247158737,45.01557251609812,0.011613521626050045,2.70984782892765,13.053856634887278,-10.344008805959628,-0.0003429445849194579,-0.022585984075048415,inf,-0.012973836535427894,0.004535384479791686,14.199951171875,3163.60009765625
2026-01-19,3188.0,3220.0,3152.10009765625,3163.60009765625,3104.258056640625,3387562,-0.013440563249416115,3242.9300048828127,3195.657998046875,3221.5212519911197,3193.749247184124,41.47192057772935,0.011929281260285701,-2.4544543896795403,9.952194429973916,-12.406648819653457,-0.02345968567385326,-0.03607553392557894,-0.21099669963921952,-0.02446241735317052,-0.0100317056487954,-43.099853515625,3102.300048828125
2026-01-20,3151.60009765625,3160.0,3091.10009765625,3102.300048828125,3044.10791015625,4499273,-0.019376674338055233,3231.800012207031,3197.2,3210.166851689882,3190.1630041113403,39.78368708517699,0.012011190179550943,-11.362621511462748,5.689231241686584,-17.051852753149333,-0.05070377942835835,-0.06694933984590412,0.3281743625651723,-0.04007053743726835,-0.029682206672048926,-61.300048828125,3122.60009765625
2026-01-21,3100.0,3138.5,3082.0,3122.60009765625,3064.027099609375,2015150,0.006543547854371168,3222.4300170898437,3198.712001953125,3201.8271608295363,3187.5134783680032,39.67693217836307,0.012209804946317977,-16.593089047807098,1.2327671837878476,-17.825856231594944,-0.02189503597298359,-0.056616284695997,-0.5521165308262024,-0.030979701313653178,-0.023794547383572243,20.300048828125,3150.39990234375
2026-01-22,3150.0,3160.0,3122.300048828125,3150.39990234375,3091.305419921875,2269827,0.008902774552644654,3214.0000122070314,3199.0839990234376,3196.9293266880327,3186.058044014111,40.206983253407174,0.012434178993200167,-18.284290429725843,-2.670644338914891,-15.613646090810953,-0.013187187989428306,-0.050798462686426626,0.12638116269260347,-0.019788459745402328,-0.01521813640859355,27.7998046875,3162.5
2026-01-23,3190.300048828125,3194.5,3152.0,3162.5,3103.178466796875,2068857,0.00384081324001051,3208.1250122070314,3200.22,3193.6503431939345,3185.134199150813,44.52613490960915,0.012313795991130902,-18.435687819850955,-5.8236530351021045,-12.61203478474885,-0.013783625485671691,-0.035823170731707266,-0.08853978739348856,-0.014221706458890041,-0.011786689665085464,12.10009765625,3158.0
2026-01-27,3175.0,3175.0,3130.0,3158.0,3098.762939453125,4279874,-0.0014229249011857847,3203.4500122070312,3201.26,3190.2550724135594,3184.0701129096046,39.23855443436923,0.012204994420594075,-18.70318505918158,-8.399559439917999,-10.30362561926358,-0.00177016610297831,-0.028755958788251545,1.0687142707301667,-0.014187832503656975,-0.013513429087296944,-4.5,3200.10009765625
2026-01-28,3176.0,3205.199951171875,3170.60009765625,3200.10009765625,3140.073486328125,2751234,0.013331253216038563,3201.1150146484374,3203.2180029296874,3191.192693865244,3184.6987397624143,39.544563262705246,0.012640716547621028,-15.341208609620935,-9.787889273858587,-5.553319335762348,0.03152501282558684,-0.014383377623987226,-0.3571693933045692,-0.00031705108611940094,-0.0009733665553158459,42.10009765625,3144.39990234375
2026-01-29,3200.10009765625,3200.10009765625,3125.60009765625,3144.39990234375,3085.41796875,2457641,-0.01740576657376902,3198.025012207031,3204.3639990234374,3186.736237529864,3183.1183931969767,42.92845586204175,0.012926943698799617,-16.975673312419076,-11.225446081570686,-5.75022723084839,0.006981298919404466,-0.019275169911201817,-0.1067132057832958,-0.016768195889210115,-0.01871326000977481,-55.7001953125,3123.89990234375
2026-01-30,3141.0,3141.0,3092.0,3123.89990234375,3065.302734375,3022068,-0.00651952698024183,3192.8500122070313,3203.887998046875,3180.7518246549957,3180.7960994380264,40.407027542163526,0.012859007706041094,-19.698109494811433,-12.919978764218836,-6.778130730592597,-0.008411630529916336,-0.03206915880639327,0.22966210280508825,-0.021595160937616403,-0.024965946297712864,-20.5,3169.60009765625
2026-02-02,3198.0,3198.0,3134.0,3169.60009765625,3110.1455078125,2636272,0.014629212439941641,3188.79501953125,3204.3839990234374,3179.68975541702,3180.3570405446235,42.24291115925624,0.013226439620192288,-17.96099280942326,-13.928181573259723,-4.032811236163537,0.0022450901679842428,-0.024948427948998653,-0.12765960262972242,-0.006019490672003661,-0.010855097696714264,45.7001953125,3225.300048828125
2026-02-03,3350.0,3350.0,3186.300048828125,3225.300048828125,3164.80078125,4366060,0.01757317940930858,3189.255017089844,3205.877998046875,3184.0335928847444,3182.119511457702,45.538147399635804,0.013661462525113993,-11.952019326426125,-13.532949123893005,1.5809297974668794,0.021310971763180753,0.0028605922989086707,0.6561492896028938,0.011302022430044405,0.006058262601721809,55.699951171875,2999.10009765625
2026-02-04,3120.0,3120.0,2986.0,2999.10009765625,2942.84375,10852595,-0.07013299468186285,3176.42001953125,3203.0360009765627,3166.420879053459,3174.94227954392,34.63129034410936,0.020533014474361407,-25.15236931982372,-15.856833163079148,-9.295536156744571,-0.06281053525394786,-0.07884389315132245,1.4856724369339864,-0.05582382707094495,-0.06366956327001488,-226.199951171875,2991.5
2026-02-05,2990.0,3029.699951171875,2972.300048828125,2991.5,2935.38623046875,3521545,-0.002534126040737772,3161.2150146484373,3200.482001953125,3149.7617477150343,3167.748464659845,34.217972084863376,0.02018560075292951,-35.814162782160565,-19.848299086895434,-15.965863695265131,-0.04862609944421592,-0.0922745747800282,-0.6755112486921331,-0.05368664069416725,-0.06529704020381666,-7.60009765625,2941.60009765625
2026-02-06,2976.60009765625,2985.0,2916.0,2941.60009765625,2886.422119140625,4687389,-0.01668056237464488,3148.1000244140623,3196.056005859375,3129.936828661817,3158.8799012479394,30.28998087172512,0.01965853422102924,-47.7399001515023,-25.426619299816807,-22.31328085168549,-0.058356480804883315,-0.08186891372468275,0.33106037264893673,-0.06559509709233173,-0.07961559739148108,-49.89990234375,2948.199951171875
2026-02-09,2959.10009765625,2977.0,2937.5,2948.199951171875,2892.8984375,2380318,0.0022436270385235435,3135.12001953125,3192.2880029296875,3112.6285546151557,3150.617942421427,33.06603272020536,0.019674402391821492,-56.012898093170406,-31.54387505848753,-24.469023034682877,-0.06985112937373028,-0.08092776784858746,-0.49218680165012973,-0.05962134374278992,-0.07646178901584173,6.599853515625,2984.60009765625
2026-02-10,2949.800048828125,3011.60009765625,2943.5,2984.60009765625,2928.61572265625,3547763,0.012346566409074944,3122.37001953125,3189.2300048828124,3100.435368238117,3144.107438705146,40.36983428729634,0.019772383800478317,-58.952552623151405,-37.0256105714203,-21.926942051731103,-0.07462870043961667,-0.0787134190372708,0.4904575775169535,-0.0441235090694609,-0.06416279381332407,36.400146484375,2909.800048828125
2026-02-11,2980.0,2998.0,2904.199951171875,2909.800048828125,2855.21875,3363513,-0.02506200039558537,3104.4600219726562,3184.7580078125,3082.279623532403,3134.9189136119294,34.014427617807144,0.020076432940319598,-66.55083225973203,-42.93065490908265,-23.620177350649385,-0.029775614657847393,-0.10960830819212819,-0.051934134269961074,-0.06270332739567351,-0.08633558917502629,-74.800048828125,2750.10009765625
2026-02-12,2869.800048828125,2880.0,2740.0,2750.10009765625,2698.514404296875,10612156,-0.054883479446016126,3082.3400268554688,3177.0460107421877,3050.6434782108645,3119.827979652883,24.902848928016667,0.022630658423500462,-84.48508355270405,-51.24154063780693,-33.24354291489713,-0.08069527071494231,-0.13857475406225528,2.155081012025225,-0.10778821489664207,-0.13438455459642498,-159.699951171875,2692.199951171875
2026-02-13,2585.0,2713.0,2585.0,2692.199951171875,2641.700439453125,11168735,-0.021053832380035886,3057.3250244140627,3167.290009765625,3016.5059994452463,3103.058253045785,22.115513501260367,0.022768347722531238,-102.19215726472385,-61.43166396319032,-40.76049330153353,-0.08478383811691026,-0.15671105679815978,0.05244730665474573,-0.11942631886584058,-0.1499989129915218,-57.900146484375,2706.60009765625
2026-02-16,2700.0,2719.800048828125,2671.0,2706.60009765625,2655.830322265625,2918730,0.0053488398876564425,3032.320031738281,3156.8380126953125,2986.991151655818,3087.5108744030586,23.546674831388017,0.022795631214902908,-113.75190809145943,-71.89571278884414,-41.85619530261529,-0.08194825911301973,-0.15595467649939176,-0.7386695986609048,-0.10741608097853439,-0.142623065620858,14.400146484375,2717.39990234375
2026-02-17,2716.0,2760.0,2695.199951171875,2717.39990234375,2666.427490234375,4209118,0.003990173759637505,3010.0100219726564,3146.42201171875,2961.3157945784783,3072.9967186360273,20.635115835299757,0.02291711539132151,-120.65085200523845,-81.646740632123,-39.00411137311545,-0.08952629718210059,-0.1410419084393969,0.4421059844521418,-0.09721234065431446,-0.13635237351414423,10.7998046875,2694.89990234375
2026-02-18,2730.0,2730.0,2657.300048828125,2694.89990234375,2644.349609375,2950820,-0.008279973801645357,2989.6400146484375,3135.590009765625,2935.942852460885,3058.1693925069185,21.50374738896201,0.022743424763974875,-126.47594080372392,-90.6125806664432,-35.86336013728072,-0.07385392222084897,-0.13132196759570947,-0.2989457648847098,-0.098587157938929,-0.1405445565425867,-22.5,2677.89990234375
2026-02-19,2708.0,2748.699951171875,2666.60009765625,2677.89990234375,2627.66845703125,3238849,-0.006308212036081562,2967.4050048828126,3124.9820068359377,2911.3673334021105,3043.256863480912,21.599599524902217,0.022528266436443567,-130.9545609073375,-98.68097671462206,-32.27358419271545,-0.02625366086639247,-0.14241343156502217,0.09760981693224258,-0.09756170865206706,-0.1430670971910206,-17.0,2686.199951171875
2026-02-20,2667.0,2702.60009765625,2647.5,2686.199951171875,2635.81298828125,2293482,0.0030994619406277124,2944.1950073242188,3114.9220068359373,2889.9228208087548,3029.2546316256557,17.67851598552916,0.022343800085511942,-132.30897947621816,-105.4065772669413,-26.902402209276858,-0.0022286606154153787,-0.14734635778350935,-0.29188362902994247,-0.08762838586117233,-0.13763492463798405,8.300048828125,2676.300048828125
2026-02-23,2686.0,2704.0,2660.199951171875,2676.300048828125,2626.0986328125,4699596,-0.0036854673977010366,2919.885009765625,3104.610009765625,2869.577794905838,3015.4132754375173,10.897435897435884,0.022202236267377082,-132.6520747872214,-110.85567677099732,-21.79639801622409,-0.011194874652654785,-0.15373911499505932,1.0491096071388397,-0.08342279237806431,-0.13795934419789949,-9.89990234375,2573.699951171875
2026-02-24,2641.0,2647.5,2561.300048828125,2573.699951171875,2525.423095703125,7798833,-0.038336545149777024,2890.6700073242187,3091.6740087890626,2841.3989526454607,2998.0911842898454,13.226137729214187,0.023135267906447946,-139.59380027369434,-116.60330147153672,-22.990498802157617,-0.05288141471114871,-0.18502218138952664,0.6594688139150684,-0.10965279860697437,-0.16753838087220135,-102.60009765625,2629.300048828125
2026-02-25,2596.0,2654.199951171875,2595.0,2629.300048828125,2579.980224609375,3621285,0.02160317780281029,2862.1300048828125,3079.6560107421874,2821.1990570438097,2983.6287868207583,21.088771833412252,0.023641148888559563,-139.00632612358186,-121.08390640194575,-17.922419721636103,-0.024342222677203318,-0.178369435770518,-0.5356632203818187,-0.0813484906896186,-0.14623580047354964,55.60009765625,2647.699951171875
2026-02-26,2650.0,2671.0,2635.0,2647.699951171875,2598.03515625,3464267,0.006998023048738977,2837.2950073242187,3068.5080078125,2804.675332675054,2970.45510699139,25.298363244553826,0.023840697856536978,-135.494138199364,-123.9659527614294,-11.528185437934582,-0.011277475735909093,-0.15796335281706642,-0.04335974660928377,-0.06682246846483052,-0.13713767588979303,18.39990234375,2637.39990234375
2026-02-27,2681.60009765625,2688.60009765625,2626.10009765625,2637.39990234375,2587.92822265625,5083717,-0.0038901873392286346,2812.970007324219,3056.9000048828125,2788.744339310168,2957.3941185738354,24.039436070553577,0.02385817284640574,-132.01998758748414,-125.57675972664036,-6.443227860843777,-0.01816694576546163,-0.1557348235245939,0.46747262840883796,-0.062414495896981274,-0.1372305609830192,-10.300048828125,2613.5
2026-03-02,2592.0,2623.800048828125,2580.300048828125,2613.5,2564.4765625,3374385,-0.009061918263707835,2785.165002441406,3043.55400390625,2772.054402233009,2943.908074708195,18.341576879082723,0.02324794908022446,-129.7001183481916,-126.40143145095061,-3.298686897240998,-0.023465249666465238,-0.1754480314622202,-0.3362366551875331,-0.061635487409517534,-0.1412999418950007,-23.89990234375,2587.800048828125
2026-03-04,2625.0,2635.0,2580.39990234375,2587.800048828125,2539.2587890625,3446434,-0.009833537850344354,2753.290002441406,3029.6700048828125,2754.506368575401,2929.943054085447,20.01862197392923,0.0223695051781463,-128.4546315066359,-126.81207146208767,-1.6425600445482331,0.005478532044821183,-0.19765602900469004,0.02135174261383921,-0.06010625595797659,-0.14584755281682205,-25.699951171875,2578.800048828125
2026-03-05,2600.0,2609.5,2546.39990234375,2578.800048828125,2530.427490234375,2960636,-0.0034778575740717077,2732.275,3014.7480078125,2737.772433361375,2916.1727401537873,27.828109348189486,0.0174807963513941,-126.73290100106806,-126.79623736988376,0.0633363688156976,-0.019206632587447703,-0.14014205433042493,-0.14095671061740922,-0.056171121564218496,-0.14460510724433603,-9.0,2557.60009765625
2026-03-06,2572.0,2619.199951171875,2553.60009765625,2557.60009765625,2509.625244140625,3998643,-0.008220858837624467,2710.5800048828123,2999.700009765625,2720.6131632942206,2902.111067898982,30.749440801809556,0.01744415907575959,-125.63088145627398,-126.5631661871618,0.9322847308878153,-0.03402948037059361,-0.14504425951654687,0.3506027083369925,-0.05643807116963374,-0.14738137502753734,-21.199951171875,2527.39990234375
2026-03-09,2530.0,2560.0,2505.0,2527.39990234375,2479.99169921875,3653428,-0.011808020863064206,2689.8699951171875,2983.8680078125,2702.211900346557,2887.4165123870125,25.478893923743115,0.01734525032500707,-125.74491726284487,-126.39951640229842,0.654599139453552,-0.0417077440179805,-0.14080778540989247,-0.08633303848330542,-0.06040072310868663,-0.1529786519623536,-30.2001953125,2513.10009765625
2026-03-10,2541.0,2545.199951171875,2490.10009765625,2513.10009765625,2465.9599609375,4323710,-0.005657911387208392,2668.1150024414064,2968.530009765625,2684.2012524712895,2872.737437299532,22.309588130884293,0.01720311346348885,-125.54199620588088,-126.22801236301491,0.6860161571340342,-0.03841587998612972,-0.14758152795663604,0.18346659630352646,-0.05809903420329074,-0.1534193390705633,-14.2998046875,2464.89990234375
2026-03-11,2508.10009765625,2521.0,2460.10009765625,2464.89990234375,2418.6640625,2720664,-0.019179576395485398,2642.129992675781,2952.7980078125,2663.3154096020003,2856.743808477737,20.856570821180966,0.01669598709025086,-127.79736427785065,-126.54188274598206,-1.2554815318685826,-0.047492133922800495,-0.1741272459652503,-0.37075705817457694,-0.06707849001499874,-0.16523246906082686,-48.2001953125,2442.39990234375
2026-03-12,2459.800048828125,2472.89990234375,2436.0,2442.39990234375,2396.5859375,2752075,-0.00912815971902381,2618.7599853515626,2936.7100048828124,2642.275837482167,2840.4950278450315,20.5698647189119,0.0162836154353518,-129.9028821202446,-127.21408262083457,-2.688799499410038,-0.05289287416694399,-0.16062964418211922,0.011545343342654668,-0.0673448823085391,-0.16832104692570338,-22.5,2410.5
2026-03-13,2437.0,2445.89990234375,2397.0,2410.5,2365.284423828125,2466488,-0.013060884220122415,2601.77998046875,2920.796005859375,2620.201948198151,2823.6324777334617,17.465189645486106,0.012198511169363373,-132.6168511909068,-128.29463633484903,-4.322214856057769,-0.05751489366576523,-0.12348644980074408,-0.10377151785470962,-0.07351889164520675,-0.1747112789923281,-31.89990234375,2409.199951171875
2026-03-16,2410.0,2425.0,2366.10009765625,2409.199951171875,2364.0087890625,3807907,-0.0005393274541070081,2587.62998046875,2904.4320068359375,2600.1065199099344,2807.38022178987,17.82702543743568,0.01176486018765634,-133.33558468622323,-129.30282600512388,-4.032758681099352,-0.04676741146593533,-0.10511849236042603,0.5438579064645763,-0.06895500154336302,-0.17050908903994758,-1.300048828125,2391.699951171875
2026-03-17,2420.0,2420.0,2360.0,2391.699951171875,2346.837158203125,2993367,-0.007263822162825395,2571.884973144531,2887.2520068359377,2580.258275268214,2791.0790347068114,22.424242424242422,0.01148914140064203,-133.77521252800943,-130.197303309701,-3.5779092183084344,-0.04830692840193451,-0.1163452801014303,-0.21390753503171167,-0.07005951815658062,-0.17163450037986983,-17.5,2440.800048828125
2026-03-18,2410.0,2482.89990234375,2410.0,2440.800048828125,2395.01611328125,3082388,0.020529371852097134,2558.05498046875,2871.746005859375,2566.976539416777,2777.34260388804,20.865533230293664,0.012776850219758298,-128.6783295422665,-129.8935085562141,1.2151790139475906,-0.00977721387092012,-0.1017884240288146,0.029739420525448423,-0.04583753380435102,-0.1500640920721987,49.10009765625,2356.0
2026-03-19,2417.0,2424.0,2350.199951171875,2356.0,2311.806640625,2757060,-0.03474272661901945,2541.1099853515625,2853.7500048828124,2546.8835356627983,2760.8193645198817,12.592992872398852,0.014374698933846124,-129.98330170163717,-129.9114671852987,-0.07183451633846971,-0.03537500237403379,-0.1257560260583368,-0.10554414304753323,-0.07284611308390594,-0.1744196247152533,-84.800048828125,2390.60009765625
2026-03-20,2386.0,2407.800048828125,2364.199951171875,2390.60009765625,2345.7578125,4206320,0.01468594976920623,2526.7449951171875,2835.6500048828125,2531.9993987097937,2746.3009618977785,20.207666790053295,0.015143007194151719,-126.76430284877506,-129.28203431799398,2.5177314692189157,-0.008255508128500288,-0.10728549055774994,0.5256541388290425,-0.05388153443423493,-0.1569481094141429,34.60009765625,2383.800048828125
2026-03-23,2365.0,2406.800048828125,2348.0,2383.800048828125,2339.085205078125,3860515,-0.0028444944994320265,2511.625,2819.2480078125,2517.8851749115393,2732.0852398166157,21.077845194934227,0.015022194202261679,-123.34014179822043,-128.09365581403927,4.753514015818837,-0.010542878490178875,-0.11257535099419003,-0.08221081610528913,-0.05089332650052257,-0.15445535752005232,-6.800048828125,2398.800048828125
2026-03-24,2404.10009765625,2435.39990234375,2379.10009765625,2398.800048828125,2353.803955078125,3420182,0.006292474071964982,2497.75,2803.0680078125,2506.5437343321664,2719.015232326871,25.543502984780403,0.015261495279261844,-118.05522767829098,-126.08597018688961,8.030742508598635,0.0029686406326894232,-0.10368792547065464,-0.11406068879411169,-0.03961563453983585,-0.14422338589632142,15.0,2377.39990234375
2026-03-25,2400.89990234375,2421.60009765625,2369.800048828125,2377.39990234375,2332.80517578125,5843778,-0.008921188114378031,2487.9349975585938,2785.82400390625,2494.244321761841,2705.61855271969,24.74926338562841,0.01319199074324887,-114.27640092008187,-123.72405633352807,9.4476554134462,-0.025975149629653083,-0.07627153613564952,0.7086160911904689,-0.04442844982819553,-0.14660800574257826,-21.400146484375,2389.800048828125
2026-03-27,2403.89990234375,2422.10009765625,2385.0,2389.800048828125,2344.97265625,4979411,0.005215843776282814,2475.959997558594,2768.2600048828126,2484.2972481491065,2693.2335133513934,28.48721362827969,0.011979340208567817,-109.02430102335757,-120.78410527149397,11.759804248136405,0.014346370470341707,-0.09108888128106363,-0.14791236080494508,-0.03479860289157594,-0.13671402086044615,12.400146484375,2358.89990234375
2026-03-30,2375.10009765625,2398.0,2346.199951171875,2358.89990234375,2314.652099609375,6804756,-0.012930013328741552,2461.5199951171876,2751.5880029296877,2472.3546437866917,2680.122391351094,28.436177990514338,0.011782685815393344,-106.13193471529439,-117.85367116025407,11.721736444959674,-0.013260350546952182,-0.10907582209241717,0.3665784969346777,-0.04168972544484737,-0.14271326236625267,-30.900146484375,2408.199951171875
2026-04-01,2429.0,2472.0,2397.89990234375,2408.199951171875,2363.02734375,4132661,0.02089959339908476,2450.0599975585938,2735.902001953125,2466.244673061471,2669.4587662460267,37.67912639483021,0.013200745281719854,-98.7235875906049,-114.02765444632423,15.304066855719341,0.010235716857101673,-0.08690375356736546,-0.39268050169616664,-0.017085314820221114,-0.11977843159122939,49.300048828125,2450.699951171875
2026-04-02,2386.0,2469.89990234375,2375.699951171875,2450.699951171875,2404.730224609375,5378361,0.017648036235246467,2441.9199951171877,2720.782001953125,2464.7642233577,2660.8799891842955,48.30953257033708,0.01403462238562291,-88.40395850327695,-108.90291525771478,20.498956754437827,0.021635776758093916,-0.06229196434977047,0.3014280629357211,0.0035955133961159806,-0.09926633246888963,42.5,2473.89990234375
2026-04-06,2474.0,2482.0,2448.199951171875,2473.89990234375,2427.4951171875,2572417,0.009466663252994723,2436.224987792969,2706.987998046875,2465.6342880230377,2653.5474367591764,53.743754316123,0.014210907817148255,-77.46061814475615,-102.61445583512307,25.153837690366913,0.04059056278452178,-0.04401427634872879,-0.5217098666303731,0.015464464382212753,-0.08610606913340617,23.199951171875,2539.800048828125
2026-04-07,2461.0,2543.89990234375,2448.0,2539.800048828125,2492.1591796875,4516550,0.026638162046064062,2434.2749877929687,2695.737998046875,2472.6976938139983,2649.0867548795272,64.21814218330107,0.015591505126015887,-62.74704215405836,-94.64097309891014,31.893930944851775,0.06276675744213622,-0.01512331288256441,0.7557612160081355,0.04334968792117872,-0.0578461072002289,65.900146484375,2559.199951171875
2026-04-08,2572.0,2580.300048828125,2540.10009765625,2559.199951171875,2511.195068359375,4769337,0.007638358126932587,2434.35498046875,2684.4699951171874,2480.936004038558,2645.561782185109,65.86291795070929,0.01558927327738777,-48.95667511222655,-85.50411350157343,36.54743838934688,0.08491248341191215,0.0006255291892940384,0.055969047170960184,0.05128462024017768,-0.0466647212198935,19.39990234375,2589.0
2026-04-09,2554.0,2605.0,2531.10009765625,2589.0,2540.436279296875,5628261,0.01164428313406285,2437.4349853515623,2673.2419970703127,2491.227813177743,2643.3436730798107,70.33598342805865,0.015524601485328807,-35.217133789889886,-75.44671755923673,40.229583769346846,0.07507684266007253,0.024372912889300213,0.18009295631656985,0.06218217739521646,-0.031513045643692575,29.800048828125,2524.300048828125
2026-04-10,2565.800048828125,2565.800048828125,2501.10009765625,2524.300048828125,2476.94970703125,10480239,-0.024990324902230632,2437.994982910156,2660.477998046875,2494.377549906351,2638.675295658176,58.33831495901739,0.016549906187908067,-29.21245069590259,-66.1998641865699,36.98741349066731,0.03003227613443893,0.00445662756621612,0.8620740935788158,0.03540001785194379,-0.051185519789572365,-64.699951171875,2472.60009765625
2026-04-13,2489.89990234375,2504.89990234375,2470.0,2472.60009765625,2426.2197265625,3739587,-0.020480905665662075,2438.379992675781,2646.77,2492.3035068349127,2632.162542795355,62.46791611931758,0.016633089534236818,-28.29923411237587,-58.61973817173109,30.320504059355223,-0.0005254071461292531,0.0031239383413412813,-0.6431773168531748,0.014033950853950844,-0.0658046986869845,-51.699951171875,2554.89990234375
2026-04-15,2501.89990234375,2559.0,2493.39990234375,2554.89990234375,2506.975830078125,5261384,0.033284721118271854,2444.004992675781,2633.86599609375,2498.2650683119446,2629.1326353266645,65.94214159484903,0.018015671239551712,-20.696026054913546,-51.034995748367585,30.33896969345404,0.00594529223770679,0.04606125307000042,0.4069425313543982,0.045374256599434094,-0.029981059730112815,82.2998046875,2576.89990234375
2026-04-16,2572.0,2594.0,2558.0,2576.89990234375,2528.56298828125,3905403,0.008610904865516744,2452.324987792969,2622.51599609375,2505.754100124497,2627.0842928567467,68.19978931663206,0.017684975706021108,-12.748258761404486,-43.377648350974965,30.62938958957048,0.0069162048724524805,0.06903128078977394,-0.2577232530452064,0.05079869722442271,-0.017394019261634735,22.0,2581.5
2026-04-17,2570.0,2589.0,2555.89990234375,2581.5,2533.07666015625,2718206,0.001785128577197037,2460.939990234375,2611.667998046875,2512.9679953507352,2625.296673529031,67.56391377677929,0.017664713921422846,-6.009136894921085,-35.903946059764195,29.89480916484311,-0.0028968713789108147,0.07151753790477855,-0.3039883464011268,0.04898941471309233,-0.011551237779624291,4.60009765625,2579.60009765625
2026-04-20,2587.10009765625,2594.0,2561.199951171875,2579.60009765625,2531.212646484375,2288558,-0.0007359683686809504,2470.334997558594,2599.867998046875,2519.3139098560223,2623.5046509457848,70.19578064998161,0.017512911348966636,-0.8122770794293501,-28.885612263697226,28.073335184267876,0.02190708226377347,0.07856342782141579,-0.1580630754254828,0.044230883748820185,-0.007795742093772119,-1.89990234375,2610.5
2026-04-21,2560.0,2614.0,2560.0,2610.5,2561.532958984375,2719959,0.011978563022936983,2478.8199951171873,2587.5719970703126,2527.998299393544,2622.9946646341855,71.25794774138112,0.017187822929468723,5.733542929695886,-21.961781225018605,27.69532415471449,0.05577121123406248,0.06952636339603124,0.18850341568795725,0.053122052082118794,0.00886081738233635,30.89990234375,2538.5
2026-04-22,2580.0,2580.0,2503.60009765625,2538.5,2490.883544921875,5232045,-0.02758092319479022,2487.9449951171873,2578.3599951171873,2528.9984613560637,2619.681148374021,66.03000638897436,0.01640579888384016,5.053105125680304,-16.558803954878822,21.611909080559126,-0.006418999949354354,0.07746179966044142,0.9235749509459517,0.020319984960291068,-0.015459437469039551,-72.0,2521.800048828125
2026-04-23,2529.0,2559.5,2516.300048828125,2521.800048828125,2474.496826171875,2509050,-0.00657866896666337,2494.504992675781,2568.96599609375,2528.3128982581648,2615.8426738820253,60.76574884037745,0.016356606442642134,3.1302235034027035,-12.620998463222517,15.75122196662522,-0.021382225000478483,0.054881597010099537,-0.520445638368936,0.010942073169821697,-0.01835989551334798,-16.699951171875,2396.89990234375
2026-04-24,2488.0,2505.0,2388.800048828125,2396.89990234375,2351.939453125,5107719,-0.049528171966852,2495.1599853515627,2558.0719921875,2515.7973748377444,2607.256682841309,45.59015816716756,0.020106073663057417,-8.375524193755155,-11.771903609329044,3.3963794155738896,-0.07150885053505718,0.005495365906240668,1.0357182997548873,-0.03938027364364295,-0.0630052986530399,-124.900146484375,2447.60009765625
2026-04-27,2396.89990234375,2459.0,2396.89990234375,2447.60009765625,2401.6884765625,5853425,0.02115240409619279,2497.599987792969,2548.0599951171876,2509.3023960585547,2600.995640285032,47.93727022058824,0.02060111655707128,-13.250091291171884,-12.067541145697612,-1.1825501454742717,-0.051170722206101416,0.020343525027008758,0.1459958936660377,-0.020019174560015063,-0.039426033002930655,50.7001953125,2444.699951171875
2026-04-28,2444.0,2487.0,2427.39990234375,2444.699951171875,2398.8427734375,4508363,-0.0011848939241144718,2500.964990234375,2537.2619921875,2503.1497822598235,2594.866397574712,41.72322909867277,0.020473093168449984,-17.149549092276175,-13.083942735013325,-4.065606357262849,-0.06351275572806936,0.0283082575892164,-0.22979059268718738,-0.022497331742827434,-0.036481073417184824,-2.900146484375,2474.699951171875
2026-04-29,2451.0,2487.89990234375,2447.60009765625,2474.699951171875,2428.280029296875,2835961,0.012271444594098124,2505.2099853515624,2528.559990234375,2500.4402745371617,2590.153987911856,42.77901333989827,0.020599122325085595,-17.616080998072448,-13.99037038762515,-3.625710610447298,-0.02513297176605278,0.03552594384847474,-0.3709554887217378,-0.012178633471080414,-0.021300676776708712,30.0,2473.89990234375
2026-04-30,2479.0,2491.0,2438.0,2473.89990234375,2427.4951171875,3970446,-0.0003232912449633307,2510.9599853515624,2523.035986328125,2497.9126200425508,2585.595004164087,39.65113491785445,0.020310677740509344,-17.844665947614885,-14.761229499623099,-3.0834364479917866,-0.018994426820886923,0.048751538751491186,0.4000354729842899,-0.01475932839392643,-0.019474983413092253,-0.800048828125,2473.89990234375
2026-05-01,2473.89990234375,2473.89990234375,2473.89990234375,2473.89990234375,2427.4951171875,0,0.0,2514.244982910156,2518.6699853515624,2495.625694547427,2581.214804092702,44.87178149569624,0.019851010594602408,-17.82039870355129,-15.373063340408738,-2.447335363142553,0.03212482921156101,0.02728176750435707,-1.0,-0.01604659881620126,-0.017775287460521875,0.0,2431.300048828125
2026-05-04,2494.0,2498.300048828125,2425.0,2431.300048828125,2385.6943359375,2632358,-0.017219715913027178,2513.2749877929687,2513.163984375,2489.49944257416,2575.335794082326,45.71842788234478,0.019892560569011956,-20.9965833517158,-16.49776734267015,-4.4988160090456475,-0.006659604583172496,-0.0079160659118932,inf,-0.03261678064000068,-0.03257405249153836,-42.599853515625,2427.300048828125
2026-05-05,2430.0,2460.39990234375,2412.199951171875,2427.300048828125,2381.76953125,3385720,-0.0016452103482365033,2510.9449951171873,2507.3619873046873,2483.5756907888235,2569.5304707390246,34.20794846460416,0.019762892879135133,-23.564858123334943,-17.91118549880311,-5.653672624531833,-0.007117397918468216,-0.01883659620644984,0.2861928354729866,-0.03331213804034706,-0.03193074589226969,-4.0,2435.39990234375
2026-05-06,2441.89990234375,2471.0,2406.5,2435.39990234375,2389.71728515625,3147628,0.0033369807410235097,2505.724987792969,2502.1719873046877,2478.9875204607215,2564.270448449014,31.86362925180711,0.018721920879923793,-24.662351659700562,-19.2614187309826,-5.40093292871796,-0.015880732857942892,-0.04110565575134373,-0.07032241295795283,-0.02806576371781364,-0.026685649627491783,8.099853515625,2401.39990234375
2026-05-07,2438.199951171875,2439.699951171875,2398.0,2401.39990234375,2356.35498046875,5829594,-0.013960746227869802,2497.8349853515624,2496.6419873046875,2471.5982234972003,2557.883368209592,28.53395737112635,0.01876394975536299,-27.95340953964933,-20.99981689271595,-6.95359264693338,-0.029305955318286836,-0.06165991397267234,0.8520593920247246,-0.038607467496192295,-0.03814807467199512,-34.0,2394.39990234375
2026-05-08,2398.0,2407.0,2375.10009765625,2394.39990234375,2349.486083984375,3792199,-0.0029149663882171994,2488.10498046875,2490.805986328125,2464.246002434967,2551.4722519011275,28.191220829341944,0.01844528847636135,-30.771720875338815,-22.954197689240523,-7.817523186098292,-0.03213549583177655,-0.07516419376448435,-0.34949174848196973,-0.03766122364633758,-0.03870477448405934,-7.0,2392.89990234375
2026-05-11,2371.0,2415.0,2371.0,2392.89990234375,2348.014404296875,1975188,-0.0006264617696198904,2481.5349731445312,2485.1379833984374,2457.451135759613,2545.2537283890733,22.469636878065657,0.01775949938668439,-32.74878279503491,-24.9131147103994,-7.835668084635511,-0.01579407959247303,-0.05205409180472653,-0.4791444225368975,-0.03571784067522747,-0.0371158791466989,-1.5,2300.300048828125
2026-05-12,2375.0,2375.0,2283.0,2300.300048828125,2257.151611328125,6347884,-0.03869775473053727,2472.919970703125,2479.6699853515624,2442.4843655756617,2535.6477017396246,21.35643059167397,0.019142557919140404,-41.31144033114242,-28.192779834548006,-13.118660496594416,-0.05232150844363648,-0.06968375071708777,2.2138125586020165,-0.06980408744320134,-0.07233621311829798,-92.599853515625,2272.800048828125
2026-05-13,2306.0,2309.199951171875,2269.0,2272.800048828125,2230.167236328125,3171843,-0.01195496214244296,2458.814978027344,2472.5399853515623,2426.3239544568487,2525.339950645056,20.81575914210859,0.017144573299526403,-49.74302170181272,-32.50282820800095,-17.240193493811773,-0.06676515563589547,-0.11041522732723863,-0.5003306613668429,-0.0756522678044099,-0.08078329883714175,-27.5,2246.0
2026-05-14,2265.0,2265.0,2206.39990234375,2246.0,2203.8701171875,5633313,-0.011791643898434123,2442.269982910156,2464.505986328125,2409.1502445085775,2514.3854427766223,27.03197833428463,0.016853328864078414,-57.91998511296515,-37.58625958899379,-20.33372552397136,-0.06471221315203712,-0.12841007213465638,0.7760377799279472,-0.08036375350946462,-0.08866117085545312,-26.800048828125,2264.0
2026-05-15,2252.0,2304.89990234375,2252.0,2264.0,2221.532470703125,3410637,0.00801424755120217,2426.394982910156,2457.03798828125,2395.326411698237,2504.56640580499,18.965480242589123,0.017074707502105543,-62.230483681669284,-42.515104407528895,-19.71537927414039,-0.0544603690536859,-0.12299050939376333,-0.3945592939714161,-0.06692850259498302,-0.07856532507919589,18.0,2283.199951171875
2026-05-18,2264.0,2292.89990234375,2252.199951171875,2283.199951171875,2240.3720703125,3773336,0.008480543803831786,2411.5749755859374,2450.4319873046875,2384.6477011719167,2495.8853683683974,24.12685002659657,0.01735763104913841,-63.366855587237296,-46.68545464347058,-16.681400943766718,-0.045843936499152416,-0.11490158755757363,0.10634347777262732,-0.053232856416944405,-0.06824594071543957,19.199951171875,2327.10009765625
2026-05-19,2300.0,2377.60009765625,2297.10009765625,2327.10009765625,2283.448974609375,10394707,0.01922746470883685,2397.40498046875,2445.21798828125,2379.166977027567,2489.2663381443917,27.361968703544918,0.017820950709843828,-60.033040060512576,-49.35497172687898,-10.678068333633597,0.011650675242031117,-0.10856154083269487,1.7547790602268125,-0.029325409509558076,-0.04830566893875403,43.900146484375,2327.39990234375
2026-05-20,2323.89990234375,2342.0,2317.800048828125,2327.39990234375,2283.7431640625,2537422,0.00012883188299550596,2386.8499755859375,2440.1899853515624,2374.2367794386323,2482.918634779661,27.496125996252758,0.017081982383127928,-56.71302307663427,-50.82658199683004,-5.886441079804229,0.02402316628943102,-0.08315938454057514,-0.7558928789431005,-0.0249073355469664,-0.04622184489113153,0.2998046875,2327.199951171875
2026-05-21,2331.0,2335.89990234375,2314.0,2327.199951171875,2283.546875,3299087,-8.591182446715528e-05,2377.119970703125,2435.581982421875,2369.757081508465,2476.812019736218,27.479245763887064,0.017095902534952186,-53.481518432586654,-51.35756928398137,-2.123949148605284,0.03615313943538512,-0.07716714009371217,0.3001727737837854,-0.021000210400186202,-0.04449943875107341,-0.199951171875,2317.300048828125
2026-05-22,2331.10009765625,2340.0,2308.10009765625,2317.300048828125,2273.83251953125,2617262,-0.004253997314998537,2373.1399780273437,2431.3799853515625,2364.761173634147,2470.5566483280577,30.546042665520133,0.013309602870985274,-51.129972605753665,-51.31204994833583,0.18207734258216846,0.023542424394048078,-0.03320950259032107,-0.20667081528919973,-0.023529977041487127,-0.04691983038880787,-9.89990234375,2308.199951171875
2026-05-25,2325.0,2326.10009765625,2293.0,2308.199951171875,2295.61328125,3298364,-0.003927026049497573,2366.169970703125,2427.281982421875,2359.374390542502,2464.1897190278155,30.023439496288333,0.01218700739587784,-49.430849362371646,-50.935809831143004,1.5049604687713583,0.010949544733113825,-0.0569538081886255,0.26023455045769195,-0.02449951620086853,-0.049059825810260096,-9.10009765625,2276.199951171875
2026-05-26,2308.199951171875,2327.89990234375,2272.39990234375,2276.199951171875,2263.78759765625,3587597,-0.01386361696427274,2357.744970703125,2423.5079833984373,2351.4530153643473,2456.817571268759,25.279491944490573,0.012422959239262017,-50.089019478099544,-50.76645176053431,0.6774322824347649,-0.021872779145013732,-0.06892461380351766,0.0876898365371439,-0.034586022044161883,-0.060782977912866284,-32.0,2284.199951171875
2026-05-27,2275.0,2295.60009765625,2260.89990234375,2284.199951171875,2271.744140625,2653950,0.00351462972129557,2348.219970703125,2420.343984375,2345.047961631731,2450.048252833587,30.202694621891027,0.011984795079624237,-49.39568815021585,-50.49229903847062,1.096610888254773,-0.018561464717933296,-0.07697902927980838,-0.26024299830778097,-0.027263212275671328,-0.056249869473938174,8.0,2284.199951171875
2026-05-28,2284.199951171875,2284.199951171875,2284.199951171875,2284.199951171875,2271.744140625,0,0.0,2338.734973144531,2417.8179833984377,2339.2529130165067,2443.544397866461,30.934248396822625,0.011990129857740006,-48.28956601981963,-50.05175243474043,1.762186414920798,-0.018477140298300165,-0.0766805281782642,-1.0,-0.023318170976564887,-0.0552638921308509,0.0,2258.89990234375
2026-05-29,2291.0,2334.0,2235.0,2258.89990234375,2246.58203125,16331582,-0.011076109521473865,2327.984973144531,2414.811982421875,2331.600245333387,2436.3034372577276,28.5805492855292,0.012055548047457508,-48.890875185772074,-49.819576984946764,0.9287017991746893,-0.025201806090630496,-0.08690731577147115,inf,-0.029675909251022464,-0.06456489416693928,-25.300048828125,2297.39990234375
2026-06-01,2284.0,2335.0,2280.0,2297.39990234375,2284.8720703125,7505095,0.0170436945701109,2321.2899658203123,2412.9259814453126,2328.3430698105644,2430.8562398101208,49.43947680097392,0.012571235933849562,-45.73360031367474,-49.002381650692364,3.2687813370176215,-0.004678991879642713,-0.0550734766566201,-0.5404551132890861,-0.010291718754800155,-0.04787800371413129,38.5,2446.89990234375
2026-06-02,2320.0,2457.39990234375,2316.199951171875,2446.89990234375,2433.556884765625,11306127,0.0650735641833553,2322.2699584960938,2413.047978515625,2339.6341967184867,2431.4854030467336,72.86575726890807,0.019707433906187566,-30.812845353329067,-45.3644743912197,14.551629037890635,0.07499339022654494,0.0080747551276521,0.5064602113630807,0.05366729367173437,0.014028699026924845,149.5,2241.699951171875
2026-06-03,2393.0,2393.0,2224.800048828125,2241.699951171875,2229.475830078125,15660062,-0.0838611955378008,2312.5849609375,2410.7619775390626,2330.3071257140473,2424.0428363065434,49.615448939837286,0.02726323596830576,-35.14087850804117,-43.319755214584,8.17887670654283,-0.018606076923430415,-0.07953517243121533,0.38509517892378176,-0.03065185105108047,-0.07012804579727458,-205.199951171875,2241.0
2026-06-04,2241.699951171875,2253.10009765625,2216.60009765625,2241.0,2228.77978515625,4867263,-0.00031224123973816464,2304.5649658203124,2407.7699755859376,2321.8016851698526,2416.8646858631496,47.877444786708075,0.027165541969534097,-38.18715838361459,-42.29323584839012,4.106077464775531,-0.01891250857864346,-0.06679433200076368,-0.6891926098376877,-0.02758219740517768,-0.06926325075772806,-0.699951171875,2198.89990234375
2026-06-05,2262.89990234375,2271.800048828125,2192.0,2198.89990234375,2186.9091796875,5019717,-0.018786299712739818,2294.7899658203123,2404.07197265625,2310.0967534721285,2408.3170472937613,42.53585477976542,0.027390916065805283,-43.49707595234213,-42.53400386918052,-0.963072083161606,-0.02656160192744539,-0.08164885064046135,0.03132232632590437,-0.041785986911566764,-0.0853435640222561,-42.10009765625,2151.39990234375
2026-06-08,2170.0,2177.0,2143.300048828125,2151.39990234375,2139.668212890625,6536734,-0.02160171090524443,2282.7149658203125,2399.1239697265623,2294.982767650378,2398.241865138859,34.54159284736029,0.027659713547346452,-50.95074839561994,-44.21735277446841,-6.73339562115153,-0.06355010281451412,-0.100923569666855,0.3022116585456909,-0.057525825800757976,-0.10325605117064728,-47.5,2151.0
2026-06-09,2174.0,2174.0,2132.800048828125,2151.0,2139.2705078125,4148655,-0.000185880060380339,2275.249963378906,2394.5959716796874,2281.2701231122464,2388.546105721649,34.48276454513983,0.026501957435422007,-56.24178598520393,-46.62223941661552,-9.619546568588412,-0.12092848671918444,-0.06490459751291366,-0.36533213681327714,-0.0546093683677666,-0.10172737888171474,-0.39990234375,2153.89990234375
2026-06-10,2151.300048828125,2180.800048828125,2144.800048828125,2153.89990234375,2142.154541015625,2848650,0.001348164734425783,2269.3049560546874,2389.87796875,2269.139625896199,2379.344293824476,34.82751766076372,0.02643251311468661,-59.514922530986496,-49.20077603948972,-10.314146491496778,-0.03916672647569386,-0.05231438926872645,-0.31335577434132267,-0.05085480177665302,-0.09874063424655771,2.89990234375,2135.60009765625
2026-06-11,2127.0,2154.60009765625,2110.0,2135.60009765625,2123.95458984375,3079815,-0.008496125872695992,2263.7849609375,2385.41197265625,2256.4215755876326,2369.7856978963105,34.322689584017056,0.026380750821316475,-62.860926494565774,-51.93280613050493,-10.928120364060845,-0.04703253116633199,-0.049154008167297425,0.08114896529935223,-0.056624134135145374,-0.10472483489794199,-18.2998046875,2161.39990234375
2026-06-12,2150.0,2168.0,2138.0,2161.39990234375,2149.61376953125,2124656,0.012080822020852366,2258.6549560546873,2380.4759716796875,2247.3718924215486,2361.6137059138573,37.688679882704285,0.026478954393876725,-62.7079716591129,-54.08783923622653,-8.620132422886371,-0.0170539822936141,-0.045318064335799435,-0.3101351866914084,-0.043058836167175304,-0.09203036365091107,25.7998046875,2162.0
2026-06-15,2192.0,2192.0,2159.300048828125,2162.0,2150.21044921875,3337083,0.00027764304773003623,2252.5949584960936,2374.70197265625,2239.2412360004487,2353.7857174466476,39.89022308539871,0.02637174937095373,-61.82564345181663,-55.635400079344556,-6.190243372472075,0.004927069878873924,-0.05308337148030684,0.5706462599121929,-0.04021804193177177,-0.08956996503368785,0.60009765625,2199.0
2026-06-16,2167.0,2209.0,2160.60009765625,2199.0,2187.0087890625,3079898,0.017113783533765137,2246.1899536132814,2369.203974609375,2235.4087373337393,2347.7156893114848,42.82586609752558,0.026284659314411422,-57.47822797941308,-56.003965659358265,-1.4742623200548124,0.02231520223152028,-0.055047093928304425,-0.07706880530091698,-0.02100888820082665,-0.07184015240284984,37.0,2223.0
2026-06-17,2209.0,2231.0,2200.699951171875,2223.0,2210.8779296875,2865010,0.01091405184174632,2240.9699584960936,2362.8679736328127,2234.226952825764,2342.824877965936,45.04694118609434,0.026451397003147754,-51.50258078047045,-55.10368868358071,3.601107903110254,0.032081387617437285,-0.04485688180987579,-0.06977114177157817,-0.00801883060857859,-0.05919415523575419,24.0,2203.300048828125
2026-06-18,2209.0,2214.0,2182.0,2203.300048828125,2191.285400390625,3735188,-0.008861876370614086,2234.7749633789062,2355.7499755859376,2231.281533397417,2337.3533160389634,45.45900830645139,0.026491534386460597,-47.80538798839507,-53.64402854454359,5.838640556148519,0.03170066870018107,-0.05323990415235247,0.303725990485199,-0.014084153915520968,-0.06471396724514207,-19.699951171875,2125.0
2026-06-19,2105.0,2138.0,2059.89990234375,2125.0,2113.412353515625,13286502,-0.03553762406067695,2225.1599609375,2346.4699755859374,2221.159482597663,2329.0257350178276,36.779138692199105,0.027511143076681017,-50.61009396393138,-53.03724162842115,2.427147664489773,-0.016840892009053587,-0.08298452715494153,2.557117339207558,-0.045012476718887494,-0.0943843210824098,-78.300048828125,2127.800048828125
2026-06-22,2132.199951171875,2157.0,2121.0,2127.800048828125,2116.197021484375,4566101,0.001317670036764751,2216.1399658203127,2338.5399755859376,2212.2681079529452,2321.1345316378392,18.424685233223826,0.027536429971940998,-52.00739424948506,-52.831272152633936,0.8238779031488761,-0.015818663816778433,-0.07815609832768644,-0.656335354482316,-0.0398620657335099,-0.09011602493774355,2.800048828125,2059.60009765625
2026-06-23,2111.0,2114.0,2055.0,2059.60009765625,2048.368896484375,6392736,-0.0320518608923972,2205.3099731445313,2330.2799755859373,2197.7282974484983,2310.8782793248356,25.278296117808097,0.02818269080363007,-57.94992027325043,-53.85500177675724,-4.094918496493186,-0.06339240670475221,-0.09515853534928298,0.40004261841777033,-0.06607228791538768,-0.11615766378528238,-68.199951171875,2109.0
2026-06-24,2061.0,2120.699951171875,2061.0,2109.0,2097.49951171875,4747277,0.023985191299983555,2196.5499755859373,2321.3619775390625,2189.277983405784,2302.961484057195,34.172643337646306,0.028856732133870536,-58.00461460321503,-54.6849243420488,-3.3196902611662296,-0.05128205128205132,-0.07670079455259216,-0.2573951122023497,-0.03985794840046062,-0.09148163000593001,49.39990234375,2094.699951171875
2026-06-25,2133.60009765625,2148.5,2088.0,2094.699951171875,2083.27734375,4738903,-0.006780487827465653,2187.0749755859374,2311.717978515625,2180.2705517644595,2294.7943651205155,36.61355408895338,0.02885227865896187,-58.52718967305782,-55.45337740825061,-3.0738122648072093,-0.04928974504131267,-0.08296121357623698,-0.0017639585808875147,-0.04223678906541112,-0.0938773800959489,-14.300048828125,2094.699951171875
2026-06-26,2094.699951171875,2094.699951171875,2094.699951171875,2094.699951171875,2083.27734375,0,0.0,2178.8649780273436,2301.9819775390624,2172.120970755642,2286.947525357824,41.703242566988735,0.028813962865375554,-58.269638064837636,-56.01662953956802,-2.253008525269614,-0.014258846507352985,-0.072690228992222,-1.0,-0.03862792219996495,-0.09004502571683147,0.0,2097.89990234375
2026-06-29,2090.0,2105.0,2071.0,2097.89990234375,2086.4599609375,3412470,0.00152764178472653,2168.8899780273437,2292.3479736328127,2165.0522975735566,2279.533893082762,42.293153422580026,0.028441998462317777,-57.14854439722376,-56.243012511099174,-0.9055318861245851,-0.014052141083859104,-0.08683729802394224,inf,-0.03273106354069689,-0.08482484924874206,3.199951171875,2031.5
2026-06-30,2090.0,2104.300048828125,2018.800048828125,2031.5,2020.422119140625,6848411,-0.03165065324116212,2148.119982910156,2280.7679736328123,2152.33303113798,2269.807073746183,34.99999401615398,0.023916722251815573,-60.91578750104736,-57.17756750908882,-3.7382199919585446,-0.013643472676189372,-0.16976579301256312,1.0068780091839633,-0.05428932454329933,-0.10929124598140412,-66.39990234375,1982.5999755859375
2026-07-01,2039.9000244140625,2052.0,1976.800048828125,1982.5999755859375,1971.788818359375,4658295,-0.024070895601310593,2135.1649841308595,2269.649973144531,2136.1679782282617,2258.5440502889182,32.55811493931688,0.016717068005505785,-67.07399088321563,-59.15685218391418,-7.9171386993014465,-0.059933629404486766,-0.11558191605905599,-0.3197991475686842,-0.07145349875949988,-0.1264732451942334,-48.9000244140625,2068.10009765625
2026-07-02,2008.0,2076.89990234375,2002.5,2068.10009765625,2056.82275390625,6040621,0.043125251247440266,2126.519989013672,2260.5759741210936,2129.6853229356893,2251.075659989598,40.63819029248367,0.019993880297911007,-64.31389558006686,-60.18826086314472,-4.125634716922136,-0.012698646171612205,-0.07715301309404288,0.29674505371600546,-0.027472063116847703,-0.0851446174197608,85.5001220703125,2093.5
2026-07-03,2100.0,2116.60009765625,2085.0,2093.5,2082.083984375,4028819,0.012281756754682904,2121.2499938964843,2254.5079760742187,2126.239101703719,2244.896222342947,43.45249290937204,0.01997650913168711,-59.392302827043295,-60.02906925592444,0.6367664288811454,-0.000572851100322791,-0.04793301515517234,-0.33304555938867875,-0.013081906411941027,-0.0714160152826704,25.39990234375,2057.60009765625
2026-07-06,2090.0,2093.0,2050.60009765625,2057.60009765625,2046.3798828125,2567386,-0.017148269569500885,2116.5600036621095,2246.7079760742185,2119.702053699198,2237.551276276802,36.455941716777104,0.019773391965742418,-57.72332860264305,-59.56792112526817,1.8445925226251205,-0.019209593671498548,-0.043599427789000944,-0.3627447646568387,-0.027856477446349736,-0.08417109852808102,-35.89990234375,2096.10009765625
2026-07-07,2050.0,2122.699951171875,2049.0,2096.10009765625,2084.669921875,4769048,0.018711118863113496,2113.815008544922,2239.7359790039063,2117.4542483617743,2232.004171232859,38.173349478931314,0.02031086307202198,-52.68668693278323,-58.19167428677119,5.504987353987957,0.03179921125092289,-0.02552296715190605,0.8575500528553166,-0.00838053983771565,-0.0641307201804815,38.5,2057.5
2026-07-08,2094.0,2109.699951171875,2048.800048828125,2057.5,2046.2803955078125,3666985,-0.018415197680402118,2108.995013427734,2231.391979980469,2111.744319946367,2225.160870400198,36.87431810729002,0.02066340986308243,-51.219392139143565,-56.79721785724566,5.577825718102098,0.037778687247247866,-0.04475598064647901,-0.23108658164061258,-0.024416849304939665,-0.0779298220754522,-38.60009765625,2049.5
2026-07-09,2057.5,2065.0,2016.0,2049.5,2038.323974609375,3791498,-0.003888213851761857,2104.690008544922,2222.903981933594,2105.8162894752845,2218.2722088158766,42.21809701107567,0.020613780430833634,-50.124282062769,-55.46263069835034,5.33834863558134,-0.008993809186184532,-0.04031658256184856,0.03395514298531355,-0.02622239299889944,-0.07800785969295823,-8.0,2069.0
2026-07-10,2105.199951171875,2133.300048828125,2064.60009765625,2069.0,2057.717529296875,6714551,0.009514515735545181,2100.0700134277345,2214.805983886719,2102.309976191924,2212.41839670545,44.14108492282662,0.020530296029853828,-47.1395173925298,-53.798008037186236,6.658490644656439,-0.011702889897301172,-0.04275002614905021,0.7709493714621503,-0.014794751236422822,-0.06583239568047711,19.5,2181.5
2026-07-13,2075.0,2204.89990234375,2065.10009765625,2181.5,2169.604248046875,12382622,0.054374093765103826,2101.0450134277344,2209.809982910156,2109.8518832212644,2211.2059105601384,61.1609535837627,0.024097314643663846,-35.289465102256145,-50.09629945020022,14.806834347944076,0.06021573506187172,0.00901942645698428,0.8441474344300908,0.03829284287489297,-0.012811048519598944,112.5,2200.60009765625
2026-07-14,2182.89990234375,2228.0,2179.0,2200.60009765625,2188.60009765625,9546290,0.008755488267820244,2101.1250183105467,2205.2759838867187,2118.494570310311,2210.789996328613,58.87941925018826,0.02386949265449375,-24.07942243955131,-44.89292404807044,20.813501608519132,0.04985448935231984,0.0007276478655069418,-0.2290574645660669,0.04734372228154625,-0.002120317939629306,19.10009765625,2189.199951171875
2026-07-15,2174.10009765625,2202.89990234375,2145.39990234375,2189.199951171875,2189.199951171875,5426489,-0.005180471679755327,2099.4350158691404,2200.3519848632814,2125.2284161066505,2209.9433278910938,59.21231945903517,0.023764071048484957,-15.93162950382657,-39.10066513922167,23.169035635395097,0.0640096968028554,-0.01520470032754162,-0.43156042818728535,0.04275671055508854,-0.0050682953309850965,-11.400146484375,2201.0
2026-07-16,2206.0,2231.39990234375,2187.800048828125,2201.0,2201.0,5197595,0.0053901192633447614,2099.3200134277345,2196.3439868164064,2132.4447574298265,2209.592609150267,60.12959874779683,0.023713749857795573,-8.425159582096967,-32.96556402779673,24.540404445699764,0.07392046840692856,-0.001043910850611729,-0.04218086501234963,0.04843472454027824,0.002119892517538868,11.800048828125,2269.0
2026-07-17,2224.800048828125,2275.0,2215.10009765625,2269.0,2269.0,5615138,0.030895047705588263,2106.5200134277343,2193.8359887695315,2145.450018626986,2211.9223107522175,64.51230083082325,0.02308692743269669,2.976492460079953,-25.777152730221395,28.75364519030135,0.0966650555824069,0.06776470588235295,0.08033388519113172,0.07713194535848625,0.0342614541903956,68.0,2251.10009765625
2026-07-20,2280.10009765625,2283.39990234375,2245.10009765625,2251.10009765625,2251.10009765625,2202693,-0.007888894818752767,2112.6850158691404,2190.9999926757814,2155.5119309154875,2213.4586945523756,70.29574848021402,0.023224829519160675,10.44757814706918,-18.53220655476328,28.97978470183246,0.03190469752750391,0.05794719710436702,-0.6077223747662124,0.06551619420189185,0.02743044508506397,-17.89990234375,2221.10009765625
2026-07-21,2245.10009765625,2259.89990234375,2218.5,2221.10009765625,2221.10009765625,2382160,-0.013326817421950632,2120.7600158691407,2189.415993652344,2161.7584229860363,2213.7583574191945,72.84045409856571,0.022083669696218448,13.788769746310663,-12.068011294548493,25.856781040859154,0.009315640775365619,0.07841328041486362,0.0814761748459727,0.047313265544563464,0.014471486504056897,-30.0,2208.300048828125
2026-07-22,2216.0,2226.800048828125,2201.0,2208.300048828125,2208.300048828125,1599665,-0.005762932000062393,2125.725018310547,2188.125993652344,2166.1909587805208,2213.5443061018973,65.5985653619218,0.021665356747786975,15.228288958899611,-6.6087512438588725,21.837040202758484,0.008724693076128442,0.04708394918355863,-0.32848129428753736,0.03884558435653438,0.00921978681040544,-12.800048828125,2242.89990234375
2026-07-23,2204.0,2250.0,2193.60009765625,2242.89990234375,2242.89990234375,2503539,0.015668094348857187,2133.1350158691407,2188.0639916992186,2173.4965724532094,2214.695505954519,66.28869063779995,0.02173936850480078,18.942677922044368,-1.4984654106782243,20.441143332722593,0.019036757084847755,0.07074996640400211,0.565039555156861,0.05145707405205471,0.02506138342048517,34.599853515625,2254.300048828125
2026-07-24,2205.10009765625,2264.300048828125,2205.10009765625,2254.300048828125,2254.300048828125,3211699,0.00508277095757248,2141.115020751953,2187.8699926757813,2181.1921416317728,2216.248625282896,72.65604656721455,0.02172421238216241,22.546354146372323,3.3104985007318852,19.235855645640438,-0.006478603425242424,0.07619234323606205,0.28286357831853226,0.05286265659675846,0.030362890105320766,11.400146484375,2295.60009765625
2026-07-27,2286.0,2315.0,2272.39990234375,2295.60009765625,2295.60009765625,4007292,0.01832056422550954,2151.000030517578,2188.117995605469,2192.0881374436276,2219.36044772891,72.8312910998556,0.021951048377361535,28.40739948053806,8.329878696693122,20.07752078384494,0.01976811250922661,0.09423719172284217,0.24771717399420057,0.06722457698146936,0.0491207979947352,41.300048828125,2398.0
2026-07-28,2325.0,2417.39990234375,2323.0,2398.0,2398.0,8248513,0.04460702996497412,2169.325030517578,2189.5359936523437,2211.6987910204252,2226.365920366992,84.00238338108548,0.021920386847587105,40.844308695918244,14.832764696538147,26.011543999380095,0.07964517336720589,0.18040856509968006,1.0583758308603417,0.10541295853109786,0.09520921645134481,102.39990234375,2446.60009765625
2026-07-29,2440.0,2475.5,2415.10009765625,2446.60009765625,2446.60009765625,7169419,0.020266929798269384,2192.525036621094,2191.919997558594,2234.070344033361,2235.002554770492,86.68020346694834,0.020652818742674005,53.999794547259626,22.666170666682444,31.333623880577182,0.10791108253363646,0.2340361786462657,-0.13082285255536363,0.11588239896530979,0.11619041770745471,48.60009765625,2431.800048828125
2026-07-30,2440.0,2495.0,2423.0,2431.800048828125,2431.800048828125,4901582,-0.006049230866255084,2210.7100341796877,2194.011999511719,2252.901744490005,2242.720103557066,83.80542468657796,0.019492601408940224,62.51078618185329,30.63509376971661,31.87569241213668,0.08422138958897851,0.17586187031471612,-0.31632089015860276,0.1000085996038262,0.10838046891690943,-14.800048828125,2365.60009765625
2026-07-31,2385.0,2391.0,2326.10009765625,2365.60009765625,2365.60009765625,4343683,-0.027222612814641778,2224.3150390625,2194.9780004882814,2263.6349209820282,2247.5389268550734,68.77421860606393,0.021011350667110667,63.18566060342937,37.14520713645916,26.040453466970206,0.04937233128570573,0.12997377485371397,-0.1138201911138077,0.06351845674401341,0.07773294180170054,-66.199951171875,2473.699951171875
2026-08-03,2383.89990234375,2473.699951171875,2383.0,2473.699951171875,2473.699951171875,3036839,0.04569658820302136,2245.1200317382813,2198.2880004882813,2283.641114333442,2256.407986632203,73.57153724292644,0.02199095204470473,71.61769399931927,44.03970450903118,27.57798949028809,0.07758313553717855,0.20222581345597312,-0.3008608132775803,0.10181189255017957,0.12528474459325595,108.099853515625,2460.0
2026-08-04,2463.10009765625,2467.39990234375,2435.10009765625,2460.0,2460.0,2792792,-0.005538242892144218,2263.3150268554687,2201.964001464844,2300.437198682638,2264.3919871564303,73.28061528826106,0.02212315270983174,76.3149583157292,50.49475527037079,25.82020304535841,0.025854879065888348,0.17360807470532724,-0.0803621792264918,0.08690128011821453,0.11718447638721573,-13.699951171875,2413.0
2026-08-05,2460.0,2460.89990234375,2408.0,2413.0,2413.0,3014409,-0.019105691056910623,2281.0900268554688,2204.540002441406,2311.157465474768,2270.219752365982,67.18547885301368,0.022167474605731582,75.37617727228144,55.47103967075292,19.905137601528516,-0.013733383599729976,0.17278250303766707,0.07935320639703924,0.05782760504475659,0.0945594080069928,-47.0,2373.0
2026-08-06,2417.0,2434.5,2368.5,2373.0,2373.0,2729141,-0.016576875259013635,2297.265026855469,2206.3160034179687,2317.047230667647,2274.250350312414,58.83152466866026,0.022707559425602142,70.59079409268861,58.49499055514006,12.095803537548548,-0.02417963962804448,0.1578433764332765,-0.0946348023775141,0.03296745140816349,0.07554855982724538,-40.0,2452.699951171875
2026-08-07,2375.0,2457.699951171875,2375.0,2452.699951171875,2452.699951171875,4547979,0.03358615725742742,2316.4500244140627,2210.192004394531,2329.9665373823354,2281.24837387553,65.4933829470024,0.023440707382432785,72.39493962560482,61.27498036923302,11.1199592563718,0.03681934812309162,0.1854518855349807,0.6664507257045349,0.05881841840826081,0.10972256993743743,79.699951171875,2425.699951171875
2026-08-10,2452.699951171875,2472.89990234375,2423.5,2425.699951171875,2425.699951171875,2322023,-0.011008276812293993,2328.660021972656,2212.7580053710935,2339.0840053622915,2286.9131416126415,65.79678040420438,0.021202578648111453,70.82958424967774,63.18590114532197,7.643683104355766,-0.019404131846006978,0.11194130239370836,-0.4894384956482869,0.04167200376335503,0.09623372518996706,-27.0,2445.699951171875
2026-08-11,2438.0,2456.60009765625,2428.0,2445.699951171875,2445.699951171875,1514105,0.008245042834064353,2340.9150146484376,2212.7340063476563,2349.237904963204,2293.1400753208472,68.12767052191226,0.021198799105644497,70.39143306626238,64.62700752951005,5.764425536752327,-0.005813027978912588,0.1113786433876236,-0.3479371220698503,0.044762383883113405,0.10528420684813933,20.0,2349.699951171875
2026-08-12,2445.699951171875,2445.800048828125,2300.10009765625,2349.699951171875,2349.699951171875,7022647,-0.03925256651127662,2348.9400146484377,2214.894006347656,2349.2819093640296,2295.3581096679463,57.456021789262515,0.023361463841697204,61.587850993031225,64.01917622221428,-2.4313252291830594,-0.026232925332832613,0.07331445440334705,3.6381505906129368,0.00032352317160004476,0.060863384179052814,-96.0,2375.0
2026-08-13,2349.699951171875,2375.0,2332.300048828125,2375.0,2375.0,2123494,0.010767353004159874,2357.6400146484375,2217.5740063476565,2351.73125132936,2298.481321053517,58.265989274663774,0.0234116003293345,56.00683929239494,62.41670883625042,-6.4098695438554785,0.0008428150021071446,0.0790549750113585,-0.6976219935303597,0.00736328923996107,0.07099018711516379,25.300048828125,2361.0
2026-08-14,2375.10009765625,2390.0,2333.39990234375,2361.0,2361.0,2232160,-0.005894736842105286,2362.2400146484374,2220.816008300781,2352.6139892979922,2300.933033953379,54.65281164760924,0.022625100873242224,49.879188082012206,59.909204685402784,-10.030016603390578,-0.03738734985829051,0.04054649625385642,0.051173207929949394,-0.0005249316922700403,0.06312274009879743,-14.0,2313.199951171875
2026-08-17,2351.0,2361.10009765625,2310.60009765625,2313.199951171875,2313.199951171875,2237636,-0.020245679300349373,2365.345007324219,2224.0520092773436,2348.8602713812193,2301.414089530575,43.458804750384836,0.02308012940487862,40.696788645058405,56.066721477333914,-15.36993283227551,-0.046378365941612154,0.027586446991087143,0.0024532291592000988,-0.022045433537550868,0.040083568874586736,-47.800048828125,2280.0
2026-08-18,2300.0,2307.0,2280.0,2280.0,2280.0,1797822,-0.014352391437262413,2368.290002441406,2226.632009277344,2342.302150297294,2300.57432131369,36.83627140667946,0.023116179981138813,30.390390831511013,50.93145534816934,-20.541064516658324,-0.06775154535718031,0.026518346654391012,-0.19655296929438026,-0.03728006382258523,0.023968033559338204,-33.199951171875,2289.0
2026-08-19,2293.60009765625,2308.199951171875,2258.300048828125,2289.0,2289.0,3368922,0.003947368421052699,2372.325,2229.3340112304686,2337.225755030885,2300.120426360212,38.61243186351794,0.023056140946419508,22.68719720743229,45.282603720021925,-22.595406512589634,-0.025833064830938057,0.03654392491396252,0.8738907411301007,-0.035123770984161036,0.026764041847905547,9.0,2298.0
2026-08-20,2319.39990234375,2329.0,2288.10009765625,2298.0,2298.0,2047848,0.003931847968545288,2375.0800048828123,2232.582009277344,2333.489968837467,2300.037272385302,44.068083465444104,0.022839555266114166,17.1113367075709,39.64835031753172,-22.537013609960823,-0.032421052631578906,0.024566454168851948,-0.39213552584476574,-0.03245364565587149,0.029301495063032923,9.0,2302.0
2026-08-21,2290.10009765625,2307.199951171875,2263.300048828125,2302.0,2302.0,2066749,0.0017406440382941035,2377.4650024414063,2235.3940112304685,2330.49092418628,2300.1142420956826,31.565388750866973,0.022823877154629506,12.86687236485841,34.29205472699706,-21.42518236213865,-0.02498941126641252,0.02115953960816852,0.009229688922224755,-0.031741793197339066,0.02979608446426333,4.0,2284.10009765625
2026-08-24,2302.39990234375,2321.60009765625,2279.5,2284.10009765625,2284.10009765625,1542723,-0.007775804667137232,2376.890002441406,2237.836013183594,2326.072750231039,2299.4862364313913,31.283258257088093,0.022543432534413984,7.966893876737686,29.027022556945187,-21.0601286802075,-0.012579912731228826,-0.005009583338030477,-0.2535508666025724,-0.039038367231907053,0.02067358117400204,-17.89990234375,2296.199951171875
2026-08-25,2305.0,2313.5,2262.0,2296.199951171875,2296.199951171875,3041609,0.0052974269945702535,2371.8,2239.780012207031,2323.2277217492137,2299.3573624996457,36.57469949639654,0.020021064608295332,5.002319058211015,24.222081857198354,-19.21976279898734,0.0071052417420505165,-0.042452063731495016,0.971584659073599,-0.03187454626365004,0.025189946627503308,12.099853515625,2270.0
2026-08-26,2305.10009765625,2306.300048828125,2266.39990234375,2270.0,2270.0,1660737,-0.011410134887644974,2362.9699951171874,2240.7200122070312,2318.1584149159553,2298.2060933820126,37.77302093513113,0.019412460216546336,0.5326153996920766,19.4841885656971,-18.951573166005023,-0.00830056793359546,-0.07218184035283337,-0.4539939222957323,-0.039344551691007285,0.0130672228718701,-26.199951171875,2248.39990234375
2026-08-27,2270.0,2283.60009765625,2243.89990234375,2248.39990234375,2248.39990234375,1709113,-0.009515461522577096,2353.7999877929688,2241.6220092773438,2311.514747051936,2296.252909419728,21.86723612664119,0.019451278225090553,-4.698443580553885,14.647662136446904,-19.34610571700079,-0.021584028571040026,-0.07541744502092385,0.029129235995825953,-0.04477869232553048,0.0030236556557505043,-21.60009765625,2342.0
2026-08-28,2272.0,2348.5,2263.300048828125,2342.0,2342.0,4054069,0.04162964851523099,2352.619982910156,2245.962009277344,2314.4181044755614,2298.046912971896,40.26065153793839,0.02109857549505267,-1.2766336400136424,11.462802981154795,-12.739436621168437,0.017376194613379692,-0.009976368228777122,1.3720309891739166,-0.004514108945474189,0.04276029172619758,93.60009765625,2399.300048828125
2026-08-31,2342.0,2399.300048828125,2306.199951171875,2399.300048828125,2399.300048828125,2905846,0.024466288995783625,2348.8999877929687,2251.3920092773437,2322.5020991758056,2302.017624181944,45.03213037004818,0.01910269671815953,5.989764181627379,10.368195221249312,-4.378431039621933,0.05043559662296904,-0.030076364883503404,-0.2832272958353693,0.021456878239636053,0.06569626210863966,57.300048828125,2369.0
2026-09-01,2355.0,2372.0,2325.0,2369.0,2369.0,2678034,-0.01262870345996292,2344.349987792969,2257.580007324219,2326.930470682872,2304.6443840179463,52.40469056563599,0.01924968355168887,9.197453574896372,10.134046891978723,-0.9365933170823517,0.03170457729126386,-0.03699186991869918,-0.07839782287154928,0.010514646846837583,0.04935372935369002,-30.300048828125,2348.0
2026-09-02,2347.89990234375,2363.0,2303.5,2348.0,2348.0,2533005,-0.008864499788940439,2341.099987792969,2262.3600073242187,2328.9370925225985,2306.3446042525366,46.59949622166247,0.01889547727462005,9.930572574466623,10.093352028476303,-0.16277945400968008,0.03436123348017617,-0.02693742229589724,-0.054155025664349266,0.002947337680154334,0.0378542727057269,-21.0,2320.10009765625
2026-09-03,2353.60009765625,2353.60009765625,2316.10009765625,2320.10009765625,2320.10009765625,1892786,-0.01188241156037051,2338.4549926757813,2266.868010253906,2328.0954739638987,2306.8840353664077,45.02313068092018,0.018722720809146325,8.166151403409458,9.707911903462934,-1.541760500053476,0.03188943178558179,-0.02229241565265483,-0.25275078414768226,-0.007849154709849138,0.023482658523370118,-27.89990234375,2304.0
2026-09-04,2330.0,2363.89990234375,2302.39990234375,2304.0,2304.0,2564322,-0.006939397861546626,2331.0199951171876,2271.054011230469,2325.800666919718,2306.7709359402743,48.78692611332839,0.016890341142581162,5.40637031500728,8.847603585771804,-3.441233270764524,-0.016225448334756587,-0.060627045350911235,0.35478707048763036,-0.011591490066059777,0.01450691555841987,-16.10009765625,2270.0
2026-09-07,2290.10009765625,2299.89990234375,2260.10009765625,2270.0,2270.0,2297551,-0.01475694444444442,2323.234997558594,2274.4960131835937,2320.4863176892686,2305.3289384524205,48.68421052631579,0.017004450305349403,0.4702868945778391,7.172140247533011,-6.701853352955172,-0.053890737380378195,-0.06418763833369212,-0.10403178695967197,-0.02291416822428068,-0.0019767074365193977,-34.0,2255.5
2026-09-08,2270.0,2274.5,2244.0,2255.5,2255.5,2148114,-0.006387665198237857,2313.725,2278.9760131835938,2314.297144576005,2303.3748624346786,45.654993514915695,0.0168008198192897,-4.559069482049381,4.825898301616532,-9.384967783665914,-0.04791051076403541,-0.07776912743557907,-0.0650418641414271,-0.02516504770445922,-0.010301123420250115,-14.5,2208.0
2026-09-09,2237.0,2237.0,2193.199951171875,2208.0,2208.0,3370071,-0.02105963201064065,2306.640002441406,2283.484013671875,2304.1736069973376,2299.6346717509655,39.386792452830186,0.015202860112831862,-12.23666699100795,1.4133852430916356,-13.650052234099586,-0.05962521294718914,-0.06030555139655358,0.5688510944949849,-0.04276350116923447,-0.03305651067400972,-47.5,2204.10009765625
2026-09-10,2199.0,2232.0,2190.60009765625,2204.10009765625,2204.10009765625,2490912,-0.0017662601194520233,2298.095007324219,2286.204013671875,2294.6427965839007,2295.8882178648983,38.45247406257235,0.014860091039498141,-18.4235328389409,-2.5539983733148715,-15.869534465626028,-0.049997842815998506,-0.071957853618421,-0.2608725454152153,-0.04090122878662514,-0.035912768731325054,-3.89990234375,2200.800048828125
2026-09-11,2185.5,2232.60009765625,2185.5,2200.800048828125,2200.800048828125,2634124,-0.0014972318324535383,2290.085009765625,2288.3500146484375,2285.7053920357316,2292.1592700595347,39.8240851587212,0.01485724679712058,-23.324089374591495,-6.708016573570196,-16.616072801021296,-0.04479164547390413,-0.06785258414734219,0.05749380146709315,-0.038987618606628735,-0.03825899240058473,-3.300048828125,2200.800048828125
2026-09-14,2200.800048828125,2200.800048828125,2200.800048828125,2200.800048828125,2200.800048828125,0,0.0,2284.4650146484373,2291.214013671875,2277.6191688731024,2288.5765555014405,37.99095475410158,0.014329664224860608,-26.89775515751353,-10.745964290358863,-16.151790867154666,-0.030484559987610127,-0.04859065567886067,-1.0,-0.03662343931022632,-0.039461160897341696,0.0,2251.0
2026-09-15,2275.5,2323.0,2251.0,2251.0,2251.0,5406210,0.02280986462109791,2283.0150146484375,2294.31201171875,2275.084009932807,2287.1029650896194,47.7445404570737,0.015086444949299845,-25.386554122929283,-13.674082256872946,-11.712471866056337,-0.001995123032586976,-0.012719298245614019,inf,-0.014023129258029652,-0.018877995450280297,50.199951171875,2188.800048828125
2026-09-16,2270.0,2273.89990234375,2172.0,2188.800048828125,2188.800048828125,2763709,-0.027632141791148368,2278.005017089844,2296.9380126953124,2266.8664898275993,2283.247948765639,43.54700658143421,0.01620402609789861,-28.875078714980646,-16.714281548494487,-12.160797166486159,-0.008695630059725956,-0.043774552718162996,-0.48878992861912507,-0.039159250130045134,-0.04707918248968952,-62.199951171875,2190.0
2026-09-17,2171.0,2263.60009765625,2162.5,2190.0,2190.0,3295917,0.0005482232936340203,2272.605017089844,2299.7480126953124,2259.54587174878,2279.5911664611044,29.426090933484545,0.016155192786744356,-31.18346992621082,-19.608119224037754,-11.575350702173065,-0.0063972129356754115,-0.04699738903394257,0.19257020185554996,-0.03634816277736756,-0.04772175563995262,1.199951171875,2105.0
2026-09-18,2177.199951171875,2177.300048828125,2101.199951171875,2105.0,2105.0,6875428,-0.038812785388127824,2262.755017089844,2300.4680126953126,2244.8272172965153,2272.744454050865,12.943823043170042,0.018056878720984618,-39.4172981409788,-23.569955007425964,-15.847343133552837,-0.04352964681145677,-0.08557775847089488,1.086044035696287,-0.06971811614530615,-0.08496880270301829,-85.0,
