Date,Open,High,Low,Close,Adj Close,Volume,Daily_Return,SMA_20,SMA_50,EMA_20,EMA_50,RSI_14,Volatility_20,MACD,MACD_Signal,MACD_Histogram,Return_5D,Return_20D,Volume_Change,Price_vs_SMA20,Price_vs_SMA50,Price_Change,Target
2024-11-29,1708.0,1730.0,1700.5,1712.300048828125,1621.99951171875,1556942,-0.0006127917662901439,1686.705010986328,1666.0670043945313,1701.781021277223,1673.6719558454556,60.550782930830465,0.019934927353423927,18.234935757433277,15.759674566701442,2.4752611907318354,-0.0201149694274092,0.01623199409408449,-0.12922219922930223,0.015174578645989706,0.02774981096897441,-1.0499267578125,1745.949951171875
2024-12-02,1710.0,1748.0,1705.9000244140625,1745.949951171875,1653.8748779296875,1370756,0.01965187255982359,1693.5700073242188,1668.8780029296875,1705.9875860290947,1676.506387034727,60.993871969067754,0.017085263896245477,19.508457752785944,16.509431203918343,2.999026548867601,0.007705168979598387,0.08535102394806038,-0.11958441611826265,0.030928714857447626,0.04618189472621068,33.64990234375,1749.5
2024-12-03,1760.0,1761.0,1737.5999755859375,1749.5,1657.2376708984375,1824151,0.0020333050358873894,1700.8625061035157,1671.9610034179686,1710.1316254548954,1679.368881660816,58.258966979427,0.01700735674317519,20.56710756731104,17.320966476596883,3.2461410907141577,0.002349017720057578,0.09094875650267142,0.33076273239000953,0.028595782270436042,0.04637607959965536,3.550048828125,1759.5999755859375
2024-12-04,1742.0999755859375,1774.5999755859375,1740.5999755859375,1759.5999755859375,1666.804931640625,1811165,0.00577306406741207,1706.9225036621094,1674.712001953125,1714.842896895947,1682.5151990696445,63.57009508711261,0.016527351195755817,21.967847126089737,18.250342606495455,3.717504519594282,0.0015937651866984037,0.07397457847037048,-0.007118928202763941,0.030861079990926025,0.050688102511842165,10.0999755859375,1786.949951171875
2024-12-05,1759.5999755859375,1793.949951171875,1755.0999755859375,1786.949951171875,1692.712646484375,2762694,0.015543291637538204,1714.6375,1678.3080004882813,1721.7102353984164,1686.610679544242,69.64191968978747,0.016638415455923195,24.996711247360736,19.59961633466851,5.397094912692225,0.04295676693885464,0.09450888093006271,0.5253684782998789,0.04217360880761966,0.06473302317094702,27.3499755859375,1782.800048828125
2024-12-06,1797.0,1797.0,1775.5999755859375,1782.800048828125,1688.7816162109375,1180840,-0.0023223383178854196,1719.1,1681.222001953125,1727.5283128679125,1690.3828116730217,67.283306147533,0.014804731248103584,26.753843790765586,21.030461825887926,5.72338196487766,0.0411726905271359,0.052699948290136245,-0.5725766226733761,0.037054300987798904,0.060419175312358346,-4.14990234375,1777.8499755859375
2024-12-09,1779.0999755859375,1800.75,1771.199951171875,1777.8499755859375,1684.0926513671875,1069659,-0.0027765723057060487,1725.4424987792968,1684.7240014648437,1732.3208521743911,1693.812896532352,73.04587626066103,0.013369890928036724,27.430749840600356,22.31051942883041,5.1202304117699455,0.018270869902456965,0.07683220810777569,-0.09415416144439548,0.03037335457062033,0.05527669460405508,-4.9500732421875,1763.550048828125
2024-12-10,1766.199951171875,1777.0,1753.300048828125,1763.550048828125,1670.546875,1625591,-0.00804338214932876,1729.5525024414062,1687.8560034179689,1735.2950613795085,1696.5476868184608,63.92765597636921,0.013156216527479102,26.5077533024903,23.149966203562393,3.3577870989279077,0.008030893871463274,0.04888932966709758,0.5197282498441091,0.019656845535899286,0.044846269620674395,-14.2999267578125,1762.800048828125
2024-12-11,1765.0,1769.75,1750.050048828125,1762.800048828125,1669.8363037109375,1285654,-0.00042527854568030765,1732.4850036621094,1690.9270043945312,1737.9145839936625,1699.145818661977,63.30479033178691,0.012905073379617497,25.422696148102432,23.604512192470402,1.8181839556320298,0.0018186367848305185,0.03441599834159437,-0.20911594613897344,0.017498013028647254,0.04250511361330427,-0.75,1789.5999755859375
2024-12-12,1768.050048828125,1807.699951171875,1761.050048828125,1789.5999755859375,1695.2227783203125,3018243,0.015203044029655333,1737.6150024414062,1695.1750048828126,1742.8370022405459,1702.6930405021324,60.076516542105985,0.01292215157241603,26.42074870414126,24.167759494804574,2.252989209336686,0.001482987485085685,0.06081800568223916,1.3476324112086147,0.02991742881564138,0.05570219619280696,26.7999267578125,1796.4000244140625
2024-12-13,1781.0,1804.5999755859375,1761.0,1796.4000244140625,1701.664306640625,1503188,0.003799759119855084,1743.6550048828126,1698.5950048828124,1747.9382424475475,1706.3678241849532,65.86277854328917,0.012715023933305458,27.44406159668165,24.82301991517999,2.6210416815016586,0.0076284357266407365,0.07209360861077996,-0.5019658788242034,0.03024968780151254,0.05757995240189567,6.800048828125,1775.550048828125
2024-12-16,1793.5,1793.5,1766.0,1775.550048828125,1681.9139404296875,1075193,-0.011606532677897352,1748.0575073242187,1702.0250048828125,1750.567938293317,1709.0808526023325,57.20775904584864,0.01312263818292205,26.26980371250943,25.11237667464588,1.157427037863549,-0.0012936562642494875,0.052177806712963015,-0.2847248647541093,0.015727481154775964,0.04319856860761858,-20.8499755859375,1770.75
2024-12-17,1777.449951171875,1789.1500244140625,1761.0,1770.75,1677.3670654296875,1160899,-0.0027034151086268166,1753.5550048828125,1705.111005859375,1752.4900394082392,1711.499250539496,53.44358544146646,0.012463165906183665,24.667520236198925,25.02340538695649,-0.3558851507575653,0.004082646351125208,0.06620300333532425,0.07971220050725769,0.009805791702745396,0.03849543749061842,-4.800048828125,1778.9000244140625
2024-12-18,1762.050048828125,1787.949951171875,1760.550048828125,1778.9000244140625,1685.087158203125,1337600,0.004602583320097331,1757.5175048828125,1708.3180053710937,1755.0052760754604,1714.1424181424202,69.59645575902665,0.011541724253299974,23.781202990226575,24.77496490761051,-0.9937619173839352,0.009133183083719798,0.04662724611634128,0.1522104851498709,0.012166319522760994,0.041316674542475736,8.1500244140625,1754.3499755859375
2024-12-19,1739.949951171875,1768.9000244140625,1735.0,1754.3499755859375,1661.8319091796875,2402819,-0.013800690590361486,1760.1225036621095,1710.8230053710938,1754.9428665050295,1715.7191851009895,61.02226832703729,0.012094508957380838,20.857375577716994,23.991447041631808,-3.1340714639148146,-0.0196971392941927,0.0306065358119767,0.7963658791866028,-0.003279617222188597,0.02544212351493501,-24.550048828125,1686.050048828125
2024-12-20,1770.0,1770.8499755859375,1680.0999755859375,1686.050048828125,1597.1337890625,2921154,-0.038931756894744374,1757.052508544922,1711.3680053710937,1748.3816457738958,1714.5556895608772,36.71252699737229,0.013730725829706613,12.880509509427156,21.769259535190876,-8.88875002576372,-0.06142839795492139,-0.035136858885471356,0.21571953609489514,-0.04040998170031731,-0.014793987303437232,-68.2999267578125,1712.4000244140625
2024-12-23,1690.9000244140625,1725.0,1685.8499755859375,1712.4000244140625,1622.09423828125,1301223,0.01562822859514279,1756.0425109863281,1713.2220068359375,1744.954824692007,1714.4711536727668,42.52618832973565,0.014154965226230791,8.58603403817051,19.132614435786806,-10.546580397616296,-0.03556645697244187,-0.011658750696359466,-0.5545517285292045,-0.024852750602121047,-0.0004797874522946627,26.3499755859375,1704.9000244140625
2024-12-24,1717.5999755859375,1725.3499755859375,1695.699951171875,1704.9000244140625,1614.98974609375,711026,-0.004379817737135472,1754.017510986328,1714.3790063476563,1741.140081808393,1714.0958152704648,38.86400981334564,0.014054488627934385,4.52527936367369,16.211147421364185,-11.685868057690495,-0.03718761857175634,-0.023203849795748743,-0.4535709866794546,-0.02800284846908144,-0.005529105231980167,-7.5,1698.699951171875
2024-12-26,1707.0999755859375,1714.6500244140625,1690.6500244140625,1698.699951171875,1609.1165771484375,659638,-0.003636619833071064,1751.1125061035157,1714.5030053710936,1737.0981646049152,1713.4920558940496,30.340828870926856,0.013948229055084613,0.7976135411024643,13.12844064531184,-12.330827104209376,-0.045084081253303654,-0.03307154829316272,-0.07227302517770096,-0.0299310037184683,-0.009217279963763128,-6.2000732421875,1711.6500244140625
2024-12-27,1704.949951171875,1716.5,1698.699951171875,1711.6500244140625,1621.3837890625,647945,0.007623520112103099,1751.0275085449218,1715.2290063476562,1734.6745322057864,1713.4198193654227,34.7481270786614,0.012964061857537047,-1.098957697046444,10.282960976840183,-11.381918673886627,-0.024339471465842255,-0.0009921797625109807,-0.01772638932262849,-0.02248821559838397,-0.0020865913066702648,12.9500732421875,1740.8499755859375
2024-12-30,1715.0,1773.5999755859375,1693.800048828125,1740.8499755859375,1649.043701171875,6781500,0.017059533640278346,1752.4550048828125,1716.8400048828125,1735.2626696705627,1714.4955117662273,42.81553398058253,0.01350869693555399,-0.24301076510982966,8.17776662845018,-8.42077739356001,0.03250195733863337,0.016673436864848457,9.466166109777836,-0.006622155356080643,0.013984978585563556,29.199951171875,1706.199951171875
2024-12-31,1729.0,1729.0,1682.449951171875,1706.199951171875,1616.22119140625,1459630,-0.019904084154293677,1750.4675048828126,1716.98400390625,1732.4947917183067,1714.1701956644881,39.67966933608887,0.013516677237269611,-2.333732230211808,6.075466856717783,-8.409199086929592,-0.003620692101022893,-0.022766975635996833,-0.7847629580476296,-0.025288989134306234,-0.006280811416903529,-34.6500244140625,1703.8499755859375
2025-01-01,1700.5999755859375,1717.5999755859375,1691.25,1703.8499755859375,1613.9949951171875,721479,-0.0013773154689891154,1748.1850036621095,1717.3030029296874,1729.7667139914145,1713.7654811516038,39.45248563397262,0.013497054964397133,-4.132629068925098,4.033847671589207,-8.166476740514305,-0.0006159005297016185,-0.02609318343187339,-0.5057110363585292,-0.025360604274318025,-0.007833811110094895,-2.3499755859375,1726.949951171875
2025-01-02,1709.0,1735.699951171875,1696.0,1726.949951171875,1635.8768310546875,1238954,0.013557517338340652,1746.5525024414062,1717.8180029296875,1729.498450865744,1714.2825191916145,38.640073131483945,0.013818171579400072,-3.6521925958888914,2.4966396180935875,-6.1488322139824785,0.016630364874333114,-0.01855536762166088,0.7172419432859445,-0.011223568282161525,0.0053160161475856145,23.0999755859375,1689.449951171875
2025-01-03,1712.199951171875,1729.8499755859375,1681.3499755859375,1689.449951171875,1600.3544921875,2448088,-0.02171458412825067,1741.6775024414062,1717.6760009765626,1725.6843080377564,1713.3086929947622,32.55016353713434,0.014002795711497774,-6.225614816776215,0.7521887311196271,-6.977803547895842,-0.012969983890127934,-0.05456224441879853,0.9759313097984268,-0.02998692421319156,-0.01643269731232202,-37.5,1686.300048828125
2025-01-06,1704.75,1711.300048828125,1675.0,1686.300048828125,1597.37060546875,945693,-0.0018644543696396676,1736.8525024414062,1716.6830029296875,1721.9334262082677,1712.2495304784236,34.54545454545455,0.014003832705088806,-8.42215589114062,-1.082680193332422,-7.339475697808197,-0.03133522562129576,-0.05412833596422195,-0.6137013865514638,-0.02910578390636057,-0.017698639789472507,-3.14990234375,1671.1500244140625
2025-01-07,1693.0,1705.0,1661.5,1671.1500244140625,1583.01953125,1305847,-0.008984180736157144,1731.5175048828125,1715.3910034179687,1717.0969117516768,1710.6377851425661,33.3500528726522,0.014074594246510093,-11.255662601908398,-3.1172766750476173,-8.138385926860781,-0.020542684187594196,-0.06001628519679181,0.38083606413497817,-0.03486391578399645,-0.02579060920557162,-15.1500244140625,1663.75
2025-01-08,1667.949951171875,1669.949951171875,1634.0,1663.75,1576.009765625,673344,-0.004428102986538951,1726.5275024414063,1714.3370043945313,1712.0162534896124,1708.7990484703087,30.70218973741889,0.014029486280921122,-13.937692170703713,-5.281359774178837,-8.656332396524876,-0.0235349215955164,-0.05659042616592702,-0.4843622568340702,-0.03636055744993082,-0.029508203034092222,-7.4000244140625,1642.800048828125
2025-01-09,1663.699951171875,1669.5,1638.199951171875,1642.800048828125,1556.1646728515625,774065,-0.012592006714876036,1720.5275024414063,1713.1420043945313,1705.4242339980424,1706.2108524059092,31.077188641885925,0.014183389027145908,-17.551384465713454,-7.73536471248576,-9.816019753227694,-0.04872747023539825,-0.06807351751537205,0.14958327392833382,-0.04517652493377007,-0.04106020130611823,-20.949951171875,1705.5999755859375
2025-01-10,1653.0999755859375,1714.0,1636.300048828125,1705.5999755859375,1615.65283203125,2208899,0.03822737088583006,1716.3275024414063,1713.28400390625,1705.4409712921276,1706.1868964521848,53.3794183246924,0.016517128902098957,-15.172928323394672,-9.222877434667543,-5.950050888727128,0.00955933876754389,-0.04693786384999099,1.853635030649881,-0.006250279646634645,-0.004484970561093868,62.7999267578125,1659.6500244140625
2025-01-13,1698.050048828125,1701.0,1649.9000244140625,1659.6500244140625,1572.1259765625,1401093,-0.02694063779878364,1709.4900024414062,1712.7780053710937,1701.079928732312,1704.361921078141,41.46025173728449,0.017332610259809526,-16.802077840150332,-10.738717515764101,-6.063360324386231,-0.01580384489259945,-0.07612447012997792,-0.3657052676469137,-0.029154881254739598,-0.03101860298907822,-45.949951171875,1647.5
2025-01-14,1669.9000244140625,1670.449951171875,1621.300048828125,1647.5,1560.61669921875,2480288,-0.007320835257633385,1703.0875,1713.5550048828125,1695.9770783768538,1702.1320418201747,40.84528759737885,0.01725745462591507,-18.856233080437732,-12.362220628698829,-6.494012451738904,-0.014151945707181257,-0.07211852401042651,0.7702522245132908,-0.032639250772494126,-0.038548517377374684,-12.1500244140625,1675.949951171875
2025-01-15,1658.0,1679.0,1650.1500244140625,1675.949951171875,1587.5662841796875,1079742,0.01726855913315628,1698.3474975585937,1715.0010034179688,1694.0697329287605,1701.1052931673,46.61206008299696,0.017878366527301258,-17.981216345237954,-13.486019772006655,-4.495196573231299,0.007332803108564878,-0.05353666459303963,-0.5646707156588266,-0.013187846667961387,-0.022770279532353464,28.449951171875,1687.6500244140625
2025-01-16,1695.0,1722.8499755859375,1670.949951171875,1687.6500244140625,1598.6495361328125,2334315,0.006981159093686795,1693.7849975585937,1715.9860034179687,1693.4583321178368,1700.577635569134,46.412553435451585,0.01793658476737714,-16.157408600673534,-14.020297537740031,-2.137111062933503,0.027300933925544335,-0.05129574385725022,1.161919236261996,-0.003622049524215915,-0.016512942965423674,11.7000732421875,1660.300048828125
2025-01-17,1684.75,1699.9000244140625,1650.4000244140625,1660.300048828125,1572.7418212890625,2502285,-0.01620595217627141,1689.082501220703,1716.53900390625,1690.3004003759595,1698.9981223636041,37.892683005592154,0.018024357616891723,-16.72613382075383,-14.561464794342792,-2.1646690264110386,-0.026559525918291804,-0.05360955799392342,0.0719568695741577,-0.01704028806868637,-0.03276299283042477,-27.3499755859375,1674.5999755859375
2025-01-20,1663.0,1687.1500244140625,1625.0,1674.5999755859375,1586.28759765625,4856268,0.008612856915775957,1688.5099975585938,1716.1600024414063,1688.8051218245287,1698.0413322938916,44.94076085490738,0.016001755427697648,-15.840370148447619,-14.817245865163759,-1.0231242832838596,0.009007893804088729,-0.006791063675805953,0.9407333697000941,-0.008238045373002654,-0.024216871851310807,14.2999267578125,1640.5
2025-01-21,1674.5999755859375,1703.550048828125,1636.0999755859375,1640.5,1553.98583984375,2500061,-0.020363057496167736,1684.9149963378907,1715.9500024414062,1684.2046340317163,1695.7848094588371,40.79348437353089,0.01614883356937336,-17.686104695251515,-15.391017631181311,-2.295087064070204,-0.004248861911987811,-0.041987866963891673,-0.48518883224731424,-0.026360378081045785,-0.043969814000441775,-34.0999755859375,1683.949951171875
2025-01-22,1642.699951171875,1688.75,1635.25,1683.949951171875,1595.1444091796875,2478559,0.02648579772744597,1683.8674926757812,1716.002001953125,1684.1803785212553,1695.3206973691524,44.099884696374936,0.017342116216932543,-15.464548993762946,-15.40572390369764,-0.058825090065306895,0.004773412233704422,-0.01228815352348156,-0.00860059014560044,4.89697060204647e-05,-0.018678329480250565,43.449951171875,1713.4000244140625
2025-01-23,1671.0,1729.5,1671.0,1713.4000244140625,1623.0413818359375,2255334,0.01748868677581128,1684.6024963378907,1716.187001953125,1686.9632019396179,1696.0296905865998,53.360473030953166,0.01777734802760851,-11.198486131467916,-14.564276349251696,3.365790217783779,0.015257902780489108,0.008653719706088525,-0.0900624112639643,0.017094553842092693,-0.0016239358157885716,29.4500732421875,1723.050048828125
2025-01-24,1719.0,1736.4000244140625,1705.3499755859375,1723.050048828125,1632.1826171875,1257165,0.00563209074154325,1685.1724975585937,1716.9080029296874,1690.400044500428,1697.0893124784245,55.064078108883336,0.01774136418599191,-6.9587085951409335,-13.043162798429545,6.084454203288612,0.03779437339912772,0.00666025428765149,-0.4425814535674095,0.022476957892682607,0.0035773878902986907,9.6500244140625,1653.9000244140625
2025-01-27,1710.0,1713.9000244140625,1645.0,1653.9000244140625,1566.6793212890625,1174799,-0.04013233652794512,1680.825,1716.47400390625,1686.9238521112502,1695.3956149072733,47.930909672329605,0.019454947296755815,-9.073885309451953,-12.249307300634028,3.175421991182075,-0.01236113189636956,-0.049946837689220924,-0.06551725509380235,-0.016018904755663168,-0.03645495320627358,-69.1500244140625,1648.3499755859375
2025-01-28,1655.949951171875,1664.6500244140625,1638.0,1648.3499755859375,1561.421875,1820874,-0.003355734171472169,1677.9325012207032,1715.6910034179687,1683.2501495850302,1693.550687875064,48.14457482603505,0.019017342239932736,-11.070407880350103,-12.013527416577244,0.9431195362271403,0.004785111603741177,-0.03390574214130304,0.5499451395515318,-0.017630343064005436,-0.03925009089508284,-5.550048828125,1681.1500244140625
2025-01-29,1663.949951171875,1685.0,1654.050048828125,1681.1500244140625,1592.4921875,1146508,0.019898716482502854,1676.7975036621094,1716.0980029296875,1683.0501376639857,1693.0643873471818,54.49220777549471,0.01961332050365481,-9.891948359803337,-11.589211605222463,1.6972632454191263,-0.001662713761691026,-0.013322740556467538,-0.37035291843367524,0.0025957342746796893,-0.02036479178692738,32.800048828125,1670.0999755859375
2025-01-30,1685.0,1704.9000244140625,1657.0,1670.0999755859375,1582.02490234375,868832,-0.006572910607413718,1673.9550048828125,1715.507001953125,1681.8167888946477,1692.1638221800742,45.26792978436745,0.01936963744872883,-9.737410484013935,-11.218851380980757,1.4814408969668218,-0.02527141835598634,-0.032919295401328874,-0.24219281505231538,-0.0023029467850869275,-0.026468575363138125,-11.050048828125,1674.449951171875
2025-01-31,1675.0,1695.0,1665.25,1674.449951171875,1586.1455078125,1065425,0.002604619872778269,1673.2050048828125,1714.9510009765625,1681.1151853020028,1691.4691605719097,52.21887876171334,0.018788054210811866,-9.158359560411782,-10.806753016866962,1.6483934564551799,-0.028205853735533526,-0.008878629396269044,0.22627274317704682,0.0007440488675502424,-0.02361644722305449,4.3499755859375,1646.4000244140625
2025-02-01,1674.5,1685.9000244140625,1636.699951171875,1646.4000244140625,1559.5748291015625,410470,-0.01675172598511021,1671.2100036621093,1712.9300024414063,1677.8089795031515,1689.7017434676804,49.842590797212715,0.01914572012670915,-10.837919409376127,-10.812986295368795,-0.024933114007332335,-0.004534736011420737,-0.023661284029369845,-0.6147359035126827,-0.014845518632416583,-0.03883986965755744,-28.0499267578125,1654.699951171875
2025-02-03,1630.0,1664.050048828125,1605.1500244140625,1654.699951171875,1567.43701171875,1415698,0.00504125767415875,1670.3875,1711.372001953125,1675.6081196620776,1688.3291241619627,46.772968868640845,0.01909554260609999,-11.368202405413285,-10.924029517377694,-0.44417288803559174,0.0038523224315154536,-0.009843564612312505,2.448968255901771,-0.009391562633296194,-0.03311498068016319,8.2999267578125,1659.050048828125
2025-02-04,1662.75,1676.949951171875,1645.050048828125,1659.050048828125,1571.5577392578125,1467006,0.0026289344199044162,1670.1525024414063,1709.6450024414062,1674.0311605350344,1687.1809251292632,45.55763072121593,0.019080853550161012,-11.30709778978212,-11.000643171858579,-0.30645461792354034,-0.013145748603632268,-0.002824914303155568,0.036242192897072645,-0.006647568768152564,-0.02959383587881145,4.35009765625,1661.0
2025-02-05,1662.8499755859375,1671.0,1644.4000244140625,1661.0,1573.4049072265625,1449280,0.0011753419815467847,1671.0625,1707.7290014648438,1672.790097626936,1686.1542221830177,50.118035610771514,0.018848387127377936,-10.974816327473718,-10.995477802981608,0.02066147550788955,-0.005448760983751799,0.011078616161996013,-0.012083113497831643,-0.006021617982570969,-0.02736324172322478,1.949951171875,1669.5999755859375
2025-02-06,1670.0,1684.699951171875,1650.0,1669.5999755859375,1581.5513916015625,1288106,0.005177589154688356,1669.2625,1706.8540014648438,1672.4862764801742,1685.505036041956,49.14030275783151,0.016714998546787395,-9.90337477804087,-10.77705719799346,0.8736824199525905,-0.002896458973015714,-0.021106942140775242,-0.11120970412894682,0.00020217047105380642,-0.021826135010337398,8.5999755859375,1692.0999755859375
2025-02-07,1675.0,1695.5999755859375,1657.9000244140625,1692.0999755859375,1602.8646240234375,1582031,0.013476281941189994,1670.8849975585938,1706.45,1674.3542478235802,1685.7636611221121,59.24068088284095,0.01582459106724732,-7.15619550394922,-10.052884859184612,2.8966893552353916,0.027757501514942717,0.019552285538833036,0.22818386064500906,0.012696851104858728,-0.008409285015126458,22.5,1699.050048828125
2025-02-10,1683.0,1703.75,1673.199951171875,1699.050048828125,1609.4483642578125,1235699,0.0041073656063264075,1673.4625,1705.512001953125,1676.706228871632,1686.2846959341127,53.110854038829096,0.01571087984136094,-4.367873187219175,-8.915882524791524,4.548009337572349,0.026802501338590634,0.0312898627181335,-0.21891606422377308,0.015290183573354592,-0.0037888640581830624,6.9500732421875,1669.0999755859375
2025-02-11,1706.0,1709.0,1663.199951171875,1669.0999755859375,1581.0775146484375,1800036,-0.017627540320454216,1673.1200012207032,1703.9040014648438,1675.981823796804,1685.6107853322237,40.89226701253227,0.015823516452370363,-4.52269347477386,-8.037244714787992,3.514551240014132,0.006057639288767236,-0.004087219657811225,0.4566945510193017,-0.0024027120779338707,-0.020426048561999553,-29.9500732421875,1680.199951171875
2025-02-12,1680.0,1690.0,1668.800048828125,1680.199951171875,1591.59228515625,1889477,0.006650276045951475,1672.7474975585938,1702.3160009765625,1676.3835502134775,1685.3985957573082,41.24257674233874,0.01581591087286907,-3.7069826165748054,-7.171192295145355,3.4642096785705494,0.011559272228702566,-0.0044144657567697365,0.04968845067543093,0.004455217314124365,-0.012991741716579188,11.0999755859375,1675.300048828125
2025-02-13,1675.0,1689.449951171875,1640.550048828125,1675.300048828125,1586.95068359375,1555491,-0.0029162614487237004,1673.4974975585938,1700.0830029296876,1676.2803596053486,1685.0025743091048,55.93126982204397,0.01537676932828148,-3.4165234973552288,-6.4202585355873305,3.0037350382321018,0.0034140352932068296,0.009034511569512516,-0.17676108256411693,0.0010771162025404448,-0.014577496545083444,-4.89990234375,1659.0999755859375
2025-02-14,1685.0,1694.0,1652.050048828125,1659.0999755859375,1571.60498046875,961944,-0.00966995330389886,1672.7224975585937,1697.6090014648437,1674.644132555881,1683.9867861238827,52.81339891456166,0.015416423571276672,-4.442334605635551,-6.024673749596975,1.5823391439614234,-0.01950239375694851,-0.009255941852367777,-0.3815817642146435,-0.008143922254013312,-0.02268427290717549,-16.2000732421875,1664.949951171875
2025-02-17,1655.9000244140625,1667.949951171875,1631.0,1664.949951171875,1577.1463623046875,1114005,0.0035259934133091697,1673.9449951171875,1695.3510009765625,1673.7208771859757,1683.2402435767453,45.06396232408222,0.01469277769752903,-4.728743152496918,-5.765487630176963,1.0367444776800454,-0.02007009603970744,0.014903962920984393,0.15807676954167804,-0.005373560046208586,-0.017932009234179716,5.8499755859375,1705.0
2025-02-18,1668.0,1708.949951171875,1664.050048828125,1705.0,1615.08447265625,2654136,0.024054806452251443,1674.9974975585938,1694.18,1676.6998412635019,1684.0935673580493,59.036775977874356,0.014477964359771039,-1.7043728122957873,-4.953264666600728,3.248891854304941,0.021508612389416593,0.012500400509810827,1.3825171341241735,0.017911968516452496,0.006386570494280381,40.050048828125,1685.800048828125
2025-02-19,1694.050048828125,1712.4000244140625,1675.050048828125,1685.800048828125,1596.89697265625,1113961,-0.011260968429252172,1673.617498779297,1692.64,1677.5665276982277,1684.160488200013,52.729045520878465,0.014149106832034963,-0.847048874996517,-4.132021508279887,3.2849726332833695,0.0033329947738327537,-0.01610830815493658,-0.580292419077244,0.007279172246773078,-0.004040995824200716,-19.199951171875,1657.8499755859375
2025-02-20,1680.0,1693.6500244140625,1655.0,1657.8499755859375,1570.4208984375,1485087,-0.016579708407065685,1670.3574951171875,1690.005,1675.6887608303905,1683.128703391618,52.75437714511238,0.014492195766159748,-2.3953388252073182,-3.784684971665373,1.3893461464580548,-0.01041608830274543,-0.037839918397339134,0.33315888078667033,-0.007487929720321615,-0.0190265853734531,-27.9500732421875,1649.5
2025-02-21,1657.75,1664.949951171875,1642.199951171875,1649.5,1562.51123046875,1479239,-0.005036629193776343,1670.1374938964843,1687.0669995117187,1673.194593132258,1681.809930709594,48.74941137372748,0.011405952314670184,-4.24718411698359,-3.877184800729016,-0.3699993162545736,-0.00578625503417729,-0.0026603932215438775,-0.0039378164376902,-0.012356763423313367,-0.02226763935433006,-8.3499755859375,1613.699951171875
2025-02-24,1630.0,1643.949951171875,1604.25,1613.699951171875,1528.5992431640625,1672609,-0.021703576131024582,1668.4049926757812,1683.8299975585937,1667.5284367550787,1679.1389511198797,40.526409201348876,0.012380262555176743,-8.505503450197239,-4.802848530622661,-3.7026549195745773,-0.03078170605904862,-0.02102103614358075,0.13072262156419612,-0.03278882630060369,-0.041649125201713454,-35.800048828125,1593.949951171875
2025-02-25,1608.050048828125,1614.0,1589.0,1593.949951171875,1509.8907470703125,1425126,-0.012238954327077667,1664.044989013672,1680.2939965820312,1660.5209619376308,1675.7982060238796,36.96286007517419,0.011586690485669505,-13.320363287328291,-6.5063514819637875,-6.814011805364504,-0.0651319934475807,-0.051869298977394784,-0.1479622553746871,-0.04212328290675863,-0.051386272631928055,-19.75,1588.25
2025-02-27,1575.0,1595.699951171875,1569.9000244140625,1588.25,1504.491455078125,2208643,-0.0035759913086884643,1659.952490234375,1676.48099609375,1653.638013181666,1672.364943042551,34.001979050487876,0.011551875560426965,-17.3955873183088,-8.68419864923279,-8.711388669076008,-0.05786572903229914,-0.049009027472874056,0.5497878784051375,-0.043195507495670034,-0.05262868848458816,-5.699951171875,1487.8499755859375
2025-02-28,1570.0,1572.9000244140625,1478.4000244140625,1487.8499755859375,1409.3861083984375,4155992,-0.06321424486954985,1650.622491455078,1671.15099609375,1637.8486762677871,1665.1290619658212,19.253362950178882,0.017749934093031525,-28.399305104177984,-12.62721994022183,-15.772085163956154,-0.10254245106823767,-0.11143956584390247,0.8816947781963858,-0.0986128062060097,-0.10968549277490278,-100.4000244140625,1493.050048828125
2025-03-03,1500.0,1531.5,1476.199951171875,1493.050048828125,1414.31201171875,2851006,0.0034950252562524486,1642.9549926757813,1667.29099609375,1624.0583307973432,1658.3808653721862,18.82567968084392,0.01766582778958952,-36.28199205550595,-17.358174363278657,-18.923817692227296,-0.09484689370832067,-0.09314259797858859,-0.31400108566137763,-0.09124105317304843,-0.1045054208736503,5.2000732421875,1488.25
2025-03-04,1475.0,1499.449951171875,1433.050048828125,1488.25,1409.7650146484375,2386196,-0.003214928281803031,1634.6324951171875,1662.8079956054687,1611.124204054739,1651.7090667301397,20.376756222184284,0.01752148714355126,-42.42732627368423,-22.372004745359774,-20.055321528324455,-0.07774056823932651,-0.10059222583163396,-0.16303368004136087,-0.08955070669061507,-0.10497784234066537,-4.800048828125,1538.0999755859375
2025-03-05,1488.25,1549.0,1487.5,1538.0999755859375,1456.9862060546875,1967418,0.03349570004094571,1628.5849914550781,1659.4719946289063,1604.169515629139,1647.2538082538965,29.345941110321363,0.01949035885957767,-42.781908292197386,-26.4539854547273,-16.327922837470087,-0.035038725993169706,-0.07290320947678519,-0.17550025228438904,-0.055560511943743104,-0.07313893782830011,49.8499755859375,1503.449951171875
2025-03-06,1541.0,1550.800048828125,1500.949951171875,1503.449951171875,1424.163330078125,2246380,-0.022527810262049197,1620.7074890136719,1655.5669946289063,1594.5771761570186,1641.6144413095035,27.01003539791793,0.01990141143668415,-45.33627611418069,-30.23044358661798,-15.105832527562711,-0.05339212896466239,-0.09485252789170684,0.1417909158094517,-0.07234959956479088,-0.09188214306671907,-34.6500244140625,1492.3499755859375
2025-03-07,1501.949951171875,1507.199951171875,1482.0,1492.3499755859375,1413.64892578125,893696,-0.007383003057258808,1611.844989013672,1651.1809936523437,1584.8412522931062,1635.7609328497558,27.383706260500887,0.019768411371518337,-47.7063768634539,-33.725630241985165,-13.980746621468732,0.0030244984869713942,-0.10616315440337443,-0.6021617001575869,-0.07413554916397785,-0.09619237302088765,-11.0999755859375,1486.8499755859375
2025-03-10,1492.3499755859375,1500.0,1482.5,1486.8499755859375,1408.4388427734375,798491,-0.0036854625858392387,1601.5824890136719,1646.1009936523437,1575.5087497495663,1629.921287466861,25.82135583164711,0.01927182793028206,-49.458377429255506,-36.872179679439235,-12.586197749816272,-0.004152622510580795,-0.12129897935193001,-0.10652951339157835,-0.07163696794561729,-0.09674437879601938,-5.5,1479.199951171875
2025-03-11,1464.5,1487.4000244140625,1453.5999755859375,1479.199951171875,1401.1923828125,1769157,-0.005145121928692098,1590.5899841308594,1641.5609936523438,1566.3364832183577,1624.010646827842,16.38881358174274,0.01912018221308597,-50.87765757020156,-39.673275257591705,-11.204382312609859,-0.006081000388459601,-0.12939589260945306,1.215625473549483,-0.07003063898950106,-0.09890649394588029,-7.6500244140625,1438.300048828125
2025-03-12,1481.0,1489.0,1408.800048828125,1438.300048828125,1362.44921875,2665932,-0.027650016018015422,1579.0499877929688,1636.2499951171876,1554.1425370859545,1616.7278782788335,15.394304752411713,0.019547453616011293,-54.6724970975647,-42.6731196255863,-11.999377471978399,-0.06488520144458998,-0.13827807209498655,0.5068939613612584,-0.08913583487092092,-0.12097781321911356,-40.89990234375,1440.6500244140625
2025-03-13,1442.0,1456.25,1422.0,1440.6500244140625,1364.67529296875,995812,0.001633856292956537,1567.072491455078,1630.5239965820313,1543.3337263552983,1609.8228644017836,17.289163980139307,0.01939155159742047,-56.835151129554106,-45.50552592637987,-11.329625203174238,-0.04177054694029736,-0.14257227337183032,-0.6264675918215468,-0.08067429409320317,-0.11644966438150563,2.3499755859375,1440.0999755859375
2025-03-17,1442.949951171875,1448.0,1425.199951171875,1440.0999755859375,1364.154296875,1747569,-0.0003818060034037618,1555.3124877929688,1625.5369970703125,1533.5019405677401,1603.167064840378,17.705123826786703,0.019431184880744943,-57.92572270068354,-47.98956528124061,-9.936157419442928,-0.03501189456547227,-0.14039280510181462,0.7549185990930014,-0.07407676149409757,-0.11407739215938248,-0.550048828125,1440.0999755859375
2025-03-18,1440.0999755859375,1440.0999755859375,1440.0999755859375,1440.0999755859375,1364.154296875,0,0.0,1544.3624877929688,1620.6129956054688,1524.606515331378,1596.7722770264786,19.902919401855513,0.019490717910339073,-58.120036920791335,-50.01565960915076,-8.104377311640576,-0.03144231144206511,-0.13199927865869365,-1.0,-0.06751168396742895,-0.11138564266053583,0.0,1396.1500244140625
2025-03-19,1430.6500244140625,1431.800048828125,1394.4000244140625,1396.1500244140625,1322.52197265625,5557840,-0.03051868058951457,1530.9224914550782,1615.1129956054688,1512.3725638154433,1588.9047377083446,18.36213336436508,0.020014638603219587,-61.11591981440665,-52.23571165020194,-8.88020816420471,-0.05614516596760122,-0.16144625042249328,inf,-0.08803350123422649,-0.1355713016904567,-43.949951171875,1410.550048828125
2025-03-20,1403.1500244140625,1421.0,1400.050048828125,1410.550048828125,1336.162841796875,2863413,0.010314095306559912,1516.1999938964843,1610.0489965820314,1502.6751814356987,1581.91043618363,22.346728265370857,0.019048233191008464,-61.61792389672246,-54.11215409950605,-7.505769797216409,-0.019293609857421457,-0.1726979185758798,-0.48479751126336845,-0.0696807449503079,-0.12390861904042803,14.4000244140625,1409.25
2025-03-21,1390.050048828125,1431.0999755859375,1382.050048828125,1409.25,1334.9312744140625,4056023,-0.0009216609004445431,1502.372491455078,1605.3779956054686,1493.7775451084894,1575.1394386862328,32.31324264680434,0.01913116087516069,-61.41274097432188,-55.57227147446922,-5.840469499852659,-0.021795733788179006,-0.16404676759878334,0.4164994710857288,-0.061983623891360674,-0.12216935584164335,-1.300048828125,1458.6500244140625
2025-03-24,1415.8499755859375,1467.6500244140625,1413.5999755859375,1458.6500244140625,1381.72607421875,3072831,0.035054124118547136,1492.4124938964844,1600.4389965820312,1490.4320669471153,1570.571226361834,43.54353955302291,0.021370648343428545,-56.61138213913341,-55.780093607402065,-0.8312885317313459,0.012881084051527436,-0.120155595563749,-0.24240296467746858,-0.022622746472908933,-0.08859379987039778,49.4000244140625,1455.5
2025-03-25,1474.0,1483.9000244140625,1449.449951171875,1455.5,1378.7420654296875,2056315,-0.0021595477745444125,1482.7124938964844,1596.35599609375,1487.1052034283425,1566.0586292496052,43.814919735599624,0.021388286071871182,-52.455773806826755,-55.11522964728701,2.6594558404602537,0.010693718960585796,-0.11761139739314941,-0.33080764936307916,-0.018353183107651223,-0.0882359551618948,-3.1500244140625,1416.300048828125
2025-03-26,1464.0,1464.0,1409.5,1416.300048828125,1341.609375,2231144,-0.026932292113964307,1472.8424987792969,1591.7319970703124,1480.361855371179,1560.1857437428807,26.033069960563736,0.021620819539444183,-51.729230348709734,-54.43802978757156,2.708799438861824,0.014432563880460547,-0.12232751336479708,0.08502053430529855,-0.03839001794016311,-0.1102145012885847,-39.199951171875,1423.9000244140625
2025-03-27,1407.1500244140625,1430.0,1406.0,1423.9000244140625,1348.80859375,2541022,0.005366077331018904,1464.3400024414063,1586.6909985351563,1474.984538137168,1554.841205729986,32.48184267360146,0.021723484552320295,-49.96422838636386,-53.543269507330024,3.579041120966167,0.009464375685944937,-0.1066846086558687,0.138887494487133,-0.02761652209180975,-0.1025977800790346,7.5999755859375,1418.25
2025-03-28,1415.0999755859375,1430.0,1408.550048828125,1418.25,1343.4566650390625,1642693,-0.00396799235703893,1455.8400024414063,1581.302998046875,1469.581248790771,1549.4846878582218,33.280689587169846,0.021721931301175217,-48.46271337326789,-52.527158280517604,4.064444907249715,0.006386375731772143,-0.10703604596253735,-0.3535305872991261,-0.02582014670456154,-0.10311306450962764,-5.6500244140625,1395.1500244140625
2025-04-01,1402.0,1416.949951171875,1385.4000244140625,1395.1500244140625,1321.57470703125,1578367,-0.016287661262779807,1451.2050048828125,1575.9999975585938,1462.492560754894,1543.4323481153137,30.831946093085776,0.017217747189451352,-48.57676418327287,-51.73707946106866,3.160315277795789,-0.04353340344645584,-0.06230463601370051,-0.03915886900352039,-0.03862650713038065,-0.1147525212085589,-23.0999755859375,1423.050048828125
2025-04-02,1397.1500244140625,1426.050048828125,1397.1500244140625,1423.050048828125,1348.0035400390625,1617949,0.019997866842872414,1447.7050048828125,1570.9689990234374,1458.7361310475826,1538.7114736334634,39.17904935226737,0.01792969238313536,-45.88689589958199,-50.56704274877133,4.680146849189342,-0.022294710526880812,-0.04688389384866376,0.025077817769884936,-0.017030372880891775,-0.09415777796204977,27.9000244140625,1369.3499755859375
2025-04-03,1397.0,1400.0,1360.25,1369.3499755859375,1297.1353759765625,1943422,-0.03773589923025489,1441.7600036621093,1565.5459985351563,1450.2231638607593,1532.0698462590508,37.33699865442482,0.019610728223552483,-47.540288176413924,-49.961691834299856,2.421403657885932,-0.033149806978425844,-0.07989250758546107,0.201163942744796,-0.0502233574882424,-0.12532114874477956,-53.7000732421875,1320.949951171875
2025-04-04,1350.0,1359.199951171875,1318.8499755859375,1320.949951171875,1251.2877197265625,1757493,-0.03534525525028942,1430.9025024414063,1558.2859985351563,1437.9114293189607,1523.7906346870047,31.196982567693766,0.01870908042781456,-52.1548819285988,-50.40032985315965,-1.7545520754391504,-0.07230147585997249,-0.1411806955730166,-0.09567093508255031,-0.07684139980322227,-0.15230583319518082,-48.4000244140625,1288.0
2025-04-07,1245.0,1293.800048828125,1209.4000244140625,1288.0,1220.0755615234375,3044730,-0.02494413292694675,1420.1300048828125,1549.777998046875,1423.6341503362025,1514.5439431306515,28.314806983102642,0.01881929498151765,-57.804432888567135,-51.881150460241145,-5.92328242832599,-0.09183853340384274,-0.1433037069201678,0.7324279527713624,-0.09304078107533241,-0.16891322394354777,-32.949951171875,1314.4000244140625
2025-04-08,1314.0,1342.050048828125,1291.1500244140625,1314.4000244140625,1245.083251953125,2868814,0.020496913364955294,1411.2325073242187,1541.6049975585938,1413.2309002483796,1506.6951620045108,33.333344123599474,0.0198362123786502,-59.46599442373304,-53.39811925293953,-6.067875170793506,-0.05787908008955056,-0.11924143403561016,-0.057777208488108966,-0.06861554166843588,-0.14738209431362176,26.4000244140625,1272.75
2025-04-09,1290.0,1299.949951171875,1264.3499755859375,1272.75,1205.6297607421875,3724878,-0.03168747994555876,1400.5275085449218,1533.9819970703124,1399.8517668913912,1497.5208419259027,33.53789112232006,0.02062629793998226,-63.41262156923017,-55.401019716197666,-8.011601853032502,-0.10561824508694995,-0.14399568154249387,0.2984034517399874,-0.0912352722565773,-0.17029665117923706,-41.6500244140625,1282.25
2025-04-11,1275.0,1312.3499755859375,1274.199951171875,1282.25,1214.6287841796875,1803181,0.007464152425849635,1390.6800109863282,1526.6599975585937,1388.6515986160207,1489.078848124887,32.657475260888475,0.02089434203509659,-65.02422264824668,-57.325660302607474,-7.698562345639203,-0.06360680405947206,-0.13314626668006868,-0.5159087089563739,-0.07796905839570174,-0.1600945842227147,9.5,1301.699951171875
2025-04-15,1314.199951171875,1314.199951171875,1286.800048828125,1301.699951171875,1233.052978515625,1511866,0.0151686107793918,1383.8500061035156,1519.07099609375,1380.370489335626,1481.730656087514,36.14224516232943,0.020851056973750868,-63.99429322751757,-58.6593868875895,-5.334906339928075,-0.0145728458394071,-0.09497329696091361,-0.1615561610287597,-0.059363409740445225,-0.1430947239996279,19.449951171875,1308.699951171875
2025-04-16,1292.0,1314.5999755859375,1283.5,1308.699951171875,1239.683837890625,1093342,0.005377583362201177,1377.2525024414062,1511.8429956054688,1373.5447237962212,1474.9451382476852,28.308974012604338,0.02092822733066802,-61.89968421438198,-59.307446352948,-2.592237861433979,0.016071390661393625,-0.09159065075215189,-0.27682612083346014,-0.0497748605633394,-0.13436781797056796,7.0,1306.800048828125
2025-04-17,1295.0999755859375,1308.9000244140625,1275.9000244140625,1306.800048828125,1237.884033203125,3027966,-0.001451747852552976,1370.5875061035156,1504.4899975585938,1367.1880880849737,1468.3512131724083,28.41173151328951,0.020918290379523276,-59.70475843134818,-59.38690876862804,-0.3178496627201426,-0.005782087222134247,-0.09256296716731516,1.7694591445311714,-0.046540229639721334,-0.13139997544102622,-1.89990234375,1373.5
2025-04-21,1304.0,1389.0,1303.0,1373.5,1301.0665283203125,3759267,0.05104067085985209,1367.2575073242188,1499.0319970703124,1367.7892225530716,1464.6315577538824,44.24575691491248,0.024346217852650957,-51.9838973006581,-57.90630647503405,5.92240917437595,0.0791593007267728,-0.0462467722484613,0.2415155916545959,0.004565703711510843,-0.08374203974007921,66.699951171875,1376.5
2025-04-22,1374.0,1396.0,1361.199951171875,1376.5,1303.9083251953125,2471135,0.0021842009464869694,1366.2750061035156,1493.467998046875,1368.61882040516,1461.1754182341224,43.547504238230246,0.023416385829692972,-45.10306425181966,-55.34565803039118,10.242593778571518,0.07350360694092406,-0.014074436178382221,-0.34265509738999655,0.007483847578859776,-0.07831972174820163,3.0,1439.5999755859375
2025-04-23,1418.9000244140625,1449.4000244140625,1408.0,1439.5999755859375,1363.6806640625,5944062,0.045840883099119045,1367.7275024414062,1489.0789965820313,1375.378930422377,1460.3293224439976,52.51324093252262,0.025528084694893143,-34.16448686764829,-51.10942379784261,16.944936930194316,0.10593841099088608,0.020594750807989337,1.4053975197631856,0.0525488249788341,-0.033227935596208034,63.0999755859375,1445.199951171875
2025-04-24,1445.0,1467.5,1434.300048828125,1445.199951171875,1368.9852294921875,2501415,0.0038899525430029502,1369.525,1484.7629956054689,1382.0285514461386,1459.7360137666594,56.14486700551617,0.0255284416676447,-24.758315800628452,-45.83920219839978,21.08088639777133,0.10430198295474158,0.02550998841360652,-0.5791741405119933,0.055256348859549775,-0.02664603344149247,5.5999755859375,1462.0
2025-04-25,1455.4000244140625,1473.9000244140625,1375.0,1462.0,1384.8994140625,8211667,0.011624722803583287,1369.6924987792968,1480.61099609375,1389.6448798798397,1459.8247975405159,54.916062195324876,0.024424660551409787,-15.76648767008578,-39.82465929273698,24.0581716226512,0.1187633496884628,0.0022966273813920246,2.2828087302586737,0.06739286467799882,-0.012569808101419435,16.800048828125,1461.5
2025-04-28,1469.300048828125,1480.0,1437.0,1461.5,1384.4256591796875,2079431,-0.0003419972640218427,1369.992498779297,1475.9989965820312,1396.4882246531881,1459.8904917546133,63.43491330138159,0.024418028167255832,-8.581819047352155,-33.57609124366002,24.99427219630786,0.06406989443028754,0.0041222947440742175,-0.7467711489031399,0.06679416223244936,-0.009823175094025452,-0.5,1495.300048828125
2025-04-29,1466.199951171875,1504.9000244140625,1463.300048828125,1495.300048828125,1416.443359375,2652788,0.023126957802343417,1373.9424987792968,1471.9239965820314,1405.8988745746105,1461.2791018359276,76.54944045040564,0.024021842684884782,-0.15870647006249783,-26.892614288940514,26.733907818878016,0.08630588363830372,0.05577914091393721,0.27572783131539347,0.08832796871532138,0.015881290270676612,33.800048828125,1503.0
2025-04-30,1495.300048828125,1510.800048828125,1490.0,1503.0,1423.7371826171875,1858465,0.005149435511561329,1377.8974975585938,1468.6019970703126,1415.1466008056,1462.9152154894207,85.46685976687822,0.024020764067111438,7.05664799559986,-20.10276183203244,27.1594098276323,0.044040028819990695,0.05555163580988576,-0.29942950586326533,0.09079231413299398,0.023422277103195683,7.699951171875,1494.0999755859375
2025-05-02,1505.0,1519.0,1489.800048828125,1494.0999755859375,1415.3065185546875,1582577,-0.005921506596182624,1381.6899963378905,1464.8799975585937,1422.6659698322987,1464.1381472579117,81.4600916211681,0.024054451814511407,11.919312390132518,-13.698346987599447,25.617659377731965,0.03383616528246547,0.053481385923453306,-0.14844939237489008,0.0813568742235847,0.019947011411202673,-8.9000244140625,1494.5999755859375
2025-05-05,1499.0,1506.5,1490.5,1494.5999755859375,1415.7801513671875,846022,0.00033464962731422077,1386.6624938964844,1461.26599609375,1429.5168275231215,1465.3327287609716,95.37740451717899,0.023640847775843625,15.633145606474272,-7.832048468784704,23.465194075258978,0.022298204915141895,0.07128262153286502,-0.46541495295331603,0.07783976430064943,0.022811712296936945,0.5,1496.199951171875
2025-05-06,1496.9000244140625,1504.800048828125,1486.0999755859375,1496.199951171875,1417.2957763671875,1545773,0.0010705042232523887,1390.3199890136718,1458.0079956054688,1435.867601203955,1466.543208071203,95.22302427062219,0.02333147171130227,18.492321869933903,-2.567174401040983,21.059496270974886,0.023742696662247598,0.0514036048162807,0.8271073329062364,0.07615510313803162,0.026194613254192912,1.5999755859375,1495.199951171875
2025-05-07,1489.0999755859375,1504.9000244140625,1480.5999755859375,1495.199951171875,1416.3485107421875,1272555,-0.0006683598667522883,1396.6124877929688,1454.6129956054688,1441.5183012008997,1467.6670019182882,94.3604149385954,0.02133122998877916,20.44190644250284,2.034641767667782,18.40726467483506,-6.694151874631071e-05,0.09190490220156233,-0.17675169640044175,0.07059042092248617,0.027902236326104248,-1.0,1502.800048828125
2025-05-08,1500.9000244140625,1518.5,1488.0,1502.800048828125,1423.547607421875,2829448,0.005082997528386368,1405.7049926757813,1450.5689965820313,1447.3546581177784,1469.044768463772,94.37588957294916,0.01914850720657966,22.342678140683574,6.096249042270941,16.246429098412634,-0.00013303471182635196,0.13766615267665694,1.2234386725917545,0.06907214291636092,0.03600728567146095,7.60009765625,1493.699951171875
2025-05-09,1480.0,1501.300048828125,1478.0999755859375,1493.699951171875,1414.9276123046875,923174,-0.00605542810791504,1415.989990234375,1446.7269946289061,1451.768495551502,1470.0116383738937,91.36781344599027,0.017936068647864952,22.851335605247414,9.447266354866237,13.404069250381177,-0.00026773604216523417,0.15970493103406436,-0.6737264653741648,0.054880303867570014,0.03246843165114072,-9.10009765625,1573.0999755859375
2025-05-12,1522.0,1576.5,1517.4000244140625,1573.0999755859375,1490.140380859375,1891418,0.05315660909794473,1428.9249877929688,1445.0319946289062,1463.3238746024006,1474.054318264562,91.82728243391404,0.020479753660416152,29.32334741130967,13.422482566154924,15.900864845154745,0.05252241488176468,0.19681980094849671,1.0488206990231528,0.10089752018099475,0.08862639819260196,79.4000244140625,1572.5
2025-05-13,1600.300048828125,1600.9000244140625,1565.0999755859375,1572.5,1489.572021484375,3724272,-0.000381396983821114,1443.9124877929687,1443.4919946289062,1473.7216008307435,1477.9149332345792,91.49022818137091,0.018265286214385505,34.011981430157675,17.540382338955474,16.4715990912022,0.05099589046795794,0.2355136515419367,0.9690369870647313,0.08905492077541229,0.08937216545094814,-0.5999755859375,1603.199951171875
2025-05-14,1584.0,1609.4000244140625,1578.0999755859375,1603.199951171875,1518.6529541015625,2354571,0.019523021412957142,1459.9599853515624,1443.2819946289062,1486.0528722918036,1482.8280711929046,90.13734995037528,0.01834875208758668,39.746810667408454,21.98166800464607,17.765142662762383,0.07223114200569247,0.25030216507847536,-0.36777684336697214,0.09811225462170459,0.11080160158450988,30.699951171875,1629.0999755859375
2025-05-15,1606.0,1636.4000244140625,1600.199951171875,1629.0999755859375,1543.1871337890625,2972408,0.016155205341124468,1476.3299865722656,1443.9849951171875,1499.676405938864,1488.564224306357,91.03075504308953,0.01836077465328968,45.85305420350005,26.755945244416868,19.097108959083183,0.0840430680424189,0.2515172748676189,0.2623989677949825,0.10347956784944289,0.1281973019766226,25.9000244140625,1617.0
2025-05-16,1635.0,1635.9000244140625,1601.300048828125,1617.0,1531.7252197265625,1159095,-0.007427399034602211,1491.7449890136718,1444.5599951171876,1510.8500815637342,1493.6009213923821,85.32358626092316,0.018801161243271716,49.14936599610655,31.234629394754805,17.91473660135175,0.0825467315114996,0.2355773365407845,-0.6100484859413647,0.08396543102795719,0.1193719924860743,-12.0999755859375,1597.800048828125
2025-05-19,1617.0,1626.199951171875,1593.0999755859375,1597.800048828125,1513.537841796875,681874,-0.01187381024853118,1506.294989013672,1446.7589965820312,1519.1310308270095,1497.6871616839799,78.622426065718,0.019296419218334675,49.64021968889824,34.91574745358349,14.72447223531475,0.015701527954691707,0.22268135072458461,-0.4117186253068127,0.060748432731872075,0.10439959426755141,-19.199951171875,1576.0
2025-05-20,1612.0,1619.5,1573.300048828125,1576.0,1492.8873291015625,1869716,-0.013643790312882875,1516.419989013672,1448.4179956054688,1524.547123129199,1500.7582533826474,67.8460672968321,0.01743531330616154,47.720055927002704,37.476609148267336,10.243446778735368,0.0022257551669315756,0.14743356388787765,1.7420256528332212,0.039289914019849326,0.08808369184974069,-21.800048828125,1598.199951171875
2025-05-21,1577.0,1603.0,1569.4000244140625,1598.199951171875,1513.9166259765625,930031,0.014086263433930934,1527.5049865722656,1450.6169946289062,1531.5616781808824,1504.5794964332053,69.78385547205575,0.01746390359750317,47.44277209390634,39.469841737395136,7.972930356511206,-0.0031187625700369592,0.161060625624319,-0.5025816755057988,0.046281331466059256,0.10173805841887515,22.199951171875,1565.5999755859375
2025-05-22,1589.699951171875,1589.699951171875,1558.0,1565.5999755859375,1483.0357666015625,1789310,-0.02039793303837467,1533.8049865722655,1451.1669946289062,1534.8034207908877,1506.9724563999791,63.52629337698243,0.016061935537694673,44.084300701076245,40.39273353013136,3.691567170944886,-0.0389785777126177,0.08752431379329262,0.9239251164746121,0.02072948601159991,0.07885583215479224,-32.5999755859375,1580.300048828125
2025-05-23,1575.0,1604.0,1567.800048828125,1580.300048828125,1496.960693359375,1159290,0.00938941841557317,1540.559991455078,1452.7039965820313,1539.1364329849102,1509.8480482599064,65.38600281484813,0.01610113230415905,42.12328991745426,40.73884480759594,1.3844451098583193,-0.022696321071042025,0.09348194175255875,-0.3521022069959928,0.025795851893772724,0.08783348331546259,14.7000732421875,1601.4000244140625
2025-05-26,1583.0,1604.4000244140625,1583.0,1601.4000244140625,1516.947998046875,711029,0.013351879348218798,1547.5299926757812,1454.8849975585938,1545.0662988353056,1513.438321834579,67.65101176994918,0.016145366486237187,41.79003690104514,40.94908322628579,0.8409536747593549,0.0022530826611113497,0.09534885390838754,-0.38666856437992214,0.034810331297771176,0.10070557267504436,21.0999755859375,1592.4000244140625
2025-05-27,1601.4000244140625,1604.300048828125,1578.5,1592.4000244140625,1508.422607421875,1394001,-0.00562008234219491,1554.0749938964843,1456.9959985351563,1549.5742726999492,1516.5348591906372,65.88235857302254,0.016274493311192236,40.334752778205484,40.82621713666973,-0.4914643584642491,0.010406106861714726,0.08956553158676872,0.9605402873863091,0.02466099169480039,0.09293369783790725,-9.0,1580.300048828125
2025-05-28,1600.800048828125,1602.0,1578.0999755859375,1580.300048828125,1496.960693359375,820958,-0.007598577870149059,1558.3249938964843,1459.0180004882814,1552.500537093109,1519.0354548626956,62.47987117552335,0.015860794003570624,37.76967738988651,40.21490918731309,-2.4452317974265796,-0.011200039350911628,0.056844778455410916,-0.41107789736162315,0.014101714993798283,0.08312580674073579,-12.0999755859375,1600.0
2025-05-29,1592.0999755859375,1604.9000244140625,1584.5,1600.0,1515.621826171875,1799251,0.012465956187550198,1563.1749938964845,1462.2519995117189,1557.0242954651937,1522.2105350641586,66.552491018647,0.015999527725924924,36.90108534277897,39.552144418406264,-2.6510590756272947,0.021972422681718617,0.0645375914836992,1.1916480502047606,0.02355782701700136,0.09420264122345431,19.699951171875,1573.9000244140625
2025-05-30,1595.0,1595.0,1568.0,1573.9000244140625,1490.8980712890625,2780942,-0.016312484741210942,1567.1649963378907,1464.9169995117188,1558.6315077460383,1524.237573862194,50.149374423379165,0.016474729995119168,33.71798998456825,38.38531353163866,-4.66732354707041,-0.004049879273754664,0.05341011319997513,0.545610923656566,0.004297587102768416,0.07439535819344682,-26.0999755859375,1549.0999755859375
2025-06-02,1565.0,1569.0,1542.0999755859375,1549.0999755859375,1467.4061279296875,2120693,-0.015757067439755357,1569.8899963378906,1467.0969995117186,1557.7237427784098,1525.2125700082233,45.993144829379496,0.016983063637698713,28.86150978333262,36.48055278197745,-7.619042998644829,-0.03265895343498648,0.03646460651026984,-0.23741919105108988,-0.01324297931730906,0.05589472005021563,-24.800048828125,1543.800048828125
2025-06-03,1555.9000244140625,1564.9000244140625,1533.9000244140625,1543.800048828125,1462.3856201171875,2316285,-0.0034212941974954836,1572.270001220703,1469.1710009765625,1556.3976766879066,1525.9414907462588,38.85972712279291,0.017024639875308546,24.304882878227318,34.04541880122743,-9.74053592300011,-0.03051995405728547,0.031813994926926714,0.09223022851492413,-0.018107546649413993,0.050796706307132636,-5.2999267578125,1556.699951171875
2025-06-04,1544.800048828125,1566.5999755859375,1544.0,1556.699951171875,1474.6051025390625,1439090,0.008355941142469847,1575.3450012207031,1472.3819995117187,1556.4264647339987,1527.1477048805968,35.72553212074769,0.017077995897936033,21.486949360301878,31.533724913042317,-10.046775552740439,-0.014933934649784208,0.04113162253101921,-0.37870771515595014,-0.011835534460312155,0.057266355937602036,12.89990234375,1562.800048828125
2025-06-05,1560.0,1570.300048828125,1547.0,1562.800048828125,1480.3836669921875,1529586,0.003918608497198051,1578.3450012207031,1475.4269995117188,1557.033472742963,1528.545836015794,39.05493068709456,0.017069467556798997,19.520918646639075,29.131163659761672,-9.610245013122597,-0.02324996948242186,0.03992547115418832,0.06288418375501181,-0.009848893860693035,0.05921882231064067,6.10009765625,1571.0999755859375
2025-06-06,1564.800048828125,1573.5,1555.4000244140625,1571.0999755859375,1488.245849609375,828051,0.00531093325984755,1582.2150024414063,1478.6639990234376,1558.3731396803894,1530.2146258028586,44.359929759237154,0.016972741720262186,18.42022300098347,26.98897552800603,-8.56875252702256,-0.001779051264178877,0.05181765210164113,-0.4586437114356434,-0.007024978803966599,0.0625131717709689,8.2999267578125,1579.0999755859375
2025-06-09,1575.0,1591.5,1571.0999755859375,1579.0999755859375,1495.823974609375,598108,0.005091973855461562,1582.5150024414063,1481.072998046875,1560.3471240523463,1532.1316983433715,50.69537430277739,0.012170469639513567,17.9861141845754,25.188403259319905,-7.202289074744506,0.0193660838375862,0.003814125035355831,-0.2776918329909631,-0.00215797439531398,0.06618645918758423,8.0,1610.9000244140625
2025-06-10,1579.0999755859375,1633.5,1579.0,1610.9000244140625,1525.9468994140625,3324373,0.020138084554352176,1584.4350036621095,1484.1809985351563,1565.1616859915573,1535.220652306928,52.73119998067875,0.01295321371518076,19.977786509182124,24.14627990929235,-4.168493400110226,0.043464162108863835,0.02441972935711445,4.558148361165542,0.016703128049294764,0.08537976567815801,31.800048828125,1637.5
2025-06-11,1618.0,1649.0,1604.5999755859375,1637.5,1551.1441650390625,2660949,0.016512493129803518,1586.1500061035156,1488.6049975585938,1572.0510492304566,1539.2316071184212,65.87197862340184,0.012745974832032839,23.432481835781573,24.003520294590196,-0.5710384588086228,0.051904703130040586,0.021394741687119634,-0.19956364703960716,0.03237398335522448,0.10002317786491606,26.5999755859375,1644.4000244140625
2025-06-12,1636.0,1658.0,1611.9000244140625,1644.4000244140625,1557.68017578125,2316173,0.004213755367366456,1586.9150085449219,1493.0149975585937,1578.9414278193715,1543.3558587770738,64.6547841050598,0.012276440654772836,26.422544431409733,24.487325121954107,1.9352193094556256,0.05221395766344239,0.009391718775652258,-0.12956881172844725,0.03622438225084904,0.10139551652395755,6.9000244140625,1659.0
2025-06-13,1605.0,1669.0,1604.5999755859375,1659.0,1571.51025390625,2511076,0.008878603362426851,1589.0150085449218,1497.8299975585937,1586.5660537413362,1547.8909231387572,63.57210696865575,0.012260968057216399,29.62874486582109,25.515609070727507,4.113135795093584,0.05594807827635573,0.025974025974025983,0.08414872291491182,0.04404300216091995,0.10760233317806912,14.5999755859375,1693.9000244140625
2025-06-16,1658.0,1706.0,1651.199951171875,1693.9000244140625,1604.56982421875,2160406,0.02103678385416674,1593.8200073242188,1503.8049975585936,1596.788336662548,1553.6167702475927,71.31458682173007,0.012596047582845802,34.58712328061779,27.329911912705565,7.257211367912223,0.07269967108037445,0.06014518253170675,-0.1396492977512429,0.06279254660497258,0.12640935970028394,34.9000244140625,1718.5999755859375
2025-06-17,1692.4000244140625,1725.0,1684.199951171875,1718.5999755859375,1627.9671630859375,2105126,0.01458170542291537,1600.9500061035155,1509.71599609375,1608.3894451314425,1560.0866998687043,77.58277244412979,0.01220835694168203,40.048103918108154,29.873550313786087,10.174553604322067,0.06685700511491954,0.09048221801138157,-0.025587783037077316,0.07348759738523332,0.1383597842459479,24.699951171875,1710.699951171875
2025-06-18,1717.0999755859375,1732.800048828125,1708.4000244140625,1710.699951171875,1620.483642578125,1299278,-0.00459677907965117,1606.5750061035155,1516.5429956054688,1618.133302849579,1565.9931018805935,73.1686890797867,0.012143704086383062,43.24005997521226,32.546852246071325,10.693207729140937,0.044702260257633686,0.07039169280258695,-0.3828027395984849,0.06481175461636084,0.12802601451394421,-7.9000244140625,1684.0
2025-06-19,1684.0,1694.0,1660.699951171875,1684.0,1595.19189453125,3056884,-0.015607617895578296,1612.4950073242187,1523.8039965820312,1624.4063216258094,1570.6208233754721,72.98539283979525,0.011686662140768243,43.11820539683731,34.661122876224525,8.457082520612786,0.024081716734374314,0.07562597487250877,1.3527559152082924,0.04434431880470563,0.10512900857150685,-26.699951171875,1696.0999755859375
2025-06-20,1680.0,1708.5,1669.199951171875,1696.0999755859375,1606.65380859375,3425550,0.007185258661483118,1618.2850036621094,1531.96599609375,1631.234288669631,1575.5415744425493,82.40743531559616,0.011640652964366166,43.49659994317835,36.428218289615295,7.068381653563058,0.02236285448218056,0.07327717723206062,0.12060189395475907,0.04808483780529152,0.10713944037315515,12.0999755859375,1681.800048828125
2025-06-23,1680.0,1692.0,1675.699951171875,1681.800048828125,1593.10791015625,732380,-0.00843106359509993,1622.3050048828125,1539.3139965820312,1636.0500753513923,1579.708573438062,79.26211075172182,0.011699736205744656,42.15664026013678,37.573902683719595,4.582737576417188,-0.0071432643081299485,0.05020608416905703,-0.7862007560829648,0.036673155643509946,0.09256464409631618,-14.2999267578125,1677.0999755859375
2025-06-24,1698.800048828125,1708.5,1674.699951171875,1677.0999755859375,1588.6556396484375,1923989,-0.002794668275495904,1626.5400024414062,1547.40099609375,1639.9595896594442,1583.527844110528,76.44992032712273,0.011613045820867557,40.251462127207105,38.1094145724171,2.142047554790004,-0.024147562312079707,0.053190121749113306,1.6270365111007945,0.031084371161263644,0.08381730386603002,-4.7000732421875,1705.0
2025-06-25,1689.800048828125,1714.0,1675.800048828125,1705.0,1615.08447265625,1416375,0.016635874318890798,1632.775,1555.85599609375,1646.1539144537828,1588.2914580669776,78.50842158227464,0.011749997593380286,40.52573804894291,38.59267926772227,1.9330587812206446,-0.003331940921591947,0.0789090345623582,-0.2638341487399356,0.04423450873512879,0.09585977383556203,27.9000244140625,1690.199951171875
2025-06-26,1695.0,1703.5,1670.300048828125,1690.199951171875,1601.0648193359375,2528268,-0.008680380544354827,1637.2849975585937,1563.62599609375,1650.348775093601,1592.2878695612874,73.27080191935156,0.011886436768875597,39.098164143227905,38.6937762428234,0.4043879004045081,0.0036816812184530257,0.05637496948242182,0.78502727032036,0.03231871891099257,0.08094899636763012,-14.800048828125,1674.4000244140625
2025-06-27,1698.0,1701.800048828125,1662.5999755859375,1674.4000244140625,1586.09814453125,6183785,-0.00934796308972663,1642.3099975585938,1570.9399975585939,1652.6393702669782,1595.5079540653178,68.06978886507454,0.011388222827541589,36.273738417121876,38.209768677683094,-1.9360302605612176,-0.012794028349878639,0.06385411934751994,1.4458581922486067,0.019539567379588976,0.06585867507113984,-15.7999267578125,1687.0
2025-06-30,1680.5999755859375,1689.5,1660.0,1687.0,1598.03369140625,1546996,0.007525068921536038,1649.2049987792968,1578.5439965820312,1655.9118111939326,1599.0958774353055,65.56237496523866,0.01050859869890274,34.65261957968187,37.49833885808285,-2.845719278400985,0.0030918961950907597,0.08901944780026394,-0.7498302415106606,0.022917103239850807,0.06870635449680525,12.5999755859375,1671.199951171875
2025-07-01,1690.0,1697.4000244140625,1669.300048828125,1671.199951171875,1583.06689453125,1689051,-0.009365766940204523,1655.5749938964843,1584.4979956054688,1657.3678245251651,1601.9234881700731,57.21008947646085,0.010818723133529046,31.72720782525971,36.34411265151823,-4.616904826258519,-0.0035179920696147837,0.0825235770917725,0.09182635249218496,0.009437782844627592,0.05471887992718834,-15.800048828125,1677.0999755859375
2025-07-02,1675.0,1699.0,1667.5,1677.0999755859375,1588.6556396484375,1931642,0.0035304120311427933,1661.5949951171874,1590.5099951171876,1659.2470770071436,1604.8715857157933,57.026204992136506,0.010770826276703005,29.54431215525028,34.984152552264646,-5.439840397014365,-0.0163636506827346,0.07734311568740404,0.14362562172486215,0.009331383709215236,0.05444164496581489,5.9000244140625,1671.9000244140625
2025-07-03,1684.9000244140625,1693.0,1670.0,1671.9000244140625,1583.7301025390625,1713273,-0.0031005612352109635,1667.0499938964845,1595.15599609375,1660.4521196173264,1607.500151939255,52.888497233600454,0.010880106735286029,27.082568022241276,33.40383564625998,-6.321267624018702,-0.010827078030101966,0.06981057856233552,-0.11304838060054612,0.00290934917089187,0.0481106728797966,-5.199951171875,1655.199951171875
2025-07-04,1645.0,1663.9000244140625,1640.5,1655.199951171875,1596.558837890625,1310544,-0.009988679345848017,1671.2549926757813,1599.35599609375,1659.951913098712,1609.3707323013184,40.56555878867669,0.01127212343052489,23.513018280224742,31.425672173052934,-7.912653892828192,-0.01146683765064227,0.053529359616069305,-0.2350641141254196,-0.009606578035229199,0.0349165259107526,-16.7000732421875,1623.9000244140625
2025-07-07,1647.9000244140625,1647.9000244140625,1615.5,1623.9000244140625,1566.3677978515625,1550115,-0.018910057806401093,1673.4949951171875,1602.5939965820312,1656.5183998906502,1609.9405084626026,27.63344992578908,0.012237178706303484,17.951547620981955,28.73084726263874,-10.779299641656785,-0.03740366069113066,0.028370622203006235,0.18280271398747394,-0.029635565596449292,0.013294713369370046,-31.2999267578125,1635.4000244140625
2025-07-08,1623.0,1643.800048828125,1619.0,1635.4000244140625,1577.4603271484375,1318755,0.007081716748018163,1674.7199951171874,1606.0719970703126,1654.5071260357372,1610.938920852856,32.512783935473365,0.011515919855235637,14.307072915068602,25.846092393124714,-11.539019478056112,-0.021421689686329293,0.015208889210186483,-0.14925344248652517,-0.02347853421334085,0.018260717699610046,11.5,1614.800048828125
2025-07-09,1634.800048828125,1636.4000244140625,1612.0,1614.800048828125,1557.5902099609375,1173847,-0.012596291597414044,1673.5849975585938,1608.4619970703125,1650.7254996350123,1611.0903376362,33.46081086916183,0.011264677904397547,9.645368777767544,22.605947670053283,-12.960578892285739,-0.03714741378852293,-0.013862565601145072,-0.10988242698605877,-0.03512516473093606,0.003940442341414843,-20.5999755859375,1600.0999755859375
2025-07-10,1614.800048828125,1617.4000244140625,1590.0999755859375,1600.0999755859375,1543.410888671875,1631315,-0.009103339607188787,1671.3699951171875,1610.4039965820311,1645.904021154148,1610.6593430459939,27.337115706261315,0.011356041845707512,4.710462328621816,19.02685060176699,-14.316388273145176,-0.042945180800082916,-0.026939946588671493,0.3897168881464108,-0.04264167703109504,-0.006398407491513433,-14.7000732421875,1602.5
2025-07-11,1580.0,1607.0,1577.800048828125,1602.5,1545.725830078125,2559235,0.0014999215365800733,1668.5449951171875,1612.5719970703126,1641.770304853753,1610.339368808896,30.16508486292595,0.01112535605855866,0.9818570886336602,15.417851899140326,-14.435994810506665,-0.03183902412186734,-0.034056660638939085,0.5688171812310927,-0.03958238783518624,-0.00624592085724618,2.4000244140625,1576.699951171875
2025-07-14,1598.0,1598.0,1564.0999755859375,1576.699951171875,1520.83984375,2068336,-0.016099874463728514,1662.684991455078,1614.2139965820313,1635.5731283126217,1609.0201759603856,27.285074896447426,0.010195952910649316,-4.008727630849762,11.532535993142309,-15.541263623992071,-0.029065873842337275,-0.06918948671880931,-0.19181474151455413,-0.05171457054408983,-0.02323982166527443,-25.800048828125,1579.0
2025-07-15,1554.5999755859375,1594.9000244140625,1553.0,1579.0,1523.0584716796875,2574760,0.0014587739578577619,1655.7049926757813,1615.8699975585937,1630.1852113304672,1607.8429141580177,17.758468387311197,0.00935683617658645,-7.689566719588129,7.688115450596222,-15.37768217018435,-0.03448699007710343,-0.08122889419822232,0.24484609850623884,-0.0463276930462223,-0.022817428143538966,2.300048828125,1607.9000244140625
2025-07-16,1580.0,1611.0,1577.300048828125,1607.9000244140625,1550.9345703125,2207039,0.018302738704282673,1650.5649963378905,1618.1239990234376,1628.0628125765238,1607.8451537759017,30.358024151844887,0.010619694948256877,-8.180369565545107,4.514418447367957,-12.694788012913063,-0.0042729899711545505,-0.06009231875373111,-0.14281758299802705,-0.025848707574975132,-0.006318412319170481,28.9000244140625,1563.699951171875
2025-07-17,1583.4000244140625,1603.9000244140625,1560.9000244140625,1563.699951171875,1508.300537109375,7617296,-0.02748931685494227,1644.5499938964845,1619.3419970703126,1621.9330162522715,1606.1139693600576,26.733932686431544,0.011642793364302049,-11.99760989362835,1.2120127791686954,-13.209622672797046,-0.02274859381879135,-0.07143708362715262,2.4513644752086394,-0.0491624110088918,-0.03436089843844244,-44.2000732421875,1548.9000244140625
2025-07-18,1573.0,1574.0,1538.0,1548.9000244140625,1494.02490234375,3619191,-0.00946468454304239,1637.1899963378905,1620.4459985351561,1614.9774932200612,1603.8702852445283,21.241180923696717,0.011421595318006603,-16.032221289261088,-2.236834034517261,-13.795387254743826,-0.033447722674532,-0.08678730811314528,-0.5248719493111467,-0.053927749449555244,-0.04415202616179094,-14.7999267578125,1543.800048828125
2025-07-21,1551.0,1553.4000244140625,1531.300048828125,1543.800048828125,1489.1055908203125,988104,-0.003292643492511238,1630.2899963378907,1619.86,1608.1986889922578,1601.5145896987872,22.231948345240596,0.011385466596171819,-19.41737389623586,-5.67294200686098,-13.744431889374878,-0.020866305170680888,-0.08205493875217695,-0.7269820796968163,-0.05305187893199827,-0.046954644951955664,-5.0999755859375,1547.199951171875
2025-07-22,1550.0,1552.800048828125,1541.199951171875,1547.199951171875,1492.3851318359375,1404790,0.002202294491654433,1623.7949951171875,1619.3539990234376,1602.3892853903164,1599.3846038742024,21.375052790428057,0.011472653706748163,-21.577061091985797,-8.853765823885944,-12.723295268099854,-0.020139359612492136,-0.0774551465655341,0.4217025738181406,-0.04717039045916303,-0.04455730365014419,3.39990234375,1546.5999755859375
2025-07-23,1551.0,1552.9000244140625,1534.5,1546.5999755859375,1491.8062744140625,2887100,-0.00038778154399699005,1615.8749938964843,1618.2219995117186,1597.0760177898994,1597.3146184511331,21.817359130451024,0.010450106130689986,-23.071092575944704,-11.697231174297695,-11.373861401647009,-0.03812429124781158,-0.09290324012554985,1.055182625161056,-0.042871520737813126,-0.044259702282747566,-0.5999755859375,1498.5999755859375
2025-07-24,1554.0,1554.0,1495.5,1498.5999755859375,1445.5069580078125,2207437,-0.031035820999424812,1606.2949951171875,1615.6119995117188,1587.697347103808,1593.4434559858314,19.12460751935869,0.01197070140226961,-27.807771458522666,-14.91933923114269,-12.888432227379976,-0.04163201229056124,-0.11335935458588464,-0.2354137369678917,-0.06704560486001704,-0.07242582003670771,-48.0,1461.9000244140625
2025-07-25,1490.0999755859375,1501.300048828125,1455.699951171875,1461.9000244140625,1410.107177734375,1179664,-0.02448949137178902,1595.6699951171875,1612.51,1575.7166497047845,1588.2848900418405,18.725868725868736,0.012657414256709366,-34.129578409198984,-18.761387066753947,-15.368191342445037,-0.05616889316849971,-0.12691113049545133,-0.4655956206224685,-0.08383310528647295,-0.09340095601635803,-36.699951171875,1450.5999755859375
2025-07-28,1462.0,1466.0,1445.0999755859375,1450.5999755859375,1399.2073974609375,1070496,-0.007729700143246143,1583.8499938964844,1609.5659985351563,1563.80077597918,1582.885481631805,14.296751553000107,0.012207605152168207,-39.59504839491615,-22.928119332386387,-16.66692906252976,-0.06037055984868911,-0.1401304234819576,-0.09254160506720555,-0.08413045353034597,-0.09876328345273915,-11.300048828125,1453.800048828125
2025-07-29,1450.5999755859375,1459.0999755859375,1436.4000244140625,1453.800048828125,1402.294189453125,1458817,0.0022060342589589332,1572.979998779297,1607.1219995117187,1553.3245162505082,1577.8233077963669,16.652878561856838,0.012384912449903817,-43.17060965335281,-26.976617396579673,-16.19399225677314,-0.060367053575077545,-0.13008611099545886,0.362748669775506,-0.07576698371477127,-0.09540156299906076,3.2000732421875,1463.199951171875
2025-07-30,1451.300048828125,1466.0999755859375,1448.5999755859375,1463.199951171875,1411.361083984375,1299448,0.006465746339276102,1562.2849975585937,1604.4219995117187,1544.7412243382573,1573.3282742032495,21.008039269315262,0.012531181500957243,-44.7301527924742,-30.52732447575858,-14.202828316715621,-0.05392475477213554,-0.12754160606276976,-0.10924536799338092,-0.0634231568129761,-0.08802051354495417,9.39990234375,1463.699951171875
2025-07-31,1450.0,1473.300048828125,1447.199951171875,1463.699951171875,1411.84326171875,1382994,0.0003417167965318324,1551.8749938964843,1602.3839990234376,1537.023007846221,1569.0291242804506,20.367190912379343,0.012606972122064299,-45.40238570440738,-33.50233672148834,-11.900048982919039,-0.02328841917965263,-0.12452902099523189,0.06429345383578267,-0.056818392635619,-0.08654857258689719,0.5,1438.800048828125
2025-08-01,1456.5999755859375,1459.800048828125,1432.4000244140625,1438.800048828125,1387.8255615234375,1620011,-0.01701161657060557,1541.054998779297,1599.5539990234374,1527.668440320688,1563.9221017136927,20.445774155605505,0.012804016260805948,-47.39797480295124,-36.28146433778092,-11.116510465170322,-0.01580133743769252,-0.13073943253232923,0.17137962999116407,-0.06635386149888896,-0.10049923309463527,-24.89990234375,1475.0
2025-08-04,1435.0,1477.0,1419.0999755859375,1475.0,1422.7430419921875,1581473,0.025159820644542696,1533.6099975585937,1597.0259985351563,1522.6523983853845,1560.4349604700185,30.53890081776234,0.014329991467767995,-45.53357728179844,-38.13188692658442,-7.401690355214022,0.01682064306130071,-0.09169285188464038,-0.0237887273604932,-0.03821701583316291,-0.07640827303192464,36.199951171875,1485.4000244140625
2025-08-05,1470.0999755859375,1487.800048828125,1461.199951171875,1485.4000244140625,1432.7745361328125,2929677,0.007050864009533919,1526.1099975585937,1594.8859985351562,1519.1045532452586,1557.4924139580203,25.371905045186196,0.014328658103447366,-42.7243342304082,-39.05037638734918,-3.6739578430590214,0.021736122248317002,-0.09172067858672228,0.8524989045023215,-0.02667564802645766,-0.06864815053969532,10.4000244140625,1459.0
2025-08-06,1480.0999755859375,1481.5,1453.300048828125,1459.0,1407.309814453125,1039973,-0.0177730065841869,1518.3199951171875,1592.4599975585938,1513.3803100790435,1553.6299663518234,27.327824565298982,0.014524215768925241,-42.14245818351287,-39.66879274658192,-2.4736654369309505,-0.00287038772008652,-0.09648256385748222,-0.6450212770895905,-0.039069494775776224,-0.08380744116850775,-26.4000244140625,1482.0
2025-08-07,1455.0,1492.0,1450.0,1482.0,1429.4949951171875,1587489,0.015764222069910794,1512.4149963378907,1590.0999975585937,1510.3917091191345,1550.8209480635167,36.01001682233925,0.015199522016184202,-39.371558623312694,-39.609345921928075,0.2377872986153804,0.012502595776869185,-0.07380787287537494,0.526471360314162,-0.020110218697603825,-0.06798314428310684,23.0,1480.4000244140625
2025-08-08,1473.800048828125,1496.0,1473.800048828125,1480.4000244140625,1427.9517822265625,1371665,-0.0010796056585273828,1506.3099975585938,1588.2299975585938,1507.5353581948418,1548.0593432145183,36.54497099272396,0.015163834217299294,-36.87958056877687,-39.063392851297834,2.183812282520961,0.028912965091862475,-0.0761934325029251,-0.13595306802125873,-0.017200956766220615,-0.0678931724689032,-1.5999755859375,1481.0999755859375
2025-08-11,1480.4000244140625,1522.699951171875,1469.699951171875,1481.0999755859375,1428.6268310546875,888886,0.00047281218611971987,1501.5299987792969,1586.8699975585937,1505.0177027082796,1545.4334856604564,35.80935209377776,0.014909598741089417,-34.45105942893383,-38.14092616682504,3.689866737891208,0.004135576668432117,-0.0606329539839735,-0.3519656767505185,-0.013606137213354665,-0.06665323696042134,0.699951171875,1509.300048828125
2025-08-12,1482.5999755859375,1517.4000244140625,1481.0,1509.300048828125,1455.827880859375,2532937,0.01903995254002444,1498.0450012207032,1586.1799975585936,1505.4255451958838,1544.01648813762,42.84070168204065,0.015685441295315742,-29.906188768096627,-36.49397868707936,6.587789918982736,0.016089958274701166,-0.04414183101448699,1.8495633860810048,0.007513157213735565,-0.04846861569859677,28.2000732421875,1506.300048828125
2025-08-13,1515.0,1518.699951171875,1499.300048828125,1506.300048828125,1452.93408203125,1815196,-0.0019876763419767185,1492.9650024414063,1585.1719995117187,1505.5088312560974,1542.5374120862673,51.786560928981096,0.014931893608201793,-26.24389763760496,-34.443962477184485,8.200064839579525,0.03241949885409534,-0.06318799306129852,-0.2833631472081619,0.008931921622350295,-0.049756083698102575,-3.0,1486.699951171875
2025-08-14,1509.9000244140625,1529.9000244140625,1485.0,1486.699951171875,1434.0284423828125,1715172,-0.0130120806087064,1489.1150024414062,1583.6499975585937,1503.7175093433143,1540.3477077366833,56.249980772697604,0.014012590389754357,-24.63904602204775,-32.48297918615714,7.843933164109387,0.003171357066042546,-0.04924218354185805,-0.05510369128182302,-0.001621803061262377,-0.061219364465746856,-19.60009765625,1471.199951171875
2025-08-18,1500.0,1500.0,1468.0999755859375,1471.199951171875,1419.07763671875,1249405,-0.010425775549250726,1485.229998779297,1581.6519970703125,1500.6205990412725,1537.6360310086516,55.08390376809289,0.014039613761419769,-24.33736403239959,-30.85385615540563,6.516492123006039,-0.006214585983831511,-0.050164679461207284,-0.2715570216864548,-0.009446380438688383,-0.06983334267147728,-15.5,1496.699951171875
2025-08-19,1472.0,1499.5999755859375,1464.4000244140625,1496.699951171875,1443.6741943359375,1807647,0.01733279013480682,1482.8749938964843,1580.0039965820313,1500.2472040060916,1536.0306945444643,59.53755468470131,0.014717620572174501,-21.789466587149263,-29.040978241754356,7.251511654605093,0.010532695863266106,-0.030509195599522698,0.44680627978917964,0.009323076680296222,-0.05272394600922851,25.5,1524.0999755859375
2025-08-20,1488.0,1532.0,1487.4000244140625,1524.0999755859375,1470.1033935546875,2329633,0.018306958848103738,1481.7199951171874,1578.2679956054687,1502.5188965375055,1535.5628232127574,62.5360268202873,0.015354447162552414,-17.359180697160127,-26.70461873283551,9.345438035675382,0.009805821426497552,-0.014930181175640045,0.2887654503340531,0.028601882007671976,-0.03432118003428869,27.4000244140625,1521.300048828125
2025-08-21,1528.0,1531.699951171875,1509.0999755859375,1521.300048828125,1467.4027099609375,1251760,-0.0018371017667236922,1480.4549987792968,1575.9439965820313,1504.3075777080408,1535.0034987270856,61.745536118780606,0.015356616146087586,-13.913689548109232,-24.146432895890257,10.232743347781025,0.00995817533941512,-0.016358416628208916,-0.4626793147246798,0.027589524897755617,-0.03467378782013844,-2.7999267578125,1505.0
2025-08-22,1529.5999755859375,1529.5999755859375,1499.0,1505.0,1451.68017578125,969599,-0.010714552228326735,1480.775,1573.15599609375,1504.3735226882272,1533.8268909338665,63.98984020455798,0.013842266906039092,-12.355958901403028,-21.788338096992813,9.432379195589785,0.012309174298216874,0.00427066896992323,-0.22541142071962672,0.016359676520740767,-0.0433243723209814,-16.300048828125,1527.0999755859375
2025-08-25,1516.0,1539.699951171875,1505.0,1527.0999755859375,1472.9971923828125,1386218,0.014684369160091304,1484.0349975585937,1570.5179956054687,1506.5379467737234,1533.5630903319868,61.70785325894637,0.012887990586643609,-9.231744998679005,-19.277019477330054,10.045274478651049,0.037996211439196736,0.04459945966415013,0.4296817550348133,0.02901884261367867,-0.027645668588975738,22.0999755859375,1502.199951171875
2025-08-26,1521.0,1526.5,1498.9000244140625,1502.199951171875,1448.979248046875,1510822,-0.01630543174130339,1486.6149963378907,1566.683994140625,1506.1248043354522,1532.3331633061,53.5442865199935,0.013371525461315172,-8.665120726171608,-17.154639727098367,8.489519000926759,0.0036747512390133963,0.03557147142863748,0.0898877377151357,0.010483517839101631,-0.041159572198298626,-24.9000244140625,1495.5999755859375
2025-08-28,1500.0,1509.199951171875,1482.5999755859375,1495.5999755859375,1442.61328125,1771867,-0.004393540008298391,1488.7049926757813,1562.223994140625,1505.1224396926411,1530.8926461406033,58.42540590332282,0.013443098927183409,-8.64893029472455,-15.453497840623605,6.804567545899054,-0.018699560695841666,0.028752184175194095,0.17278342518178835,0.004631530722391947,-0.042646905184257705,-6.5999755859375,1481.4000244140625
2025-08-29,1498.800048828125,1504.699951171875,1478.699951171875,1481.4000244140625,1428.9163818359375,2279980,-0.00949448475773862,1489.6149963378907,1557.6379956054689,1502.8631620470621,1528.9517590140724,49.85605193962323,0.013605785819462975,-9.67044181320216,-14.296886635139318,4.626444821937158,-0.026227583733266835,0.012438541449930396,0.2867670090362313,-0.00551482896186204,-0.048944601638182254,-14.199951171875,1505.5
2025-09-01,1485.0,1509.9000244140625,1485.0,1505.5,1452.1624755859375,1241192,0.01626837801320402,1491.7049987792968,1554.0679956054687,1503.1142894711513,1528.0320821899911,55.43524749502124,0.014042426133352548,-8.438061710416378,-13.12512165019473,4.687059939778353,0.00033222591362136455,0.02855779888129306,-0.4556127685330573,0.00924780786549083,-0.03125216898025526,24.0999755859375,1512.800048828125
2025-09-02,1502.0,1519.9000244140625,1498.5999755859375,1512.800048828125,1459.2039794921875,1137022,0.004848919845981348,1495.4049987792969,1550.4019970703125,1504.036742743244,1527.4347475483494,56.67369619978608,0.013359693990607947,-6.794021418977081,-11.858901603951201,5.06488018497412,-0.009364106467440458,0.0514317469340313,-0.08392738593223292,0.011632333757763114,-0.0242530313513794,7.300048828125,1508.199951171875
2025-09-03,1512.800048828125,1516.0999755859375,1497.300048828125,1508.199951171875,1454.7667236328125,1431929,-0.003040783651357848,1497.0649963378905,1546.9299951171874,1504.4332387840661,1526.6804418080956,49.74284784879042,0.012298888945582884,-5.795490275254451,-10.646219338211852,4.8507290629574005,0.003994142055003591,0.022508441472457674,0.25936789261773296,0.007437856646987747,-0.02503671405141928,-4.60009765625,1500.4000244140625
2025-09-04,1506.0999755859375,1510.800048828125,1495.300048828125,1500.4000244140625,1447.2431640625,1038934,-0.005171679492332548,1497.8149963378905,1543.39599609375,1504.0491231297801,1525.6498372044082,48.6511151261644,0.01229575577515824,-5.569336211419568,-9.630842712853395,4.061506501433827,0.003209446982134656,0.010098289856913745,-0.27445145674122107,0.0017258660665651474,-0.027858029817692885,-7.7999267578125,1477.9000244140625
2025-09-05,1499.0,1507.4000244140625,1462.0999755859375,1477.9000244140625,1425.540283203125,1875965,-0.014996000822371847,1498.7599975585938,1538.8539965820312,1501.5587327759024,1523.7772955263554,48.01445674022653,0.01209165117160715,-7.123553555008357,-9.129384881284388,2.005831326276031,-0.002362629905709901,0.01295409486913135,0.8056633048875097,-0.013918154460027733,-0.03960997749192214,-22.5,1460.699951171875
2025-09-08,1482.4000244140625,1487.9000244140625,1459.0,1460.699951171875,1408.9495849609375,1308412,-0.011638184557853815,1497.6949951171875,1534.2639965820313,1497.6674202421855,1521.303674179121,47.64890333542159,0.011846428650797644,-9.632150723236691,-9.22993804967485,-0.4022126735618414,-0.029757588062520712,-0.014372502583080315,-0.30253922647810594,-0.024701320406307334,-0.04794744944418897,-17.2000732421875,1498.199951171875
2025-09-09,1466.5999755859375,1500.0,1465.699951171875,1498.199951171875,1445.12109375,1749566,0.025672623573318232,1498.5849914550781,1530.7399951171874,1497.7181374735846,1520.3976458258958,50.31874196530568,0.013226196542116571,-8.49635476417643,-9.083221392575167,0.5868666283987363,-0.009651042560158474,0.012023727684588259,0.3371674976995014,-0.0002569358997978908,-0.021257721134294433,37.5,1526.0
2025-09-10,1503.0,1536.0,1501.800048828125,1526.0,1471.9361572265625,1660976,0.018555633249340397,1500.8299926757813,1527.5199951171876,1500.4116481903861,1520.617345989586,50.40305978439603,0.013816165091842995,-5.29199386678124,-8.324975887416382,3.032982020635142,0.011802181013395696,0.030315323174790798,-0.050635414725709094,0.01677072516344364,-0.0009950737941541515,27.800048828125,1521.199951171875
2025-09-11,1526.0,1531.5,1505.699951171875,1521.199951171875,1467.3062744140625,896908,-0.0031455103722968225,1501.4249877929688,1524.5199951171876,1502.3914865695756,1520.6401932516367,49.97894455742487,0.013218642245146942,-3.104056957768762,-7.280792101486859,4.176735143718097,0.013862920834019077,0.007884384786835064,-0.4600114631397444,0.013170796769524004,-0.002177763463874663,-4.800048828125,1525.5
2025-09-12,1529.0,1530.0,1512.5,1525.5,1471.4539794921875,770698,0.002826747939882912,1502.3849853515626,1521.4879956054688,1504.592297372473,1520.8307739084353,54.54142274259358,0.01321526480785356,-1.011463667179214,-6.02692641462533,5.015462747446116,0.03220784545612898,0.012746432018515996,-0.14071677362672652,0.015385546896309289,0.0026368952013549564,4.300048828125,1519.800048828125
2025-09-15,1527.9000244140625,1527.9000244140625,1505.5999755859375,1519.800048828125,1465.955810546875,825515,-0.003736447834726264,1504.039990234375,1518.44599609375,1506.0406546539637,1520.7903533170506,48.25611065521902,0.012866280450236377,0.18486219255987635,-4.784568693188289,4.9694308857481655,0.04046012160734014,0.022264141214344724,0.07112643344085501,0.010478483747825184,0.0008917358522189058,-5.699951171875,1531.5
2025-09-16,1522.9000244140625,1534.0,1510.0,1531.5,1477.2413330078125,1011289,0.0076983489906428115,1507.0549926757812,1515.9719970703125,1508.4653542107292,1521.21033946148,57.47068695485454,0.012642156920751766,2.0533772793705793,-3.4169794986765156,5.470356778047095,0.022226705321995333,0.04098698397868583,0.22504012646650873,0.016220381766438766,0.010242935199130422,11.699951171875,1547.199951171875
2025-09-17,1538.300048828125,1549.4000244140625,1525.5999755859375,1547.199951171875,1492.3851318359375,1946337,0.010251355646016869,1509.5799926757813,1514.4379956054688,1512.1543634451239,1522.2295399207112,62.57308897863711,0.012286835774403471,4.746331047370177,-1.784317389467177,6.530648436837354,0.01389249749139898,0.033740897740031306,0.9246100768425247,0.02492081153606906,0.021633078185751692,15.699951171875,1550.699951171875
2025-09-18,1556.0,1566.9000244140625,1541.800048828125,1550.699951171875,1495.760986328125,2246114,0.0022621510538112233,1510.9099914550782,1512.743994140625,1515.8253718000526,1523.3460266364432,67.8148800165689,0.011655221841243717,7.081308147114896,-0.0111922821507624,7.092500429265659,0.019392585423944064,0.017452907297443643,0.15402111761734982,0.02633509602943138,0.025090800015247994,3.5,1553.800048828125
2025-09-19,1551.0,1557.4000244140625,1541.5999755859375,1553.800048828125,1498.7513427734375,2621234,0.001999160220458762,1512.5349914550782,1511.523994140625,1519.442007707488,1524.540302016509,63.91930284229945,0.011638846307945778,9.077308728927846,1.8065079200649594,7.270800808862887,0.018551326665437573,0.021363307011680543,0.16700844213606247,0.027282051394625462,0.02796915884324809,3.10009765625,1505.4000244140625
2025-09-22,1499.0,1510.0,1453.300048828125,1505.4000244140625,1452.0660400390625,5723501,-0.03114945481599496,1512.5549926757812,1509.6299951171875,1518.104675965257,1523.7897028948444,48.275858146023474,0.013483396115806732,6.6767111263325205,2.7805485613184717,3.896162565014049,-0.009474946671548024,0.00026579695286543803,1.183513948010746,-0.004730385537296249,-0.0028019916912134703,-48.4000244140625,1471.9000244140625
2025-09-23,1511.699951171875,1511.699951171875,1468.199951171875,1471.9000244140625,1419.7528076171875,1380054,-0.022253221374191834,1509.7949951171875,1507.0179956054687,1513.7042329603812,1521.7548135426568,42.54622000819149,0.013903741827573667,2.047448490381157,2.633928547131009,-0.5864800567498518,-0.038916079390099556,-0.036146913793705715,-0.7588793991649516,-0.025099414705758525,-0.023302954107921606,-33.5,1452.4000244140625
2025-09-24,1470.0,1470.0,1439.0,1452.4000244140625,1400.94384765625,2122106,-0.0132481824013575,1507.304998779297,1504.5319970703124,1507.8657369083508,1519.035017890555,40.595618482732235,0.013751227805351289,-3.158354982120727,1.4754718412806618,-4.633826823401389,-0.06127192977611551,-0.03315133029991335,0.5376978002310056,-0.036425922032833236,-0.034649959427757906,-19.5,1444.300048828125
2025-09-25,1452.0,1460.199951171875,1437.0,1444.300048828125,1393.1307373046875,1581629,-0.005576959136450843,1504.7400024414062,1501.837998046875,1501.8118618530912,1516.1042347900677,43.02326583478444,0.013766444861656782,-7.8471351855844205,-0.3890495640923546,-7.458085621492065,-0.06861411342880541,-0.034300566725881665,-0.2546889740663284,-0.040166376593443895,-0.03831168827368705,-8.0999755859375,1407.699951171875
2025-09-26,1439.9000244140625,1441.5,1403.5,1407.699951171875,1357.8272705078125,1851067,-0.025341062396242786,1501.054998779297,1497.8339965820312,1492.8488227405944,1511.8530864128836,39.815534162772806,0.01466799732599964,-14.350920796938226,-3.181423810661529,-11.169496986276696,-0.09402760526776832,-0.04975028488428579,0.17035474185159738,-0.06219295607645362,-0.06017625826081981,-36.60009765625,1410.699951171875
2025-09-29,1415.0,1425.0,1391.9000244140625,1410.699951171875,1360.720947265625,2708118,0.002131135969353881,1496.3149963378905,1494.7739965820313,1485.0251206864307,1507.8862967955893,30.61587853771033,0.014046146050503194,-19.04361982809087,-6.3538630141473975,-12.689756813943472,-0.06290691623912192,-0.06296914568457324,0.4630037702579106,-0.05721726065404103,-0.05624532243830908,3.0,1400.300048828125
2025-09-30,1408.0,1426.699951171875,1392.5,1400.300048828125,1350.6895751953125,2225340,-0.007372157583978578,1490.6899963378905,1491.8019970703126,1476.9560662237348,1503.6672282478455,19.827191141084654,0.013945200058662914,-23.33283640894456,-9.74965769310683,-13.583178715837729,-0.048644591615140564,-0.07436541272400599,-0.17827066619696774,-0.060636314546835594,-0.0613365234943273,-10.39990234375,1416.0
2025-10-01,1401.0,1423.5999755859375,1393.4000244140625,1416.0,1365.833251953125,1683484,0.011211847907178107,1486.0799987792968,1489.24599609375,1471.150726583379,1500.229297728322,26.003655427507923,0.014342591862432934,-25.175014703208262,-12.834729095127116,-12.340285608081146,-0.02506198278862415,-0.061132445403035196,-0.24349357850935138,-0.047157621956329596,-0.049183275486972655,15.699951171875,1400.5999755859375
2025-10-03,1423.0,1423.800048828125,1397.300048828125,1400.5999755859375,1350.9788818359375,2568702,-0.010875723456258868,1481.0899963378906,1486.3139965820312,1464.4316074407654,1496.3222654874442,22.883181907085543,0.014443339709101074,-27.559914007206544,-15.779766077543004,-11.78014792966354,-0.030256921529321246,-0.06651562730219163,0.5258250152659603,-0.05434512484114464,-0.05766885139560285,-15.4000244140625,1439.300048828125
2025-10-06,1404.9000244140625,1442.0,1397.0999755859375,1439.300048828125,1388.3079833984375,3036770,0.02763106805424398,1479.1599975585937,1484.167998046875,1462.038125668133,1494.086100128255,34.71325767726155,0.015720851284640777,-26.027166433957063,-17.829246148825817,-8.197920285131246,0.02244803491677594,-0.02611812365402799,0.1822196580218336,-0.026947692471577737,-0.030231044785896905,38.7000732421875,1438.9000244140625
2025-10-07,1440.0,1445.800048828125,1426.5999755859375,1438.9000244140625,1387.922119140625,1105550,-0.00027792982734087257,1478.070001220703,1482.9739990234375,1459.8344969772693,1491.921940296326,31.62699787103665,0.015528089805551763,-24.561600722317053,-19.175717063524065,-5.385883658792988,0.019990128459819845,-0.014924301695446118,-0.6359454288602693,-0.026500758945307717,-0.02971999147550694,-0.4000244140625,1458.199951171875
2025-10-08,1432.0999755859375,1472.800048828125,1432.0999755859375,1458.199951171875,1406.5382080078125,1154614,0.013412972708560345,1476.070001220703,1482.8999975585937,1459.678825948184,1490.599509350269,32.58999100233251,0.014652114222738136,-21.59386589949918,-19.659346830719088,-1.9345190687800908,0.04134821132956823,-0.02669870598294466,0.044379720501108055,-0.012106505812088577,-0.016656582660586793,19.2999267578125,1466.5999755859375
2025-10-09,1458.199951171875,1475.4000244140625,1452.0,1466.5999755859375,1414.640625,1354036,0.005760543612219893,1473.1,1483.2199975585938,1460.3379830565416,1489.6583511634326,33.857977701208554,0.01400696874889345,-18.352546174522786,-19.39798669947983,1.0454405249570442,0.035734446035266654,-0.03892531088732798,0.1727174622860974,-0.004412480085576274,-0.011205365353766253,8.4000244140625,1457.199951171875
2025-10-10,1477.0,1477.699951171875,1450.0999755859375,1457.199951171875,1405.5736083984375,937053,-0.006409398998051263,1469.9,1483.2879956054687,1460.0391228770495,1488.3854727323912,31.896536735928294,0.014041343359935817,-16.35376433556894,-18.789142226697653,2.435377891128713,0.04041123559370274,-0.04207204973330225,-0.30795562304104174,-0.008640076759048296,-0.017587983258062267,-9.4000244140625,1450.9000244140625
2025-10-13,1455.0,1461.5,1439.199951171875,1450.9000244140625,1399.4969482421875,1229414,-0.0043233097508315055,1466.1700012207032,1483.0419970703124,1459.1687325472412,1486.9154551512804,37.872716545827714,0.014001535201119967,-15.10395774344397,-18.052105330046917,2.9481475866029463,0.00805945611923109,-0.04890198334050311,0.3120004951694302,-0.010414874669327022,-0.02167300232882482,-6.2999267578125,1468.0
2025-10-14,1460.0,1479.800048828125,1457.9000244140625,1468.0,1415.990966796875,1430713,0.011785771106347154,1463.5799987792968,1483.127998046875,1460.0098056379802,1486.1736725963283,49.06384402655192,0.014350020046132067,-12.588539053374461,-16.959392074712426,4.370853021337965,0.020223764745425754,-0.03408346306349086,0.16373573100680483,0.003019992910800698,-0.010200062345796897,17.0999755859375,1459.0
2025-10-15,1470.0,1479.0,1440.4000244140625,1459.0,1407.309814453125,2810322,-0.006130790190735702,1459.9549987792968,1483.5319970703124,1459.9136336724582,1485.1080383768644,51.66834631693736,0.014209152629893139,-11.192259007839994,-15.80596546133794,4.613706453497947,0.0005486550918356592,-0.04733920992491025,0.9642807467325731,-0.0006541289149976039,-0.016536210286504323,-9.0,1463.800048828125
2025-10-16,1466.0,1466.699951171875,1447.9000244140625,1463.800048828125,1411.93994140625,1619438,0.0032899580727381306,1455.7850036621094,1483.307998046875,1460.2837684491883,1484.2724309435805,55.012853470437015,0.01396806856486347,-9.58785041598594,-14.56234245226754,4.9744920362816,-0.0019091277815506125,-0.05390376484990289,-0.42375357699224503,0.005505651690224399,-0.013151651069391333,4.800048828125,1447.5999755859375
2025-10-17,1465.0,1465.0,1440.0999755859375,1447.5999755859375,1396.313720703125,1433539,-0.011067135333925449,1450.6300048828125,1482.5519970703126,1459.0757881764978,1482.8342954393593,61.45894026687197,0.014037986144210809,-9.513885419853068,-13.552651045784646,4.038765625931578,-0.006587960408739546,-0.06648608939983791,-0.11479229214085385,-0.002088767836509612,-0.02357557883530843,-16.2000732421875,1444.4000244140625
2025-10-20,1440.0,1455.0,1439.0,1444.4000244140625,1407.81494140625,1800507,-0.0022105217089271045,1445.1600036621094,1482.2599975585938,1457.678096389599,1481.3270691246419,59.66726546277133,0.01398517609131106,-9.602782050042833,-12.762677246636285,3.1598951965934514,-0.004479977869340068,-0.07040804542165635,0.25598745482334273,-0.0005258789657346237,-0.025542059562350627,-3.199951171875,1448.699951171875
2025-10-21,1450.0,1457.300048828125,1442.0,1448.699951171875,1412.0059814453125,114229,0.0029769639193664155,1442.325,1481.5939965820312,1456.823034940292,1480.047574302965,64.38760891621561,0.012436790523477282,-9.219982893015185,-12.054138375912064,2.834155482896879,-0.013147172226243176,-0.037664456172874394,-0.9365573141342967,0.0044199131068760195,-0.022201794476787322,4.2999267578125,1463.4000244140625
2025-10-23,1465.0,1487.5,1460.9000244140625,1463.4000244140625,1426.3336181640625,3244860,0.010147079269448689,1441.9,1481.2539965820313,1457.449414890175,1479.3947292092826,64.17464223996005,0.011728467317713749,-7.642342578098123,-11.171779216349277,3.5294366382511537,0.0030157809554918202,-0.005774848739053207,27.406621786061333,0.014910898407699847,-0.012053282022641977,14.7000732421875,1453.699951171875
2025-10-24,1465.4000244140625,1468.0,1450.0,1453.699951171875,1416.8792724609375,969361,-0.006628449556075,1441.9649963378906,1480.70599609375,1457.0923231074796,1478.3870908548745,66.43960849850606,0.011431218634648306,-7.093002389683988,-10.35602385101622,3.2630214613322313,-0.0068999161902856265,0.0008950197851564923,-0.7012626122544579,0.0081381690011805,-0.018238627379857705,-9.7000732421875,1462.800048828125
2025-10-27,1457.9000244140625,1475.5999755859375,1457.0,1462.800048828125,1425.7489013671875,1036807,0.006259955948209273,1442.8899963378906,1479.77599609375,1457.6359160332554,1477.775834304806,58.908253942987024,0.011427887162169576,-5.855842002938516,-9.45598748140068,3.6001454784621636,0.010500188932398347,0.012808972771973792,0.0695777940313258,0.01379873208683052,-0.011471970967523122,9.10009765625,1447.4000244140625
2025-10-28,1469.0,1469.5999755859375,1435.300048828125,1447.4000244140625,1410.7388916015625,1432913,-0.010527771328965763,1444.875,1478.5979956054687,1456.66106921238,1476.5846260737965,52.893121689604335,0.010048128817704078,-6.048315533500045,-8.774453091820554,2.7261375583205094,0.002076986949108406,0.02820208469080221,0.3820441027114978,0.0017475729139631456,-0.02109969801401696,-15.4000244140625,1452.199951171875
2025-10-29,1453.0,1461.199951171875,1442.5999755859375,1452.199951171875,1415.417236328125,1311858,0.003316240622391664,1446.95,1477.9079956054688,1456.23620082757,1475.6283643129368,47.73414147970445,0.010055915335784937,-5.747287070683797,-8.169019887593203,2.4217328169094063,0.002415959217206387,0.02941802044121844,-0.08448175150898907,0.003628287896523691,-0.017394888254232483,4.7999267578125,1433.800048828125
2025-10-30,1453.199951171875,1458.0999755859375,1432.5,1433.800048828125,1397.4833984375,1797868,-0.012670364249015353,1448.625,1477.1599975585937,1454.0994244466706,1473.9880382154931,38.483173759002035,0.010366878973312833,-6.913740888540815,-7.9179640877827255,1.0042231992419106,-0.02022685191479967,0.023923444141871864,0.37047454831239346,-0.010233808730261454,-0.02935358986307015,-18.39990234375,1424.4000244140625
2025-10-31,1433.800048828125,1437.5,1420.300048828125,1424.4000244140625,1388.321533203125,1757591,-0.006556021825878222,1449.0450012207032,1475.7139990234375,1451.270910157851,1472.0434102232803,38.483173759002035,0.010227150567256307,-8.498699634837976,-8.034111197193777,-0.4645884376441991,-0.020155415657951203,0.005932220631400087,-0.022402645800470355,-0.017007737362110406,-0.03477230319921905,-9.4000244140625,1419.800048828125
2025-11-03,1419.0999755859375,1424.0,1414.0,1419.800048828125,1383.8380126953125,2136091,-0.0032294127401674144,1450.0050048828125,1473.6280004882813,1448.2736852693056,1469.994650952882,38.9481309890987,0.009924036888822747,-10.010574771871006,-8.429403912129223,-1.5811708597417837,-0.029395678537506242,0.013708463213527589,0.21535158065784366,-0.020830932274698337,-0.03652750330634364,-4.5999755859375,1409.199951171875
2025-11-04,1419.9000244140625,1425.300048828125,1405.5999755859375,1409.199951171875,1373.5064697265625,1191278,-0.007465908784127118,1448.5,1471.3859985351562,1444.5523772600266,1467.6105450791172,28.092413095523966,0.007789945616646907,-11.926603541020995,-9.128843837907578,-2.7977597031134174,-0.026392201601386334,-0.020913010932471998,-0.4423093398174516,-0.027131549070158786,-0.04226358509948495,-10.60009765625,1413.5999755859375
2025-11-06,1412.0,1420.9000244140625,1410.0,1413.5999755859375,1377.7950439453125,2502412,0.003122356348652655,1447.2349975585937,1469.557998046875,1441.604529481542,1465.492483530365,32.48458817822612,0.007844080289800496,-12.940850873665795,-9.891245245059222,-3.0496056286065727,-0.02658034491379002,-0.017582909443918826,1.1006112762931912,-0.023240884880062082,-0.038078131339701296,4.4000244140625,1386.699951171875
2025-11-07,1400.0999755859375,1409.800048828125,1385.0,1386.699951171875,1351.5762939453125,1209479,-0.019029446009230733,1443.6599975585937,1466.7499975585938,1436.3755220234784,1462.4025803006202,24.588003167225665,0.00808838987594513,-15.733885906647174,-11.059773377376814,-4.67411252927036,-0.0328498368337663,-0.04903305609257458,-0.5166747122376332,-0.039455305600380346,-0.054576476236551666,-26.9000244140625,1397.800048828125
2025-11-10,1386.699951171875,1404.300048828125,1383.5999755859375,1397.800048828125,1362.395263671875,2883323,0.008004685979017712,1440.2200012207031,1464.6619995117187,1432.7016674334448,1459.869147693856,33.015057258884426,0.00822316022340728,-16.857379798579586,-12.219294661617369,-4.638085136962218,-0.018674512166538038,-0.04691117407821144,1.3839380427440244,-0.029453800361489063,-0.04565008903479696,11.10009765625,1408.0
2025-11-11,1405.0,1410.4000244140625,1392.199951171875,1408.0,1372.3369140625,2488036,0.00729714609784593,1437.7600036621093,1462.91,1430.3491276778786,1457.8350634705675,38.151050669438675,0.008436935535221688,-16.731831844945873,-13.121802098283071,-3.6100297466628017,-0.008311063827518894,-0.03376334945132864,-0.13709424854586183,-0.020698867395328686,-0.03753477657545582,10.199951171875,1456.0999755859375
2025-11-12,1415.0,1460.199951171875,1414.0,1456.0999755859375,1419.218505859375,2958869,0.03416191447864869,1438.020001220703,1462.4039990234376,1432.801589383408,1457.7670208084253,51.87437040188535,0.011599015064563867,-12.60575682775152,-13.018593044176763,0.4128362164252426,0.03328131282935476,0.003583948641792123,0.18923882130322878,0.012572825377871471,-0.0043107263394450215,48.0999755859375,1451.4000244140625
2025-11-13,1463.0,1463.800048828125,1442.300048828125,1451.4000244140625,1414.6375732421875,1178211,-0.0032277668090638922,1437.1900024414062,1461.3219995117188,1434.572868910137,1457.5173346753131,46.79829492529224,0.011294445669962747,-9.604346502318322,-12.335743735805075,2.731397233486753,0.02674027269451318,-0.011307885276524154,-0.6018035945491335,0.009887364891571174,-0.0067897253999950604,-4.699951171875,1439.199951171875
2025-11-14,1444.199951171875,1445.800048828125,1422.9000244140625,1439.199951171875,1402.74658203125,1220596,-0.008405727598849055,1436.2,1459.8499975585937,1435.013543411255,1456.7990059104725,46.18220410346207,0.011365282925601185,-8.116588169776833,-11.491912622599427,3.3753244528225945,0.037859668168036764,-0.013570972466158349,0.03597403181603287,0.0020888115665471064,-0.014145320698190354,-12.2000732421875,1452.800048828125
2025-11-17,1440.0,1455.9000244140625,1438.300048828125,1452.800048828125,1416.002197265625,999416,0.009449762449738941,1435.65,1458.7419995117189,1436.7074963080995,1456.6421840641058,47.42798547716018,0.011558693829111759,-5.77356073814417,-10.348242245708375,4.574681507564206,0.03934754476944713,-0.007514687548211385,-0.1812065581076785,0.011945842529951525,-0.00407333900414384,13.60009765625,1422.0
2025-11-18,1444.0,1451.0999755859375,1419.5,1422.0,1385.9822998046875,1553597,-0.021200473425761035,1434.3700012207032,1457.1739990234375,1435.3067823739948,1455.283667041984,43.946614937135,0.01225591764729682,-6.329043873574392,-9.54440257128158,3.215358697707188,0.009943181818181879,-0.017684426649410168,0.5545048308211995,-0.00862399604716766,-0.02413850305249085,-30.800048828125,1433.9000244140625
2025-11-19,1427.5,1443.5,1417.800048828125,1433.9000244140625,1397.580810546875,5777445,0.008368512246176074,1433.8450012207031,1456.2939990234374,1435.17280542543,1454.4450928212812,45.781488220426404,0.012419973112715527,-5.742835905355605,-8.784089238096385,3.04125333274078,-0.015246172339877795,-0.007269454321879754,2.718753962578455,3.837457557304383e-05,-0.015377372030916768,11.9000244140625,1456.0
2025-11-20,1445.300048828125,1464.699951171875,1430.699951171875,1456.0,1419.12109375,2818268,0.015412494043975045,1434.2100036621093,1456.2,1437.1563477658653,1454.5060695733878,55.03171277774273,0.012894445407987282,-3.455149719350402,-7.7183013343471885,4.2631516149967865,0.0031693368530805177,0.005039034357818384,-0.512194750447646,0.015193030506168645,-0.00013734377145999552,22.0999755859375,1461.5
2025-11-21,1455.0,1469.0,1440.0,1461.5,1424.4818115234375,2615232,0.003777472527472625,1434.1150024414062,1455.4660009765626,1439.4747908357829,1454.7803413548236,58.560203333804644,0.012716645517394595,-1.1846816281004067,-6.411577393097832,5.226895764997425,0.015494753741456924,-0.00129836297824526,-0.0720428291418701,0.019095398564253335,0.004145750583929037,5.5,1494.699951171875
2025-11-24,1470.0,1513.800048828125,1461.800048828125,1494.699951171875,1456.8408203125,6808658,0.022716353863752925,1436.1650024414062,1454.84,1444.7343299154106,1456.34581624961,65.26698183627767,0.013574194417895239,3.256104937195005,-4.478040927039265,7.73414586423427,0.028840790842172614,0.028203894460441248,1.6034623314489882,0.040757815871409246,0.02739816830158305,33.199951171875,1494.699951171875
2025-11-25,1501.199951171875,1502.0,1483.5,1494.699951171875,1456.8408203125,1675981,0.0,1437.7599975585938,1454.31,1449.4929605112643,1457.8498999720518,68.21472706619565,0.01353024510956681,6.698247061717666,-2.242783329287879,8.941030391005544,0.05112514147107938,0.021807424992435376,-0.7538456183288983,0.03960323956012742,0.02777258711820386,0.0,1520.4000244140625
2025-11-26,1498.0,1522.699951171875,1496.199951171875,1520.4000244140625,1481.889892578125,1592891,0.01719413533267211,1441.4099975585937,1454.2080004882812,1456.2460142162927,1460.3028460286014,70.85936464370285,0.013688318601547995,11.368897052538614,0.47955274707741946,10.889344305461194,0.06032498676840925,0.050435262379902035,-0.0495769343447211,0.05480052656028416,0.04551757651144536,25.7000732421875,1509.800048828125
2025-11-27,1523.0,1532.0,1505.0,1509.800048828125,1471.5584716796875,1426194,-0.006971833343677125,1444.2900024414062,1454.0080004882811,1461.3463984650386,1462.2439128050532,75.6779301943753,0.013850430749707794,14.053096035044064,3.1942614046707485,10.858834630373316,0.03695058298634968,0.039664026713241984,-0.10465060070023624,0.045357958772809924,0.03837121138336785,-10.5999755859375,1517.300048828125
2025-11-28,1515.800048828125,1525.300048828125,1503.699951171875,1517.300048828125,1478.868408203125,1247146,0.004967545209593416,1448.4650024414063,1453.7240014648437,1466.6753175472372,1464.402976962821,75.30706280646822,0.013419481224762683,16.594242291593446,5.874257582055288,10.719984709538158,0.038179985513599135,0.05823685113433097,-0.1255425278748894,0.047522754274833226,0.043733230860341414,7.5,1529.5
2025-12-01,1515.300048828125,1532.0,1509.699951171875,1529.5,1490.7593994140625,1527101,0.0080405659917413,1453.7200012207031,1453.3700024414063,1472.6586206379766,1466.9558013956516,75.51447924549197,0.01327316244143928,19.369276149705,8.57326129558523,10.796014854119772,0.02328229742754795,0.07378543511972424,0.22447652480142666,0.05212833194539778,0.05238170419831747,12.199951171875,1536.699951171875
2025-12-02,1523.0999755859375,1539.0,1520.0,1536.699951171875,1497.7769775390625,1754978,0.0047073888014874665,1459.5649963378905,1453.0900024414063,1478.7577949745382,1469.6908660927586,70.43609169631245,0.01317496845330013,21.897070563364196,11.238023149141025,10.65904741422317,0.028099285055218637,0.08233546860365082,0.1492219571593496,0.05284790675819116,0.05753941503278638,7.199951171875,1541.699951171875
2025-12-03,1537.9000244140625,1550.800048828125,1530.300048828125,1541.699951171875,1502.650390625,2142830,0.003253725619101422,1466.1899963378905,1452.8480004882813,1484.7522860409513,1472.5147517821356,72.86072682164334,0.01289711328311861,24.026857405252713,13.795790000363363,10.23106740488935,0.014009422793860526,0.09402498196924758,0.22100106098196104,0.051500798002022945,0.061157086394262754,5.0,1562.300048828125
2025-12-04,1545.0999755859375,1577.9000244140625,1541.0999755859375,1562.300048828125,1522.7286376953125,2422663,0.013361937023213644,1473.625,1453.9860009765625,1492.1377872587775,1476.035743823155,79.89315446300365,0.013038587650147572,27.064996112583913,16.449631222807476,10.615364889776437,0.03477281646715369,0.10519247015447308,0.13059038747824148,0.06017477229832895,0.07449456031819691,20.60009765625,1570.800048828125
2025-12-05,1567.0999755859375,1583.0,1556.5999755859375,1570.800048828125,1531.0133056640625,2223397,0.0054406962390969316,1482.8300048828125,1455.9640014648437,1499.629431217763,1479.7519910782519,79.38246297464853,0.011739126394847395,29.8149338905489,19.122691756355763,10.692242134193137,0.03526000018343134,0.13276130679940557,-0.08225081243243493,0.05932577817796767,0.07887286172442785,8.5,1591.800048828125
2025-12-08,1581.0,1595.699951171875,1572.699951171875,1591.800048828125,1551.4814453125,2833786,0.013368983541645951,1492.5300048828126,1458.752001953125,1508.4075852758929,1484.146032558639,94.45027456233639,0.011840549211523351,33.30488589447532,21.959130583979675,11.345755310495644,0.04073229737046424,0.13878952155041335,0.27452991975792007,0.06651125513091892,0.09120676214796054,21.0,1561.5999755859375
2025-12-09,1579.0999755859375,1586.0,1559.0,1561.5999755859375,1522.0462646484375,1533609,-0.018972278122758368,1500.2100036621093,1461.0980004882813,1513.473527210183,1487.1834420891214,80.50643129011902,0.01314287959554869,33.25051326404969,24.21740711999368,9.033106144056006,0.016203569470457646,0.10909089175137598,-0.45881269792426105,0.0409209189206653,0.06878523895321852,-30.2000732421875,1550.800048828125
2025-12-10,1563.0,1572.9000244140625,1548.199951171875,1550.800048828125,1511.5198974609375,735586,-0.006915936812665557,1504.9450073242188,1463.9600024414062,1517.0284340309395,1489.678210980847,73.93940626972854,0.011497216021466238,31.96745777789033,25.76741725157301,6.20004052631732,0.0059026386096288075,0.06503679337270785,-0.5203562316079262,0.030469579473495965,0.0593185922032692,-10.7999267578125,1568.199951171875
2025-12-11,1550.0,1572.0,1541.0,1568.199951171875,1528.4791259765625,1248064,0.011219952151083845,1510.7850036621094,1467.1100024414063,1521.9019118538856,1492.757494909907,75.41686536783949,0.011524737740319362,31.985939760282236,27.01112175331486,4.974818006967375,0.0037764207638446567,0.08047397326244732,0.6966935205400864,0.03800338722623872,0.0689041370873661,17.39990234375,1578.4000244140625
2025-12-12,1575.0,1580.5,1558.699951171875,1578.4000244140625,1538.4207763671875,754479,0.006504319321375629,1517.7450073242187,1470.672001953125,1527.2826844786644,1496.1160254786976,72.39166995953849,0.011160540201442574,32.449588868253386,28.09881517630257,4.350773691950817,0.004838283263109977,0.09672045439470955,-0.3954805202297318,0.03996390487014578,0.07325088280586663,10.2000732421875,1575.4000244140625
2025-12-15,1571.0,1588.699951171875,1567.699951171875,1575.4000244140625,1535.496826171875,784781,-0.0019006588656850232,1523.8750061035157,1473.8600024414063,1531.8652882820356,1499.2252019075354,71.24804182916458,0.011194096904552602,32.20373459252414,28.919799059546886,3.2839355329772566,-0.010302816880886634,0.08438874687871234,0.040162814339431474,0.033811840278353336,0.06889393959023114,-3.0,1578.199951171875
2025-12-16,1570.0,1580.300048828125,1564.699951171875,1578.199951171875,1538.225830078125,999338,0.0017772798745854246,1531.6850036621095,1477.412001953125,1536.2781133191631,1502.3222508982938,67.30537994229798,0.009511416068777935,31.867475575495973,29.509334362736706,2.358141212759268,0.010630107483005746,0.1098452539886603,0.27339729172852034,0.03036848137740647,0.06821925711007448,2.7999267578125,1579.4000244140625
2025-12-17,1578.199951171875,1586.199951171875,1570.300048828125,1579.4000244140625,1539.3955078125,582251,0.0007604063358996882,1538.9600036621093,1480.2140014648437,1540.3849619948678,1505.3449086832259,72.08121394916886,0.009532983262178092,31.336595002266904,29.874786490642744,1.4618085116241595,0.018442078079343283,0.10147150953530115,-0.41736329450095966,0.026277499516376056,0.06700789402820316,1.2000732421875,1605.5999755859375
2025-12-18,1581.0,1608.800048828125,1574.5999755859375,1605.5999755859375,1564.931884765625,1748780,0.01658854676895105,1546.4400024414062,1483.5480004882813,1546.595915670208,1509.2764799343126,75.04253075473828,0.009604681821173607,32.65357533037354,30.430544258588906,2.2230310717846358,0.023849015162967113,0.10274723597935265,2.0034813164769147,0.03825558899868978,0.08227032428845249,26.199951171875,1612.5
2025-12-19,1611.0,1624.0,1595.0,1612.5,1571.6571044921875,1802793,0.004297474164786541,1553.9900024414062,1486.6340014648438,1552.8724951301879,1513.3244611133593,74.26900584795322,0.00960205577434193,33.8637063061617,31.11717666810347,2.7465296380582345,0.021604140305684583,0.10331850838179957,0.030886103454980107,0.037651463308432664,0.0846650879847596,6.9000244140625,1646.699951171875
2025-12-22,1615.9000244140625,1649.800048828125,1612.800048828125,1646.699951171875,1604.9908447265625,1466208,0.02120927204457357,1561.5900024414063,1490.2360009765625,1561.8084433246343,1518.5548724882033,77.77777777777777,0.009460341489551554,37.15410467063339,32.324562268609455,4.829542402023932,0.04525829989391483,0.10169265067602962,-0.18670196744717782,0.05450210913069811,0.1049927327569462,34.199951171875,1633.0
2025-12-23,1646.5,1646.5,1628.800048828125,1633.0,1591.6378173828125,1161166,-0.00831964023690257,1568.5050048828125,1493.752001953125,1568.588591579431,1523.0429167043521,72.08516458530927,0.009861392707111775,38.21576990919357,33.502803796726276,4.712966112467292,0.034723134281834156,0.09252696417076556,-0.20804824417817935,0.041118769093125146,0.09322029216684166,-13.699951171875,1631.5
2025-12-24,1630.0,1636.5999755859375,1615.300048828125,1631.5,1590.1759033203125,955523,-0.0009185548071034555,1574.0600036621095,1497.3640014648438,1574.5801542861518,1527.2961356571227,68.44349818911543,0.009455734700094047,38.49239344471289,34.5007217263236,3.9916717183892914,0.032987194365319716,0.0730728583280269,-0.17710043180733848,0.036491617984228196,0.08958142335726878,-1.5,1612.300048828125
2025-12-26,1630.5,1633.699951171875,1608.0,1612.300048828125,1571.462158203125,461192,-0.011768281441541517,1579.1850036621095,1500.2500024414062,1578.172525194911,1530.6296224481423,60.46395382622784,0.00979214874453954,36.7388414950733,34.948345680073544,1.7904958149997583,0.004172940548122783,0.0678897845311095,-0.5173407652144428,0.020969705949095373,0.07468758287243865,-19.199951171875,1612.4000244140625
2025-12-29,1614.0,1629.800048828125,1610.0999755859375,1612.4000244140625,1571.5596923828125,891096,6.200805241562968e-05,1583.9400024414062,1503.3180029296875,1581.4322870253063,1533.8363048781785,55.80608824717411,0.009810528090424318,34.95427501152653,34.94953154636414,0.004743465162391658,-6.200036337211667e-05,0.06267710573092455,0.9321584069107878,0.017967866162095402,0.0725608429299685,0.0999755859375,1604.5999755859375
2025-12-30,1614.9000244140625,1616.199951171875,1599.0,1604.5999755859375,1563.9571533203125,1973547,-0.004837539512540956,1587.695001220703,1506.1340014648438,1583.6387335548902,1536.6113507882867,63.87098959014237,0.009890784299858953,32.535544953950875,34.46673422788149,-1.9311892739306131,-0.025566270015358272,0.049100997440952865,1.2147411726682646,0.010647494860308205,0.06537663582744109,-7.800048828125,1590.9000244140625
2025-12-31,1614.800048828125,1614.800048828125,1588.300048828125,1590.9000244140625,1550.604248046875,729913,-0.008537923083834165,1590.4050048828126,1509.0000024414062,1584.3302850652876,1538.7403183814545,62.69792000865857,0.010170867188664466,29.176879488248233,33.40876327995484,-4.231883791706608,-0.025780756635601643,0.03527043337305691,-0.6301517014796202,0.0003112537559490289,0.05427436835000035,-13.699951171875,1607.699951171875
2026-01-01,1591.0,1613.5,1587.199951171875,1607.699951171875,1566.9786376953125,565878,0.010560014142937835,1593.7050048828125,1512.2660009765625,1586.5559675516292,1541.444617706569,62.555641781778675,0.010355974692348207,27.553111477415314,32.23763291944694,-4.684521442031624,-0.01458783256397489,0.04280988654752971,-0.22473226261211954,0.008781390687852877,0.06310658980211481,16.7999267578125,1612.0
2026-01-02,1611.0,1619.0999755859375,1601.9000244140625,1612.0,1571.1697998046875,637080,0.0026746588037094288,1596.1900024414062,1515.532001953125,1588.9792087371884,1544.2114954435665,61.096441330777964,0.010017126312106335,26.309956828693657,31.052097701296283,-4.742140872602626,-0.00018609986915463228,0.03181203969695501,0.12582570801480175,0.009904834345793437,0.063652894114115,4.300048828125,1596.9000244140625
2026-01-05,1601.9000244140625,1610.0999755859375,1576.0999755859375,1596.9000244140625,1556.4522705078125,907810,-0.009367230512368208,1597.4950012207032,1518.202001953125,1589.733572134986,1546.277712265939,56.574933365188635,0.010263662545827345,23.83159024145857,29.607996209328743,-5.776405967870172,-0.009612999110213072,0.016615721145036177,0.424954479814152,-0.0003724436108946024,0.05183633163419266,-15.0999755859375,1601.800048828125
2026-01-06,1603.9000244140625,1625.4000244140625,1596.0999755859375,1601.800048828125,1561.2281494140625,570335,0.0030684603539037347,1597.9950012207032,1521.16400390625,1590.8827603914756,1548.4550587977897,57.125639653426155,0.009853942919341586,22.009150102251397,28.088226987913277,-6.07907688566188,-0.0017449375547884394,0.006282196063106094,-0.3717462905233474,0.0023811386171515682,0.05300943535003915,4.9000244140625,1625.199951171875
2026-01-07,1599.0,1633.9000244140625,1595.800048828125,1625.199951171875,1584.035400390625,1309781,0.014608503952081575,1601.175,1524.412001953125,1594.1510642753233,1551.4646624203028,62.19382432375338,0.00922769181915345,22.1971547373912,26.910012537808864,-4.7128578004176624,0.02156007683163197,0.04072744401912143,1.2965116992644674,0.01500457549729108,0.0661159509959364,23.39990234375,1577.9000244140625
2026-01-08,1625.0,1632.800048828125,1574.5,1577.9000244140625,1537.9334716796875,1657201,-0.029104066071197088,1602.5299987792969,1527.022001953125,1592.6033461932984,1552.5013432828034,43.370034348035944,0.011431504608487407,18.318279257320455,25.191665881711184,-6.873386624390729,-0.018535751485276197,0.01747483539635941,0.26525045026611327,-0.015369431077106754,0.03331846063505461,-47.2999267578125,1582.199951171875
2026-01-09,1583.0,1606.4000244140625,1578.0999755859375,1582.199951171875,1542.12451171875,1410053,0.0027250945505303825,1603.229998779297,1529.622001953125,1591.6125466674487,1553.665994572571,42.656298261662975,0.011184148172633995,15.413533032733312,23.23603931191561,-7.822506279182299,-0.01848638264772018,0.008927433003385943,-0.14913580187315845,-0.013117299216852384,0.034373164841781156,4.2999267578125,1586.0999755859375
2026-01-12,1572.0999755859375,1594.0,1562.800048828125,1586.0999755859375,1545.92578125,652320,0.00246493776666723,1603.6149963378907,1532.6680004882812,1591.087539897781,1554.9379153966247,32.78406202294509,0.01110629199900679,13.273194969204496,21.24347044337339,-7.9702754741688935,-0.0067631339864796525,0.004878326820055179,-0.5373790914242231,-0.010922210625338092,0.0348620673757355,3.9000244140625,1614.800048828125
2026-01-13,1582.0,1622.9000244140625,1582.0,1614.800048828125,1573.89892578125,2573438,0.018094744142206576,1605.5849975585938,1536.4760009765625,1593.3458740816234,1557.2854500409974,45.23560878651729,0.01177727165492918,13.734494978988096,19.74167535049633,-6.007180371508234,0.008115869399249132,0.025009536500874674,2.9450545744419916,0.005739373053150907,0.05097642124041039,28.7000732421875,1588.5
2026-01-14,1612.9000244140625,1613.0,1583.0999755859375,1588.5,1548.2650146484375,1570385,-0.01628687641371529,1606.1,1539.85,1592.8843622643258,1558.5095500393898,40.037062345290735,0.012414342524953399,11.841384311144793,18.161617142626024,-6.320232831481231,-0.022581806715790242,0.006526453647699659,-0.3897715818294437,-0.01095822177946573,0.03159398642724947,-26.300048828125,1588.5
2026-01-15,1588.5,1588.5,1588.5,1588.5,1548.2650146484375,0,0.0,1606.554998779297,1543.4360009765626,1592.4668039534376,1559.6856461162765,43.947083784008655,0.012414340871541248,10.223233396895466,16.573940393479912,-6.350706996584446,0.0067177738905692674,0.005761666104388885,-1.0,-0.01123833220338901,0.02919719314239433,0.0,1670.5
2026-01-16,1600.0,1680.699951171875,1600.0,1670.5,1628.18798828125,3733401,0.051621026125275415,1609.8,1548.5740014648438,1599.8985369102531,1564.0313070528932,60.430879901607334,0.01659282820886641,15.380257798587536,16.33520387450144,-0.9549460759139023,0.055808400678261094,0.04042104222776799,inf,0.03770654739719223,0.07873437008487977,82.0,1718.300048828125
2026-01-19,1690.0,1736.0,1673.5,1718.300048828125,1674.77734375,10621562,0.028614216598698006,1615.0900024414063,1555.2060034179688,1611.174871378622,1570.081061632314,67.8493119026074,0.01762045493634047,23.058497247187233,17.679862549038596,5.3786346981486375,0.08334914272560279,0.06561243338178291,1.845009684199474,0.06390358817818452,0.10486973754712543,47.800048828125,1678.5
2026-01-20,1715.0,1716.699951171875,1675.0,1678.5,1635.9853515625,1825981,-0.023162455739478394,1616.6800048828125,1560.8200024414064,1617.5867883901817,1574.3327847055566,62.710386214767965,0.018038996628246835,25.636504347439768,19.27119090871883,6.365313438720939,0.03944757818040845,0.019311380197402972,-0.8280873378134026,0.03823885674992848,0.07539626438315804,-39.800048828125,1686.699951171875
2026-01-21,1678.5,1694.300048828125,1660.0999755859375,1686.699951171875,1643.9776611328125,1766163,0.004885285178358734,1619.3650024414062,1566.3940014648438,1624.1689943693907,1578.7393402532555,61.75595238095238,0.017916958307593312,28.01828374342881,21.020609475660827,6.997674267767984,0.06181929567005029,0.032884232193432394,-0.032759377014328184,0.04158108186168806,0.07680439888975876,8.199951171875,1687.4000244140625
2026-01-22,1695.0,1712.5999755859375,1682.699951171875,1687.4000244140625,1644.6600341796875,3123567,0.00041505499641547594,1622.1600036621094,1571.0200024414062,1630.190997230788,1583.0005435536793,61.34175975873854,0.0179089064268091,29.62089983945293,22.74066754841925,6.880232291033682,0.062260009074008416,0.034262963171353134,0.7685609991829747,0.04021799366564977,0.07407927447887279,0.7000732421875,1701.0999755859375
2026-01-23,1699.0,1709.699951171875,1689.199951171875,1701.0999755859375,1658.012939453125,1831521,0.008118970590054397,1626.6,1576.0140014648437,1636.9442332646117,1587.6318938294544,65.74017389303248,0.017664199014609402,31.63182422652244,24.51889888403989,7.112925342482551,0.018317854286703072,0.05507655155276803,-0.41364440077642006,0.04580104241112603,0.07936856779497599,13.699951171875,1745.0999755859375
2026-01-27,1720.0,1749.0,1700.0,1745.0999755859375,1700.8984375,2932973,0.025865616737102304,1633.2349975585937,1582.132001953125,1647.244780152357,1593.8071127218655,69.35962391390893,0.018379189591977457,36.35682966680156,26.886485040592223,9.470344626209336,0.015596767733371042,0.08229964597035866,0.6013864978889132,0.06849288571121899,0.1030052950269828,44.0,1762.9000244140625
2026-01-28,1748.0,1765.699951171875,1739.9000244140625,1762.9000244140625,1718.2476806640625,2534826,0.010200016662167632,1641.15,1588.3340014648438,1658.2595653201386,1600.4382072980302,68.88889260997627,0.018300833255314574,41.064381075910205,29.722064247655823,11.342316828254383,0.050283005310731266,0.09865390205451052,-0.13574860730051042,0.07418579923472102,0.10990510987501675,17.800048828125,1768.4000244140625
2026-01-29,1751.0999755859375,1776.5999755859375,1736.0999755859375,1768.4000244140625,1723.6082763671875,1893136,0.0031198592795005364,1650.025,1595.262001953125,1668.7491328528931,1607.0249452241492,79.51656100107431,0.018034932745518185,44.72340988844917,32.72233337581449,12.001076512634675,0.04843782273511321,0.11157206441389955,-0.2531495258451665,0.07174135204864314,0.10853265623387232,5.5,1743.0999755859375
2026-01-30,1757.0999755859375,1760.0,1731.0,1743.0999755859375,1698.9490966796875,1672787,-0.014306745351074013,1656.7950012207032,1601.4460009765626,1675.8301654941354,1612.3612209246114,73.40702296106006,0.018515291225346606,45.062264352001876,35.19031957105197,9.871944780949903,0.03300933410334417,0.08421971047232257,-0.1163936452531672,0.052091522669760616,0.08845379396057954,-25.300048828125,1724.0
2026-02-02,1713.699951171875,1729.5999755859375,1709.199951171875,1724.0,1680.3328857421875,1030696,-0.01095747567750216,1662.395001220703,1606.8060009765625,1680.417768780408,1616.739212260901,69.21146854659568,0.018823242016849755,43.2905737641463,36.81037040967084,6.480203354475464,0.013461892153737054,0.0694789081885856,-0.3838450442285838,0.03705797884020352,0.07293599784430166,-19.0999755859375,1716.5
2026-02-03,1845.0,1854.0,1712.699951171875,1716.5,1673.0228271484375,2711705,-0.004350348027842177,1668.375,1611.9060009765626,1683.8541717537025,1620.6514000153754,65.05772762105812,0.018675157630494724,40.810866622503,37.61046965223727,3.2003969702657287,-0.016388731869837248,0.07489509284078144,1.6309454970233705,0.028845433430733498,0.06488839855430144,-7.5,1645.300048828125
2026-02-04,1651.0,1656.0,1598.0,1645.300048828125,1603.6263427734375,4823180,-0.041479726869720346,1670.55,1614.9180029296874,1680.1823505226953,1621.618013694307,57.42290046135292,0.021244601712807246,32.723226841151245,36.633021090020065,-3.9097942488688204,-0.06670825001833236,0.027156947605179838,0.7786521763982439,-0.015114753327871034,0.018813367516691434,-71.199951171875,1646.199951171875
2026-02-05,1630.0999755859375,1659.0999755859375,1630.0,1646.199951171875,1604.50341796875,1720981,0.0005469533319415465,1671.6,1617.9480029296874,1676.945931536903,1622.582011242447,57.52280980076598,0.021021348254262762,26.085629742543233,34.5235428205247,-8.43791307798147,-0.0691020535824054,0.012921486974484253,-0.643185408796686,-0.015195051943123301,0.017461592208792003,0.89990234375,1619.9000244140625
2026-02-06,1645.0,1645.9000244140625,1600.0,1619.9000244140625,1578.86962890625,1988639,-0.015976143565725742,1673.7,1619.9380029296874,1671.5129880013942,1622.4768352883925,42.281881194054975,0.020226700523568997,18.489961166172634,31.31682648965429,-12.826865323481655,-0.07067864889990705,0.026617655966889364,0.15552641197084682,-0.03214433625257665,-2.3444425376906474e-05,-26.2999267578125,1621.699951171875
2026-02-09,1625.0,1636.0,1613.5999755859375,1621.699951171875,1580.6240234375,933821,0.0011111344716865368,1675.675,1622.1760009765626,1666.7688892557255,1622.4463692446077,32.860155321368296,0.020224806962330075,12.47181087002491,27.547823365728416,-15.076012495703505,-0.059338775422346335,0.02496523904626846,-0.53042206252618,-0.032210929224417,-0.00029346372058334315,1.7999267578125,1644.5999755859375
2026-02-10,1625.0,1658.5,1611.0999755859375,1644.5999755859375,1602.9439697265625,1527966,0.014120999632215803,1678.6,1624.7219995117186,1664.6575641443173,1623.3151381207383,43.6013490877437,0.02042326191690443,9.441389527213232,23.92653659802538,-14.485147070812147,-0.04188757612237837,0.036882920938441366,0.6362514871693825,-0.020254988927715007,0.012234693738493615,22.9000244140625,1634.4000244140625
2026-02-11,1655.0,1658.0,1625.0,1634.4000244140625,1593.00244140625,1521823,-0.006202086418152231,1679.5799987792968,1626.82,1661.775893693817,1623.7498395440061,40.20232862233317,0.020136731519330694,6.145862290191644,20.370401736458632,-14.224539446266988,-0.00662494626547061,0.012137710548226321,-0.004020377416774967,-0.02689956679531235,0.004659411867362439,-10.199951171875,1536.5999755859375
2026-02-12,1605.0,1611.0,1528.0,1536.5999755859375,1497.6795654296875,5343729,-0.059838501815482226,1676.9849975585937,1626.8180004882813,1649.8543776835427,1620.3321978201604,29.28569368513753,0.024054820220228906,-4.307855107327214,15.434750367701463,-19.742605475028675,-0.06657755973563051,-0.032672347758301856,2.511399814564506,-0.08371274768530013,-0.055456741242883544,-97.800048828125,1534.4000244140625
2026-02-13,1482.5999755859375,1548.0,1464.4000244140625,1534.4000244140625,1495.5352783203125,7058376,-0.0014317006422156497,1674.2799987792969,1626.672001953125,1638.8587249912111,1616.96230866698,26.35460047830817,0.02405261901055347,-12.624491850064942,9.822901924148184,-22.447393774213126,-0.05278103507093057,-0.0340572713792493,0.3208708750013334,-0.08354634497647924,-0.05672439030626492,-2.199951171875,1512.699951171875
2026-02-16,1526.0,1541.9000244140625,1494.699951171875,1512.699951171875,1474.3848876953125,1873472,-0.014142383274839965,1666.3899963378906,1625.68,1626.8436036750838,1612.8735887652115,14.809184631258375,0.020672632207097336,-20.72756645870868,3.7128082475768114,-24.44037470628549,-0.06721342004187292,-0.0944627649375187,-0.7345746386987602,-0.0922293373722655,-0.06949710202999672,-21.7000732421875,1523.800048828125
2026-02-17,1512.699951171875,1547.5,1506.0,1523.800048828125,1485.203857421875,1781501,0.0073379374724318325,1656.6649963378907,1624.74,1617.0299317848974,1609.3805087676787,13.044812085229637,0.0193722947839903,-25.95443972699104,-2.2206413473367594,-23.73379837965428,-0.07345246780438142,-0.11319326920385553,-0.049091206060192016,-0.08020025038463888,-0.06212683332217771,11.10009765625,1504.800048828125
2026-02-18,1524.5999755859375,1528.5999755859375,1481.699951171875,1504.800048828125,1466.68505859375,1989222,-0.012468827530627724,1647.979998779297,1623.0,1606.3413715033,1605.2793142602454,10.890197170793101,0.01901227507430117,-31.269460780750933,-8.030405234019595,-23.239055546731336,-0.07929513806291055,-0.10348522560135542,0.1165988680331922,-0.08688209205040666,-0.07282806603319471,-19.0,1479.300048828125
2026-02-19,1506.800048828125,1532.800048828125,1472.300048828125,1479.300048828125,1441.8309326171875,1108260,-0.016945772974860218,1637.6100036621094,1621.3540014648438,1594.2421979151882,1600.3389509099663,10.883739552792349,0.019025134991842087,-37.11149196781935,-13.846622580779545,-23.264869387039802,-0.03729007397384787,-0.12296194246027814,-0.4428676135695262,-0.09667134084425681,-0.08761439667609751,-25.5,1456.9000244140625
2026-02-20,1465.0,1477.300048828125,1453.0999755859375,1456.9000244140625,1419.998291015625,1599813,-0.015142313036362931,1626.0850036621093,1619.4760009765625,1581.161990915081,1594.7138949689506,10.778256777952052,0.019051436277474593,-43.05255547826437,-19.687809160276508,-23.36474631798786,-0.05050834121929493,-0.13660068547174486,0.44353581289589084,-0.10404436352775223,-0.10038801221164431,-22.4000244140625,1440.9000244140625
2026-02-23,1459.5,1470.0,1430.0,1440.9000244140625,1404.403564453125,2660793,-0.01098222234324886,1613.0750061035155,1616.9300024414063,1567.8037083911745,1588.6819784766021,10.515748999565233,0.018722111530175105,-48.49296073028563,-25.448839474278333,-23.044121256007298,-0.04746475115715432,-0.15295982300055588,0.6631900103324575,-0.10673712074018961,-0.10886678938578398,-16.0,1345.4000244140625
2026-02-24,1420.0,1423.199951171875,1335.300048828125,1345.4000244140625,1311.322509765625,7441035,-0.06627801955852886,1593.0900085449218,1612.2700024414062,1546.622405155259,1579.1415096898359,9.831223780465663,0.02111004912300538,-59.820993782663436,-32.32327033595536,-27.49772344670808,-0.11707574399361687,-0.22904129090808745,1.7965478712549228,-0.1554777086054865,-0.16552437099445594,-95.5,1361.800048828125
2026-02-25,1355.0999755859375,1397.699951171875,1351.4000244140625,1361.800048828125,1327.30712890625,2683571,0.01218970129066621,1573.035009765625,1607.9980029296876,1529.0202759812464,1570.6183151462394,13.425943077816669,0.021228023727738125,-66.70624857092412,-39.19986598294911,-27.506382587975004,-0.09502923668254959,-0.2275228146980437,-0.6393551434713047,-0.134284971171095,-0.1531083705657612,16.4000244140625,1361.800048828125
2026-02-26,1366.4000244140625,1396.5999755859375,1360.4000244140625,1361.800048828125,1327.30712890625,1587449,0.0,1552.705010986328,1603.6700048828125,1513.0945400619016,1562.4293635259212,14.400015355598285,0.02111757383999194,-71.34049379168755,-45.627991544696805,-25.712502246990745,-0.07942945725789796,-0.22992533927421732,-0.40845649323233857,-0.12294992339654658,-0.15082277233985056,0.0,1357.800048828125
2026-02-27,1391.0,1410.4000244140625,1354.0,1357.800048828125,1323.408447265625,2601590,-0.0029372887770433564,1533.4400146484375,1599.2380053710938,1498.3045885158276,1554.4046845181647,13.819610499848707,0.021226487314503686,-74.47740393568529,-51.397874022894506,-23.079529912790782,-0.06802112288095652,-0.22104293049989587,0.6388495000469308,-0.11453983471311746,-0.15097062209132814,-4.0,1345.4000244140625
2026-03-02,1335.0,1362.800048828125,1322.199951171875,1345.4000244140625,1311.322509765625,1564363,-0.009132437743513577,1514.5100158691407,1594.0340063476563,1483.7422490775643,1546.2084233376117,7.764005337729984,0.021235991424196944,-77.07552746118495,-56.533404710552595,-20.542122750632352,-0.06627801955852886,-0.2196055542841865,-0.3986896474848074,-0.1116598699798166,-0.15597784046231136,-12.4000244140625,1351.199951171875
2026-03-04,1321.0,1362.199951171875,1321.0,1351.199951171875,1316.9754638671875,1820421,0.004310931063300938,1496.2450134277344,1588.8080053710937,1471.1191730865464,1538.5610322722887,9.519734865365024,0.021489153781679968,-77.77006851659485,-60.78073747176105,-16.989331044833797,0.004310931063300938,-0.2128168067743228,0.16368195872697067,-0.09693937888125487,-0.14955114362211513,5.7999267578125,1333.300048828125
2026-03-05,1358.0,1366.699951171875,1319.300048828125,1333.300048828125,1299.5289306640625,1210010,-0.013247411923176688,1480.6450134277343,1582.5400073242188,1457.993542204792,1530.511581941145,12.337919902162852,0.020323354540602877,-78.8558684647328,-64.39576367035541,-14.460104794377386,-0.020928182536434248,-0.18963106469377666,-0.3353130951576586,-0.09951403831665337,-0.15749362249458215,-17.89990234375,1331.699951171875
2026-03-06,1330.0,1359.5,1326.5999755859375,1331.699951171875,1297.9693603515625,1033627,-0.0012001032008184254,1464.9200134277344,1576.5140063476563,1445.965581154038,1522.7150474011737,12.365402040789505,0.020278185198363684,-78.93556717200909,-67.30372437068615,-11.631842801322932,-0.022103169758403318,-0.19104605110461692,-0.14576986967049854,-0.09094016126118767,-0.15528822084045243,-1.60009765625,1336.300048828125
2026-03-09,1305.0,1340.4000244140625,1304.0999755859375,1336.300048828125,1302.4530029296875,1032250,0.003454304892180904,1450.7400146484374,1570.6100073242187,1435.5212447420463,1515.40465530027,15.027802193972576,0.020458734634215898,-77.73149919889784,-69.3892793363285,-8.342219862569337,-0.01583443749214475,-0.17507251763177112,-0.0013322020419358482,-0.07888385559423962,-0.1491840478562069,4.60009765625,1336.5999755859375
2026-03-10,1340.0,1347.9000244140625,1316.699951171875,1336.5999755859375,1302.745361328125,1069187,0.00022444566852741765,1436.4850158691406,1565.096005859375,1426.1001714890836,1508.3927070761783,11.226169364197801,0.020435771523486797,-75.87838626835651,-70.6871007227341,-5.1912855456224065,-0.006540841882292647,-0.175803159752159,0.03578299830467424,-0.06953434193865782,-0.14599489706573826,0.2999267578125,1334.4000244140625
2026-03-11,1343.9000244140625,1355.4000244140625,1330.199951171875,1334.4000244140625,1300.60107421875,1499971,-0.0016459308783920434,1420.9750183105468,1559.536005859375,1417.3668241486052,1501.5694646188406,12.065885365854996,0.01977340425481915,-73.73730088898401,-71.29714075598409,-2.440160132999921,-0.012433338783976566,-0.18861726606882445,0.40290800393195947,-0.06092647145860224,-0.1443608743879257,-2.199951171875,1349.800048828125
2026-03-12,1334.4000244140625,1356.5,1327.0,1349.800048828125,1315.611083984375,3067753,0.011540785470852022,1406.74501953125,1554.4400073242186,1410.9318931657021,1495.6177228231263,19.813519813519818,0.02035195398811643,-69.9910092465991,-71.0359144541071,1.0449052075079948,0.012375308929525985,-0.17413116209905066,1.0452082073586757,-0.040479951883604245,-0.13164866931619748,15.4000244140625,1332.800048828125
2026-03-13,1342.5,1342.5,1319.800048828125,1332.800048828125,1299.0416259765625,1150005,-0.012594457982690987,1396.5550231933594,1549.2780078125,1403.490765133552,1489.232715999793,20.32520562515944,0.01656968325928654,-67.61438748408568,-70.35160906010282,2.7372215760171343,0.0008260852268424657,-0.13263043732647417,-0.6251311627761427,-0.04565160219713535,-0.13972828497709755,-17.0,1339.5
2026-03-16,1324.0,1346.4000244140625,1315.9000244140625,1339.5,1305.5718994140625,2062060,0.0050269739844066574,1386.8100219726562,1543.9140087890626,1397.3964065494042,1483.360844784115,24.62460921295167,0.016744995856724534,-64.4473585170199,-69.17075895148623,4.723400434466342,0.002394635227830122,-0.12702034757102432,0.7930878561397559,-0.03411427753122264,-0.13239986658932548,6.699951171875,1341.800048828125
2026-03-17,1340.9000244140625,1354.800048828125,1318.199951171875,1341.800048828125,1307.813720703125,1634005,0.0017170950564575627,1378.2650268554687,1538.510009765625,1392.101515337854,1477.809441021135,48.31145571743808,0.016746116079862795,-61.04814550505762,-67.54623626220052,6.498090757142904,0.003890523220986708,-0.11297673554583998,-0.2075861032171712,-0.026457159774661825,-0.1278574462882218,2.300048828125,1385.199951171875
2026-03-18,1346.800048828125,1404.699951171875,1344.300048828125,1385.199951171875,1350.1142578125,2969039,0.03234453775855339,1371.3350219726562,1534.2760083007813,1391.4442235125227,1474.1776963211641,58.75745808396912,0.018611373950111275,-54.227138593562586,-64.88241672847293,10.655278134910347,0.03806948878026195,-0.09095687965283905,0.8170317716286057,0.010110533879076568,-0.09716378039047148,43.39990234375,1340.5999755859375
2026-03-19,1364.0999755859375,1379.300048828125,1331.0999755859375,1340.5999755859375,1306.64404296875,1219405,-0.03219750011412148,1363.125018310547,1529.0520068359374,1386.6019141861814,1468.9393543315475,44.05160112973374,0.01955018607443478,-51.82290458037414,-62.27051429885318,10.447609718479036,-0.006815878581553525,-0.10911753582813855,-0.5892930338739235,-0.016524561153258628,-0.12324762690051537,-44.5999755859375,1384.800048828125
2026-03-20,1360.699951171875,1391.0,1355.5999755859375,1384.800048828125,1349.7244873046875,3397016,0.03297036703500522,1358.4000183105468,1524.2440087890625,1386.4303079616045,1465.6397737235702,56.181321445259485,0.021143406321721923,-45.82273927345227,-58.980959293773,13.158220020320726,0.039015604813131155,-0.06388156349677754,1.7857979916434656,0.019434651179121853,-0.09148401381726205,44.2000732421875,1384.0
2026-03-23,1366.0,1414.5999755859375,1357.5999755859375,1384.0,1348.9447021484375,3647386,-0.0005777359906955493,1354.7550170898437,1520.3660083007812,1386.1988500604994,1462.4382139697047,59.332685990537776,0.02095603583477802,-40.66338015860947,-55.31744346674029,14.654063308130823,0.03322135125046666,-0.05003776730896925,0.07370292044547333,0.021586916114898467,-0.08969288155369183,-0.800048828125,1432.699951171875
2026-03-24,1414.0,1439.199951171875,1400.0,1432.699951171875,1396.4111328125,3988700,0.03518782599123926,1354.3450134277343,1517.3760083007812,1390.6275263568207,1461.272007585476,66.31958669144902,0.022445263539864323,-32.27285050040791,-50.70852487347382,18.435674373065908,0.06774474514525353,-0.005690938374105503,0.09357770194873805,0.05785448830784325,-0.05580426780553219,48.699951171875,1408.5
2026-03-25,1422.4000244140625,1428.699951171875,1393.0,1408.5,1372.82421875,4938929,-0.01689115097133964,1357.5000122070312,1513.8240087890624,1392.32966670379,1459.202517091928,64.68749046325684,0.016775227763339975,-27.26177236595072,-46.0191743719692,18.75740200601848,0.016820711557499868,0.046900531024903325,0.23823025045754265,0.03756905144336074,-0.06957480405751601,-24.199951171875,1391.5999755859375
2026-03-27,1395.0,1421.0,1385.5,1391.5999755859375,1356.3521728515625,2584016,-0.01199859738307596,1358.990008544922,1509.3600073242187,1392.2601723116136,1456.5514370328697,61.039447214361914,0.016905772969965885,-24.373188625649163,-41.689977222705195,17.316788597056032,0.03804266815513646,0.021882747605609376,-0.4768064088388394,0.023995737154779564,-0.07801984362037341,-16.9000244140625,1384.0
2026-03-30,1380.0,1422.0,1367.0999755859375,1384.0,1348.9447021484375,3048646,-0.005461322017296988,1360.1000061035156,1505.2700073242188,1391.4734892343172,1453.7062826394238,58.69485693331387,0.01697045983077536,-22.438561939953388,-37.839694166154835,15.401132226201447,-0.0005777359906955493,0.016301916857014875,0.17980925814700832,0.01757223276908461,-0.08056362428943192,-7.5999755859375,1404.5
2026-04-01,1412.5999755859375,1422.800048828125,1395.0,1404.5,1368.925537109375,1624500,0.014812138728323765,1362.4350036621095,1501.5900073242187,1392.7141093072394,1451.7766244967013,61.528022505712855,0.017219051155154316,-19.03179103873913,-34.078113540671694,15.046322501932565,0.014812138728323765,0.034393835242663595,-0.4671404945014934,0.030874864653963968,-0.06465813361213675,20.5,1441.5
2026-04-02,1390.0,1447.0,1383.5,1441.5,1404.98828125,2501510,0.026343894624421438,1367.2400024414062,1497.0100073242188,1397.3603846113117,1451.3736196144778,66.26176729530606,0.017845970389517154,-13.19421507865718,-29.90133384826879,16.70711876961161,0.006142283191206133,0.07142855198608333,0.5398645737149892,0.05431379818173236,-0.0370805853351898,37.0,1449.5
2026-04-06,1435.0,1464.9000244140625,1433.699951171875,1449.5,1412.7857666015625,1476736,0.005549774540409391,1372.1550048828126,1491.6340063476562,1402.3260622673772,1451.3001443354785,65.48617294475093,0.017850695447880906,-7.832077616157903,-25.487482601846615,17.655404985688712,0.02910898118565841,0.07275018678240097,-0.409662164052912,0.056367534893620105,-0.028246879709335326,8.0,1473.4000244140625
2026-04-07,1435.0,1482.0,1431.300048828125,1473.4000244140625,1436.080322265625,1673236,0.016488461134227306,1379.1600036621094,1487.5320068359374,1409.095011043252,1452.1668062993444,71.38077963890494,0.017604316654957684,-1.635163666740027,-20.7170188148253,19.08185514808527,0.05878129510147678,0.10507760478151584,0.1330637297391002,0.06833146299321025,-0.009500287964851537,23.9000244140625,1451.4000244140625
2026-04-08,1484.0,1493.0,1445.800048828125,1451.4000244140625,1414.6375732421875,2736951,-0.014931450818150283,1385.1450073242188,1482.8260083007813,1413.1240599357102,1452.1367364214902,66.25981289645804,0.018125250637190525,1.483616933707026,-16.276891665118836,17.76050859882586,0.048699439605536465,0.089885167553587,0.6357232333036105,0.047832549472804395,-0.021193305020816858,-22.0,1461.5999755859375
2026-04-09,1452.0,1464.0,1433.5999755859375,1461.5999755859375,1424.5792236328125,1805451,0.007027663635318371,1391.4100036621094,1478.3100073242188,1417.7408138071603,1452.5078438397038,67.0170409521765,0.01813234167750442,4.723870011201598,-12.07673932985475,16.800609341056347,0.04065501999710741,0.09376631159124393,-0.34034222753713894,0.05044521150422395,-0.011303469269295464,10.199951171875,1440.199951171875
2026-04-10,1461.0,1461.0,1426.0,1440.199951171875,1403.72119140625,2045026,-0.014641505727641668,1396.5900024414063,1473.0920068359376,1419.8797792704665,1452.025181382142,58.33333333333334,0.01862127518755794,5.501572098587758,-8.561077044166248,14.062649142754006,-0.0009018722359521725,0.0775100834043645,0.13269537639071904,0.031226020989863348,-0.022328581997204375,-21.4000244140625,1435.4000244140625
2026-04-13,1425.5999755859375,1439.4000244140625,1412.9000244140625,1435.4000244140625,1399.0428466796875,1285567,-0.0033328196920898723,1401.6400024414063,1466.8980078125,1421.357897855571,1451.3732144422172,66.33357422103396,0.018651529836974604,5.665286732257073,-5.715804288881584,11.381091021138657,-0.009727475395610585,0.07568944705643976,-0.3713688725717913,0.024086086237444907,-0.02147251085670821,-4.7999267578125,1483.800048828125
2026-04-15,1455.0,1485.699951171875,1450.0,1483.800048828125,1446.2169189453125,1678561,0.03371884045621343,1408.3400024414063,1461.3160083007813,1427.3047693767667,1452.6448550063703,66.81386427302627,0.019761054626722244,9.589962119504435,-2.6546510072043805,12.244613126708815,0.007058520593006268,0.09927396292238733,0.30569701929187665,0.05358084429605496,0.015386159050901092,48.4000244140625,1491.0
2026-04-16,1489.800048828125,1511.5,1479.5,1491.0,1453.234619140625,1768783,0.004852372917470538,1416.25,1455.7680078125,1433.3709818170746,1454.1489783394538,67.78591580389522,0.01932714767609554,13.129918005053014,0.5022627952470984,12.627655209805916,0.027283984373587256,0.11869743800727917,0.05374961052949523,0.0527802294792586,0.024201653009562403,7.199951171875,1511.4000244140625
2026-04-17,1486.0,1522.5,1474.9000244140625,1511.4000244140625,1473.117919921875,1859402,0.013682108929619297,1424.8450012207031,1451.1340087890626,1440.802319207264,1456.3941174012032,64.44038688019052,0.019405658164064202,17.38111139564967,3.8780325153276127,13.503078880322056,0.03407228356593306,0.12833148519153603,0.05123240103506199,0.060746974666862255,0.041530289594198466,20.4000244140625,1504.4000244140625
2026-04-20,1510.9000244140625,1531.300048828125,1496.199951171875,1504.4000244140625,1466.295166015625,1341688,-0.004631467438750203,1432.975,1446.7420092773436,1446.8592435126734,1458.2767019899427,68.78183547327004,0.0195349103875849,19.955338566109504,7.093493725483992,12.861844840625512,0.044577194430501565,0.12118048119609615,-0.27843037707822194,0.049843873350241694,0.03985369524558106,-7.0,1500.800048828125
2026-04-21,1501.0,1510.9000244140625,1489.0,1500.800048828125,1462.786376953125,2001948,-0.0023929643229961828,1438.7550048828125,1442.4280102539062,1451.9964630665258,1459.944284218891,72.56200998454952,0.018582474767692835,21.457594410000638,9.966313862387322,11.491280547613316,0.045562228857254805,0.08345372634358861,0.4921114297809923,0.04312412032260218,0.04046790422763887,-3.5999755859375,1462.5999755859375
2026-04-22,1463.4000244140625,1502.800048828125,1404.0999755859375,1462.5999755859375,1425.5538330078125,11668801,-0.02545313965842111,1444.8550048828124,1438.7740087890625,1453.006321401708,1460.048428978383,64.41672461947061,0.017937612188946548,19.3427452038718,11.841600130684219,7.5011450731875815,-0.0142876887346991,0.09100402970444432,4.828723323482928,0.012281488898994629,0.016559909097140314,-38.2000732421875,1421.5
2026-04-23,1470.199951171875,1473.9000244140625,1413.9000244140625,1421.5,1385.494873046875,4101549,-0.02810062646792555,1446.6900024414062,1434.280009765625,1450.00571936345,1458.5367258811916,52.899045503257014,0.018036685712892797,14.186751389321444,12.310630382411665,1.876121006909779,-0.04661301140174379,0.026501985758111468,-0.6485029610154462,-0.017412163213194318,-0.008910400813376292,-41.0999755859375,1358.5
2026-04-24,1407.0999755859375,1426.699951171875,1347.4000244140625,1358.5,1324.0906982421875,3693260,-0.04431938093563137,1445.4150024414062,1429.0520092773438,1441.2908889478833,1454.6137170231057,36.998744878361805,0.02074566714038091,4.959841689724271,10.840472643874186,-5.880630954149915,-0.10116449777969172,-0.01842485549132944,-0.09954507431216841,-0.06013152090894359,-0.049369798173420715,-63.0,1396.0999755859375
2026-04-27,1362.9000244140625,1400.5,1360.199951171875,1396.0999755859375,1360.73828125,1834277,0.02767756760098461,1443.5850036621093,1424.540009765625,1436.986992437222,1452.319060496158,42.34517837913129,0.02011994620952485,0.673687223223169,8.807115559743982,-8.133428336520813,-0.07198886404585503,-0.025546155394226555,-0.5033447415020875,-0.03289382194724319,-0.019964363222319478,37.5999755859375,1408.0999755859375
2026-04-28,1392.5,1413.0,1383.5999755859375,1408.0999755859375,1372.434326171875,2009200,0.008595372974606441,1443.5650024414062,1419.810009765625,1434.235847975195,1450.584978734973,40.30868688684017,0.019872750746123023,-1.734823395524927,6.698727768690201,-8.433551164215128,-0.061767104361817426,-0.0002840073937255827,0.0953634592812318,-0.024567668789066712,-0.00824760643969575,12.0,1459.800048828125
2026-04-29,1414.0,1464.0,1405.199951171875,1459.800048828125,1422.8248291015625,3334783,0.03671619497093892,1446.9750061035156,1416.3180102539063,1436.6705337707122,1450.9463540327438,51.14566625388295,0.021240573866931473,0.5221592945247266,5.463414073857106,-4.94125477933238,-0.0019143489707025285,0.049008389220092985,0.6597566195500697,0.008863347791435093,0.030700759475919933,51.7000732421875,1473.5
2026-04-30,1459.699951171875,1482.0,1445.5999755859375,1473.5,1436.1778564453125,2635309,0.00938481347693676,1451.4500061035155,1415.0560107421875,1440.1781019830253,1451.830810737342,51.607677006087684,0.02120304035145098,3.3773736403884413,5.046205987163374,-1.6688323467749324,0.036581076327822704,0.06466763005780352,-0.2097509792991028,0.015191700577878456,0.041301537758324514,13.699951171875,1473.5
2026-05-01,1473.5,1473.5,1473.5,1473.5,1436.1778564453125,0,0.0,1454.9000061035156,1413.8380102539063,1443.35161607988,1452.6805828652894,54.77488578880118,0.02103974846997341,5.575876348510974,5.152140059432893,0.4237362890780805,0.08465218991534784,0.04912780348878609,-1.0,0.012784379557670466,0.042198603597719944,0.0,1471.5999755859375
2026-05-04,1484.0,1492.4000244140625,1455.199951171875,1471.5999755859375,1434.325927734375,1483759,-0.001289463463904017,1456.4050048828126,1413.0160107421875,1446.0419360328378,1453.4225198347267,55.23423164550617,0.02029333619924743,7.083238330693121,5.538359713684939,1.5448786170081812,0.0540792216318986,0.020881009771722248,inf,0.010433204123977554,0.041460227200807664,-1.9000244140625,1452.199951171875
2026-05-05,1465.0,1483.800048828125,1447.0999755859375,1452.199951171875,1415.417236328125,711081,-0.013182946952916441,1456.5400024414062,1411.5840087890624,1446.628413665127,1453.3745759655953,45.01261161841011,0.020514562084014032,6.6359189807888015,5.7578715671057115,0.87804741368309,0.0313187815855096,0.0018626775935668416,-0.5207570771264066,-0.002979699330094953,0.028773308658869883,-19.4000244140625,1466.699951171875
2026-05-06,1467.9000244140625,1480.5999755859375,1455.4000244140625,1466.699951171875,1429.550048828125,877900,0.009984850907272858,1456.2049987792968,1410.8220068359376,1448.5399886657697,1453.897139699175,46.25115064699882,0.020294706362541985,7.366527251025218,6.079602703889613,1.2869245471356052,0.004726607831866403,-0.004547355186078517,0.23459915255786612,0.007207056974379189,0.03960665772520471,14.5,1448.199951171875
2026-05-07,1467.0,1475.9000244140625,1444.0,1448.199951171875,1411.5185546875,1147147,-0.012613350116510658,1456.0449951171875,1410.2000048828124,1448.5076041425416,1453.673720541242,40.192417927434484,0.020211583631612594,6.3792086336775355,6.139523889847197,0.23968474383033822,-0.017170036530794075,-0.002204818236433037,0.3066943843262331,-0.005387913128797959,0.026946494225987723,-18.5,1463.0
2026-05-08,1453.5,1469.800048828125,1448.4000244140625,1463.0,1425.9437255859375,1360644,0.01021961699152718,1456.1149963378907,1410.3220043945312,1449.8878323194424,1454.0394569906048,43.72727134851764,0.020281778582368175,6.713601547871804,6.254339421452119,0.45926212641968434,-0.0071258907363420665,0.0009578711257853811,0.18611128303521696,0.004728337857535273,0.03735175048061747,14.800048828125,1457.4000244140625
2026-05-11,1460.0,1475.4000244140625,1451.800048828125,1457.4000244140625,1420.485595703125,1348443,-0.003827734508501379,1456.975,1410.6520043945313,1450.6032791855966,1454.1712439483874,43.46385414809108,0.02000634185414919,6.452360319398167,6.293943601041329,0.1584167183568379,-0.009649328219254127,0.011942836984678351,-0.008967077354546826,0.0002917170260729189,0.0331393000356569,-5.5999755859375,1392.9000244140625
2026-05-12,1447.0,1447.0,1388.9000244140625,1392.9000244140625,1357.619384765625,1474910,-0.04425689510052788,1454.85,1411.6020043945311,1445.1077311121173,1451.7684510254728,40.27352195459653,0.022399304160556,1.0288538262134352,5.240925646075751,-4.212071819862316,-0.040834546723376164,-0.029608471002603443,0.09378742742555679,-0.04258169267342847,-0.013248762698158936,-64.5,1375.0
2026-05-13,1392.9000244140625,1399.9000244140625,1371.5999755859375,1375.0,1340.1727294921875,2142904,-0.012850903941646674,1449.4099975585937,1411.8660034179688,1438.4308043395347,1448.757923534278,43.061774627159274,0.02094487967769404,-4.659979178129561,3.260744681234689,-7.92072385936425,-0.06252127512420513,-0.07332527648455944,0.4529049230122515,-0.05133812908971988,-0.026111545521119137,-17.9000244140625,1343.4000244140625
2026-05-14,1370.0,1374.0,1327.300048828125,1343.4000244140625,1309.3731689453125,2337353,-0.0229818004261364,1442.0299987792969,1411.4980029296876,1429.3802538704422,1444.6262412158383,47.5139986920754,0.021276483539136262,-11.584732670688254,0.29164921085010054,-11.876381881538354,-0.07236564721122174,-0.09899394740840883,0.09074088246603673,-0.06839661757988831,-0.04824518233414554,-31.5999755859375,1370.5
2026-05-15,1350.0,1387.699951171875,1350.0,1370.5,1335.7867431640625,5306932,0.020172677604168854,1434.9849975585937,1411.752001953125,1423.7726106446858,1441.7193297956094,45.634384517224944,0.02162283009971638,-14.71626817884976,-2.7099342670898716,-12.006333911759889,-0.06322624743677374,-0.09322483931326286,1.2704880264127842,-0.04493775033767253,-0.02922043099358378,27.0999755859375,1430.0
2026-05-18,1363.699951171875,1437.699951171875,1363.699951171875,1430.0,1393.7796630859375,6204623,0.04341481211236764,1431.2649963378906,1413.4440014648437,1424.3656953451919,1441.2597482349972,53.2139741276919,0.024147475721217147,-12.255604908277064,-4.619068395327311,-7.636536512949753,-0.018800620251861577,-0.049454947624745005,0.16915441916346396,-0.0008838309754848091,0.011713232726587131,59.5,1467.0999755859375
2026-05-19,1446.300048828125,1506.800048828125,1445.5999755859375,1467.0999755859375,1429.93994140625,6697277,0.025944038871285047,1429.5799926757813,1415.762001953125,1428.4356267966916,1442.2730904840537,51.11927741556803,0.02495673931883828,-7.228527599311747,-5.140960236124198,-2.0875673631875484,0.05327011980137475,-0.022454738903094795,0.07940111752156409,0.02624545887770089,0.03626172588470999,37.0999755859375,1439.0
2026-05-20,1453.5999755859375,1476.5,1434.699951171875,1439.0,1402.5516357421875,2216454,-0.019153415618260672,1428.3999938964844,1417.8760009765624,1429.4417575779592,1442.144733994483,44.93392070484582,0.0246678001282759,-5.449151377213411,-5.20259846434204,-0.24655291287137082,0.046545454545454445,-0.01613563242162852,-0.6690514667378996,0.007420894811543806,0.014898340199628482,-28.0999755859375,1420.0
2026-05-21,1445.0999755859375,1450.0,1416.300048828125,1420.0,1384.032958984375,999422,-0.013203613620569876,1428.3249938964843,1419.642001953125,1428.5425425705344,1441.276313053523,42.559109874826156,0.024007337826889148,-5.508624121983075,-5.263803595870248,-0.24482052611282779,0.057019483544633154,-0.0010552233556102575,-0.5490896720617707,-0.005828501168892709,0.0002521748767524156,-19.0,1422.199951171875
2026-05-22,1425.0,1429.300048828125,1406.0999755859375,1422.199951171875,1386.1771240234375,654078,0.0015492613886443074,1431.509991455078,1421.36,1427.9384862468523,1440.5282204307134,43.13507025151307,0.021598449453967387,-5.316948553638895,-5.274432587423977,-0.04251596621491771,0.03772342296379061,0.04688991621043437,-0.3455437242726296,-0.006503650228623106,0.0005909489305138038,2.199951171875,1435.5
2026-05-25,1429.4000244140625,1445.0,1421.199951171875,1435.5,1399.1402587890625,887430,0.009351743274330637,1433.4799926757812,1423.3380004882813,1428.6586304138189,1440.3310353157835,47.639248872307604,0.020850546043278767,-4.045210825158392,-5.028588234970861,0.9833774098124684,0.0038461538461538325,0.028221492087288746,0.35676478952051593,0.001409163249253436,0.008544702317753398,13.300048828125,1458.699951171875
2026-05-26,1433.5999755859375,1465.800048828125,1429.9000244140625,1458.699951171875,1421.752685546875,1725570,0.01616158214690011,1436.009991455078,1425.8239990234374,1431.5197085812529,1441.051384957199,48.896246943188785,0.021051843804976947,-1.1520274877073007,-4.253276085518149,3.101248597810848,-0.005725597814632666,0.03593493108675183,0.9444575910212636,0.015800697663534827,0.023057510724293247,23.199951171875,1455.5999755859375
2026-05-27,1460.0999755859375,1479.0,1451.0999755859375,1455.5999755859375,1418.731201171875,1825192,-0.0021251632890281202,1435.7999877929688,1427.9399975585939,1433.813067343604,1441.6219179230318,51.066286313732064,0.01940564741276517,0.8805486129867859,-3.226511145817162,4.107059758803947,0.01153577177619014,-0.00287715652945697,0.05773280713039752,0.013790213094655461,0.019370546433768236,-3.0999755859375,1455.5999755859375
2026-05-28,1455.5999755859375,1455.5999755859375,1455.5999755859375,1455.5999755859375,1418.731201171875,0,0.0,1434.9049865722657,1430.39599609375,1435.8880109857312,1442.1700770470673,48.886208877037056,0.019280724737185527,2.4629880239240265,-2.0886113118689242,4.55159933579295,0.0250704053422095,-0.01214796363356807,-1.0,0.01442255006940111,0.017620281069729446,0.0,1483.9000244140625
2026-05-29,1476.9000244140625,1496.5999755859375,1460.0999755859375,1483.9000244140625,1446.314453125,3955137,0.01944218830914246,1435.4249877929688,1433.2839965820312,1440.4605836931912,1443.806545571263,53.73344706845433,0.01978724760301814,5.932276494293092,-0.48443375063652105,6.416710244929613,0.04338354335573369,0.007058041679038007,inf,0.03377051189252761,0.03531472335750338,28.300048828125,1543.199951171875
2026-06-01,1495.199951171875,1562.5,1495.199951171875,1543.199951171875,1504.1123046875,5243443,0.03996221159254176,1439.0049865722656,1437.3119946289062,1450.2452853578277,1447.704326183052,71.48984847146741,0.02164915291342478,13.313254193988314,2.2751038382884463,11.038150355699868,0.07502608928726917,0.04865450990336484,0.32572980404977114,0.07240764665298596,0.07367082229791563,59.2999267578125,1571.4000244140625
2026-06-02,1562.9000244140625,1589.0,1554.0,1571.4000244140625,1531.59814453125,4169279,0.018273764991226793,1444.964990234375,1441.03599609375,1461.783831934612,1452.5551378783857,77.27779041808758,0.021584713586787922,21.193931975815758,6.05886946579391,15.135062510021848,0.07726062728092065,0.08208241099718894,-0.20485852520948544,0.08750041352848258,0.09046549057323565,28.2000732421875,1472.300048828125
2026-06-03,1549.0999755859375,1554.699951171875,1467.5999755859375,1472.300048828125,1435.00830078125,3493572,-0.06306476647974435,1445.2449951171875,1443.6699975585936,1462.7853764006609,1453.3294481117089,65.07603055213775,0.02623020851262932,19.221314727077925,8.691358518050713,10.529956209027212,0.011472982634164408,0.003818161752699112,-0.1620680698029563,0.01872004663731338,0.019831437460048312,-99.0999755859375,1487.300048828125
2026-06-04,1460.0,1499.699951171875,1453.0999755859375,1487.300048828125,1449.6282958984375,2061503,0.010188140665986722,1447.2,1445.7199975585938,1465.1201071080386,1454.6616285319606,64.05874774754655,0.02612461341099546,18.653351757530572,10.683757165946686,7.969594591583887,0.021778011661086394,0.026999101625856614,-0.4099154103593686,0.02770871256780331,0.028760791397883366,15.0,1483.5
2026-06-05,1508.699951171875,1524.0,1467.9000244140625,1483.5,1445.924560546875,2201977,-0.002554998119659313,1448.225,1447.7099975585938,1466.8705730977492,1455.792545060119,57.43675385911244,0.026060428594180857,17.692654917521622,12.085536716261673,5.607118201259949,-0.00026957639159042035,0.014012303485987587,0.06814154527061089,0.024357403027844494,0.024721803746442398,-3.800048828125,1503.4000244140625
2026-06-08,1469.0999755859375,1511.0999755859375,1459.0,1503.4000244140625,1465.320556640625,2467960,0.013414239578066978,1450.525,1449.1239990234376,1470.3495684612076,1457.6595050347835,55.29927720118613,0.026176480279948344,18.32581284607204,13.333591942223746,4.992220903848294,-0.025790518414408492,0.0315630569709191,0.12079281482049997,0.036452335819143006,0.037454369279096504,19.9000244140625,1483.800048828125
2026-06-09,1516.5,1518.4000244140625,1473.199951171875,1483.800048828125,1446.2169189453125,1330108,-0.013037099419747844,1455.070001220703,1450.63,1471.63056659139,1458.6846243992281,56.70659413594686,0.0241310760679517,17.049504762199604,14.07677450621892,2.972730255980684,-0.05574645171499304,0.06525954685965374,-0.46104961182515114,0.01974478724963022,0.02286596087777372,-19.5999755859375,1478.9000244140625
2026-06-10,1480.0,1496.300048828125,1471.199951171875,1478.9000244140625,1441.4410400390625,1082678,-0.0033023481957238365,1460.2650024414063,1452.3760009765624,1472.3228959078351,1459.4773851841237,59.20600498889385,0.023884895601049092,15.464366797220919,14.35429296441932,1.1100738328015982,0.004482765310773962,0.07556365411931809,-0.18602248839943825,0.012761397377531097,0.01826250462667079,-4.9000244140625,1465.0999755859375
2026-06-11,1456.800048828125,1481.9000244140625,1437.699951171875,1465.0999755859375,1427.9906005859375,2088978,-0.009331292582534512,1466.35,1453.9980004882811,1471.634998734321,1459.6978789253715,56.470589534950946,0.02326255105610584,12.945358891963451,14.072506149928149,-1.1271472579646975,-0.014926425410716204,0.09059099967260731,0.9294545562023058,-0.0008524734299876626,0.007635481681493432,-13.800048828125,1429.199951171875
2026-06-12,1477.0,1478.5999755859375,1425.0,1429.199951171875,1392.9998779296875,2460369,-0.024503463935766523,1469.2849975585937,1454.4919995117189,1467.5935656331358,1458.5018817585678,49.11041413574519,0.023827163101175563,7.960432130973459,12.850091346137212,-4.8896592151637535,-0.036602661832237926,0.042831047918186815,0.17778597955555298,-0.0272820089045523,-0.017388922282373875,-35.9000244140625,1425.5999755859375
2026-06-15,1441.199951171875,1454.699951171875,1423.5999755859375,1425.5999755859375,1389.4910888671875,1926338,-0.0025188746913863413,1469.0649963378905,1454.1739990234375,1463.5941761048311,1457.2116109282686,45.052322345792774,0.02178940864301958,3.676968016436831,11.015466680197138,-7.338498663760307,-0.0517493997370706,-0.003076940149694063,-0.21705321437556724,-0.029586860254858263,-0.019649659158181322,-3.5999755859375,1446.800048828125
2026-06-16,1435.0999755859375,1455.699951171875,1422.9000244140625,1446.800048828125,1410.1541748046875,1987359,0.014870983168664864,1468.05,1454.12,1461.9947354118115,1456.8033143753216,48.75213821978943,0.021231013635474163,1.9702487777415172,9.206423099706015,-7.236174321964498,-0.024935974378233694,-0.01383677124642102,0.031677203066128534,-0.014474950561544195,-0.005033938857779889,21.2000732421875,1462.4000244140625
2026-06-17,1455.0,1476.800048828125,1454.0,1462.4000244140625,1425.3590087890625,2126833,0.010782399128734577,1469.2200012207031,1453.9,1462.0333343644068,1457.0227932003704,50.923417330394635,0.020897800536280625,1.8550651043910875,7.736151500643031,-5.881086396251943,-0.011156940785457925,0.016261309530272827,0.0701805763327108,-0.004641903051261376,0.005846361107409319,15.5999755859375,1447.699951171875
2026-06-18,1454.0,1460.0,1435.5,1447.699951171875,1411.03125,2273483,-0.010052019281165836,1470.604998779297,1453.8259985351563,1460.6682502508324,1456.6571915521943,44.89564991385201,0.020796557524630766,0.5710257272680792,6.303126345968041,-5.7321006186999615,-0.011876339296984617,0.01950700786751769,0.06895228727408309,-0.015575254828070545,-0.004213741788531593,-14.7000732421875,1409.5999755859375
2026-06-19,1350.0,1417.199951171875,1344.0,1409.5999755859375,1373.8963623046875,5864187,-0.026317591262676077,1469.975,1452.7859985351563,1455.804605044652,1454.8118105339097,29.964026998972983,0.02168474093901844,-3.4808097371881104,4.34633912933681,-7.8271488665249205,-0.013713949241228596,-0.008859496567662828,1.5793845830384479,-0.04107214368547928,-0.029726348541879704,-38.0999755859375,1435.199951171875
2026-06-22,1414.0,1444.0,1414.0,1435.199951171875,1398.847900390625,2165308,0.018161163471428265,1469.9599975585938,1452.6859985351562,1453.8422570567684,1454.0427180099084,29.41354249118514,0.021976860429759958,-4.5734940601810194,2.562372491433244,-7.135866551614264,0.006733989723864742,-0.00020902043059911612,-0.6307573411284463,-0.023646933552239933,-0.012037045432332624,25.5999755859375,1415.5999755859375
2026-06-23,1427.199951171875,1433.300048828125,1400.5,1415.5999755859375,1379.744384765625,2402816,-0.013656616675560507,1467.804998779297,1452.2899975585938,1450.2001350119274,1452.5351594834783,38.71865605194858,0.02184970428336896,-6.940996991772408,0.6616985947921135,-7.602695586564522,-0.021564882630090376,-0.029546841042472294,0.10968785964860417,-0.0355667293930569,-0.025263564463251068,-19.5999755859375,1461.5999755859375
2026-06-24,1420.0,1466.5,1420.0,1461.5999755859375,1424.5792236328125,3451553,0.03249505566073485,1468.104998779297,1451.84599609375,1451.2858341142141,1452.8906424678885,45.44809463621728,0.02311310273432579,-5.047262855648341,-0.48009369529597745,-4.567169160352364,-0.0005470793317619016,0.00412201161076875,0.43646163501491575,-0.004430897789169188,0.00671832929830776,46.0,1437.0999755859375
2026-06-25,1465.0,1476.0,1435.0999755859375,1437.0999755859375,1400.69970703125,2553830,-0.01676245238727392,1467.179998779297,1450.7679956054687,1449.934799968664,1452.2714006293807,42.343233379408474,0.023432470424430748,-5.460465309048232,-1.4761680180464283,-3.9842972910018033,-0.007321942352320421,-0.012709535799870442,-0.2600924859041712,-0.02050193106393642,-0.009421230728092386,-24.5,1437.0999755859375
2026-06-26,1437.0999755859375,1437.0999755859375,1437.0999755859375,1437.0999755859375,1400.69970703125,0,0.0,1464.8399963378906,1449.2819946289062,1448.7124357417376,1451.6764427845396,38.29035217984474,0.02296568418717401,-5.721971900070457,-2.3253287944512344,-3.396643105619223,0.01950908092813264,-0.03153854576328663,-1.0,-0.018937236026667317,-0.008405554673359447,0.0,1433.800048828125
2026-06-29,1439.699951171875,1453.9000244140625,1428.5999755859375,1433.800048828125,1397.4833984375,2466821,-0.0022962402156239126,1459.3700012207032,1447.8699951171875,1447.2922084166316,1450.9754077274254,40.62968687231942,0.020807557189901574,-6.124890344940923,-3.0852411045491723,-3.0396492403917503,-0.0009754057910933422,-0.07089159266799738,inf,-0.017521226536923465,-0.00971768621251365,-3.2999267578125,1404.699951171875
2026-06-30,1438.0,1443.800048828125,1398.9000244140625,1404.699951171875,1369.120361328125,2421536,-0.020295785092233842,1451.0349975585937,1445.9479931640626,1443.23580296475,1449.1606839409333,37.250851870045096,0.020471796452538566,-8.69214318065201,-4.20662151976974,-4.48552166088227,-0.007699932609528948,-0.10608379193855877,-0.018357635191203592,-0.03193241132341994,-0.02852664285796858,-29.10009765625,1362.199951171875
2026-07-01,1404.699951171875,1404.699951171875,1355.5999755859375,1362.199951171875,1327.6968994140625,3793024,-0.030255571636166323,1445.5299926757812,1443.9399926757812,1435.5181027940002,1445.7504591264603,33.906787482011154,0.0165447238729148,-13.994781235062419,-6.164253462828276,-7.830527772234143,-0.06800768067488117,-0.07478101881738308,0.5663710966923474,-0.057646705309556526,-0.05660902940463119,-42.5,1421.300048828125
2026-07-02,1378.300048828125,1426.0,1373.4000244140625,1421.300048828125,1385.300048828125,3034626,0.043385772848844484,1442.2299926757812,1443.9359936523438,1434.1640024162978,1444.7916195069176,48.84807539093455,0.01943023055811027,-13.27524734801841,-7.586452239866303,-5.6887951081521075,-0.010994312870522771,-0.04437571292490894,-0.19994547885802993,-0.014512209532423263,-0.015676556941393638,59.10009765625,1410.0999755859375
2026-07-03,1399.9000244140625,1445.0,1398.5,1410.0999755859375,1410.0999755859375,2849871,-0.007880161019780507,1438.559991455078,1444.9679931640626,1431.8721903372157,1443.4311628825656,47.788874578674864,0.01947339434125021,-13.453678238195153,-8.759897439532073,-4.693780798663079,-0.018787836934581748,-0.04947760324507078,-0.06088229653341137,-0.01978368371023146,-0.024130650466363757,-11.2000732421875,1406.5
2026-07-06,1409.800048828125,1417.4000244140625,1391.0,1406.5,1406.5,1158020,-0.0025529931552843443,1433.714990234375,1445.1759936523438,1429.4557912574808,1441.9828819852103,43.94712660031579,0.01911691379822408,-13.72733378877092,-9.753384709379844,-3.973949079391076,-0.019040345863035713,-0.064453919675722,-0.5936588006965929,-0.018982148069698265,-0.02676213403919011,-3.5999755859375,1447.5
2026-07-07,1398.5,1463.300048828125,1398.5,1447.5,1447.5,4066916,0.029150373266974672,1431.8999877929687,1445.963994140625,1431.174287328197,1442.1992395544178,47.92073439754428,0.020262130781880692,-10.514644162711647,-9.905636600046204,-0.6090075626654432,0.030469175137664672,-0.024464245608290747,2.511956615602494,0.010894624163714197,0.0010622711669165722,41.0,1428.800048828125
2026-07-08,1441.0,1452.9000244140625,1422.800048828125,1428.800048828125,1428.800048828125,1489170,-0.012918791828583798,1429.3949890136719,1445.343994140625,1430.9481693758091,1441.6737810945633,47.39167819534078,0.020431930637688604,-9.369488632783941,-9.798407006593752,0.428918373809811,0.04889157248827902,-0.03387651278576931,-0.6338331059702241,-0.0004162181833010361,-0.011446372198984178,-18.699951171875,1426.300048828125
2026-07-09,1426.0,1436.300048828125,1399.0,1426.300048828125,1426.300048828125,1379708,-0.001749719984997511,1427.4549926757813,1444.3999951171875,1430.5054912284106,1441.0708896331344,52.55587228317019,0.02034963769626972,-8.564942406968385,-9.551714086668678,0.9867716797002934,0.0035179060214081126,-0.02648278438629781,-0.07350537547761504,-0.0008090930036900042,-0.01253111766148544,-2.5,1454.800048828125
2026-07-10,1448.0,1478.9000244140625,1445.300048828125,1454.800048828125,1454.800048828125,1732609,0.019981770331856996,1428.7349975585937,1444.02599609375,1432.8192586188597,1441.609288032938,52.97331490427705,0.020091747153597364,-5.563489467574982,-8.75406916284994,3.190579695274957,0.03169993193114795,0.017912187609059993,0.25577948377482773,0.018243447045163,0.0074611210348843405,28.5,1504.5
2026-07-13,1444.199951171875,1524.800048828125,1444.199951171875,1504.5,1504.5,2285072,0.03416273680490289,1432.679998779297,1444.6839965820313,1439.645995893254,1444.075590463019,62.3575210331144,0.021379077067750888,0.816146284607612,-6.8400260733584295,7.6561723579660415,0.06967650195520791,0.05534513591839363,0.3188619013291516,0.05012982751339913,0.04140421265791478,49.699951171875,1484.300048828125
2026-07-14,1509.0,1519.9000244140625,1480.0,1484.300048828125,1484.300048828125,2011058,-0.013426355049435013,1434.554998779297,1445.3259985351563,1443.898762839432,1445.6530202028268,53.39923204288803,0.021482129940679096,4.193743475203746,-4.633272163645994,8.82701563884974,0.025423177083333304,0.025919269238602993,-0.11991482106471918,0.0346762934088672,0.026965577546151594,-20.199951171875,1498.699951171875
2026-07-15,1465.199951171875,1507.0,1453.0,1498.699951171875,1498.699951171875,1834279,0.009701476702853151,1436.3699951171875,1445.9659985351564,1449.117923632998,1447.7332920055348,59.51204285355065,0.02145888875926112,7.940927290411992,-2.118432272834397,10.059359563246389,0.048922102432093606,0.02482215956769873,-0.08790348164995743,0.0433940810978875,0.03646970446756082,14.39990234375,1510.300048828125
2026-07-16,1510.0,1538.300048828125,1504.199951171875,1510.300048828125,1510.300048828125,2903245,0.007740106782001099,1439.5,1447.2080004882812,1454.9447926992007,1450.1868903123031,60.91235359479574,0.02132562003333557,11.711624083562128,0.6475789984449078,11.06404508511722,0.0588936388728416,0.04324107188480375,0.5827717593670318,0.04918377827587704,0.04359570173641719,11.60009765625,1572.9000244140625
2026-07-17,1540.0,1585.0,1527.300048828125,1572.9000244140625,1572.9000244140625,10632264,0.04144870129250822,1447.6650024414062,1449.4060009765626,1466.1786242910923,1454.9991700809996,67.62097159538477,0.021909365518258787,19.52613815247446,4.423290829250818,15.102847323223642,0.0811795240734765,0.11584850429657889,2.662200055455189,0.08650828870039302,0.08520319589838433,62.5999755859375,1576.4000244140625
2026-07-20,1577.5999755859375,1608.0,1572.4000244140625,1576.4000244140625,1576.4000244140625,2324331,0.00222518910653835,1454.7250061035156,1451.7860009765625,1476.6759004932799,1459.7599878979827,73.2592907883044,0.021722133734785824,25.70530287139445,8.679693237679546,17.025609633714907,0.0477899796703638,0.09838355493734108,-0.7813888932780451,0.08364125027069803,0.0858349807434958,3.5,1576.300048828125
2026-07-21,1577.0,1614.5999755859375,1572.0,1576.300048828125,1576.300048828125,2624717,-6.342018801641647e-05,1462.760009765625,1455.4540014648437,1486.163914620408,1464.3301863658314,82.76708442842911,0.021319060729527765,30.245615605899502,12.992877711323537,17.252737894575965,0.06198207705553549,0.11352082227584903,0.12923546603302194,0.07762041504039496,0.08302979499294078,-0.0999755859375,1560.5999755859375
2026-07-22,1574.0999755859375,1574.0999755859375,1551.5999755859375,1560.5999755859375,1560.5999755859375,975901,-0.009960079144741174,1467.710009765625,1459.1660009765626,1493.2530632837918,1468.1054722176004,74.58523875244367,0.020602217008241518,32.20573380756332,16.835448930571495,15.370284876991825,0.04130247976965706,0.06773399127918855,-0.6281881056129099,0.06328904565769489,0.06951503430143596,-15.7000732421875,1555.800048828125
2026-07-23,1550.0,1567.5999755859375,1539.0,1555.800048828125,1555.800048828125,2424854,-0.003075693216008424,1473.6450134277343,1463.4140014648438,1499.2099190499187,1471.5444752219348,76.30917097483956,0.02011595613799817,32.991521901604756,20.066663524778146,12.92485837682661,0.030126463966749117,0.08259694889618996,1.4847335949035814,0.05574954256405082,0.06313049299159701,-4.7999267578125,1559.5
2026-07-24,1549.0,1579.800048828125,1531.0999755859375,1559.5,1559.5,1231512,0.002378166252573255,1479.7650146484375,1467.1940014648437,1504.951831521355,1474.9937114877414,77.61735286107505,0.020097053767095405,33.52634888470311,22.758600596763138,10.767748287939973,-0.008519310958148285,0.0851715444251937,-0.4921294230498001,0.05388354540231236,0.06291328784264258,3.699951171875,1575.0
2026-07-27,1576.0,1599.5999755859375,1571.0,1575.0,1575.0,1513324,0.009939083039435692,1486.8250122070312,1470.0940014648438,1511.6230856621783,1478.9155267235162,75.3479371310585,0.02007238380469411,34.7997734568205,25.16683516877461,9.632938288045892,-0.000888114940611473,0.09847952738408727,0.22883414859132523,0.059304213386942216,0.07136006162233492,15.5,1635.199951171875
2026-07-28,1599.0,1643.9000244140625,1595.800048828125,1635.199951171875,1635.199951171875,5082959,0.038222191220238066,1498.3500122070313,1473.4560009765626,1523.3923109488162,1485.0443276822755,85.22185568693979,0.020467967149730912,40.20316746342314,28.174101627704317,12.029065835718825,0.037365920522262286,0.1640919826385021,2.3588041952681644,0.09133375903489145,0.1097718222248329,60.199951171875,1644.199951171875
2026-07-29,1661.0,1673.0,1640.0999755859375,1644.199951171875,1644.199951171875,2189575,0.00550391405867523,1512.4500122070312,1477.56,1534.8978004938695,1491.2857246818676,86.37730884262577,0.018426675766364656,44.69638877955413,31.478559058074282,13.217829721479845,0.0535691252683439,0.20701806644274257,-0.5692322129688632,0.08711027663822664,0.11278049701661866,9.0,1669.0
2026-07-30,1649.0,1686.5999755859375,1638.0999755859375,1669.0,1669.0,4167643,0.015083353341817762,1524.835009765625,1482.54,1547.6694385420724,1498.2549119492453,86.20691220505844,0.016702416080655407,49.685709788116355,35.1199892040827,14.565720584033656,0.0727599611898333,0.17427702994600325,0.9034027151387827,0.0945446486413857,0.1257706368799493,24.800048828125,1651.300048828125
2026-07-31,1620.0,1661.5,1610.5,1651.300048828125,1651.300048828125,3355677,-0.010605123530182725,1536.8950134277343,1487.122001953125,1557.5390204740772,1504.2566820229267,77.82413902884156,0.01685090753656244,51.61654114250268,38.4192995917667,13.197241550735981,0.05886505215012816,0.17105175336377254,-0.19482618832755105,0.07443906994351772,0.11039985062380582,-17.699951171875,1649.0
2026-08-03,1663.4000244140625,1670.0,1634.300048828125,1649.0,1649.0,4154154,-0.0013928715315895124,1549.0200134277343,1491.392001953125,1566.2495899527366,1509.9328905710474,83.48922663288344,0.01681441146766533,52.35759838096078,41.20695934960552,11.150639031355261,0.046984126984126906,0.17241379310344818,0.2379481100237002,0.06454402506461226,0.10567845197001986,-2.300048828125,1648.5
2026-08-04,1652.9000244140625,1659.0,1640.0999755859375,1648.5,1648.5,1978047,-0.0003032140691328067,1559.0700134277345,1495.1880029296874,1574.0829623381903,1515.366894862379,82.28449328192349,0.016152074170636202,52.30164495375857,43.42589647043613,8.87574848332244,0.008133591747353952,0.138860103626943,-0.5238387888364273,0.057361110022023244,0.10253693633838115,-0.5,1650.0
2026-08-05,1663.0,1664.800048828125,1639.0,1650.0,1650.0,2127405,0.0009099181073703999,1570.1300109863282,1499.0760034179686,1581.3131564012199,1520.646624475619,81.47814615877179,0.015555503201916943,51.781434776278275,45.09700413160456,6.684430644673718,0.0035275811947270697,0.15481519009836187,0.07550781149285135,0.05086839207888196,0.10067801514927666,1.5,1632.199951171875
2026-08-06,1655.0,1670.0,1631.0,1632.199951171875,1632.199951171875,3585913,-0.010787908380681777,1580.4250061035157,1502.6080029296875,1586.1595178079488,1525.0212647382173,66.74193532822858,0.015959391460657408,49.36381396402817,45.950366098089276,3.413447865938892,-0.022049160472213947,0.14435945824507357,0.6855807897414925,0.03276014038528073,0.08624468124056145,-17.800048828125,1635.0
2026-08-07,1639.800048828125,1681.5,1634.300048828125,1635.0,1635.0,6089110,0.0017155060114508736,1589.4350036621095,1505.6300024414063,1590.81099230243,1529.3341563171107,66.60996810532922,0.015690801544569952,47.13048173600191,46.18638922567181,0.9440925103301012,-0.00987103999645167,0.1238657857600638,0.6980640634616624,0.02866741718466456,0.0859241628745561,2.800048828125,1640.0
2026-08-10,1644.0,1665.9000244140625,1630.800048828125,1640.0,1640.0,2827966,0.003058103975535076,1596.2100036621093,1507.5660034179687,1595.4956597021985,1533.6739933242827,67.56754937012275,0.014222196133762258,45.24248091078448,45.99760756269435,-0.7551266519098689,-0.00545785324439052,0.0900631439016284,-0.5355698944509132,0.02743373129940631,0.0878462344479616,5.0,1643.0
2026-08-11,1645.9000244140625,1660.300048828125,1640.0,1643.0,1643.0,1923031,0.0018292682926828174,1604.145001220703,1508.9980029296876,1600.0198825877033,1537.9612877037227,74.4365469590659,0.0136108797450674,43.4870103963176,45.495488129419,-2.008477733101401,-0.0033363663936912813,0.10691905002440083,-0.3199950070121069,0.024221625071131042,0.08880197111603222,3.0,1625.0
2026-08-12,1654.0,1657.0,1622.0999755859375,1625.0,1625.0,3746023,-0.010955569080949523,1610.4600036621093,1512.052001953125,1602.3989413888744,1541.374570538871,69.03188464962875,0.014026991290130852,40.18016585767441,44.43242367507008,-4.252257817395673,-0.015151515151515138,0.08427307195771072,0.947978477726048,0.009028474041471016,0.07469848781720438,-18.0,1639.0
2026-08-13,1634.699951171875,1652.800048828125,1626.300048828125,1639.0,1639.0,3492955,0.008615384615384691,1616.895001220703,1515.0860009765624,1605.884756494696,1545.203018753033,70.69233721636618,0.014040155956668448,38.248248730729756,43.19558868620202,-4.947339955472266,0.004166186148481854,0.08521482289015103,-0.06755644586271892,0.013671264220996642,0.08178677576293865,14.0,1632.800048828125
2026-08-14,1635.0,1652.0,1614.4000244140625,1632.800048828125,1632.800048828125,3398051,-0.0037827645954088274,1619.8900024414063,1518.072001953125,1608.4481176693084,1548.6381964030365,65.80963714141856,0.011046278691566666,35.80417796820802,41.717306542603225,-5.913128574395202,-0.0013455358849387977,0.03808253765930014,-0.027170118137794463,0.007969705577083269,0.075574838826744,-6.199951171875,1610.0
2026-08-17,1621.0,1638.9000244140625,1604.199951171875,1610.0,1610.0,1506025,-0.013963772750061332,1621.570001220703,1520.2040014648437,1608.5959159865172,1551.0445416421333,41.33427586519556,0.01160247376519171,31.66247557859583,39.70634034980175,-8.043864771205918,-0.018292682926829285,0.021314371394041576,-0.5567974112219034,-0.0071350612135111305,0.0590683871695051,-22.800048828125,1592.0
2026-08-18,1605.0,1608.0,1579.9000244140625,1592.0,1592.0,1904893,-0.011180124223602483,1622.354998779297,1522.3680004882813,1607.01535255923,1552.6506380483243,33.09588677198647,0.01192389148364549,26.620828685553988,37.0892380169522,-10.468409331398213,-0.031040779062690205,0.009960001703702925,0.2648481930910842,-0.018710454125106298,0.045739269013395645,-18.0,1589.800048828125
2026-08-19,1601.5,1610.699951171875,1575.800048828125,1589.800048828125,1589.800048828125,1752634,-0.0013818788768058532,1623.8150024414062,1524.5860009765624,1605.3757998229341,1554.1074776867479,19.95450613407725,0.011677200344544662,22.191954488570445,34.10978131127585,-11.917826822705408,-0.021661508413461483,0.01871079949954768,-0.07993047378514173,-0.02094755471660242,0.04277492237879016,-2.199951171875,1592.0999755859375
2026-08-20,1601.5999755859375,1610.0,1588.699951171875,1592.0999755859375,1592.0999755859375,1676285,0.001446676743724895,1625.6299987792968,1527.1260009765624,1604.111435609887,1555.5973795651475,24.570420607645758,0.01163802186726505,18.652608981715503,31.018346845363784,-12.365737863648281,-0.028615024047628168,0.023332000011926146,-0.04356243231615953,-0.020625863953382593,0.04254657085782425,2.2999267578125,1584.0
2026-08-21,1592.0999755859375,1602.0,1576.5,1584.0,1584.0,1324911,-0.005087604867876738,1626.854998779297,1530.222001953125,1602.1960607898977,1556.7112078174946,23.404244692136942,0.01171828661054758,15.020900244626773,27.818857525216384,-12.79795728058961,-0.029887339152855352,0.015710163513946718,-0.20961471348845806,-0.02634223628501186,0.035143918972694456,-8.0999755859375,1584.0
2026-08-24,1580.0999755859375,1599.0,1574.0999755859375,1584.0,1584.0,2197042,0.0,1627.304998779297,1533.3900024414063,1600.4631026194313,1557.781356530534,23.500400214250035,0.011521379816017923,12.004366046114,24.65595922939591,-12.65159318328191,-0.016149068322981353,0.005714285714285783,0.6582562904225264,-0.026611482673365893,0.033005300333257916,0.0,1599.9000244140625
2026-08-25,1588.0999755859375,1599.9000244140625,1562.0,1599.9000244140625,1599.9000244140625,1383429,0.010037894200797037,1625.5400024414062,1536.452001953125,1600.4094761236818,1559.4330689965545,31.594421538193842,0.0077520016961957535,10.772560675226032,21.879279518561937,-11.106718843335905,0.0049623268932552644,-0.021587529239170178,-0.3703220056785441,-0.015773206435298334,0.041295154277701356,15.9000244140625,1571.0
2026-08-26,1607.5,1614.9000244140625,1565.800048828125,1571.0,1571.0,1639820,-0.018063643960907316,1621.8800048828125,1538.6240014648438,1597.6085736357122,1559.8866741339446,29.211966211722398,0.008460273546196743,7.379291719986895,18.97928195884693,-11.599990238860034,-0.011825417191289489,-0.04452010299580844,0.18533007476350427,-0.03137100446989528,0.021042176973927816,-28.9000244140625,1585.0
2026-08-27,1571.5999755859375,1600.0,1571.5999755859375,1585.0,1585.0,1979336,0.008911521323997418,1617.6800048828125,1541.3700024414063,1596.4077570989778,1560.8715104424175,34.21716198678803,0.007888354028112526,5.753462291010692,16.334118025279682,-10.58065573426899,-0.0044595036083237005,-0.05032953864589573,0.20704467563513074,-0.02020177339410204,0.028305985901819337,14.0,1640.9000244140625
2026-08-28,1600.0,1642.0,1598.0,1640.9000244140625,1640.9000244140625,3415226,0.035268154204455726,1617.1600036621094,1545.9960034179687,1600.6451158908906,1564.0098835393449,50.21500829646824,0.011337677128758342,8.873358990330871,14.84196621828992,-5.968607227959049,0.03592173258463549,-0.006298082787221548,0.7254402486490419,0.014680069194262228,0.061386976930260496,55.9000244140625,1628.0
2026-08-31,1640.0,1640.9000244140625,1609.0999755859375,1628.0,1628.0,2975369,-0.007861554160600859,1616.1100036621094,1549.8520043945311,1603.2503429489009,1566.5192998711352,46.578466391117374,0.01146340578857746,10.187539824398982,13.911080939511734,-3.723541115112752,0.02777777777777768,-0.01273499090357788,-0.12879294078927717,0.00735717018702181,0.050422876109385895,-12.9000244140625,1638.0
2026-09-01,1630.0,1649.0,1613.699951171875,1638.0,1638.0,2412137,0.006142506142506221,1615.5850036621093,1554.3000048828126,1606.5598340966246,1569.3224645820712,53.077652226685544,0.011561747644714893,11.898792160783842,13.508623183766156,-1.6098310229823145,0.023813972751135504,-0.006369426751592355,-0.189298201332339,0.013874229017403435,0.05385060468007786,10.0,1623.0
2026-09-02,1630.0,1637.199951171875,1604.5,1623.0,1623.0,1508528,-0.009157509157509125,1614.2350036621094,1557.5280053710937,1608.1255641826606,1571.4274659710097,46.22997085728815,0.011726277407951796,11.907336958113547,13.188365938635636,-1.2810289805220894,0.03309993634627628,-0.016363636363636358,-0.3746093194540775,0.005429814319480129,0.0420358378168019,-15.0,1598.0
2026-09-03,1623.0,1625.5999755859375,1592.0,1598.0,1598.0,1647483,-0.015403573629081957,1612.5250061035156,1560.746005859375,1607.161224736693,1572.4695261290094,42.467521898674235,0.01197677001200319,9.784033457922988,12.507499442493108,-2.7234659845701206,0.008201892744479578,-0.02095328525608664,0.09211297370681892,-0.009007616036053677,0.023869350939080162,-25.0,1596.9000244140625
2026-09-04,1605.0999755859375,1623.4000244140625,1586.9000244140625,1596.9000244140625,1596.9000244140625,1173518,-0.0006883451726767964,1610.6200073242187,1563.9420068359375,1606.183967563109,1573.427584885286,46.870525520752835,0.011960233596931335,7.921230287580329,11.590245611510554,-3.669015323930225,-0.026814552590254004,-0.023302737361429626,-0.2876903737398201,-0.008518448080717505,0.021073682677533203,-1.0999755859375,1564.0
2026-09-07,1575.0999755859375,1593.5999755859375,1545.300048828125,1564.0,1564.0,2028588,-0.020602432156724526,1606.8200073242188,1566.546005859375,1602.166446842813,1573.0578756740983,43.75557401916319,0.012674980567426103,3.7469953115451062,10.021595551517464,-6.274600239972358,-0.039312039312039304,-0.04634146341463419,0.7286381631981784,-0.02664891346201583,-0.00162523529462412,-32.9000244140625,1559.0
2026-09-08,1556.0999755859375,1569.9000244140625,1541.4000244140625,1559.0,1559.0,1575629,-0.0031969309462915874,1602.6200073242187,1569.6320068359375,1598.055356667307,1572.506586431977,43.21584827574339,0.012638703397006228,0.035022093152292655,8.02428085984443,-7.989258766692137,-0.04822954822954828,-0.051125989044430886,-0.22328782384594603,-0.02721793508434226,-0.006773566536381692,-5.0,1508.0
2026-09-09,1531.0,1531.0,1498.0,1508.0,1508.0,1329200,-0.03271327774214239,1596.7700073242188,1572.5480078125,1589.4786560323255,1569.9769163758212,34.747922879211515,0.014236183150855829,-6.941994212917734,5.031025845291998,-11.973020058209732,-0.070856438693777,-0.07199999999999995,-0.15640039628618163,-0.05559348366830536,-0.04104676454507085,-51.0,1525.800048828125
2026-09-10,1511.9000244140625,1544.699951171875,1498.0999755859375,1525.800048828125,1525.800048828125,1405653,0.011803745907244645,1591.110009765625,1574.6380078125,1583.4140267747825,1568.2444901974802,39.80379795021211,0.01439749909942415,-10.909259569413734,1.8429687623508513,-12.752228331764586,-0.045181446290284755,-0.06906647417442036,0.057518055973518,-0.04104679157107449,-0.03101535638163666,17.800048828125,1541.0
2026-09-11,1519.300048828125,1557.300048828125,1518.5999755859375,1541.0,1541.0,2007328,0.009961954833825892,1586.5200073242188,1577.2560083007813,1579.3745956533749,1567.176078817187,42.847640380813765,0.01470668585381826,-12.680662139061042,-1.0617574179315274,-11.618904721129514,-0.03500533756618451,-0.056222468203630194,0.42803949481130843,-0.028691732290846803,-0.022986761888985206,15.199951171875,1575.9000244140625
2026-09-15,1588.0,1633.199951171875,1575.9000244140625,1575.9000244140625,1575.9000244140625,2577135,0.022647647251176295,1584.815008544922,1580.6440087890626,1579.0436841067738,1567.51819433079,46.24530778056684,0.015499377870071418,-11.139956653314584,-3.077397265008139,-8.062559388306445,0.007608711262188317,-0.02118010905958856,0.283863424412951,-0.005625252211010197,-0.003001298425592026,34.9000244140625,1558.0
2026-09-16,1578.199951171875,1589.199951171875,1548.0,1558.0,1558.0,1472713,-0.011358604059110822,1583.115008544922,1582.8540087890624,1577.0395237156524,1567.144931808014,47.89371421157476,0.015505624603785427,-11.233822318272814,-4.708682275661074,-6.52514004261174,-0.0006414368184733954,-0.021356783919597944,-0.42854642849520885,-0.015864298177556736,-0.015702022202335995,-17.9000244140625,1537.0999755859375
2026-09-18,1558.300048828125,1561.199951171875,1523.0999755859375,1537.0999755859375,1537.0999755859375,3113722,-0.013414649816471447,1580.4800048828124,1585.0200073242188,1573.235757227108,1565.9666982306778,42.40887386988276,0.01575411360992425,-12.846581441304352,-6.33626210878973,-6.510319332514622,0.019297066038420185,-0.03314886880336543,1.1142761692196648,-0.027447376216626924,-0.03023307688032178,-20.9000244140625,
