Date,Open,High,Low,Close,Adj Close,Volume,Daily_Return,SMA_20,SMA_50,EMA_20,EMA_50,RSI_14,Volatility_20,MACD,MACD_Signal,MACD_Histogram,Return_5D,Return_20D,Volume_Change,Price_vs_SMA20,Price_vs_SMA50,Price_Change,Target
2024-11-29,287.5,290.375,285.79998779296875,288.92498779296875,267.78021240234375,8540112,0.009874105659511967,282.79625244140624,275.20750244140623,283.59419039755153,277.8806335074148,57.29427655570441,0.0164978507327185,4.0870415007770475,3.723792196907964,0.3632493038690834,0.010845711374244837,0.02229097848020789,-0.28213577105844745,0.021671911486282336,0.04984415479183048,2.824981689453125,292.2749938964844
2024-12-02,291.2250061035156,292.7749938964844,289.1000061035156,292.2749938964844,270.88507080078125,11194000,0.01159472612287904,283.61500244140626,275.6715020751953,284.4209335879261,278.4451182285548,57.76335171194077,0.01554255132327513,4.27632001944454,3.8342977614152796,0.44202225802926076,0.0036054177043969293,0.05935121552102607,0.31075564348570595,0.030534320753597067,0.06022926452789496,3.350006103515625,291.6499938964844
2024-12-03,295.3500061035156,296.20001220703125,289.29998779296875,291.6499938964844,270.3058166503906,15445286,-0.002138397102221301,284.413752746582,276.17100219726564,285.10941552207447,278.96295649004225,55.05675515822851,0.015562450755082304,4.326024613620518,3.9326431318563273,0.39338148176419097,-0.009677440079849275,0.05794869614907827,0.37978256208683225,0.025442655567890143,0.05604857706299766,-0.625,294.0
2024-12-04,294.6499938964844,297.0,291.79998779296875,294.0,272.48382568359375,14036431,0.008057624387778128,285.5937530517578,276.6600024414063,285.95613785330545,279.5526444708249,58.78479776503165,0.014696575894175506,4.5031324080432,4.046740987093703,0.4563914209494975,0.00874931441470439,0.08727813105110593,-0.09121585705826363,0.029434281592002277,0.06267619968761533,2.350006103515625,299.29998779296875
2024-12-05,295.0,300.8999938964844,293.8999938964844,299.29998779296875,277.39593505859375,13487264,0.01802716936383919,286.9662521362305,277.297001953125,287.22698070470193,280.3270500913011,63.74187047619912,0.015014412651460278,5.0133653768101,4.240065865036982,0.7732995117731178,0.04613764910119289,0.10097473265827572,-0.03912440420217933,0.042979742617550436,0.07934808412953266,5.29998779296875,297.3500061035156
2024-12-06,299.1499938964844,299.1499938964844,296.20001220703125,297.3500061035156,275.588623046875,7894350,-0.006515141226139831,287.7362518310547,277.84850219726565,288.1910783617318,280.9946169937409,62.8087917488008,0.013139674124274137,5.200434087918325,4.4321395096132505,0.7682945783050741,0.02915988116813173,0.05461958939436551,-0.41468113918434457,0.03341168939013526,0.07018754375866453,-1.949981689453125,303.75
2024-12-09,295.0,305.70001220703125,293.75,303.75,281.520263671875,9285213,0.021523436237147253,288.8387512207031,278.56150207519534,289.67288042251926,281.8869849547707,75.24253396828762,0.01375484952492317,5.7982745104386595,4.705366509778333,1.0929080006603265,0.03926099167956787,0.0782747136580293,0.17618461304603916,0.05162482082573172,0.09042347107248597,6.399993896484375,308.1000061035156
2024-12-10,306.0,311.0,303.45001220703125,308.1000061035156,285.5519104003906,17028502,0.014321007748199666,290.0187515258789,279.304501953125,291.4278447730903,282.914946568447,75.13918354336134,0.013890907930969339,6.547599835366725,5.073813174896012,1.4737866604707133,0.05640326607676838,0.08295256978388621,0.8339376813434436,0.06234512245330909,0.10309717154227363,4.350006103515625,309.0
2024-12-11,308.1499938964844,309.8999938964844,305.54998779296875,309.0,286.3860778808594,8608406,0.0029211096353629618,291.1312515258789,280.06650207519533,293.10138336612937,283.93788984027265,79.04536825655423,0.013863376274190783,7.131855943957419,5.485421728708294,1.6464342152491245,0.05102040816326525,0.07759372275501297,-0.4944707408790274,0.06137695070682832,0.10330938441554958,0.899993896484375,309.1000061035156
2024-12-12,308.0,313.79998779296875,307.45001220703125,309.1000061035156,286.4787292480469,12958440,0.00032364434794707186,292.32000122070315,280.8340020751953,294.62506172207094,284.9246394976547,75.73247337426642,0.013736399064551706,7.5163094396412475,5.8915992708948846,1.624710168746363,0.032743129670041116,0.08332600676183732,0.5053239821634807,0.057402862659895394,0.1006502197720057,0.100006103515625,309.95001220703125
2024-12-13,309.1000061035156,311.04998779296875,304.20001220703125,309.95001220703125,287.26654052734375,7382211,0.0027499388118128465,293.5925018310547,281.56550231933596,296.0845808158767,285.9060266627283,73.0178558968576,0.01364289350794166,7.799670250048507,6.273213466725609,1.5264567833228977,0.04237432602953839,0.08945522744123457,-0.43031638067545164,0.055715014089117866,0.10080961500568757,0.850006103515625,309.20001220703125
2024-12-16,310.0,311.3999938964844,307.1000061035156,309.20001220703125,286.5714416503906,7221189,-0.0024197450248817365,294.88500213623047,282.44800231933596,297.33366951979616,286.81951629191667,69.26608953858018,0.013594909771373218,7.872962392104853,6.5931632518014585,1.2797991403033944,0.017942427019032925,0.09122994722672395,-0.021812164404404033,0.0485443815965505,0.09471481358699592,-0.75,308.8500061035156
2024-12-17,311.0,312.25,307.29998779296875,308.8500061035156,286.2470397949219,10568517,-0.0011319731232134478,296.5062530517578,283.28950256347656,298.4304634801504,287.68345706884213,74.54161196599591,0.011877443869569636,7.812743926573944,6.837079386755956,0.9756645398179877,0.0024342745379499764,0.11730132854281572,0.46354249971853667,0.04163066689053296,0.09022749981465245,-0.350006103515625,312.6000061035156
2024-12-18,309.0,313.25,308.54998779296875,312.6000061035156,289.72259521484375,10965226,0.012141816175788467,298.0862533569336,284.22700256347656,299.7799437299947,288.6605766388293,89.14330740464264,0.011703694830189803,7.975675397436419,7.0647985888920495,0.9108768085443693,0.011650505189370941,0.112455537734931,0.03753686538991241,0.04868977546979675,0.09982515131968331,3.75,312.75
2024-12-19,306.3500061035156,313.3999938964844,301.1499938964844,312.75,289.8616027832031,12405595,0.00047982691476566863,299.79500274658204,285.21250244140623,301.01518718428093,289.60525990789483,88.21174264004809,0.01129890175754812,8.024402696578818,7.256719410429403,0.7676832861494152,0.011808456242029308,0.12267786519047363,0.13135789449300916,0.04321285256502047,0.09655080798658554,0.149993896484375,305.20001220703125
2024-12-20,315.5,320.0,304.3999938964844,305.20001220703125,282.8641662597656,22214824,-0.024140648418764954,300.76375274658204,286.00500244140625,301.41374194835237,290.21681882158646,68.26859287747149,0.012125453918435124,7.3688549423757195,7.279146516818667,0.0897084255570526,-0.015325051824251035,0.06778622993975825,0.7907100787991226,0.014749980408001882,0.06711424486205439,-7.54998779296875,307.8999938964844
2024-12-23,306.6000061035156,310.6499938964844,305.0,307.8999938964844,285.3665771484375,6693583,0.00884659758015216,301.59750213623045,286.91300231933593,302.0314802291268,290.9102766676609,71.69562241272531,0.011646531936617938,6.986656751861005,7.220648563827135,-0.2339918119661295,-0.0042044575007209595,0.05725809062921483,-0.6986884523595596,0.02089702903907711,0.07314757925745656,2.699981689453125,305.29998779296875
2024-12-24,307.5,309.20001220703125,302.79998779296875,305.29998779296875,282.9568176269531,8837902,-0.008444320087871549,302.1375015258789,287.73600219726563,302.34276666377843,291.4745790647318,64.9867406212966,0.011731598320635387,6.400185810842686,7.056556013230246,-0.6563702023875599,-0.011494311932624734,0.03667228452620974,0.320354434986464,0.010467043154584889,0.06104201581163842,-2.600006103515625,305.04998779296875
2024-12-26,305.3999938964844,306.95001220703125,304.0,305.04998779296875,282.72509765625,6516148,-0.0008188667212444267,302.81750030517577,288.3415020751953,302.60059724751085,292.00694803446663,58.80552289335006,0.011397627563013865,5.847820420462597,6.814808894676716,-0.9669884742141193,-0.02415232937662426,0.04666314982439168,-0.26270420287529783,0.007372385960332895,0.05794686369295569,-0.25,309.1000061035156
2024-12-27,305.20001220703125,310.8999938964844,304.70001220703125,309.1000061035156,286.4787292480469,8063921,0.013276572603227121,303.9675003051758,289.1940020751953,303.21958856713036,292.67726403717444,66.90647482014388,0.010536005770250904,5.671492069063561,6.586145529554085,-0.9146534604905243,-0.011670643953587079,0.08039146979842515,0.2375288283814303,0.01688504788566841,0.06883270014412124,4.050018310546875,303.70001220703125
2024-12-30,309.1000061035156,309.3999938964844,302.6499938964844,303.70001220703125,281.47393798828125,13709891,-0.017470054318523554,304.7062515258789,289.9465020751953,303.2653431995019,293.10952867128645,49.92594401041667,0.011457450248894718,5.03794194367174,6.276504812377617,-1.238562868705877,-0.004914809764104744,0.05113792519963578,0.7001519484131851,-0.0033023258098863555,0.0474346475415284,-5.399993896484375,301.8500061035156
2024-12-31,300.95001220703125,303.0,295.25,301.8500061035156,279.7593078613281,9337030,-0.006091557554019689,305.1850021362305,290.6960021972656,303.13054919036034,293.4522924921582,40.0,0.01140578194372365,4.336579484538106,5.888519746809715,-1.551940262271609,-0.019649197508599947,0.03276028537159914,-0.31895665691288133,-0.010927784816981792,0.03836999415864319,-1.850006103515625,300.29998779296875
2025-01-01,300.0,303.3500061035156,298.95001220703125,300.29998779296875,278.32275390625,7878201,-0.005135061385472706,305.6175018310547,291.2155017089844,302.86097191441826,293.72082956277825,36.36362766669856,0.011477966821385023,3.6140110888252934,5.433618015212831,-1.8196069263875376,-0.01637733442488909,0.029658817341016386,-0.15624122445788435,-0.01739924580963783,0.03119506355490172,-1.550018310546875,303.79998779296875
2025-01-02,298.0,304.45001220703125,297.1499938964844,303.79998779296875,281.5666198730469,8800435,0.011655012128781506,306.1075012207031,291.81050170898436,302.9504019980898,294.11609066984454,42.49289580543454,0.011613116754075328,3.2859132165280585,5.004077055475877,-1.7181638389478184,-0.004097689067433574,0.033333291812818855,0.11706149665386811,-0.007538245284850597,0.04108654765256261,3.5,294.45001220703125
2025-01-03,303.29998779296875,303.79998779296875,294.0,294.45001220703125,272.9009094238281,12535720,-0.03077674773413508,305.86500244140626,292.2450018310547,302.140841065608,294.1291856320872,32.30593114173399,0.01304239788123519,2.2455431762029434,4.452370279621291,-2.2068271034183473,-0.04739564415142128,-0.01620439620362535,0.4244432235451998,-0.037320354219217186,0.007545074722103364,-9.3499755859375,294.29998779296875
2025-01-06,295.0,297.79998779296875,290.54998779296875,294.29998779296875,272.7618713378906,9173687,-0.0005095072434808667,305.7125015258789,292.65900146484375,301.39409313488045,294.1358837560433,32.754606245646656,0.012971262233590849,1.3928804486018862,3.84047231341741,-2.4475918648155237,-0.03095167611535865,-0.010257333942966462,-0.26819624241766726,-0.03733087026519285,0.0056071616451617064,-0.1500244140625,294.04998779296875
2025-01-07,294.29998779296875,297.5,291.29998779296875,294.04998779296875,272.5301513671875,7381943,-0.0008494733617722128,305.22750091552734,293.0710009765625,300.69465453088884,294.13251528690313,32.83060763958957,0.01189823476931315,0.6890235486454799,3.210182560463024,-2.521159011817544,-0.02584070946770811,-0.031934196566357986,-0.1953134001628789,-0.03662026877994852,0.0033404424632395673,-0.25,297.54998779296875
2025-01-08,293.0,298.45001220703125,289.29998779296875,297.54998779296875,275.7740173339844,7937785,0.011902738123778622,304.7,293.5875006103516,300.3951624606107,294.26653381655274,32.438720925512186,0.01173965206442457,0.40891887148711703,2.6499298226678425,-2.2410109511807255,-0.009157509529756913,-0.03424218793102607,0.07529751990769906,-0.023465744033578075,0.013496784346674784,3.5,292.29998779296875
2025-01-09,297.0,298.0,291.3500061035156,292.29998779296875,270.9082336425781,7964702,-0.01764409415352719,303.86499938964846,293.8475006103516,299.6241934446448,294.1894143646475,28.67569655797446,0.01220726632972825,-0.2339998228277409,2.0731438935687256,-2.3071437163964665,-0.037853852738917615,-0.05404534694832119,0.0033909963547764654,-0.03805970289407964,-0.005266380738881495,-5.25,300.54998779296875
2025-01-10,294.29998779296875,303.25,294.29998779296875,300.54998779296875,278.554443359375,19505556,0.02822442813731252,303.43749847412107,294.23650024414064,299.7123643349613,294.43884861673854,45.22094339101874,0.014029556750169508,-0.07692472779996251,1.643130169294988,-1.7200548970949505,0.02071650648004919,-0.02766100984056119,1.4490001006942883,-0.009515998173174318,0.021457186799018937,8.25,291.8500061035156
2025-01-13,298.95001220703125,299.25,290.25,291.8500061035156,270.4911804199219,9541248,-0.028946870879416053,302.5324981689453,294.42100036621093,298.9635683129189,294.33732538092585,35.31566274210229,0.015281502734549686,-0.6469991929305934,1.185104296849872,-1.8321034897804653,-0.008324776728079963,-0.05839653295908154,-0.5108446024301999,-0.03531022990946315,-0.008732373911838547,-8.699981689453125,292.8500061035156
2025-01-14,291.79998779296875,294.54998779296875,286.54998779296875,292.8500061035156,271.41796875,7670070,0.0034264176086578058,301.71499786376955,294.76000061035154,298.38132429297576,294.2789991347529,38.265808301353644,0.015346797470888553,-1.0064934411904574,0.7467847492418062,-1.7532781904322636,-0.0040808765151114645,-0.05287841351237765,-0.19611459632953676,-0.029382005611324143,-0.00647982936246757,1.0,292.6499938964844
2025-01-15,293.0,294.70001220703125,289.70001220703125,292.6499938964844,271.23260498046875,4662694,-0.0006829851557542677,300.90499725341795,295.09950073242186,297.8354833028337,294.2151165763894,38.30189928629215,0.01534938655040735,-1.292633858009708,0.3389010277915033,-1.6315348858012113,-0.016467800697386403,-0.05245268540354686,-0.39209237986094003,-0.027433919118270155,-0.00830061328419036,-0.20001220703125,288.04998779296875
2025-01-16,295.8999938964844,296.5,286.70001220703125,288.04998779296875,266.9692687988281,10345666,-0.015718456174452333,299.6774963378906,295.45250061035154,296.9035313495133,293.9733468201768,30.34546114580786,0.015206763593450606,-1.8690391289262038,-0.10268700355203819,-1.7663521253741656,-0.014539856919221661,-0.07853492588358202,1.2188172760211158,-0.038800072367835295,-0.025054832171298363,-4.600006103515625,281.95001220703125
2025-01-17,287.79998779296875,287.79998779296875,280.5,281.95001220703125,261.315673828125,9358955,-0.021176795155158135,298.1374969482422,295.65450073242187,295.4793866692769,293.5018435020142,29.953917050691246,0.01563809951433,-2.7859468479934435,-0.6393389724403192,-2.146607875553124,-0.06188646262314912,-0.09848117599670259,-0.09537433356151259,-0.054295366758315367,-0.04635305226688796,-6.0999755859375,300.25
2025-01-20,302.0,305.3999938964844,296.95001220703125,300.25,278.27642822265625,39380165,0.06490507891707908,297.88999633789064,296.02050048828124,295.9337307960124,293.7664770901705,48.868453664851295,0.021496526185105034,-2.0127450734874515,-0.9140201926497458,-1.0987248808377057,0.02878188699953288,-0.016218912218369907,3.2077523612411856,0.00792239984934727,0.014287860147328522,18.29998779296875,298.3500061035156
2025-01-21,302.3999938964844,305.8500061035156,297.79998779296875,298.3500061035156,276.51544189453125,15619474,-0.0063280396219296264,297.41249694824216,296.35350036621094,296.1638522538699,293.94622332598794,48.62773901334313,0.02141313968056721,-1.5355894063035862,-1.038334035380514,-0.49725537092307226,0.018780945485300293,-0.031016524788173405,-0.6033669742115098,0.003152218433634321,0.006736906211121376,-1.899993896484375,309.1000061035156
2025-01-22,299.3500061035156,310.0,299.3500061035156,309.1000061035156,286.4787292480469,30859317,0.036031505882624826,297.60249786376954,296.84550048828123,297.3958669062171,294.54048931726356,53.384432440943776,0.022896761571370584,-0.2867000441930827,-0.8880072371430278,0.6013071929499451,0.05621053323120839,0.012446834138505558,0.9756950202036252,0.03863377600079546,0.04128243680661137,10.75,317.70001220703125
2025-01-23,311.1000061035156,324.6000061035156,310.6499938964844,317.70001220703125,294.4493713378906,39904371,0.027822730293429743,298.23499908447263,297.46450073242187,299.3295950301042,295.448705901176,64.990331179722,0.023668672959653855,1.3810821371618545,-0.43418936228205135,1.8152714994439059,0.10293360760484727,0.04146869339541759,0.2931060982328286,0.06526736694993102,0.0680266432625916,8.600006103515625,320.1000061035156
2025-01-24,319.0,322.5,316.6000061035156,320.1000061035156,296.6737060546875,17479586,0.007554277004309329,298.78499908447264,298.1600006103516,301.30772941804815,296.41542355616974,66.16543366151856,0.02356329865948584,2.86346276515485,0.22534106320532887,2.638121701949521,0.13530765116077204,0.03558718790939186,-0.5619631242903189,0.07133894634722539,0.07358467080846368,2.399993896484375,307.95001220703125
2025-01-27,317.79998779296875,319.1499938964844,306.75,307.95001220703125,285.41290283203125,12372895,-0.03795686868108106,298.9974990844727,298.6290008544922,301.9403277789037,296.8677603660075,57.579079506819696,0.02486408227078853,3.0230097524365647,0.7848748010515761,2.2381349513849886,0.02564533624323473,0.013994072535969515,-0.2921517134330298,0.029941765900955947,0.031212679699118583,-12.149993896484375,303.6000061035156
2025-01-28,304.0,307.6000061035156,301.54998779296875,303.6000061035156,286.9725646972656,12077491,-0.014125689011472264,299.08499908447266,299.0340008544922,302.0983923812477,297.1317700027725,53.268514912732215,0.025048649141779983,2.7665516658105958,1.1812101740033802,1.5853414918072155,0.01759678194267722,0.0057975814630260025,-0.02387509148020739,0.015096066445538327,0.01526918422646261,-4.350006103515625,312.45001220703125
2025-01-29,305.04998779296875,314.70001220703125,305.04998779296875,312.45001220703125,295.33782958984375,16338112,0.02915021714623456,299.69250030517577,299.75450134277344,303.08426093608426,297.7324853833317,60.47843582355596,0.025798651062924255,3.2400787040244836,1.592983880007601,1.6470948240168826,0.010837936063947229,0.0404596234031116,0.35277368453431257,0.042568672518880364,0.042353028252744465,8.850006103515625,309.0
2025-01-30,311.0,313.70001220703125,305.95001220703125,309.0,292.0767517089844,9984186,-0.01104180532003074,299.95250091552737,300.31450134277344,303.6476646564572,298.1743487016324,54.62507633572485,0.02586449497381486,3.2989370484570486,1.9341745136974908,1.3647625347595578,-0.027384362205695623,0.01711656489787261,-0.38890209590924585,0.030163106014643934,0.028921342853547694,-3.45001220703125,311.8999938964844
2025-01-31,311.70001220703125,315.70001220703125,309.54998779296875,311.8999938964844,294.8179626464844,15597644,0.009385093516130594,300.825,300.9810009765625,304.43360077455503,298.71260929750895,61.71828793330151,0.02479099616173354,3.538794956225388,2.2550986022030703,1.2836963540223176,-0.025617032335761625,0.059262968130508575,0.5622349182997992,0.03681540396072264,0.03627801384304705,2.899993896484375,304.79998779296875
2025-02-01,312.54998779296875,313.25,303.3500061035156,304.79998779296875,288.1067810058594,6046117,-0.022763726330408462,301.35,301.3605004882813,304.4684947763087,298.95133002282114,56.51935760244035,0.02545541193466119,3.1200074175158647,2.4280803652656293,0.6919270522502354,-0.01022901214221994,0.03567788119443094,-0.61236985534482,0.011448441323938036,0.0114131988071251,-7.100006103515625,313.6000061035156
2025-02-03,303.0,314.0,300.29998779296875,313.6000061035156,296.42486572265625,14877076,0.028871452306370005,302.32750091552737,301.80800048828127,305.33816252175694,299.5257879083386,60.44888389378117,0.026135175184598763,3.4583376450945593,2.6341318212314153,0.824205823863144,0.03293807575415664,0.06648535664729027,1.46060008431858,0.03728574196476384,0.03907121612467733,8.800018310546875,316.25
2025-02-04,318.0,318.8500061035156,313.3500061035156,316.25,298.9297180175781,15366864,0.00845023547483481,303.2625015258789,302.24300048828127,306.37738513873245,300.18163936291353,64.34385336162185,0.0260884224004279,3.8953954545114584,2.886384547887424,1.0090109066240345,0.012161906367444297,0.06284662401008889,0.03292232962982777,0.04282592938056601,0.04634350337010309,2.649993896484375,317.1000061035156
2025-02-05,317.79998779296875,321.45001220703125,314.8999938964844,317.1000061035156,299.733154296875,9628027,0.0026877663352273817,304.50250244140625,302.7560003662109,307.3985871353785,300.84510472529007,68.8876877912985,0.025618291713289422,4.2612344478734485,3.1613545278846287,1.0998799199888198,0.02621361198548744,0.0848444041951597,-0.3734553126779804,0.0413707721976224,0.04737810553698137,0.850006103515625,317.95001220703125
2025-02-06,320.0,323.6000061035156,314.54998779296875,317.95001220703125,300.5366516113281,15062390,0.0026805616119671694,305.37250366210935,303.39300048828125,308.4034847612502,301.51588541084857,61.70635160915559,0.02499660657861841,4.56710611819102,3.442504845945907,1.1246012722451133,0.019397301792044352,0.057893944837051015,0.564431632773776,0.04118742975902881,0.04798071048218622,0.850006103515625,318.0
2025-02-07,319.0,319.0,314.0,318.0,300.5838623046875,8589587,0.000157219031450051,306.6800033569336,303.97450073242186,309.31743859351207,302.16232127708986,63.322024247705805,0.023853091900092615,4.7586900015747915,3.7057418770716843,1.0529481245031072,0.04330712839790918,0.08960079955321043,-0.4297327980486496,0.03691142728302207,0.04614038096545571,0.04998779296875,319.04998779296875
2025-02-10,318.79998779296875,321.0,315.8500061035156,319.04998779296875,301.57635498046875,12304840,0.0033018484055620245,307.99000244140626,304.51000061035154,310.2443480410793,302.8245827090851,57.76735272830882,0.023853421500204475,4.938320959202599,3.9522576934978675,0.9860632657047317,0.017378767804150375,0.08946553233190668,0.4325298759998588,0.035910208980457416,0.047748800215013154,1.04998779296875,313.0
2025-02-11,319.5,320.3999938964844,311.6000061035156,313.0,295.85772705078125,10627890,-0.018962507520591365,309.007502746582,304.9370007324219,310.506791084786,303.22361868127786,46.17885186420224,0.02440863486764217,4.5401601936974885,4.069838193537792,0.4703220001596966,-0.010276679841897285,0.0695370118842844,-0.13628377126399038,0.012920389368967002,0.026441524800899056,-6.04998779296875,310.20001220703125
2025-02-12,313.45001220703125,315.75,309.3500061035156,310.20001220703125,293.2110900878906,9668342,-0.008945647900858611,310.11500396728513,305.2610009765625,310.47757404880934,303.4972027411113,42.00323515940876,0.024171665423640173,3.953110309105398,4.046492616651313,-0.09338230754591503,-0.021759677589636817,0.07689646017267826,-0.09028584225090774,0.0002741184356081147,0.016179633869601136,-2.79998779296875,308.54998779296875
2025-02-13,310.29998779296875,313.6499938964844,306.95001220703125,308.54998779296875,291.65142822265625,8832731,-0.005319227431110685,311.445002746582,305.4460009765625,310.293994405396,303.6953511745175,50.5836335612453,0.023555090268260612,3.3164953715184993,3.9004931676247505,-0.5839977961062512,-0.029564472568542444,0.09434287793683649,-0.08642753845488704,-0.009295429138636393,0.010162145866969164,-1.6500244140625,308.1000061035156
2025-02-14,310.04998779296875,312.3999938964844,304.54998779296875,308.1000061035156,291.22607421875,7371341,-0.0014583753273555988,311.83750305175784,305.6610009765625,310.08504313855025,303.8680827403606,54.73684210526316,0.018841985531760974,2.744032190244525,3.6692009721487056,-0.9251687819041807,-0.031132056278252773,0.026144899595389237,-0.16545165928861638,-0.011985399163556898,0.00797944493789102,-0.449981689453125,305.3500061035156
2025-02-17,308.1000061035156,310.29998779296875,302.0,305.3500061035156,288.6266784667969,7507772,-0.008925673305816284,312.1875030517578,305.6930010986328,309.6340872304517,303.926197382053,41.425112137373354,0.01890733203355773,2.0448769093006263,3.3443361595790897,-1.2994592502784634,-0.042939922311932555,0.0234623759235697,0.018508301271098482,-0.021901891912401703,-0.0011220243639353466,-2.75,312.20001220703125
2025-02-18,305.3500061035156,312.75,305.3500061035156,312.20001220703125,295.1015319824219,10368789,0.022433292833121676,312.3425033569336,305.77500122070313,309.878461037745,304.2506607085227,53.57144316848841,0.01780620350545264,2.020241470558858,3.0795172217750437,-1.0592757512161857,-0.002555871543031163,0.010029136338733924,0.381074039009176,-0.0004562016003935316,0.021012218005652648,6.850006103515625,314.1000061035156
2025-02-19,311.25,316.5,308.29998779296875,314.1000061035156,296.8974609375,7835672,0.006085822620738535,312.1625030517578,305.87700134277344,310.2805129487708,304.636909547542,52.511430160015266,0.016688654400610712,2.1294839707451274,2.8895105715690605,-0.7600266008239331,0.012572513678308583,-0.011331463535385833,-0.24430210702522737,0.006206712955003937,0.026883370520319964,1.899993896484375,313.29998779296875
2025-02-20,311.20001220703125,314.29998779296875,310.25,313.29998779296875,296.1412658691406,7697134,-0.002547017812801977,311.82250213623047,305.9610009765625,310.5680819815516,304.9766381061862,61.333333333333336,0.016586615776466265,2.126986076081039,2.737005672471456,-0.6100195963904174,0.01539458819615036,-0.021243418247070767,-0.017680423580772597,0.0047382265443203665,0.02398667409565847,-0.800018310546875,306.3500061035156
2025-02-21,312.79998779296875,312.79998779296875,305.04998779296875,306.3500061035156,289.5719299316406,8722925,-0.02218315340007526,311.7425018310547,305.88900085449217,310.1663604693577,305.0304956747089,39.831686609403704,0.015036536211284016,1.5463753847944304,2.498879614936051,-0.9525042301416207,-0.00567997392188313,-0.0051956682581326685,0.13326921422960814,-0.017297916376065675,0.0015070997902365008,-6.949981689453125,295.04998779296875
2025-02-24,302.95001220703125,303.29998779296875,293.3500061035156,295.04998779296875,278.8907775878906,12600963,-0.036885973838461705,311.3150009155273,305.60600036621094,308.7267059287492,304.63910320875834,26.07221439190093,0.016895972121778693,0.17243249494157453,2.033590190937156,-1.8611576959955816,-0.03373184249112182,-0.028162115081221906,0.44458000040124146,-0.052246159275093663,-0.034541247752311155,-11.300018310546875,291.29998779296875
2025-02-25,294.3500061035156,296.29998779296875,290.1000061035156,291.29998779296875,275.3461608886719,10810040,-0.012709710744442715,310.2574996948242,305.255,307.0670184872463,304.11600064343327,22.669461526176917,0.01545804168076003,-1.2051288289595732,1.3858463869578104,-2.590975215917384,-0.06694434207838185,-0.06769090602578809,-0.14212588355350297,-0.06110250975561421,-0.04571591687943276,-3.75,294.5
2025-02-27,294.0,295.79998779296875,291.3500061035156,294.5,278.3709411621094,15555649,0.010985280951352205,309.5324996948242,304.8929998779297,305.87015958369904,303.73890257898495,26.337015152243026,0.015667038161785767,-2.015409475569527,0.705595214452343,-2.7210046900218696,-0.062400527611120804,-0.046925566343042124,0.43900013320949793,-0.048565173962815254,-0.03408736796873248,3.20001220703125,277.6499938964844
2025-02-28,294.0,294.0,277.0,277.6499938964844,262.4437561035156,17458839,-0.057215640419407854,307.8199996948242,304.19099975585937,303.1825247563453,302.71580812084767,19.593065266215817,0.01963256833015596,-3.9714371417059624,-0.22981125677931813,-3.7416258849266444,-0.11378868587777347,-0.10981083895553756,0.12234719361435831,-0.09801184402654371,-0.08725112143579704,-16.850006103515625,283.54998779296875
2025-03-03,279.45001220703125,286.3500061035156,279.29998779296875,283.54998779296875,268.0205993652344,11471554,0.021249753380812475,306.7574996948242,303.7579992675781,301.3127593312618,301.9642073236759,25.070228993237265,0.020070837450280533,-4.988024123241985,-1.1814538300718516,-3.8065702931701333,-0.07442473594351018,-0.06971785056118107,-0.34293717927062617,-0.07565426085733297,-0.0665266808555987,5.899993896484375,280.0
2025-03-04,279.0,283.1000061035156,276.29998779296875,280.0,264.6650390625,9331785,-0.012519795259383848,305.07749938964844,303.19999938964844,299.2829727282845,301.1028658600024,25.9825370186597,0.018650469936643467,-6.010841734730775,-2.1473314110036363,-3.8635103237271387,-0.05100826441494066,-0.10714287452030424,-0.18652825937967954,-0.08220042264611319,-0.07651714853677705,-3.54998779296875,285.1000061035156
2025-03-05,281.3999938964844,286.95001220703125,278.6499938964844,285.1000061035156,269.4857177734375,10285712,0.018214307512555816,303.5199996948242,302.7959997558594,297.93221400211604,300.47530273229705,32.32394696133166,0.019155324143274047,-6.336856849608353,-2.98523649872458,-3.3516203508837727,-0.021283837793565352,-0.09849800441576084,0.10222342242132676,-0.06068790725431294,-0.05844196642826133,5.100006103515625,285.8999938964844
2025-03-06,288.45001220703125,292.0,283.5,285.8999938964844,270.2419128417969,9782051,0.002805990094150612,301.95999908447266,302.4129998779297,296.78628827777015,299.90372199363776,33.85602575396696,0.019157837468940207,-6.456250214251611,-3.679439241829986,-2.776810972421625,-0.029202058076453707,-0.09839171115262035,-0.04896705254823386,-0.05318586977308716,-0.05460415388264013,0.79998779296875,284.79998779296875
2025-03-07,287.3999938964844,287.70001220703125,282.8999938964844,284.79998779296875,269.2021484375,8097300,-0.003847520556135131,300.30249786376953,301.92699951171875,295.6447358506462,299.3114186916507,33.545189064537325,0.01907574367748036,-6.563966297779643,-4.256344653019918,-2.3076216447597258,0.025751824432418635,-0.10426174914714914,-0.17222880968418586,-0.05162298076466019,-0.05672567125976835,-1.100006103515625,280.8999938964844
2025-03-10,284.45001220703125,285.6499938964844,277.95001220703125,280.8999938964844,265.5157470703125,8165123,-0.013693799380775973,298.44749755859374,301.4709991455078,294.2404747121546,298.58940203301677,33.00902845111547,0.019118027982195966,-6.884666830203173,-4.782009088456569,-2.1026577417466044,-0.009345773269506363,-0.11666668586011197,0.008376001877169026,-0.058795948385073286,-0.06823543660030339,-3.899993896484375,277.75
2025-03-11,277.0,279.29998779296875,273.20001220703125,277.75,262.53826904296875,8602609,-0.011213933659411923,296.3824981689453,300.9889990234375,292.669953310997,297.7721705807416,24.76189581902473,0.019021326338643837,-7.308751753841932,-5.2873576215336415,-2.0213941323082905,-0.008035714285714257,-0.12944676186531712,0.05357984196931276,-0.06286639151791044,-0.07720879865655125,-3.149993896484375,268.54998779296875
2025-03-12,277.70001220703125,277.70001220703125,262.20001220703125,268.54998779296875,253.84213256835938,18584311,-0.03312335628094054,294.1599975585938,300.3539990234375,290.37281373785146,296.62620262827994,19.854396246924523,0.019750121904692094,-8.291625511056111,-5.888211199438135,-2.4034143116179756,-0.05804987006748008,-0.14201281855281545,1.1603110172739455,-0.0870614970702254,-0.10588842277404466,-9.20001220703125,264.0
2025-03-13,268.54998779296875,271.1000061035156,263.3500061035156,264.0,249.54135131835938,8683943,-0.016942796498938706,291.84999694824216,299.5579992675781,287.86111719138944,295.34674370168074,18.915513630545604,0.019862826875092436,-9.330153828414495,-6.576599725233407,-2.753554103181088,-0.07660019015045416,-0.14893620370394056,-0.5327272019931221,-0.0954257229380105,-0.11870155146755462,-4.54998779296875,259.8500061035156
2025-03-17,264.0,265.20001220703125,258.8999938964844,259.8500061035156,245.61862182617188,12697926,-0.015719673850319582,289.41499786376954,298.8659991455078,285.19339232587765,293.9547147762625,19.607843137254903,0.0199293758995789,-10.368542720327525,-7.334988324252231,-3.033554396075294,-0.0876052765409181,-0.15783498174088373,0.4622304637421042,-0.10215431811923736,-0.13054677733011918,-4.149993896484375,259.8500061035156
2025-03-18,259.8500061035156,259.8500061035156,259.8500061035156,259.8500061035156,245.61862182617188,0,0.0,287.0024978637695,298.17699951171875,282.7797364951765,292.6172752204685,23.00614143029189,0.019958605888504174,-11.06393523997076,-8.080777707395939,-2.983157532574822,-0.07493765842061917,-0.15660499527477756,-1.0,-0.09460716182735898,-0.12853772581710085,0.0,265.70001220703125
2025-03-19,262.0,266.5,256.25,265.70001220703125,251.1482391357422,14044300,0.022513011222270896,285.01999816894534,297.61,281.1530960867817,291.5616962787651,30.980698195154744,0.02111052247453352,-11.016006553485227,-8.667823476613796,-2.3481830768714307,-0.043384294484135943,-0.12985096808232177,inf,-0.06778466804445835,-0.10722081849725736,5.850006103515625,268.0
2025-03-20,269.20001220703125,273.95001220703125,267.5,268.0,253.322265625,17038774,0.008656333034627872,282.80999755859375,297.0190002441406,279.900420268993,290.6377081894018,30.045169717353758,0.020319258626162517,-10.669442242372384,-9.068147229765515,-1.6012950126068688,-0.002047990385286247,-0.14157594644077276,0.21321632263622958,-0.05236730556360672,-0.09770082122789409,2.29998779296875,264.29998779296875
2025-03-21,264.0,269.54998779296875,260.20001220703125,264.29998779296875,249.8248748779297,22659168,-0.01380601569787776,280.3199966430664,296.4590002441406,278.4146647950859,289.6048564091495,37.46477581745607,0.020109929156543603,-10.57148608075238,-9.368814999962888,-1.2026710807894911,0.001136317397608888,-0.15854828826120637,0.32985906145594757,-0.05714900485852983,-0.10847709944608933,-3.70001220703125,269.3999938964844
2025-03-24,267.04998779296875,271.6499938964844,265.3999938964844,269.3999938964844,254.6455535888672,9269617,0.01929627824088498,278.1249969482422,295.83600036621095,277.55612470950484,288.8125088596332,36.51096393106109,0.02101717359387966,-9.967428930704045,-9.48853778611112,-0.47889114459292514,0.036751924451232654,-0.14012127547701614,-0.590910972547624,-0.03137079783368594,-0.0893603430177593,5.100006103515625,271.0
2025-03-25,272.0,274.70001220703125,269.3500061035156,271.0,256.157958984375,12563930,0.005939146769730064,276.3574966430664,295.41900024414065,276.93173188002817,288.11397910043195,41.0891089108911,0.020909993298404043,-9.252940033597099,-9.441418235608317,0.18847820201121834,0.042909346294348616,-0.11539091039407667,0.35538825390520445,-0.019386109326304753,-0.08265886833264027,1.600006103515625,267.3999938964844
2025-03-26,272.0,272.25,266.75,267.3999938964844,252.755126953125,7308412,-0.01328415536352634,274.97499694824216,294.91,276.0239473101669,287.30166595517915,31.938763054049744,0.01970027279218247,-8.874888649151615,-9.328112318316977,0.4532236691653626,0.006398124242946945,-0.09371291320264641,-0.4183020758632052,-0.02754797030940094,-0.09328271711205333,-3.600006103515625,272.20001220703125
2025-03-27,270.0,273.54998779296875,269.6000061035156,272.20001220703125,257.292236328125,14783522,0.017950704637656356,274.01999816894534,294.5010003662109,275.65976301463013,286.70944423956547,37.07549641418663,0.02023166681066838,-8.094648768768593,-9.081419608407302,0.9867708396387087,0.01567168733966895,-0.0655680617450356,1.0228090589309962,-0.006641799774014976,-0.07572466012491798,4.800018310546875,262.25
2025-03-28,271.0,271.8500061035156,261.6000061035156,262.25,247.88717651367188,14283389,-0.03655404761504355,272.4074981689453,293.98500061035156,274.38264272752247,285.7502503478178,31.77043294968871,0.021246074473556847,-8.184836175083376,-8.902102921742516,0.7172667466591403,-0.00775629166723435,-0.1095076400679117,-0.033830436346629744,-0.03728788024273,-0.107947686257685,-9.95001220703125,262.6000061035156
2025-04-01,260.3500061035156,263.0,258.5,262.6000061035156,248.218017578125,8388635,0.0013346276587822281,271.6549987792969,293.59800048828123,273.26048685856944,284.842397632355,34.30534093811899,0.017449022585018337,-8.134300622769388,-8.74854246194789,0.6142418391785025,-0.025241232171599903,-0.05420489149580099,-0.4126999551717033,-0.033332692998364,-0.10557971898041883,0.350006103515625,263.6000061035156
2025-04-02,262.79998779296875,265.54998779296875,261.1000061035156,263.6000061035156,249.1632537841797,7136992,0.0038080730264942186,270.6574996948242,292.86500061035156,272.34044107237384,284.00936267043977,37.39983966737775,0.016607927948073083,-7.922236578959087,-8.583281285350129,0.6610447063910421,-0.027306250540532706,-0.07035790001168829,-0.1492069925559999,-0.02607536683545123,-0.09992656837056527,1.0,256.3500061035156
2025-04-03,259.8999938964844,260.5,255.3000030517578,256.3500061035156,242.31031799316406,12262561,-0.02750379298987171,269.475,292.0250006103516,270.81754250391117,282.92468202075645,38.74541321725401,0.017356876191643986,-8.244155216099614,-8.515456071500026,0.27130085540041193,-0.04132381467909241,-0.08446426391601558,0.7181693632275334,-0.048705794216474245,-0.12216417920476966,-7.25,246.3000030517578
2025-04-04,253.0,253.9499969482422,244.85000610351562,246.3000030517578,232.81072998046875,14639785,-0.039204223961280316,267.5349998474121,290.7690005493164,268.48253874656325,281.4884201004036,35.175896350750406,0.01817356447839681,-9.204129830910063,-8.653190823382033,-0.5509390075280294,-0.09515065390803246,-0.13609260687868985,0.1938603200424447,-0.07937278041290158,-0.15293582676815073,-10.050003051757812,242.89999389648438
2025-04-07,231.0500030517578,243.85000610351562,228.0,242.89999389648438,229.59690856933594,13011904,-0.0138043406948678,265.38499984741213,289.27300018310547,266.0461059036986,279.9751484845636,35.62341717762192,0.018074897192018675,-10.12258212748236,-8.947069084202099,-1.1755130432802616,-0.07378457999433985,-0.1504022417557972,-0.11119569037386823,-0.08472598663773731,-0.1603087956956497,-3.4000091552734375,247.25
2025-04-08,244.75,249.5,243.85000610351562,247.25,233.7086944580078,13806651,0.01790862994162712,263.5075004577637,287.81600006103514,264.2560005795369,278.6918093283062,40.04740101927619,0.01896803704592576,-10.379801164943956,-9.23361550035047,-1.1461856645934851,-0.0584539441993186,-0.13184687290178243,0.061078455543477794,-0.061696537781737705,-0.14094421454134792,4.350006103515625,236.64999389648438
2025-04-09,240.6999969482422,242.3000030517578,234.0,236.64999389648438,223.689208984375,19063559,-0.04287161214768709,261.29500045776365,286.3899996948242,261.62685708591283,277.04311068392104,28.6554118747099,0.020574384083333536,-11.308622251954205,-9.648616850671218,-1.6600054012829872,-0.10223828369885546,-0.1575293733053862,0.38075185647844645,-0.0943187068949027,-0.17367926900849381,-10.600006103515625,239.75
2025-04-11,245.0,245.0,238.35000610351562,239.75,226.61944580078125,11205821,0.01309954017945869,259.3950004577637,285.1129995727539,259.5433468872545,275.5806357551398,29.48441544626077,0.02110650012769849,-11.660163958568347,-10.050926272250644,-1.6092376863177034,-0.06475523974363573,-0.13681368136813676,-0.41218630791868405,-0.07573392094333134,-0.15910533592200646,3.100006103515625,244.0
2025-04-15,245.0500030517578,245.0500030517578,241.35000610351562,244.0,230.6366729736328,10694621,0.01772679874869665,258.16750106811526,283.74399932861326,258.0630281360874,274.34217945101665,35.374666571684116,0.020870068045842415,-11.463677672199708,-10.333476552240457,-1.130201119959251,-0.009338217715224695,-0.091416827067201,-0.045619147405620675,-0.05487716699236007,-0.1400699201486352,4.25,247.64999389648438
2025-04-16,244.0,248.4499969482422,241.1999969482422,247.64999389648438,234.08677673339844,16203319,0.014958991379034225,257.35000076293943,282.51699920654295,257.0713105894585,273.29542707632913,33.99560223983961,0.0210928121411191,-10.887927619374267,-10.444366765667219,-0.4435608537070479,0.019555373072690507,-0.061931841301195556,0.5150905300898461,-0.03769188590518138,-0.1234156012133201,3.649993896484375,236.89999389648438
2025-04-17,235.0,237.8000030517578,232.14999389648438,236.89999389648438,223.92552185058594,54875421,-0.043408036603842626,256.2025001525879,281.01699920654295,255.15023280917524,271.86815518692345,27.885877815006637,0.022811752421177552,-11.170312305971152,-10.589555873728006,-0.5807564322431453,-0.04186048980188317,-0.08832022962465791,2.3866778158227953,-0.07534081925276853,-0.1569905216930784,-10.75,238.4499969482422
2025-04-21,237.39999389648438,240.8000030517578,237.39999389648438,238.4499969482422,225.39065551757812,16298364,0.006542858132934759,255.13249969482422,279.68999938964845,253.55973415575306,270.5576391775634,30.71287659746983,0.02292424140446264,-11.140609896116587,-10.699766678205723,-0.44084321791086367,0.0076061825403856975,-0.08235523822442548,-0.7029933674677411,-0.06538760356495839,-0.14744897040080793,1.5500030517578125,234.14999389648438
2025-04-22,238.4499969482422,239.0,233.5,234.14999389648438,221.32614135742188,18367713,-0.018033143664460516,253.55499877929688,278.1009991455078,251.71118746439413,269.12988838222697,24.48021905507325,0.022235394534651492,-11.333400446414998,-10.82649343184758,-0.5069070145674193,-0.023357689691410277,-0.11874300662795367,0.12696666978354387,-0.07653173858229985,-0.15803972435937708,-4.3000030517578125,243.60000610351562
2025-04-23,237.1999969482422,245.35000610351562,236.10000610351562,243.60000610351562,230.2585906982422,31898042,0.04035879758002059,252.33499908447266,276.64799926757814,250.93869400145334,268.1287165281599,37.407169750980025,0.024367660685542795,-10.60144448558745,-10.781483642595553,0.18003915700810325,-0.001639319247886739,-0.09104475334509099,0.7366365643888273,-0.03461665251609774,-0.11945863787757958,9.45001220703125,242.75
2025-04-24,244.8000030517578,245.14999389648438,241.5,242.75,229.45513916015625,23000820,-0.0034893517332442725,251.25749969482422,275.1609991455078,250.1588183822673,267.13347274274184,36.68679201721264,0.02426878347328215,-9.97496728823279,-10.620180371723,0.6452130834902103,-0.019785964131832534,-0.08153609076156776,-0.27892690090507755,-0.033859684607056004,-0.11778921884335991,-0.850006103515625,240.89999389648438
2025-04-25,243.9499969482422,246.14999389648438,238.0500030517578,240.89999389648438,227.70645141601562,16620430,-0.007621034412010785,249.8324996948242,273.61999877929685,249.27702557409748,266.10470886641804,34.94695247396598,0.023649578519982666,-9.518041568782564,-10.399752611134913,0.8817110423523484,0.01688476193776456,-0.1057906482765214,-0.27739837101459863,-0.03575397840253402,-0.11958192028647943,-1.850006103515625,240.5
2025-04-28,240.5,241.9499969482422,238.75,240.5,227.328369140625,14218414,-0.001660414722369219,248.30749969482423,272.0699987792969,248.4411183765644,265.10060263636245,38.43909933364437,0.023520068234936412,-9.08349196757922,-10.136500482423775,1.0530085148445547,0.008597203094965034,-0.11254612546125464,-0.14452189263454673,-0.0314428670274552,-0.1160363102177483,-0.399993896484375,241.39999389648438
2025-04-29,241.60000610351562,243.60000610351562,239.85000610351562,241.39999389648438,228.1790771484375,16647246,0.00374217836376034,247.00749969482422,270.5169989013672,247.77053509274725,264.1711669995045,45.875415923743105,0.023538753217563418,-8.567722915434473,-9.822744969025916,1.2550220535914427,0.030963058675991917,-0.09723261254099014,0.1708229905248222,-0.022701763328108953,-0.10763465927514267,0.899993896484375,241.5
2025-04-30,241.5500030517578,243.39999389648438,239.1999969482422,241.5,228.2736053466797,14206640,0.0004142755014255872,245.47249908447264,269.08699890136717,247.17334127439037,263.28210162697496,48.7522344183658,0.022964895901160257,-8.058014790363302,-9.469798933293394,1.4117841429300917,-0.008620714494659065,-0.11278475690765688,-0.1466071925650645,-0.016183071827959097,-0.10252074241416279,0.100006103515625,241.67999267578125
2025-05-02,242.0399932861328,245.8000030517578,240.75,241.67999267578125,228.4437255859375,10822257,0.0007453112868789358,244.44399871826172,267.7165985107422,246.65016521738,262.43496009947717,44.637006704696574,0.021814169815558542,-7.552483199258148,-9.086335786486345,1.5338525872281963,-0.0044078571543512135,-0.07843663422009062,-0.23822543543019326,-0.011307318064560786,-0.09725435770437003,0.17999267578125,243.57000732421875
2025-05-05,244.0,246.8699951171875,242.6999969482422,243.57000732421875,230.23023986816406,12170446,0.00782031904052971,243.49249877929688,266.4169989013672,246.35681684660273,261.6951580298592,58.00556264007219,0.021943091756789847,-6.91957285593287,-8.65298320037565,1.7334103444427793,0.011083493131517796,-0.07246762504565729,0.12457558529611701,0.00031832005220055483,-0.08575650829850712,1.8900146484375,241.19000244140625
2025-05-06,244.5,245.89999389648438,240.61000061035156,241.19000244140625,227.98057556152344,8869045,-0.009771338059880508,242.37199859619142,265.078798828125,245.86473928420304,260.89103428129243,51.69411930282104,0.02191436622860344,-6.53470533707403,-8.229327627715326,1.6946222906412967,0.0028690330204002024,-0.08501518643102368,-0.2712637646968731,-0.004876785113920917,-0.09011960402841594,-2.3800048828125,244.0399932861328
2025-05-07,236.00999450683594,244.4499969482422,236.00999450683594,244.0399932861328,230.6744842529297,9130056,0.011816372220564642,241.75649795532226,263.8525985717773,245.6909539510535,260.2302091442274,50.048653607476574,0.021473236858849602,-5.931351682695606,-7.769732438711383,1.838380756015777,0.010936203216229234,-0.048020333623132294,0.029429436878491533,0.009445435180123073,-0.07508967276763345,2.8499908447265625,241.57000732421875
2025-05-08,243.11000061035156,245.8300018310547,239.30999755859375,241.57000732421875,228.3397674560547,11434833,-0.010121234346282093,241.5199981689453,262.43999847412107,245.29848284373588,259.4984365238349,42.384788918881526,0.01975396276439363,-5.588080871438478,-7.333402125256802,1.7453212538183234,0.0002898854004917961,-0.019204204908373823,0.2524384297314277,0.00020706010124454106,-0.07952290531643288,-2.4699859619140625,242.00999450683594
2025-05-09,236.60000610351562,242.9499969482422,236.5,242.00999450683594,228.7556610107422,10582438,0.0018213651085694504,241.4754981994629,260.9981982421875,244.98529347831686,258.8126152682663,58.62884246034957,0.019519436905786704,-5.220355977721255,-6.910792895749693,1.6904369180284382,0.0013654495243939913,-0.003664056862956233,-0.0745437209271006,0.002213459797612857,-0.0727522406791939,0.4399871826171875,257.2799987792969
2025-05-12,245.08999633789062,257.94000244140625,244.8800048828125,257.2799987792969,243.1893768310547,19791711,0.06309658534383211,241.97699813842775,259.87779846191404,246.1562177926959,258.75251266085576,71.72859570197294,0.023838950967935046,-3.6546411933565253,-6.25956255527106,2.604921361914535,0.05628768338799861,0.04056622357652939,0.8702411485897674,0.06324155088540583,-0.009996235530669547,15.270004272460938,251.57000732421875
2025-05-13,256.95001220703125,256.95001220703125,250.6199951171875,251.57000732421875,237.79208374023438,11714159,-0.02219368579823544,242.72299880981444,258.7821984863281,246.67181679569808,258.4708457849092,69.46805680608988,0.022168523621172758,-2.841791137141314,-5.576008271645112,2.7342171345037976,0.04303662995042323,0.06304675179607533,-0.4081280289511099,0.03644899147499566,-0.027869734488287876,-5.709991455078125,252.94000244140625
2025-05-14,251.57000732421875,253.69000244140625,250.75,252.94000244140625,239.08705139160156,8839105,0.005445780805745537,243.38249893188475,257.9399987792969,247.26878685719407,258.253949967517,62.738684097050296,0.02205609024553797,-2.0632703585401657,-4.873460689024123,2.810190330483957,0.03646946975956644,0.055015651476147065,-0.24543409390294257,0.03926947726917845,-0.01938433884451102,1.3699951171875,256.57000732421875
2025-05-15,253.1999969482422,257.1000061035156,250.6199951171875,256.57000732421875,242.51824951171875,12083645,0.014351248706314879,244.0109992980957,257.2453991699219,248.1546173778631,258.18791300111315,67.52030573311492,0.021949395443565795,-1.140232089969743,-4.126814969213247,2.986582879243504,0.06209380115581986,0.05151642345991281,0.3670665751792743,0.05146902419255436,-0.0026254768710440796,3.6300048828125,254.30999755859375
2025-05-16,257.0,257.0,253.52999877929688,254.30999755859375,240.38201904296875,6640387,-0.008808550107609059,244.34399948120117,256.44159912109376,248.74084406174222,258.03583788572024,66.82561088800463,0.021896408455646447,-0.5843455407411113,-3.41832108351882,2.8339755427777087,0.05082435986506484,0.02689280769735536,-0.45046490525003013,0.04078675186848338,-0.008312230035242644,-2.260009765625,251.75
2025-05-19,254.30999755859375,254.74000549316406,251.27999877929688,251.75,237.9622344970703,6788784,-0.010066444823915832,245.08649978637695,255.92359924316406,249.0274303415763,257.7893344392214,63.389675740583755,0.01942268608602346,-0.34637901207955224,-2.8039326692309667,2.4575536571514145,-0.021494087397134543,0.06268470445805274,0.022347643292476738,0.02718836092331121,-0.016307989007291766,-2.55999755859375,249.7100067138672
2025-05-20,253.0,254.60000610351562,249.30999755859375,249.7100067138672,236.03396606445312,9366429,-0.008103250391788719,245.6495002746582,255.24679962158203,249.0924376151278,257.47249805783497,59.62922008276881,0.01956636258171989,-0.31872516758232905,-2.3068911689012395,1.9881660013189104,-0.0073935706014207625,0.04722168131572291,0.3796917091485015,0.016529675145558885,-0.021691919020820054,-2.0399932861328125,250.9199981689453
2025-05-21,249.7100067138672,252.11000061035156,248.10000610351562,250.9199981689453,237.17767333984375,5313593,0.004845586570603855,246.48800048828124,254.66519958496093,249.26649100120568,257.2155372778785,60.64166949077457,0.018963003463803405,-0.19690331957875173,-1.884893599036742,1.6879902794579902,-0.007986100470323443,0.07162077603928885,-0.4326980965744789,0.01798058190209863,-0.014706373003140349,1.209991455078125,245.94000244140625
2025-05-22,249.0,249.88999938964844,245.0,245.94000244140625,232.47044372558594,11469037,-0.01984694629316075,246.6050003051758,253.88199951171876,248.94968256693906,256.7733594411541,54.341635372546726,0.01755199182408314,-0.4964795557376931,-1.6072107903769324,1.1107312346392393,-0.0414312062180352,0.0096058960560792,1.1584334742988407,-0.002696611435074723,-0.03128223775449634,-4.9799957275390625,247.36000061035156
2025-05-23,246.10000610351562,250.49000549316406,245.60000610351562,247.36000061035156,233.8126678466797,7437642,0.005773758456734335,246.83550033569335,253.1111996459961,248.7982842853593,256.40420811445597,53.89997647901906,0.017560039234722994,-0.6122561881886668,-1.4082198699392794,0.7959636817506126,-0.02732883887760207,0.018990733719264963,-0.35150248447188726,0.002124898055364381,-0.022722025116582032,1.4199981689453125,250.24000549316406
2025-05-26,248.49000549316406,250.85000610351562,248.1999969482422,250.24000549316406,236.53492736816406,3690751,0.011642969258191194,247.30250091552733,252.42,248.935591067055,256.1624746783269,59.217775683452395,0.017585735731036153,-0.46624311825277687,-1.219824519601979,0.7535814013492022,-0.005997992082764414,0.038771323509012356,-0.5037740455913312,0.011878183871015975,-0.008636377889374556,2.8800048828125,248.25
2025-05-27,250.99000549316406,250.99000549316406,247.99000549316406,248.25,234.65391540527344,6861143,-0.007952387505915537,247.69000091552735,251.7670001220703,248.8702966797164,255.8521815536866,54.364513529648676,0.017711384605842526,-0.5052789789457393,-1.076915411470731,0.5716364325249919,-0.005846808996886388,0.032224532224532254,0.8590099955266557,0.002260886924796103,-0.01396926571141201,-1.9900054931640625,247.42999267578125
2025-05-28,249.58999633789062,250.13999938964844,246.9600067138672,247.42999267578125,233.87881469726562,6205160,-0.0033031513563696047,247.9915008544922,251.16059997558594,248.73312486981783,255.521899636906,56.29023941695554,0.017739352982308578,-0.5955181551647968,-0.9806359602095444,0.3851178050447476,-0.013908837552335074,0.024979283064450408,-0.09560841393336361,-0.0022642234785312247,-0.014853473435591897,-0.82000732421875,250.13999938964844
2025-05-29,249.64999389648438,251.74000549316406,248.10000610351562,250.13999938964844,236.44039916992188,11785042,0.01095262011108833,248.42350082397462,250.79240020751953,248.8671129193255,255.31084472524884,58.32139597442896,0.01786521303506175,-0.44324896100897604,-0.8731585603694307,0.4299095993604547,0.0170773233575241,0.035776394988192184,0.8992325741801983,0.0069095659628839855,-0.002601358004992434,2.7100067138671875,249.6699981689453
2025-05-30,250.0,251.11000061035156,248.52000427246094,249.6699981689453,235.9961395263672,13858429,-0.0018789526739023676,248.8230010986328,250.50580017089842,248.94357818119408,255.0896350563742,38.82525708032396,0.017883823580318654,-0.35639143947850016,-0.7698051361912447,0.4134136967127445,0.009338605889771756,0.033060268682988614,0.1759337811439281,0.0034040143659257766,-0.003336457684344702,-0.470001220703125,247.67999267578125
2025-06-02,247.60000610351562,248.4199981689453,246.1999969482422,247.67999267578125,234.11512756347656,5846259,-0.007970543147989617,249.02850036621095,250.26239990234376,248.8232367044881,254.79906084537055,43.58718685038245,0.017951376672553747,-0.4430261107884803,-0.7044493311106919,0.26142322032221155,-0.010230230023922982,0.01687393861302322,-0.5781441749277642,-0.005415073730302514,-0.010318798299585572,-1.9900054931640625,246.22000122070312
2025-06-03,248.0,249.5,245.72999572753906,246.22000122070312,232.73509216308594,8573438,-0.00589466851684417,249.28000030517578,249.9897998046875,248.5753095155562,254.46262713459927,38.95463797761444,0.017849745115656106,-0.6223201019830071,-0.6880234852851549,0.06570338330214776,-0.008177235767560465,0.02085492237813158,0.4664827541851977,-0.012275349328973489,-0.015079809603950415,-1.459991455078125,246.86000061035156
2025-06-04,246.50999450683594,249.80999755859375,246.50999450683594,246.86000061035156,233.34005737304688,6698150,0.0025992989459648896,249.4210006713867,249.6129995727539,248.41194676267955,254.1644849179621,32.30039390249398,0.01767885274263439,-0.7046465528673309,-0.6913480988015901,-0.013298454065740817,-0.0023036498496630253,0.011555513038030263,-0.21873232185268032,-0.010267780395963025,-0.011029068867064043,0.6399993896484375,247.94000244140625
2025-06-05,246.89999389648438,249.49000549316406,246.8800048828125,247.94000244140625,234.36090087890625,6468060,0.004374956770576199,249.7395004272461,249.21179962158203,248.36699968446305,253.92038756594033,37.866675967261905,0.017507336190084016,-0.6749631811072163,-0.6880711152627154,0.013107934155499046,-0.008795062579396662,0.02636914734467899,-0.034351276098624206,-0.007205500062110029,-0.005103278344392013,1.0800018310546875,248.58999633789062
2025-06-06,247.10000610351562,249.97999572753906,247.10000610351562,248.58999633789062,234.9752960205078,4445411,0.0026215773577640267,250.06850051879883,248.89759979248046,248.38823746097995,253.71135261582074,43.508619273721656,0.01750915761707279,-0.5921637250957588,-0.6688896372293242,0.07672591213356539,-0.004325717302740895,0.027188967317086643,-0.31271339474278226,-0.005912396714663617,-0.0012358634829998517,0.649993896484375,251.2899932861328
2025-06-09,249.60000610351562,253.39999389648438,249.22000122070312,251.2899932861328,237.5274200439453,9193904,0.010861245375989537,249.7690002441406,248.53539978027345,248.66459515861357,253.61639734798985,53.15997314453125,0.010209044584346374,-0.30515967992675996,-0.5961436457688113,0.29098396584205133,0.014575261293216846,-0.023282048824566748,1.0681786228539947,0.006089598951453065,0.011083304464050826,2.6999969482421875,254.8699951171875
2025-06-10,252.89999389648438,255.8000030517578,251.8300018310547,254.8699951171875,240.91136169433594,10739851,0.014246495788546198,249.93399963378906,248.21279968261717,249.25558563085872,253.66555804482113,57.215921539637435,0.009476971460762661,0.20876283406386165,-0.4351623498022767,0.6439251838661384,0.03513115853139337,0.013117572432693736,0.1681491344699706,0.01974919575020131,0.02682051627910687,3.5800018310546875,258.9200134277344
2025-06-11,256.0199890136719,261.6000061035156,254.10000610351562,258.9200134277344,244.73956298828125,17268454,0.015890526104042513,250.23300018310547,248.0432000732422,250.17600732579928,253.87161511866088,74.54613238656628,0.010024538330870239,0.9321079984698031,-0.16170828014786073,1.0938162786176637,0.04885365303234601,0.02364201363409646,0.6078858077267553,0.03471569792262518,0.043850479881248426,4.050018310546875,259.6099853515625
2025-06-12,260.0,263.0,256.32000732421875,259.6099853515625,245.39173889160156,14528657,0.002664807230209343,250.38499908447267,247.79139953613281,251.07448142349102,254.09664924544134,73.82337911760185,0.009547911394975926,1.543249599851407,0.17928329585199287,1.363966303999414,0.04706776960250347,0.011848532332550565,-0.15865907857182815,0.03684320666501905,0.04769570629793511,0.689971923828125,260.2099914550781
2025-06-13,255.0,262.25,254.0,260.2099914550781,245.95889282226562,8692116,0.002311182686995261,250.67999877929688,247.75059936523436,251.94452999792787,254.33638815562318,71.27610453602031,0.009289476004758171,2.0523410895350764,0.5538948545886097,1.4984462349464667,0.04674361514287684,0.023200007680095336,-0.4017261196268863,0.03801656582969597,0.050290058315766585,0.600006103515625,262.8900146484375
2025-06-16,260.0,265.30999755859375,258.0,262.8900146484375,248.49212646484375,10935361,0.01029946305433116,251.23699951171875,247.75639953613282,252.98695710750022,254.67182448867473,80.34825681805242,0.009105212409521151,2.6416044648027253,0.9714367766314328,1.6701676881712926,0.04616189132965687,0.04425030644860972,0.258078125050333,0.04638255973191244,0.06108264061246819,2.680023193359375,262.9100036621094
2025-06-17,262.8900146484375,265.45001220703125,261.6600036621094,262.9100036621094,248.51104736328125,7528454,7.603565201441675e-05,251.89699935913086,247.7425994873047,253.93200916032015,254.99489033861337,83.19040764247858,0.008796207628116733,3.074768860022658,1.3921031933096781,1.68266566671298,0.03154552791208376,0.05286130548771939,-0.31154956841388226,0.04372026793093005,0.061222430886707174,0.019989013671875,261.5899963378906
2025-06-18,262.8999938964844,265.6000061035156,261.0299987792969,261.5899963378906,247.26332092285156,5016660,-0.0050207573155535146,252.4304992675781,247.8473992919922,254.6613412724697,255.25352194642818,76.10577475029658,0.008940057190406515,3.2738028434051785,1.7684431233287783,1.5053597200764002,0.010311998963731916,0.042523506483373996,-0.33364008068588846,0.036285223445219984,0.05544781621738183,-1.32000732421875,265.5799865722656
2025-06-19,262.8500061035156,266.44000244140625,261.80999755859375,265.5799865722656,251.0347900390625,14184486,0.015252839520748296,253.4124984741211,248.23299896240235,255.70121225340267,255.65848134351984,81.25734835190069,0.0077687836743149845,3.7107226742287196,2.1568990335087665,1.553823640719953,0.022996038509915495,0.07985681034356529,1.8274760498020597,0.04801455402321877,0.06988187582784137,3.989990234375,266.5400085449219
2025-06-20,266.0,267.20001220703125,262.8699951171875,266.5400085449219,251.94223022460938,12904674,0.0036148129422208797,254.37149887084962,248.7057992553711,256.7334785668807,256.0852079004376,88.61589987440561,0.007756035247170694,4.087334292502106,2.542986085307435,1.5443482071946715,0.024326571990747503,0.07753884171751446,-0.09022618091342893,0.04783755148704962,0.0717080556341938,0.96002197265625,263.239990234375
2025-06-23,264.0,265.20001220703125,261.80999755859375,263.239990234375,248.82293701171875,6214062,-0.012380949218701254,255.02149810791016,249.0255990600586,257.3531463447373,256.3657875998077,82.40663157809107,0.008312798363423201,4.072571743099957,2.8489032168659394,1.2236685262340172,0.0013312623775594279,0.05195006576023298,-0.5184642401660049,0.03222666397711794,0.057080040076073695,-3.300018310546875,264.9700012207031
2025-06-24,265.5,268.6499938964844,264.7099914550781,264.9700012207031,250.4582061767578,6319428,0.0065719915305717524,255.8574981689453,249.59199920654297,258.0785610948293,256.70320774180357,83.10779937436294,0.007972811580944305,4.152601143553568,3.1096428022034655,1.0429583413501025,0.007835371533603697,0.0673514651387841,0.016956058693974985,0.03561554035731536,0.061612559950026756,1.730010986328125,269.4100036621094
2025-06-25,265.8999938964844,269.9599914550781,265.8500061035156,269.4100036621094,254.655029296875,5331739,0.01675662309299697,256.95649871826174,250.18519927978517,259.1577461012369,257.2015134641685,84.95598261763061,0.008351902204091786,4.522167379764085,3.3921477177155896,1.130019662048495,0.029894137519379083,0.08883325238233963,-0.1562940506640791,0.04846542121319219,0.07684229298002906,4.44000244140625,268.5199890136719
2025-06-26,269.1000061035156,271.29998779296875,267.19000244140625,268.5199890136719,253.81378173828125,8564099,-0.003303569415906815,257.87549819946287,250.6755990600586,260.04938828337356,257.6453752504235,82.19700405848317,0.008362361903084455,4.689180585697386,3.651554291311949,1.0376262943854369,0.011070120453546606,0.07347881054158201,0.6062487304798678,0.041277635481195084,0.07118518922672641,-0.8900146484375,265.04998779296875
2025-06-27,269.0,270.0,264.5,265.04998779296875,250.5338134765625,8906108,-0.012922692397870028,258.6444976806641,251.02359893798828,260.52563585571596,257.93575221287625,71.68972396186851,0.009076271491780854,4.489784218487046,3.8192002767469684,0.6705839417400772,-0.005590233001369516,0.06160127262714288,0.0399351992544692,0.024765615235369232,0.05587677379466415,-3.470001220703125,265.9800109863281
2025-06-30,266.1000061035156,266.739990234375,262.8999938964844,265.9800109863281,251.41290283203125,7119563,0.003508859597027403,259.5594985961914,251.60519927978515,261.0451001538695,258.2512133412469,69.10900942608882,0.008698965531555707,4.356586245715732,3.9266774705407212,0.429908775175011,0.010408831688200504,0.07388573502786722,-0.2005977246177567,0.024736187366910398,0.05713241120489792,0.930023193359375,264.54998779296875
2025-07-01,265.5,268.3500061035156,263.70001220703125,264.54998779296875,250.06118774414062,3886095,-0.005376431063584208,260.4759979248047,252.12719909667967,261.37889897664087,258.49822410405955,60.6426319086853,0.008669898146169091,4.0885052288808765,3.9590430222087525,0.12946220667212405,-0.0015851357731041515,0.07444556283563353,-0.45416663916029676,0.01564055767372531,0.04927191013423936,-1.430023193359375,267.0
2025-07-02,265.0,268.70001220703125,264.45001220703125,267.0,252.37701416015625,8750887,0.009261055830962928,261.4829978942871,252.78419921875,261.9142419312465,258.83162708037094,63.098151213232505,0.008755666386466469,4.027320161222121,3.972698450011426,0.054621711210695256,-0.008945486913440548,0.08158470120656691,1.2518458761301514,0.02109889419251387,0.056236904146640065,2.45001220703125,267.04998779296875
2025-07-03,268.3999938964844,270.8500061035156,266.45001220703125,267.04998779296875,252.42428588867188,9357962,0.00018722019838479653,262.43849716186526,253.25319885253907,262.4033605847439,259.15391573576693,62.36436233887598,0.008795340462450998,3.937475386156848,3.965653837240511,-0.028178451083662903,-0.005474457324770254,0.07707503897471568,0.06937296756317379,0.017571700344935465,0.0544782415501219,0.04998779296875,270.04998779296875
2025-07-04,268.29998779296875,271.3999938964844,267.5,270.04998779296875,255.25999450683594,7141779,0.011233851852207488,263.51149673461913,253.79919860839843,263.131610795051,259.5812126791866,62.79475858699114,0.008946404050628586,4.06152890556541,3.9848288509054908,0.07670005465991947,0.018864366082919748,0.08632685052180888,-0.2368232527552474,0.024812925202024473,0.06403010440409078,3.0,267.75
2025-07-07,270.04998779296875,270.54998779296875,267.29998779296875,267.75,253.0859375,4849218,-0.008516896489297432,264.3344970703125,254.33619873046874,263.57145738599854,259.9015572800028,57.99732341767492,0.009230322627789797,3.928961794488373,3.973655439622067,-0.044693645133694115,0.006654594106934031,0.06550203809797117,-0.3210069927954925,0.012921139569531703,0.05274043308222302,-2.29998779296875,269.6499938964844
2025-07-08,267.79998779296875,270.29998779296875,267.3500061035156,269.6499938964844,254.88186645507812,5519016,0.007096149006477592,265.07349700927733,254.91919860839843,264.15036562509243,260.2838489120217,63.067403677931615,0.008913709881336543,3.931890644566579,3.96530248061097,-0.03341183604439113,0.019278043238870834,0.057990344342028655,0.1381249512808045,0.017265011171776517,0.05778613524795786,1.899993896484375,267.79998779296875
2025-07-09,268.0,269.3999938964844,264.8500061035156,267.79998779296875,253.13319396972656,11564433,-0.006860768200965817,265.5174957275391,255.44719848632812,264.4979486886997,260.5785994563726,53.867583962911176,0.008609839189019865,3.7417986226143967,3.9206017090116556,-0.17880308639725895,0.0029962089624298027,0.034296206954711916,1.0953795024330426,0.008596390453199532,0.04835750550343878,-1.850006103515625,265.04998779296875
2025-07-10,267.54998779296875,267.54998779296875,263.1499938964844,265.04998779296875,250.5338134765625,6911031,-0.010268857824317634,265.78949584960935,255.9181982421875,264.55052384148723,260.7539480185921,47.556548450153585,0.009011693219845435,3.3308513276647886,3.8026516327422826,-0.47180030507749393,-0.007489234568138214,0.0209545192725904,-0.40238911842889313,-0.0027823073078066082,0.03568245483714847,-2.75,258.29998779296875
2025-07-11,261.0,262.04998779296875,257.75,258.29998779296875,244.1534881591797,13109857,-0.025466894211941815,265.6939956665039,256.25059814453124,263.9552346940093,260.6577142842539,42.722461399022436,0.010778677375243304,2.4324641156369466,3.5286141293212157,-1.096150013684269,-0.04351046299253314,-0.0073402395174326784,0.8969466350244992,-0.02782903638822166,0.007997599472066826,-6.75,254.25
2025-07-14,258.29998779296875,259.54998779296875,251.64999389648438,254.25,240.32530212402344,10388421,-0.0156793959905831,265.26199493408205,256.46419799804687,263.0309266279132,260.40643137114597,35.21788567114611,0.010995638735175712,1.377803152749948,3.0984519340069623,-1.7206487812570144,-0.050420168067226934,-0.03286551092475609,-0.20758700876752512,-0.041513654968999794,-0.00863355593229326,-4.04998779296875,257.3999938964844
2025-07-15,254.0,259.8500061035156,252.8000030517578,257.3999938964844,243.30279541015625,8750149,0.012389356525012385,264.98649444580076,256.78839782714846,262.49464732015804,260.28853186233573,32.82814002642469,0.011431218190445798,0.7870819325124785,2.636177933708066,-1.8490960011955875,-0.04542926118033819,-0.020957779045587155,-0.15770173349732364,-0.028629763057105895,0.002381712236654865,3.149993896484375,262.79998779296875
2025-07-16,257.3999938964844,264.0,256.04998779296875,262.79998779296875,248.40704345703125,12179338,0.020978997764296903,265.0469940185547,257.16359771728514,262.52372736518765,260.3870203302037,42.75582620445071,0.012387804495784067,0.7460653108776683,2.2581554091419864,-1.5120900982643182,-0.018670650589668436,0.004625526480436237,0.39190064077765996,-0.008477765363483604,0.021917526919498217,5.399993896484375,260.6000061035156
2025-07-17,263.8500061035156,264.3500061035156,258.0,260.6000061035156,246.32754516601562,7484171,-0.008371315797724654,264.79799499511716,257.5441976928711,262.34051581645696,260.39537271347086,44.176939695622835,0.012007834007724457,0.5299304974936945,1.912510426812328,-1.3825799293186336,-0.01678921673042677,-0.018751339410113754,-0.3855026439039626,-0.015853552409560163,0.01186518057102061,-2.199981689453125,266.95001220703125
2025-07-18,268.6000061035156,271.8999938964844,265.6000061035156,266.95001220703125,252.32977294921875,30319126,0.024366868590913526,264.81849517822263,258.042998046875,262.77951547270214,260.65241739949283,51.11162249670728,0.013248904564669706,0.861108204695654,1.7022299823889935,-0.8411217776933395,0.03348828812564886,0.0015382443496856357,3.051100115163056,0.008048973419980003,0.034517558033247665,6.350006103515625,260.3500061035156
2025-07-21,266.95001220703125,267.1499938964844,259.20001220703125,260.3500061035156,246.09124755859375,12190000,-0.02472375276910288,264.6739959716797,258.1043981933594,262.5481336280177,260.6405581329839,45.69673630475581,0.014122487535414603,0.5842685060156327,1.4786376871143214,-0.8943691810986887,0.0239921577326081,-0.010978514808051343,-0.5979435554969493,-0.016337040789706943,0.008700386068097728,-6.600006103515625,259.70001220703125
2025-07-22,261.70001220703125,262.1499938964844,258.75,259.70001220703125,245.47683715820312,6724044,-0.0024966156375887394,264.4104965209961,258.2669982910156,262.2768839688761,260.603673979025,42.23404545436837,0.014030211988443307,0.3088616106804807,1.2446824718275533,-0.9358208611470726,0.008935580283936817,-0.019889002488558405,-0.4483967186218212,-0.017815042806331286,0.005548575410323633,-0.649993896484375,261.3999938964844
2025-07-23,260.25,261.75,258.1499938964844,261.3999938964844,247.08370971679688,6510321,0.006545943818046185,264.00999603271487,258.4361981201172,262.1933706286483,260.63490221108225,44.19321511440814,0.013530375900689645,0.2251782620901963,1.040781629880082,-0.8156033677898857,-0.005327222075776072,-0.029731671640786828,-0.03178489016431185,-0.009885997407109813,0.011468191367641406,1.699981689453125,261.8500061035156
2025-07-24,262.0,263.3999938964844,260.25,261.8500061035156,247.50909423828125,8139900,0.0017215463563073907,263.676496887207,258.54179809570314,262.16066924530236,260.68255334411884,41.10629993452946,0.013540230016988848,0.19294666062631904,0.8712146360293295,-0.6782679754030104,0.004796623064941441,-0.024839800324200967,0.25030701251136467,-0.006927013993487262,0.012795640906728353,0.45001220703125,259.20001220703125
2025-07-25,261.79998779296875,262.04998779296875,256.04998779296875,259.20001220703125,245.0042266845703,8427780,-0.010120274335364221,263.38399810791014,258.63959838867186,261.87870190832416,260.62441447599775,40.7965589012872,0.01342622327741638,-0.04590036543243059,0.6877916357369774,-0.733692001169408,-0.02903165254021245,-0.022071216205853728,0.03536652784432248,-0.015885497717916364,0.002166775009900954,-2.649993896484375,250.0500030517578
2025-07-28,254.0,254.0,249.0,250.0500030517578,241.0043487548828,8998911,-0.035300959584697256,262.58749771118164,258.60559844970703,260.75215916007977,260.2097316750472,31.750462665527408,0.015395875796485674,-0.9624234054668932,0.3577486274962033,-1.3201720329630966,-0.03956213869901937,-0.05989174853966428,0.06776766835394366,-0.0477459695099945,-0.03308356605285593,-9.150009155273438,251.8000030517578
2025-07-29,249.1999969482422,252.6999969482422,247.25,251.8000030517578,242.6910400390625,12923128,0.0069986001945290255,261.9499984741211,258.6473983764648,259.8995728640491,259.87993839570254,35.0746300523781,0.015542053815078965,-1.5299280846338092,-0.01978671492979922,-1.51014136970401,-0.030419748879239927,-0.04819499274061134,0.43607687641315707,-0.03874783539411265,-0.026473861201343037,1.75,250.1999969482422
2025-07-30,251.4499969482422,252.5,249.1999969482422,250.1999969482422,241.14891052246094,6057152,-0.006354273566814617,261.1099983215332,258.6329983520508,258.9758037292103,259.5003328487433,35.84366029637272,0.015318612935580306,-2.084754994408229,-0.43278037082548515,-1.6519746235827437,-0.042846202026605384,-0.06292135974441126,-0.531293662029812,-0.04178316205209562,-0.032606053587677174,-1.600006103515625,248.3000030517578
2025-07-31,248.10000610351562,250.14999389648438,246.0500030517578,248.3000030517578,239.31765747070312,7338764,-0.007593900558189981,260.17249908447263,258.6801983642578,257.9590608075482,259.06110422925366,39.495805592607304,0.01532868147775435,-2.647257015239859,-0.8756756997083599,-1.771581315531499,-0.051747193950422044,-0.0702115169379709,0.21158656741650206,-0.04563317058679621,-0.040127521851839786,-1.899993896484375,242.75
2025-08-01,246.5,246.89999389648438,242.1999969482422,242.75,233.96841430664062,7436999,-0.022352005572069733,258.80749969482423,258.58799835205076,256.51057882587696,258.42145308300843,38.28919987966994,0.0154662501259145,-3.500530841783899,-1.4006467281234678,-2.099884113660431,-0.06346455027900266,-0.10109234966489988,0.0133857690477579,-0.06204418231217647,-0.06124800243238031,-5.5500030517578125,246.0500030517578
2025-08-04,242.75,246.4199981689453,241.10000610351562,246.0500030517578,237.1490478515625,5234393,0.013594245321350451,257.7224998474121,258.50419830322267,255.5143335140561,257.93629817982213,38.47716308505856,0.015997842570958102,-3.8659100254968735,-1.893699387598149,-1.9722106378987245,-0.015996800444637582,-0.0810457402361986,-0.29616865620124466,-0.0452909497718094,-0.048177922576159535,3.3000030517578125,245.91000366210938
2025-08-05,246.0500030517578,246.9499969482422,244.52999877929688,245.91000366210938,237.0141143798828,7383968,-0.0005689875550173307,256.53550033569337,258.4573983764648,254.59963543291832,257.46467878697064,30.802468878862044,0.015806300655710162,-4.11928785549469,-2.3388170811774573,-1.7804707743172328,-0.023391577912085015,-0.08804001769600822,0.4106636624342115,-0.04141920576169709,-0.048547245283646775,-0.1399993896484375,239.9600067138672
2025-08-06,246.0,246.0,239.30999755859375,239.9600067138672,231.27935791015625,7700190,-0.02419583123758451,255.14350128173828,258.30799865722656,253.20538507872297,256.77822105861367,28.382910541763664,0.016407683528779107,-4.745503429221799,-2.820154350786326,-1.925349078435473,-0.040927219661370806,-0.10395811183017734,0.04282548353405646,-0.05950962690248949,-0.0710314509761158,-5.9499969482421875,242.32000732421875
2025-08-07,239.11000061035156,243.17999267578125,238.61000061035156,242.32000732421875,233.5540008544922,6190830,0.009834974763797577,254.0070022583008,258.15159881591796,252.16868243543686,256.21123228471583,21.85142299107143,0.016703298660658037,-4.993786198362017,-3.254880720301464,-1.7389054780605528,-0.024083752130653613,-0.08575733452402368,-0.19601594246375742,-0.04601052266345588,-0.06132672260917649,2.3600006103515625,239.0500030517578
2025-08-08,242.39999389648438,243.25,238.39999389648438,239.0500030517578,230.40228271484375,8922847,-0.013494569881246976,253.04450302124025,257.9391989135742,250.919284398896,255.5382429030312,23.651652626591897,0.016110293580352396,-5.392255532689688,-3.682355682779109,-1.7098998499105793,-0.015242005965982242,-0.07452568970556861,0.44130060105026314,-0.055304500996442324,-0.0732311953412923,-3.2700042724609375,241.6199951171875
2025-08-11,239.0500030517578,244.75,238.6199951171875,241.6199951171875,232.87930297851562,3047287,0.010750855606026732,252.41300277709962,257.8179989624023,250.03363780063802,254.99242926437068,28.6490096201736,0.016163398974233256,-5.437982789035317,-4.033481104030351,-1.4045016850049663,-0.018004502660536215,-0.04967553542895775,-0.6584848983738039,-0.04275931723471151,-0.0628272809129086,2.5699920654296875,241.72000122070312
2025-08-12,242.6999969482422,246.2899932861328,241.10000610351562,241.72000122070312,232.97567749023438,8101435,0.0004138982929253743,251.62900314331054,257.72799896240235,249.24186288826326,254.4719418901092,25.84685487078727,0.015803743529780707,-5.403859978324391,-4.307556878889159,-1.0963030994352323,-0.017038763690002123,-0.06091683390671365,1.6585730192134842,-0.0393794109535296,-0.06211198552794604,0.100006103515625,241.64999389648438
2025-08-13,242.88999938964844,242.88999938964844,240.1199951171875,241.64999389648438,232.90821838378906,5820844,-0.00028962156158041097,250.57150344848634,257.623798828125,248.5188277461891,253.96912040016315,24.975217709866868,0.014786844040875774,-5.3211277624250215,-4.5102710555963315,-0.81085670682869,0.007042786861697126,-0.08047943256811008,-0.2815045729552851,-0.03560464549727256,-0.06200438392843374,-0.07000732421875,246.80999755859375
2025-08-14,243.10000610351562,248.42999267578125,242.41000366210938,246.80999755859375,237.88156127929688,12857225,0.02135321246612465,249.88200302124022,257.60119873046875,248.35608201403716,253.6883704848075,35.54932675572071,0.0157926106296661,-4.784045218376349,-4.565025888152335,-0.21901933022401376,0.018529176702968275,-0.052916378441849266,1.2088248714447594,-0.012293824387126229,-0.041891113958541656,5.160003662109375,245.2100067138672
2025-08-18,248.63999938964844,249.00999450683594,244.75999450683594,245.2100067138672,236.33944702148438,5789317,-0.006482682470537737,248.79500274658204,257.5335989379883,248.05645579497335,253.35588563104517,43.14836447588749,0.014471893979085769,-4.436369614859132,-4.539294633493695,0.10292501863456316,0.02576868263321308,-0.08143848847739987,-0.5497226656607472,-0.014409437461115187,-0.04785236673948909,-1.5999908447265625,246.9600067138672
2025-08-19,245.4600067138672,247.5,244.77999877929688,246.9600067138672,238.02613830566406,4090961,0.007136739741792297,248.1255027770996,257.44699920654296,247.95203207296322,253.10506684997938,43.14836447588749,0.013825741080493297,-3.9738161407090615,-4.426198934936768,0.4523827942277068,0.022100867910744393,-0.051430762726099366,-0.293360339397549,-0.004697203835106862,-0.04073456876559796,1.75,250.83999633789062
2025-08-20,245.3000030517578,252.88999938964844,245.3000030517578,250.83999633789062,241.76576232910156,10099384,0.015711003881364816,247.68250198364257,257.36639923095703,248.2270762886706,253.01624055538767,50.851063225376016,0.014415952680273193,-3.256616199322252,-4.192282387813865,0.9356661884916129,0.03772958411025518,-0.03411634752668968,1.4687069859624668,0.012748152691289372,-0.025358410859257895,3.8799896240234375,249.91000366210938
2025-08-21,252.74000549316406,252.74000549316406,249.61000061035156,249.91000366210938,240.86941528320312,7607486,-0.0037075135120338,247.10800247192384,257.1861990356445,248.38735508614096,252.89442734388655,52.197653653300044,0.01429150107722934,-2.7317824279354284,-3.9001823958381783,1.16839996790275,0.03418170897684081,-0.043955587232818005,-0.24673762280947031,0.011339176239360748,-0.028291546750246473,-0.92999267578125,248.63999938964844
2025-08-22,252.0,253.0,247.61000061035156,248.63999938964844,239.64535522460938,13572686,-0.005081846480135543,246.44750213623047,256.96679931640625,248.41141644837975,252.72758703195566,59.10355650163743,0.014275526816255693,-2.3907673361570403,-3.598299383901951,1.2075320477449107,0.007414617921303046,-0.05044875465324583,0.7841223763014484,0.008896406879409178,-0.032404185867236986,-1.2700042724609375,253.83999633789062
2025-08-25,250.60000610351562,257.2900085449219,250.60000610351562,253.83999633789062,244.65724182128906,16391069,0.020913758691308404,246.17950134277345,256.8393994140625,248.9284240569046,252.77121092630605,61.37225803893511,0.015066909461788406,-1.681530486771095,-3.21494560447578,1.5334151177046849,0.03519427995487012,-0.02067907259533386,0.20765108689613831,0.031117517719117145,-0.011678126810039704,5.1999969482421875,252.02999877929688
2025-08-26,253.0,254.82000732421875,251.30999755859375,252.02999877929688,242.9127197265625,15797327,-0.00713046637530057,246.27850112915038,256.6221990966797,249.22381212570386,252.74214378328608,58.51892821399018,0.01283693525372159,-1.2510851195699786,-2.82217350749462,1.5710883879246413,0.020529607740511047,0.007918399133669318,-0.03622350683777853,0.02335363267104813,-0.017894789825461554,-1.80999755859375,250.64999389648438
2025-08-28,252.02000427246094,252.35000610351562,249.0800018310547,250.64999389648438,241.58262634277344,5851451,-0.005475558026808436,246.22100067138672,256.3769989013672,249.3596389610163,252.660098689686,67.04942632290333,0.012806181443516595,-1.0096700775761178,-2.4596728215109196,1.4500027439348018,-0.0007574646953443231,-0.0045671530632867,-0.6295923354628286,0.01798787761003665,-0.022338216881484338,-1.3800048828125,249.41000366210938
2025-08-29,250.5,253.10000610351562,248.66000366210938,249.41000366210938,240.38751220703125,10117017,-0.00494709860191378,246.18150100708007,256.1333990478516,249.36443559921562,252.53264398272225,61.72676301465006,0.012774131200045804,-0.9079376265900407,-2.149325782526744,1.2413881559367033,-0.002000720229975328,-0.0031574472252940966,0.7289757702833024,0.01311431867066426,-0.026249584828592087,-1.239990234375,250.36000061035156
2025-09-01,249.4199981689453,252.99000549316406,249.39999389648438,250.36000061035156,241.3031463623047,3198345,0.0038089769227107606,246.28450088500978,255.8289993286133,249.4592513145619,252.44744228184499,70.26157012051776,0.01267522922235172,-0.7421026149709178,-1.867881149015579,1.125778534044661,0.006917636844133268,0.008296405691804898,-0.6838648190469583,0.01654793424148374,-0.02137755583852627,0.9499969482421875,250.92999267578125
2025-09-02,250.36000061035156,253.14999389648438,249.60000610351562,250.92999267578125,241.8524932861328,5046939,0.002276689822815481,246.69350051879883,255.51679901123046,249.59932192039233,252.3879344541562,67.96605018974863,0.011479259704374887,-0.5582484369448082,-1.6059546066014248,1.0477061696566166,-0.01146392886893921,0.033697189189624055,0.5779845513851696,0.01717310001306495,-0.017951095009011958,0.5699920654296875,249.55999755859375
2025-09-03,251.89999389648438,252.39999389648438,249.1199951171875,249.55999755859375,240.53207397460938,3862765,-0.0054596706538688755,246.86900024414064,255.24319915771486,249.59557674307817,252.27703496805572,64.42238273228142,0.011229965780828037,-0.5171286949969272,-1.3881894242805253,0.8710607292835981,-0.009800425475802621,0.01426537071043077,-0.23463212057843374,0.01090050719933186,-0.022265829678813315,-1.3699951171875,244.97000122070312
2025-09-04,249.5,250.33999633789062,244.44000244140625,244.97000122070312,236.10812377929688,5021036,-0.018392356077872374,246.8220001220703,254.84319915771485,249.1550457409472,251.99048462502228,55.23661267838852,0.012021011752730525,-0.8451727224763204,-1.2795860839196844,0.43441336144336407,-0.022661052519821867,-0.00382254657154113,0.29985541445052966,-0.0075033785499317,-0.038742246093455675,-4.589996337890625,243.6699981689453
2025-09-05,246.10000610351562,247.32000732421875,241.27000427246094,243.6699981689453,234.8551483154297,6233782,-0.005306784689063204,247.00749969482422,254.32839904785158,248.6326602578994,251.66419103850944,44.36062326563878,0.010699520143189036,-1.1962596230921463,-1.262920791754177,0.06666116866203065,-0.02301433546723486,0.015460874109334277,0.2415330222687111,-0.013511741667772689,-0.041908024895406584,-1.3000030517578125,242.52000427246094
2025-09-08,244.36000061035156,246.99000549316406,242.1999969482422,242.52000427246094,233.7467498779297,6596932,-0.004719472668469615,247.01749954223632,253.80839935302734,248.05050254500048,251.3055954790566,45.08943593080442,0.010548099790597313,-1.5494325241706122,-1.320223138237464,-0.2292093859331481,-0.03131489183087366,0.0008253422837454227,0.05825516516297813,-0.018207192924023508,-0.044476050080853084,-1.149993896484375,249.14999389648438
2025-09-09,245.0,249.85000610351562,245.0,249.14999389648438,240.1368865966797,12836972,0.027337908243539877,247.52249908447266,253.49039947509766,248.15521600704656,251.2210620836616,53.39323060860782,0.011671406236043838,-1.2795895276670421,-1.3120964161233797,0.032506888456337535,-0.007093607106571587,0.04225053635552456,0.9459003063848468,0.006575138898610988,-0.017122563961400352,6.6299896240234375,255.75
2025-09-10,249.3000030517578,257.1700134277344,249.25,255.75,246.49813842773438,15261331,0.026490091371456304,248.22899932861327,253.2857992553711,248.87852876828023,251.39866749214545,57.01630367946999,0.012762503429020449,-0.5270956443405623,-1.1550962617668163,0.628000617426254,0.024803664457293095,0.05848027964721769,0.18885754366372387,0.03029863832077974,0.009728933686268012,6.600006103515625,253.91000366210938
2025-09-11,255.6999969482422,255.6999969482422,252.1699981689453,253.91000366210938,244.72471618652344,5865301,-0.00719451158510509,248.8384994506836,253.0729995727539,249.35771685340683,251.49715126351657,55.57103632360567,0.012953183362521417,-0.07830845621748495,-0.9397387006569502,0.8614302444394653,0.03649427438811936,0.05043025972135484,-0.6156756576474227,0.020380705648929853,0.0033073622660992363,-1.839996337890625,251.94000244140625
2025-09-12,254.8800048828125,255.89999389648438,250.82000732421875,251.94000244140625,242.82598876953125,5345794,-0.007758659337127605,249.35299987792968,252.77179962158203,249.60364881416868,251.514517976375,54.50820577708386,0.013145363395994973,0.11704674714161456,-0.7283816110972372,0.8454283582388518,0.033939361983854166,0.04258228348778603,-0.08857294791861492,0.010374860397681346,-0.003290704031941241,-1.970001220703125,251.27999877929688
2025-09-15,251.5,251.7899932861328,249.60000610351562,251.27999877929688,242.18984985351562,3700703,-0.0026196858605765927,249.57649993896484,252.45639984130858,249.76330119179994,251.50532114511702,46.007485666908764,0.01237432349449151,0.21611908730147888,-0.539481471417494,0.7556005587189729,0.03612070902404585,0.01811110273052008,-0.3077355767917731,0.006825557858005983,-0.004659818736031962,-0.660003662109375,254.00999450683594
2025-09-16,252.0,254.5,250.1999969482422,254.00999450683594,244.82107543945312,7316998,0.01086435745304537,250.0164993286133,252.13559997558593,250.16774817418434,251.60354362989034,53.0018159736279,0.012432270348163327,0.5090544080019015,-0.3297742955336149,0.8388287035355164,0.019506324420665244,0.035887555776781044,0.9771913606685001,0.015972926542634807,0.007434073297985292,2.7299957275390625,254.14999389648438
2025-09-17,253.3000030517578,255.5,252.85000610351562,254.14999389648438,244.9560089111328,7339871,0.0005511570122280762,250.37599868774413,251.86359985351564,250.54700967154625,251.70340442465871,55.513554571633236,0.012371586965880765,0.7439289905397004,-0.11503363831895183,0.8589626288586523,-0.00625613334707964,0.029113973870869003,0.003126008781196843,0.015073310654856242,0.009077905835930673,0.1399993896484375,256.92999267578125
2025-09-18,257.0,259.79998779296875,256.0,256.92999267578125,247.6354522705078,10498239,0.010938417651228383,250.68049850463868,251.60919982910156,251.15491281480672,251.90836866980078,61.29807119185561,0.01212682074964749,1.141235999246419,0.13622028919412232,1.0050157100522967,0.011893934741108891,0.024278410248767424,0.4303029303921009,0.024930117055064534,0.021147052056497508,2.779998779296875,255.8800048828125
2025-09-19,257.0,257.6600036621094,254.6999969482422,255.8800048828125,246.62344360351562,10741757,-0.0040866688315899236,250.97899856567383,251.37080017089843,251.60492158318823,252.06411910952676,58.268440735439796,0.012135303989773662,1.3557511707399499,0.3801264655032879,0.975624705236662,0.015638653660498214,0.02388860443047669,0.023196080790311546,0.019527555473356537,0.017938458678766235,-1.04998779296875,250.3300018310547
2025-09-22,248.5500030517578,251.77999877929688,247.2100067138672,250.3300018310547,241.2742156982422,15784007,-0.021689866131976987,251.06349868774413,251.07640045166016,251.4835006544136,251.996114510371,49.21794667295688,0.013119721122586109,1.0656331708212576,0.5172278065668818,0.5484053642543758,-0.0037806309808071648,0.006796985382701015,0.46940644812575827,-0.0029215591295559686,-0.0029727948117098326,-5.5500030517578125,249.6300048828125
2025-09-23,250.22000122070312,252.0,248.75,249.6300048828125,240.59954833984375,8674114,-0.0027962966608956474,250.85299911499024,250.90300079345704,251.30697724759446,251.90332589752558,50.0928726139147,0.01221012946788473,0.7703485633804803,0.5678519579296015,0.20249660545087877,-0.017243375137766748,-0.016585217128171292,-0.4504491793497051,-0.0048753422781169274,-0.005073657575313208,-0.6999969482421875,244.58999633789062
2025-09-24,248.3300018310547,249.1199951171875,244.25,244.58999633789062,235.7418670654297,7888797,-0.02018991485934507,250.48099899291992,250.70980072021484,250.66726478000362,251.61652865989282,49.501828735024255,0.012898237871530344,0.1281693595128388,0.479915438246249,-0.3517460787334102,-0.037615572646787276,-0.02952030503289993,-0.09053570197486449,-0.023518760619426513,-0.02440991283445576,-5.040008544921875,242.0
2025-09-25,245.4499969482422,245.63999938964844,241.27999877929688,242.0,233.2455596923828,7957740,-0.010589134374541898,250.0484992980957,250.40180084228516,249.84181099143183,251.23940988891664,47.88232421327024,0.013032873788776133,-0.5830325093264435,0.2673258487317105,-0.850358358058154,-0.05810918577583635,-0.034510249779047375,0.008739355316152775,-0.03218775285869907,-0.03355327643021627,-2.589996337890625,235.75
2025-09-26,241.4499969482422,241.5500030517578,235.00999450683594,235.75,227.22164916992188,16999628,-0.025826446280991733,249.36549911499023,249.8608010864258,248.49973375415263,250.6319820501356,42.3983755020445,0.014101297155978491,-1.6321732041797077,-0.11257396185057311,-1.5195992423291345,-0.07866970649790161,-0.054769269321752634,1.1362381781762156,-0.05460057290728777,-0.056474649184947295,-6.25,239.63999938964844
2025-09-29,236.8800048828125,240.7899932861328,236.2899932861328,239.63999938964844,230.97093200683594,8894412,0.016500527633715567,248.8294990539551,249.44160095214843,247.65594952896174,250.2009239065871,38.62168457204366,0.01468401211586367,-2.1252359259967193,-0.5151063546798024,-1.610129571316917,-0.04270364064719989,-0.04281834635951787,-0.47678784500460836,-0.036930909314389776,-0.039294173566422404,3.8899993896484375,239.3699951171875
2025-09-30,239.92999267578125,241.5,239.0,239.3699951171875,230.710693359375,5590909,-0.0011267078665858632,248.2514991760254,248.89000061035156,246.86681101355467,249.77618160112044,26.90354084889836,0.014650505570858705,-2.5088582178046863,-0.9138567273047792,-1.5950014904999072,-0.04110086754371334,-0.046068616331289114,-0.3714133098399309,-0.03577623534325714,-0.03824985121868379,-0.2700042724609375,241.07000732421875
2025-10-01,240.0,243.57000732421875,237.83999633789062,241.07000732421875,232.3491973876953,9479378,0.007102027161754343,247.82699966430664,248.50440063476563,246.31473447171314,249.43476300202627,31.823338511758607,0.014774569492947184,-2.6452125072038655,-1.2601278832845966,-1.385084623919269,-0.014391385855409888,-0.03401983618140425,0.6954985316341225,-0.027264956397973408,-0.02991654591048241,1.70001220703125,240.97999572753906
2025-10-03,240.97999572753906,241.39999389648438,238.05999755859375,240.97999572753906,232.262451171875,10968346,-0.00037338363937833297,247.62749938964845,248.13000030517577,245.80666411512513,249.103203501066,33.612438826844325,0.01423797733284019,-2.729078331314952,-1.5539179728906678,-1.175160358424284,-0.0042148936878551035,-0.016287731041685016,0.15707444096015588,-0.026844771596426627,-0.02881555865410429,-0.0900115966796875,242.1300048828125
2025-10-06,240.0,242.9600067138672,239.32000732421875,242.1300048828125,233.37086486816406,6064946,0.004772218340370893,247.5504997253418,247.74460052490235,245.45650609300012,248.8297447317227,36.516375417221695,0.014245627781408612,-2.6719459437298383,-1.777523567058502,-0.8944223766713364,0.027062586989660575,-0.006319995476279705,-0.4470500839415532,-0.02189652151194753,-0.02266283757625424,1.1500091552734375,243.52999877929688
2025-10-07,242.89999389648438,245.0,242.13999938964844,243.52999877929688,234.72021484375,6587728,0.005781992600057739,247.6009994506836,247.37820037841797,245.27302920598075,248.62191155711778,33.92639745374974,0.014264604107496165,-2.4850541503896864,-1.919029683724739,-0.5660244666649474,0.016232679851260645,0.004164582257310423,0.08619730497188272,-0.01644177802358816,-0.015555944675943345,1.399993896484375,244.27000427246094
2025-10-08,243.25,246.35000610351562,242.57000732421875,244.27000427246094,235.43344116210938,7360563,0.0030386625749327933,247.35699996948242,247.07960021972656,245.177503021836,248.45124852634694,35.12050986374189,0.012800578171562486,-2.251277473527324,-1.985479241685256,-0.26579823184206797,0.02047044013546717,-0.019586553255349304,0.1173143457046193,-0.012479920509232953,-0.011371217796884332,0.7400054931640625,246.39999389648438
2025-10-09,243.99000549316406,246.8000030517578,243.16000366210938,246.39999389648438,237.4863739013672,4629760,0.008719816542221093,246.88949966430664,247.00660003662108,245.29393072418347,248.37080716831312,33.82489576682521,0.011330906602326904,-1.8725498225190051,-1.962893357852006,0.09034353533300088,0.022109704278132192,-0.036559163650109916,-0.3710046364659877,-0.001982691724386181,-0.00245582968247314,2.1299896240234375,248.6999969482422
2025-10-10,248.0,251.25,246.25,248.6999969482422,239.70318603515625,7070200,0.009334428201017264,246.62899932861328,246.9445999145508,245.61831798361763,248.3837165714476,39.378697036141176,0.011517913504467524,-1.3710102533834458,-1.844516736958294,0.47350648357484815,0.03203585923136809,-0.02051910771030674,0.5271201962952723,0.008397218596623646,0.007108464952458193,2.3000030517578125,245.1300048828125
2025-10-13,246.05999755859375,247.6999969482422,244.50999450683594,245.1300048828125,236.2623291015625,6717589,-0.014354612421537905,246.2884994506836,246.8432000732422,245.57181197401712,248.25612003463837,41.82904893502647,0.011813096789592203,-1.24722778986839,-1.7250589475403133,0.4778311576719234,0.012390038159260541,-0.0270302353441374,-0.04987284659557012,-0.004703811060828941,-0.006940418816160906,-3.5699920654296875,248.4199981689453
2025-10-14,245.8000030517578,250.14999389648438,245.11000061035156,248.4199981689453,239.4333038330078,7888607,0.013421422186588927,246.145499420166,246.84559997558594,245.84306780210554,248.2625466281406,48.24178138836723,0.012255240518589635,-0.8735841983076398,-1.5547639976937786,0.6811797993861388,0.020079659237710823,-0.011381728049368323,0.17432117386163393,0.009240464498181944,0.006378068693608823,3.2899932861328125,250.2100067138672
2025-10-15,250.0,252.1300048828125,248.5399932861328,250.2100067138672,241.1585693359375,13278925,0.007205573456709136,245.95550003051758,246.9948001098633,246.25896674608285,248.3389176118946,59.01798293230067,0.012103028028634237,-0.42809541275133256,-1.3294302807052896,0.901334867953957,0.024317363317277074,-0.014959993209505362,0.6833041625726823,0.017297871699643693,0.013017304828173598,1.790008544921875,253.80999755859375
2025-10-16,250.39999389648438,254.07000732421875,248.8000030517578,253.80999755859375,244.62832641601562,10661302,0.01438787717568557,245.93850021362306,247.15,246.97811253775058,248.55346976666712,68.35559936137939,0.012563998918808838,0.21299159958860514,-1.0209459046465106,1.2339375042351157,0.0300730675554417,-0.0013377782650236814,-0.1971261227847887,0.03200595814861634,0.026947188179622675,3.5999908447265625,240.89999389648438
2025-10-17,250.0,250.0,239.11000061035156,240.89999389648438,232.1853485107422,43802251,-0.0508648350588673,245.1370002746582,247.0497998046875,246.39924409572524,248.25333345803253,56.63145973457656,0.016665245759461135,-0.3170173478300171,-0.8801601932832119,0.5631428454531948,-0.031363100713592273,-0.062390531414232564,3.108527363730996,-0.017284238501028237,-0.024892980739369273,-12.910003662109375,241.24000549316406
2025-10-20,240.89999389648438,241.94000244140625,239.27000427246094,241.24000549316406,232.5130615234375,9871824,0.0014114221888514855,244.40500030517578,247.07539978027344,245.90788803833848,247.978300988822,52.26758046323015,0.016693119081822562,-0.7015303576356473,-0.8444342261536991,0.1429038685180518,-0.01586912785935002,-0.057214315735038546,-0.774627472912294,-0.012949795659089419,-0.023617868441369937,0.3400115966796875,241.36000061035156
2025-10-21,241.0,242.16000366210938,240.36000061035156,241.36000061035156,232.6287078857422,2082336,0.0004974096934802219,243.9565002441406,247.0561996459961,245.47475590233972,247.71875979750945,52.83234322830272,0.016098833585601043,-0.9852200812389071,-0.8725913971707407,-0.1126286840681664,-0.02841960232924723,-0.03583270544917305,-0.7890626899345046,-0.0106432894027853,-0.023056288584567163,0.1199951171875,244.3000030517578
2025-10-23,244.8000030517578,247.8000030517578,243.3699951171875,244.3000030517578,235.4623565673828,18964626,0.012180984562361497,243.69000015258788,247.1611996459961,245.36287467847478,247.5846909055192,54.44046577681562,0.01639072648639448,-0.9617264211436236,-0.8904184019653174,-0.0713080191783062,-0.02362017306872899,-0.021351607285978402,8.107380365128394,0.0025031921654067495,-0.011576236878346304,2.94000244140625,242.97999572753906
2025-10-24,245.0,245.8800048828125,242.16000366210938,242.97999572753906,234.19009399414062,6803979,-0.005403222708675548,243.6095001220703,247.18839965820314,245.13593382600473,247.4041146240298,52.659574036362976,0.015799972634228398,-1.037659591705875,-0.919866639913429,-0.11779295179244609,-0.042669721189979914,-0.006582446684072152,-0.6412278839561614,-0.0025840716154985756,-0.017025086680779507,-1.32000732421875,243.91000366210938
2025-10-27,243.2899932861328,245.72999572753906,243.05999755859375,243.91000366210938,235.0864715576172,9550336,0.0038275082349294998,243.7050003051758,247.23219970703124,245.0191785723004,247.26709066473882,52.380950437108325,0.015629431644996427,-1.0111375443264592,-0.9381208207960351,-0.0730167235304241,0.012494851979607757,0.007892577116154431,0.40363984074612813,0.000841194709492525,-0.013437554043763922,0.9300079345703125,242.3800048828125
2025-10-28,243.66000366210938,244.6999969482422,241.39999389648438,242.3800048828125,233.61181640625,8780789,-0.006272800444119486,244.0365005493164,247.2467999267578,244.76782869711107,247.0754402419182,48.46708398148932,0.014463239056308488,-1.1008864121716613,-0.9706739390711603,-0.130212473100501,0.004725581842522031,0.0281230323767232,-0.08057800270063797,-0.006787901247457635,-0.01968395564831172,-1.529998779296875,242.27999877929688
2025-10-29,243.60000610351562,243.60000610351562,241.63999938964844,242.27999877929688,233.5154266357422,8776917,-0.00041260046827695795,244.16850051879882,247.15619995117189,244.5308925144621,246.88738371397227,47.30132230385716,0.014027226332035079,-1.1666344574912841,-1.009866042755185,-0.15676841473609904,0.0038117259140653115,0.011016522268287421,-0.0004409626515339271,-0.00773442002342374,-0.01972922861266823,-0.100006103515625,241.9199981689453
2025-10-30,242.88999938964844,244.77000427246094,240.5,241.9199981689453,233.16844177246094,8344622,-0.001485886627725752,244.2960006713867,247.09039978027343,244.28223591012718,246.69258428083396,43.61824358837812,0.014029841894508017,-1.2335694766445044,-1.054606729533049,-0.17896274711145543,-0.009742140209094696,0.010652976997010066,-0.04925362744116191,-0.009725916494381995,-0.020925141632074443,-0.3600006103515625,240.6699981689453
2025-10-31,242.11000061035156,243.19000244140625,240.5,240.6699981689453,231.9636688232422,5659566,-0.005166997393605599,244.27600021362304,246.964599609375,243.93821326810988,246.45640443330893,38.208525020367446,0.013999960322172957,-1.3716687711190048,-1.1180191378502402,-0.25364963326876455,-0.009506945424363367,-0.0016593070192073567,-0.3217708363542411,-0.014761998892745173,-0.025487869315626153,-1.25,240.5
2025-11-03,240.6699981689453,241.2899932861328,239.5,240.5,231.79983520507812,4902693,-0.0007063538049556506,244.2520004272461,246.7577996826172,243.61076438543273,246.2228199457282,42.446980106338486,0.014000641010377922,-1.477795778601859,-1.189974466000564,-0.28782131260129495,-0.013980581406711323,-0.001991848850731004,-0.13373339934546213,-0.015361186072920923,-0.025360088680747055,-0.1699981689453125,237.9199981689453
2025-11-04,240.5,240.83999633789062,237.52000427246094,237.9199981689453,229.3131561279297,6848284,-0.010727658341183721,244.04150009155273,246.5179995727539,243.06878665052918,245.8972190917367,32.46494916290804,0.014150508478382314,-1.7499148532825473,-1.3019625434569606,-0.44795230982558665,-0.018400885485679974,-0.017387381278519243,0.3968412870232747,-0.02508385631259817,-0.034877783442628846,-2.5800018310546875,240.0500030517578
2025-11-06,240.0,240.6199951171875,238.3699951171875,240.0500030517578,231.36610412597656,7141517,0.008952609697399305,243.86750030517578,246.34619964599608,242.78128345064619,245.66791650193363,33.223259854709056,0.014245328637344498,-1.7732565894799563,-1.39622135266156,-0.37703523681839646,-0.009204208926756885,-0.01428980308373784,0.04281846372025466,-0.01565398115222714,-0.025558326466111576,2.1300048828125,236.49000549316406
2025-11-07,238.6999969482422,239.25,236.0,236.49000549316406,227.9348907470703,5520619,-0.014830233340285215,243.47850036621094,245.99919982910157,242.18211412136216,245.30799842315838,21.36248108422045,0.014560594968055982,-2.055324631465737,-1.5280420084223953,-0.5272826230433418,-0.022445406402447188,-0.03184999649248377,-0.2269683037931577,-0.028702718566672728,-0.03865538726363197,-3.55999755859375,239.83999633789062
2025-11-10,237.44000244140625,241.5500030517578,237.02000427246094,239.83999633789062,231.1636962890625,8566758,0.01416546478461389,243.15050048828124,245.75539978027345,241.95905528484104,245.09356696883415,47.43714610790638,0.01481081183970945,-1.9856598718300518,-1.619565581103927,-0.36609429072612487,-0.003448713330990394,-0.026623367374553175,0.551774900604443,-0.013615041481480171,-0.024070288781738697,3.3499908447265625,241.69000244140625
2025-11-11,241.10000610351562,242.0500030517578,238.80999755859375,241.69000244140625,232.94677734375,8831094,0.007713501216491503,242.80000076293945,245.57619995117187,241.9334312045139,244.9600938501115,51.01396257164371,0.014754217090095157,-1.7608717826973646,-1.6478268214226146,-0.11304496127474994,0.004948035099402226,-0.02818654842321855,0.030856013441724395,-0.004571656993596788,-0.015824813278071403,1.850006103515625,245.22000122070312
2025-11-12,242.75,246.3000030517578,242.10000610351562,245.22000122070312,236.3490753173828,13152546,0.014605481168600054,242.80450057983398,245.49239990234375,242.2464378727224,244.97028629601706,57.53905740101316,0.014828874553039946,-1.2830934993281744,-1.5748801570037267,0.29178665767555234,0.030682595443591643,0.0003671371765918696,0.48934503471483826,0.009948335533734991,-0.0011096012819500048,3.529998779296875,245.3300018310547
2025-11-13,246.0,246.0,244.0,245.3300018310547,236.45509338378906,6211124,0.00044857927495312033,242.65000076293944,245.3917999267578,242.54011063065883,244.98439278758715,52.261743293375936,0.014496657123304554,-0.8853686588333574,-1.436977857369653,0.5516091985362956,0.02199541225649737,-0.012438597378095051,-0.5277626096118577,0.011044718976669253,-0.00025183439593975796,0.1100006103515625,244.3699951171875
2025-11-14,243.9199981689453,245.89999389648438,242.14999389648438,244.3699951171875,235.52981567382812,6841554,-0.003913123982806965,242.35800018310547,245.26059997558593,242.71438534366155,244.96029876129697,53.101290084927584,0.014397502242963746,-0.6402529386534752,-1.2776328736264175,0.6373799349729423,0.033320603158644824,-0.023340439790476286,0.10150014715532962,0.008301747549335818,-0.0036312593970947095,-0.9600067138671875,244.0500030517578
2025-11-17,243.97000122070312,244.77999877929688,242.69000244140625,244.0500030517578,235.22140502929688,6559062,-0.0013094572648996161,241.87000045776367,245.1504000854492,242.8415870301469,244.92460089033466,50.32109947259193,0.013930205050863322,-0.4664408105279847,-1.115394461006731,0.6489536504787463,0.017553397173739382,-0.03845394035190741,-0.04129061906110809,0.009013116921769003,-0.004488660974274736,-0.3199920654296875,240.89999389648438
2025-11-18,242.92999267578125,244.0,240.3000030517578,240.89999389648438,232.1853485107422,4730012,-0.01290722850187953,241.87000045776367,245.06899993896485,242.65667339836955,244.76677316508565,46.84028578613992,0.008384925246438352,-0.5762304340921673,-1.0075616556238183,0.43133122153165093,-0.003268685245321201,0.0,-0.2788584709216043,-0.004010445939733967,-0.0170115601872076,-3.1500091552734375,246.07000732421875
2025-11-19,241.1999969482422,246.85000610351562,240.5399932861328,246.07000732421875,237.16831970214844,13298452,0.021461243498229088,242.11150054931642,245.11700012207032,242.981752819879,244.81788038701245,56.65146680291915,0.009659975560055581,-0.24325849325805393,-0.8547010231506654,0.6114425298926115,0.0034663000541730327,0.02002156243190578,1.811504917957925,0.016349932844664735,0.0038879686095775554,5.170013427734375,246.25999450683594
2025-11-20,247.5,247.8000030517578,245.7100067138672,246.25999450683594,237.3514404296875,6705862,0.0007720858981683509,242.35650024414062,245.19179992675782,243.2939663138749,244.8744338819075,57.66242093126004,0.009659364977931935,0.035544808211142254,-0.676651856878304,0.7121966650894462,0.003790782492316902,0.020301598790575248,-0.495741158444607,0.016106414553614563,0.004356567309335786,0.1899871826171875,244.49000549316406
2025-11-21,245.0,247.25,243.61000061035156,244.49000549316406,235.64549255371094,5516450,-0.007187480927287826,242.36600036621093,245.0986001586914,243.40787480714053,244.85935825881953,56.62275972483384,0.00945334251227764,0.11237966943161837,-0.5188455516163196,0.631225221047938,0.0004911011105066532,0.0007777422801178435,-0.17736899447080778,0.008763626596733043,-0.0024830605525012965,-1.769989013671875,247.27000427246094
2025-11-24,245.02000427246094,249.3800048828125,245.02000427246094,247.27000427246094,238.32492065429688,19711070,0.011370602956506604,242.58050079345702,244.92900024414064,243.77569666098057,244.95389339660937,60.76312389410156,0.009682465513252613,0.3930635269193772,-0.3364637359091803,0.7295272628285574,0.013194022456210375,0.017655809615423568,2.573143960336811,0.019331741272134453,0.009557888310436208,2.779998779296875,245.63999938964844
2025-11-25,248.0,248.0,244.0,245.63999938964844,236.75389099121094,8188793,-0.006592004103402882,242.667000579834,244.76360015869142,243.9532493018061,244.98079951398347,62.6557397060707,0.009797416576885007,0.4784642961008956,-0.17347812950716512,0.6519424256080607,0.01967623749795888,0.007092762500777283,-0.5845586769262145,0.01225135186370908,0.003580594624318364,-1.6300048828125,250.19000244140625
2025-11-26,246.0,250.5500030517578,245.6199951171875,250.19000244140625,241.1392822265625,8202096,0.018523054319587118,243.05750045776367,244.7286001586914,244.54722579129182,245.18508198172555,65.4009719830633,0.010455495555406941,0.9028843524819194,0.0417943668906518,0.8610899855912677,0.01674318281203213,0.03222211981706069,0.001624537340240595,0.02934491620381822,0.02231615871284956,4.5500030517578125,249.55999755859375
2025-11-27,250.39999389648438,251.9199981689453,247.69000244140625,249.55999755859375,240.53207397460938,5268129,-0.0025181057462919654,243.4215003967285,244.69420013427734,245.02463262627296,245.35664729846548,71.79057964562372,0.010487786924804657,1.174861108539119,0.26840771522034523,0.9064533933187737,0.01340048373819891,0.030047873600695052,-0.3577094196410283,0.025217563575365032,0.01988521763755037,-0.6300048828125,249.52999877929688
2025-11-28,251.0,251.99000549316406,248.60000610351562,249.52999877929688,240.50315856933594,7049965,-0.0001202066821219816,243.8020004272461,244.60460021972656,245.45371511703715,245.52030814085103,68.16647462076179,0.010471527495231161,1.372166514981501,0.4891594751725764,0.8830070398089246,0.02061431213094611,0.031456682655218504,0.33822937896926963,0.023494468224267463,0.020136164876481722,-0.029998779296875,250.27999877929688
2025-12-01,250.10000610351562,250.75,248.86000061035156,250.27999877929688,241.2260284423828,3865446,0.003005650637875279,244.28250045776366,244.5272003173828,245.9133611801095,245.70696267569204,66.79701579466223,0.010352272223304171,1.5709423574650714,0.7055160516310754,0.8654263058339959,0.01217290595230991,0.03993019771249395,-0.45170706521238047,0.024551485719584647,0.023526210803735754,0.75,250.1699981689453
2025-12-02,250.0,251.4499969482422,248.8699951171875,250.1699981689453,241.12001037597656,8535708,-0.00043951019213706033,244.76600036621093,244.3920004272461,246.31875517904624,245.88198367542748,61.173803391100854,0.010348758008625454,1.7000009619188745,0.9044130336886353,0.7955879282302392,0.01844161696202873,0.04020789259436719,1.2082077980134764,0.022078220809463305,0.023642335803128228,-0.1100006103515625,254.69000244140625
2025-12-03,250.60000610351562,257.1300048828125,250.5500030517578,254.69000244140625,245.47650146484375,17215454,0.018067731164983503,245.604500579834,244.36820037841798,247.1160168230805,246.2273961760541,67.62047457338895,0.010483561683875087,2.1423121642152125,1.1519928597939508,0.9903193044212617,0.017986330213390023,0.0704858961059367,1.016874757196474,0.036992407875762856,0.042238728472053136,4.5200042724609375,256.92999267578125
2025-12-04,256.0,258.79998779296875,255.5,256.92999267578125,247.6354522705078,10687381,0.008794967265707054,246.44850006103516,244.5002001953125,248.05068119000438,246.64710584271006,72.55746984689688,0.010479275788984783,2.6431271458025094,1.4502197169956625,1.1929074288068469,0.02953195700147071,0.07031863948938955,-0.37919842253361424,0.042530153813678126,0.05083755543160927,2.239990234375,259.9100036621094
2025-12-05,258.20001220703125,261.1000061035156,257.70001220703125,259.9100036621094,250.50765991210938,7886562,0.01159853295169233,247.61949996948243,244.70580017089844,249.18014047306198,247.1672194826865,75.99998799309002,0.009688581137014306,3.2431041229263826,1.8087965981818068,1.4343075247445758,0.041598224396231176,0.09903166148652431,-0.2620678536677976,0.04963463577844907,0.062132583210502454,2.980010986328125,261.3800048828125
2025-12-08,260.010009765625,263.07000732421875,259.7099914550781,261.3800048828125,251.9244842529297,9684253,0.005655808549078323,248.6965003967285,245.04160034179688,250.34203232160965,247.7245836160248,85.53089136295578,0.009438196795816896,3.793478158245591,2.2057329101945635,1.5877452480510277,0.04435035223611261,0.08980991024773011,0.22794355766175434,0.050999931506277185,0.06667604406037977,1.470001220703125,257.4100036621094
2025-12-09,261.3800048828125,261.82000732421875,257.04998779296875,257.4100036621094,248.0980987548828,8560580,-0.015188618664549458,249.48250045776368,245.34980041503906,251.0151724492763,248.1044040099889,70.52859946168839,0.010353742585808873,3.8647571123769637,2.537537750631044,1.3272193617459198,0.028940342751550663,0.06504200033890184,-0.11603094219037857,0.031775788641687876,0.04915513779375005,-3.970001220703125,257.9800109863281
2025-12-10,258.010009765625,260.3699951171875,257.25,257.9800109863281,248.64749145507812,7944200,0.002214394608249126,250.12050094604493,245.79440063476562,251.67849040518598,248.4916827149434,70.92858945105992,0.010000441566671042,3.9220303004531445,2.8144362605954645,1.10759403985768,0.012917698038338976,0.0520349469949668,-0.07200213069675188,0.03142289420721504,0.04957643591592439,0.57000732421875,259.25
2025-12-11,258.30999755859375,259.9800109863281,257.7200012207031,259.25,249.87152099609375,6473376,0.00492281944177142,250.81650085449218,246.18660064697266,252.399586557073,248.91357751043583,76.83633875824599,0.010000135386793436,4.023516619262153,3.0562523323288024,0.967264286933351,0.009029725568654667,0.056739893470229674,-0.1851443820649027,0.03362417989556598,0.05306299903689732,1.269989013671875,260.6000061035156
2025-12-12,259.5,260.82000732421875,257.3599853515625,260.6000061035156,251.17269897460938,4008271,0.0052073523761451135,251.62800140380858,246.61120086669922,253.18057889482947,249.3718688278115,75.56576579213063,0.00988467453104297,4.164869445740379,3.277975755011118,0.886893690729261,0.0026547744668699025,0.06641572742408508,-0.3808067073502296,0.035655827847668325,0.056724127645677275,1.350006103515625,261.739990234375
2025-12-15,259.989990234375,262.5,258.5400085449219,261.739990234375,252.2714385986328,4023911,0.0043744593405978804,252.51250076293945,247.02460052490235,253.99576092716714,249.85689319669635,81.46987821005708,0.009827729130374212,4.319091967571239,3.4861989975231427,0.8328929700480967,0.0013772490046586316,0.07248509306048034,0.0039019317805606413,0.036542703603012434,0.05957054349325504,1.139984130859375,259.2200012207031
2025-12-16,261.739990234375,261.75,258.79998779296875,259.2200012207031,249.84262084960938,2982041,-0.009627833375463024,253.4285011291504,247.38940063476562,254.49330762178963,250.22407390352015,69.17198186827285,0.009562462354552914,4.189676392785998,3.626894476575714,0.5627819162102838,0.007031574270010221,0.07604818509082611,-0.25891974250921557,0.02285259971056417,0.047821776339575926,-2.519989013671875,261.1400146484375
2025-12-17,259.0,262.1300048828125,258.30999755859375,261.1400146484375,251.69317626953125,4923276,0.00740688765794606,254.18200149536133,247.76960083007813,255.12632733861324,250.652150011164,73.30921658023703,0.008663871028578608,4.193700288340068,3.740255638928585,0.453444649411483,0.012249025224969179,0.061242763748784235,0.6509752884014672,0.027374137870273815,0.053963092217793406,1.920013427734375,263.8500061035156
2025-12-18,261.17999267578125,264.989990234375,261.0,263.8500061035156,254.30514526367188,9008412,0.010377541943261681,255.0615020751953,248.1760009765625,255.95715388765157,251.1697129951778,76.01746555404618,0.008798357359073163,4.365243111320666,3.8652531334070015,0.4999899779136645,0.017743514381931114,0.07142862011308715,0.8297596965922691,0.03445641132360837,0.06315681236411476,2.709991455078125,264.45001220703125
2025-12-19,267.0,267.0,263.29998779296875,264.45001220703125,254.88343811035156,12750745,0.002274042409080801,256.0595024108887,248.5796011352539,256.7659975371163,251.69050904270148,75.8860357246393,0.00844100617809256,4.497760133465448,3.991754533418691,0.5060056000467572,0.014773622461030644,0.08163935647841969,0.41542649248280394,0.032767812626139696,0.06384438223932196,0.600006103515625,272.6700134277344
2025-12-22,267.510009765625,273.1000061035156,266.79998779296875,272.6700134277344,262.80609130859375,14651313,0.031083383782443796,257.32950286865236,249.10500152587892,258.28066571717517,252.51323470485963,81.70802983119425,0.010297879959944009,5.206054078581246,4.234614442451202,0.9714396361300439,0.0417590876486702,0.10272175644598525,0.14905544734837073,0.05961427037346827,0.09459871041331679,8.220001220703125,271.3999938964844
2025-12-23,272.0,272.4800109863281,270.2099914550781,271.3999938964844,261.5820007324219,7572420,-0.004657716172323356,258.6175025939941,249.55900146484376,259.530125543776,253.2538919280606,75.92303096354273,0.010192307841870916,5.600344881195269,4.5077605302000165,1.0925843509952529,0.04698708671562368,0.10486889175558889,-0.483157584579621,0.0494262421308646,0.08751835158595725,-1.27001953125,268.05999755859375
2025-12-24,270.94000244140625,270.9800109863281,267.20001220703125,268.05999755859375,258.3628234863281,4694861,-0.012306545368473865,259.5110023498535,250.01760131835937,260.342494307092,253.83452352141487,66.6966684307582,0.01037670227183428,5.579002128298157,4.722008849819645,0.8569932784785124,0.026499128903980207,0.07142569624208939,-0.38000520309227437,0.03294270813695637,0.0721645041992869,-3.339996337890625,266.29998779296875
2025-12-26,267.20001220703125,268.8800048828125,265.739990234375,266.29998779296875,256.6664733886719,2899112,-0.0065657307380982965,260.34800186157224,250.37520111083984,260.9098746390803,254.32336525755423,59.950141658136765,0.010538590327425061,5.35830258699508,4.849267597254732,0.5090349897403481,0.009285509315061002,0.06707801890583309,-0.3824924742180865,0.022861653974057365,0.06360369002790771,-1.760009765625,264.239990234375
2025-12-29,265.989990234375,267.3900146484375,263.6000061035156,264.239990234375,254.68101501464844,3755074,-0.0077356276869049445,261.0835014343262,250.65580078125,261.2270285052988,254.7122525115472,54.37306465431156,0.010803075391135855,4.959996274040805,4.871413332611946,0.08858294142885814,-0.0007941840157369429,0.05895079360012634,0.2952497178446365,0.012089958893257754,0.054194594383155964,-2.05999755859375,263.6499938964844
2025-12-30,264.0,264.7200012207031,263.0199890136719,263.6499938964844,254.11236572265625,5117699,-0.002232804873203764,261.7520011901855,250.8526007080078,261.4577871139831,255.0627521737016,60.64118123398401,0.010864298811381465,4.544343514441039,4.805999368977766,-0.2616558545367269,-0.033080350192745245,0.053420150161409774,0.362875671691157,0.007251110584326707,0.05101558904455103,-0.589996337890625,263.2799987792969
2025-12-31,264.0,264.6000061035156,261.260009765625,263.2799987792969,253.75575256347656,5705044,-0.0014033571998972594,262.4075012207031,251.30020080566408,261.63133108210826,255.3849971386269,59.100255291321346,0.01088090193437638,4.1373869724781684,4.672276889677846,-0.5348899171996777,-0.02991892151731068,0.05240436785508584,0.1147673983952553,0.003324971864504431,0.04767126303610492,-0.3699951171875,267.3500061035156
2026-01-01,264.5,268.04998779296875,263.75,267.3500061035156,257.67852783203125,3639755,0.015458854995022087,263.0405014038086,251.82240081787108,262.17596679843274,255.85421317646566,62.6879741480274,0.01070000834500949,4.096069616775708,4.5570354350974185,-0.4609658183217107,-0.0026486288948164294,0.049707501436071944,-0.3620110554800279,0.01638342641801481,0.06166093737178997,4.07000732421875,269.0
2026-01-02,267.3500061035156,272.3999938964844,266.1499938964844,269.0,259.268798828125,8286204,0.006171662086461804,263.64400177001954,252.37520080566406,262.8258747223915,256.369734228369,63.035371784975155,0.010634433133414278,4.148643057847721,4.475356959647479,-0.32671390179975823,0.010138987348096817,0.04697780589380174,1.2765829018711425,0.020315266776494204,0.06587334706922132,1.649993896484375,263.29998779296875
2026-01-05,269.45001220703125,269.6499938964844,261.70001220703125,263.29998779296875,253.77500915527344,7006599,-0.02118963645736527,263.8135009765625,252.7552005004883,262.8710283481608,256.64150887796114,52.120712773230856,0.011615888168193242,3.687853263735292,4.317856220465043,-0.6300029567297507,-0.0035573814568056195,0.013042915174848124,-0.1544259591002104,-0.0019465007730570763,0.041719368272543585,-5.70001220703125,265.6000061035156
2026-01-06,263.29998779296875,266.1000061035156,262.95001220703125,265.6000061035156,255.9918212890625,4083654,0.008735352894719384,264.02450103759764,253.20760070800782,263.1309309915279,256.99282249464954,58.7253756260434,0.011704941093622535,3.4682860451013084,4.147942185392296,-0.6796561402909873,0.007396215635024239,0.016145080502983022,-0.417170299028102,0.005967268415341593,0.048941680110931564,2.300018310546875,270.79998779296875
2026-01-07,265.0,272.5,264.5,270.79998779296875,261.0036926269531,10242615,0.019578243862789835,264.6940002441406,253.745400390625,263.8613173535699,257.53427995732875,62.12345209953748,0.011776586311582515,3.6715491733061754,4.052663582975072,-0.3811144096688963,0.028562705289191914,0.052018118722517936,1.5081985398371165,0.02306809955343251,0.0672114149698449,5.199981689453125,262.20001220703125
2026-01-08,270.8999938964844,270.8999938964844,261.3500061035156,262.20001220703125,252.71482849121094,9269522,-0.0317576660768254,264.9050003051758,254.14180053710936,263.7030978158043,257.71724984947394,48.19593975499189,0.014063686886010843,3.1029219572288866,3.862715257825835,-0.7597933005969484,-0.01926311493888777,0.016357861233391224,-0.09500435191599022,-0.010211162850940352,0.03170754143116745,-8.5999755859375,261.95001220703125
2026-01-09,261.3500061035156,263.95001220703125,260.45001220703125,261.95001220703125,252.473876953125,4735387,-0.0009534705887145334,265.04000091552734,254.53520080566406,263.53613728163543,257.8832405301625,47.245482887831436,0.014036701945816814,2.602112349678521,3.610594676196372,-1.0084823265178513,-0.026208133059363425,0.010414704752290227,-0.48914442405983827,-0.011658574923869415,0.029130789682124746,-0.25,263.1000061035156
2026-01-12,260.70001220703125,264.5,259.04998779296875,263.1000061035156,253.58226013183594,3802164,0.004390127287245527,265.16500091552734,254.95880096435548,263.49460097895735,258.0878195722548,37.509778211833904,0.01402380383345935,2.2718238528879624,3.3428405115346904,-1.071016658646728,-0.0007595203141839146,0.009593246129882882,-0.19707428347461353,-0.007787584352693501,0.031931453663756174,1.149993896484375,264.20001220703125
2026-01-13,263.45001220703125,264.8500061035156,261.29998779296875,264.20001220703125,254.64247131347656,6931244,0.0041809429038282,265.28800201416016,255.4294012451172,263.5617830006787,258.32751340106955,40.56111079549773,0.01402110799896861,2.074910858214082,3.089254580870569,-1.0143437226564869,-0.00527106123611587,0.009398724170706307,0.8229734435442553,-0.004101164767605408,0.034336732260111025,1.100006103515625,260.20001220703125
2026-01-14,264.0,264.0,259.6000061035156,260.20001220703125,250.7871856689453,5625861,-0.015140044720609369,265.3370025634766,255.8234014892578,263.24161435366466,258.40094472679357,39.871149710790796,0.014283654337177078,1.5779002685612227,2.7869837184087,-1.2090834498474772,-0.03914319078197803,0.0037806148511423388,-0.1883331477004705,-0.019360248690592642,0.01710793732041446,-4.0,260.20001220703125
2026-01-15,260.20001220703125,260.20001220703125,260.20001220703125,260.20001220703125,250.7871856689453,0,0.0,265.2900024414063,256.26900177001954,262.9519379587472,258.47149639268525,41.76568681893607,0.014184981644248253,1.1705227379948724,2.4636915223259344,-1.293168784331062,-0.007627764709716378,-0.003599610893304628,-1.0,-0.019186513579603257,0.015339391068996584,0.0,267.45001220703125
2026-01-16,263.25,269.79998779296875,263.0,267.45001220703125,257.77490234375,12028289,0.027863180860389303,265.47000274658205,256.817001953125,263.3803259823933,258.82359505207137,53.80064344930452,0.01535440246507527,1.4163605959500387,2.2542253370507552,-0.8378647411007165,0.02099637237524954,0.013644138791883309,inf,0.007458505443039887,0.04140306199761273,7.25,245.9499969482422
2026-01-19,252.0,252.0,241.5500030517578,245.9499969482422,237.0526580810547,65833247,-0.08038891111414881,264.5450019836426,257.0062017822266,261.7202946458075,258.3187480676075,35.98353094762301,0.023759202733526035,-0.12227318949783239,1.7789256317410378,-1.9011988212388702,-0.0651843738404394,-0.06995656798951433,4.473201300700374,-0.07029051728805734,-0.043019214156368245,-21.500015258789062,239.89999389648438
2026-01-20,245.9499969482422,246.0,239.39999389648438,239.89999389648438,231.2215118408203,16796201,-0.024598508342453806,262.90650100708007,257.0074017333984,259.64217076491957,257.5964439824654,33.01365708037004,0.022753874507186782,-1.808983399439171,1.061343825504996,-2.870327224944167,-0.09197584098332667,-0.12018197057790891,-0.7448674983325674,-0.08750832338670898,-0.06656387217462348,-6.0500030517578125,239.5500030517578
2026-01-21,239.89999389648438,242.60000610351562,237.60000610351562,239.5500030517578,230.8842010498047,14397792,-0.0014589030997540497,261.3140014648437,256.9646017456055,257.7286309827137,256.8887404165553,28.648228140258055,0.022775981968752315,-3.137784304819405,0.22151819944011586,-3.359302504259521,-0.07936206067063134,-0.11735442726971679,-0.14279473078465776,-0.08328676722672271,-0.06777041886527269,-0.3499908447265625,240.64999389648438
2026-01-22,242.0,242.89999389648438,239.1999969482422,240.64999389648438,231.9443817138672,8537915,0.004591904949752479,259.9435012817383,256.8732015991211,256.10209411735855,256.25192682753294,28.040269973061314,0.022841797094032633,-4.055360852135465,-0.6338576108750003,-3.4215032412604645,-0.075134578760095,-0.1022532414823214,-0.4069983091851862,-0.07422192626521083,-0.06315648188149588,1.0999908447265625,238.39999389648438
2026-01-23,242.3000030517578,243.5500030517578,237.85000610351562,238.39999389648438,229.77577209472656,13546802,-0.00934967819266952,258.5485015869141,256.7346014404297,254.41617981060864,255.55185102631538,29.623564774209783,0.02285952936742653,-4.907532097444204,-1.488592508188841,-3.4189395892553627,-0.10861849685787062,-0.10476903933685056,0.586663957183926,-0.07792931526101518,-0.07141463379333192,-2.25,234.8000030517578
2026-01-27,235.1999969482422,236.39999389648438,231.75,234.8000030517578,232.148681640625,15677537,-0.015100633124553342,257.0765022277832,256.5432015991211,252.5479725002419,254.7380530665288,25.32048985644255,0.022960575480320444,-5.8064400966535175,-2.3521620258817766,-3.454278070771741,-0.045334393310973664,-0.1114138217932289,0.15728693753699208,-0.08665319071552961,-0.08475453027728097,-3.5999908447265625,237.35000610351562
2026-01-28,235.5,238.10000610351562,234.9499969482422,237.35000610351562,234.66989135742188,10155128,0.01086031950006272,255.76150283813476,256.40920166015627,251.10054712912512,254.05616887190084,22.00836922662033,0.023247405160044025,-6.24112344123111,-3.1299543089516435,-3.111169132279467,-0.010629378315320293,-0.09975341703703888,-0.3522497826029688,-0.0719869743112642,-0.07433116843404718,2.5500030517578125,239.8000030517578
2026-01-29,236.1999969482422,240.89999389648438,235.4499969482422,239.8000030517578,237.09222412109375,12201949,0.010322295703559803,254.5875030517578,256.3872018432617,250.02430483604252,253.49710354562072,29.104465502462602,0.02348883625839545,-6.315122049331194,-3.7669878570275537,-2.5481341923036402,0.001043623447360087,-0.08918260345033635,0.20155541121687492,-0.05808415504587311,-0.06469589227641803,2.4499969482421875,236.89999389648438
2026-01-30,238.0,238.0,235.3000030517578,236.89999389648438,234.22496032714844,11362317,-0.01209344920086386,253.06500244140625,256.20380157470703,248.77437046084648,252.84623650055656,27.73331705729167,0.02306767535652158,-6.53247072562138,-4.320084430746319,-2.2123862948750608,-0.015582796987782421,-0.11389568547547091,-0.0688113021944281,-0.06387690272843896,-0.07534551618506649,-2.9000091552734375,242.3000030517578
2026-02-02,244.0,244.0800018310547,239.2899932861328,242.3000030517578,239.56399536132812,12335721,0.022794467262135187,251.73000259399413,256.12460174560545,248.1577640409333,252.43265871825074,32.80991916879218,0.02380804812661623,-6.1975440781275495,-4.6955763602225655,-1.501967717904984,0.01635909922450285,-0.09925649423138361,0.08566949857146211,-0.0374607692569948,-0.053976067115875305,5.4000091552734375,242.69000244140625
2026-02-03,259.2099914550781,259.8900146484375,242.27999877929688,242.69000244140625,239.94960021972656,25915412,0.0016095723678761775,250.69950332641602,256.08860168457034,247.63702484097834,252.05059376621762,32.012036551672395,0.02353306749640745,-5.833398815211666,-4.923140851220386,-0.9102579639912802,0.0336030634033222,-0.0782756791001753,1.100842909790194,-0.031948610901638815,-0.05232017026539674,0.3899993896484375,233.33999633789062
2026-02-04,235.91000366210938,235.9199981689453,226.25999450683594,233.33999633789062,230.70516967773438,25995324,-0.03852654006945766,249.08650283813478,255.8100015258789,246.2754030787795,251.3168448474597,29.382860125143594,0.024559075543257942,-6.227491773433115,-5.184011035662932,-1.0434807377701834,-0.016894921687409248,-0.12146087735047684,0.003083570502371291,-0.06321702027538918,-0.08783864999005955,-9.350006103515625,233.38999938964844
2026-02-05,233.33999633789062,235.57000732421875,231.6999969482422,233.38999938964844,230.75460815429688,10102736,0.00021429267396322338,247.21600341796875,255.5650015258789,245.04822177505275,250.61383130009455,29.437025971767383,0.023862861411816136,-6.461296647985677,-5.439468158127481,-1.021828489858196,-0.026730623772034945,-0.13814619678609774,-0.6113633359599595,-0.055926816375817916,-0.08676854030807105,0.0500030517578125,230.72000122070312
2026-02-06,232.92999267578125,232.92999267578125,228.60000610351562,230.72000122070312,228.11476135253906,12279085,-0.011440071022442155,245.64200286865236,255.17560150146485,243.68362934130516,249.8336811009027,19.699718388434647,0.023181867916150088,-6.783835401947158,-5.708341606891416,-1.075493795055742,-0.02608692627692366,-0.12006105843149895,0.21542174317927332,-0.06074694666908492,-0.09583831736601722,-2.6699981689453125,230.0800018310547
2026-02-09,231.85000610351562,232.92999267578125,229.61000061035156,230.0800018310547,227.4819793701172,9112474,-0.0027739224439247145,244.04850234985352,254.78600158691407,242.38804576890035,249.05902701188907,30.03774199095912,0.023164117794631338,-7.010282121724288,-5.968729709857991,-1.0415524118662969,-0.050433351493160306,-0.12166447371946754,-0.2578865607657248,-0.057236575452425505,-0.09696764972164897,-0.6399993896484375,231.47000122070312
2026-02-10,229.97999572753906,232.86000061035156,227.1999969482422,231.47000122070312,228.85629272460938,12435622,0.00604137421151929,242.46700210571288,254.4248016357422,241.34823200240538,248.36926129458766,37.9880399607246,0.02320676174052191,-6.996925245774548,-6.1743688170413025,-0.8225564287332459,-0.04623182293391759,-0.12022046426851019,0.36468120512607216,-0.04535462883405135,-0.09022233786745076,1.3899993896484375,229.80999755859375
2026-02-11,231.47000122070312,233.0,229.5,229.80999755859375,227.21502685546875,7874912,-0.007171571492439743,240.74750137329102,254.01540161132812,240.24935253156616,247.64144703043107,36.62087494042157,0.023080047371735957,-7.039145361642909,-6.347324125961624,-0.6918212356812852,-0.0151281342020132,-0.1301665899299389,-0.366745628003167,-0.045431432319366506,-0.09529108825366162,-1.660003662109375,219.0800018310547
2026-02-12,226.1999969482422,226.25999450683594,218.5,219.0800018310547,216.606201171875,40899346,-0.04669072643283623,238.69150085449218,253.3936016845703,238.23322389342223,246.52139035594573,26.569644267778898,0.024708979627548474,-7.8479596943731735,-6.647451239643934,-1.2005084547292393,-0.06131367066291038,-0.15803231532233342,4.193625782738906,-0.0821625359647505,-0.13541620477153926,-10.729995727539062,214.08999633789062
2026-02-13,210.64999389648438,216.47999572753906,209.00999450683594,214.08999633789062,211.6725311279297,23721186,-0.02277709262122496,236.38600006103516,252.5816015625,235.9338688881335,245.24957098268868,25.07690401577878,0.02483259832730921,-8.790273815546783,-7.076015754824504,-1.7142580607222788,-0.07207873090683847,-0.17720989126031494,-0.4200106280428054,-0.09432032234306466,-0.1523927514375382,-4.9900054931640625,213.25999450683594
2026-02-16,214.6199951171875,216.91000366210938,210.11000061035156,213.25999450683594,210.85189819335938,20754327,-0.00387688283082932,233.6764991760254,251.70820159912108,233.77445228039088,243.99507778755722,26.586962766589124,0.023292035023991606,-9.494591021615406,-7.559730808182685,-1.9348602134327209,-0.07310503820566505,-0.20261736858044033,-0.1250721190753279,-0.08737080853736166,-0.15274912318319706,-0.8300018310546875,215.69000244140625
2026-02-17,213.25999450683594,219.38999938964844,212.25999450683594,215.69000244140625,213.2544708251953,26941553,0.011394579373359415,232.1634994506836,250.82380157470703,232.0521237242971,242.8850748328062,26.394957552795432,0.017124352185314107,-9.744359242169367,-7.996656494980021,-1.7477027471893454,-0.0681729757466536,-0.12303311600855138,0.29811739980776064,-0.07095644684997805,-0.14007362504166615,2.4300079345703125,211.9499969482422
2026-02-18,216.1999969482422,216.39999389648438,210.25999450683594,211.9499969482422,209.55670166015625,22679760,-0.01733972576767928,230.7659996032715,249.83520141601562,230.1376354599109,241.67193452360763,20.479139116550257,0.016792078162428312,-10.127347782033326,-8.422794752390683,-1.7045530296426428,-0.07771637787776342,-0.11650686810897737,-0.1581866123307739,-0.08153715316544648,-0.15164077861345288,-3.7400054931640625,211.2100067138672
2026-02-19,214.0,215.44000244140625,210.39999389648438,211.2100067138672,208.82505798339844,14151588,-0.0034913434537849897,229.34899978637696,248.91120147705078,228.3350041507639,240.47734911930408,21.461927460957213,0.016769038779131315,-10.371029217637158,-8.812441645439979,-1.5585875721971796,-0.03592292793231078,-0.11830513870528903,-0.3760256722293358,-0.0790890437255232,-0.15146443606982302,-0.739990234375,209.86000061035156
2026-02-20,209.6999969482422,211.9600067138672,208.25,209.86000061035156,207.4903106689453,17690420,-0.006391771509881683,227.80950012207032,247.94880126953126,226.57548000405797,239.27666878561968,10.40040888764382,0.01657783397778871,-10.551452148745284,-9.16024374610104,-1.391208402644244,-0.019758026063315004,-0.1279451239021312,0.2500660703236979,-0.07879170755434091,-0.15361558702506287,-1.350006103515625,205.88999938964844
2026-02-23,210.36000061035156,211.74000549316406,204.27999877929688,205.88999938964844,203.56512451171875,20946229,-0.018917379248817645,226.18400039672852,246.8816012573242,224.60543423125708,237.9673876328365,8.68883769131287,0.016795265291726855,-10.889259931193834,-9.5060469831196,-1.3832129480742346,-0.03455873256599595,-0.13636743011391228,0.18404362361097126,-0.08972341532329539,-0.16603749189454706,-3.970001220703125,200.13999938964844
2026-02-24,203.0,203.2899932861328,199.36000061035156,200.13999938964844,197.8800506591797,25036686,-0.027927534202951132,224.45100021362305,245.67240112304688,222.27539281777052,236.4839606429076,9.452879098188816,0.01734988296611574,-11.488519476631382,-9.902541481821956,-1.5859779948094257,-0.07209422261461595,-0.14761500516023907,0.1952836952178838,-0.10831317659906357,-0.18533787892028294,-5.75,201.9199981689453
2026-02-25,201.30999755859375,205.47999572753906,201.30999755859375,201.9199981689453,199.63995361328125,13979068,0.008893768285825887,222.67949981689452,244.4760012817383,220.3367838035967,235.12851113412475,13.123984863514877,0.01724375666317985,-11.685107315003108,-10.259054648458186,-1.4260526665449227,-0.04732247663936595,-0.14927325478609088,-0.44165661541627355,-0.09322592185189649,-0.174070268204979,1.779998779296875,201.0800018310547
2026-02-26,203.7100067138672,204.6300048828125,199.1199951171875,201.0800018310547,198.8094482421875,14378069,-0.004160045292729286,220.74349975585938,243.31320129394533,218.50280456811652,233.79327547518085,13.712058064084658,0.01673450607346554,-11.772973764442327,-10.561838471655014,-1.2111352927873131,-0.04796176582928635,-0.1614678929438792,0.02854274691274128,-0.08907849131028713,-0.1735754543456479,-0.839996337890625,200.9600067138672
2026-02-27,204.0,204.0,200.0500030517578,200.9600067138672,198.69081115722656,13288519,-0.0005967531136602533,218.9465003967285,242.1096011352539,216.83206191533085,232.50569630807053,13.888901503626244,0.01680663018099412,-11.71722231663395,-10.792915240650801,-0.9243070759831493,-0.04240919599065973,-0.15170953190619962,-0.07577860420616978,-0.08215017664255882,-0.16996267074265514,-0.1199951171875,198.57000732421875
2026-03-02,195.0,200.36000061035156,194.6999969482422,198.57000732421875,196.32778930664062,10486866,-0.01189291057822961,216.76000061035157,240.80400115966796,215.09281862093923,231.17488497537047,10.188785013597013,0.015164982574999441,-11.73066803029866,-10.980465798580374,-0.7502022317182853,-0.035552926743064095,-0.18047872545093557,-0.21083259917828312,-0.0839176657820333,-0.17538742559117804,-2.3899993896484375,195.5500030517578
2026-03-04,196.00999450683594,197.1199951171875,194.50999450683594,195.5500030517578,193.34188842773438,19562075,-0.015208763464111485,214.40300064086915,239.4260009765625,213.23159809054098,229.77783078228765,9.864118864085611,0.014964506030772026,-11.848431616525176,-11.154058962169335,-0.6943726543558402,-0.02293392800983507,-0.19423956040805457,0.865388095928755,-0.08793252674989667,-0.18325494201066211,-3.0200042724609375,195.67999267578125
2026-03-05,196.39999389648438,196.97000122070312,193.22000122070312,195.67999267578125,193.4704132080078,13149281,0.0006647385425457841,212.52000045776367,237.88620056152342,211.56001662246865,228.44066066046386,13.52866611650046,0.013625636922905334,-11.79530213012498,-11.282307595760464,-0.5129945343645161,-0.03090335553560719,-0.16139540693047483,-0.3278176778281445,-0.07923963742569826,-0.17742184198207234,0.1299896240234375,195.39999389648438
2026-03-06,195.60000610351562,198.92999267578125,195.0,195.39999389648438,193.19357299804688,9022914,-0.0014309014195478253,210.62050018310546,236.36620056152344,210.0209668390416,227.14494823834704,15.856766942443627,0.013574031620169938,-11.641593151605775,-11.354164706929527,-0.28742844467624806,-0.028247502898585575,-0.16277477866452672,-0.3138093253920119,-0.07226507521057522,-0.17331668642859124,-0.279998779296875,198.75
2026-03-09,194.0,199.5,193.02999877929688,198.75,196.50575256347656,25862728,0.017144351116460843,209.02200012207032,234.98000061035157,208.94754142579953,226.03142085645106,25.727676809754186,0.014731858567340113,-11.121261206883133,-11.30758400692025,0.1863228000371162,-0.010997246417362327,-0.13856623201956875,1.866338745997136,-0.04914315295074874,-0.15418333694887024,3.350006103515625,200.92999267578125
2026-03-10,200.5,201.30999755859375,197.4199981689453,200.92999267578125,198.6611328125,12982340,0.010968516607704482,207.56449966430665,233.67260070800782,208.18396535436924,225.0470511238758,25.101184770443652,0.015266121572654187,-10.41295315973747,-11.128657837483694,0.7157046777462241,0.011884903381753853,-0.1266951013703398,-0.49802897822689085,-0.03196359203647718,-0.1401217255810878,2.17999267578125,202.22999572753906
2026-03-11,202.69000244140625,205.9499969482422,201.5800018310547,202.22999572753906,199.9464569091797,29199002,0.006469930319738193,206.10249938964844,232.4324008178711,207.61692062800446,224.15226463774496,32.13233866905124,0.015285144617670932,-9.63564087753457,-10.830054445493868,1.1944135679592982,0.03416002337782231,-0.1263230886895108,1.2491324368334213,-0.018789212520844752,-0.12994059771381863,1.3000030517578125,202.50999450683594
2026-03-12,201.05999755859375,203.8000030517578,199.6999969482422,202.50999450683594,200.22329711914062,19042475,0.0013845561252650018,204.73749923706055,231.20960083007813,207.13054671170272,223.30354816202305,33.73220758351822,0.01538819119058911,-8.89449157002386,-10.442941870399867,1.5484503003760075,0.03490393543897552,-0.1187938007126833,-0.34783815556435804,-0.010879808235058278,-0.12412809078950952,0.279998779296875,197.5800018310547
2026-03-13,200.60000610351562,202.07000732421875,196.0399932861328,197.5800018310547,195.34896850585938,12629652,-0.024344441309116838,203.66249923706056,229.89560089111328,206.22097100878386,222.29478163923997,29.749326891623255,0.012903279104968753,-8.605733077363851,-10.075500111792664,1.4697670344288127,0.0111566427976717,-0.09813766578557859,-0.33676415486957445,-0.029865573823317965,-0.14056640899085496,-4.92999267578125,195.11000061035156
2026-03-16,196.24000549316406,198.2899932861328,192.77000427246094,195.11000061035156,192.9068603515625,12631649,-0.012501271372672429,202.7134994506836,228.45080078125,205.16278335179032,221.22871179496983,31.29769699048998,0.012354067589795657,-8.478463893286118,-9.756092868091354,1.2776289748052356,-0.01831446233785372,-0.08865428582465673,0.00015811995453240968,-0.03750859642271543,-0.1459430216785428,-2.470001220703125,191.32000732421875
2026-03-17,195.0,195.11000061035156,188.25,191.32000732421875,189.15965270996094,21778468,-0.019424905306118512,201.61650009155272,226.8972009277344,203.84442373011683,220.0558214235678,33.58153036848938,0.012790439997745973,-8.584466545187013,-9.521767603510487,0.9373010583234738,-0.047827530492518755,-0.10287905724349966,0.7241191549891863,-0.051069693019462216,-0.1567987328977531,-3.7899932861328125,194.3000030517578
2026-03-18,193.0,198.0,192.69000244140625,194.3000030517578,192.1060028076172,24529164,0.015575975399630071,200.5470001220703,225.51720123291017,202.93543128455883,219.04578933055566,36.421945709969556,0.013108516052130143,-8.331967920460244,-9.283807666900438,0.9518397464401946,-0.039212742141700785,-0.09917010129136228,0.12630346634115863,-0.0311497906551084,-0.13842490954342673,2.9799957275390625,188.41000366210938
2026-03-19,191.97999572753906,192.7899932861328,187.67999267578125,188.41000366210938,186.2825164794922,13685195,-0.030313943886452033,199.37000045776367,223.97340118408204,201.55205722527793,217.84438597100876,30.866793093675042,0.014033163549064065,-8.509047662421636,-9.128855666004679,0.6198080035830422,-0.0696261479788377,-0.11106390009470601,-0.4420847363570972,-0.05497314927265677,-0.1587840222721062,-5.8899993896484375,190.89999389648438
2026-03-20,191.19000244140625,192.3000030517578,188.41000366210938,190.89999389648438,188.744384765625,24395304,0.013215806942185937,198.35449981689453,222.37540130615236,200.53757500348806,216.78774314455683,35.82296690843641,0.014659545723430279,-8.352184448254121,-8.973521422454567,0.621336974200446,-0.033809129834314944,-0.09616027731535193,0.7826055090921247,-0.03758173334757506,-0.14154176777104333,2.489990234375,187.5399932861328
2026-03-23,189.41000366210938,190.6199951171875,187.0,187.5399932861328,185.42233276367188,12014988,-0.0176008418951209,197.2384994506836,220.88220092773437,199.29971007802567,215.64077256187352,34.869651308091775,0.014929762435593427,-8.402138566204997,-8.859244851204654,0.4571062849996572,-0.03879866383341668,-0.10635665328935384,-0.5074876705779112,-0.04917146597424684,-0.15095017842795794,-3.3600006103515625,188.74000549316406
2026-03-24,191.5,191.5,187.8000030517578,188.74000549316406,186.60879516601562,11843191,0.006398700277227665,196.38099975585936,219.41800079345703,198.29402392708647,214.58584051996334,40.16748108622566,0.01480499793568079,-8.249798071546309,-8.737355495272984,0.48755742372667576,-0.013485269351273366,-0.08329687671729935,-0.014298557768014364,-0.03890903026359259,-0.13981530772022133,1.20001220703125,189.0500030517578
2026-03-25,189.0,190.6199951171875,187.89999389648438,189.0500030517578,186.915283203125,13862888,0.001642458141207337,195.82649993896484,217.93700073242186,197.41364098657897,213.5844351290533,40.47688452277576,0.013753504695102984,-8.011699040327073,-8.592224204283802,0.5805251639567288,-0.027020071629136777,-0.05541119402273875,0.17053655556175706,-0.03460459585050608,-0.13254746822973332,0.30999755859375,191.60000610351562
2026-03-27,189.0500030517578,192.2899932861328,187.89999389648438,191.60000610351562,189.43649291992188,26269256,0.013488511031971129,195.31050033569335,216.48500061035156,196.85996147390628,212.7223006574636,44.87595850990546,0.013994601481879358,-7.5304337548689375,-8.37986611440083,0.8494323595318924,0.01693117339526795,-0.05110931140557462,0.8949338694794331,-0.018997924974849003,-0.1149502018000134,2.5500030517578125,187.63999938964844
2026-03-30,189.99000549316406,191.6300048828125,186.5,187.63999938964844,185.52120971679688,27946986,-0.020668092837782703,194.63850021362305,215.03380035400392,195.98186984683412,211.73868099990221,35.261336709242045,0.014570998869891393,-7.383455120874089,-8.180583915695482,0.7971287948213934,-0.017076975437745,-0.06683908056007681,0.06386667365074983,-0.035956405419757614,-0.1273930001667545,-3.9600067138671875,191.17999267578125
2026-04-01,191.50999450683594,194.49000549316406,190.41000366210938,191.17999267578125,189.02122497558594,11769673,0.018865877732080705,194.14949951171874,213.65339996337892,195.52454821149576,210.93245792836808,37.516001219140506,0.015391467725544835,-6.901766354937337,-7.924820403543854,1.0230540486065172,0.01940919014588438,-0.04866646950311371,-0.5788571619136318,-0.015294949734126184,-0.10518628438138454,3.5399932861328125,194.91000366210938
2026-04-02,190.5,195.33999633789062,188.5800018310547,194.91000366210938,192.70912170410156,16623045,0.019510467251946162,193.96649932861328,212.20259979248047,195.46602015917324,210.3041263885148,41.176479243740786,0.015961024975786782,-6.148171529667991,-7.569490628768682,1.4213190991006908,0.03269046301457679,-0.018431805041601468,0.41236251848288386,0.0048642643794773645,-0.08149097205822202,3.730010986328125,197.2899932861328
2026-04-06,197.0,201.17999267578125,196.11000061035156,197.2899932861328,195.06224060058594,23282287,0.012210710478202769,194.05349884033203,211.22939971923827,195.63973188555033,209.7937682276371,44.01101098086943,0.015836092147434012,-5.297826878555725,-7.115157878726091,1.8173310001703662,0.04358630045681133,0.008897929978116448,0.40060301827974354,0.0166783617154143,-0.06599179115991159,2.3799896240234375,204.72000122070312
2026-04-07,197.00999450683594,205.27000427246094,197.00999450683594,204.72000122070312,202.40834045410156,24771466,0.03766033852408546,194.50549926757813,210.52579986572266,196.50451944127917,209.59479697246323,57.74739486320569,0.01787770882033867,-3.978521155655301,-6.487830534111934,2.509309378456633,0.06847596398352507,0.04619791947713381,0.06396188656208901,0.05251523474445864,-0.027577611146579584,7.4300079345703125,203.4199981689453
2026-04-08,207.6999969482422,209.0,202.8000030517578,203.4199981689453,201.12301635742188,22084158,-0.006350151641296264,194.90649948120117,209.8031997680664,197.16313646296166,209.35264799977625,59.251833534813215,0.017966987629684066,-3.003241745481432,-5.790912776385834,2.787671030904402,0.08409720118645136,0.041044035429753656,-0.1084840114024741,0.04367991170333074,-0.030424710424710424,-1.3000030517578125,202.8699951171875
2026-04-09,203.7100067138672,204.16000366210938,201.6300048828125,202.8699951171875,200.5792236328125,14540807,-0.0027037806346896787,195.11249923706055,209.04759979248047,197.70664681098316,209.0984263181061,63.85887217555035,0.01764135616961117,-2.2487838556508564,-5.082486992238839,2.8337031365879826,0.061146578560817844,0.02072953518081766,-0.341572950166359,0.03975909237214804,-0.029551186817860703,-0.5500030517578125,204.8800048828125
2026-04-10,208.6999969482422,208.6999969482422,200.6199951171875,204.8800048828125,202.56654357910156,51219565,0.009907871119452238,195.30999984741212,208.37720001220703,198.389823770205,208.93299802652598,62.99753647579197,0.017611933263181303,-1.4717145435041061,-4.360332502491893,2.888617958987787,0.051151818959414896,0.019658649037055165,2.522470589149557,0.04899905300740898,-0.016783002791042667,2.010009765625,202.97000122070312
2026-04-13,203.00999450683594,203.39999389648438,200.30999755859375,202.97000122070312,200.6781005859375,21930624,-0.009322547913847679,195.3470001220703,207.74059997558595,198.82603114644292,208.69915501453295,69.82568760066553,0.017713236430333713,-0.9984928441442378,-3.6879645708223623,2.6894717266781245,0.028790147132969457,0.003659227161143086,-0.5718311157074449,0.03902287260039457,-0.02296420995916771,-1.910003662109375,209.75
2026-04-15,206.5,210.49000549316406,205.10000610351562,209.75,207.3815460205078,27890080,0.0334039451077528,195.70900039672853,207.18859985351563,199.866409132496,208.74036462180618,72.98218433015805,0.01919817375652111,-0.07550166317315643,-2.965471989292521,2.8899703261193648,0.02457013847842915,0.035751349017589584,0.2717412874344114,0.07174427121291548,0.012362650012091924,6.779998779296875,210.25999450683594
2026-04-16,212.97999572753906,212.97999572753906,208.2100067138672,210.25999450683594,207.88577270507812,36305074,0.0024314398418876504,196.34300003051757,206.5977996826172,200.85627440624265,208.7999579506309,79.76936696874989,0.018175677367022566,0.6891833157759493,-2.234540928278827,2.9237242440547764,0.03362499458981327,0.06417649842226214,0.30171996638231224,0.07088103204165795,0.017726204392518877,0.5099945068359375,204.32000732421875
2026-04-17,205.0,206.4499969482422,202.5,204.32000732421875,202.0128631591797,80542603,-0.028250676960918875,196.80350036621093,205.94619995117188,201.1861537317642,208.62427361234023,68.15850641740427,0.019206919578540763,0.8065964064728917,-1.6263134613284835,2.432909867801375,0.007147494661266407,0.04720417551666256,1.2184943900679008,0.038192953601034266,-0.00789620117942785,-5.9399871826171875,202.47999572753906
2026-04-20,204.5,205.1999969482422,202.0,202.47999572753906,200.19363403320312,27927164,-0.009005538032112126,197.36149978637695,205.1497998046875,201.30937677898086,208.38332153842646,65.11364580807661,0.018716434636141265,0.7426131859849932,-1.1525281318657883,1.8951413178507814,-0.011714218557570821,0.05833152820451315,-0.6532622120494418,0.025934622237378326,-0.013013924847551445,-1.8400115966796875,205.00999450683594
2026-04-21,203.0,205.6999969482422,202.47999572753906,205.00999450683594,202.695068359375,21530723,0.012495055475511219,197.89699935913086,204.3961996459961,201.6618165625861,208.2510342038543,65.09793142309364,0.01861995200635435,0.885844318298922,-0.7448536418328462,1.6306979601317682,0.010050713277153678,0.05512090214545795,-0.22904012022130138,0.03594291561135229,0.0030029661114194285,2.529998779296875,204.0
2026-04-22,203.5,205.3800048828125,202.1999969482422,204.0,201.69647216796875,21790433,-0.004926562284270797,198.6764991760254,203.8093997192383,201.88450069948266,208.08432698017373,69.72985764722466,0.01703821062749901,0.9073979875915938,-0.4144033159479582,1.321801303539552,-0.0274135876042908,0.08274505617997541,0.012062298140197214,0.026794818944630334,0.0009351888628506802,-1.0099945068359375,202.75999450683594
2026-04-23,204.0,204.89999389648438,202.3000030517578,202.75999450683594,200.47047424316406,20307250,-0.006078458299823786,199.26949920654297,203.19679962158204,201.96788106208774,207.87552962827812,64.78549059749665,0.01704232963598121,0.81502623060166,-0.16851740663803455,0.9835436372396946,-0.03567012363712474,0.06212677312489934,-0.06806578832095722,0.017516455424395193,-0.002149665327207807,-1.2400054931640625,199.36000061035156
2026-04-24,202.75,202.75,197.8800048828125,199.36000061035156,197.10887145996094,39363394,-0.016768563763054134,199.8604995727539,202.569599609375,201.71951149525572,207.54158731384965,55.730101388616546,0.01698991504081587,0.46214256337597703,-0.04238541263523224,0.5045279760112092,-0.0242756780347827,0.063026595645574,0.9383911657166775,-0.0025042415258255623,-0.015844425842834544,-3.399993896484375,205.0500030517578
2026-04-27,199.36000061035156,205.25,199.36000061035156,205.0500030517578,202.734619140625,42632215,0.02854134442208056,200.6759994506836,202.06899963378908,202.03670116730353,207.44387812710096,59.20741227828777,0.017906268975403986,0.6343035024609094,0.09295237038399608,0.5413511320769133,0.012692648056339406,0.0864151588635218,0.08304215332651443,0.021796346414355967,0.014752403502621518,5.69000244140625,201.5800018310547
2026-04-28,204.55999755859375,205.67999267578125,201.02000427246094,201.5800018310547,199.30380249023438,23455983,-0.016922707481390464,201.30249938964843,201.47119964599608,201.99320599242267,207.21392219392268,45.88790107766674,0.018522131443140938,0.48514968496468214,0.1713918333001333,0.31375785166454884,-0.01673085589818346,0.06627875470526412,-0.44980613838619454,0.0013785345052726439,0.0005400384037509237,-3.470001220703125,200.67999267578125
2026-04-29,201.5800018310547,203.60000610351562,200.3000030517578,200.67999267578125,198.41395568847656,15667662,-0.004464774020727202,201.75649871826172,200.88859954833984,201.86813805750444,206.95768966379947,46.37373679850692,0.018441106570784783,0.29096690747471143,0.19530684813504895,0.09566005933966248,-0.016274545706954635,0.04739032506794372,-0.3320398467205574,-0.005335669727217743,-0.001038420662136147,-0.9000091552734375,200.64999389648438
2026-04-30,200.88999938964844,202.14999389648438,200.0,200.64999389648438,198.38429260253906,15300274,-0.0001494856507461284,202.40699844360353,200.51999938964843,201.75212432788348,206.71032904547337,47.02093312016354,0.017638943999678133,0.1331204765346854,0.18286957381497623,-0.04974909728029084,-0.010406395085399422,0.06933486756104545,-0.023448808124658327,-0.008680552355548637,0.0006482869899841663,-0.029998779296875,200.64999389648438
2026-05-01,200.64999389648438,200.64999389648438,200.64999389648438,200.64999389648438,198.38429260253906,0,0.0,202.88049850463867,200.2511993408203,201.64715952489308,206.47266884355224,43.999984416555854,0.017274892641404943,0.0079345779174389,0.14788257463546878,-0.13994799671802988,0.006470672563119173,0.049534478415652616,-1.0,-0.010994179453395285,0.0019914714966841936,0.0,200.75
2026-05-04,202.39999389648438,203.3699951171875,200.05999755859375,200.75,198.48316955566406,8446995,0.0004984106980199243,203.1724983215332,200.0009994506836,201.56171576061755,206.2482504575306,46.680620426698496,0.016809942821333957,-0.08225826975484551,0.10185440575740592,-0.18411267551225144,-0.020970509572108775,0.029962527464802102,inf,-0.011923357450177348,0.0037449840319477776,0.100006103515625,199.77999877929688
2026-05-05,200.0,202.3000030517578,199.60000610351562,199.77999877929688,197.5241241455078,8899200,-0.00483188652903177,203.2969985961914,199.6827993774414,201.3920284290632,205.99459352897242,31.958017627957318,0.01667573041329292,-0.22936378032619587,0.03561076854068557,-0.26497454886688143,-0.008929472345507783,0.012621043022454703,0.053534422596438036,-0.017299811808241885,0.00048676902646857393,-0.970001220703125,199.1199951171875
2026-05-06,200.50999450683594,201.1300048828125,198.25,199.1199951171875,196.87156677246094,13166683,-0.003303652348293884,203.01699829101562,199.42619934082032,201.17564430412267,205.72500143439262,29.94961526229669,0.01424290242206589,-0.3946534180039123,-0.05044206876823401,-0.3442113492356783,-0.007773557980511159,-0.027354464977158766,0.4795355762315714,-0.019195452630237142,-0.0015354262611679908,-0.660003662109375,197.36000061035156
2026-05-07,199.5,200.27999877929688,197.19000244140625,197.36000061035156,195.13145446777344,19303572,-0.00883886375047438,202.71399841308593,199.14919921875,200.8122496666207,205.39696218639102,35.2542364114464,0.014300194081614707,-0.66005479373257,-0.1723646137611012,-0.4876901799714688,-0.016396677728433562,-0.029790569330163774,0.4660922572526429,-0.026411584027976772,-0.008984211914571346,-1.7599945068359375,197.91000366210938
2026-05-08,198.0,198.94000244140625,196.6999969482422,197.91000366210938,195.6752471923828,15970687,0.0027868010237985796,202.46599884033202,198.91019927978516,200.53584528523865,205.10335596975253,39.75797974022457,0.01432681790365215,-0.8165934652460862,-0.3012103840580982,-0.515383081187988,-0.013655570982915477,-0.024449113099317632,-0.1726563871184048,-0.02250251995059959,-0.005028377736774173,0.5500030517578125,196.67999267578125
2026-05-11,197.8800048828125,198.24000549316406,196.14999389648438,196.67999267578125,194.45912170410156,9199527,-0.006215001584397473,202.05599822998047,198.7259991455078,200.16862122719508,204.77302799743993,30.176125869971457,0.014124635444623218,-1.0280523496404044,-0.4465787771745594,-0.581473572465845,-0.020274009087017486,-0.040023486975810596,-0.42397424731947975,-0.02660651305228883,-0.01029561546312051,-1.230010986328125,189.57000732421875
2026-05-12,196.10000610351562,196.13999938964844,189.10000610351562,189.57000732421875,187.42941284179688,27435195,-0.03615001838688803,201.38599853515626,198.5145993041992,199.15922942691162,204.17683110829398,23.386233439636356,0.01601005003228344,-1.7491878871151414,-0.7071005991626758,-1.0420872879524656,-0.051106174379135005,-0.06601957834110495,1.9822397390648452,-0.058673350167761415,-0.04505760287319711,-7.1099853515625,187.8000030517578
2026-05-13,190.6699981689453,191.3000030517578,187.30999755859375,187.8000030517578,185.6793975830078,17242394,-0.009336942575698282,200.28849868774415,198.23219940185547,198.07739834356363,203.53460255705727,22.937801145623084,0.01351239241604607,-2.4354432742547374,-1.052769134181088,-1.3826741400736493,-0.056850102164614724,-0.10464837639209623,-0.37152281950246757,-0.062352535057224046,-0.052626144398214295,-1.7700042724609375,188.3000030517578
2026-05-14,188.25,190.17999267578125,187.0,188.3000030517578,186.1737518310547,18280387,0.0026624067724971834,199.19049911499025,197.97659942626953,197.1462178395821,202.93716728233966,27.647558040708986,0.01351955665773655,-2.905467372164651,-1.4233087817778007,-1.4821585903868502,-0.04590594614194865,-0.10444208136971189,0.06020005110659232,-0.054673772652908924,-0.048877475431713724,0.5,190.0
2026-05-15,189.89999389648438,191.89999389648438,188.8000030517578,190.0,187.85455322265625,17902610,0.009028130221404806,198.4744987487793,197.7573992919922,196.46562566438382,202.42982738891456,13.734959073384061,0.012753302578393416,-3.1049968390756817,-1.7596463932373771,-1.3453504458383045,-0.03996767983297134,-0.07008617272363105,-0.0206657003486852,-0.042698174335766746,-0.039226847236892785,1.6999969482421875,192.1699981689453
2026-05-18,190.99000549316406,192.75,189.1999969482422,192.1699981689453,190.0000457763672,16327369,0.011421042994449015,197.9589988708496,197.62939910888673,196.05651828386587,202.0274811449942,25.809774405417528,0.013106355531508296,-3.0528334980892566,-2.018283814207753,-1.0345496838815036,-0.02293062169404525,-0.05091859826225542,-0.08798946075460501,-0.029243432907443054,-0.027624437277843885,2.1699981689453125,195.1699981689453
2026-05-19,192.39999389648438,198.0,192.39999389648438,195.1699981689453,192.96617126464844,20534622,0.015611177751911898,197.46699905395508,197.62179901123048,195.9720877967306,201.75856024397268,37.215791817749896,0.013311262857751461,-2.737858418990612,-2.162198735164325,-0.5756596838262871,0.02954048967856493,-0.047997642073799085,0.2576810140078294,-0.011632327913091657,-0.012406530324854675,3.0,197.1199951171875
2026-05-20,194.61000061035156,197.94000244140625,194.00999450683594,197.1199951171875,194.89414978027344,16201692,0.0099912741022532,197.12299880981445,197.6505990600586,196.0814123034408,201.5766557291968,42.479764389225885,0.013575905026180678,-2.3043270942644654,-2.1906244069843535,-0.1137026872801119,0.04962721998924091,-0.033725514131433876,-0.2110060754953269,-1.5237656920212658e-05,-0.002684555196869732,1.9499969482421875,199.74000549316406
2026-05-21,198.5,200.0399932861328,197.5,199.74000549316406,197.4845733642578,18980608,0.013291449071003436,196.97199935913085,197.73739929199218,196.4298497500811,201.50463022974455,48.256059795243395,0.013927905597153534,-1.7294019854209068,-2.0983799226716644,0.36897793725075756,0.060754127753581244,-0.014894402719911604,0.1715201103687196,0.014052789955116534,0.010127604632923816,2.6200103759765625,203.11000061035156
2026-05-22,200.0,205.39999389648438,198.8300018310547,203.11000061035156,200.8165283203125,40014399,0.016871908603721453,197.15949935913085,197.8245993041992,197.0660545939164,201.56758593094483,54.01907452535864,0.013911134842065673,-0.990422281275869,-1.8767883943925054,0.8863661131166365,0.06900000321237654,0.018810192558784022,1.1081726675984247,0.03018115419527279,0.026717614112413163,3.3699951171875,206.83999633789062
2026-05-25,207.0,209.5500030517578,204.05999755859375,206.83999633789062,204.50439453125,72041558,0.018364411975433592,197.2489990234375,197.94279937744142,197.9969061885806,201.7743471233741,60.99003523013602,0.013008482508165095,-0.10261319826707904,-1.5219533551674203,1.4193401569003412,0.07633864967854276,0.00872954527916292,0.8003908543022225,0.04862380727880651,0.04494832339661848,3.7299957275390625,203.72999572753906
2026-05-26,206.99000549316406,208.69000244140625,202.94000244140625,203.72999572753906,201.4295196533203,46458415,-0.015035779662609938,197.35649871826172,197.97279937744142,198.54291471610046,201.8510392254982,56.66763330698245,0.012881574408788106,0.34604188301676686,-1.1483543075305829,1.4943961905473497,0.0438591875744343,0.010665710273612738,-0.3551164593081121,0.0322943356346015,0.02908074426487937,-3.1100006103515625,201.5800018310547
2026-05-27,203.85000610351562,205.99000549316406,200.1999969482422,201.5800018310547,199.30380249023438,39465643,-0.010553153397007353,197.4014991760254,197.95419952392578,198.83216110800086,201.84041030806904,56.03547232859828,0.013078254029150872,0.5220992924738255,-0.8142635875297013,1.3363628800035268,0.02262584630856823,0.004484797628667936,-0.15051680088526476,0.021167532528733574,0.018316369725162988,-2.149993896484375,201.5800018310547
2026-05-28,201.5800018310547,201.5800018310547,201.5800018310547,201.5800018310547,199.30380249023438,0,0.0,197.4479995727539,198.0341995239258,199.09386022448217,201.83019821093123,55.33275124351856,0.013078022963923646,0.6540861597980552,-0.52059363806415,1.1746797978622052,0.009211956980513802,0.004634976141838942,-1.0,0.020927040371347308,0.017904999821510646,0.0,204.25
2026-05-29,211.0,211.0,203.64999389648438,204.25,201.9436492919922,82734524,0.013245352439192226,197.62799987792968,198.21699951171874,199.58492115548387,201.92509239873783,60.55789746086767,0.013392913560715914,0.9630320076767873,-0.2238685089159626,1.18690051659275,0.005612719148356593,0.017941720473576783,inf,0.03350739837553675,0.03043634250918315,2.6699981689453125,206.41000366210938
2026-06-01,205.10000610351562,207.75,205.10000610351562,206.41000366210938,204.0792694091797,26491139,0.010575293327340862,197.91100006103517,198.51879943847655,200.23492901325773,202.10097127181123,77.24919039515827,0.013562500029450133,1.3664168586027756,0.09418856458778502,1.2722282940149907,-0.0020788661931652186,0.028194289724081667,-0.6798055065863435,0.042943563513160664,0.03975041278686762,2.160003662109375,209.83999633789062
2026-06-02,208.0,210.17999267578125,206.50999450683594,209.83999633789062,207.47052001953125,42476874,0.016617376168434728,198.41399993896485,198.8295993041992,201.14969732988945,202.40446245087318,83.84521693407834,0.013881486842262656,1.9405050679820022,0.4634518652666285,1.4770532027153735,0.02999067755600815,0.05035537901723264,0.6034370587085742,0.057586644099915256,0.055376045982198405,3.42999267578125,204.10000610351562
2026-06-03,208.0,208.39999389648438,202.0,204.10000610351562,201.79534912109375,62282204,-0.027354128548173873,198.66300048828126,199.14339935302735,201.43067911785386,202.47095435881997,70.89949012194526,0.01537661951840346,1.9102843008733146,0.7528183523879658,1.1574659484853487,0.012501261283710985,0.025010099982160305,0.46626147677439733,0.027367982975547014,0.024889636144563118,-5.739990234375,204.32000732421875
2026-06-04,203.0,205.08999633789062,202.10000610351562,204.32000732421875,202.0128631591797,40659957,0.001077908937403782,199.0110008239746,199.41179962158202,201.70585323274574,202.543466239816,69.71367905939924,0.015189555307286792,1.8823873949511096,0.9787321609005946,0.9036552340505151,0.013592645442381146,0.03526553857084935,-0.34716573292749886,0.026676949908613207,0.024613426647524837,0.220001220703125,198.3699951171875
2026-06-05,191.52000427246094,199.0,188.14999389648438,198.3699951171875,196.13003540039062,43539069,-0.02912104538832394,199.03400039672852,199.62839965820314,201.38815245983545,202.37980070559527,57.73067127652166,0.01668726444263677,1.3644342880984368,1.055872586340163,0.3085617017582738,-0.0287882736000612,0.0023242455993455202,0.07080951905581201,-0.003336139947031531,-0.006303735055584442,-5.95001220703125,181.75999450683594
2026-06-08,193.38999938964844,193.88999938964844,181.0,181.75999450683594,179.7075958251953,75164049,-0.08373242435449557,198.28800048828126,199.48879943847658,199.51880408335933,201.57118085466354,37.51628579821577,0.025132878741288715,-0.3819328304961971,0.768311502972891,-1.1502443334690882,-0.11942255083540043,-0.07585925729385345,0.7263586642148916,-0.08335353597164402,-0.08887117964288666,-16.610000610351562,181.6699981689453
2026-06-09,183.97000122070312,184.35000610351562,180.60000610351562,181.6699981689453,179.61862182617188,28381665,-0.0004951383176193813,197.89300003051758,199.3411993408203,197.8189178057961,200.79074231796872,35.101253928366376,0.023940735840265456,-1.7529958611300458,0.2640500301523036,-2.0170458912823492,-0.13424513277051886,-0.04167330722186535,-0.6224037238866682,-0.08197865441966357,-0.08864801270540143,-0.089996337890625,178.92999267578125
2026-06-10,182.10000610351562,182.2899932861328,178.5,178.92999267578125,176.9095458984375,16935979,-0.015082322457095954,197.44949951171876,199.08779907226562,196.0199725553185,199.9334580182751,29.978816203035606,0.024069506349524653,-3.0257893192166136,-0.3939178397214799,-2.6318714794951337,-0.12332196313099875,-0.04723115139424139,-0.4032774680414275,-0.09379363777439385,-0.10125083752202926,-2.7400054931640625,177.3699951171875
2026-06-11,176.97000122070312,178.1999969482422,175.8300018310547,177.3699951171875,175.36717224121094,14468882,-0.008718479977923188,196.90299911499022,198.8823989868164,194.24378422787748,199.04861633587953,24.34209385556774,0.02408474921891492,-4.112954491118501,-1.1377251700008841,-2.9752293211176166,-0.13190099471886996,-0.058045712997497945,-0.14567194491679514,-0.0992011502394413,-0.10816645404128966,-1.55999755859375,180.13999938964844
2026-06-12,178.64999389648438,180.4499969482422,177.57000732421875,180.13999938964844,178.10589599609375,13850153,0.015617096175882583,196.40999908447264,198.66159912109376,192.90056662423663,198.30710194583128,22.86585507685065,0.024297738820371624,-4.696881797898101,-1.8495564955803276,-2.847325302317773,-0.09189895738400178,-0.051894740054481914,-0.04276273730064284,-0.08283692159596596,-0.0932319069885042,2.7700042724609375,181.3800048828125
2026-06-15,183.0,183.0,180.91000366210938,181.3800048828125,179.33189392089844,13870660,0.006883565545494852,195.87049942016603,198.3909991455078,191.80337026791054,197.64329421786977,26.389192921959662,0.024183100433891512,-5.001931166457098,-2.480031429755682,-2.5218997367014158,-0.002090611991128477,-0.056148167710585284,0.0014806334630381723,-0.07397997442315014,-0.08574478850332706,1.2400054931640625,182.6699981689453
2026-06-16,182.38999938964844,183.3800048828125,181.6300048828125,182.6699981689453,180.60733032226562,11706020,0.007112103051084784,195.24549942016603,198.09859924316407,190.93352530610434,197.0561061375198,29.653536512406347,0.0239195328769848,-5.081022447585781,-3.000229633321702,-2.080792814264079,0.005504486211697079,-0.06404672909398501,-0.156058904190572,-0.06440866134465094,-0.0778834435637796,1.2899932861328125,184.47000122070312
2026-06-17,184.0,185.25,183.5800018310547,184.47000122070312,182.3870086669922,16131548,0.009853851589208595,194.6129997253418,197.69359924316407,190.3179515836852,196.56253339568386,32.276777402200096,0.023915617282449717,-4.941495174283318,-3.3884827415140255,-1.5530124327692927,0.030961877671119575,-0.06417407776904605,0.3780557354250207,-0.05211881281802111,-0.06688935844703732,1.8000030517578125,182.83999633789062
2026-06-18,184.47000122070312,184.75999450683594,181.7100067138672,182.83999633789062,180.77540588378906,18165845,-0.008836151526135372,193.76799926757812,197.28199920654296,189.6057653698,196.0243946875351,27.334322801335972,0.02363099870552267,-4.905894478737537,-3.691965088958728,-1.2139293897788086,0.03083949580699441,-0.08461003649993304,0.12610674437443947,-0.05639735648298043,-0.07320486880068762,-1.6300048828125,180.8000030517578
2026-06-19,176.75999450683594,181.47999572753906,174.88999938964844,180.8000030517578,178.75843811035156,37469436,-0.011157259500065186,192.65249938964843,196.84059936523437,188.76712133951028,195.4273597214262,22.818934113191006,0.023145729125214568,-4.984829073671108,-3.9505378859012046,-1.0342911877699033,0.003663837372852141,-0.10984194520974622,1.0626310529457892,-0.06152267100318487,-0.08149028383983684,-2.0399932861328125,180.17999267578125
2026-06-22,180.83999633789062,182.39999389648438,180.0,180.17999267578125,178.1454315185547,10368112,-0.0034292608711907757,191.31949920654296,196.34659912109376,187.94929956201227,194.8294237588519,16.5237117350717,0.022464228833039786,-5.039324765521229,-4.168295261825209,-0.8710295036960201,-0.006616011548828515,-0.12889191710561632,-0.7232914848251253,-0.05822462726988335,-0.08233708410371805,-0.6200103759765625,174.49000549316406
2026-06-23,179.5,179.5,174.0,174.49000549316406,172.5196990966797,23954730,-0.0315794617266737,189.8574996948242,195.77699920654297,186.66746203164578,194.03179951313865,16.542383728929508,0.02308614908493979,-5.4784947293672985,-4.430335155333627,-1.0481595740336713,-0.04478016509430216,-0.1435232457054556,1.3104235370914203,-0.0809422552512372,-0.10873082026822425,-5.6899871826171875,174.47999572753906
2026-06-24,171.5,175.49000549316406,171.49000549316406,174.47999572753906,172.50979614257812,56627728,-5.736583935977979e-05,188.50249938964845,195.07159912109375,185.5067509550642,193.2650621097818,16.121712683809577,0.02313123745013312,-5.760939272323725,-4.696455978731647,-1.0644832935920778,-0.05415517659812796,-0.13443796932906216,1.3639476629458982,-0.07438895350201084,-0.10555920742092308,-0.010009765625,175.0
2026-06-25,176.0,176.38999938964844,172.69000244140625,175.0,173.02394104003906,21544904,0.002980308833070877,187.1734992980957,194.36639923095703,184.50610800696285,192.5487851643002,19.73583849797616,0.02318775558059294,-5.875094180001241,-4.932183618985566,-0.9429105610156752,-0.04287900073790318,-0.1318583271634829,-0.6195343736905707,-0.06503858368704199,-0.09963861710451707,0.5200042724609375,175.0
2026-06-26,175.0,175.0,175.0,175.0,173.02394104003906,0,0.0,185.71099929809571,193.77999908447265,183.6007643872521,191.86059751079824,34.63638677674257,0.022771114687850005,-5.897579145503556,-5.125262724289164,-0.7723164212143923,-0.03207966235541182,-0.14320685434516522,-1.0,-0.05767563223814684,-0.09691402194860195,0.0,175.47999572753906
2026-06-29,176.27999877929688,176.69000244140625,174.60000610351562,175.47999572753906,173.49850463867188,24484011,0.0027428327287946086,184.16449890136718,193.23999908447266,182.8273578482318,191.21822097027828,36.17686826337511,0.022510799595519954,-5.809696434848377,-5.262149466401008,-0.547546968447369,-0.026085010208094728,-0.1498474268970139,inf,-0.047156228402517854,-0.09190645539782896,0.4799957275390625,170.38999938964844
2026-06-30,175.0,175.39999389648438,170.0500030517578,170.38999938964844,168.4659881591797,26845383,-0.02900613438464894,182.19199905395507,192.54759918212892,181.64284751884293,190.40142796711632,32.74051861368319,0.02221226457993309,-6.080674686390722,-5.425854510398951,-0.6548201759917713,-0.023497082780917444,-0.18800036998055714,0.09644547210830767,-0.06477781530247957,-0.11507595984887779,-5.089996337890625,170.1300048828125
2026-07-01,171.0,172.14999389648438,169.25,170.1300048828125,168.20892333984375,34638511,-0.00152587891171585,180.4934989929199,191.87019927978517,180.54638631541144,189.60647019910442,34.556336432828786,0.021905951692379584,-6.244424448840874,-5.589568498087336,-0.6548559507535385,-0.02493117234779929,-0.16643802158180332,0.29029677095685313,-0.05741754782267217,-0.11330677968010609,-0.2599945068359375,174.0
2026-07-02,169.49000549316406,174.97000122070312,169.0,174.0,172.0352325439453,43447174,0.022747281526578345,178.97749862670898,191.29499938964844,179.9229209520389,188.99445175992386,37.48981037187556,0.022933254399467785,-5.992839330884095,-5.670222664646688,-0.3226166662374075,-0.005714285714285672,-0.14839470554690415,0.2543025882376988,-0.027810750875954984,-0.0904100966822467,3.8699951171875,176.0800018310547
2026-07-03,176.1999969482422,178.13999938964844,174.58999633789062,176.0800018310547,174.09173583984375,29538753,0.01195403351180846,177.86299896240234,190.8293994140625,179.55692865480233,188.48800274310545,39.558697363018034,0.022756274659458734,-5.561507946179859,-5.648479720953322,0.0869717747734633,0.0061714390345981585,-0.11236575003676819,-0.32012256999730293,-0.010024553402051632,-0.07729101295867151,2.0800018310546875,174.32000732421875
2026-07-06,176.0800018310547,176.3000030517578,173.57000732421875,174.32000732421875,172.35162353515625,8304046,-0.009995425309710204,177.4909996032715,190.2147994995117,179.0581742423658,187.9323950796197,33.84914158213334,0.013562035161001058,-5.300589665875066,-5.578901709937671,0.2783120440626057,-0.006610374011641662,-0.04093302931045906,-0.7188762166094147,-0.01786565113803265,-0.08356233172768329,-1.7599945068359375,173.0
2026-07-07,173.89999389648438,176.1999969482422,172.77000427246094,173.0,171.04652404785156,18837725,-0.007572322560563394,177.05749969482423,189.64319946289064,178.48120526690238,187.3468109588503,27.39455374799718,0.013612948168245603,-5.141060661119553,-5.491333500174048,0.3502728390544947,0.015317803977350941,-0.04772388537639871,1.2684995964617731,-0.022916282573840274,-0.08776059204879305,-1.32000732421875,172.72000122070312
2026-07-08,173.0,175.39999389648438,172.24000549316406,172.72000122070312,170.76968383789062,16482564,-0.0016184900537391522,176.74700012207032,189.08399963378906,177.93251916726436,186.7732105769622,28.93422201103563,0.013279162581425818,-4.979822048208064,-5.3890312097808515,0.40920916157278775,0.01522363053874387,-0.03470626339503935,-0.12502364271694166,-0.022783973128743043,-0.08654353855841387,-0.279998779296875,172.75999450683594
2026-07-09,173.0,174.2899932861328,171.64999389648438,172.75999450683594,170.80921936035156,10270117,0.0002315498254410464,176.51650009155273,188.5261996459961,177.4398977710331,186.22367269185924,31.743840698717065,0.013179929528669138,-4.793555043207505,-5.269935976466182,0.47638093325867725,-0.007126468351517645,-0.02599087070677175,-0.3769102307141049,-0.02128132827678108,-0.08362872199601458,0.0399932861328125,175.4600067138672
2026-07-10,175.22999572753906,177.22000122070312,175.0,175.4600067138672,173.47874450683594,16249590,0.01562868889142277,176.28250045776366,188.02239990234375,177.25133671796968,185.8015681437027,40.207494284283385,0.013180709796397244,-4.377606358464277,-5.091470052865802,0.7138636944015246,-0.003521098993299443,-0.02597975292349297,0.5822205336122266,-0.004665770804025656,-0.06681327966774861,2.70001220703125,178.42999267578125
2026-07-13,174.60000610351562,179.9499969482422,174.36000061035156,178.42999267578125,176.41519165039062,22417855,0.016926854258916046,176.1349998474121,187.57599975585939,177.3635896663327,185.5124867528038,59.21419339275557,0.013687744914316445,-3.764911427775303,-4.826158327847702,1.0612469000723994,0.023577244027521926,-0.016264263577108307,0.37959511593830975,0.013029737589674548,-0.048758940866540354,2.9699859619140625,177.13999938964844
2026-07-14,178.5,180.5,176.7100067138672,177.13999938964844,175.1397705078125,14461463,-0.007229688612254814,175.85849990844727,187.1231997680664,177.34229535426755,185.184153915033,55.869388381758384,0.01363083872937181,-3.3448802607130403,-4.52990271442077,1.18502245370773,0.023930632310106503,-0.03027316381851808,-0.35491317077392104,0.007287105723455623,-0.053350949485642826,-1.2899932861328125,174.64999389648438
2026-07-15,175.1199951171875,176.60000610351562,174.49000549316406,174.64999389648438,172.67788696289062,10398720,-0.014056709392252453,175.36749954223632,186.63379974365233,177.08588569162154,184.7710496005801,49.28947123873245,0.013636059836765094,-3.1763106362788847,-4.259184298792393,1.0828736625135083,0.011174112217120058,-0.05323362746916194,-0.280935822330009,-0.004091440247622019,-0.06421026557691109,-2.4900054931640625,177.74000549316406
2026-07-16,175.60000610351562,177.99000549316406,175.41000366210938,177.74000549316406,175.73300170898438,11184572,0.01769259493081421,175.1125,186.2413998413086,177.14818281557797,184.49532238068144,54.942292353482244,0.0142770949644843,-2.7615464939098047,-3.959656737815876,1.1981102439060711,0.02882618166632933,-0.02789319047732708,0.07557199347612009,0.015004671243709335,-0.04564717809997325,3.0900115966796875,176.0
2026-07-17,173.5500030517578,176.25999450683594,173.5500030517578,176.0,174.0126495361328,22960032,-0.009789610888872091,174.87249984741212,185.8031997680664,177.0388320712372,184.16217248339981,50.89717796605261,0.014230678625297033,-2.5439220741989175,-3.6765098050924845,1.132587730893567,0.003077586147670841,-0.02654868899744267,1.0528306313375246,0.006447555525149488,-0.052761199916381965,-1.7400054931640625,176.3800048828125
2026-07-20,177.0,177.8000030517578,175.85000610351562,176.3800048828125,174.3883514404297,10183661,0.00215911865234375,174.68250045776367,185.39720001220704,176.97608662472058,183.85698944023954,62.34034701007633,0.01424045203027931,-2.31411426668879,-3.404030697411746,1.0899164307229556,-0.011489031424743223,-0.021089954198225014,-0.5564613760120195,0.009717655864785792,-0.04863716997236647,0.3800048828125,174.97000122070312
2026-07-21,176.11000061035156,177.5,174.5,174.97000122070312,172.99427795410156,11350578,-0.007994124181174511,174.7065002441406,185.10519989013673,176.78503087195702,183.50848009829693,59.52005071053576,0.012434097612934965,-2.2201726667088337,-3.1672590912711636,0.9470864245623298,-0.012250187289275294,0.002750849403565736,0.114587180386307,0.001508249413698325,-0.05475372207506342,-1.410003662109375,174.44000244140625
2026-07-22,174.77000427246094,174.9600067138672,173.4199981689453,174.44000244140625,172.4702606201172,5057035,-0.003029083703487867,174.704500579834,184.8379998779297,176.5616948309522,183.1528535235169,50.99638156894507,0.012455209675772634,-2.1635496899537827,-2.966517211007688,0.8029675210539051,-0.0012023559256612026,-0.0002292141627242561,-0.5544689442246906,-0.0015139743827427814,-0.05625465241665925,-0.529998779296875,174.82000732421875
2026-07-23,173.80999755859375,175.55999755859375,173.30999755859375,174.82000732421875,172.84597778320312,9055905,0.002178427410536976,174.69550094604492,184.5683999633789,176.39581983031093,182.8260752411915,46.90875058493215,0.012446609696563164,-2.064217342129865,-2.7860572372321237,0.7218398951022587,-0.01642848024474497,-0.0010285295758928337,0.7907538705980877,0.000712705121194208,-0.052817235459018896,0.3800048828125,177.1199951171875
2026-07-24,174.0,177.89999389648438,172.8000030517578,177.1199951171875,175.1199951171875,13282944,0.01315631905164727,174.8015007019043,184.31079986572266,176.46478890525154,182.60230739319135,56.69212714093365,0.012788345914182873,-1.7793941990437645,-2.584724629594452,0.8053304305506876,0.006363608620383543,0.012114257812499973,0.46677157059399366,0.013263584156734528,-0.03901455993774607,2.29998779296875,178.52999877929688
2026-07-27,177.5,178.77999877929688,175.61000061035156,178.52999877929688,178.52999877929688,12504426,0.007960725502371924,174.9540008544922,184.03799987792968,176.66147555992254,182.44260901617588,63.160390787501306,0.012885500371086154,-1.4234852426793339,-2.3524767522114285,0.9289915095320946,0.012189555714735567,0.01738091592213986,-0.05861035023561045,0.02043964646329414,-0.02992860769127136,1.410003662109375,181.1199951171875
2026-07-28,178.5500030517578,181.6999969482422,178.5500030517578,181.1199951171875,181.1199951171875,26873060,0.014507345295467378,175.49050064086913,183.75699981689453,177.08609647013824,182.39074180445087,68.0102728521887,0.011114803201391571,-0.9218077457224183,-2.0663429509136266,1.1445352051912083,0.03514884753716685,0.06297315432815798,1.1490838523895457,0.032078627935758164,-0.01435049931341222,2.589996337890625,183.61000061035156
2026-07-29,183.0,185.75999450683594,181.4499969482422,183.61000061035156,183.61000061035156,26147867,0.013747822218927341,176.16450042724608,183.4867999267578,177.70742067396807,182.4385558752705,71.05160628682948,0.011302176630044741,-0.31961772733313865,-1.7169979061975291,1.3973801788643905,0.05256820706606846,0.07923349991569228,-0.026985873584921105,0.04226447533440704,0.000671441671242449,2.4900054931640625,186.3300018310547
2026-07-30,183.39999389648438,191.33999633789062,183.39999389648438,186.3300018310547,186.3300018310547,54015268,0.014814014550740051,176.78100051879883,183.21859985351563,178.52861887940492,182.59116159902675,71.07404326418464,0.010729890543399465,0.3728060907468205,-1.2990371068086595,1.67184319755548,0.0658391146585966,0.07086207948881995,1.065761922377837,0.05401599314537433,0.016981911116156573,2.720001220703125,183.64999389648438
2026-07-31,184.85000610351562,185.24000549316406,180.8300018310547,183.64999389648438,183.64999389648438,18762810,-0.01438312621818294,177.1595001220703,182.82939971923827,179.01636888103153,182.63268443422118,60.235284261924285,0.011239661768892257,0.6972650749092963,-0.8997766704650684,1.5970417453743648,0.03686765446767559,0.04299177638976248,-0.6526387687273902,0.03663644213232618,0.004488305373786993,-2.6800079345703125,188.66000366210938
2026-08-03,184.02000427246094,189.80999755859375,184.02000427246094,188.66000366210938,188.66000366210938,15840516,0.02728020654576735,177.87649993896486,182.46579986572266,179.93481028875323,182.86904989413836,69.71250127286922,0.012168907619415074,1.3431836896743903,-0.4511845984371766,1.794368288111567,0.05674119168810088,0.08226248127227054,-0.15574927209730316,0.06062354345202816,0.03394720435799507,5.010009765625,186.3000030517578
2026-08-04,189.0,189.39999389648438,186.3000030517578,186.3000030517578,186.3000030517578,11903457,-0.012509278938520163,178.54150009155273,182.11720001220704,180.5410191233251,183.0035970767901,70.02404999881979,0.012463175889783034,1.6456761888534857,-0.031812440979044176,1.6774886298325298,0.028599867900939158,0.0768786303569815,-0.24854360804913178,0.04345489959604161,0.0229676441284536,-2.3600006103515625,186.99000549316406
2026-08-05,187.0,188.5399932861328,186.07000732421875,186.99000549316406,186.99000549316406,8829250,0.0037037167477369515,179.25500030517577,181.82540008544922,181.155208301405,183.1599268186087,67.32856608722597,0.01239841032759378,1.9189605218398356,0.35834215158473176,1.5606183702551037,0.018408609942687004,0.08261929233214049,-0.25826169658108566,0.043150847534627765,0.028404202082259838,0.69000244140625,186.1199951171875
2026-08-06,186.0,188.24000549316406,185.41000366210938,186.1199951171875,186.1199951171875,6629768,-0.004652710574995722,179.92300033569336,181.51619995117187,181.62804514100333,183.2760079283569,69.59717328687546,0.012525033320755411,2.0418011456476393,0.6950339503973133,1.346767195250326,-0.0011270687050043415,0.07733272189831486,-0.24911311832828387,0.034442482450448404,0.02536299882464517,-0.8700103759765625,187.52999877929688
2026-08-07,185.8699951171875,188.3699951171875,185.64999389648438,187.52999877929688,187.52999877929688,7823102,0.00757577745057203,180.52649993896483,181.1817999267578,182.19013596369797,183.442831098982,70.76346124557013,0.012251398782814484,2.2272543351166405,1.0014780273411787,1.2257763077754618,0.021127171313708226,0.06879055969211789,0.17999634376346196,0.03879485196189974,0.03503772925925954,1.410003662109375,185.5
2026-08-10,187.52999877929688,187.88999938964844,185.0,185.5,185.5,5337618,-0.010824928238206688,180.88000030517577,180.76359985351561,182.50536111001244,183.523504389218,69.16633893914045,0.012210577800491604,2.185233377689883,1.2382290974109198,0.9470042802789633,-0.016749727556292004,0.039623424392923656,-0.31771080065171076,0.025541793935368717,0.026202178703691424,-2.029998779296875,184.60000610351562
2026-08-11,185.5,187.47999572753906,183.30999755859375,184.60000610351562,184.60000610351562,9182421,-0.0048517191185141195,181.25300064086915,180.25880004882814,182.7048511093937,183.56572014271987,68.24711541201978,0.01212711013077728,2.055613645767721,1.4017060070822802,0.653907638685441,-0.00912505056572599,0.042113620523717366,0.7203218739145438,0.018465931326997254,0.024083185139985138,-0.899993896484375,183.94000244140625
2026-08-12,184.50999450683594,185.0,181.91000366210938,183.94000244140625,183.94000244140625,8624548,-0.0035753176613616544,181.71750106811524,179.85559997558593,182.82248456958538,183.58039787992328,66.21619275110507,0.011605870688194308,1.8779840634294658,1.4969616183517176,0.3810224450777482,-0.01631104851681131,0.05319214926756932,-0.06075445680392999,0.012230530137314207,0.02270934275260123,-0.660003662109375,183.10000610351562
2026-08-13,183.49000549316406,183.75,181.72000122070312,183.10000610351562,183.10000610351562,5434084,-0.00456668656486614,181.98550109863282,179.43119995117186,182.84891519186448,183.56155898673083,61.215310051785956,0.011146454371736206,1.6504058045756835,1.5276504555965107,0.12275534897917284,-0.01622603209166429,0.03015641073870512,-0.36992825595034085,0.006124141748406428,0.020446868511954135,-0.839996337890625,184.0
2026-08-14,183.5500030517578,185.83999633789062,183.10000610351562,184.0,184.0,7366162,0.0049153133068469135,182.3855010986328,179.14380004882813,182.9585423164488,183.57875275195707,60.45888358284202,0.010840200999274123,1.525090091465927,1.5271383827703942,-0.0020482913044672646,-0.01882364849504059,0.045454545454545414,0.3555480555692552,0.00885212306703091,0.02710783152890722,0.899993896484375,181.89999389648438
2026-08-17,183.5,183.7100067138672,181.0,181.89999389648438,181.89999389648438,4436515,-0.011413076649541387,182.6615005493164,179.1466000366211,182.8577281812141,183.5129190713503,51.51987088917115,0.01126471140751445,1.2420064664815982,1.470111999512635,-0.22810553303103687,-0.01940704098930257,0.03129600215931161,-0.39771688431506125,-0.004168949945894198,0.015369501063935526,-2.100006103515625,178.05999755859375
2026-08-18,181.89999389648438,181.99000549316406,178.05999755859375,178.05999755859375,178.05999755859375,7074731,-0.021110480850680458,182.81600036621094,179.07440002441408,182.40080145525027,183.29907901202654,39.726031266647794,0.01219609402941206,0.6997388875712147,1.3160373771243512,-0.6162984895531365,-0.03542799744683933,0.017660149261775393,0.5946595469642275,-0.026015243731895055,-0.005664698391741235,-3.839996337890625,179.5500030517578
2026-08-19,179.05999755859375,179.9499969482422,178.22000122070312,179.5500030517578,179.5500030517578,5964187,0.008367996819014678,183.0715003967285,179.08680023193358,182.12929684539387,183.15205642534934,36.85028883943368,0.012266633907670686,0.3857719760553948,1.12998429691056,-0.7442123208551652,-0.02386647456442681,0.02929374305683119,-0.15697331813746696,-0.019235639284866136,0.002586471025359451,1.4900054931640625,181.0
2026-08-20,181.55999755859375,182.4600067138672,180.50999450683594,181.0,181.0,5364164,0.008075727783887654,183.38050003051757,179.15940032958986,182.02174476488017,183.0676620557278,44.60286778004985,0.012353963675579272,0.2510595144590866,0.9541993404202653,-0.7031398259611787,-0.01146917549706905,0.035350603002320735,-0.10060432377455641,-0.012981205908596671,0.010273531095907281,1.4499969482421875,180.7899932861328
2026-08-21,180.60000610351562,181.75999450683594,180.0,180.7899932861328,180.7899932861328,4637869,-0.0011602580876640678,183.56399993896486,179.17240020751953,181.90443510023755,182.9783417118221,30.075938492061965,0.012073565000462153,0.12590181364683417,0.7885398350655791,-0.662638021418745,-0.017445688662321657,0.020720405770772166,-0.13539761275009488,-0.015111931826253523,0.009028137574424227,-0.2100067138671875,181.30999755859375
2026-08-24,181.0,183.9199981689453,180.55999755859375,181.30999755859375,181.30999755859375,9441129,0.0028762890191491586,183.7029998779297,179.17100006103516,181.84782200103336,182.9129164509112,36.06923444580666,0.011974515119077336,0.06789082974640337,0.644410034001744,-0.5765192042553406,-0.003243520383108822,0.015571605883073936,1.0356609899934646,-0.013026473824195002,0.011938301939655052,0.5200042724609375,180.08999633789062
2026-08-25,181.2899932861328,181.2899932861328,178.38999938964844,180.08999633789062,180.08999633789062,8352475,-0.006728813838899672,183.65149993896483,179.11940002441406,181.680410033115,182.802213701381,31.29066558542307,0.011635626860229113,-0.07565509068459164,0.5003970090644769,-0.5760520997490686,0.011400644766542012,-0.005686830869393811,-0.11530972619905944,-0.019392728086935557,0.005418711280543982,-1.220001220703125,177.35000610351562
2026-08-26,180.08999633789062,180.9499969482422,176.66000366210938,177.35000610351562,177.35000610351562,9355776,-0.01521456099779217,183.33850021362304,178.9770001220703,181.2679906112484,182.5884016387196,28.409674869800668,0.011607864135291381,-0.4058323964346755,0.31915112796464645,-0.7249835243993219,-0.012252837153157836,-0.03409397356367638,0.12012020389166089,-0.032663592770365825,-0.009090520108421754,-2.739990234375,176.39999389648438
2026-08-27,177.35000610351562,178.6999969482422,176.39999389648438,176.39999389648438,176.39999389648438,4695019,-0.005356708059410797,182.84199981689454,178.8482000732422,180.80437187650895,182.34571898216137,21.96473183743437,0.0109584630637499,-0.7356778986922734,0.1081853226332625,-0.8438632213255359,-0.025414398361964796,-0.0532925875435446,-0.49816893863213485,-0.03523263761532611,-0.013688738135218741,-0.95001220703125,180.9499969482422
2026-08-28,178.25,181.85000610351562,178.25,180.9499969482422,180.9499969482422,14686269,0.02579366898633717,182.7069999694824,178.85119995117188,180.81824093095975,182.2909847847528,39.830127533950275,0.012300102642829632,-0.6227568618741941,-0.03800311426822882,-0.5847537476059653,0.0008850249906040553,-0.01470186244473315,2.1280531559084213,-0.009616506327254542,0.011734877918869435,4.5500030517578125,184.5
2026-08-31,180.1699981689453,184.5,176.1699981689453,184.5,184.5,16666567,0.01961869638921976,182.49899978637694,178.93760009765626,181.16888465182075,182.37761283240957,49.80014783083858,0.011475508707353073,-0.2439978931514304,-0.07920207004486914,-0.16479582310656127,0.017594189423422835,-0.022050268108549154,0.13484010132185387,0.010964444824165155,0.031085696350616244,3.5500030517578125,181.6999969482422
2026-09-01,181.0,182.10000610351562,178.5,181.6999969482422,181.6999969482422,6813425,-0.015176168302210358,182.26899948120118,179.0817999267578,181.21946677528945,182.35103966048143,45.87628141996529,0.011630103140858846,-0.16783087741885083,-0.09692783151966548,-0.07090304589918535,0.008939978028156714,-0.024691390381983314,-0.5911920553284908,-0.003121773502781946,0.014620117859856148,-2.8000030517578125,177.08999633789062
2026-09-02,180.0,180.38999938964844,176.8000030517578,177.08999633789062,177.08999633789062,12056634,-0.025371495254701282,181.7739990234375,179.13399993896485,180.82618387648958,182.14472423606614,40.284504916059454,0.012750093809565684,-0.4739925989393612,-0.1723407850036046,-0.3016518139357566,-0.001466082642665567,-0.05294405510692046,0.7695408696800801,-0.025768276600125532,-0.01141047261698317,-4.6100006103515625,175.72000122070312
2026-09-03,177.5,178.0399932861328,175.72000122070312,175.72000122070312,175.72000122070312,6496396,-0.00773615193132382,181.25399932861328,179.1483999633789,180.33988076641467,181.89277431389505,36.815298819339965,0.012794290803492004,-0.8177486282944528,-0.3014223536617743,-0.5163262746326786,-0.0038548338963111384,-0.05587789689085354,-0.4611766434976794,-0.03053172966339363,-0.01913719990452939,-1.3699951171875,176.39999389648438
2026-09-04,176.74000549316406,178.75,176.39999389648438,176.39999389648438,176.39999389648438,6882678,0.0038697511441920796,180.69749908447267,179.17639984130858,179.9646534454689,181.6773711602711,40.827221506843046,0.012662369796434949,-1.0235096500539953,-0.44583981294021846,-0.5776698371137768,-0.025145084987535316,-0.059350530343208474,0.05946096882025054,-0.02378287032063067,-0.0154953774452617,0.67999267578125,172.8000030517578
2026-09-07,175.88999938964844,176.47000122070312,172.64999389648438,172.8000030517578,172.8000030517578,10720636,-0.020408112070792517,180.06249923706054,179.12279998779297,179.28230578892502,181.3292390775843,41.15670219354031,0.013146964171403855,-1.4602332569941723,-0.6487185017510093,-0.811514755243163,-0.0634146176056487,-0.0684635954083137,0.5576256800042076,-0.04033319661825483,-0.035298671841139447,-3.5999908447265625,171.5
2026-09-08,172.8000030517578,172.89999389648438,171.1300048828125,171.5,171.5,6948945,-0.007523165675919707,179.40749893188476,179.145,178.5411338090274,180.9437787216006,36.37901485550109,0.013175413841640692,-1.889458739415204,-0.8968665492838482,-0.9925921901313558,-0.05613647286492629,-0.07096427773772507,-0.3518159743507755,-0.04407563217235965,-0.04267492813084379,-1.3000030517578125,167.0
2026-09-09,168.6999969482422,169.14999389648438,166.3699951171875,167.0,167.0,12001620,-0.026239067055393583,178.56049880981445,179.08239990234375,177.44197820816765,180.39696386977315,28.527611382118394,0.014115097246644615,-2.5631885761904982,-1.2301309546651784,-1.3330576215253198,-0.056976659023916576,-0.09209526050105632,0.7271139719770412,-0.06474275602314253,-0.06746838276085457,-4.5,166.3000030517578
2026-09-10,167.89999389648438,169.19000244140625,166.0,166.3000030517578,166.3000030517578,9586645,-0.004191598492468196,177.72049865722656,178.9283999633789,176.38083771708102,179.84414187690982,28.1051800574199,0.014115566954594014,-3.1176696740800196,-1.6076386985481466,-1.510030975531873,-0.05360800195484783,-0.09175315396909345,-0.20122075186516486,-0.06426099235460568,-0.07057793460515896,-0.6999969482421875,167.39999389648438
2026-09-11,165.1999969482422,167.75,165.16000366210938,167.39999389648438,167.39999389648438,8484897,0.006614496840293027,176.89049835205077,178.7547998046875,175.52551925797655,179.3561360737559,29.343613420852748,0.014181481017707312,-3.4288146301226163,-1.9718738848630406,-1.4569407452595757,-0.05102040992859336,-0.09021742447562842,-0.11492529451127065,-0.053651861145634944,-0.06352168400853969,1.0999908447265625,167.39999389648438
2026-09-14,167.39999389648438,167.39999389648438,167.39999389648438,167.39999389648438,167.39999389648438,0,0.0,176.16549835205078,178.6163995361328,174.7516596997392,178.8872677530786,30.446826499241524,0.014123280777576758,-3.633514357732963,-2.304201979437025,-1.329312378295938,-0.031250052430010666,-0.0797141313168579,-1.0,-0.049757214310201275,-0.06279605718611202,0.0,170.0
2026-09-15,172.1999969482422,173.35000610351562,169.00999450683594,170.0,170.0,11722173,0.015531697719913806,175.7624984741211,178.5563995361328,174.29912068071644,178.5387474490363,38.6258021372696,0.014170251241783236,-3.5450761718738875,-2.5523768179243977,-0.9926993539494897,-0.008746355685131157,-0.04526562770473741,inf,-0.03278571096876816,-0.04791987046312122,2.600006103515625,166.88999938964844
2026-09-16,170.02000427246094,170.88999938964844,166.11000061035156,166.88999938964844,166.88999938964844,11030339,-0.018294121237362182,175.12949829101564,178.4397994995117,173.5934900815671,178.08193379964854,36.20539834663184,0.014374621707466563,-3.683478483244585,-2.778597150988435,-0.9048813322561498,-0.0006586862895303636,-0.07050962654932369,-0.05901926204296759,-0.04704803577793322,-0.06472659206218664,-3.1100006103515625,166.39999389648438
2026-09-17,165.75,167.60000610351562,165.02000427246094,166.39999389648438,166.39999389648438,9129514,-0.0029360985976158993,174.39949798583984,178.31259948730468,172.9083952067973,177.62381850932837,26.07693423163363,0.014114381694750738,-3.789025137098008,-2.9806827482103495,-0.8083423888876586,0.0006012678466122967,-0.08066301714649515,-0.1723269792524056,-0.045868848143157955,-0.06680742485428488,-0.4900054931640625,166.8300018310547
2026-09-18,166.89999389648438,166.89999389648438,163.3000030517578,166.8300018310547,166.8300018310547,23606474,0.0025841823938876907,173.70149841308594,178.13999938964844,172.32950059958372,177.20053158076863,17.625499237619493,0.014180131929261005,-3.7942359835177797,-3.143393395271836,-0.6508425882459439,-0.003404970646427641,-0.0772166158166947,1.585731726792905,-0.03955922455942145,-0.06348937687967099,0.4300079345703125,
